year,code,station,state,section_title,pH,conductivity_uScm,BOD_mg_L,DO_mg_L,nitrate_mg_L,waterbody,date
2020,1001,BEAS AT U/S MANALI,HIMACHAL PRADESH,Beas,7.8,90.0,,10.1,,BEAS,2020-06-30
2020,4444,RIVER BEAS D/S OF WPF AT MANALI,HIMACHAL PRADESH,Beas,7.35,70.5,,9.3,,BEAS,2020-06-30
2020,4037,RIVER BEAS D/S MANALSU NALLAH,HIMACHAL PRADESH,Beas,7.35,452.0,,9.95,,BEAS,2020-06-30
2020,2601,BEAS AT D/S MANALI,HIMACHAL PRADESH,Beas,7.35,393.0,,9.65,,BEAS,2020-06-30
2020,2602,BEAS AT U/S KULLU,HIMACHAL PRADESH,Beas,7.6,488.5,,9.55,,BEAS,2020-06-30
2020,4445,RIVER BEAS D/S OF WPF AT KULLU,HIMACHAL PRADESH,Beas,7.6,99.5,,9.35,,BEAS,2020-06-30
2020,1002,BEAS AT D/S KULU,HIMACHAL PRADESH,Beas,7.65,110.5,,9.25,,BEAS,2020-06-30
2020,1003,BEAS AT D/S AUT,HIMACHAL PRADESH,Beas,7.449999999999999,96.0,,9.15,,BEAS,2020-06-30
2020,1004,BEAS AT U/S PANDON DAM,HIMACHAL PRADESH,Beas,7.55,107.5,,9.05,,BEAS,2020-06-30
2020,2603,BEAS AT D/S PANDOH DAM,HIMACHAL PRADESH,Beas,7.8,114.0,,9.350000000000001,,BEAS,2020-06-30
2020,1005,BEAS AT EXIT OF TUNNEL DEHAL POWER HOUSE,HIMACHAL PRADESH,Beas,7.95,144.5,,8.899999999999999,,BEAS,2020-06-30
2020,1550,BEAS U/S MANDI,HIMACHAL PRADESH,Beas,7.6499999999999995,123.5,,9.100000000000001,,BEAS,2020-06-30
2020,1006,BEAS AT D/S MANDI,HIMACHAL PRADESH,Beas,7.949999999999999,822.0,,9.4,,BEAS,2020-06-30
2020,2604,BEAS AT D/S JAISINGHPUR,HIMACHAL PRADESH,Beas,7.949999999999999,245.0,,8.85,,BEAS,2020-06-30
2020,1007,BEAS AT D/S ALAMPUR,HIMACHAL PRADESH,Beas,7.85,247.5,,9.05,,BEAS,2020-06-30
2020,3855,"BEAS D/S NADAUN BRIDGE, VILL BHADOLI",HIMACHAL PRADESH,Beas,7.85,254.5,,8.7,,BEAS,2020-06-30
2020,1009,BEAS AT D/S PONG DAM,HIMACHAL PRADESH,Beas,7.4,240.5,,7.199999999999999,,BEAS,2020-06-30
2020,1008,BEAS AT D/S DEHRAGOPIPUR,HIMACHAL PRADESH,Beas,7.85,248.5,,8.95,,BEAS,2020-06-30
2020,4435,RIVER BEAS U/S SUJANPUR TIHRA,HIMACHAL PRADESH,Beas,7.6499999999999995,257.5,,9.0,,BEAS,2020-06-30
2020,4436,RIVER BEAS D/S SUJANPUR TIHRA,HIMACHAL PRADESH,Beas,8.05,317.5,,8.899999999999999,,BEAS,2020-06-30
2020,4437,RIVER BEAS U/S NADAUM TOWN,HIMACHAL PRADESH,Beas,7.800000000000001,393.0,,9.05,,BEAS,2020-06-30
2020,4438,RIVER BEAS D/S NADAUN TOWN AFTER CONFLUENCE OF MAAN KHAD,HIMACHAL PRADESH,Beas,7.9,249.5,,8.85,0.8250000000000001,BEAS,2020-06-30
2020,4443,RIVER BEAS AT RAISON,HIMACHAL PRADESH,Beas,7.6,94.0,,10.0,,BEAS,2020-06-30
2020,30083,BEAS AT TALWARA (PONG DAM),INTER-STATE,Beas,8.1,194.0,1.0,9.2,,BEAS,2020-06-30
2020,30084,"BEAS AT D/S CHANGARWA VILLAGE, (PUNJAB)",INTER-STATE,Beas,7.2,244.0,1.0,8.1,,BEAS,2020-06-30
2020,1693,"BEAS AT TALWARA H/W, PUNJAB",PUNJAB,Beas,7.8,211.0,1.2,7.4,,BEAS,2020-06-30
2020,1694,"BEAS AT U/S PATHANKOT, PUNJAB",PUNJAB,Beas,7.65,306.5,1.2,7.3,0.65,BEAS,2020-06-30
2020,1010,"BEAS AT MIRTHAL BRIDGE, GURDASPUR",PUNJAB,Beas,7.8,298.0,1.25,7.65,0.6000000000000001,BEAS,2020-06-30
2020,1695,"BEAS D/S PATHANKOT, PUNJAB",PUNJAB,Beas,7.75,311.0,1.35,7.3,0.65,BEAS,2020-06-30
2020,1294,"BEAS AT 1KM.D/S OF EFFL. DISH. POINT AT MUKERIAN ,",PUNJAB,Beas,7.8,291.5,1.3,7.0,0.65,BEAS,2020-06-30
2020,4164,"BEAS RIVER, NR VILL KIRI AFGHANA, TEHSIL BATALA, GURDASPUR",PUNJAB,Beas,7.85,267.0,1.2,7.3500000000000005,0.7,Beas,2020-06-30
2020,1012,BEAS AT 100M D/S INDUST. DISCH. GOINDWAL,PUNJAB,Beas,7.85,233.5,1.15,7.95,,BEAS,2020-06-30
2020,1696,"BEAS U/S GOINDWAL, PUNJAB",PUNJAB,Beas,7.949999999999999,229.0,1.15,4.6000000000000005,,BEAS,2020-06-30
2020,1697,"BEAS AT HARIKE, PUNJAB",PUNJAB,Beas,7.949999999999999,236.0,1.1,8.2,,BEAS,2020-06-30
2020,3866,MANALSU NALLAH BEFORE CONFLUENCE TO RIVER BEAS,HIMACHAL PRADESH,Beas,7.75,229.5,,10.0,,Beas,2020-06-30
2020,3867,SARVARI NALLAH BEFORE CONFLUENCE TO RIVER BEAS,HIMACHAL PRADESH,Beas,7.4,153.0,,9.7,0.46499999999999997,Beas,2020-06-30
2020,3868,BARAGRAM NALLAH BEFORE CONFLUENCE TO RIVER BEAS,HIMACHAL PRADESH,Beas,7.5,74.5,,10.05,0.515,Beas,2020-06-30
2020,1867,"SUTLEJ RIVER B/C WITH RIVER SPITI AT KHAB, DISTT. KINNAUR",HIMACHAL PRADESH,Sutlej,7.800000000000001,2691.0,,9.25,,B/C WITH RIVER SPITI,2020-06-30
2020,2611,SUTLEJ AT KHAB,HIMACHAL PRADESH,Sutlej,7.800000000000001,1853.0,,9.3,,SUTLEJ,2020-06-30
2020,3872,SUTLEJ RIVER D/S TIDONG HEP,HIMACHAL PRADESH,Sutlej,8.0,2035.5,,8.6,,RIVER,2020-06-30
2020,4448,RIVER SUTLEJ U/S CONFLUENCES OF RIVER TIDONG HIMACHAL PRADESH,nan,Sutlej,7.95,2332.5,,8.75,,SUTLEJ,2020-06-30
2020,4449,RIVER SUTLEJ D/S CONFLUENCES OF RIVER TIDONG HIMACHAL PRADESH,nan,Sutlej,8.1,2286.5,,8.65,,SUTLEJ,2020-06-30
2020,4452,RIVER SUTLEJ U/S CONFLUENCES OF RIVER BASPA,HIMACHAL PRADESH,Sutlej,8.1,2167.5,,9.05,,SUTLEJ,2020-06-30
2020,3871,SUTLEJ RIVER D/S POWER HOUSE KASHANG HEP,HIMACHAL PRADESH,Sutlej,7.95,2331.5,,8.6,,RIVER,2020-06-30
2020,3870,RIVER SUTLEJ AT KARCHAM DRAIN,HIMACHAL PRADESH,Sutlej,8.2,2152.0,,8.5,,SUTLEJ,2020-06-30
2020,1389,SUTLEJ AT NEPTHA ZAKHAI,HIMACHAL PRADESH,Sutlej,7.800000000000001,1929.5,,8.5,,SUTLEJ,2020-06-30
2020,3869,SUTLEJ RIVER D/S TRT OF RAMPUR HYDEL ELECTRIC PROJECT,HIMACHAL PRADESH,Sutlej,7.85,1986.5,,8.45,0.66,RIVER,2020-06-30
2020,1086,SUTLEJ AT U/S RAMPUR,HIMACHAL PRADESH,Sutlej,7.9,1537.5,,8.75,,SUTLEJ,2020-06-30
2020,1087,SUTLEJ AT D/S RAMPUR,HIMACHAL PRADESH,Sutlej,7.75,1953.0,,7.1,,SUTLEJ,2020-06-30
2020,1013,SUTLEJ AT U/S TATAPANI,HIMACHAL PRADESH,Sutlej,7.9,1951.5,,8.45,,SUTLEJ,2020-06-30
2020,4446,RIVER SUTLEJ U/S IANDFILL SITE RAMPUR,HIMACHAL PRADESH,Sutlej,7.9,1934.5,,8.8,,SUTLEJ,2020-06-30
2020,4447,RIVER STLUJ D/S LANDFILL SITE RAMPUR,HIMACHAL PRADESH,Sutlej,7.95,1952.0,,8.65,,STLUJ,2020-06-30
2020,1014,SUTLEJ AT U/S SLAPPER,HIMACHAL PRADESH,Sutlej,7.9,153.0,,8.95,,SUTLEJ,2020-06-30
2020,1015,SUTLEJ AT D/S SLAPPER,HIMACHAL PRADESH,Sutlej,7.85,145.0,,8.55,,SUTLEJ,2020-06-30
2020,1016,SUTLEJ AT D/S BHAKHRA,HIMACHAL PRADESH,Sutlej,7.6499999999999995,223.5,,8.75,,SUTLEJ,2020-06-30
2020,4032,U/S KHAIRIAN SOLID WASTE DUMPING SITE BILASPUR,HIMACHAL PRADESH,Sutlej,8.15,241.5,,8.65,,Sutlej,2020-06-30
2020,4033,D/S KHAIRIAN SOLID WASTE DUMPING SITE BILASPUR,HIMACHAL PRADESH,Sutlej,7.8500000000000005,286.5,,9.399999999999999,,Sutlej,2020-06-30
2020,4451,RIVER SUTLEJ D/S CONFLUENCE WITH GANVI KHAD HIMACHAL PRADESH,nan,Sutlej,8.0,1975.0,,9.100000000000001,,SUTLEJ,2020-06-30
2020,30009,SUTLEJ AT NANGAL (H.P.),INTER-STATE,Sutlej,7.5,1047.0,1.2,9.55,0.51,SUTLEJ,2020-06-30
2020,30010,SUTLEJ AT NOORPUR BEDI ROAD (PUNJAB),INTER-STATE,Sutlej,7.699999999999999,1054.5,1.0,9.45,0.41000000000000003,SUTLEJ,2020-06-30
2020,30087,"RIVER SUTLEJ U/S AT OLINDA, NEAR BHAKRA DAM, H.P.",INTER-STATE,Sutlej,7.1,181.0,1.0,8.9,,SUTLEJ,2020-06-30
2020,1814,"SUTLEJ AT D/S KIRATPUR SAHIB, PUNJAB",PUNJAB,Sutlej,7.85,250.0,1.0,8.8,1.895,SUTLEJ,2020-06-30
2020,2915,"SUTLEJ AT 100 MT. D/S OF PACL, NANGAL, PUNJAB",PUNJAB,Sutlej,8.0,286.5,1.1,8.9,1.9049999999999998,SUTLEJ,2020-06-30
2020,1380,"SUTLEJ AT D/S NFL, PUNJAB",PUNJAB,Sutlej,8.95,283.0,1.0,8.95,2.1,SUTLEJ,2020-06-30
2020,10020,RIVER SUTLEJ AT ANANDPUR SAHIB,PUNJAB,Sutlej,8.100000000000001,297.0,1.0,8.8,2.59,SUTLEJ,2020-06-30
2020,10021,RIVER SUTLEJ AT BUNGA SAHIB,PUNJAB,Sutlej,8.05,230.5,1.1,8.95,1.58,SUTLEJ,2020-06-30
2020,10022,RIVER SUTLEJ AT PHILLAUR U/S,PUNJAB,Sutlej,7.2,276.0,2.5,6.9,,SUTLEJ,2020-06-30
2020,10023,RIVER SUTLEJ AT PHAGWARA U/S (CHAHERU BRIDGE),PUNJAB,Sutlej,7.15,839.5,9.8,2.6,0.56,SUTLEJ,2020-06-30
2020,10024,RIVER SUTLEJ AT PHAGWARA D/S (KANGANIWAL BRIDGE),PUNJAB,Sutlej,7.25,1053.5,15.0,0.65,1.2000000000000002,SUTLEJ,2020-06-30
2020,10027,RIVER SUTLEJ AT LUDHIANA U/S,PUNJAB,Sutlej,7.85,301.0,1.2,7.4,2.275,SUTLEJ,2020-06-30
2020,10028,RIVER SUTLEJ AT LUDHIANA D/S,PUNJAB,Sutlej,7.2,731.0,14.5,3.55,290.1,SUTLEJ,2020-06-30
2020,1017,"SUTLEJ AT 100M U/S OF HEADWORKS, NANGAL",PUNJAB,Sutlej,7.800000000000001,270.5,1.0,8.85,1.72,SUTLEJ,2020-06-30
2020,1018,"SUTLEJ AT 100M D/S , NANGAL",PUNJAB,Sutlej,7.9,244.5,1.0,9.05,1.8050000000000002,SUTLEJ,2020-06-30
2020,1293,"SUTLEJ AT 1 KM. D/S OF ZENITH, PUNJAB",PUNJAB,Sutlej,7.9,312.5,1.0,8.2,1.88,SUTLEJ,2020-06-30
2020,1019,SUTLEJ AT U/S HEAD WORKS ROPAR,PUNJAB,Sutlej,7.95,277.0,1.3,8.3,2.19,SUTLEJ,2020-06-30
2020,1690,"SUTLEJ AT U/S BUDHA NALLAH (UPPER), PUNJAB",PUNJAB,Sutlej,7.7,328.5,2.0,7.65,1.9500000000000002,SUTLEJ,2020-06-30
2020,1020,"SUTLEJ AT 100M D/S BUDHA NALA CONFL., LUDHIANA",PUNJAB,Sutlej,7.1,858.0,21.5,2.1999999999999997,3.6799999999999997,SUTLEJ,2020-06-30
2020,1022,"SUTLEJ AT BRIDGE HARIKE, AMRITSAR",PUNJAB,Sutlej,7.5,351.0,2.7,5.65,2.42,SUTLEJ,2020-06-30
2020,10025,RIVER SUTLEJ AT JALANDHAR U/S (PEERU SHAH KA DARGA,PUNJAB,Sutlej,7.25,1092.0,55.0,0.3,2.0,SUTLEJ,2020-06-30
2020,1021,"SUTLEJ AT BOAT BDG. DHARMKOTNAKODAR ROAD, JALANDHAR",PUNJAB,Sutlej,7.55,467.0,7.9,3.8,1.75,SUTLEJ,2020-06-30
2020,1381,"SUTLEJ AT D/S EAST BEIN, PUNJAB",PUNJAB,Sutlej,7.45,613.0,8.6,2.9499999999999997,1.8800000000000001,SUTLEJ,2020-06-30
2020,1691,"SUTLEJ AT U/S HUSSANIWALA - H/W FEROZEPUR, PUNJAB",PUNJAB,Sutlej,8.0,248.0,1.2,9.0,1.7750000000000001,SUTLEJ,2020-06-30
2020,1692,"SUTLEJ AT D/S HUSSANIWALA-H/W FEROZEPUR, PUNJAB",PUNJAB,Sutlej,7.95,248.5,1.25,9.0,1.7,SUTLEJ,2020-06-30
2020,1088,RAVI AT U/S MADHOPUR,HIMACHAL PRADESH,Sutlej,7.4,191.5,,7.95,,RAVI,2020-06-30
2020,1089,RAVI AT U/S CHAMBA,HIMACHAL PRADESH,Sutlej,7.65,191.0,,8.75,,RAVI,2020-06-30
2020,2614,RAVI AT CHAMERA RESERVOIR,HIMACHAL PRADESH,Sutlej,7.699999999999999,177.5,,8.75,,RAVI,2020-06-30
2020,2615,RAVI AT D/S AT CHAMERA III HEP,HIMACHAL PRADESH,Sutlej,7.65,202.0,,9.0,,RAVI,2020-06-30
2020,2613,RAVI AT D/S OF CHAMBA TOWN,HIMACHAL PRADESH,Sutlej,7.3,227.5,,8.65,,RAVI,2020-06-30
2020,30085,RAVI AT MADHOPUR (PUNJAB),INTER-STATE,Sutlej,7.8,159.0,1.0,8.1,,RAVI,2020-06-30
2020,1097,"RAVI AT U/S OF MADHOPUR HEADWORKS, GURDASPUR, PUNJAB",PUNJAB,Sutlej,7.75,175.0,1.1,8.25,,RAVI,2020-06-30
2020,4059,"RANJIT SAGAR DAM, AT PANAGAR (BASOHIL)",JAMMU & KASHMIR,Sutlej,7.6,198.0,,7.6,,Sutlej,2020-06-30
2020,4082,"BAJU NALLAH AT KHOKHYAL NEAR BARAGE, CONFLUENCE POINT OF SAHAR-KHAD AND KATHUA CITY NALLAHS",JAMMU & KASHMIR,Sutlej,8.1,339.0,1.8,6.2,,NALLAH,2020-06-30
2020,4061,"RIVER RAVI AT LAKHANPUR, 1 km D/s FROM MADHOPUR BRIDGE",JAMMU & KASHMIR,Sutlej,7.8,264.0,,7.5,,RAVI,2020-06-30
2020,1290,PARVATI BEFORE CONF. TO RIVER BEAS,HIMACHAL PRADESH,Sutlej,7.15,67.0,,9.55,,Sutlej,2020-06-30
2020,2605,PARVATI AT U/S MANIKARAN,HIMACHAL PRADESH,Sutlej,7.5,480.5,,9.75,,PARVATI,2020-06-30
2020,2606,PARVATI AT D/S MANIKARAN,HIMACHAL PRADESH,Sutlej,7.199999999999999,63.0,,9.65,,PARVATI,2020-06-30
2020,1090,"LARGI AT D/S, DWADA",HIMACHAL PRADESH,Sutlej,7.65,456.5,,9.55,,LARGI,2020-06-30
2020,1551,"SIRSA RIVER , U/S SITOMAJRI NALLAHGARH",HIMACHAL PRADESH,Sutlej,7.3,602.5,,7.15,,Sutlej,2020-06-30
2020,1552,"SIRSA RIVER, D/S NALAGARH BRIDGE",HIMACHAL PRADESH,Sutlej,7.8,6387.0,,7.7,,Sutlej,2020-06-30
2020,1868,SIRSA RIVER AT D/S NALAGARH DISTT. SOLAN,HIMACHAL PRADESH,Sutlej,7.6499999999999995,834.5,1.9,7.85,,AT,2020-06-30
2020,2616,SIUEL AT D/S SURGANI,HIMACHAL PRADESH,Sutlej,7.6,187.5,,8.8,,SIUEL,2020-06-30
2020,2607,SUKETI KHAD AT D/S MANDI,HIMACHAL PRADESH,Sutlej,8.15,276.0,,9.05,,KHAD,2020-06-30
2020,2608,BINWA AT D/S PAPROLA/BAIJNATH,HIMACHAL PRADESH,Sutlej,7.75,128.5,,8.25,,BINWA,2020-06-30
2020,2609,NEUGAL AT D/S THURAL,HIMACHAL PRADESH,Sutlej,7.8,197.5,,8.85,,NEUGAL,2020-06-30
2020,2610,SPITI AT KHAB,HIMACHAL PRADESH,Sutlej,7.9,1628.5,,9.65,,SPITI,2020-06-30
2020,2612,BASPA AT U/S RESERVOIR BASPA PROJECT,HIMACHAL PRADESH,Sutlej,8.0,1894.5,,9.5,,BASPA,2020-06-30
2020,2755,"BANGANGA (BATHING GHAT), KATRA,",JAMMU & KASHMIR,Sutlej,8.45,330.0,2.6500000000000004,6.8,,Sutlej,2020-06-30
2020,2756,BANGANGA (IN FRONT OF PONY SHED NEAR REASI BRIDGE),JAMMU & KASHMIR,Sutlej,8.5,321.0,3.5,6.9,,SHED,2020-06-30
2020,2752,"BASANTER U/S (R.H.S) SAMBA (BELOW NH-1A BRIDGE),",JAMMU & KASHMIR,Sutlej,8.45,275.0,1.3,6.9,,BASANTER,2020-06-30
2020,2748,CHENAB AT L.H.S.(BELOW BRIDGE CHENAB),JAMMU & KASHMIR,Sutlej,7.949999999999999,153.0,,8.6,,CHENAB,2020-06-30
2020,2749,CHENAB AT BLIND CURVE SHAMSHAN GHAT (1.5 KM U/S FR,JAMMU & KASHMIR,Sutlej,7.9,154.0,,8.55,,CHENAB,2020-06-30
2020,2750,CHENAB RIVER AT CHADRA GAON VIEW POINT(4 KM U/S F,JAMMU & KASHMIR,Sutlej,7.85,155.5,,8.55,,RIVER,2020-06-30
2020,2751,CHENAB AT JAL PATAN MANDIR AFTER MEETING WITH MAIN DRAIN OF AKHNOOR CITY(1.5 KMD/S FROM SPOT),JAMMU & KASHMIR,Sutlej,8.149999999999999,144.0,,8.3,,CHENAB,2020-06-30
2020,2754,DEVAK RIVER UDHAMPUR(NEAR SHIV MANDIR D/S)L.H.S.,JAMMU & KASHMIR,Sutlej,7.6,485.0,5.1,5.85,1.0999999999999999,MANDIR,2020-06-30
2020,2757,DEVAK RIVER AT UTTERBEHNI,JAMMU & KASHMIR,Sutlej,8.7,393.0,,8.149999999999999,,RIVER,2020-06-30
2020,2742,TAWI AT SHETALI LIFTING POINT NAGROTA(5KM U/S TAWI,JAMMU & KASHMIR,Sutlej,7.8,193.0,,8.4,,TAWI,2020-06-30
2020,2743,TAWI AT BAGH-E-BAHU LIFTING POINT(1 KM U/S TAWI BRIDGE,JAMMU & KASHMIR,Sutlej,7.75,241.5,,8.15,,TAWI,2020-06-30
2020,1412,"TAWI AT JAMMU U/S, (TAWI BRIDGE )",JAMMU & KASHMIR,Sutlej,8.2,545.0,2.25,6.0,,TAWI,2020-06-30
2020,2744,TAWI BELOW TAWI BRIDGE,JAMMU & KASHMIR,Sutlej,7.949999999999999,247.0,2.15,7.35,,Sutlej,2020-06-30
2020,2745,TAWI BAGHWATI NAGAR (2KM D/S TAWI BRIDGE,JAMMU & KASHMIR,Sutlej,8.3,412.5,5.75,6.6,,Sutlej,2020-06-30
2020,2746,TAWI AT BELICHARANA(4KM D/S TAWI BRIDGE),JAMMU & KASHMIR,Sutlej,8.1,234.5,,7.85,,TAWI,2020-06-30
2020,2747,TAWI AT SURAJPUR CHATHA(10 KM D/S TAWI BRIDGE)BELO,JAMMU & KASHMIR,Sutlej,8.05,234.0,,8.05,,TAWI,2020-06-30
2020,1307,RIVER CHUNT KOL (MAULANA AZAD BRIDGE),JAMMU & KASHMIR,Sutlej,7.3,225.5,4.65,3.5,,Sutlej,2020-06-30
2020,1306,"RIVER GAWKADAL, SRG (SHERGHARI, SRG)",JAMMU & KASHMIR,Sutlej,7.55,228.0,2.85,5.4,,Sutlej,2020-06-30
2020,1304,RIVER JHELUM AT ANANTNAG D/S,JAMMU & KASHMIR,Sutlej,7.45,290.5,2.8,7.0,,JHELUM,2020-06-30
2020,1410,"RIVER JHELUM AT DALAGATE (INLET), SRINAGAR",JAMMU & KASHMIR,Sutlej,7.95,223.5,2.4,7.25,,JHELUM,2020-06-30
2020,1411,RIVER JHELUM AT CHATTABAL WEIR (OUTLET,JAMMU & KASHMIR,Sutlej,7.449999999999999,230.0,2.4,5.35,,JHELUM,2020-06-30
2020,3272,RIVER JHELUM AT VERINAG,JAMMU & KASHMIR,Sutlej,7.35,312.5,,7.15,,JHELUM,2020-06-30
2020,3273,"RIVER JHELUM AT SANGAM, CONFLUENCE POINT OF VISHAV NALLAH",JAMMU & KASHMIR,Sutlej,7.45,215.5,1.75,6.0,,JHELUM,2020-06-30
2020,3274,RIVER JHELUM AT AWANTIPORA,JAMMU & KASHMIR,Sutlej,7.55,234.5,1.85,5.45,,JHELUM,2020-06-30
2020,3275,RIVER JHELUM AT PAMPORE,JAMMU & KASHMIR,Sutlej,7.449999999999999,209.0,2.15,6.15,,JHELUM,2020-06-30
2020,3276,"RIVER JHELUM AT SOPORE, CONFLUENCE POINT OF WULAR LAKE",JAMMU & KASHMIR,Sutlej,7.4,232.5,2.25,6.4,,JHELUM,2020-06-30
2020,3277,RIVER JHELUM AT BARAMULLA D/S,JAMMU & KASHMIR,Sutlej,7.45,272.5,2.5,5.8,,JHELUM,2020-06-30
2020,4053,RIVER JHELUM AT BIJEHARA,JAMMU & KASHMIR,Sutlej,7.55,263.0,1.65,5.7,,JHELUM,2020-06-30
2020,4054,RIVER JHELUM AT PANTHACHOWK,JAMMU & KASHMIR,Sutlej,7.5,208.0,2.5,6.1,,JHELUM,2020-06-30
2020,3278,RIVER LIDDER AT LARIPORA,JAMMU & KASHMIR,Sutlej,7.75,114.0,,7.8999999999999995,,LIDDER,2020-06-30
2020,3279,RIVER LIDDER AT CLUB PARK,JAMMU & KASHMIR,Sutlej,7.65,117.0,,7.65,,LIDDER,2020-06-30
2020,3280,RIVER LIDDER AT BUS ADDA,JAMMU & KASHMIR,Sutlej,7.550000000000001,123.0,,7.6,,LIDDER,2020-06-30
2020,3281,"RIVER LIDDER AT YANEER, D/S OF PHALGUM",JAMMU & KASHMIR,Sutlej,7.75,96.5,,8.0,,LIDDER,2020-06-30
2020,3282,"RIVER LIDDER NERA BUMZOO, ANANTNAG",JAMMU & KASHMIR,Sutlej,7.65,140.0,,7.6000000000000005,,Sutlej,2020-06-30
2020,4051,RIVER LIDDER AT NUNWAN,JAMMU & KASHMIR,Sutlej,7.7,92.0,,8.05,,LIDDER,2020-06-30
2020,4052,RIVER LIDDER NEAR LAVENDER PARK,JAMMU & KASHMIR,Sutlej,7.7,116.5,,7.9,,LIDDER,2020-06-30
2020,3283,RIVER SINDH AT SONAMARG U/S,JAMMU & KASHMIR,Sutlej,7.6,241.5,,7.5,,SINDH,2020-06-30
2020,3284,RIVER SINDH AT SONAMARG D/S,JAMMU & KASHMIR,Sutlej,7.9,243.0,,7.7,,SINDH,2020-06-30
2020,3285,RIVER SINDH AT WAIL BRIDGE,JAMMU & KASHMIR,Sutlej,7.800000000000001,201.0,,7.800000000000001,,SINDH,2020-06-30
2020,3286,RIVER SINDH AT DUDERHAMA,JAMMU & KASHMIR,Sutlej,7.550000000000001,277.0,1.25,7.35,,SINDH,2020-06-30
2020,3287,"RIVER SINDH AT RANGIL, SRINAGAR",JAMMU & KASHMIR,Sutlej,7.550000000000001,200.0,,7.199999999999999,,SINDH,2020-06-30
2020,2758,"RIVER UJH AT DAM SITE(L.H.S.), KATHUA",JAMMU & KASHMIR,Sutlej,7.8,238.0,,7.8,,UJH,2020-06-30
2020,1870,"SUKHANA RIVER AT PARWANOO, DISTT. SOLAN",HIMACHAL PRADESH,At Parwanoo,7.15,569.5,,6.1,,RIVER,2020-06-30
2020,4161,CONFLUENCE POINT OF SARSA NADI WITH RIVER SUT,PUNJAB,At Parwanoo,8.0,372.0,1.0,8.75,2.41,At Parwanoo,2020-06-30
2020,3856,SWAN RIVER U/S GAGRET,HIMACHAL PRADESH,At Parwanoo,7.85,414.5,,7.3,2.055,RIVER,2020-06-30
2020,3857,SWAN RIVER D/S GAGRET,HIMACHAL PRADESH,At Parwanoo,7.85,417.5,,7.1,2.28,RIVER,2020-06-30
2020,3858,SWAN RIVER U/S SANTOSHGARH BRIDGE,HIMACHAL PRADESH,At Parwanoo,7.8999999999999995,579.0,,7.300000000000001,1.375,RIVER,2020-06-30
2020,3859,SWAN RIVER U/S UNA TOWN GHALLUWAL BRIDGE,HIMACHAL PRADESH,At Parwanoo,7.85,400.0,,7.6,1.5550000000000002,RIVER,2020-06-30
2020,4030,SWAN RIVER B/C OF GARNI KHAD,HIMACHAL PRADESH,At Parwanoo,7.949999999999999,422.0,,7.25,2.115,At Parwanoo,2020-06-30
2020,4031,SWAN RIVER A/C GARNI KHAD,HIMACHAL PRADESH,At Parwanoo,7.8,413.0,,7.2,1.685,At Parwanoo,2020-06-30
2020,4433,SWAN RIVER D/S OF UNA AT RAMPUR BRIDGE,HIMACHAL PRADESH,At Parwanoo,8.0,422.5,,7.2,1.07,D/S OF UNA,2020-06-30
2020,1869,SWAN RIVER AT D/S NANGAL DISTT. UNA,HIMACHAL PRADESH,At Parwanoo,7.65,472.0,,7.55,1.1800000000000002,AT,2020-06-30
2020,4038,RIVER TIRTHAN B/C TO RIVER SUTLEJ,HIMACHAL PRADESH,At Parwanoo,7.699999999999999,161.0,,9.3,,At Parwanoo,2020-06-30
2020,2617,PABBAR AT U/S DHAMBARI,HIMACHAL PRADESH,At Parwanoo,7.9,3814.5,,9.05,,PABBAR,2020-06-30
2020,2618,PABBAR AT U/S ROHRU,HIMACHAL PRADESH,At Parwanoo,7.75,4387.0,,10.4,,PABBAR,2020-06-30
2020,4039,RIVER PABBAR U/S HATKOTI,HIMACHAL PRADESH,At Parwanoo,7.65,623.0,,10.65,,PABBAR,2020-06-30
2020,4464,ALHI RIVER-NOG(NEAR WATER SUPPLY SCHEME INTAKE) TRIUTARY OF RIVER SUTLEJ,HIMACHAL PRADESH,At Parwanoo,8.350000000000001,237.5,,8.6,,At Parwanoo,2020-06-30
2020,4465,HARABAGH(INTAKE FROM BBMB SOURCE-BBMB ADIT HARABGH) WATER SPRING,HIMACHAL PRADESH,At Parwanoo,7.85,415.0,,8.3,,At Parwanoo,2020-06-30
2020,4036,"KUNNI PUL, VILL SAMAHU, PO KUNIHAR, TEHSIL ARKI",HIMACHAL PRADESH,At Parwanoo,7.75,1070.5,,7.6499999999999995,,At Parwanoo,2020-06-30
2020,4479,ASHWANI RIVER AT SADHUPUL (U/S OF BRIDGE TOWARDS CHAIL. ),HIMACHAL PRADESH,At Parwanoo,7.7,446.0,,6.8,,RIVER,2020-06-30
2020,2620,ASHWANI AT U/S YASHWANT NAGAR,HIMACHAL PRADESH,At Parwanoo,7.6,1075.0,,6.9,,ASHWANI,2020-06-30
2020,4024,MANJHI KHAD D/S DHARAMSHALA AT CHETRU,HIMACHAL PRADESH,At Parwanoo,7.75,172.5,,8.55,,KHAD,2020-06-30
2020,4025,MOL KHAD U/S PALAMPU,HIMACHAL PRADESH,At Parwanoo,7.8,141.5,,8.05,,KHAD,2020-06-30
2020,4026,MOL KHAD D/S PALAMPU,HIMACHAL PRADESH,At Parwanoo,7.8,134.5,,8.2,,KHAD,2020-06-30
2020,4060,DAM-SITE AT THEIN,JAMMU & KASHMIR,At Parwanoo,7.5,196.0,,7.4,,SITE,2020-06-30
2020,4457,BANER KHAD U/S CHAMUNDA TEMPLE,HIMACHAL PRADESH,At Parwanoo,7.5,150.0,,8.0,,KHAD,2020-06-30
2020,4458,BANER KHAD D/S CHAMUNDA TEMPLE,HIMACHAL PRADESH,At Parwanoo,7.55,163.5,,7.949999999999999,,KHAD,2020-06-30
2020,4460,CHARAN KHAND U/S BHAGSUNAG,HIMACHAL PRADESH,At Parwanoo,7.5,86.0,,8.5,,KHAND,2020-06-30
2020,4428,U/S OF WEIR SITE OF WTP NEAR ASHWANI BRIDGE,HIMACHAL PRADESH,At Parwanoo,7.55,2193.0,,8.05,3.945,WTP,2020-06-30
2020,4429,D/S OF ASHWANI KHAD (AFTER CONFLUENCE OF LIFT NALLAH),HIMACHAL PRADESH,At Parwanoo,7.5,3154.5,38.4,7.6,4.960000000000001,At Parwanoo,2020-06-30
2020,4424,RAW WATER FROM AT GUMMA NAUTI KHAD,HIMACHAL PRADESH,At Parwanoo,8.45,1964.5,,8.6,,FROM,2020-06-30
2020,4432,DHAULI KHAD AT CHARAN GANGA MEDI,HIMACHAL PRADESH,At Parwanoo,7.949999999999999,556.0,,7.3,,KHAD,2020-06-30
2020,4431,SHIKARI BEFORE CONFLUENCE TO RIVER PABBAR NEAR HRTC ROHRU BUS STAND,HIMACHAL PRADESH,At Parwanoo,7.8,1054.0,,8.85,,PABBAR,2020-06-30
2020,2626,BATTA AT U/S PAONTA,HIMACHAL PRADESH,At Parwanoo,7.4,375.5,,8.0,,BATTA,2020-06-30
2020,2627,BATTA BEFORE CONFLUENCE TO YAMUNA,HIMACHAL PRADESH,At Parwanoo,7.45,343.0,,7.65,,At Parwanoo,2020-06-30
2020,2913,"KALI BEIN FALLING INTO RIVER BEAS, PUNJAB",PUNJAB,At Parwanoo,7.550000000000001,328.0,2.7,4.7,1.1,At Parwanoo,2020-06-30
2020,1491,"BHAGIRATHI AT GANGOTRI,",UTTARAKHAND,Ganga,7.1,109.0,1.5,9.8,0.32,BHAGIRATHI,2020-06-30
2020,1484,ALAKNANDA B/C MANDAKINI AT RUDRA PRAYAG,UTTARAKHAND,Ganga,7.65,238.0,1.0,10.0,,MANDAKINI,2020-06-30
2020,1486,ALAKNANDA A/C MANDAKINI AT RUDRAPRAYAG,UTTARAKHAND,Ganga,7.7,200.0,1.0,10.4,,MANDAKINI,2020-06-30
2020,1487,ALAKNANDA B/C TO BHAGIRATHI AT DEVPRAYAG,UTTARAKHAND,Ganga,7.699999999999999,155.0,,10.9,,BHAGIRATHI,2020-06-30
2020,1060,"GANGA AT RISHIKESH U/S,",UTTARAKHAND,Ganga,7.75,136.5,,10.2,,GANGA,2020-06-30
2020,1485,"MANDAKINI B/C ALKALNADA AT RUDRAPRAYAG,",UTTARAKHAND,Ganga,7.6,159.0,1.0,10.0,,ALKALNADA,2020-06-30
2020,10147,RIVER GANGA D/S RISHIKESH,UTTARAKHAND,Ganga,7.65,151.0,,9.7,,GANGA,2020-06-30
2020,2725,"GANGA RIVER AFTER CONFLUENCE OF RIVER SONG NEAR SATYANARAYAN TEMPLE, D/s RAIWALA, DEHRADUN",UTTARAKHAND,Ganga,7.75,445.0,1.5,9.5,,AFTER CONFLUENCE OF RIVER SONG,2020-06-30
2020,3997,"RIVER GANGA U/S HARIDWAR AT ABINDUGHAT, DUDHIYABAD, HARIDWAR",UTTARAKHAND,Ganga,7.75,194.5,1.1,9.3,,GANGA,2020-06-30
2020,10148,RIVER GANGA AT HAR-KI-PAURI GHAT,UTTARAKHAND,Ganga,7.65,246.0,,9.4,,GANGA,2020-06-30
2020,1061,"GANGA AT HARIDWAR D/S, UPPER GANGA CANAL D/S BALKUMARI MANDIR, AJEETPUR, HARIDWAR",UTTARAKHAND,Ganga,7.55,272.0,1.6,9.3,,GANGA,2020-06-30
2020,30005,GANGA AT SULTANPUR (UTTARAKHAND),INTER-STATE,Ganga,7.25,215.5,2.6,8.75,0.9600000000000001,GANGA,2020-06-30
2020,30006,GANGA AT BIJNOR (U.P.),INTER-STATE,Ganga,7.5,195.0,1.3,8.8,,GANGA,2020-06-30
2020,10150,"RIVER GANGA AT MADHYA GANGA BARRAGE, BIJNOR",UTTAR PRADESH,Ganga,7.75,174.5,,8.95,,GANGA,2020-06-30
2020,1062,"GANGA AT GARHMUKTESHWAR, U.P",UTTAR PRADESH,Ganga,7.75,212.5,,8.95,,GANGA,2020-06-30
2020,10149,RIVER GANGA AT GHARMUKTESHWAR,UTTAR PRADESH,Ganga,7.65,200.0,,9.35,,GANGA,2020-06-30
2020,2488,"GANGA U/S, ANOOPSHAHAR",UTTAR PRADESH,Ganga,7.0,1182.0,1.85,8.35,,GANGA,2020-06-30
2020,2489,"GANGA D/S, ANOOPSHAHAR",UTTAR PRADESH,Ganga,7.15,210.0,1.8,8.45,,GANGA,2020-06-30
2020,1145,"GANGA AT NARORA (BULANDSAHAR), U.P.",UTTAR PRADESH,Ganga,7.1,190.0,,8.6,,GANGA,2020-06-30
2020,2490,"GANGA AT KACHHLA GHAT, ALIGARH",UTTAR PRADESH,Ganga,7.4,1004.0,,9.75,,GANGA,2020-06-30
2020,10151,RIVER GANGA AT FARRUKABAD,UTTAR PRADESH,Ganga,7.800000000000001,242.0,1.9,9.35,,GANGA,2020-06-30
2020,1063,"GANGA AT KANNAUJ U/S (RAJGHAT), U.P",UTTAR PRADESH,Ganga,8.05,286.5,2.4,8.85,,GANGA,2020-06-30
2020,1066,"GANGA AT KANNAUJ D/S, U.P",UTTAR PRADESH,Ganga,7.95,335.0,2.6500000000000004,8.45,,GANGA,2020-06-30
2020,1146,"GANGA AT BITHOOR (KANPUR), U.P.",UTTAR PRADESH,Ganga,8.1,278.0,2.8,9.1,,GANGA,2020-06-30
2020,1067,"GANGA AT KANPUR U/S (RANIGHAT), U.P",UTTAR PRADESH,Ganga,8.01,284.0,4.6,9.15,,GANGA,2020-06-30
2020,10154,RIVER GANGA AT BATHING GHAT (BHARAOGHAT),UTTAR PRADESH,Ganga,8.094999999999999,281.5,2.95,8.9,,GANGA,2020-06-30
2020,10155,RIVER GANGA AT D/S (SHUKLAGANJ),UTTAR PRADESH,Ganga,7.95,276.0,3.45,8.85,,GANGA,2020-06-30
2020,1068,"GANGA AT KANPUR D/S (JAJMAU PUMPING STATION), U.P",UTTAR PRADESH,Ganga,7.85,329.0,4.2,8.25,,GANGA,2020-06-30
2020,1147,"GANGA AT DALMAU (RAI BAREILLY), U.P.",UTTAR PRADESH,Ganga,7.949999999999999,286.0,3.8,9.05,,GANGA,2020-06-30
2020,2498,"GANGA AT KALA KANKAR, RAEBARELI",UTTAR PRADESH,Ganga,7.949999999999999,287.5,3.65,9.2,,GANGA,2020-06-30
2020,1046,"GANGA AT ALLAHABAD (RASOOLABAD), U.P.",UTTAR PRADESH,Ganga,7.9,274.0,2.6,10.05,,GANGA,2020-06-30
2020,2487,"GANGA AT KADAGHAT, ALLAHABAD",UTTAR PRADESH,Ganga,7.95,300.5,2.45,9.35,,GANGA,2020-06-30
2020,1049,"GANGA AT ALLAHABAD D/S (SANGAM), U.P.",UTTAR PRADESH,Ganga,8.1,327.0,2.35,9.45,1.09,GANGA,2020-06-30
2020,2485,"GANGA U/S, VINDHYACHAL, MIRZAPUR",UTTAR PRADESH,Ganga,8.15,531.0,2.5,8.15,,GANGA,2020-06-30
2020,2486,"GANGA D/S, MIRZAPUR",UTTAR PRADESH,Ganga,8.2,391.0,3.75,7.300000000000001,,GANGA,2020-06-30
2020,10153,RIVER GANGA AT CHUNAR,UTTAR PRADESH,Ganga,5.9,385.0,3.4499999999999997,7.65,,GANGA,2020-06-30
2020,1070,"GANGA AT VARANASI U/S (ASSIGHAT), U.P",UTTAR PRADESH,Ganga,8.25,377.0,4.3,8.45,,GANGA,2020-06-30
2020,1071,"GANGA AT VARANASI D/S (MALVIYA BRIDGE), U.P",UTTAR PRADESH,Ganga,8.25,400.0,3.85,7.65,,GANGA,2020-06-30
2020,10152,"RIVER GANGA A/C GOMTI RIVER, BHUSAULA",UTTAR PRADESH,Ganga,8.3,390.0,3.3,8.1,,Ganga,2020-06-30
2020,10156,RIVER GANGA AT BATHING GHAT (GOLA GHAT),UTTAR PRADESH,Ganga,8.0,281.5,3.45,8.6,,GANGA,2020-06-30
2020,1073,"GANGA AT TRIGHAT (GHAZIPUR), U.P",UTTAR PRADESH,Ganga,8.3,399.0,3.8499999999999996,7.35,,GANGA,2020-06-30
2020,30076,GANGA AT MANJHIGHAT(BIHAR),INTER-STATE,Ganga,8.35,364.0,4.3,9.100000000000001,,GANGA,2020-06-30
2020,1074,GANGA AT BUXAR,BIHAR,Ganga,8.15,379.5,1.6,8.15,,GANGA,2020-06-30
2020,10113,"RIVER GANGA AT U/S JAIL GHAT, BUXAR",BIHAR,Ganga,8.05,381.5,1.7000000000000002,7.7,,GANGA,2020-06-30
2020,2551,"GANGA AT BUXAR, RAMREKHAGHAT",BIHAR,Ganga,8.15,411.0,1.85,7.85,,GANGA,2020-06-30
2020,3113,GANGA AT D/S BUXAR NEAR ROAD BRIDGE,BIHAR,Ganga,8.05,407.5,1.7,7.75,,GANGA,2020-06-30
2020,10131,RIVER GANGA AT U/S BARAHPUR BINDTOLI,BIHAR,Ganga,7.9,314.5,1.9500000000000002,7.8,,GANGA,2020-06-30
2020,10162,GANGA AT ARA- CHAPRA ROAD BRIDGE (KOILWER BANURA - CHAPRA ROAD,BIHAR,Ganga,7.85,353.5,2.1,7.8,,GANGA,2020-06-30
2020,2564,"GANGA AT THE CONFLUENCE OF SONE RIVER DORIGANJ, CHAPRA",BIHAR,Ganga,7.85,276.5,2.25,7.75,,GANGA,2020-06-30
2020,10114,"GANGA AT MAA AMBIKA ASTHAN, AAMI, SARAN",BIHAR,Ganga,7.85,346.5,1.8499999999999999,7.65,,GANGA,2020-06-30
2020,3114,"GANGA NEAR DANAPUR (NEAR PIPA PUL) ,PATNA",BIHAR,Ganga,7.75,287.5,2.05,7.25,,GANGA,2020-06-30
2020,1077,"GANGA AT KURJI, PATNA U/S",BIHAR,Ganga,8.0,313.5,1.85,7.8,,GANGA,2020-06-30
2020,2552,"GANGA AT GANDHIGHAT, NIT AT PATNA",BIHAR,Ganga,7.9,379.5,2.7,7.55,,GANGA,2020-06-30
2020,10115,"GANGA AT GULABI GHAT, PATNA",BIHAR,Ganga,7.85,372.5,2.15,7.6000000000000005,,GANGA,2020-06-30
2020,1079,"GANGA AT PATNA D/S (GANGA BRIDGE), GAIGHAT",BIHAR,Ganga,7.85,417.5,2.15,7.5,,GANGA,2020-06-30
2020,3122,"GANGA AT MALSALAMI, PATNA",BIHAR,Ganga,8.2,402.0,1.5,8.600000000000001,,GANGA,2020-06-30
2020,4297,"KACHCHI-DARGAH-BIDUPUR ROAD BRIDGE, PATNA",BIHAR,Ganga,8.0,325.0,2.1,7.6,,Ganga,2020-06-30
2020,10122,"RIVER GANGA AT TRIVENI GHAT, PATNA",BIHAR,Ganga,7.85,354.0,1.9,7.9,,GANGA,2020-06-30
2020,4301,"BAKHTIYARPUR-TAJPUR BRIDGE ON GANGA, ATHMALGOLA, PATNA",BIHAR,Ganga,8.2,314.5,1.7999999999999998,7.55,,Ganga,2020-06-30
2020,2553,"GANGA AT KEWALA GHAT,FATUHA, PATNA",BIHAR,Ganga,7.800000000000001,370.0,2.2,6.949999999999999,,GANGA,2020-06-30
2020,2555,"GANGA AT PUNPUN, PATNA",BIHAR,Ganga,7.800000000000001,592.0,3.4,4.4,,GANGA,2020-06-30
2020,3115,GANGA RIVER AT BARH,BIHAR,Ganga,8.0,321.0,1.75,7.449999999999999,,RIVER,2020-06-30
2020,1817,"GANGA AT MOKAMA (U/s), MAHADEO ASTHAN, PATNA",BIHAR,Ganga,8.1,319.5,1.9500000000000002,7.800000000000001,,GANGA,2020-06-30
2020,1815,GANGA AT MOKAMA (D/s),BIHAR,Ganga,7.65,303.0,1.7,7.45,,GANGA,2020-06-30
2020,3123,"GANGA RIVER AT BARAHIYA, NEPALITOLA, MARANCHI, LAKSHISARAI",BIHAR,Ganga,8.05,324.0,1.85,7.95,,RIVER,2020-06-30
2020,3116,GANGA AT U/S MUNGER (NEAR INTAKE WELL ON GANGA),BIHAR,Ganga,8.0,296.0,2.25,7.550000000000001,,GANGA,2020-06-30
2020,1818,GANGA AT MUNGER,BIHAR,Ganga,7.8500000000000005,308.0,2.1,7.3999999999999995,,GANGA,2020-06-30
2020,3117,"GANGA AT U/S SULTANGANJ, BHAGALPUR",BIHAR,Ganga,7.8500000000000005,301.5,1.9500000000000002,7.3,,GANGA,2020-06-30
2020,4398,"GANGA RIVER AT WATER INTAKE POINT, BHAGALPUR",BIHAR,Ganga,7.85,436.5,4.05,7.65,,RIVER,2020-06-30
2020,2554,"GANGA AT SULTANGANJ, BHAGALPUR",BIHAR,Ganga,7.95,296.0,1.95,7.4,,GANGA,2020-06-30
2020,10138,"RIVER GANGA AT CHAMPANAGAR, BHAGALPUR",BIHAR,Ganga,7.699999999999999,542.0,2.7,7.5,,GANGA,2020-06-30
2020,1819,GANGA AT BHAGALPUR,BIHAR,Ganga,7.95,309.0,1.7,7.95,,GANGA,2020-06-30
2020,3118,GANGA AT U/S BHAGALPUR NEAR BARARIGHAT,BIHAR,Ganga,7.65,363.5,2.4,7.050000000000001,,GANGA,2020-06-30
2020,1816,GANGA AT KAHALGAON,BIHAR,Ganga,8.05,296.0,1.65,7.9,,GANGA,2020-06-30
2020,10143,RIVER GANGA D/S NEAR CREMATION GHAT,BIHAR,Ganga,7.95,306.5,1.7000000000000002,7.9,,GANGA,2020-06-30
2020,30075,GANGA AT TARIGHAT GHAZIPUR (U.P.),INTER-STATE,Ganga,7.75,373.0,4.25,8.65,,GANGA,2020-06-30
2020,10144,RIVER GANGA U/S NEAR LCT GHAT,JHARKHAND,Ganga,7.8,225.0,2.1,6.4,,GANGA,2020-06-30
2020,10145,RIVER GANGA D/S NEAR JANTA GHAT,JHARKHAND,Ganga,7.75,319.0,2.2,8.7,,GANGA,2020-06-30
2020,10146,RIVER GANGA AT SANGI DALAN,JHARKHAND,Ganga,7.7,229.5,2.0,9.15,,GANGA,2020-06-30
2020,1059,GANGA AT RAJMAHAL,JHARKHAND,Ganga,7.75,322.5,2.0999999999999996,9.3,,GANGA,2020-06-30
2020,1080,"GANGA AT BAHARAMPORE, MURSHIDABAD, WEST BENGAL",WEST BENGAL,Ganga,,316.0,2.975,8.55,0.46499999999999997,GANGA,2020-06-30
2020,10159,"RIVER GANGA AT BEHRAMPORE(KHAGRA), MURSHIDABAD",WEST BENGAL,Ganga,,342.0,3.35,8.15,,GANGA,2020-06-30
2020,10160,"RIVER GANGA AT BEHRAMPORE, (GORA BAZAR),MURSHIDABAD",WEST BENGAL,Ganga,,345.5,2.675,8.1,,GANGA,2020-06-30
2020,2511,"NABADIP ON GANGA, GHOSHPARA NEAR MONIPURGHAT,NADIA",WEST BENGAL,Ganga,,290.0,3.7750000000000004,8.15,,GHOSHPARA,2020-06-30
2020,2506,"TRIBENI ON GANGA, NEAR BURNING GHAT, HOOGHLY",WEST BENGAL,Ganga,,311.5,4.475,7.8999999999999995,,Ganga,2020-06-30
2020,10161,"RIVER GANGA AT PALTA, SHITALTALA,",WEST BENGAL,Ganga,,321.0,3.725,8.0,0.5700000000000001,GANGA,2020-06-30
2020,1054,GANGA AT PALTA WEST BENGAL,WEST BENGAL,Ganga,8.28,287.5,4.275,7.95,0.55,GANGA,2020-06-30
2020,1472,"GANGA AT SERAMPORE, HOOGHLY,WEST BENGAL",WEST BENGAL,Yamuna,8.27,306.0,2.85,8.35,0.63,GANGA,2020-06-30
2020,1053,"GANGA AT DAKSHMINESHWAR, KOLKATA, WEST BENGAL",WEST BENGAL,Yamuna,,368.5,3.275,6.1,,GANGA,2020-06-30
2020,1471,GANGA AT HOWRAH-SHIVPUR WEST BENGAL,WEST BENGAL,Yamuna,,465.0,3.0250000000000004,5.85,1.255,GANGA,2020-06-30
2020,1470,"GANGA AT GARDEN REACH, KOLKATA, WEST BENGAL",WEST BENGAL,Yamuna,,383.0,3.2,5.65,,GANGA,2020-06-30
2020,1052,"GANGA AT ULUBERIA , HOWRAH,WEST BENGAL",WEST BENGAL,Yamuna,,427.0,2.475,6.05,1.4000000000000001,GANGA,2020-06-30
2020,1335,GANGA AT PATIKALI NEAR DURGA CHAK WEST BENGAL,WEST BENGAL,Yamuna,,6273.0,,6.6,,GANGA,2020-06-30
2020,1469,"GANGA AT DIAMOND HARBOUR, 24 PARGANAS (S)WEST BENGAL",WEST BENGAL,Yamuna,,2242.5,2.7,6.0,,GANGA,2020-06-30
2020,1492,YAMUNA AT YAMUNOTRI,UTTARAKHAND,Yamuna,7.4,79.0,1.0,10.8,,YAMUNA,2020-06-30
2020,1493,YAMUNA AT HANUMANCHATTI,UTTARAKHAND,Yamuna,7.9,145.0,1.0,11.6,0.32,YAMUNA,2020-06-30
2020,1494,YAMUNA AT U/S OF LAKHWAR DAM,UTTARAKHAND,Yamuna,8.05,231.0,,9.7,,YAMUNA,2020-06-30
2020,30025,YAMUNA AT DAK PATHER (UTTARAKHAND),INTER-STATE,Yamuna,7.550000000000001,205.0,1.05,9.45,0.51,YAMUNA,2020-06-30
2020,1490,"YAMUNA AT U/S DAK PATHER,",UTTARAKHAND,Yamuna,8.1,134.0,1.1,9.2,,YAMUNA,2020-06-30
2020,30027,YAMUNA AT PONTA SAHIB (H.P),INTER-STATE,Yamuna,7.949999999999999,311.0,1.6,9.4,0.87,YAMUNA,2020-06-30
2020,1553,"YAMUNA RIVER, U/S PAONTA SAHIB",HIMACHAL PRADESH,Yamuna,7.2,3040.0,,8.1,,Yamuna,2020-06-30
2020,1554,"YAMUNA RIVER, D/S PAONTA SAHIB",HIMACHAL PRADESH,Yamuna,7.15,348.0,,8.0,,Yamuna,2020-06-30
2020,30028,"YAMUNA AT BURIYA U/S JAGADHARI, MANDOLI, HARYANA",INTER-STATE,Yamuna,7.85,266.0,1.45,9.350000000000001,,YAMUNA,2020-06-30
2020,30035,YAMUNA AT HATHNIKUND,INTER-STATE,Yamuna,7.8,245.0,1.0,9.25,0.76,YAMUNA,2020-06-30
2020,1117,"YAMUNA AT HATHNIKUND, YAMUNANAGAR",HARYANA,Yamuna,7.800000000000001,406.0,4.5,7.8,,YAMUNA,2020-06-30
2020,1496,"YAMUNA AT KALANAUR, YAMUNA NAGAR",HARYANA,Yamuna,7.75,402.5,3.7,8.05,,YAMUNA,2020-06-30
2020,30032,"YAMUNA AT SONAULI ROAD, SHAMLI BORDER , PANIPAT (HARYANA)",HARYANA,Yamuna,7.7,283.5,3.8000000000000003,7.95,,YAMUNA,2020-06-30
2020,10004,RIVER YAMUNA AT KHOJIPUR PANIPAT,HARYANA,Yamuna,7.65,495.5,5.3,7.1,,YAMUNA,2020-06-30
2020,30029,"YAMUNA AT SONIPAT, BAGHPAT ROAD(HARYANA)",HARYANA,Yamuna,7.9,418.0,3.6,7.65,,YAMUNA,2020-06-30
2020,1119,YAMUNA AT SONEPAT,HARYANA,Yamuna,7.55,459.0,3.65,8.85,,YAMUNA,2020-06-30
2020,10005,"RIVER YAMUNA AT PALLA,SONEPAT",HARYANA,Yamuna,7.65,476.5,3.5999999999999996,9.15,,YAMUNA,2020-06-30
2020,30026,"YAMUNA AT PALLA, WAZIRABAD (DELHI)",INTER-STATE,Yamuna,8.15,494.0,5.800000000000001,12.15,0.95,YAMUNA,2020-06-30
2020,1120,"YAMUNA AT PALLA, DELHI",DELHI,Yamuna,8.3,531.0,4.65,11.350000000000001,,YAMUNA,2020-06-30
2020,1121,"YAMUNA AT NIZAMUDDIN, DELHI",DELHI,Yamuna,7.5,1050.5,31.3,1.3499999999999999,,YAMUNA,2020-06-30
2020,1375,"YAMUNA AT OKHLA BRIDGE (INLET OF AGRA CANAL), DELHI",DELHI,Yamuna,7.5,1007.0,16.3,1.45,,YAMUNA,2020-06-30
2020,1812,"YAMUNA AT OKHLA AFTER MEETING OF SHAHDARA DRAIN, DELHI",DELHI,Yamuna,7.5,1136.0,60.85,2.9499999999999997,,YAMUNA,2020-06-30
2020,1497,"YAMUNA AT MAZAWALI, U.P",UTTAR PRADESH,Yamuna,7.25,1348.5,33.85,1.2,,YAMUNA,2020-06-30
2020,30030,"YAMUNA AT ASGARPUR VILLAGE,U.P",INTER-STATE,Yamuna,7.5,850.5,29.35,3.7,0.755,YAMUNA,2020-06-30
2020,30031,YAMUNA AT HASANPUR,INTER-STATE,Yamuna,7.85,1398.5,10.85,4.1,0.48,YAMUNA,2020-06-30
2020,30024,"YAMUNA AT MOHENA PALWAL ROAD, HARYANA",INTER-STATE,Yamuna,7.25,1501.0,39.0,1.25,,YAMUNA,2020-06-30
2020,2493,RIVER YAMUNA AT SHAHPUR,UTTAR PRADESH,Yamuna,7.3,,7.9,5.75,,YAMUNA,2020-06-30
2020,2495,"YAMUNA AT KESIGHAT, VRINDAVAN",UTTAR PRADESH,Yamuna,7.35,,8.2,5.8,,YAMUNA,2020-06-30
2020,1123,"YAMUNA AT MATHURA U/S , U.P.",UTTAR PRADESH,Yamuna,7.5,1456.0,18.65,2.4499999999999997,1.08,YAMUNA,2020-06-30
2020,2494,"YAMUNA AT VISHRAMGHAT, MATHURA",UTTAR PRADESH,Yamuna,7.25,,9.4,5.75,,YAMUNA,2020-06-30
2020,1124,"YAMUNA AT MATHURA D/S , U.P.",UTTAR PRADESH,Yamuna,7.4,1549.0,13.95,4.2,1.06,YAMUNA,2020-06-30
2020,1125,"YAMUNA AT AGRA U/S, U.P.",UTTAR PRADESH,Yamuna,7.5,1513.0,14.85,5.5,1.44,YAMUNA,2020-06-30
2020,1126,"YAMUNA AT D/S OF AGRA, U.P.",UTTAR PRADESH,At Sirmaur Himachal Pradesh Tons At Haripur,7.6,1397.5,17.05,10.0,2.0,YAMUNA,2020-06-30
2020,1498,"YAMUNA AT BATESWAR, U.P",UTTAR PRADESH,At Sirmaur Himachal Pradesh Tons At Haripur,7.85,1262.5,17.0,5.8999999999999995,1.7799999999999998,YAMUNA,2020-06-30
2020,10081,RIVER YAMUNA AT ETAWAH D/S,UTTAR PRADESH,At Sirmaur Himachal Pradesh Tons At Haripur,7.6,929.0,15.2,6.050000000000001,,YAMUNA,2020-06-30
2020,10082,RIVER YAMUNA AT UDI,UTTAR PRADESH,At Sirmaur Himachal Pradesh Tons At Haripur,7.75,936.0,13.8,6.25,,YAMUNA,2020-06-30
2020,1127,"YAMUNA AT ETAWAH, U.P.",UTTAR PRADESH,At Sirmaur Himachal Pradesh Tons At Haripur,7.800000000000001,1397.5,14.0,7.3,0.885,YAMUNA,2020-06-30
2020,1499,"YAMUNA AT JUHIKA B/C WITH CHAMBAL, ETAWAH, U.P",UTTAR PRADESH,At Sirmaur Himachal Pradesh Tons At Haripur,7.949999999999999,891.5,10.85,9.7,2.7249999999999996,YAMUNA,2020-06-30
2020,30034,YAMUNA AT ETAWAH,UTTAR PRADESH,At Sirmaur Himachal Pradesh Tons At Haripur,7.800000000000001,1660.5,20.0,7.449999999999999,1.075,YAMUNA,2020-06-30
2020,30033,"YAMUNA A/C OF CHAMBAL AT SHERGARH, JUHIKA (U.P)",INTER-STATE,At Sirmaur Himachal Pradesh Tons At Haripur,8.05,671.5,5.8,8.85,,CHAMBAL,2020-06-30
2020,1069,"YAMUNA AT ALLAHABAD D/S (BALUA GHAT), U.P",UTTAR PRADESH,At Sirmaur Himachal Pradesh Tons At Haripur,8.1,571.5,2.1,9.4,,YAMUNA,2020-06-30
2020,2283,YAMUNA AT HAMIRPUR,UTTAR PRADESH,At Sirmaur Himachal Pradesh Tons At Haripur,8.2,791.0,4.4,8.4,2.12,YAMUNA,2020-06-30
2020,1510,TONS RIVER AT SIRMAUR,HIMACHAL PRADESH,At Sirmaur Himachal Pradesh Tons At Haripur,7.8,4907.0,,8.600000000000001,,RIVER,2020-06-30
2020,30023,TONS AT HARIPUR (U.K.),INTER-STATE,At Sirmaur Himachal Pradesh Tons At Haripur,7.85,151.5,3.0,9.45,0.51,TONS,2020-06-30
2020,4027,RIVER GIRI D/S RAJGARH TOWN,HIMACHAL PRADESH,At Sirmaur Himachal Pradesh Tons At Haripur,7.4,350.5,,8.15,,GIRI,2020-06-30
2020,4441,RIVER GIRI U/S PROPOSED SITE OF SRI RENUKAJI DAM SITE,HIMACHAL PRADESH,At Sirmaur Himachal Pradesh Tons At Haripur,7.300000000000001,405.0,,8.05,,GIRI,2020-06-30
2020,4442,RIVER GIRI D/S PROPOSED SITE OF SRI RENUKAJI DAM S,HIMACHAL PRADESH,At Sirmaur Himachal Pradesh Tons At Haripur,7.300000000000001,334.0,,7.8,,GIRI,2020-06-30
2020,4028,"RIVER GIRI D/S LAIGIDHAR TRUST, BARU SAHIB",HIMACHAL PRADESH,At Sirmaur Himachal Pradesh Tons At Haripur,7.35,436.5,,8.2,,GIRI,2020-06-30
2020,4427,RIVER GIRI U/S CHAILLA,HIMACHAL PRADESH,At Sirmaur Himachal Pradesh Tons At Haripur,8.1,1197.5,,8.75,,GIRI,2020-06-30
2020,2621,GIRI AT D/S YASHWANT NAGAR,HIMACHAL PRADESH,At Sirmaur Himachal Pradesh Tons At Haripur,7.9,910.5,,7.199999999999999,,GIRI,2020-06-30
2020,2622,GIRI AT U/S CCI MINES,HIMACHAL PRADESH,At Sirmaur Himachal Pradesh Tons At Haripur,7.65,562.0,,8.3,,GIRI,2020-06-30
2020,2623,GIRI D/S SATAUN,HIMACHAL PRADESH,At Sirmaur Himachal Pradesh Tons At Haripur,7.6,672.5,,8.149999999999999,,GIRI,2020-06-30
2020,3877,GIRI RIVER U/S LWSS AT SAINJ,HIMACHAL PRADESH,At Sirmaur Himachal Pradesh Tons At Haripur,7.949999999999999,1355.5,,8.350000000000001,1.08,U/S LWSS,2020-06-30
2020,3878,GIRI RIVER D/S LWSS AT SAINJ,HIMACHAL PRADESH,At Sirmaur Himachal Pradesh Tons At Haripur,8.0,1441.0,,8.5,1.17,D/S LWSS,2020-06-30
2020,3860,"GIRI RIVER D/S CEMENT CORPORATION OF INDIA, RAJBA",HIMACHAL PRADESH,At Sirmaur Himachal Pradesh Tons At Haripur,7.45,626.0,,8.2,,RIVER,2020-06-30
2020,3876,"GIRI RIVER AFTER CONFLUENCE OF ASHWANI RIVER AT GIRIPUL, YASHWANT NAGAR",HIMACHAL PRADESH,At Sirmaur Himachal Pradesh Tons At Haripur,7.45,548.5,,7.4,,AFTER CONFLUENCE OF ASHWANI RIVER,2020-06-30
2020,1357,"HINDON AT SAHARANPUR D/S, U.P.",UTTAR PRADESH,At Sirmaur Himachal Pradesh Tons At Haripur,7.949999999999999,710.0,45.0,,,HINDON,2020-06-30
2020,10098,RIVER HINDON AT MAHESHPUR U/S,UTTAR PRADESH,At Sirmaur Himachal Pradesh Tons At Haripur,7.800000000000001,690.0,45.0,,,HINDON,2020-06-30
2020,10102,RIVER HINDON AT MOHAN NAGAR U/S,UTTAR PRADESH,At Sirmaur Himachal Pradesh Tons At Haripur,7.1,544.0,20.5,1.45,33.73,HINDON,2020-06-30
2020,10103,RIVER HINDON AT MOHAN NAGAR D/S,UTTAR PRADESH,At Sirmaur Himachal Pradesh Tons At Haripur,7.1,925.0,32.5,0.5,1.22,HINDON,2020-06-30
2020,10106,RIVER HINDON AT GHAZIABAD U/S,UTTAR PRADESH,At Sirmaur Himachal Pradesh Tons At Haripur,7.199999999999999,546.5,16.95,1.75,0.695,HINDON,2020-06-30
2020,1483,"HINDON AFTER CONFL. WITH R. KRISHNA & KALI NEAR BINAULI TOWN, MEERUT, U.P.",UTTAR PRADESH,At Sirmaur Himachal Pradesh Tons At Haripur,7.75,1052.5,70.0,0.55,2.01,KALI,2020-06-30
2020,2496,"RIVER HINDON AT SARDHANA BUDHANA ROAD, VILLAGE BAPARSI, MEERUT",UTTAR PRADESH,At Sirmaur Himachal Pradesh Tons At Haripur,7.550000000000001,990.0,67.0,0.3,24.4,HINDON,2020-06-30
2020,1358,"HINDON AT GHAZIABAD D/S, U.P.",UTTAR PRADESH,At Sirmaur Himachal Pradesh Tons At Haripur,7.3,1162.0,39.5,,1.1,HINDON,2020-06-30
2020,1356,"BETWA BEFORE CONF. YAMUNA AT HAMIRPUR,",UTTAR PRADESH,At Sirmaur Himachal Pradesh Tons At Haripur,7.85,1989.5,5.1,6.9,,YAMUNA,2020-06-30
2020,30079,"BETWA AT SUKMA DUKMA DAM, JHANSI (U.P.)",INTER-STATE,At Sirmaur Himachal Pradesh Tons At Haripur,7.8999999999999995,303.5,1.9,8.75,,BETWA,2020-06-30
2020,1735,"RIVER GOVIND SAGAR, U.P",UTTAR PRADESH,At Sirmaur Himachal Pradesh Tons At Haripur,7.75,283.0,3.15,7.6,,At Sirmaur Himachal Pradesh Tons At Haripur,2020-06-30
2020,1614,"BETWA NEAR INTAKE POINT, VIDISHA, M.P",MADHYA PRADESH,At Sirmaur Himachal Pradesh Tons At Haripur,7.75,2322.5,,9.3,,BETWA,2020-06-30
2020,2107,"RIVER BETWA AT U/S AT MAHUTA GHAT, AGASOD",MADHYA PRADESH,At Sirmaur Himachal Pradesh Tons At Haripur,7.9,2041.5,,7.2,,BETWA,2020-06-30
2020,2108,"RIVER BETWA AT M/S J.P. THERMAL POWER, BINA",MADHYA PRADESH,At Sirmaur Himachal Pradesh Tons At Haripur,7.85,359.0,,7.1,,BETWA,2020-06-30
2020,2124,"BETWA AT CHARANTIRGHAT, VIDISHA",MADHYA PRADESH,At Sirmaur Himachal Pradesh Tons At Haripur,7.9,1936.0,1.7,8.3,,BETWA,2020-06-30
2020,2125,BETWA D/S AFTER MIXING OF RIVER BAIS AT VIDISHA,MADHYA PRADESH,At Sirmaur Himachal Pradesh Tons At Haripur,7.3999999999999995,468.0,1.9,7.7,,BAIS,2020-06-30
2020,3832,BETWA AT U/S NEAR ROAD BRIDGE ORCHHA,MADHYA PRADESH,At Sirmaur Himachal Pradesh Tons At Haripur,7.4,282.5,,7.1,,BETWA,2020-06-30
2020,30080,"BETWA AT KANJIA ROAD BRIDGE, ASHOK NAGAR (M.P.)",INTER-STATE,At Sirmaur Himachal Pradesh Tons At Haripur,8.0,440.5,2.05,9.45,0.685,BETWA,2020-06-30
2020,2953,"KALI SINDH AT ANICUT OF M/S CFCL GADEPAN, KOTA,",RAJASTHAN,At Sirmaur Himachal Pradesh Tons At Haripur,8.4,465.0,,4.9,1.45,SINDH,2020-06-30
2020,2956,"KALI SINDH AT BAROD ROAD BRIDGE, KOTA",RAJASTHAN,At Sirmaur Himachal Pradesh Tons At Haripur,8.5,455.0,2.15,4.5,1.45,SINDH,2020-06-30
2020,2950,"DHANARI DAM, NEAR SWAROOPGANJ, SIROHI,",RAJASTHAN,At Sirmaur Himachal Pradesh Tons At Haripur,8.0,300.0,2.1,5.25,1.54,At Sirmaur Himachal Pradesh Tons At Haripur,2020-06-30
2020,2951,"BISULPUR DAM, TONK, RAJASTHAN",RAJASTHAN,At Sirmaur Himachal Pradesh Tons At Haripur,8.1,345.0,,5.35,1.4300000000000002,At Sirmaur Himachal Pradesh Tons At Haripur,2020-06-30
2020,2952,"NEAR NEWTA DAM, JAIPUR, RAJASTHAN",RAJASTHAN,At Sirmaur Himachal Pradesh Tons At Haripur,8.95,1330.0,8.15,3.8,2.7,At Sirmaur Himachal Pradesh Tons At Haripur,2020-06-30
2020,2945,"CHHAPI DAM UPSTREAM , JHALAWAR,",RAJASTHAN,At Sirmaur Himachal Pradesh Tons At Haripur,8.3,315.0,,6.0,1.28,At Sirmaur Himachal Pradesh Tons At Haripur,2020-06-30
2020,2946,"UJAD AT BHIM SAGAR DAM UPSTREAM , JHALAWAR,",RAJASTHAN,At Sirmaur Himachal Pradesh Tons At Haripur,8.25,280.0,1.5,5.15,1.21,UJAD,2020-06-30
2020,2955,CHAMBAL ENTERING IN RAJASTHAN AT GANDHI SAGAR DAM,RAJASTHAN,At Sirmaur Himachal Pradesh Tons At Haripur,8.15,320.0,,5.95,49.4,RAJASTHAN,2020-06-30
2020,3309,"CHAMBAL AT TAL VILLAGE NEAR BRIDGE, UJJAIN",MADHYA PRADESH,At Sirmaur Himachal Pradesh Tons At Haripur,7.9,1648.5,4.0,7.35,,CHAMBAL,2020-06-30
2020,1365,CHAMBAL AT NAGDA U/S (WATER INTAKE POINT),MADHYA PRADESH,At Sirmaur Himachal Pradesh Tons At Haripur,8.05,679.0,2.05,7.25,0.83,CHAMBAL,2020-06-30
2020,1366,"CHAMBAL AT NAGDA D/S, M.P.",MADHYA PRADESH,At Sirmaur Himachal Pradesh Tons At Haripur,5.25,5203.0,18.5,4.45,4.44,CHAMBAL,2020-06-30
2020,1432,"PARVATI NEAR VILLAGE BATAODAPAR, M.P.",MADHYA PRADESH,At Sirmaur Himachal Pradesh Tons At Haripur,7.9,473.5,2.05,7.0,,PARVATI,2020-06-30
2020,2954,"PARVATI BEFORE MEETING RIVER CHAMBAL AT KHATOLI,",RAJASTHAN,At Sirmaur Himachal Pradesh Tons At Haripur,8.4,535.0,1.7999999999999998,5.550000000000001,1.341,CHAMBAL,2020-06-30
2020,2109,"PARVATI RIVER, GUNA",MADHYA PRADESH,At Sirmaur Himachal Pradesh Tons At Haripur,7.85,637.0,1.8,7.3,,At Sirmaur Himachal Pradesh Tons At Haripur,2020-06-30
2020,2126,"PARVATI A/C OF VINDHYACHAL NALLA, PILUKHEDI",MADHYA PRADESH,At Sirmaur Himachal Pradesh Tons At Haripur,7.699999999999999,519.0,1.9,7.15,,At Sirmaur Himachal Pradesh Tons At Haripur,2020-06-30
2020,1367,KHAN AT KABIT KHEDI (NEAR INDORE) M.P.,MADHYA PRADESH,At Sirmaur Himachal Pradesh Tons At Haripur,7.550000000000001,5619.0,16.5,1.4500000000000002,5.825,KHAN,2020-06-30
2020,2110,"KHAN AT SAKKAR KHADI, INDORE",MADHYA PRADESH,At Sirmaur Himachal Pradesh Tons At Haripur,7.449999999999999,1173.5,19.0,1.4,5.575,KHAN,2020-06-30
2020,2111,KHAN AT SANWER,MADHYA PRADESH,At Sirmaur Himachal Pradesh Tons At Haripur,7.45,2440.5,8.3,3.9000000000000004,4.685,KHAN,2020-06-30
2020,1369,"KSHIPRA AT RAMGHAT AT UJJAIN, M.P.",MADHYA PRADESH,At Sirmaur Himachal Pradesh Tons At Haripur,8.05,930.5,6.0,6.95,1.725,KSHIPRA,2020-06-30
2020,1370,"KSHIPRA AT TRIVENISANGAM (1 KM. D/S OF SANGAM), M.P.",MADHYA PRADESH,At Sirmaur Himachal Pradesh Tons At Haripur,7.800000000000001,899.5,4.6,7.45,1.42,KSHIPRA,2020-06-30
2020,1468,"KSHIPRA AT SIDDHAWAT (D/S) OF UJJAIN., M.P.",MADHYA PRADESH,At Sirmaur Himachal Pradesh Tons At Haripur,7.9,1176.5,10.5,7.0,1.935,KSHIPRA,2020-06-30
2020,3315,"KSHIPRA AT GAUGHAT, UJJAIN",MADHYA PRADESH,At Sirmaur Himachal Pradesh Tons At Haripur,8.05,947.5,5.2,7.15,1.81,KSHIPRA,2020-06-30
2020,3316,"KSHIPRA AT U/S OF MAHIDPUR CITY, UJJAIN",MADHYA PRADESH,At Sirmaur Himachal Pradesh Tons At Haripur,7.75,1255.0,3.0,7.1,1.165,KSHIPRA,2020-06-30
2020,3317,"KSHIPRA AT W/S INTAKE POINT OF DEWAS, UJJAIN",MADHYA PRADESH,At Sirmaur Himachal Pradesh Tons At Haripur,7.550000000000001,487.0,7.8,7.25,,KSHIPRA,2020-06-30
2020,2724,"SUSWA RIVER AT MATHURAWALA, DEHRADUN",UTTARAKHAND,At Sirmaur Himachal Pradesh Tons At Haripur,7.45,771.5,30.0,3.4000000000000004,,RIVER,2020-06-30
2020,2734,BHELLA RIVER U/S KASHIPUR,UTTARAKHAND,At Sirmaur Himachal Pradesh Tons At Haripur,7.55,299.0,5.45,5.800000000000001,,RIVER,2020-06-30
2020,2735,BHELLA RIVER AT LOHIYA BRIDGE D/S KASHIPUR,UTTARAKHAND,At Sirmaur Himachal Pradesh Tons At Haripur,6.9,510.0,23.0,2.1,,AT LOHIYA BRIDGE,2020-06-30
2020,2732,DHELLA RIVER U/S AT KASHIPUR MORADABAD ROAD BRIDGE,UTTARAKHAND,At Sirmaur Himachal Pradesh Tons At Haripur,7.800000000000001,380.0,9.5,5.6,,U/S,2020-06-30
2020,2733,DHELLA RIVER D/S AT THAKURDWARA ALIGANJ ROAD,UTTARAKHAND,At Sirmaur Himachal Pradesh Tons At Haripur,7.5,530.0,16.0,1.8499999999999999,,D/S,2020-06-30
2020,2731,KOSHI RIVER AT KASHIPUR BAJPUR ROAD BRIDGE,UTTARAKHAND,At Sirmaur Himachal Pradesh Tons At Haripur,7.800000000000001,325.0,3.95,4.95,,RIVER,2020-06-30
2020,2728,GOLA RIVER AT HALDWANI,UTTARAKHAND,At Sirmaur Himachal Pradesh Tons At Haripur,7.65,230.0,2.4,7.1,,RIVER,2020-06-30
2020,2729,KICHHA RIVER AT KICHHA U.S. NAGAR,UTTARAKHAND,At Sirmaur Himachal Pradesh Tons At Haripur,7.9,565.0,7.5,4.65,,RIVER,2020-06-30
2020,2730,PILKHAR RIVER AFTER BILASPUR RAMPUR,UTTARAKHAND,At Sirmaur Himachal Pradesh Tons At Haripur,7.6499999999999995,450.0,6.6,5.6,,At Sirmaur Himachal Pradesh Tons At Haripur,2020-06-30
2020,2736,"NANDOUR RIVER U/S SITARGANJ INDUSTRIAL AREA, Us NAGAR",UTTARAKHAND,At Sirmaur Himachal Pradesh Tons At Haripur,7.75,245.0,7.0,4.95,,RIVER,2020-06-30
2020,2737,"NANDOUR RIVER D/S SITARGANJ INDUSTRIAL AREA, Us NAGAR",UTTARAKHAND,At Sirmaur Himachal Pradesh Tons At Haripur,8.2,345.0,7.25,4.45,,RIVER,2020-06-30
2020,3439,"KALYANI RIVER AT D/S PANTNAGAR INDUSTRIAL AREA, Us NAGAR",UTTARAKHAND,At Sirmaur Himachal Pradesh Tons At Haripur,7.4,585.0,12.05,4.35,,AT,2020-06-30
2020,3438,"KALYANI RIVER AT U/S PANTNAGAR INDL AREA, Us NAGAR",UTTARAKHAND,At Sirmaur Himachal Pradesh Tons At Haripur,7.8,400.0,6.5,5.0,,AT,2020-06-30
2020,1064,"RAMGANGA AT KANNAUJ (BEFORE CONF.), U.P",UTTAR PRADESH,At Sirmaur Himachal Pradesh Tons At Haripur,8.15,456.0,3.9,8.100000000000001,,RAMGANGA,2020-06-30
2020,30078,RAMGANGA AT D/S KALAGARH DAM (U.K.),INTER-STATE,At Sirmaur Himachal Pradesh Tons At Haripur,7.1,190.0,1.5,9.0,,RAMGANGA,2020-06-30
2020,30077,"RAMGANGA AT D/S SHERKOT, KALAGARH (U.P.)",INTER-STATE,At Sirmaur Himachal Pradesh Tons At Haripur,7.1,255.5,1.95,8.0,,RAMGANGA,2020-06-30
2020,2497,"RIVER KALI EAST AT KHARKHODA-PARIKSHIT GARH ROAD, VILL. KOL, MEERUT",UTTAR PRADESH,Kali East At Kharkhoda-Parikshit Garh Road,7.4,1295.0,57.0,0.3,,KALI EAST,2020-06-30
2020,1477,KALINADI AT U/S OF MUZAFFAR NAGAR U.P.,UTTAR PRADESH,Kali East At Kharkhoda-Parikshit Garh Road,7.5,379.0,7.4,3.25,0.91,KALINADI,2020-06-30
2020,1478,"KALINADI AT D/S OF MUZAFFAR NAGAR, U.P.",UTTAR PRADESH,Kali East At Kharkhoda-Parikshit Garh Road,7.25,1215.0,232.0,0.3,,KALINADI,2020-06-30
2020,1065,"KALINADI AT KANNAUJ (BEFORE CONF.), U.P",UTTAR PRADESH,Kali East At Kharkhoda-Parikshit Garh Road,7.65,706.5,4.5,6.85,,KALINADI,2020-06-30
2020,30037,BANGANGA AT U/S IDRISHPUR (U.K.),UTTAR PRADESH,Kali East At Kharkhoda-Parikshit Garh Road,7.800000000000001,553.0,4.15,5.6,1.9400000000000002,BANGANGA,2020-06-30
2020,30038,BANGANGA AT D/S SHUKRATAL (BEFORE CONFLUENCE OF LAKSAR DRAIN ),UTTAR PRADESH,Kali East At Kharkhoda-Parikshit Garh Road,7.75,455.5,1.85,6.45,1.98,BANGANGA,2020-06-30
2020,2482,"RIVER VARUNA AT RAMESHWAR, VARANASI",UTTAR PRADESH,Kali East At Kharkhoda-Parikshit Garh Road,8.55,379.0,3.2,7.449999999999999,,VARUNA,2020-06-30
2020,2483,RIVER VARUNA B/C WITH RIVER GANGA AT VARANASI,UTTAR PRADESH,Kali East At Kharkhoda-Parikshit Garh Road,7.4,470.0,12.899999999999999,3.3,,VARUNA B/C WITH RIVER GANGA,2020-06-30
2020,1361,"SAI AT UNNAO AFTER DRAIN OUTFALL, U.P.",UTTAR PRADESH,Kali East At Kharkhoda-Parikshit Garh Road,8.0,355.5,3.5,7.6,,SAI,2020-06-30
2020,2484,"RIVER SAI AT JALALPUR, JAUNPUR",UTTAR PRADESH,Kali East At Kharkhoda-Parikshit Garh Road,8.2,367.0,3.3499999999999996,7.4,,SAI,2020-06-30
2020,1350,"GOMTI AT SITAPUR U/S AT WATER INTAKE, U.P.",UTTAR PRADESH,Kali East At Kharkhoda-Parikshit Garh Road,8.15,340.0,2.3499999999999996,9.25,,GOMTI,2020-06-30
2020,1351,"GOMTI AT LUCKNOW U/S AT WATER INTAKE POINT, U.P.",UTTAR PRADESH,Kali East At Kharkhoda-Parikshit Garh Road,8.0,388.5,3.25,7.8,,GOMTI,2020-06-30
2020,1352,"GOMTI AT LUCKNOW D/S, U.P.",UTTAR PRADESH,Kali East At Kharkhoda-Parikshit Garh Road,7.55,494.5,10.5,2.65,,GOMTI,2020-06-30
2020,1353,"GOMTI AT JAUNPUR D/S, U.P.",UTTAR PRADESH,Kali East At Kharkhoda-Parikshit Garh Road,8.3,399.0,4.05,7.35,,GOMTI,2020-06-30
2020,1072,"GOMTI AT VARANASI, U.P",UTTAR PRADESH,Kali East At Kharkhoda-Parikshit Garh Road,8.35,391.0,3.7,7.5,,GOMTI,2020-06-30
2020,10095,RIVER GOMTI AT SULTANPUR U/S,UTTAR PRADESH,Kali East At Kharkhoda-Parikshit Garh Road,8.05,340.0,4.7,6.4,,GOMTI,2020-06-30
2020,10096,RIVER GOMTI AT SULTANPUR D/S,UTTAR PRADESH,Kali East At Kharkhoda-Parikshit Garh Road,7.949999999999999,335.0,4.550000000000001,6.6,,GOMTI,2020-06-30
2020,10097,RIVER GOMTI AT JAUNPUR U/S,UTTAR PRADESH,Kali East At Kharkhoda-Parikshit Garh Road,8.35,372.0,2.8,7.8500000000000005,,GOMTI,2020-06-30
2020,2491,"RIVER RAPTI AT RAJGHAT, GORAKHPUR",UTTAR PRADESH,Kali East At Kharkhoda-Parikshit Garh Road,7.550000000000001,341.0,5.5,7.4,,RAPTI,2020-06-30
2020,1363,"RAPTI AFTER CONFL. OF R. HONIN NR. DOMINGARH RLY BRIDGE, GORAKHPUR, U.P.",UTTAR PRADESH,Kali East At Kharkhoda-Parikshit Garh Road,7.8,285.0,4.0,7.95,,HONIN,2020-06-30
2020,1354,"SARYU AT AYODHYA AT MAIN BATHING GHAT,",UTTAR PRADESH,Kali East At Kharkhoda-Parikshit Garh Road,7.75,256.0,2.95,9.9,,SARYU,2020-06-30
2020,1355,"GHAGHARA AT DEORIA D/S, U.P.",UTTAR PRADESH,Kali East At Kharkhoda-Parikshit Garh Road,7.6,322.0,3.8000000000000003,7.6,,GHAGHARA,2020-06-30
2020,2492,"RIVER GHAGHRA AT BARHALGANJ, GORAKHPUR",UTTAR PRADESH,Near Banzari,7.699999999999999,388.0,5.85,7.35,,GHAGHRA,2020-06-30
2020,1076,"GHAGHARA NEAR CHAPRA, RIBILGANJ, SARAN",BIHAR,Near Banzari,7.9,274.5,1.95,7.9,,GHAGHARA,2020-06-30
2020,1359,"RIHAND AT RENUKUT U/S, U.P.",UTTAR PRADESH,Near Banzari,5.7,273.0,4.5,8.85,,RIHAND,2020-06-30
2020,1360,"RIHAND AT RENUKUT D/S, U.P.",UTTAR PRADESH,Near Banzari,7.4,289.0,3.0,8.35,,RIHAND,2020-06-30
2020,1075,"SONE AT KOELWAR, BHOJPUR",BIHAR,Near Banzari,7.9,347.5,1.7000000000000002,8.25,,SONE,2020-06-30
2020,3121,"SONE RIVER NEAR BANZARI, ROHTAS",BIHAR,Near Banzari,7.9,145.0,1.75,7.8500000000000005,,RIVER,2020-06-30
2020,3127,"SONE RIVER AT BAHIYARA, BHOJPUR",BIHAR,Near Banzari,8.05,196.5,1.75,8.3,,RIVER,2020-06-30
2020,3128,"SONE RIVER AT NASIRIGANJ DAM, ROHTAS",BIHAR,Near Banzari,7.9,302.5,1.75,7.35,,RIVER,2020-06-30
2020,2556,"SONE AT INDRAPURI, DEHRI ON SONE, ROHTAS",BIHAR,Near Banzari,7.95,166.0,1.8,7.800000000000001,,SONE,2020-06-30
2020,4406,"SONE AT OBRA, AURANGABAD",BIHAR,Near Banzari,8.1,379.5,2.1,7.35,,SONE,2020-06-30
2020,4407,"SONE AT WATER INTAKE POINT BHARTIYA RAIL BIJALI CO. LTD. (BRBCL), NAVINAGAR, AURANGABAD",BIHAR,Near Banzari,7.85,328.5,1.7,7.949999999999999,,SONE,2020-06-30
2020,4298,"ROAD BRIDGE-DEHRI-ON-SONE, ROHTAS",BIHAR,Near Banzari,7.9,298.5,1.75,7.6,,Near Banzari,2020-06-30
2020,2568,"GANDAK AT REWAGHAT, MUJAFFARPUR",BIHAR,Near Banzari,7.95,242.0,1.65,8.15,,GANDAK,2020-06-30
2020,3125,GANDAK RIVER GOPALGANJ PIPRAKOTHI ROAD BRIDGE (DUMARIA GHAT),BIHAR,Near Banzari,8.0,265.0,1.8,8.0,,Near Banzari,2020-06-30
2020,10126,"GANDAK AT KONHARA GHAT, VAISHALI",BIHAR,Near Banzari,7.75,243.5,2.0999999999999996,7.9,,GANDAK,2020-06-30
2020,10163,"GANDAK AT ROAD BRIDGE, U/S HAJIPUR",BIHAR,Near Banzari,8.0,245.5,2.4,8.2,,GANDAK,2020-06-30
2020,2575,"SIKRAHNA RIVER AT LAL PARSE, BITTIAH, EAST CHAMPARAN",BIHAR,Near Banzari,7.65,337.0,4.4,6.35,,RIVER,2020-06-30
2020,1820,"SIKRAHNA AT CHANPATIYA, EAST CHAMPARAN",BIHAR,Near Banzari,7.65,356.0,4.2,5.8999999999999995,,SIKRAHNA,2020-06-30
2020,3134,"SIKRAHNA RIVER AT LAUREA, HARINAGAR ROAD BRIDGE",BIHAR,Near Banzari,7.8,328.0,1.75,7.15,,RIVER,2020-06-30
2020,4291,"RIVER SIKRAHNA LAURIA-NARKATIAGANJ ROAD BRIDGE, WEST CHAMPARAN",BIHAR,Near Banzari,7.5,431.0,5.7,4.8,,Near Banzari,2020-06-30
2020,2570,"BURHI GANDAK AT Z ROAD BRIDGE, SAMASTIPUR",BIHAR,Near Banzari,7.6,343.5,1.95,7.25,,GANDAK,2020-06-30
2020,3124,BURHI GANDAK RIVER U/S ROAD BRIDGE MUZAFFARPUR (NH),BIHAR,Near Banzari,7.5,318.0,,7.65,,RIVER,2020-06-30
2020,2562,"BURHI GANDAK AT AKHARAGHAT, MUZAFFARPUR",BIHAR,Near Banzari,7.449999999999999,318.5,1.9500000000000002,7.35,,GANDAK,2020-06-30
2020,4300,"LAL BAGLA GHAT, MOTIHARI DHAKA ROAD, EAST CHAMPARA",BIHAR,Near Banzari,7.5,319.5,2.6,6.7,,Near Banzari,2020-06-30
2020,4295,"KHAGARIA ROAD BRIDGE, KHAGARIA",BIHAR,Near Banzari,7.65,370.0,1.95,7.25,,Near Banzari,2020-06-30
2020,3126,"U/S HARBORA RIVER, WEST CHAMPARAN",BIHAR,Near Banzari,7.75,376.5,1.55,7.6,,Near Banzari,2020-06-30
2020,2567,KAMALA RIVER AT BENIPATTI (MADHUBANI),BIHAR,Near Banzari,7.75,319.5,1.7,7.35,,RIVER,2020-06-30
2020,2569,KAMALA RIVER AT DARBHANGA,BIHAR,Near Banzari,7.45,397.5,2.75,3.6,,RIVER,2020-06-30
2020,2558,"HARBORA RIVER AT NARKATIAGANJ, WEST CHAMPARAN",BIHAR,Near Banzari,7.699999999999999,393.0,2.35,5.6,,RIVER,2020-06-30
2020,3133,KAMALA RIVER AT JAYNAGAR,BIHAR,Near Banzari,7.75,266.5,1.9,7.6499999999999995,,RIVER,2020-06-30
2020,4299,"JEEWACH GHAT, DARBHANGA",BIHAR,Near Banzari,7.5,388.5,2.1500000000000004,6.15,,Near Banzari,2020-06-30
2020,2565,KOSHI RIVER AT KURSHELA AT KATIHAR,BIHAR,Near Banzari,7.65,228.0,2.3,7.699999999999999,,AT KURSHELA,2020-06-30
2020,2566,KOSHI RIVER AT MADHEPURA,BIHAR,Near Banzari,7.699999999999999,226.5,2.0999999999999996,6.8,,RIVER,2020-06-30
2020,3137,"KOSHI RIVER AT BEERPUR, SUPAUL",BIHAR,Near Banzari,7.9,256.5,1.7000000000000002,8.3,,RIVER,2020-06-30
2020,1821,DAHA AT SIWAN,BIHAR,Near Banzari,7.699999999999999,424.5,2.65,4.5,,DAHA,2020-06-30
2020,4397,DAHA RIVER D/S RAJENDRA ROAD BRIDE SIWAN,BIHAR,Near Banzari,7.75,485.0,2.8,4.7,,RIVER,2020-06-30
2020,2560,"D/S DAHA RIVER AT SASAMUSA, GOPALGANJ",BIHAR,Near Banzari,7.6,400.5,4.4,4.550000000000001,,RIVER,2020-06-30
2020,2561,"DAHA RIVER AT ITWA BRIDGE, GOPALGANJ",BIHAR,Near Banzari,7.9,410.0,2.45,5.1499999999999995,,RIVER,2020-06-30
2020,3129,DAHA RIVER AT MEERGANJ,BIHAR,Near Banzari,7.800000000000001,381.5,2.3,6.65,,RIVER,2020-06-30
2020,4292,"U/S SASAMUSA, GOPALGANJ",BIHAR,Near Banzari,7.9,419.0,2.85,5.95,,Near Banzari,2020-06-30
2020,1823,"RIVER DHOUS AT MADHUVAPUR, MADHUBANI",BIHAR,Near Banzari,7.45,208.5,1.75,6.699999999999999,,DHOUS,2020-06-30
2020,4405,"RIVER DHONS AT MADHUVAPUR, MADHUBANI",BIHAR,Near Banzari,7.550000000000001,242.0,1.55,6.65,,DHONS,2020-06-30
2020,2559,"RAMREKHA RIVER AT HARINAGAR, WEST CHAMPARAN",BIHAR,Near Banzari,6.75,526.5,4.45,3.6,,RIVER,2020-06-30
2020,3130,"RAMREKHA RIVER AT U/S HARINAGAR, WEST CHAMPARAN",BIHAR,Near Banzari,7.1,362.5,3.45,3.35,,AT,2020-06-30
2020,1822,"SIRSIYA AT RAXAUL, EAST CHAMPARAN",BIHAR,Near Banzari,7.35,555.0,5.1,1.8,,SIRSIYA,2020-06-30
2020,3136,"SIRSIYA RIVER D/S RAXAUL (KOERIA TOLA), EAST CHAMPARAN",BIHAR,Near Banzari,7.35,551.0,4.65,1.2,,RIVER,2020-06-30
2020,3132,BAGMATI RIVER AT MUZAFFARPUR- SITAMARHI ROAD BRIDG,BIHAR,Near Banzari,7.9,343.5,2.5,7.75,,RIVER,2020-06-30
2020,3135,"BAGMATI RIVER AT DARBANGA, SAMASTIPUR ROAD BRIDGE,",BIHAR,Near Banzari,7.75,309.5,1.85,7.65,,RIVER,2020-06-30
2020,3131,"U/S MANUSMAR RIVER (RIGA), SITAMARHI",BIHAR,Near Banzari,7.85,318.0,1.9000000000000001,6.85,,Near Banzari,2020-06-30
2020,2563,"MANUSMAR RIVER AT RIGA, SITAMARHI",BIHAR,Near Banzari,7.85,329.0,2.4,6.15,,RIVER,2020-06-30
2020,4402,"MANUSMAR AT PARSHURAMPUR, RIGA - BELSUND ROAD, SITAMARHI",BIHAR,Near Banzari,7.8,360.0,2.1,6.75,,MANUSMAR,2020-06-30
2020,3119,"POONPUN RIVER NEAR POONPUN RAIL BRIDGE,",BIHAR,Near Banzari,7.300000000000001,324.0,2.0,7.449999999999999,,RIVER,2020-06-30
2020,3120,"POONPUN RIVER NEAR KINZER ROAD BRIDGE, JEHANABAD",BIHAR,Near Banzari,7.7,349.0,2.0,7.35,,RIVER,2020-06-30
2020,4293,"U/S KOHRA, RAJ GHAT, MANJHAULIA, WEST CHAMPARAN",BIHAR,Near Banzari,7.8500000000000005,417.5,2.3,5.75,,Near Banzari,2020-06-30
2020,4294,"D/S KOHRA, RAJ GHAT, MANJHAULIA, WEST CHAMPARAN",BIHAR,Near Banzari,7.5,488.0,2.95,5.5,,Near Banzari,2020-06-30
2020,4399,"HARHA RIVER AT BAGHA, LAURIYA ROAD BRIDGE",BIHAR,Near Banzari,7.7,277.5,1.7999999999999998,8.2,,RIVER,2020-06-30
2020,4400,RIVER LAKHANDEI SITAMARHI U/S,BIHAR,Near Banzari,7.9,418.5,2.8499999999999996,7.0,,LAKHANDEI SITAMARHI,2020-06-30
2020,4401,RIVER LAKHANDEI SITAMARHI D/S,BIHAR,Near Banzari,7.449999999999999,490.0,3.25,4.3,,LAKHANDEI SITAMARHI,2020-06-30
2020,4404,"GANGI AT ARA, D/S",BIHAR,Near Banzari,7.4,439.5,3.8,3.8,,GANGI,2020-06-30
2020,2117,"BICHIA, BRIDGE GOVINDGARH ROAD",MADHYA PRADESH,Bhoga Door,7.6,594.0,3.0,6.25,,Bhoga Door,2020-06-30
2020,1433,"SANKH AT TIGRA RESERVOIR, M.P.",MADHYA PRADESH,Bhoga Door,7.35,167.0,,7.5,,SANKH,2020-06-30
2020,1610,"SONE AT ORIGINE AMARKANTAK, M.P",MADHYA PRADESH,Bhoga Door,6.95,476.5,,6.95,,SONE,2020-06-30
2020,1142,"SONE AT CHACHAI, M.P.",MADHYA PRADESH,Bhoga Door,7.65,272.5,,4.75,,SONE,2020-06-30
2020,1371,"SONE AT AMLAI, M.P.",MADHYA PRADESH,Bhoga Door,7.805,281.0,,7.55,,SONE,2020-06-30
2020,1612,"SONE AT DEVLOAD OUT LET OF BANSAGAR DAM,",MADHYA PRADESH,Bhoga Door,7.75,332.5,,7.5,,SONE,2020-06-30
2020,3327,"SONE AT AMLAI, 100 METRE D/S AFTER MIXING OF ATPS EFFLUENT, REWA",MADHYA PRADESH,Bhoga Door,7.755,344.0,,7.4,,SONE,2020-06-30
2020,3846,"SONE AT JARWAHI NEAR ROAD BRIDGE, SHAHDOL",MADHYA PRADESH,Bhoga Door,7.65,339.5,,7.5,,SONE,2020-06-30
2020,30082,SONE DEORA U/S RIHAND (M. P.),INTER-STATE,Bhoga Door,7.75,176.5,3.1,6.800000000000001,,DEORA,2020-06-30
2020,3851,SONE NEAR BHANVARSEN ROAD BRIDGE AFTER CONFLUENCE,MADHYA PRADESH,Bhoga Door,7.7,407.5,,5.3500000000000005,,SONE,2020-06-30
2020,1607,"GOHAD DAM, GOHAD, M.P",MADHYA PRADESH,Bhoga Door,7.65,790.0,2.45,6.4,0.66,Bhoga Door,2020-06-30
2020,3313,KARIYARI U/S BEFORE MIXING WITH WASTE WATER OF M/S,MADHYA PRADESH,Bhoga Door,8.1,648.0,,7.2,,KARIYARI,2020-06-30
2020,3314,KARIYARI 100 MTR. D/S AFTER MIXING WITH WASTE WATE,MADHYA PRADESH,Bhoga Door,8.05,655.5,1.5,7.45,,Bhoga Door,2020-06-30
2020,3319,"NEWAJ AT W/S INTAKE POINT, SHUJALPUR, UJJAIN",MADHYA PRADESH,Bhoga Door,8.0,503.0,1.9000000000000001,7.1,,NEWAJ,2020-06-30
2020,3320,"NEWAJ AT U/S NEAR W/S INTAKE POINT, RAJGARH, GUNA",MADHYA PRADESH,Bhoga Door,7.45,310.5,1.45,7.35,,NEWAJ,2020-06-30
2020,3310,"CHAMLA AT W/S INTAKE POINT BADNAGAR, UJJAIN",MADHYA PRADESH,Bhoga Door,7.949999999999999,534.0,1.9,7.4,0.79,CHAMLA,2020-06-30
2020,3306,"CHOUPAN AT VIJAYPUR U/S NFL NALLA, GUNA",MADHYA PRADESH,Bhoga Door,7.75,391.5,1.4500000000000002,7.4,,CHOUPAN,2020-06-30
2020,3307,"CHOUPAN AT VIJAYPUR 100 METRE D/S OF NFL NALLA, GUNA",MADHYA PRADESH,Bhoga Door,7.9,427.0,1.75,7.0,,CHOUPAN,2020-06-30
2020,2100,"GOUR RIVER BHOGA DOOR, JABALPUR",MADHYA PRADESH,Bhoga Door,7.949999999999999,270.0,,7.4,,Bhoga Door,2020-06-30
2020,3311,"JAMUNI AT BARIYAGHAT U/S NEAR INTAKE POINT, TIKAMGARH",MADHYA PRADESH,Bhoga Door,7.5,327.5,,6.9,,JAMUNI,2020-06-30
2020,4085,"JUMAR RIVER AT BIT MESRA, RANCHI",JHARKHAND,Tributary Streams - At Bit Mesra,7.0,,2.6500000000000004,6.2,,RIVER,2020-06-30
2020,2396,JUMAR AT KANKE DAM,JHARKHAND,Tributary Streams - At Bit Mesra,7.25,,2.75,7.6,,JUMAR,2020-06-30
2020,2401,AJAY RIVER AT MASANJORE DAM,JHARKHAND,Tributary Streams - At Bit Mesra,7.55,309.0,2.0999999999999996,8.3,,RIVER,2020-06-30
2020,3554,"KONAR RIVER NEAR SWANG COAL WASHERY, BOKARO",JHARKHAND,Tributary Streams - At Bit Mesra,7.5,,1.75,7.5,,RIVER,2020-06-30
2020,2388,KONAR AT TILAYA DAM,JHARKHAND,Tributary Streams - At Bit Mesra,7.449999999999999,,1.5499999999999998,7.9,,KONAR,2020-06-30
2020,2389,KONAR AT KONAR DAM,JHARKHAND,Tributary Streams - At Bit Mesra,7.4,,1.55,8.0,,KONAR,2020-06-30
2020,2390,KONAR AT TENUGHAT DAM,JHARKHAND,Tributary Streams - At Bit Mesra,7.65,,,7.6,,KONAR,2020-06-30
2020,4000,GARGA RIVER NEAR TELMUCHO BRIDGE,JHARKHAND,Tributary Streams - At Bit Mesra,6.7,,3.1999999999999997,6.4,,RIVER,2020-06-30
2020,2379,NALKARI TRIBUTARY AT PATRATU,JHARKHAND,Tributary Streams - At Bit Mesra,7.15,,2.05,5.95,,TRIBUTARY,2020-06-30
2020,2381,BOKARO AT ZARANGDIH BRIDGE,JHARKHAND,Tributary Streams - At Bit Mesra,7.4,,2.3499999999999996,7.35,,BOKARO,2020-06-30
2020,1034,"SANKH AT BOLBA, JHARKAND",JHARKHAND,Tributary Streams - At Bit Mesra,7.25,,2.05,8.2,,SANKH,2020-06-30
2020,2378,DAMODAR D/S BHAIRABI AT RAJRAPPA,JHARKHAND,Tributary Streams - At Bit Mesra,7.55,,1.4,8.1,,DAMODAR,2020-06-30
2020,3555,"DAMODAR RIVER NEAR ZARANGDIH BRIDGE, BOKARO",JHARKHAND,Tributary Streams - At Bit Mesra,7.699999999999999,,1.5,7.7,,RIVER,2020-06-30
2020,4083,"DAMODAR RIVER NEAR ROHINI PROJECT, NK AREA, PO-DAKRA, RANCHI",JHARKHAND,Tributary Streams - At Bit Mesra,7.35,,2.65,8.35,,RIVER,2020-06-30
2020,3553,DAMODAR RIVER NEAR TELMUCHO BRIDGE,JHARKHAND,Tributary Streams - At Bit Mesra,7.5,,1.5,7.550000000000001,,RIVER,2020-06-30
2020,3556,CONFLUENCE OF BOKARO & DAMODAR RIVER NEAR ZARANGDI,JHARKHAND,Tributary Streams - At Bit Mesra,7.55,,1.7000000000000002,7.6,,RIVER,2020-06-30
2020,3557,"DAMODAR RIVER NEAR BERMO RAILWAY STATION, BOKARO",JHARKHAND,Tributary Streams - At Bit Mesra,7.65,,1.5,7.550000000000001,,RIVER,2020-06-30
2020,2382,DAMODAR AT PHUSRO ROAD BRIDGE,JHARKHAND,Tributary Streams - At Bit Mesra,7.55,,1.85,7.5,,DAMODAR,2020-06-30
2020,2380,DAMODAR AT RAMGARH ROAD BRIDGE,JHARKHAND,Tributary Streams - At Bit Mesra,7.5,,2.0,7.75,,DAMODAR,2020-06-30
2020,2383,DAMODAR U/S JAMADOBA WATER WORKS,JHARKHAND,Tributary Streams - At Bit Mesra,7.4,,,7.65,,DAMODAR,2020-06-30
2020,2384,DAMODAR AT DOMGARH WATER WORKS D/S SINDRI,JHARKHAND,Tributary Streams - At Bit Mesra,7.449999999999999,,,7.6,,DAMODAR,2020-06-30
2020,2391,DAMODAR AT PANCHET DAM,JHARKHAND,Tributary Streams - At Bit Mesra,7.6,,,7.6,,DAMODAR,2020-06-30
2020,1331,"DAMODAR AT DISHERGARH VILL.(NR.BIHAR-WEST BENGAL BORDER) , BURDWAN",WEST BENGAL,Tributary Streams - At Bit Mesra,,213.5,2.15,8.3,,DAMODAR,2020-06-30
2020,1332,"DAMODAR AT D/S OF IISCO AFTER 3RD OUTFALL AT DHENNA VILLAGE, BURDWAN,WEST BENGAL",WEST BENGAL,Tributary Streams - At Bit Mesra,,235.0,1.925,8.25,,DAMODAR,2020-06-30
2020,1333,"DAMODAR AT NARAINPUR AFTER CONFL. OF NUNIA NALLAH, BURDWAN,WEST BENGAL",WEST BENGAL,Tributary Streams - At Bit Mesra,,280.5,2.3,8.25,,DAMODAR,2020-06-30
2020,1334,"DAMODAR NEAR MUJHER MANA VILLAGE AFTER CONF. OF TAMLA NALLAH, BURDWAN",WEST BENGAL,Tributary Streams - At Bit Mesra,,378.0,3.25,7.4,,DAMODAR,2020-06-30
2020,10107,"RIVER DAMODAR AT ANDAL U/S, BURDWAN",WEST BENGAL,Tributary Streams - At Bit Mesra,,264.0,2.25,8.05,,DAMODAR,2020-06-30
2020,10108,"RIVER DAMODAR AT ANDAL D/S, BURDWAN",WEST BENGAL,Tributary Streams - At Bit Mesra,,246.0,1.975,7.800000000000001,,DAMODAR,2020-06-30
2020,10109,"RIVER DAMODAR AT ASANSOL U/S, BURDWAN",WEST BENGAL,Tributary Streams - At Bit Mesra,,214.0,2.025,8.5,,DAMODAR,2020-06-30
2020,10110,"RIVER DAMODAR AT DURGAPUR U/S, BURDWAN",WEST BENGAL,Tributary Streams - At Bit Mesra,,258.0,2.0,7.9,,DAMODAR,2020-06-30
2020,10111,"RIVER DAMODAR AT RANIGANJ D/S, BURDWAN",WEST BENGAL,Tributary Streams - At Bit Mesra,,323.0,2.125,8.1,,DAMODAR,2020-06-30
2020,2527,"WATER INTAKE POINT FOR BURDWAN TOWN,",WEST BENGAL,Tributary Streams - At Bit Mesra,8.0,281.5,2.325,8.25,,At Bit Mesra,2020-06-30
2020,1764,"CHURNI D/S OF RANAGHAT TOWN,",WEST BENGAL,Tributary Streams - At Bit Mesra,,498.5,5.725,3.75,,CHURNI,2020-06-30
2020,2518,"CHURNI, MAJHADIA, NADIA",WEST BENGAL,Tributary Streams - At Bit Mesra,,462.0,4.115,2.2,0.51,At Bit Mesra,2020-06-30
2020,2541,"WATER INTAKE POINT FOR BANKURA TOWN ON RIVER DWARAKESHWAR, BANKURA",WEST BENGAL,Tributary Streams - At Bit Mesra,,271.0,2.55,8.25,,At Bit Mesra,2020-06-30
2020,2531,"U/S OF TARAPITH ON RIVER DWARKA AT SADHAK BAMDEB GHAT, BIRBHUM",WEST BENGAL,Tributary Streams - At Bit Mesra,,178.5,3.325,7.4,,DWARKA,2020-06-30
2020,2532,"D/S OF TARAPITH ON RIVER DWARKA, SATIGHAT",WEST BENGAL,Tributary Streams - At Bit Mesra,,191.5,3.6500000000000004,7.1,,At Bit Mesra,2020-06-30
2020,2514,"JALANGI, D/S OF KRISHNA NAGAR, NADIA",WEST BENGAL,Tributary Streams - At Bit Mesra,,444.0,3.8499999999999996,6.550000000000001,,At Bit Mesra,2020-06-30
2020,1337,"RUPNARAYAN BEFORE CONFL. TO RIVER GANGA NEAR GEONKHALI,MEDINIPORE, WEST BENGAL",WEST BENGAL,Tributary Streams - At Bit Mesra,,1655.5,,7.35,3.5549999999999997,GANGA,2020-06-30
2020,2509,"D/S OF RUPNARAYAN AT KOLAGHAT, NEAR KOLAGHAT RAIL BRIDGE NO.3,MEDINIPORE",WEST BENGAL,Tributary Streams - At Bit Mesra,,1367.0,,7.1499999999999995,2.04,RUPNARAYAN,2020-06-30
2020,2531,"U/S OF TARAPITH ON RIVER DWARKA AT SADHAK BAMDEB GHAT, BIRBHUM",WEST BENGAL,Tributary Streams - At Bit Mesra,,178.5,3.35,7.25,0.142,DWARKA,2020-06-30
2020,2532,"D/S OF TARAPITH ON RIVER DWARKA, SATIGHAT",WEST BENGAL,Tributary Streams - At Bit Mesra,,191.5,3.675,7.1,0.1455,At Bit Mesra,2020-06-30
2020,2541,"WATER INTAKE POINT FOR BANKURA TOWN ON RIVER DWARAKESHWAR, BANKURA",WEST BENGAL,Tributary Streams - At Bit Mesra,,271.0,3.0,8.3,,At Bit Mesra,2020-06-30
2020,1030,"BRAHAMPUTRA AT DIBRUGARH, ASSAM",ASSAM,Brahamputra,7.55,168.5,1.7000000000000002,8.35,1.05,BRAHAMPUTRA,2020-06-30
2020,1262,"BRAHAMPUTRA AT NIMATIGHAT, ASSAM",ASSAM,Brahamputra,7.55,159.0,1.9,7.05,0.85,BRAHAMPUTRA,2020-06-30
2020,1526,"BRAHMPUTRA RIVER AT DHENUKHAPAHAR,",ASSAM,Brahamputra,7.550000000000001,138.5,1.6500000000000001,7.3,0.8999999999999999,RIVER,2020-06-30
2020,1031,"BRAHAMPUTRA AT PANDU, ASSAM",ASSAM,Brahamputra,7.55,132.0,1.7000000000000002,8.45,0.8999999999999999,BRAHAMPUTRA,2020-06-30
2020,1299,"BRAHAMPUTRA AT JOGIJHOGA NEAR BRIDGE,",ASSAM,Brahamputra,7.5,163.5,1.6,6.4,1.0499999999999998,BRAHAMPUTRA,2020-06-30
2020,2069,BRAHMPUTRA RIVER NEAR WATER INTAKE POINT AT KACHAR,ASSAM,Brahamputra,7.65,141.5,1.9500000000000002,8.25,1.05,NEAR WATER INTAKE POINT,2020-06-30
2020,2064,"BRAHMAPUTRA RIVER AT CHANDRAPUR, GUWAHATI, ASSAM",ASSAM,Brahamputra,7.4,148.0,2.0,7.699999999999999,1.0,RIVER,2020-06-30
2020,2067,"BRAHMPUTRA RIVER AT SUALKUCHI, DIST. KAMRUP, ASSAM",ASSAM,Brahamputra,7.6,152.0,2.15,8.8,1.35,RIVER,2020-06-30
2020,2066,"BRAHMAPUTRA RIVER AT DHUBRI, ASSAM",ASSAM,Brahamputra,7.25,183.5,2.0,6.25,0.8999999999999999,RIVER,2020-06-30
2020,3781,"BRAHAMPUTRA RIVER AT BOGIBEEL BRIDGE, BOGIBEEL, DIGBOI",ASSAM,Brahamputra,7.5,137.0,2.1,7.1499999999999995,0.8999999999999999,RIVER,2020-06-30
2020,4004,BRAHAMPUTRA RIVER AT BISWANATH GHAT,ASSAM,Brahamputra,7.6,177.0,1.8499999999999999,7.5,1.0,RIVER,2020-06-30
2020,1422,"BURHIDIHING AT MARGHERITA, ASSAM",ASSAM,Brahamputra,7.4,171.0,1.65,7.55,0.8999999999999999,BURHIDIHING,2020-06-30
2020,2062,"BURHIDIHING NEAR DULIAJAN AT D/S, TINSUKIA,",ASSAM,Brahamputra,7.55,168.5,1.6,7.6,1.05,BURHIDIHING,2020-06-30
2020,2230,BURHIDIHING RIVER AT DULIAJAN (INTAKE POINT OF OIL,ASSAM,Brahamputra,7.75,178.0,1.75,6.800000000000001,,RIVER,2020-06-30
2020,1796,DHANSIRI AT FULL NAGARJAN,NAGALAND,Brahamputra,7.699999999999999,163.0,1.9,4.6000000000000005,,DHANSIRI,2020-06-30
2020,1797,"DHANSIRI AT BRIDGE NEAR PURANA BAZAAR, NAGALAND",NAGALAND,Brahamputra,7.6,187.0,2.2,7.1,,DHANSIRI,2020-06-30
2020,1800,DHANSIRI AT NUTON BASTI,NAGALAND,Brahamputra,7.300000000000001,202.0,4.05,3.0999999999999996,,DHANSIRI,2020-06-30
2020,1798,DHANSIRI AT NEAR CHECK GATE (DIMAPUR KHUTKHUTI ROA,NAGALAND,Brahamputra,7.449999999999999,177.0,2.35,5.8,,DHANSIRI,2020-06-30
2020,1259,"DHANSIRI AT GOLAGHAT, ASSAM",ASSAM,Brahamputra,7.35,116.5,1.9,7.9,0.8,DHANSIRI,2020-06-30
2020,1799,DHANSIRI AT TOWN BOUNDARY BRIDGE (DIPHU ROAD),NAGALAND,Brahamputra,7.7,128.5,1.6,5.300000000000001,,DHANSIRI,2020-06-30
2020,1928,"DHANSIRI AT NAGALAND-ASSAM BORDER, DIMAPUR",NAGALAND,Brahamputra,7.4,175.0,2.75,6.1,,DHANSIRI,2020-06-30
2020,3764,"DHANSIRI RIVER NEAR BRIDGE AT NH-15, DHANSIRI BHALUKMARI JUNGLE, UDALGIRI",ASSAM,Brahamputra,7.45,111.5,1.65,6.75,1.0,NEAR BRIDGE,2020-06-30
2020,3792,DHANSIRI RIVER AT JAHAIGHAT,ASSAM,Brahamputra,7.45,147.5,1.9000000000000001,8.45,0.7,RIVER,2020-06-30
2020,3759,"DIKRONG RIVER NEAR BRIDGE AT NH-52, BANDARDEWA",ASSAM,Brahamputra,7.45,125.5,1.65,6.25,0.95,NEAR BRIDGE,2020-06-30
2020,3786,"GAI NADI/ RIVER AT SOMARAJAN, DHEMAJI",ASSAM,Brahamputra,7.4,180.5,1.65,6.6,1.0,RIVER,2020-06-30
2020,3807,DIGARU RIVER AT NH CROSSING,ASSAM,Brahamputra,7.35,71.5,1.8,8.15,0.8500000000000001,RIVER,2020-06-30
2020,1530,"DIGBOI RIVER AT LAKHIPATHE, RESERVE FOREST, DIGBOI",ASSAM,Brahamputra,7.4,285.5,2.5,4.1,1.55,RIVER,2020-06-30
2020,2231,"DIKHOW RIVER AT DIKHOW BRIDGE SIVASAGAR,",ASSAM,Brahamputra,7.65,195.0,,6.6,0.8,RIVER,2020-06-30
2020,3776,DIKHOW RIVER AT NAGINI MORA (INTER-STATE BOUNDARIE,ASSAM,Brahamputra,7.449999999999999,185.5,1.5499999999999998,7.0,0.85,RIVER,2020-06-30
2020,3778,DIKHOW RIVER AT DIKHOMUKH CONFLUENCE WITH BRAHAMPU,ASSAM,Brahamputra,7.55,169.0,1.7000000000000002,7.25,0.75,RIVER,2020-06-30
2020,3821,"DIPLAI BEEL AT SILGARA, KOKRAJHAR",ASSAM,Brahamputra,7.3,50.0,1.7999999999999998,4.6,0.75,BEEL,2020-06-30
2020,1298,"DISANG AT GUNDAMGHAT, ASSAM",ASSAM,Brahamputra,7.25,191.0,,6.5,1.35,DISANG,2020-06-30
2020,2058,"DISANG RIVER AT DILLIGHAT, DIBRUGARH DIST.,",ASSAM,Brahamputra,7.55,141.5,1.6500000000000001,7.199999999999999,1.15,RIVER,2020-06-30
2020,4005,DISANG RIVER AT NH CROSSING,ASSAM,Brahamputra,7.5,148.0,,6.550000000000001,1.2999999999999998,RIVER,2020-06-30
2020,3763,"GABHARU RIVER NEAR BRIDGE AT NH-52, NEAR TUMIUKI,",ASSAM,Brahamputra,7.05,85.0,1.7000000000000002,5.9,0.8,NEAR BRIDGE,2020-06-30
2020,4011,TOCKLAI RIVER NEAR BRIDGE AT JORHAT,ASSAM,Brahamputra,7.45,137.0,2.3,6.25,1.15,NEAR BRIDGE,2020-06-30
2020,4012,TUNIA RIVER AT D/S BRPL,ASSAM,Brahamputra,7.45,110.5,1.7999999999999998,5.4,0.8,AT,2020-06-30
2020,4329,LARSING RIVER NEAR LOCL DEPO AT MOINARBOND,ASSAM,Brahamputra,7.15,102.0,1.95,5.65,0.75,NEAR LOCL DEPO,2020-06-30
2020,4331,DOWNSTREAM OF DHATESHWARI RIVER AT HAILAKANDI,ASSAM,Brahamputra,7.199999999999999,141.5,2.0999999999999996,5.35,0.8999999999999999,RIVER,2020-06-30
2020,4332,DEMOW RIVER DEMOW TOWN,ASSAM,Brahamputra,7.25,158.0,,6.35,0.8500000000000001,Brahamputra,2020-06-30
2020,4336,"BORSILA RIVER AT BORSILA, DEOPANI, NAMTI",ASSAM,Brahamputra,7.2,72.0,,6.75,0.85,RIVER,2020-06-30
2020,4341,"BARNADI RIVER NEAR BRIDGE, NH-52, DUMUNICHOWKI KAM",ASSAM,Brahamputra,7.6,112.5,1.65,7.9,0.8999999999999999,RIVER,2020-06-30
2020,4342,"BARALIA RIVER (NEAR CHATPUJA GHAT) RANGIA, KAMRUP",ASSAM,Brahamputra,7.6,133.0,1.7000000000000002,8.149999999999999,0.75,Brahamputra,2020-06-30
2020,4343,BURADIA RIVER (NEAR BRIDGE ALONG NH-31) NALBARI,ASSAM,Brahamputra,7.55,145.5,1.6,7.699999999999999,1.15,Brahamputra,2020-06-30
2020,4344,"TIHU RIVER (NEAR BRIDGE ALONG NH-31) TIHU, NALBARI",ASSAM,Brahamputra,7.699999999999999,157.5,1.5,8.75,0.95,Brahamputra,2020-06-30
2020,4345,"SINGRA RIVER (NEAR BRIDGE ALONG NH-37) BOKO, KAMRUP (R)",ASSAM,Brahamputra,7.4,59.0,1.65,8.55,0.75,Brahamputra,2020-06-30
2020,3381,"MANDA RIVER (DUDHAI RIVER) AT JAMPA,",MEGHALAYA,Brahamputra,7.0,65.0,1.5499999999999998,7.45,0.4,Brahamputra,2020-06-30
2020,3382,MANDA RIVER (DUDHAI RIVER) AT WAGAISI,MEGHALAYA,Brahamputra,7.4,73.0,1.4,7.65,0.55,Brahamputra,2020-06-30
2020,1802,DIKCHU B/c WITH TEESTA NEAR NHPC HYDROELECTRIC POW,SIKKIM,Brahamputra,6.8,222.5,1.6,10.25,1.85,TEESTA,2020-06-30
2020,1930,DZU D/S KOHIMA TOWN,NAGALAND,Brahamputra,8.05,364.0,2.35,5.949999999999999,,DZU,2020-06-30
2020,1929,"CHATHE AT MEDZIPHEMA, DIMAPUR",NAGALAND,Brahamputra,7.75,132.5,2.05,6.4,,CHATHE,2020-06-30
2020,2888,"CHATHE RIVER NEAR CHRISTIAN INSTITUTE OF HEALTH SCIENCES AND RESEARCH (CIHSR), DIMAPUR",NAGALAND,Brahamputra,7.55,104.5,2.05,6.5,,RIVER,2020-06-30
2020,2891,DZUCHA RU IN KOHIMA,NAGALAND,Brahamputra,7.95,179.0,1.65,6.7,1.05,Brahamputra,2020-06-30
2020,2889,DZUDZA RU IN KOHIMA,NAGALAND,Brahamputra,7.7,99.5,,7.1000000000000005,,Brahamputra,2020-06-30
2020,2892,"DZUNA RU IN KOHIMA, ADJOINING THE NEW KOHIMA MUNIC",NAGALAND,Brahamputra,7.75,209.0,1.7999999999999998,6.2,1.7,Brahamputra,2020-06-30
2020,2893,DZUNA RU (CONFLUENCE OF DZUCHA & DZUNA RU) IN KOHI,NAGALAND,Mahi And Its Tributaries - Anas,7.55,255.0,1.75,6.2,2.1,Mahi And Its Tributaries - Anas,2020-06-30
2020,4719,RIVER TORSA D/S OF GHUGHUMARI,WEST BENGAL,Mahi And Its Tributaries - Anas,7.3,119.0,1.9,7.1,,TORSA,2020-06-30
2020,4724,RIVER TORSA AT HASIMARA,WEST BENGAL,Mahi And Its Tributaries - Anas,7.36,63.0,1.65,7.35,,TORSA,2020-06-30
2020,1232,MAHI (D/S) CONF WITH R. CHAP (UNDER SAGWARA-SARHI,RAJASTHAN,Mahi And Its Tributaries - Anas,8.399999999999999,460.0,,5.45,1.585,Mahi And Its Tributaries - Anas,2020-06-30
2020,1864,MAHI AT MUJPUR,GUJARAT,Mahi And Its Tributaries - Anas,8.1,1622.5,,4.6000000000000005,,MAHI,2020-06-30
2020,1233,"MAHI AT BADNAWAR, M.P.",MADHYA PRADESH,Mahi And Its Tributaries - Anas,8.1,408.5,,7.35,1.37,MAHI,2020-06-30
2020,1230,"MAHI AFTER CONF. WITH ANAS AT PARDI (BANASWADA),",GUJARAT,Mahi And Its Tributaries - Anas,8.1,418.0,,7.8999999999999995,,ANAS,2020-06-30
2020,1231,"MAHI AT VIRPUR,",GUJARAT,Mahi And Its Tributaries - Anas,8.100000000000001,372.0,,8.1,,MAHI,2020-06-30
2020,1863,MAHI AT UMETA BRIDGE,GUJARAT,Mahi And Its Tributaries - Anas,8.2,493.0,,7.85,,MAHI,2020-06-30
2020,3206,MAHI AT SHERKHI BRIDGE,GUJARAT,Mahi And Its Tributaries - Anas,8.4,991.5,,5.449999999999999,,MAHI,2020-06-30
2020,3318,"MAHI AT RANISINGH VILLAGE, RATLAM, UJJAIN",MADHYA PRADESH,Mahi And Its Tributaries - Anas,7.75,425.0,1.75,7.050000000000001,0.8699999999999999,MAHI,2020-06-30
2020,3848,ANAS RIVER NEAR ROAD BRIDGE JHABUA,MADHYA PRADESH,Mahi And Its Tributaries - Anas,7.95,465.5,,7.45,1.16,RIVER,2020-06-30
2020,1228,"ANAS AT DAHOD, (KUSHALGARH), DIST. PANCHMAHAL",GUJARAT,Sabarmati And Tributaries - Shedhi & Khari,8.15,536.0,,7.449999999999999,,ANAS,2020-06-30
2020,2104,MALEI AT JAORA,MADHYA PRADESH,Sabarmati And Tributaries - Shedhi & Khari,7.699999999999999,682.0,2.3,7.3,0.87,MALEI,2020-06-30
2020,2102,"SHIVNA AT RAMGHAT, MANDSAUR",MADHYA PRADESH,Sabarmati And Tributaries - Shedhi & Khari,7.55,484.0,1.9,7.1,0.74,SHIVNA,2020-06-30
2020,1227,"PANAM AT LUNAWADA,",GUJARAT,Sabarmati And Tributaries - Shedhi & Khari,8.1,437.0,,7.75,,PANAM,2020-06-30
2020,1221,"SABARMATI AT KHEROJ BRIDGE,",GUJARAT,Sabarmati And Tributaries - Shedhi & Khari,7.65,834.0,,6.449999999999999,,SABARMATI,2020-06-30
2020,1223,SABARMATI AFTER CONF. WITH MESHWA AT VAUTHA (NEAR,GUJARAT,Sabarmati And Tributaries - Shedhi & Khari,7.55,1585.5,26.5,3.4,,MESHWA,2020-06-30
2020,1409,"SABARMATI AT RAILWAY BRIDGE AHMEDABAD,",GUJARAT,Sabarmati And Tributaries - Shedhi & Khari,7.95,280.0,,7.1,,SABARMATI,2020-06-30
2020,1866,"SABARMATI RIVER AT HANSAOL BRIDGE,",GUJARAT,Sabarmati And Tributaries - Shedhi & Khari,7.699999999999999,313.0,,7.1,,RIVER,2020-06-30
2020,1407,"SABARMATI AT GANDHI NAGAR CHILODA BRIDGE, LEKAWADA",GUJARAT,Sabarmati And Tributaries - Shedhi & Khari,8.0,342.0,1.5,7.45,,SABARMATI,2020-06-30
2020,1408,"SABARMATI AT VILL. MIROLI TALUKA DASCROI, AHMEDABA",GUJARAT,Sabarmati And Tributaries - Shedhi & Khari,7.6499999999999995,1647.0,42.5,2.25,,SABARMATI,2020-06-30
2020,1482,"SABARMATI AT MAHUDI JAIN TEMPLE, 150 KM. FORM ORIG",GUJARAT,Sabarmati And Tributaries - Shedhi & Khari,8.05,433.5,1.5,7.15,,SABARMATI,2020-06-30
2020,2075,"DHAROI DAM, DIST. MEHSANA.",GUJARAT,Sabarmati And Tributaries - Shedhi & Khari,7.95,488.5,0.8,6.55,,Sabarmati And Tributaries - Shedhi & Khari,2020-06-30
2020,1222,"SHEDHI AT KHEDA,",GUJARAT,Sabarmati And Tributaries - Shedhi & Khari,8.0,1495.0,5.0,4.199999999999999,,SHEDHI,2020-06-30
2020,1437,"KHARI AT LALI VILLAGE NEAR AHMEDABAD,",GUJARAT,Sabarmati And Tributaries - Shedhi & Khari,7.6,1826.0,115.5,,,KHARI,2020-06-30
2020,3321,"NARMADA AT AMARKANTAKE FROM ORIGIN POINT, REWA",MADHYA PRADESH,Narmada,7.755,302.5,,7.95,,NARMADA,2020-06-30
2020,1242,NARMADA NEAR SOURCE AT AMARKANTAK M.P.,MADHYA PRADESH,Narmada,7.45,1199.5,,5.65,,NARMADA,2020-06-30
2020,1241,NARMADA AT MANDLA NEAR ROAD BDG. M.P.,MADHYA PRADESH,Narmada,7.949999999999999,261.5,,7.550000000000001,,NARMADA,2020-06-30
2020,1240,NARMADA AT NARSINGHPUR M.P.,MADHYA PRADESH,Narmada,7.65,263.5,,7.8,,NARMADA,2020-06-30
2020,2106,NARMADA AT NEMAWAR,MADHYA PRADESH,Narmada,7.800000000000001,319.5,,7.45,25.655,NARMADA,2020-06-30
2020,1239,"NARMADA AT BADWANI, M.P.",MADHYA PRADESH,Narmada,8.0,373.0,,7.6,,NARMADA,2020-06-30
2020,1431,"NARMADA AT MAHESHWAR, M. P.",MADHYA PRADESH,Narmada,7.75,298.0,,7.65,0.8600000000000001,NARMADA,2020-06-30
2020,2099,"NARMADA LALPUR, JABALPUR",MADHYA PRADESH,Narmada,8.0,254.0,,7.85,,Narmada,2020-06-30
2020,1234,NARMADA AT HOSHANGABAD U S,MADHYA PRADESH,Narmada,7.7,272.0,1.4,9.05,1.35,NARMADA,2020-06-30
2020,2112,"NARMADA NEAR MORTAKKA BRIDGE, BADWAH",MADHYA PRADESH,Narmada,7.65,379.5,,7.75,,NARMADA,2020-06-30
2020,1235,NARMADA AT HOSHANGABAD D S,MADHYA PRADESH,Narmada,7.8,321.5,1.25,7.1499999999999995,5.119999999999999,NARMADA,2020-06-30
2020,2113,"NARMADA NEAR PUNASA DAM, PUNASA",MADHYA PRADESH,Narmada,7.85,1459.0,,7.6499999999999995,0.8049999999999999,NARMADA,2020-06-30
2020,1430,NARMADA AT D S OF OMKARESHWAR M.P.,MADHYA PRADESH,Narmada,7.8,258.0,,7.55,0.845,NARMADA,2020-06-30
2020,3322,"NARMADA AT MANDLA, NEAR SHAMSHANGHAT, JABALPUR",MADHYA PRADESH,Narmada,7.949999999999999,263.0,,7.4,,NARMADA,2020-06-30
2020,3323,"NARMADA AT LALPUR, NEAR WATER SUPPLY INTAKE POINT,",MADHYA PRADESH,Narmada,7.949999999999999,274.5,,7.8,,NARMADA,2020-06-30
2020,3324,"NARMADA AT PANCHWATIGHAT, BEFORE MIXING WITH BAWAN",MADHYA PRADESH,Narmada,7.800000000000001,301.5,,7.55,,NARMADA,2020-06-30
2020,3325,"NARMADA AT SARSWATIGHAT, AFTER MIXING WITH BAWANGA",MADHYA PRADESH,Narmada,7.800000000000001,1413.0,,7.4,,NARMADA,2020-06-30
2020,2118,NARMADA RIVER AT D/S OF KAPILDHARA,MADHYA PRADESH,Narmada,7.595000000000001,245.0,,7.449999999999999,,AT,2020-06-30
2020,2123,NARMADA AT KORIGHAT HOSHANGABAD,MADHYA PRADESH,Narmada,,319.5,1.2,7.199999999999999,6.07,NARMADA,2020-06-30
2020,3847,NARMADA RIVER AT DHARAMPURI,MADHYA PRADESH,Narmada,7.95,275.0,,7.55,1.219,RIVER,2020-06-30
2020,4582,"NARMADA AT JAMTARA, NEAR RAILWAY BRIDGE",MADHYA PRADESH,Narmada,7.8500000000000005,1740.0,1.2,7.7,0.805,NARMADA,2020-06-30
2020,4583,NARMADA NEAR ROAD BRIDGE JHANSINGHAT JABALPUR,MADHYA PRADESH,Narmada,7.65,275.0,1.25,7.6,1.45,NARMADA,2020-06-30
2020,4584,NARMADA N.H. 44 NEAR ROAD BRIDGE AT BARMAN. JABALP,MADHYA PRADESH,Narmada,7.7,256.0,1.2999999999999998,7.55,0.7849999999999999,BRIDGE,2020-06-30
2020,4586,NARMADA S.N. 44 NEAE ROAD BRIDGE NEAR JHILKOLI NARSINGPUR,MADHYA PRADESH,Narmada,7.6499999999999995,1473.5,1.3,7.5,1.475,BRIDGE,2020-06-30
2020,4587,"NARMADA AT NEAR ROAD BRIDGE, SANDIA",MADHYA PRADESH,Narmada,8.05,248.0,1.05,8.75,1.2850000000000001,NARMADA,2020-06-30
2020,4588,NARMADA AT U/S OF VILLAGE JAIT,MADHYA PRADESH,Narmada,7.85,261.5,1.1,9.05,2.735,NARMADA,2020-06-30
2020,4589,NARMADA AT D/S OF VILL. JAIT,MADHYA PRADESH,Narmada,7.9,292.5,1.35,8.85,2.2,NARMADA,2020-06-30
2020,4590,NARMADA U/S BEFOR CONFLU. RIVER TAWA NEAR BANDRABH,MADHYA PRADESH,Narmada,7.95,266.0,1.2,9.3,1.685,TAWA,2020-06-30
2020,4591,NARMADA D/S AFTER CONFLU. RIVER TAWA RAMNAGAR,MADHYA PRADESH,Narmada,7.9,278.5,1.35,8.899999999999999,2.015,NARMADA,2020-06-30
2020,4592,"RIVER NARMADA AT BUDHNIGHAT, BUDHNI",MADHYA PRADESH,Narmada,7.75,232.5,1.4,9.05,1.505,NARMADA,2020-06-30
2020,4593,NARMADA AT D/S OF TEXTILE UNIT VILLAGE. HOLIPURA BUDNI,MADHYA PRADESH,Narmada,7.85,251.5,1.35,8.95,1.9849999999999999,NARMADA,2020-06-30
2020,4594,NARMADA AT BEFOR CONFLU. OF RIVER JAMNER VILL. NEMAWAR,MADHYA PRADESH,Narmada,8.0,335.5,1.5499999999999998,7.449999999999999,,NARMADA,2020-06-30
2020,4595,NARMADA 500 M.D/S NEAR JAIN MANDER VILLAGE NEMAWAR,MADHYA PRADESH,Narmada,7.8500000000000005,334.0,1.75,7.4,,Narmada,2020-06-30
2020,4596,NARMADA AT HANUWANTIA DIST. KHANDWA,MADHYA PRADESH,Narmada,8.0,246.0,0.8500000000000001,7.699999999999999,,NARMADA,2020-06-30
2020,4597,NARMADA AT U/S OMKAREWHWAR DAM KHANDWA,MADHYA PRADESH,Narmada,7.8,338.5,0.8500000000000001,7.6,,NARMADA,2020-06-30
2020,4598,NARMADA RIVER AT DHARESHWAR,MADHYA PRADESH,Narmada,7.95,288.0,0.85,7.800000000000001,,RIVER,2020-06-30
2020,4599,NARMADA NEAR W/S INTAKE JALLOD,MADHYA PRADESH,Narmada,7.8,256.0,0.8,7.65,,NARMADA,2020-06-30
2020,4600,NARMADA RIVER AT SHAHASTRADHARA (JALKOTI),MADHYA PRADESH,Narmada,7.95,297.5,0.8,7.75,,RIVER,2020-06-30
2020,4601,NARMADA AT KHALGHAT,MADHYA PRADESH,Narmada,8.2,285.5,0.8999999999999999,7.5,,NARMADA,2020-06-30
2020,1244,"NARMADA AT PANETHA,",GUJARAT,Narmada,7.95,1452.0,,7.45,,NARMADA,2020-06-30
2020,1245,"NARMADA AT CHANDOD,",GUJARAT,Narmada,7.55,399.0,,7.75,,NARMADA,2020-06-30
2020,1981,"NARMADA AT ZANOR (NTPC), BHARUCH",GUJARAT,Narmada,7.95,401.0,,7.050000000000001,,NARMADA,2020-06-30
2020,1243,"NARMADA AT BHARUCH, ZADESHVAR",GUJARAT,Narmada,7.85,608.0,,5.55,,NARMADA,2020-06-30
2020,1236,"CHOTA TAWA BEFORE CONFL. WITH RIVER NARMADA, M.P.",MADHYA PRADESH,Narmada,7.95,479.5,,7.5,,Narmada,2020-06-30
2020,2100,"GOUR RIVER BHOGA DOOR, JABALPUR",MADHYA PRADESH,Narmada,7.949999999999999,270.0,,7.4,,Narmada,2020-06-30
2020,2114,KUNDA AT KHARGONE,MADHYA PRADESH,Narmada,8.2,457.0,,6.6,,KUNDA,2020-06-30
2020,3305,"BANJAR AT MALANJKHAND NEAR W/S INTAKE POINT, JABALPUR",MADHYA PRADESH,Narmada,8.0,1920.0,,7.4,,BANJAR,2020-06-30
2020,3326,"SIMRAR AT KATNI NEAR ACC W/S INTAKE POINT, JABALPUR",MADHYA PRADESH,Narmada,7.949999999999999,264.0,,6.0,,SIMRAR,2020-06-30
2020,3829,"HIRAN, NH -12 ROAD BRIDGE VIL VIKRAMPUR ,DIST. NARSINGPUR",MADHYA PRADESH,Narmada,7.85,290.0,,7.4,,Narmada,2020-06-30
2020,2115,TAPI AT NEPA NAGAR 100 METRE D/S AFTER MIXING PANDHAR NALLAH,MADHYA PRADESH,Tapi,7.9,372.5,,7.3999999999999995,,TAPI,2020-06-30
2020,1250,TAPI AT HATHNUR M.P.,MADHYA PRADESH,Tapi,7.95,469.5,1.6,6.5,,TAPI,2020-06-30
2020,1247,TAPI AT MANDAVI,GUJARAT,Tapi,7.65,2224.5,,7.3,,TAPI,2020-06-30
2020,1983,TAPI RIVER NEAR BARDOLI (KAPP BRIDGE) BARDOLI,GUJARAT,Tapi,7.45,444.0,,6.95,,RIVER,2020-06-30
2020,1248,TAPI AT SURAT U/S KATHORE,GUJARAT,Tapi,7.55,459.0,,7.2,,TAPI,2020-06-30
2020,1982,"TAPI AT RANDER BRIDGE, SURAT",GUJARAT,Tapi,7.75,514.5,,7.2,,TAPI,2020-06-30
2020,2070,"KIM RIVER AT SAHOL BRIDGE, OLPAD HANSOT ROAD, DIST. SURAT",GUJARAT,Tapi,7.6499999999999995,1685.5,,6.0,,RIVER,2020-06-30
2020,3203,"AMRAVATI AT VILLAGE DADHAL , TA ANKLESHWAR, BHARUCH",GUJARAT,Tapi,7.8,854.0,,7.1499999999999995,,AMRAVATI,2020-06-30
2020,1851,"MAHANADI AT SIHAWA, CHHATISGARH.",CHHATTISGARH,Mahanadi,7.4,266.0,2.6,6.8,,MAHANADI,2020-06-30
2020,1264,"MAHANADI AT RUDRI U/S AT DHAMTORI RESERVOIR, CHHATISGARH.",CHHATTISGARH,Mahanadi,7.4,281.0,4.1,7.0,,MAHANADI,2020-06-30
2020,1099,"MAHANADI AT U/S OF RAJIM, CHHATISGARH.",CHHATTISGARH,Mahanadi,7.449999999999999,1614.0,3.3,6.5,,MAHANADI,2020-06-30
2020,1852,"MAHANADI AT ARRANG, RAIPUR, CHHATISGARH.",CHHATTISGARH,Mahanadi,7.55,335.0,1.8,6.6,,MAHANADI,2020-06-30
2020,1100,"MAHANADI AT KHARAD, CHHATISGARH.",CHHATTISGARH,Mahanadi,8.3,260.0,1.6500000000000001,7.6,3.3,MAHANADI,2020-06-30
2020,1282,"MAHANADI AT SHEORINARAYAN VILLAGE, CHHATISGARH.",CHHATTISGARH,Mahanadi,8.45,181.0,1.9,6.9,3.6500000000000004,MAHANADI,2020-06-30
2020,1467,"MAHANADI AFTER CONFL. WITH RIVER MAND, CHHATISGARH",CHHATTISGARH,Mahanadi,8.35,283.0,1.9,7.0,3.85,Mahanadi,2020-06-30
2020,3168,DOWNSTREAM OF HASDEO RIVER NEAR URGA VILLAGE KORBA,CHHATTISGARH,Mahanadi,7.15,6369.5,,6.65,,RIVER,2020-06-30
2020,1101,"MAHANADI AT INTERSTATE BOUNDRY, CHHATISGARH.",CHHATTISGARH,Mahanadi,7.3,209.0,2.7,6.95,22.435000000000002,MAHANADI,2020-06-30
2020,1281,MAHANADI AT HIRAKUD RESERVOIR,ODISHA,Mahanadi,7.550000000000001,169.5,,8.100000000000001,,MAHANADI,2020-06-30
2020,1270,MAHANADI AT SAMBALPUR U/S,ODISHA,Mahanadi,7.3999999999999995,221.0,,7.6,,MAHANADI,2020-06-30
2020,1271,MAHANADI AT SAMBALPUR D/S,ODISHA,Mahanadi,7.7,249.5,1.85,7.7,,MAHANADI,2020-06-30
2020,2405,SAMBHALPUR FD/s AT HUMA,ODISHA,Mahanadi,7.65,173.0,,7.6,,Mahanadi,2020-06-30
2020,1272,MAHANADI D/S (AFTER CONFL. WITH R. ONG SONEPUR U/S,ODISHA,Mahanadi,7.7,191.5,,7.800000000000001,,MAHANADI,2020-06-30
2020,1274,MAHANADI A/c WITH TEL (SONEPUR D/S),ODISHA,Mahanadi,7.7,217.0,,7.5,,SONEPUR,2020-06-30
2020,2404,MAHANADI POWER CHANNEL D/S NEAR BURLA,ODISHA,Mahanadi,7.5,175.5,,7.4,,CHANNEL,2020-06-30
2020,2406,MAHANADI AT MUNDALI (WATER INTAKE POINT OF BHUBANE,ODISHA,Mahanadi,7.800000000000001,177.0,,7.95,,MAHANADI,2020-06-30
2020,3887,SAMBALPUR FD/S T SHANKARMATH,ODISHA,Mahanadi,7.3,274.0,,6.75,,Mahanadi,2020-06-30
2020,1275,MAHANADI AT TIKARPADA,ODISHA,Mahanadi,7.550000000000001,208.5,,8.1,,MAHANADI,2020-06-30
2020,1276,MAHANADI AT NARSINGHPUR,ODISHA,Mahanadi,7.800000000000001,185.5,,8.2,,MAHANADI,2020-06-30
2020,1277,MAHANADI AT CUTTACK U/S,ODISHA,Mahanadi,7.9,145.5,,8.1,,MAHANADI,2020-06-30
2020,1278,MAHANADI AT CUTTACK D/S,ODISHA,Mahanadi,7.800000000000001,182.5,,7.6,,MAHANADI,2020-06-30
2020,3888,MAHANADI POWER CHANNEL U/S,ODISHA,Mahanadi,7.5,170.5,,7.5,,CHANNEL,2020-06-30
2020,2407,MAHANADI AT PARADEEP U/S (BEFORE INDUSTRIAL ACTIVITY AT PARADEEP),ODISHA,Mahanadi,7.6,3946.0,,7.5,,MAHANADI,2020-06-30
2020,1639,MAHANADI AT PARADEEP D/s,ODISHA,Mahanadi,7.75,21426.0,,7.3,,MAHANADI,2020-06-30
2020,1107,"SEONATH AT U/S RAJNANDGAON, CHHATISGARH.",CHHATTISGARH,Mahanadi,7.25,229.0,1.4,7.5,,SEONATH,2020-06-30
2020,1266,"SEONATH AT SHIMGA AFTER CONFL. WITH R. KHAROON, CHHATISGARH.",CHHATTISGARH,Mahanadi,7.5,336.0,3.3,6.800000000000001,,SEONATH,2020-06-30
2020,1845,"SEONATH RIVER WATER SUPPLY WELL, DURG, CHHATISGARH.",CHHATTISGARH,Mahanadi,7.3,202.0,1.4500000000000002,7.449999999999999,,Mahanadi,2020-06-30
2020,3166,"SEONATH AT JHINGHRI VILLAGE, A/C OF SAMODA NALLA, CHHATISGARH.",CHHATTISGARH,Mahanadi,7.6,465.0,2.9,6.45,,SEONATH,2020-06-30
2020,3167,"SEONATH AT RAJNANDGAON, D/S AT MOHAD, RAJNANDGAON, CHHATISGARH.",CHHATTISGARH,Mahanadi,7.3,208.0,1.5,7.449999999999999,,SEONATH,2020-06-30
2020,1265,"KHAROON AT RAIPUR U/S, CHHATISGARH.",CHHATTISGARH,Mahanadi,7.4,286.5,2.35,6.85,,KHAROON,2020-06-30
2020,1847,"KHAROON RIVER B/C KHAPRI DRAIN, DURG, RAIPUR ROAD BRIDGE, CHHATISGARH.",CHHATTISGARH,Mahanadi,7.35,285.0,1.85,7.15,,Mahanadi,2020-06-30
2020,1853,"KHAROON RIVER BUNDRI, RAIPUR, CHHATISGARH.",CHHATTISGARH,Mahanadi,7.449999999999999,294.0,2.25,6.45,,Mahanadi,2020-06-30
2020,1105,"HASDEO AT U/S KORBA, CHHATISGARH.",CHHATTISGARH,Mahanadi,7.05,5264.5,,7.5,,HASDEO,2020-06-30
2020,1106,"HASDEO AT U/S OF CHAMPA, CHHATISGARH.",CHHATTISGARH,Mahanadi,7.95,324.0,4.35,7.2,4.05,HASDEO,2020-06-30
2020,3165,HASDEO RIVER 100 METER DOWNSTREAM AFTER CONFLUENCE,CHHATTISGARH,Mahanadi,7.1,7620.5,,4.0,,Mahanadi,2020-06-30
2020,3169,DRINKING WATER INTAKE WELL OF MUNICIPAL CO. KORBA,CHHATTISGARH,Mahanadi,7.1,6507.0,,4.3,,Mahanadi,2020-06-30
2020,3170,DRINKING WATER INTAKE WELL OF MUNICIPAL CO. KORBA,CHHATTISGARH,Mahanadi,7.15,7918.5,,7.6,,Mahanadi,2020-06-30
2020,1267,IB AT SUNDARGARH,ODISHA,Mahanadi,7.550000000000001,124.5,,7.3,,Mahanadi,2020-06-30
2020,1268,IB AT JHARSUGUDA (INTAKE),ODISHA,Mahanadi,7.550000000000001,156.5,,8.0,,Mahanadi,2020-06-30
2020,1269,IB AT BRAJARAJNAGAR (INTAKE) D/S,ODISHA,Mahanadi,7.5,175.0,,8.100000000000001,,Mahanadi,2020-06-30
2020,1300,IB AT BRAJARAJNAGAR U/S,ODISHA,Mahanadi,7.6000000000000005,169.5,,8.2,,BRAJARAJNAGAR,2020-06-30
2020,2409,SERUA AT CUTTACK FD/s (SERUA) AT SANKHATRASA,ODISHA,Mahanadi,7.75,214.5,,7.45,,SERUA,2020-06-30
2020,1279,KUAKHAI AT BHUBANESWAR U/s,ODISHA,Mahanadi,7.7,199.5,,7.15,,KUAKHAI,2020-06-30
2020,1280,KUAKHAI AT BHUBANESWAR D/s,ODISHA,Mahanadi,7.7,271.5,3.45,6.5,,KUAKHAI,2020-06-30
2020,2410,KUAKHAI AT BHUBANESWAR FU/s,ODISHA,Mahanadi,7.8500000000000005,182.0,,7.199999999999999,,KUAKHAI,2020-06-30
2020,1301,KATHAJODI AT CUTTACK D/s,ODISHA,Mahanadi,8.0,240.0,,7.25,,KATHAJODI,2020-06-30
2020,1640,BIRUPA AT CHOUDWAR D/s,ODISHA,Mahanadi,7.75,173.5,,7.4,,BIRUPA,2020-06-30
2020,1848,"ARPA RIVER D/S OF BILASPUR, CHHATISGARH.",CHHATTISGARH,Mahanadi,8.3,1769.0,2.25,6.85,5.25,RIVER,2020-06-30
2020,1849,"KELO RIVER U/S OF RAIGARH, CHHATISGARH.",CHHATTISGARH,Mahanadi,7.3,1219.0,2.65,6.9,1.03,RIVER,2020-06-30
2020,1850,"KELO RIVER D/S OF RAIGARH, CHHATISGARH.",CHHATTISGARH,Mahanadi,7.6,214.0,4.6,6.550000000000001,1.175,RIVER,2020-06-30
2020,2411,DAYA AT BHUBANESWAR FD/s ( 2 KM AFTER CONFLUENCE O,ODISHA,Mahanadi,7.55,275.0,2.95,6.5,,DAYA,2020-06-30
2020,3894,RIVER DAYA AT GELAPUR,ODISHA,Mahanadi,7.65,248.5,,7.1,,DAYA,2020-06-30
2020,3895,RIVER DAYA AT KANAS,ODISHA,Mahanadi,7.45,296.0,,7.0,,DAYA,2020-06-30
2020,3891,KATHAJODI AT CUTTACK U/s,ODISHA,Mahanadi,8.0,180.5,,8.0,,KATHAJODI,2020-06-30
2020,3892,KATHJODI AT CUTTACK FD/s AT MATTAGAJPUR,ODISHA,Mahanadi,7.699999999999999,240.5,,7.3,,KATHJODI,2020-06-30
2020,3893,KATHJODI AT CUTTACK FD/s AT KAMASASAN,ODISHA,Mahanadi,7.8,208.5,,7.699999999999999,,KATHJODI,2020-06-30
2020,3900,GOBARI AT KENDRAPARA U/s,ODISHA,Mahanadi,7.6,877.0,,6.699999999999999,,GOBARI,2020-06-30
2020,3901,GOBARI AT KENDRAPARA D/s,ODISHA,Mahanadi,7.5,911.5,,6.3,,GOBARI,2020-06-30
2020,3902,DEVI AT MACCHGAON,ODISHA,Mahanadi,7.55,12553.5,,7.1,,DEVI,2020-06-30
2020,3896,GANGUA NEAR RAJDHANI ENGINEERING COLLEGE,ODISHA,Mahanadi,7.4,288.5,8.3,2.0,,GANGUA,2020-06-30
2020,3897,GANGUA AT PALASUNI,ODISHA,Mahanadi,6.85,411.0,11.85,1.3499999999999999,,GANGUA,2020-06-30
2020,3898,GANGUA AT SAMANTARAPUR,ODISHA,Mahanadi,6.75,361.5,9.45,1.7000000000000002,,GANGUA,2020-06-30
2020,3899,GANGUA AT VADIMULA,ODISHA,Mahanadi,7.0,288.0,5.95,4.800000000000001,,GANGUA,2020-06-30
2020,3903,KUSHABHADRA AT BHINGARPUR,ODISHA,Mahanadi,7.3999999999999995,265.5,,8.4,,KUSHABHADRA,2020-06-30
2020,3904,KUSHABHADRA AT NIMAPARA,ODISHA,Mahanadi,7.4,283.5,,8.05,,KUSHABHADRA,2020-06-30
2020,3905,KUSHABHADRA AT GOP,ODISHA,Mahanadi,7.35,233.0,,6.949999999999999,,KUSHABHADRA,2020-06-30
2020,3906,MANGALA AT PURI U/s MALATIPATPUR,ODISHA,Mahanadi,7.5,1707.0,,6.949999999999999,,MANGALA,2020-06-30
2020,3907,MANGALA AT PURI D/s GOLASAHI,ODISHA,Mahanadi,7.550000000000001,8151.5,2.9499999999999997,10.1,,MANGALA,2020-06-30
2020,3908,BHARGAVI AT CHANDANPUR,ODISHA,Mahanadi,7.4,624.0,,7.050000000000001,,BHARGAVI,2020-06-30
2020,3909,KANSARI RIVER AT BANAPUR ROAD NEAR PURUSHOTTAMPUR,ODISHA,Mahanadi,7.75,228.0,,7.1000000000000005,,AT BANAPUR ROAD,2020-06-30
2020,3910,BADASANKHA NADI NEAR LANGALESWAR,ODISHA,Mahanadi,7.35,596.0,,6.8,,NADI,2020-06-30
2020,3911,RATNACHIRA NAADI AT KUMARADIHI,ODISHA,Mahanadi,7.25,400.0,,6.8500000000000005,,NAADI,2020-06-30
2020,3912,NUNA NADI AT BIJIPUR,ODISHA,Mahanadi,7.55,293.5,,7.050000000000001,,NADI,2020-06-30
2020,3913,KUSUMI NADI NEAR TANGI (LAXMIDHARA PUR),ODISHA,Mahanadi,7.5,198.5,,7.5,,NADI,2020-06-30
2020,3914,SABULIA NADI NEAR RAMBHA (AT JAGANNATHPATNA),ODISHA,Mahanadi,7.95,7229.0,,8.2,,NADI,2020-06-30
2020,2412,SANKHA U/s ( D/S OF MANDIRA DAM),ODISHA,Mahanadi,7.25,181.5,,7.4,,SANKHA,2020-06-30
2020,1081,BAITARNI AT JODA,ODISHA,Baitarni And Its Tributaries - Salandi & Kusei,7.45,121.5,,6.95,,BAITARNI,2020-06-30
2020,1082,BAITARNI AT ANANDPUR,ODISHA,Baitarni And Its Tributaries - Salandi & Kusei,7.45,141.5,,7.0,,BAITARNI,2020-06-30
2020,1083,BAITARNI AT JAJPUR,ODISHA,Baitarni And Its Tributaries - Salandi & Kusei,7.6000000000000005,190.0,,7.4,,BAITARNI,2020-06-30
2020,3935,BAITARNI RIVER AT NAIGARH,ODISHA,Baitarni And Its Tributaries - Salandi & Kusei,7.2,113.5,,6.9,,RIVER,2020-06-30
2020,3936,BAITARNI RIVER AT UNCHABALI,ODISHA,Baitarni And Its Tributaries - Salandi & Kusei,7.2,117.5,,6.699999999999999,,RIVER,2020-06-30
2020,1085,BAITARNI AT DHAMRA,ODISHA,Baitarni And Its Tributaries - Salandi & Kusei,7.35,17408.0,,7.4,,BAITARNI,2020-06-30
2020,3938,BAITARNI RIVER AT TRIBINDHA,ODISHA,Baitarni And Its Tributaries - Salandi & Kusei,7.3,159.5,,6.75,,RIVER,2020-06-30
2020,3937,BAITARNI RIVER AT CHAMPUA,ODISHA,Baitarni And Its Tributaries - Salandi & Kusei,7.1,150.5,,7.25,,RIVER,2020-06-30
2020,1084,BAITARNI AT CHANDBALI U/s,ODISHA,Baitarni And Its Tributaries - Salandi & Kusei,7.4,3174.5,,7.0,,BAITARNI,2020-06-30
2020,10018,RIVER BAITARNI AT CHANDBALI D/S,Odisha,Baitarni And Its Tributaries - Salandi & Kusei,7.300000000000001,4061.0,,7.4,,BAITARNI,2020-06-30
2020,3940,SALANDI AT BHADRAK U/S,ODISHA,Baitarni And Its Tributaries - Salandi & Kusei,7.3,209.0,,7.6,,SALANDI,2020-06-30
2020,3941,SALANDI AT BHADRAK D/s,ODISHA,Baitarni And Its Tributaries - Salandi & Kusei,7.5,186.5,,7.8,,SALANDI,2020-06-30
2020,2421,KUSEI BEFORE JOINING WITH BAITARANI RIVER AT ANAND,ODISHA,Baitarni And Its Tributaries - Salandi & Kusei,7.699999999999999,194.0,,7.1,,RIVER,2020-06-30
2020,1037,BRAHMANI AT U/S PANPOSH,ODISHA,Baitarni And Its Tributaries - Salandi & Kusei,7.35,170.0,,7.35,,BRAHMANI,2020-06-30
2020,1038,BRAHMANI AT D/S PANPOSH AT DEOGAN,ODISHA,Baitarni And Its Tributaries - Salandi & Kusei,7.3999999999999995,273.5,4.55,5.0,,BRAHMANI,2020-06-30
2020,1302,BRAHMANI AT ROURKELA D/s AT JALDA,ODISHA,Baitarni And Its Tributaries - Salandi & Kusei,7.2,184.5,3.75,6.3,,BRAHMANI,2020-06-30
2020,2414,ROURKELA FD/s AT BIRITOLA,ODISHA,Baitarni And Its Tributaries - Salandi & Kusei,7.35,161.0,,7.550000000000001,,Baitarni And Its Tributaries - Salandi & Kusei,2020-06-30
2020,1039,BRAHMANI AT BONAIGARH,ODISHA,Baitarni And Its Tributaries - Salandi & Kusei,7.6,157.0,,7.25,,BRAHMANI,2020-06-30
2020,1040,BRAHMANI AT RENGALI,ODISHA,Baitarni And Its Tributaries - Salandi & Kusei,7.7,131.0,,7.6,,BRAHMANI,2020-06-30
2020,1041,BRAHMANI AT SAMAL,ODISHA,Baitarni And Its Tributaries - Salandi & Kusei,7.6000000000000005,138.5,,6.8,,BRAHMANI,2020-06-30
2020,2415,"BRAHMANI AT TALCHER FU/s (INTAKE WELL OF MCL, TALC",ODISHA,Baitarni And Its Tributaries - Salandi & Kusei,7.6,143.5,,8.2,,BRAHMANI,2020-06-30
2020,2416,BRAHMANI AT TALCHER FD/s,ODISHA,Baitarni And Its Tributaries - Salandi & Kusei,7.5,172.0,,7.800000000000001,,BRAHMANI,2020-06-30
2020,1042,BRAHMANI AT KAMALANGA (TALCHER D/s),ODISHA,Baitarni And Its Tributaries - Salandi & Kusei,7.55,178.0,,7.5,,BRAHMANI,2020-06-30
2020,1303,BRAHMANI AT TALCHER U/s,ODISHA,Baitarni And Its Tributaries - Salandi & Kusei,7.6,158.0,,7.6000000000000005,,BRAHMANI,2020-06-30
2020,1043,BRAHMANI AT BHUBAN,ODISHA,Baitarni And Its Tributaries - Salandi & Kusei,7.65,151.5,,7.4,,BRAHMANI,2020-06-30
2020,2418,BRAHMANI AT KABATABANDHA (BEFORE IMPACT OF INDUSTRIAL ACTIVITY IN KALINGANAGAR AREA),ODISHA,Baitarni And Its Tributaries - Salandi & Kusei,7.5,147.5,,7.35,,BRAHMANI,2020-06-30
2020,1044,BRAHMANI AT DHARMASHALA U/s,ODISHA,Baitarni And Its Tributaries - Salandi & Kusei,7.6000000000000005,182.5,,7.6,,BRAHMANI,2020-06-30
2020,1045,BRAHMANI AT PATTAMUNDAI,ODISHA,Baitarni And Its Tributaries - Salandi & Kusei,7.55,300.0,,7.050000000000001,,BRAHMANI,2020-06-30
2020,3916,ROURKELA FD/s AT ATTAGHAT,ODISHA,Baitarni And Its Tributaries - Salandi & Kusei,7.199999999999999,170.5,2.75,7.8,,Baitarni And Its Tributaries - Salandi & Kusei,2020-06-30
2020,3917,BRAHMANI AT MANDAPAL,ODISHA,Baitarni And Its Tributaries - Salandi & Kusei,7.6,156.0,,8.0,,BRAHMANI,2020-06-30
2020,3918,BRAHMANI AT DHENKANAL U/s,ODISHA,Baitarni And Its Tributaries - Salandi & Kusei,7.65,150.0,,7.6000000000000005,,BRAHMANI,2020-06-30
2020,2419,KHARASROTA AT KHANDITARA (D/S OF INDUSTRIAL ACTIVITY,ODISHA,Baitarni And Its Tributaries - Salandi & Kusei,7.5,158.0,,7.6499999999999995,,KHARASROTA,2020-06-30
2020,2420,KHARASROTA AT AUL,ODISHA,Baitarni And Its Tributaries - Salandi & Kusei,7.55,310.5,,7.1,,KHARASROTA,2020-06-30
2020,3922,KHARASROTA AT BINJHARPUR,ODISHA,Baitarni And Its Tributaries - Salandi & Kusei,7.4,155.5,,7.8,,KHARASROTA,2020-06-30
2020,3931,BANGURUSINGADA JHOR,ODISHA,Baitarni And Its Tributaries - Salandi & Kusei,7.85,353.5,,7.699999999999999,,Baitarni And Its Tributaries - Salandi & Kusei,2020-06-30
2020,1035,"KARO AT LOHOJIMI U/S, JHARKAND",JHARKHAND,Baitarni And Its Tributaries - Salandi & Kusei,7.4,,2.0999999999999996,8.05,,KARO,2020-06-30
2020,3915,KARO RIVER T BADBIL,ODISHA,Baitarni And Its Tributaries - Salandi & Kusei,7.449999999999999,195.5,,7.35,,Baitarni And Its Tributaries - Salandi & Kusei,2020-06-30
2020,2360,"GODAVARI AT BASARA, ADILABAD",TELANGANA,Godavari,7.2,413.5,11.55,7.15,3.135,GODAVARI,2020-06-30
2020,2361,"GODAVARI AT MANCHERIAL, NEAR RLY BDG B/C OF RALLAVAGU",TELANGANA,Godavari,8.05,513.0,2.5,5.2,0.95,GODAVARI,2020-06-30
2020,2362,"GODAVARI AT RAMAGUNDAM D/S, NEAR FCI INTAKE WELL, KARIMNAGAR",TELANGANA,Godavari,8.05,485.5,2.6,5.35,1.15,GODAVARI,2020-06-30
2020,2363,"GODAVARI AT GODAVARIKHANI, NEAR BATHING GHAT, KARIMNAGAR",TELANGANA,Godavari,7.859999999999999,488.5,3.7,5.1,1.7,GODAVARI,2020-06-30
2020,2364,"GODAVARI AT RAMAGUNDAM U/S , KARIMNAGAR",TELANGANA,Godavari,8.05,511.0,2.55,4.95,1.2,GODAVARI,2020-06-30
2020,2365,GODAVARI AT KAMALPUR U/S M/S AP RAYONS LTD. INTAKE,TELANGANA,Godavari,7.9799999999999995,416.0,3.05,5.25,1.65,GODAVARI,2020-06-30
2020,2367,"GODAVARI AT BHADRACHALAM U/S BATHING GHAT, KHAMMAM",TELANGANA,Godavari,7.8500000000000005,288.0,2.7,5.6,0.65,GODAVARI,2020-06-30
2020,2369,"GODAVARI AT BURGAMPAHAD, KHAMMAM",TELANGANA,Godavari,7.86,269.5,2.6,5.1,1.15,GODAVARI,2020-06-30
2020,2366,"GODAVARI AT KAMALPUR D/S AT M/S. AP RAYONS LTD. DISCHARGE POINT, WARANGAL",TELANGANA,Godavari,7.800000000000001,351.5,2.5,5.800000000000001,1.65,GODAVARI,2020-06-30
2020,2368,"GODAVARI AT BHADRACHALAM D/S BATHING GHAT, KHAMMAM",TELANGANA,Godavari,,310.0,3.05,5.45,0.75,GODAVARI,2020-06-30
2020,2356,"GODAVARI, D/S OF RAMANUGUNDAM, MANTHANI",TELANGANA,Godavari,8.025,567.5,3.05,5.05,1.7,Godavari,2020-06-30
2020,4662,"RIVER GODAVARI AT KALESHWARAM, 500 MTS.BEFORE BATHING GHAT",TELANGANA,Godavari,,2436.0,2.5,5.7,,GODAVARI,2020-06-30
2020,1218,"GODAVARI AT RAJAHMUNDRY U/s, KUMARADEVAM, EAST GODAVARI",ANDHRA PRADESH,Godavari,7.75,223.0,1.55,6.95,,GODAVARI,2020-06-30
2020,1219,"GODAVARI AT RAJAHMUNDRY D/s, DHAVALESWARAM, EAST GODAVARI",ANDHRA PRADESH,Godavari,7.55,232.5,1.8,7.300000000000001,,GODAVARI,2020-06-30
2020,2370,"GODAVARI AT RAJAMUNDRY U/s OF NALLA CHANNEL, EAST GODAVARI DIST.",ANDHRA PRADESH,Godavari,7.6,304.0,1.6,7.35,1.4049999999999998,GODAVARI,2020-06-30
2020,2371,"GODAVARI AT RAJAMUNDRY D/s OF NALLA CHANNEL, EAST GODAVARI DIST.",ANDHRA PRADESH,Godavari,7.5,331.5,2.1,6.95,1.365,GODAVARI,2020-06-30
2020,4367,"RIVER GODAVARI KOUNDINYA MUKTHI (V), KUKUNUR (M), BORDER BETWEEN A.P. & TELANGANA",ANDHRA PRADESH,Godavari,7.949999999999999,507.5,1.6,7.050000000000001,,Godavari,2020-06-30
2020,1854,"INDRAVATI RIVER A/C DANTEWADA RIVER, NELSONNAR, DANTEWADA, CHATTISGARH",CHHATTISGARH,Godavari,7.449999999999999,,2.15,7.55,,Godavari,2020-06-30
2020,1855,"INDRAVATI RIVER B/C GODAVARI AT BHOPALPATNAM, DANTEWADA, CHATTISGARH",CHHATTISGARH,Godavari,7.5,,2.1,7.45,,B/C GODAVARI,2020-06-30
2020,1856,"SHANKNI RIVER A/C DANKANI RIVER DANTEWADA, CHHATISGARH",CHHATTISGARH,Godavari,7.449999999999999,,2.4,7.5,,Godavari,2020-06-30
2020,2374,MANJEERA AT GOWDICHARLA B/C WITH NAKKAVAGU,TELANGANA,Godavari,,1199.5,2.7,3.5,,MANJEERA,2020-06-30
2020,2375,MANJEERA AT GOWDICHARLA A/C WITH NAKKAVAGU,TELANGANA,Godavari,7.265,1242.0,2.7,3.65,,MANJEERA,2020-06-30
2020,1781,"MANJEERA RIVER - NEAR GANAPATHI SUGARS , MEDAK DIST.",TELANGANA,Godavari,7.234999999999999,702.0,2.55,6.4,,-,2020-06-30
2020,1157,MANJEERA AT RAIPALLY,TELANGANA,Godavari,7.23,368.0,2.1500000000000004,6.6,,MANJEERA,2020-06-30
2020,1215,MANER AT WARANGAL U/S (RIVER MANERU AT THUMMALA CHERUVU/MADANNAPET),TELANGANA,Godavari,7.449999999999999,322.0,2.55,5.9,2.9499999999999997,MANERU,2020-06-30
2020,1158,MANER AT SOMNAPALLI,TELANGANA,Godavari,8.2,596.0,3.05,5.4,,MANER,2020-06-30
2020,1213,"WAINGANGA AT BALAGHAT, M.P.",MADHYA PRADESH,Godavari,7.7,304.0,,7.65,0.635,WAINGANGA,2020-06-30
2020,3330,"WAINGANGA AT CHHAPARA, NEAR W/S INTAKE POINT, JABALPUR",MADHYA PRADESH,Godavari,7.800000000000001,329.0,,7.45,,WAINGANGA,2020-06-30
2020,2372,"KINNERASANI A/C OF KTPS ASH POND EFFLUENTS, KHAMMAM",TELANGANA,Godavari,7.9,452.5,4.1,4.75,1.45,Godavari,2020-06-30
2020,2373,"SABARI AT KUNAVARAM, KHAMMAM",TELANGANA,Godavari,,93.5,2.15,6.0,,SABARI,2020-06-30
2020,3080,"KARAKAVAGU U/S AT PALONCHA, KHAMMAM",TELANGANA,Godavari,7.8,664.0,3.55,4.85,1.4,KARAKAVAGU,2020-06-30
2020,3081,"KARAKAVAGU D/S AT PALONCHA, KHAMMAM",TELANGANA,Godavari,8.0,494.5,3.05,5.3,1.3,KARAKAVAGU,2020-06-30
2020,30059,WARDHA AT BANGON VILLAGE NEAR PANDHURNA (M.P.),INTER-STATE,Godavari,8.2,343.5,3.5,7.15,,WARDHA,2020-06-30
2020,1889,KRISHNA - ANKALI BRIDGE ALONG CHIKKODI KAGWAD ROAD,KARNATAKA,Krishna,7.949999999999999,548.0,,7.2,2.4349999999999996,Krishna,2020-06-30
2020,1182,"KRISHNA AT U/S OF UGARKHURD BARRAGE,",KARNATAKA,Krishna,8.05,575.0,,7.6000000000000005,2.325,KRISHNA,2020-06-30
2020,2781,"KRISHNA AT D/S OF ALAMATTI DAM,",KARNATAKA,Krishna,7.75,617.5,,7.55,1.365,KRISHNA,2020-06-30
2020,1181,"KRISHNA AT D/S OF NARAYANPURA DAM,",KARNATAKA,Krishna,7.75,699.5,,7.7,,KRISHNA,2020-06-30
2020,1028,"KRISHNA AT TINTINI BRIDGE,",KARNATAKA,Krishna,8.15,756.5,2.0,7.4,,KRISHNA,2020-06-30
2020,1170,KRISHNA AT D/S OF DEVASAGAR BLDG.,KARNATAKA,Krishna,8.15,1096.5,2.5,7.4,,KRISHNA,2020-06-30
2020,1465,KRISHNA AT WADAPALLY AFTER CONFL. WITH R. MUSI(SHIFTED FROM 1220),TELANGANA,Krishna,7.38,849.5,2.6,6.5,6.754999999999999,KRISHNA,2020-06-30
2020,1784,"KRISHNA AT THANGADI , MAHABOOBNAGAR DIST.",TELANGANA,Krishna,8.32,1010.5,3.05,5.949999999999999,5.22,KRISHNA,2020-06-30
2020,4663,"RIVER KRISHNA AT MATTEPALLY, 500 MTS BEFORE BATHING GAHT",TELANGANA,Krishna,7.3,691.0,2.4,6.0,,KRISHNA,2020-06-30
2020,1175,"KRISHNA A/c WITH TUNGABHADRA, SANGAMESHWARAM, KURNOOL",ANDHRA PRADESH,Krishna,7.35,818.5,1.8,5.7,,Krishna,2020-06-30
2020,1786,"KRISHNA AT VEDADRI, KURNOOL",ANDHRA PRADESH,Krishna,7.800000000000001,953.5,1.7999999999999998,7.199999999999999,1.2650000000000001,KRISHNA,2020-06-30
2020,3083,"KRISHNA D/S OF SRISHAILAM, KURNOOL",ANDHRA PRADESH,Krishna,7.2,622.5,,6.0,,KRISHNA,2020-06-30
2020,3079,"D/S OF RIVER KRISHNA A/C WITH TREATED SEWAGE DISCHARGING FROM STP LOCATED AT RAMALINGESHWARNAGAR, VIJAYAWADA, KRISHNA",ANDHRA PRADESH,Krishna,7.85,598.0,2.1,7.4,,KRISHNA A/C WITH TREATED SEWAGE DISCHARGING FROM STP LOCATED,2020-06-30
2020,1787,"KRISHNA AT AMARAVATI, GUNTUR",ANDHRA PRADESH,Krishna,7.9,774.0,,7.25,0.925,KRISHNA,2020-06-30
2020,1782,KRISHNA AT HAMSALADEEVI PULIGADDA AQUEDUCT NEAR,ANDHRA PRADESH,Krishna,7.65,,2.4,4.45,0.8400000000000001,KRISHNA,2020-06-30
2020,4375,"RIVER KRISHNA, PAVITHRA SANGAMAM, AFTER CONFLUENCE",ANDHRA PRADESH,Krishna,7.95,598.0,,7.2,0.8500000000000001,Krishna,2020-06-30
2020,4381,RIVER KRISHNA AFTER CONFLUENCE WITH RIVER MUSI AT VADAPALLI (V) BETWEEN A.P. & TELANGANA,ANDHRA PRADESH,Krishna,7.95,891.5,,7.15,0.96,KRISHNA AFTER CONFLUENCE WITH RIVER MUSI,2020-06-30
2020,1311,"PANCHAGANGA AT ICHALKARANJI, SHIRADWAD,HATKANANGALE,KOHLAPUR",MAHARASHTRA,At Shirol Near Shirol Intake Well,7.6,356.5,2.0,6.35,,PANCHAGANGA,2020-06-30
2020,2163,"PANCHAGANGA RIVER AT SHIROL NEAR SHIROL INTAKE WELL, KOLHAPUR",MAHARASHTRA,At Shirol Near Shirol Intake Well,7.55,429.5,1.8,6.6,,AT SHIROL,2020-06-30
2020,1904,"PANCHAGANGA U/S OF KOLHAPUR TOWN, BALINGA, KARVIR, KOLHAPUR",MAHARASHTRA,At Shirol Near Shirol Intake Well,7.35,225.0,1.8,6.800000000000001,,PANCHAGANGA,2020-06-30
2020,1905,"PANCHAGANGA D/S OF KOLHAPUR TOWN, UCHEGAON, KOLHAPUR",MAHARASHTRA,At Shirol Near Shirol Intake Well,7.449999999999999,301.0,1.9,6.8,,PANCHAGANGA,2020-06-30
2020,1189,"BHIMA AT PUNE U/S VITHALWADI, HAWELI, PUNE",MAHARASHTRA,At Shirol Near Shirol Intake Well,7.449999999999999,418.5,15.1,4.35,,BHIMA,2020-06-30
2020,2655,"BHIMA RIVER AT KOREGAON NEAR KOREGAON BRIDGE, SHIRUR, PUNE",MAHARASHTRA,At Shirol Near Shirol Intake Well,7.92,774.6,6.0,5.9,,AT KOREGAON,2020-06-30
2020,1190,"BHIMA AT PUNE, D/S OF BUNDGARDEN, YERWADA, HAWELI, PUNE",MAHARASHTRA,At Shirol Near Shirol Intake Well,7.51,498.7,13.0,5.35,,BHIMA,2020-06-30
2020,1191,"BHIMA AT PARGAON (AFTER CONFL.WITH MULA MUTHA),PARGAON, DAUND, PUNE",MAHARASHTRA,At Shirol Near Shirol Intake Well,7.725,687.5,8.5,5.15,,BHIMA,2020-06-30
2020,1192,"BHIMA AFTER CONF. WITH DAUND, DAUND, PUNE",MAHARASHTRA,At Shirol Near Shirol Intake Well,7.71,845.0,6.9,5.0,,At Shirol Near Shirol Intake Well,2020-06-30
2020,1188,"BHIMA AT NARSINGPUR, (D/S AF.CONFL.WITH R.NIRA), NARSINGPUR, MALSHIROS, SOLAPUR",MAHARASHTRA,At Shirol Near Shirol Intake Well,8.1,1025.0,7.55,5.949999999999999,,BHIMA,2020-06-30
2020,30057,BHIMA AT GANGAPUR (BANGALORE),INTER-STATE,At Shirol Near Shirol Intake Well,8.25,1144.5,2.5,7.1,,BHIMA,2020-06-30
2020,1183,"BHIMA AT D/S OF ROAD BRIDGE AT GANGAPUR VILLAGE,",KARNATAKA,At Shirol Near Shirol Intake Well,8.0,1221.0,2.5,7.1,,BHIMA,2020-06-30
2020,1184,"BHIMA AT FEROZABAD VILLAGE (D/S),",KARNATAKA,At Shirol Near Shirol Intake Well,8.25,1097.0,2.75,7.1,,BHIMA,2020-06-30
2020,1167,"BHIMA AT D/S OF BDG. NEAR YADGIR,",KARNATAKA,At Shirol Near Shirol Intake Well,7.9,858.0,2.75,7.199999999999999,,BHIMA,2020-06-30
2020,1888,BHIMA RIVER AT CONFLUENCE OF JEWARGI TOWN SEWAGE DISPOSAL POINT,KARNATAKA,At Shirol Near Shirol Intake Well,8.05,1033.5,2.75,7.25,,RIVER,2020-06-30
2020,2656,"BHIMA RIVER-BACKWATER OF UJANI DAM NEAR RAW WATER PUMP HOUSE, KUMBARGAON, INDAPUR, PUNE",MAHARASHTRA,At Shirol Near Shirol Intake Well,7.75,777.5,5.7,6.199999999999999,,DAM,2020-06-30
2020,1163,"GHATPRABHA AT W.A. POINT TO GOKAK TOWN,",KARNATAKA,At Shirol Near Shirol Intake Well,7.85,513.0,,7.35,2.5,GHATPRABHA,2020-06-30
2020,1187,"MALPRABHA AT D/S OF KHANAPUR VILLAGE,",KARNATAKA,At Shirol Near Shirol Intake Well,7.8,197.0,,8.15,1.2999999999999998,MALPRABHA,2020-06-30
2020,1164,"MALPRABHA AT WATER ABSTR. PT. TO HUBLI, DHARWAR,",KARNATAKA,At Shirol Near Shirol Intake Well,8.15,261.0,,5.0,,MALPRABHA,2020-06-30
2020,1186,"MALPRABHA AT D/S OF AIHOLE TOWN,",KARNATAKA,At Shirol Near Shirol Intake Well,8.05,755.0,,6.6499999999999995,2.25,MALPRABHA,2020-06-30
2020,2764,"MALPRABHA AT BADAMI BRIDGE,",KARNATAKA,At Shirol Near Shirol Intake Well,8.05,694.0,,6.800000000000001,3.8600000000000003,MALPRABHA,2020-06-30
2020,1029,"TUNGABHADRA AT HARALAHALLI BRIDGE,",KARNATAKA,At Shirol Near Shirol Intake Well,7.55,274.0,2.5,6.9,,TUNGABHADRA,2020-06-30
2020,2767,TUNGABHADRA AT U/S OF HPF,KARNATAKA,At Shirol Near Shirol Intake Well,7.65,220.0,2.55,7.4,,TUNGABHADRA,2020-06-30
2020,2768,TUNGABHADRA AT D/S OF HPF,KARNATAKA,At Shirol Near Shirol Intake Well,7.55,460.0,4.05,6.25,,TUNGABHADRA,2020-06-30
2020,2769,TUNGABHADRA AT JACKWELL POINT,KARNATAKA,At Shirol Near Shirol Intake Well,7.55,313.0,2.75,6.449999999999999,,TUNGABHADRA,2020-06-30
2020,2776,TUNGABHADRA AT D/S OF GANGAWATHI,KARNATAKA,At Shirol Near Shirol Intake Well,8.1,389.0,2.5,7.3,,TUNGABHADRA,2020-06-30
2020,2766,TUNGABHADRA AT NEW BRIDGE,KARNATAKA,At Shirol Near Shirol Intake Well,7.65,238.0,2.8,7.4,,TUNGABHADRA,2020-06-30
2020,1174,"TUNGABHADRA AT KURNOOL U/s, BHAVAPURAM, KURNOOL",ANDHRA PRADESH,At Shirol Near Shirol Intake Well,7.6,1166.0,2.15,6.0,1.43,TUNGABHADRA,2020-06-30
2020,1785,"TUNGABHADRA AT MANTHRALAYAM, KURNOOL",ANDHRA PRADESH,At Shirol Near Shirol Intake Well,7.4,986.0,2.0999999999999996,5.949999999999999,1.53,TUNGABHADRA,2020-06-30
2020,1168,TUNGA AT D/S OF SHIMOGA TOWN,KARNATAKA,At Shirol Near Shirol Intake Well,7.55,215.0,3.4000000000000004,6.8500000000000005,0.62,TUNGA,2020-06-30
2020,1896,TUNGABHADRA AT CONFLUENCE POINT OF TUNGA AND BHADRA AT KUDLI,KARNATAKA,At Shirol Near Shirol Intake Well,7.6499999999999995,201.0,2.5,6.5,,TUNGABHADRA,2020-06-30
2020,1091,BHADRA AT MALLESWARAM D/S OF KIOCL,KARNATAKA,At Shirol Near Shirol Intake Well,7.05,90.0,1.8,6.75,,BHADRA,2020-06-30
2020,1387,BHADRA AT D/S OF BHADRAVATHI,KARNATAKA,At Shirol Near Shirol Intake Well,7.65,250.0,3.3,6.55,,BHADRA,2020-06-30
2020,1169,"BHADRA AT D/S OF KIOCL ROAD BRIDGE, NEAR HOLEHUNNUR",KARNATAKA,At Shirol Near Shirol Intake Well,7.75,231.0,2.7,6.449999999999999,0.52,BHADRA,2020-06-30
2020,2765,BHADRA AT U/S OF MPM,KARNATAKA,At Shirol Near Shirol Intake Well,7.699999999999999,182.5,2.45,6.5,,BHADRA,2020-06-30
2020,2771,BHADRA AT U/S OF KIOCL,KARNATAKA,At Shirol Near Shirol Intake Well,6.95,83.0,1.7,6.949999999999999,,BHADRA,2020-06-30
2020,1172,"MUSI U/S AT GANDIPET, OSMANSAGAR LAKE, HYDERABAD",TELANGANA,At Shirol Near Shirol Intake Well,7.35,794.0,3.55,5.2,2.285,MUSI,2020-06-30
2020,1173,"MUSI D/S AT PRATAPSINGARAM, HYDERABAD",TELANGANA,At Shirol Near Shirol Intake Well,7.405,1247.0,21.0,6.55,8.860000000000001,MUSI,2020-06-30
2020,2339,"RIVER MUSI AT NAGOLE, RANGAREDDY",TELANGANA,At Shirol Near Shirol Intake Well,7.5,1250.5,27.0,0.75,9.1,MUSI,2020-06-30
2020,3082,"MUSI RESERVOIR AT KASANIGUDA, NALGONDA",TELANGANA,At Shirol Near Shirol Intake Well,7.4,1226.5,4.0,6.05,9.25,RESERVOIR,2020-06-30
2020,1178,"PALLERU B/c WITH KRISHNA, JAGGAIAPET",ANDHRA PRADESH,At Shirol Near Shirol Intake Well,8.0,1114.0,1.7999999999999998,7.35,1.16,At Shirol Near Shirol Intake Well,2020-06-30
2020,1177,"MUNERU B/c WITH KRISHNA, NANDIGAMA",ANDHRA PRADESH,At Shirol Near Shirol Intake Well,7.85,961.0,2.2,7.15,1.12,At Shirol Near Shirol Intake Well,2020-06-30
2020,1895,KAGINA D/S OF SEWAGE DISPOSAL POINT,KARNATAKA,At Shirol Near Shirol Intake Well,8.4,547.5,2.5,7.0,,KAGINA,2020-06-30
2020,2777,KAGINA AT SHAHABAD BRIDGE,KARNATAKA,At Shirol Near Shirol Intake Well,8.25,473.0,2.5,6.85,,KAGINA,2020-06-30
2020,2349,"NAKKAVAGU, BACHUGUDEM, MEDAK",TELANGANA,At Shirol Near Shirol Intake Well,7.2,1615.5,8.9,1.9,11.34,At Shirol Near Shirol Intake Well,2020-06-30
2020,2350,"RIVER HUNDRI AT JOHARAPURAM(V), NEAR TEMPLE, KURNO",ANDHRA PRADESH,At Shirol Near Shirol Intake Well,7.6,1040.0,2.15,5.550000000000001,1.55,HUNDRI,2020-06-30
2020,4259,SAMPLE FROM NAGARJUNA SAGAR DAM SPILL WAY,TELANGANA,At Shirol Near Shirol Intake Well,8.05,895.5,2.15,6.75,6.14,At Shirol Near Shirol Intake Well,2020-06-30
2020,1255,"PENNAR B/c WITH CHITRAVATHI, TADIPATRI, UNGANOOR",ANDHRA PRADESH,Pennar & Kundu,7.5,611.5,,5.9,,Pennar & Kundu,2020-06-30
2020,1256,"PENNAR A/c WITH PAPAGNI, PUSHPAGINI, KADAPA",ANDHRA PRADESH,Pennar & Kundu,7.25,875.0,2.1,5.9,1.92,Pennar & Kundu,2020-06-30
2020,1257,"PENNAR A/c WITH CHEYYURU, SOMASILA, NELLORE",ANDHRA PRADESH,Pennar & Kundu,7.9,901.5,1.7999999999999998,7.199999999999999,0.935,Pennar & Kundu,2020-06-30
2020,2351,"RIVER KUNDU, NANDYAL, NEAR OVER BDG., KURNOOL",ANDHRA PRADESH,Pennar & Kundu,6.9,963.0,2.0,5.5,1.2249999999999999,Pennar & Kundu,2020-06-30
2020,1198,CAUVERY AT NAPOKULU BDG (D/S),KARNATAKA,Pennar & Kundu,7.65,109.5,1.4,7.35,,CAUVERY,2020-06-30
2020,1195,CAUVERY AT KUSHAL NAGAR U/S (NEAR BAICHANAHALLI),KARNATAKA,Pennar & Kundu,7.65,150.0,1.55,7.0,,CAUVERY,2020-06-30
2020,1171,"CAUVERY AT SRI RANGAPATTANNA, D/S OF ROAD BDG.",KARNATAKA,Pennar & Kundu,7.8500000000000005,245.5,1.95,6.699999999999999,1.3250000000000002,CAUVERY,2020-06-30
2020,1386,CAUVERY AT D/S OF KAREKUARA VILLAGE,KARNATAKA,Pennar & Kundu,7.8999999999999995,209.5,1.5,7.0,,CAUVERY,2020-06-30
2020,2773,CAUVERY AT BANNUR BRIDGE,KARNATAKA,Pennar & Kundu,7.8999999999999995,274.0,1.6,7.0,0.99,CAUVERY,2020-06-30
2020,2774,CAUVERY AT RANGANATHITTU,KARNATAKA,Pennar & Kundu,7.85,242.0,1.75,6.75,1.605,CAUVERY,2020-06-30
2020,3566,CAUVERY AT KRS DAM MANDYA,KARNATAKA,Pennar & Kundu,8.05,207.5,1.4500000000000002,7.050000000000001,0.76,CAUVERY,2020-06-30
2020,3568,CAUVERY AT WATER SUPPLY INTAKE POINT TO SRIRANGAPATANAN,KARNATAKA,Pennar & Kundu,7.95,235.0,11.6,6.8,0.87,CAUVERY,2020-06-30
2020,3569,CAUVERY AT WATER SUPPLY INTAKE POINT TO MANDYA TOWN,KARNATAKA,Pennar & Kundu,7.8999999999999995,238.0,1.9,6.699999999999999,1.21,CAUVERY,2020-06-30
2020,3570,CAUVERY D/S OF KR NAGAR BRIDGE,KARNATAKA,Pennar & Kundu,7.9,288.0,1.5,7.05,1.91,CAUVERY,2020-06-30
2020,3571,CAUVERY U/S OF KR NAGAR,KARNATAKA,Pennar & Kundu,7.8500000000000005,279.0,1.6,7.050000000000001,1.6199999999999999,CAUVERY,2020-06-30
2020,3573,CAUVERY D/S OF KUSHALANAGAR TOWN,KARNATAKA,Pennar & Kundu,7.6499999999999995,168.0,1.35,7.1,,CAUVERY,2020-06-30
2020,3574,CAUVERY AT WATER SUPPLY INTAKE POINT TO MADIKERI,KARNATAKA,Pennar & Kundu,7.699999999999999,148.5,1.4,7.35,,CAUVERY,2020-06-30
2020,3576,CAUVERY AT WATER SUPPLY INTAKE POINT TO MYSORE PUMP HOUSE,KARNATAKA,Pennar & Kundu,8.05,224.0,1.5,7.0,1.1,CAUVERY,2020-06-30
2020,3578,CAUVERY D/S OF MADDUR WATER SUPPLY TREATMENT PLAN,KARNATAKA,Pennar & Kundu,8.05,269.0,2.0,6.6,0.9700000000000001,CAUVERY,2020-06-30
2020,3579,CAUVERY AT WATER SUPPLY INTAKE POINT AT KOLLEGALA,KARNATAKA,Pennar & Kundu,7.7,275.0,1.6,7.0,1.32,CAUVERY,2020-06-30
2020,3581,CAUVERY AT WATER SUPPLY INTAKE POINT AT T K HALLI,KARNATAKA,Pennar & Kundu,8.05,248.5,1.5,7.1,1.06,CAUVERY,2020-06-30
2020,4109,CAUVERY RIVER BEFORE CONFLUENCE AT SANGAM,KARNATAKA,Pennar & Kundu,7.5,716.0,4.1,6.25,,BEFORE CONFLUENCE,2020-06-30
2020,30052,CAUVERY AT AJJIBORE (BANGALORE),INTER-STATE,Pennar & Kundu,7.95,445.0,,8.05,,CAUVERY,2020-06-30
2020,1320,"CAUVERY AT ERODE NEAR CHIRAPALAYAM, TAMILNADU",TAMIL NADU,Pennar & Kundu,7.95,464.5,,6.5,,CAUVERY,2020-06-30
2020,1323,"CAUVERY AT VELORE NEAR KATTIPALAYAM, TAMILNADU",TAMIL NADU,Pennar & Kundu,8.1,587.0,,6.25,,CAUVERY,2020-06-30
2020,3015,"CAUVERY AT PUGALUR, KARUR, TAMILNADU",TAMIL NADU,Pennar & Kundu,8.2,686.0,,6.5,,CAUVERY,2020-06-30
2020,1324,"CAUVERY AT MOHANUR NEAR PATTAIPALAYAM, TAMILNADU",TAMIL NADU,Pennar & Kundu,8.149999999999999,596.0,,6.35,,CAUVERY,2020-06-30
2020,1451,"CAUVERY AT THIRUMUKKUDAL-CONFL. PT.OF R. AMRAVATI,",TAMIL NADU,Pennar & Kundu,8.1,662.0,,6.5,,CAUVERY,2020-06-30
2020,1202,"CAUVERY AT TIRUCHIRAPPALLI U/S, TAMILNADU",TAMIL NADU,Pennar & Kundu,8.05,477.0,,6.7,0.58,CAUVERY,2020-06-30
2020,1325,"CAUVERY AT TIRUCHIRAPPALLI D/S, TAMILNADU",TAMIL NADU,Pennar & Kundu,7.6,590.0,,6.55,,CAUVERY,2020-06-30
2020,1203,"CAUVERY AT TRICHY, GRAND ANAICUT,",TAMIL NADU,Pennar & Kundu,7.65,577.5,,6.45,,CAUVERY,2020-06-30
2020,1206,"CAUVERY AT THANJAVUR, TAMILNADU",TAMIL NADU,Pennar & Kundu,7.85,508.5,2.5,6.7,,CAUVERY,2020-06-30
2020,3018,"CAUVERY AT MAYILADUTHURAI, NAGAPATTINAM,",TAMIL NADU,Pennar & Kundu,7.550000000000001,3210.5,2.0,5.9,,CAUVERY,2020-06-30
2020,3012,"CAUVERY AT KOMARAPALAYAM, NAMAKAL,",TAMIL NADU,Pennar & Kundu,7.800000000000001,418.5,,5.65,,CAUVERY,2020-06-30
2020,3013,"CAUVERY AT URRACHIKOTTAI, ERODE, TAMILNADU",TAMIL NADU,Pennar & Kundu,8.05,345.0,,6.35,,CAUVERY,2020-06-30
2020,3014,"CAUVERY AT VAIRAPALAYAM, NAMAKAL,",TAMIL NADU,Pennar & Kundu,7.7,352.5,,6.15,,CAUVERY,2020-06-30
2020,3017,"CAUVERY AT KUMBAKONAM, THANJAVUR,",TAMIL NADU,Pennar & Kundu,7.7,448.5,2.3,6.35,,CAUVERY,2020-06-30
2020,1326,"CAUVERY AT COLEROON, TAMILNADU",TAMIL NADU,Pennar & Kundu,8.2,20348.0,1.5,6.4,,CAUVERY,2020-06-30
2020,1327,"CAUVERY AT PITCHAVARAM, TAMILNADU",TAMIL NADU,Pennar & Kundu,7.65,625.5,1.5,6.4,,CAUVERY,2020-06-30
2020,4099,"CAUVERY RIVER D/S BARACHUKI FALLS, SATHEGALA, KOLL",KARNATAKA,Pennar & Kundu,8.25,272.5,1.55,7.0,1.1600000000000001,RIVER,2020-06-30
2020,4101,"GUNDAL RESERVOIR, GUNDAL KOLLEGALA TQ & CHAMARAJAN",KARNATAKA,Pennar & Kundu,8.15,197.0,1.3,7.25,,Pennar & Kundu,2020-06-30
2020,4102,D/S OF CAUVERY AT BHAGAMANDALA BRIDGE,KARNATAKA,Pennar & Kundu,7.75,89.0,1.55,6.9,,CAUVERY,2020-06-30
2020,4103,D/s OF CAUVERY AT KANIVE RAMALINGESWARA TEMPLE BRI,KARNATAKA,Pennar & Kundu,7.699999999999999,140.0,1.5,7.1,,CAUVERY,2020-06-30
2020,1322,"CAUVERY AT 1KM. D/S OF BHAVANI RIVER CONFL., TAMIL",TAMIL NADU,Pennar & Kundu,8.05,730.5,11.9,3.7,,CAUVERY,2020-06-30
2020,1893,YAGACHI RIVER NEAR PUMPING STATION. HASSAN CITY,KARNATAKA,Pennar & Kundu,7.4,270.0,2.0,6.199999999999999,,RIVER,2020-06-30
2020,1199,HEMAVATI AT D/S OF HOLENARASIPURA TOWN AT RAMADEVA,KARNATAKA,Pennar & Kundu,7.4,150.0,1.8,6.4,,HEMAVATI,2020-06-30
2020,1166,"SHIMSHA AT D/S OF BRIDGE, HALAGUR",KARNATAKA,Pennar & Kundu,8.0,708.0,3.2,5.8,3.855,SHIMSHA,2020-06-30
2020,1200,"SHIMSHA AT D/S OF HIGHWAY BRIDGE, YEDIYAR",KARNATAKA,Pennar & Kundu,7.4,327.5,4.5,6.2,2.06,SHIMSHA,2020-06-30
2020,3567,SHIMSHA D/S NEAR MADDUAR TOWN,KARNATAKA,Pennar & Kundu,7.8999999999999995,448.0,2.15,6.4,,SHIMSHA,2020-06-30
2020,3580,SHIMSHA AT WATER SUPPLY INTAKE POINT AT MADDUAR,KARNATAKA,Pennar & Kundu,8.05,260.5,1.4,7.15,,SHIMSHA,2020-06-30
2020,3022,"THIRUMANIMUTHAR AT SALEM, D/S OF SAGO & TEXTILE DYEING",TAMIL NADU,Pennar & Kundu,7.85,2279.5,11.0,4.45,,THIRUMANIMUTHAR,2020-06-30
2020,3023,"VASISTA AT SALEM, D/S OF SAGO INDUSRIES EFFLUENT",TAMIL NADU,Pennar & Kundu,7.550000000000001,5475.0,5.5,3.9000000000000004,,VASISTA,2020-06-30
2020,1319,AMRAVATI AT 1KM D/S FROM EFF.DIS. PT. AT MADHUTHUKKULAM,TAMIL NADU,Pennar & Kundu,7.1,841.5,2.0,6.1,,AMRAVATI,2020-06-30
2020,1165,ARKAVATHI AT D/S OF KANAKAPURA TOWN,KARNATAKA,Pennar & Kundu,7.2,1081.0,9.5,5.25,14.315000000000001,ARKAVATHI,2020-06-30
2020,2778,ARKAVATHI AT T.G. HALLI RESERVOIR,KARNATAKA,Pennar & Kundu,7.300000000000001,1154.0,11.0,8.55,5.015,ARKAVATHI,2020-06-30
2020,2779,"ARKAVATHI AT HESARAGHATTA RESERVOIR,",KARNATAKA,Pennar & Kundu,7.1,872.0,15.0,4.2,7.48,ARKAVATHI,2020-06-30
2020,4108,AKRAVATHI RIVER BEFORE CONFLUENCE AT SANGAM,KARNATAKA,Pennar & Kundu,7.699999999999999,1191.0,10.5,6.5,,BEFORE CONFLUENCE,2020-06-30
2020,1197,"KABINI AT SARAGUR VILLAGE D/S,",KARNATAKA,Pennar & Kundu,7.8,250.0,1.85,6.85,,KABINI,2020-06-30
2020,1207,"KABINI AT MUTHANKARA, KERALA",KERALA,Pennar & Kundu,7.199999999999999,77.5,,6.25,,KABINI,2020-06-30
2020,2775,"KABINI AT BATHING GHAT, NANJANAGUD",KARNATAKA,Pennar & Kundu,7.75,306.5,2.4,6.15,,KABINI,2020-06-30
2020,1196,LAKSHMANTIRTHA AT D/S OF HUNSUR TOWN,KARNATAKA,Pennar & Kundu,7.85,393.5,2.5,6.4,1.5499999999999998,LAKSHMANTIRTHA,2020-06-30
2020,2772,"LAKSHMANTIRTHA AT D/S OF KATTEMALAVADI,",KARNATAKA,Subarnrekha,7.800000000000001,424.0,2.6,6.15,1.66,LAKSHMANTIRTHA,2020-06-30
2020,3572,LAKSHMANTIRTHA AT WATER SUPPLY INTAKE POINT TO HUN,KARNATAKA,Subarnrekha,7.9,421.5,2.0999999999999996,6.4,1.2,LAKSHMANTIRTHA,2020-06-30
2020,3024,"SARABANGA AT SALEM, D/S OF TEXTILE DYEING INDUSTRIES",TAMIL NADU,Subarnrekha,8.05,2505.0,1.5,6.3,,SARABANGA,2020-06-30
2020,2385,SUBARNAREKHA AT NAMKUM ROAD BRIDGE,JHARKHAND,Subarnrekha,7.05,,4.6,6.35,,SUBARNAREKHA,2020-06-30
2020,2386,SUBARNAREKHA AT MURI ROAD BRIDGE,JHARKHAND,Subarnrekha,7.4,,3.05,7.75,,SUBARNAREKHA,2020-06-30
2020,2387,SUBAREKHA AT GHATISLA ROAD BRIDGE,JHARKHAND,Subarnrekha,7.4,167.0,,7.5,,SUBAREKHA,2020-06-30
2020,2395,SUBARNAREKHA AT HATIA DAM,JHARKHAND,Subarnrekha,7.4,,1.75,8.25,,SUBARNAREKHA,2020-06-30
2020,2397,SUBARNAREKHA AT GATALSUD DAM,JHARKHAND,Subarnrekha,7.35,,2.25,8.05,,SUBARNAREKHA,2020-06-30
2020,2399,SUBARNAREKHA AT CHANDIL DAM,JHARKHAND,Subarnrekha,7.5,153.0,,7.8,,SUBARNAREKHA,2020-06-30
2020,30067,SUBARNAREKHA AT BEHRAGORA (JHARKHAND),INTER-STATE,Subarnrekha,8.3,267.0,2.4,7.1000000000000005,,SUBARNAREKHA,2020-06-30
2020,30068,SUBARNAREKHA AT GOPIBALLAVPUR (WEST BENGAL),INTER-STATE,Subarnrekha,8.4,251.0,1.7,7.65,,SUBARNAREKHA,2020-06-30
2020,30069,SUBARNAREKHA AT LAKHANNATH (ORISSA),INTER-STATE,Subarnrekha,7.9,257.5,,7.55,,SUBARNAREKHA,2020-06-30
2020,1641,SUBARNAREKHA AT RAJGHAT (THENGUDIA),ODISHA,Subarnrekha,7.800000000000001,679.0,1.4,7.4,,SUBARNAREKHA,2020-06-30
2020,4710,HALDI RIVER AT NORGHAT,WEST BENGAL,Subarnrekha,,5347.5,,6.55,2.9749999999999996,RIVER,2020-06-30
2020,4711,RASULPUR RIVER AT RASULPUR GHAT,WEST BENGAL,Subarnrekha,,11663.0,,6.800000000000001,1.495,RIVER,2020-06-30
