year,code,station,state,section_title,pH,conductivity_uScm,BOD_mg_L,DO_mg_L,nitrate_mg_L,waterbody,date
2021,1001,RIVER BEAS AT U/S MANALI,HIMACHAL PRADESH,Beas,7.6,175.0,1.0,8.8,0.51,BEAS,2021-06-30
2021,2601,RIVER BEAS AT D/S MANALI,HIMACHAL PRADESH,Beas,7.449999999999999,93.0,1.0,8.55,0.6,BEAS,2021-06-30
2021,4444,RIVER BEAS D/S OF WPF AT MANALI,HIMACHAL PRADESH,Beas,7.4,68.5,1.0,8.75,0.62,BEAS,2021-06-30
2021,4037,RIVER BEAS D/S MANALSU NALLAH,HIMACHAL PRADESH,Beas,7.4,69.5,1.0,8.85,0.57,BEAS,2021-06-30
2021,3866,RIVER BEAS BEFORE CONFLUENCE TO MANALSU NALLAH,HIMACHAL PRADESH,Beas,7.75,64.5,1.0,8.850000000000001,0.47,Beas,2021-06-30
2021,2602,RIVER BEAS AT U/S KULLU,HIMACHAL PRADESH,Beas,7.699999999999999,97.0,1.0,7.449999999999999,0.77,BEAS,2021-06-30
2021,4445,RIVER BEAS D/S OF WPF AT KULLU,HIMACHAL PRADESH,Beas,7.550000000000001,150.0,1.0,8.3,0.9700000000000001,BEAS,2021-06-30
2021,1002,RIVER BEAS AT D/S KULU,HIMACHAL PRADESH,Beas,7.550000000000001,111.5,1.0,8.2,1.07,BEAS,2021-06-30
2021,1003,RIVER BEAS AT D/S AUT,HIMACHAL PRADESH,Beas,7.5,91.0,1.0,8.15,0.62,BEAS,2021-06-30
2021,1004,RIVER BEAS AT U/S PANDOH DAM,HIMACHAL PRADESH,Beas,7.55,94.0,1.0,8.7,0.7050000000000001,BEAS,2021-06-30
2021,2603,RIVER BEAS AT D/S PANDOH DAM,HIMACHAL PRADESH,Beas,7.45,135.0,1.0,9.25,1.1199999999999999,BEAS,2021-06-30
2021,1005,RIVER BEAS AT EXIT OF TUNNEL DEHAL POWER HOUSE,HIMACHAL PRADESH,Beas,7.65,169.5,1.0,8.9,0.62,BEAS,2021-06-30
2021,1550,RIVER BEAS U/S MANDI,HIMACHAL PRADESH,Beas,7.75,125.5,1.0,9.8,1.065,BEAS,2021-06-30
2021,1006,RIVER BEAS AT D/S MANDI,HIMACHAL PRADESH,Beas,7.800000000000001,153.5,1.0,9.45,1.47,BEAS,2021-06-30
2021,2604,RIVER BEAS AT D/S JAISINGHPUR,HIMACHAL PRADESH,Beas,7.75,255.0,1.0,8.95,1.75,BEAS,2021-06-30
2021,1007,RIVER BEAS AT D/S ALAMPUR,HIMACHAL PRADESH,Beas,7.75,244.5,1.0,9.1,1.4,BEAS,2021-06-30
2021,3855,"RIVER BEAS D/S NADAUN BRIDGE, VILL BHADOLI",HIMACHAL PRADESH,Beas,7.75,299.0,1.0,8.45,0.87,BEAS,2021-06-30
2021,1009,RIVER BEAS AT D/S PONG DAM,HIMACHAL PRADESH,Beas,7.5,181.0,1.0,7.3,0.975,BEAS,2021-06-30
2021,1008,RIVER BEAS AT D/S DEHRAGOPIPUR,HIMACHAL PRADESH,Beas,7.6,342.5,1.0,8.25,0.7000000000000001,BEAS,2021-06-30
2021,4435,RIVER BEAS U/S SUJANPUR TIHRA,HIMACHAL PRADESH,Beas,7.55,330.0,1.0,8.8,0.485,BEAS,2021-06-30
2021,4436,RIVER BEAS D/S SUJANPUR TIHRA,HIMACHAL PRADESH,Beas,7.55,346.0,1.0,8.6,0.9500000000000001,BEAS,2021-06-30
2021,4437,RIVER BEAS U/S NADAUM TOWN,HIMACHAL PRADESH,Beas,7.65,214.5,1.0,8.8,0.7000000000000001,BEAS,2021-06-30
2021,4438,RIVER BEAS D/S NADAUN TOWN AFTER CONFLUENCE OF MAAN KHAD,HIMACHAL PRADESH,Beas,7.65,232.0,1.0,8.75,1.42,BEAS,2021-06-30
2021,4443,RIVER BEAS AT RAISON,HIMACHAL PRADESH,Beas,7.65,94.5,1.0,8.4,0.6950000000000001,BEAS,2021-06-30
2021,1693,"RIVER BEAS AT TALWARA H/W, PUNJAB",PUNJAB,Beas,7.9,201.0,1.1,7.6000000000000005,0.7,BEAS,2021-06-30
2021,1694,"RIVER BEAS AT U/S PATHANKOT, PUNJAB",PUNJAB,Beas,7.75,253.0,1.3,7.9,0.8500000000000001,BEAS,2021-06-30
2021,1010,"RIVER BEAS AT MIRTHAL BRIDGE, GURDASPUR",PUNJAB,Beas,8.0,256.5,1.35,8.45,0.75,BEAS,2021-06-30
2021,1695,"RIVER BEAS D/S PATHANKOT, PUNJAB",PUNJAB,Beas,7.85,251.0,1.4,7.449999999999999,0.75,BEAS,2021-06-30
2021,1294,"RIVER BEAS AT 1KM.D/S OF EFFL. DISH. POINT AT MUKERIAN , PUNJAB",PUNJAB,Beas,7.75,262.5,1.4,7.15,1.3,BEAS,2021-06-30
2021,1696,"RIVER BEAS U/S GOINDWAL, PUNJAB",PUNJAB,Beas,8.0,207.0,1.15,8.2,0.66,BEAS,2021-06-30
2021,1697,"RIVER BEAS AT HARIKE, PUNJAB",PUNJAB,Beas,7.85,214.5,1.2,8.35,0.8,BEAS,2021-06-30
2021,1011,RIVER BEAS AT G.T. ROAD UNDER BDG. NEAR KAPURTHALA,PUNJAB,Beas,7.699999999999999,219.5,1.35,7.85,0.8999999999999999,BEAS,2021-06-30
2021,1012,RIVER BEAS AT 100M D/S INDUST. DISCH. GOINDWAL,PUNJAB,Beas,7.949999999999999,221.5,1.2,8.1,0.75,BEAS,2021-06-30
2021,4164,"RIVER BEAS RIVER, NR VILL KIRI AFGHANA, TEHSIL BATALA, GURDASPUR",PUNJAB,Beas,7.8999999999999995,1055.5,1.25,7.95,1.2,Beas,2021-06-30
2021,1867,"RIVER SUTLEJ RIVER B/C WITH RIVER SPITI AT KHAB, DISTT.KINNAUR",HIMACHAL PRADESH,Sutlej,7.6,3538.0,1.0,9.3,0.32,SUTLEJ RIVER B/C WITH RIVER SPITI,2021-06-30
2021,2611,RIVER SUTLEJ AT KHAB,HIMACHAL PRADESH,Sutlej,7.9,3637.0,1.0,9.1,0.32,SUTLEJ,2021-06-30
2021,3872,RIVER SUTLEJ D/S TIDONG HEP,HIMACHAL PRADESH,Sutlej,7.95,3089.5,1.2,9.05,0.87,SUTLEJ,2021-06-30
2021,4448,RIVER SUTLEJ U/S CONFLUENCES OF RIVER TIDONG,HIMACHAL PRADESH,Sutlej,8.0,3122.0,1.0,9.0,0.43500000000000005,SUTLEJ,2021-06-30
2021,4449,RIVER SUTLEJ D/S CONFLUENCES OF RIVER TIDONG,HIMACHAL PRADESH,Sutlej,8.05,3125.5,1.0,9.100000000000001,0.865,SUTLEJ,2021-06-30
2021,4452,RIVER SUTLEJ U/S CONFLUENCES OF RIVER BASPA,HIMACHAL PRADESH,Sutlej,7.95,2871.5,1.0,9.0,0.77,SUTLEJ,2021-06-30
2021,3871,RIVER SUTLEJ D/S POWER HOUSE KASHANG HEP,HIMACHAL PRADESH,Sutlej,7.95,3078.5,1.0,8.899999999999999,0.77,SUTLEJ,2021-06-30
2021,3870,RIVER SUTLEJ AT KARCHAM DRAIN,HIMACHAL PRADESH,Sutlej,7.95,2997.5,1.0,9.0,0.8200000000000001,SUTLEJ,2021-06-30
2021,1389,RIVER SUTLEJ AT NEPTHA ZAKHAI,HIMACHAL PRADESH,Sutlej,8.0,2821.0,1.0,8.95,1.07,SUTLEJ,2021-06-30
2021,4453,RIVER SUTLEJ D/S CONFLUENCES OF RIVER BASPA,HIMACHAL PRADESH,Sutlej,7.8500000000000005,2851.0,1.0,8.95,0.77,SUTLEJ,2021-06-30
2021,3869,RIVER SUTLEJ D/S TRT OF RAMPUR HYDEL ELECTRIC PROJECT,HIMACHAL PRADESH,Sutlej,7.75,1429.5,1.0,8.8,1.3199999999999998,SUTLEJ,2021-06-30
2021,1086,RIVER SUTLEJ AT U/S RAMPUR,HIMACHAL PRADESH,Sutlej,8.0,2463.0,1.0,8.85,0.8200000000000001,SUTLEJ,2021-06-30
2021,1087,RIVER SUTLEJ AT D/S RAMPUR,HIMACHAL PRADESH,Sutlej,7.6,1850.5,1.1,8.85,1.1199999999999999,SUTLEJ,2021-06-30
2021,1013,RIVER SUTLEJ AT U/S TATAPANI,HIMACHAL PRADESH,Sutlej,7.75,2162.5,1.0,8.75,0.8300000000000001,SUTLEJ,2021-06-30
2021,4446,RIVER SUTLEJ U/S IANDFILL SITE RAMPUR,HIMACHAL PRADESH,Sutlej,8.0,2435.0,1.0,9.0,1.1199999999999999,SUTLEJ,2021-06-30
2021,4447,RIVER STLUJ D/S LANDFILL SITE RAMPUR,HIMACHAL PRADESH,Sutlej,7.800000000000001,1451.5,1.0,8.9,1.1199999999999999,STLUJ,2021-06-30
2021,4032,RIVER SUTLEJ U/S KHAIRIAN SOLID WASTE DUMPING SITE BILASPUR,HIMACHAL PRADESH,Sutlej,7.7,240.5,1.0,9.05,1.05,SUTLEJ,2021-06-30
2021,4033,RIVER SUTLEJ D/S KHAIRIAN SOLID WASTE DUMPING SITE BILASPUR,HIMACHAL PRADESH,Sutlej,7.6499999999999995,231.0,1.0,8.95,0.87,SUTLEJ,2021-06-30
2021,4450,RIVER SUTLEJ U/S CONFLUENCE WITH GANVI KHAND,HIMACHAL PRADESH,Sutlej,7.8500000000000005,2398.5,1.0,9.2,1.22,SUTLEJ,2021-06-30
2021,4451,RIVER SUTLEJ D/S CONFLUENCE WITH GANVI KHAD,HIMACHAL PRADESH,Sutlej,7.6499999999999995,2403.5,1.0,9.2,1.42,SUTLEJ,2021-06-30
2021,30009,RIVER SUTLEJ AT NANGAL (H.P.),HIMACHAL PRADESH,Sutlej,7.4,250.0,1.5,9.3,0.52,SUTLEJ,2021-06-30
2021,1014,RIVER SUTLEJ AT U/S SLAPPER,HIMACHAL PRADESH,Sutlej,7.699999999999999,198.5,1.0,8.95,0.545,SUTLEJ,2021-06-30
2021,1015,RIVER SUTLEJ AT D/S SLAPPER,HIMACHAL PRADESH,Sutlej,7.6,186.5,1.0,9.05,0.7200000000000001,SUTLEJ,2021-06-30
2021,1016,RIVER SUTLEJ AT D/S BHAKHRA,HIMACHAL PRADESH,Sutlej,7.45,223.0,1.0,8.8,2.6999999999999997,SUTLEJ,2021-06-30
2021,30010,RIVER SUTLEJ AT NOORPUR BEDI ROAD (PUNJAB),PUNJAB,Sutlej,7.4,258.5,1.5,9.55,0.52,SUTLEJ,2021-06-30
2021,1814,"RIVER SUTLEJ AT D/S KIRATPUR SAHIB, PUNJAB",PUNJAB,Sutlej,8.05,239.5,1.0,8.7,1.5,SUTLEJ,2021-06-30
2021,2915,"RIVER SUTLEJ AT 100 MT. D/S OF PACL, NANGAL, PUNJAB",PUNJAB,Sutlej,8.2,238.0,1.0,9.55,1.5,SUTLEJ,2021-06-30
2021,1380,"RIVER SUTLEJ AT D/S NFL, PUNJAB",PUNJAB,Sutlej,8.2,238.5,1.0,9.7,1.6,SUTLEJ,2021-06-30
2021,10020,RIVER SUTLEJ AT ANANDPUR SAHIB,PUNJAB,Sutlej,8.4,268.5,1.8,7.6,1.7000000000000002,SUTLEJ,2021-06-30
2021,10021,RIVER SUTLEJ AT BUNGA SAHIB,PUNJAB,Sutlej,8.3,231.0,1.0,9.350000000000001,1.6,SUTLEJ,2021-06-30
2021,10022,RIVER SUTLEJ AT PHILLAUR U/S,PUNJAB,Sutlej,7.35,354.5,2.25,6.2,0.55,SUTLEJ,2021-06-30
2021,10023,RIVER SUTLEJ AT PHAGWARA U/S (CHAHERU BRIDGE),PUNJAB,Sutlej,7.6499999999999995,605.0,16.0,2.3,0.75,SUTLEJ,2021-06-30
2021,10024,RIVER SUTLEJ AT PHAGWARA D/S (KANGANIWAL BRIDGE),PUNJAB,Sutlej,7.5,1016.0,19.5,1.4,1.7000000000000002,SUTLEJ,2021-06-30
2021,10027,RIVER SUTLEJ AT LUDHIANA U/S,PUNJAB,Sutlej,8.1,272.0,1.2,6.8,2.0,SUTLEJ,2021-06-30
2021,10028,RIVER SUTLEJ AT LUDHIANA D/S,PUNJAB,Sutlej,7.35,911.5,31.5,2.1,2.4,SUTLEJ,2021-06-30
2021,1017,"RIVER SUTLEJ AT 100M U/S OF HEADWORKS, NANGAL",PUNJAB,Sutlej,7.9,228.5,1.0,8.1,1.4,SUTLEJ,2021-06-30
2021,1018,"RIVER SUTLEJ AT 100M D/S , NANGAL",PUNJAB,Sutlej,8.2,240.0,1.0,9.8,1.5,SUTLEJ,2021-06-30
2021,1293,"RIVER SUTLEJ AT 1 KM. D/S OF ZENITH, PUNJAB",PUNJAB,Sutlej,8.15,298.0,1.0,7.9,1.75,SUTLEJ,2021-06-30
2021,1019,RIVER SUTLEJ AT U/S HEAD WORKS ROPAR,PUNJAB,Sutlej,7.9,295.0,1.0,8.0,1.7000000000000002,SUTLEJ,2021-06-30
2021,1690,"RIVER SUTLEJ AT U/S BUDHA NALLAH (UPPER), PUNJAB",PUNJAB,Sutlej,7.7,359.5,2.1,6.05,2.1500000000000004,SUTLEJ,2021-06-30
2021,1020,"RIVER SUTLEJ AT 100M D/S BUDHA NALA CONFL., LUDHIANA",PUNJAB,Sutlej,7.25,859.0,37.75,1.0,2.65,SUTLEJ,2021-06-30
2021,1022,"RIVER SUTLEJ AT BRIDGE HARIKE, AMRITSAR",PUNJAB,Sutlej,7.45,421.0,4.05,5.85,2.0,SUTLEJ,2021-06-30
2021,10025,RIVER SUTLEJ AT JALANDHAR U/S (PEERU SHAH KA DARGAH),PUNJAB,Sutlej,7.449999999999999,1103.0,66.5,1.2,4.0,SUTLEJ,2021-06-30
2021,10026,RIVER SUTLEJ AT JALANDHAR D/S (MALSIAN BRIDGE),PUNJAB,Sutlej,7.4,1170.0,72.5,0.3,4.45,SUTLEJ,2021-06-30
2021,1021,"RIVER SUTLEJ AT BOAT BDG. DHARMKOTNAKODAR ROAD, JALANDHAR",PUNJAB,Sutlej,7.25,766.5,21.6,2.65,2.2,SUTLEJ,2021-06-30
2021,1381,"RIVER SUTLEJ AT D/S EAST BEIN, PUNJAB",PUNJAB,Sutlej,7.4,860.5,13.2,2.0,2.25,SUTLEJ,2021-06-30
2021,1691,"RIVER SUTLEJ AT U/S HUSSANIWALA - H/W FEROZEPUR, PUNJAB",PUNJAB,Sutlej,7.65,292.0,1.7999999999999998,6.25,1.7000000000000002,SUTLEJ,2021-06-30
2021,1692,"RIVER SUTLEJ AT D/S HUSSANIWALA-H/W FEROZEPUR, PUNJAB",PUNJAB,Sutlej,7.7,302.5,1.9,6.45,1.75,SUTLEJ,2021-06-30
2021,4059,"RIVER RAVI AT RANJIT SAGAR DAM, AT PANAGAR (BASOHIL)",JAMMU & KASHMIR,"Tributary Streams - Ravi, Parvati, Largi, Sirsa, Siuel, Suketi Khad, Binwa, Neugal, Spiti, Baspa, Banganga, Basanter, Chenab, Devak, Tawi, Manwar, Chunt Kol, Gawkdal, Jhelum, Lidder, Sindh, Ujh, Sarsa Nadi, Swan, Tirthan, Pabbar, Alhi Nog, Harabagh, Kunni Pul, Ashwani, Manjhi Khad, Mol Khad, Baner Khad, Charan Khad, Ashwani Khad, Gumma Nauti Kha, Dhauli Khad, Shikari Khad, Batta And Kali Bein",7.9,170.5,1.7,6.9,0.3,RAVI,2021-06-30
2021,4060,RIVER RAVI AT DAM-SITE AT THEIN,JAMMU & KASHMIR,"Tributary Streams - Ravi, Parvati, Largi, Sirsa, Siuel, Suketi Khad, Binwa, Neugal, Spiti, Baspa, Banganga, Basanter, Chenab, Devak, Tawi, Manwar, Chunt Kol, Gawkdal, Jhelum, Lidder, Sindh, Ujh, Sarsa Nadi, Swan, Tirthan, Pabbar, Alhi Nog, Harabagh, Kunni Pul, Ashwani, Manjhi Khad, Mol Khad, Baner Khad, Charan Khad, Ashwani Khad, Gumma Nauti Kha, Dhauli Khad, Shikari Khad, Batta And Kali Bein",7.75,174.0,1.0,7.4,0.3,RAVI,2021-06-30
2021,4061,"RIVER RAVI AT LAKHANPUR, 1 KM D/S FROM MADHOPUR BRIDGE",JAMMU & KASHMIR,"Tributary Streams - Ravi, Parvati, Largi, Sirsa, Siuel, Suketi Khad, Binwa, Neugal, Spiti, Baspa, Banganga, Basanter, Chenab, Devak, Tawi, Manwar, Chunt Kol, Gawkdal, Jhelum, Lidder, Sindh, Ujh, Sarsa Nadi, Swan, Tirthan, Pabbar, Alhi Nog, Harabagh, Kunni Pul, Ashwani, Manjhi Khad, Mol Khad, Baner Khad, Charan Khad, Ashwani Khad, Gumma Nauti Kha, Dhauli Khad, Shikari Khad, Batta And Kali Bein",8.0,251.0,1.0,6.95,0.3,RAVI,2021-06-30
2021,1088,RIVER RAVI AT U/S MADHOPUR,HIMACHAL PRADESH,"Tributary Streams - Ravi, Parvati, Largi, Sirsa, Siuel, Suketi Khad, Binwa, Neugal, Spiti, Baspa, Banganga, Basanter, Chenab, Devak, Tawi, Manwar, Chunt Kol, Gawkdal, Jhelum, Lidder, Sindh, Ujh, Sarsa Nadi, Swan, Tirthan, Pabbar, Alhi Nog, Harabagh, Kunni Pul, Ashwani, Manjhi Khad, Mol Khad, Baner Khad, Charan Khad, Ashwani Khad, Gumma Nauti Kha, Dhauli Khad, Shikari Khad, Batta And Kali Bein",7.550000000000001,224.5,1.0,7.2,0.505,RAVI,2021-06-30
2021,1089,RIVER RAVI AT U/S CHAMBA,HIMACHAL PRADESH,"Tributary Streams - Ravi, Parvati, Largi, Sirsa, Siuel, Suketi Khad, Binwa, Neugal, Spiti, Baspa, Banganga, Basanter, Chenab, Devak, Tawi, Manwar, Chunt Kol, Gawkdal, Jhelum, Lidder, Sindh, Ujh, Sarsa Nadi, Swan, Tirthan, Pabbar, Alhi Nog, Harabagh, Kunni Pul, Ashwani, Manjhi Khad, Mol Khad, Baner Khad, Charan Khad, Ashwani Khad, Gumma Nauti Kha, Dhauli Khad, Shikari Khad, Batta And Kali Bein",7.4,147.0,1.0,8.8,0.44999999999999996,RAVI,2021-06-30
2021,2614,RIVER RAVI AT CHAMERA RESERVOIR,HIMACHAL PRADESH,"Tributary Streams - Ravi, Parvati, Largi, Sirsa, Siuel, Suketi Khad, Binwa, Neugal, Spiti, Baspa, Banganga, Basanter, Chenab, Devak, Tawi, Manwar, Chunt Kol, Gawkdal, Jhelum, Lidder, Sindh, Ujh, Sarsa Nadi, Swan, Tirthan, Pabbar, Alhi Nog, Harabagh, Kunni Pul, Ashwani, Manjhi Khad, Mol Khad, Baner Khad, Charan Khad, Ashwani Khad, Gumma Nauti Kha, Dhauli Khad, Shikari Khad, Batta And Kali Bein",7.5,159.5,1.0,8.5,0.65,RAVI,2021-06-30
2021,2615,RIVER RAVI AT D/S CHAMERA III HEP,HIMACHAL PRADESH,"Tributary Streams - Ravi, Parvati, Largi, Sirsa, Siuel, Suketi Khad, Binwa, Neugal, Spiti, Baspa, Banganga, Basanter, Chenab, Devak, Tawi, Manwar, Chunt Kol, Gawkdal, Jhelum, Lidder, Sindh, Ujh, Sarsa Nadi, Swan, Tirthan, Pabbar, Alhi Nog, Harabagh, Kunni Pul, Ashwani, Manjhi Khad, Mol Khad, Baner Khad, Charan Khad, Ashwani Khad, Gumma Nauti Kha, Dhauli Khad, Shikari Khad, Batta And Kali Bein",7.5,136.0,1.0,8.8,0.44999999999999996,RAVI,2021-06-30
2021,2613,RIVER RAVI AT D/S OF CHAMBA TOWN,HIMACHAL PRADESH,"Tributary Streams - Ravi, Parvati, Largi, Sirsa, Siuel, Suketi Khad, Binwa, Neugal, Spiti, Baspa, Banganga, Basanter, Chenab, Devak, Tawi, Manwar, Chunt Kol, Gawkdal, Jhelum, Lidder, Sindh, Ujh, Sarsa Nadi, Swan, Tirthan, Pabbar, Alhi Nog, Harabagh, Kunni Pul, Ashwani, Manjhi Khad, Mol Khad, Baner Khad, Charan Khad, Ashwani Khad, Gumma Nauti Kha, Dhauli Khad, Shikari Khad, Batta And Kali Bein",7.5,161.0,1.0,8.65,0.5599999999999999,RAVI,2021-06-30
2021,3873,RIVER RAVI U/S STP BARGA (CHAMBA),HIMACHAL PRADESH,"Tributary Streams - Ravi, Parvati, Largi, Sirsa, Siuel, Suketi Khad, Binwa, Neugal, Spiti, Baspa, Banganga, Basanter, Chenab, Devak, Tawi, Manwar, Chunt Kol, Gawkdal, Jhelum, Lidder, Sindh, Ujh, Sarsa Nadi, Swan, Tirthan, Pabbar, Alhi Nog, Harabagh, Kunni Pul, Ashwani, Manjhi Khad, Mol Khad, Baner Khad, Charan Khad, Ashwani Khad, Gumma Nauti Kha, Dhauli Khad, Shikari Khad, Batta And Kali Bein",7.5,143.0,1.0,8.7,0.55,RAVI,2021-06-30
2021,3874,RIVER RAVI D/S STP BHAGOT (CHAMBA),HIMACHAL PRADESH,"Tributary Streams - Ravi, Parvati, Largi, Sirsa, Siuel, Suketi Khad, Binwa, Neugal, Spiti, Baspa, Banganga, Basanter, Chenab, Devak, Tawi, Manwar, Chunt Kol, Gawkdal, Jhelum, Lidder, Sindh, Ujh, Sarsa Nadi, Swan, Tirthan, Pabbar, Alhi Nog, Harabagh, Kunni Pul, Ashwani, Manjhi Khad, Mol Khad, Baner Khad, Charan Khad, Ashwani Khad, Gumma Nauti Kha, Dhauli Khad, Shikari Khad, Batta And Kali Bein",7.45,153.0,1.0,8.600000000000001,0.5599999999999999,RAVI,2021-06-30
2021,1097,"RIVER RAVI AT U/S OF MADHOPUR HEADWORKS, GURDASPUR, PUNJAB",PUNJAB,"Tributary Streams - Ravi, Parvati, Largi, Sirsa, Siuel, Suketi Khad, Binwa, Neugal, Spiti, Baspa, Banganga, Basanter, Chenab, Devak, Tawi, Manwar, Chunt Kol, Gawkdal, Jhelum, Lidder, Sindh, Ujh, Sarsa Nadi, Swan, Tirthan, Pabbar, Alhi Nog, Harabagh, Kunni Pul, Ashwani, Manjhi Khad, Mol Khad, Baner Khad, Charan Khad, Ashwani Khad, Gumma Nauti Kha, Dhauli Khad, Shikari Khad, Batta And Kali Bein",7.8500000000000005,197.5,1.05,7.550000000000001,0.56,RAVI,2021-06-30
2021,1290,RIVER PARVATI BEFORE CONF. TO RIVER BEAS,HIMACHAL PRADESH,"Tributary Streams - Ravi, Parvati, Largi, Sirsa, Siuel, Suketi Khad, Binwa, Neugal, Spiti, Baspa, Banganga, Basanter, Chenab, Devak, Tawi, Manwar, Chunt Kol, Gawkdal, Jhelum, Lidder, Sindh, Ujh, Sarsa Nadi, Swan, Tirthan, Pabbar, Alhi Nog, Harabagh, Kunni Pul, Ashwani, Manjhi Khad, Mol Khad, Baner Khad, Charan Khad, Ashwani Khad, Gumma Nauti Kha, Dhauli Khad, Shikari Khad, Batta And Kali Bein",7.4,75.5,1.0,8.35,1.3699999999999999,"Ravi, Parvati, Largi, Sirsa, Siuel, Suketi Khad, Binwa, Neugal, Spiti, Baspa, Banganga, Basanter, Chenab, Devak, Tawi, Manwar, Chunt Kol, Gawkdal, Jhelum, Lidder, Sindh, Ujh, Sarsa Nadi, Swan, Tirthan, Pabbar, Alhi Nog, Harabagh, Kunni Pul, Ashwani, Manjhi Khad, Mol Khad, Baner Khad, Charan Khad, Ashwani Khad, Gumma Nauti Kha, Dhauli Khad, Shikari Khad, Batta And Kali Bein",2021-06-30
2021,2605,RIVER PARVATI AT U/S MANIKARAN,HIMACHAL PRADESH,"Tributary Streams - Ravi, Parvati, Largi, Sirsa, Siuel, Suketi Khad, Binwa, Neugal, Spiti, Baspa, Banganga, Basanter, Chenab, Devak, Tawi, Manwar, Chunt Kol, Gawkdal, Jhelum, Lidder, Sindh, Ujh, Sarsa Nadi, Swan, Tirthan, Pabbar, Alhi Nog, Harabagh, Kunni Pul, Ashwani, Manjhi Khad, Mol Khad, Baner Khad, Charan Khad, Ashwani Khad, Gumma Nauti Kha, Dhauli Khad, Shikari Khad, Batta And Kali Bein",7.5,73.5,1.0,8.65,1.52,PARVATI,2021-06-30
2021,2606,RIVER PARVATI AT D/S MANIKARAN,HIMACHAL PRADESH,"Tributary Streams - Ravi, Parvati, Largi, Sirsa, Siuel, Suketi Khad, Binwa, Neugal, Spiti, Baspa, Banganga, Basanter, Chenab, Devak, Tawi, Manwar, Chunt Kol, Gawkdal, Jhelum, Lidder, Sindh, Ujh, Sarsa Nadi, Swan, Tirthan, Pabbar, Alhi Nog, Harabagh, Kunni Pul, Ashwani, Manjhi Khad, Mol Khad, Baner Khad, Charan Khad, Ashwani Khad, Gumma Nauti Kha, Dhauli Khad, Shikari Khad, Batta And Kali Bein",7.6000000000000005,59.0,1.0,8.5,0.63,PARVATI,2021-06-30
2021,1090,"RIVER LARGI AT D/S, DWADA HIMACHAL PRADESH",HIMACHAL PRADESH,"Tributary Streams - Ravi, Parvati, Largi, Sirsa, Siuel, Suketi Khad, Binwa, Neugal, Spiti, Baspa, Banganga, Basanter, Chenab, Devak, Tawi, Manwar, Chunt Kol, Gawkdal, Jhelum, Lidder, Sindh, Ujh, Sarsa Nadi, Swan, Tirthan, Pabbar, Alhi Nog, Harabagh, Kunni Pul, Ashwani, Manjhi Khad, Mol Khad, Baner Khad, Charan Khad, Ashwani Khad, Gumma Nauti Kha, Dhauli Khad, Shikari Khad, Batta And Kali Bein",7.6,89.0,1.0,8.45,0.8300000000000001,LARGI,2021-06-30
2021,1551,RIVER SIRSA U/S SITOMAJRI NALLAHGARH,HIMACHAL PRADESH,"Tributary Streams - Ravi, Parvati, Largi, Sirsa, Siuel, Suketi Khad, Binwa, Neugal, Spiti, Baspa, Banganga, Basanter, Chenab, Devak, Tawi, Manwar, Chunt Kol, Gawkdal, Jhelum, Lidder, Sindh, Ujh, Sarsa Nadi, Swan, Tirthan, Pabbar, Alhi Nog, Harabagh, Kunni Pul, Ashwani, Manjhi Khad, Mol Khad, Baner Khad, Charan Khad, Ashwani Khad, Gumma Nauti Kha, Dhauli Khad, Shikari Khad, Batta And Kali Bein",7.7,431.5,1.6,7.65,0.31,SIRSA,2021-06-30
2021,1552,RIVER SIRSA D/S NALAGARH BRIDGE,HIMACHAL PRADESH,"Tributary Streams - Ravi, Parvati, Largi, Sirsa, Siuel, Suketi Khad, Binwa, Neugal, Spiti, Baspa, Banganga, Basanter, Chenab, Devak, Tawi, Manwar, Chunt Kol, Gawkdal, Jhelum, Lidder, Sindh, Ujh, Sarsa Nadi, Swan, Tirthan, Pabbar, Alhi Nog, Harabagh, Kunni Pul, Ashwani, Manjhi Khad, Mol Khad, Baner Khad, Charan Khad, Ashwani Khad, Gumma Nauti Kha, Dhauli Khad, Shikari Khad, Batta And Kali Bein",7.8,3261.0,2.5,7.25,,SIRSA,2021-06-30
2021,1868,RIVER SIRSA AT D/S NALAGARH DISTT. SOLAN,HIMACHAL PRADESH,"Tributary Streams - Ravi, Parvati, Largi, Sirsa, Siuel, Suketi Khad, Binwa, Neugal, Spiti, Baspa, Banganga, Basanter, Chenab, Devak, Tawi, Manwar, Chunt Kol, Gawkdal, Jhelum, Lidder, Sindh, Ujh, Sarsa Nadi, Swan, Tirthan, Pabbar, Alhi Nog, Harabagh, Kunni Pul, Ashwani, Manjhi Khad, Mol Khad, Baner Khad, Charan Khad, Ashwani Khad, Gumma Nauti Kha, Dhauli Khad, Shikari Khad, Batta And Kali Bein",7.95,798.5,2.2,8.2,,SIRSA,2021-06-30
2021,4485,RIVER SIRSA U/S SANDHOLI NALLAH,HIMACHAL PRADESH,"Tributary Streams - Ravi, Parvati, Largi, Sirsa, Siuel, Suketi Khad, Binwa, Neugal, Spiti, Baspa, Banganga, Basanter, Chenab, Devak, Tawi, Manwar, Chunt Kol, Gawkdal, Jhelum, Lidder, Sindh, Ujh, Sarsa Nadi, Swan, Tirthan, Pabbar, Alhi Nog, Harabagh, Kunni Pul, Ashwani, Manjhi Khad, Mol Khad, Baner Khad, Charan Khad, Ashwani Khad, Gumma Nauti Kha, Dhauli Khad, Shikari Khad, Batta And Kali Bein",7.7,522.0,1.8,5.8,,SIRSA,2021-06-30
2021,4487,RIVER SIRSA D/S HOUSING BOARD NALLAH,HIMACHAL PRADESH,"Tributary Streams - Ravi, Parvati, Largi, Sirsa, Siuel, Suketi Khad, Binwa, Neugal, Spiti, Baspa, Banganga, Basanter, Chenab, Devak, Tawi, Manwar, Chunt Kol, Gawkdal, Jhelum, Lidder, Sindh, Ujh, Sarsa Nadi, Swan, Tirthan, Pabbar, Alhi Nog, Harabagh, Kunni Pul, Ashwani, Manjhi Khad, Mol Khad, Baner Khad, Charan Khad, Ashwani Khad, Gumma Nauti Kha, Dhauli Khad, Shikari Khad, Batta And Kali Bein",7.699999999999999,993.0,15.7,4.95,,SIRSA,2021-06-30
2021,4489,RIVER SIRSA D/S RIVER RATTA,HIMACHAL PRADESH,"Tributary Streams - Ravi, Parvati, Largi, Sirsa, Siuel, Suketi Khad, Binwa, Neugal, Spiti, Baspa, Banganga, Basanter, Chenab, Devak, Tawi, Manwar, Chunt Kol, Gawkdal, Jhelum, Lidder, Sindh, Ujh, Sarsa Nadi, Swan, Tirthan, Pabbar, Alhi Nog, Harabagh, Kunni Pul, Ashwani, Manjhi Khad, Mol Khad, Baner Khad, Charan Khad, Ashwani Khad, Gumma Nauti Kha, Dhauli Khad, Shikari Khad, Batta And Kali Bein",7.75,1243.0,2.3499999999999996,6.5,,SIRSA,2021-06-30
2021,30012,"RIVER SIRSA AT BADDI , ,GHANOLI VILLAGE) PUNJAB",PUNJAB,"Tributary Streams - Ravi, Parvati, Largi, Sirsa, Siuel, Suketi Khad, Binwa, Neugal, Spiti, Baspa, Banganga, Basanter, Chenab, Devak, Tawi, Manwar, Chunt Kol, Gawkdal, Jhelum, Lidder, Sindh, Ujh, Sarsa Nadi, Swan, Tirthan, Pabbar, Alhi Nog, Harabagh, Kunni Pul, Ashwani, Manjhi Khad, Mol Khad, Baner Khad, Charan Khad, Ashwani Khad, Gumma Nauti Kha, Dhauli Khad, Shikari Khad, Batta And Kali Bein",7.550000000000001,1306.5,17.5,5.15,2.77,SIRSA,2021-06-30
2021,2616,RIVER SIUEL AT D/S SURGANI,HIMACHAL PRADESH,"Tributary Streams - Ravi, Parvati, Largi, Sirsa, Siuel, Suketi Khad, Binwa, Neugal, Spiti, Baspa, Banganga, Basanter, Chenab, Devak, Tawi, Manwar, Chunt Kol, Gawkdal, Jhelum, Lidder, Sindh, Ujh, Sarsa Nadi, Swan, Tirthan, Pabbar, Alhi Nog, Harabagh, Kunni Pul, Ashwani, Manjhi Khad, Mol Khad, Baner Khad, Charan Khad, Ashwani Khad, Gumma Nauti Kha, Dhauli Khad, Shikari Khad, Batta And Kali Bein",7.5,196.5,1.0,8.45,0.65,SIUEL,2021-06-30
2021,2607,RIVER SUKETI KHAD AT D/S MANDI,HIMACHAL PRADESH,"Tributary Streams - Ravi, Parvati, Largi, Sirsa, Siuel, Suketi Khad, Binwa, Neugal, Spiti, Baspa, Banganga, Basanter, Chenab, Devak, Tawi, Manwar, Chunt Kol, Gawkdal, Jhelum, Lidder, Sindh, Ujh, Sarsa Nadi, Swan, Tirthan, Pabbar, Alhi Nog, Harabagh, Kunni Pul, Ashwani, Manjhi Khad, Mol Khad, Baner Khad, Charan Khad, Ashwani Khad, Gumma Nauti Kha, Dhauli Khad, Shikari Khad, Batta And Kali Bein",7.949999999999999,241.5,1.0,9.15,1.02,SUKETI KHAD,2021-06-30
2021,2608,RIVER BINWA AT D/S PAPROLA/BAIJNATH,HIMACHAL PRADESH,"Tributary Streams - Ravi, Parvati, Largi, Sirsa, Siuel, Suketi Khad, Binwa, Neugal, Spiti, Baspa, Banganga, Basanter, Chenab, Devak, Tawi, Manwar, Chunt Kol, Gawkdal, Jhelum, Lidder, Sindh, Ujh, Sarsa Nadi, Swan, Tirthan, Pabbar, Alhi Nog, Harabagh, Kunni Pul, Ashwani, Manjhi Khad, Mol Khad, Baner Khad, Charan Khad, Ashwani Khad, Gumma Nauti Kha, Dhauli Khad, Shikari Khad, Batta And Kali Bein",7.4,130.5,1.0,7.05,1.0999999999999999,BINWA,2021-06-30
2021,2609,RIVER NEUGAL AT D/S THURAL,HIMACHAL PRADESH,"Tributary Streams - Ravi, Parvati, Largi, Sirsa, Siuel, Suketi Khad, Binwa, Neugal, Spiti, Baspa, Banganga, Basanter, Chenab, Devak, Tawi, Manwar, Chunt Kol, Gawkdal, Jhelum, Lidder, Sindh, Ujh, Sarsa Nadi, Swan, Tirthan, Pabbar, Alhi Nog, Harabagh, Kunni Pul, Ashwani, Manjhi Khad, Mol Khad, Baner Khad, Charan Khad, Ashwani Khad, Gumma Nauti Kha, Dhauli Khad, Shikari Khad, Batta And Kali Bein",7.65,167.5,1.0,9.15,1.05,NEUGAL,2021-06-30
2021,2610,RIVER SPITI AT KHAB,HIMACHAL PRADESH,"Tributary Streams - Ravi, Parvati, Largi, Sirsa, Siuel, Suketi Khad, Binwa, Neugal, Spiti, Baspa, Banganga, Basanter, Chenab, Devak, Tawi, Manwar, Chunt Kol, Gawkdal, Jhelum, Lidder, Sindh, Ujh, Sarsa Nadi, Swan, Tirthan, Pabbar, Alhi Nog, Harabagh, Kunni Pul, Ashwani, Manjhi Khad, Mol Khad, Baner Khad, Charan Khad, Ashwani Khad, Gumma Nauti Kha, Dhauli Khad, Shikari Khad, Batta And Kali Bein",7.3,2810.0,1.0,9.4,0.32,SPITI,2021-06-30
2021,2612,RIVER BASPA AT U/S RESERVOIR BASPA PROJECT,HIMACHAL PRADESH,"Tributary Streams - Ravi, Parvati, Largi, Sirsa, Siuel, Suketi Khad, Binwa, Neugal, Spiti, Baspa, Banganga, Basanter, Chenab, Devak, Tawi, Manwar, Chunt Kol, Gawkdal, Jhelum, Lidder, Sindh, Ujh, Sarsa Nadi, Swan, Tirthan, Pabbar, Alhi Nog, Harabagh, Kunni Pul, Ashwani, Manjhi Khad, Mol Khad, Baner Khad, Charan Khad, Ashwani Khad, Gumma Nauti Kha, Dhauli Khad, Shikari Khad, Batta And Kali Bein",7.75,2868.0,1.0,9.15,0.87,BASPA,2021-06-30
2021,2755,"RIVER BANGANGA (BATHING GHAT), KATRA,",JAMMU & KASHMIR,"Tributary Streams - Ravi, Parvati, Largi, Sirsa, Siuel, Suketi Khad, Binwa, Neugal, Spiti, Baspa, Banganga, Basanter, Chenab, Devak, Tawi, Manwar, Chunt Kol, Gawkdal, Jhelum, Lidder, Sindh, Ujh, Sarsa Nadi, Swan, Tirthan, Pabbar, Alhi Nog, Harabagh, Kunni Pul, Ashwani, Manjhi Khad, Mol Khad, Baner Khad, Charan Khad, Ashwani Khad, Gumma Nauti Kha, Dhauli Khad, Shikari Khad, Batta And Kali Bein",8.55,365.0,2.1,6.85,0.3,"Ravi, Parvati, Largi, Sirsa, Siuel, Suketi Khad, Binwa, Neugal, Spiti, Baspa, Banganga, Basanter, Chenab, Devak, Tawi, Manwar, Chunt Kol, Gawkdal, Jhelum, Lidder, Sindh, Ujh, Sarsa Nadi, Swan, Tirthan, Pabbar, Alhi Nog, Harabagh, Kunni Pul, Ashwani, Manjhi Khad, Mol Khad, Baner Khad, Charan Khad, Ashwani Khad, Gumma Nauti Kha, Dhauli Khad, Shikari Khad, Batta And Kali Bein",2021-06-30
2021,2756,RIVER BANGANGA (IN FRONT OF PONY SHED NEAR REASI BRIDGE)KATRA,JAMMU & KASHMIR,"Tributary Streams - Ravi, Parvati, Largi, Sirsa, Siuel, Suketi Khad, Binwa, Neugal, Spiti, Baspa, Banganga, Basanter, Chenab, Devak, Tawi, Manwar, Chunt Kol, Gawkdal, Jhelum, Lidder, Sindh, Ujh, Sarsa Nadi, Swan, Tirthan, Pabbar, Alhi Nog, Harabagh, Kunni Pul, Ashwani, Manjhi Khad, Mol Khad, Baner Khad, Charan Khad, Ashwani Khad, Gumma Nauti Kha, Dhauli Khad, Shikari Khad, Batta And Kali Bein",8.350000000000001,366.0,2.45,7.0,0.3,SHED,2021-06-30
2021,2752,"RIVER BASANTER U/S (R.H.S) SAMBA (BELOW NH-1A BRIDGE),",JAMMU & KASHMIR,"Tributary Streams - Ravi, Parvati, Largi, Sirsa, Siuel, Suketi Khad, Binwa, Neugal, Spiti, Baspa, Banganga, Basanter, Chenab, Devak, Tawi, Manwar, Chunt Kol, Gawkdal, Jhelum, Lidder, Sindh, Ujh, Sarsa Nadi, Swan, Tirthan, Pabbar, Alhi Nog, Harabagh, Kunni Pul, Ashwani, Manjhi Khad, Mol Khad, Baner Khad, Charan Khad, Ashwani Khad, Gumma Nauti Kha, Dhauli Khad, Shikari Khad, Batta And Kali Bein",8.55,299.0,1.3,6.65,0.3,BASANTER,2021-06-30
2021,2753,RIVER BASANTER D/S(R.H.S.) SAMBA (AT CHAK MANGA GUJJAR,JAMMU & KASHMIR,"Tributary Streams - Ravi, Parvati, Largi, Sirsa, Siuel, Suketi Khad, Binwa, Neugal, Spiti, Baspa, Banganga, Basanter, Chenab, Devak, Tawi, Manwar, Chunt Kol, Gawkdal, Jhelum, Lidder, Sindh, Ujh, Sarsa Nadi, Swan, Tirthan, Pabbar, Alhi Nog, Harabagh, Kunni Pul, Ashwani, Manjhi Khad, Mol Khad, Baner Khad, Charan Khad, Ashwani Khad, Gumma Nauti Kha, Dhauli Khad, Shikari Khad, Batta And Kali Bein",8.149999999999999,322.0,1.9,6.55,0.3,BASANTER,2021-06-30
2021,2748,RIVER CHENAB AT L.H.S.(BELOW BRIDGE CHENAB),JAMMU & KASHMIR,"Tributary Streams - Ravi, Parvati, Largi, Sirsa, Siuel, Suketi Khad, Binwa, Neugal, Spiti, Baspa, Banganga, Basanter, Chenab, Devak, Tawi, Manwar, Chunt Kol, Gawkdal, Jhelum, Lidder, Sindh, Ujh, Sarsa Nadi, Swan, Tirthan, Pabbar, Alhi Nog, Harabagh, Kunni Pul, Ashwani, Manjhi Khad, Mol Khad, Baner Khad, Charan Khad, Ashwani Khad, Gumma Nauti Kha, Dhauli Khad, Shikari Khad, Batta And Kali Bein",7.8,166.0,1.0,8.399999999999999,0.3,CHENAB,2021-06-30
2021,2749,RIVER CHENAB AT BLIND CURVE SHAMSHAN GHAT (1.5 KM U/S FROM SPOT),JAMMU & KASHMIR,"Tributary Streams - Ravi, Parvati, Largi, Sirsa, Siuel, Suketi Khad, Binwa, Neugal, Spiti, Baspa, Banganga, Basanter, Chenab, Devak, Tawi, Manwar, Chunt Kol, Gawkdal, Jhelum, Lidder, Sindh, Ujh, Sarsa Nadi, Swan, Tirthan, Pabbar, Alhi Nog, Harabagh, Kunni Pul, Ashwani, Manjhi Khad, Mol Khad, Baner Khad, Charan Khad, Ashwani Khad, Gumma Nauti Kha, Dhauli Khad, Shikari Khad, Batta And Kali Bein",7.65,167.0,1.0,8.45,0.3,CHENAB,2021-06-30
2021,2750,RIVER CHENAB AT CHADRA GAON VIEW POINT(4 KM U/S FROM SPOT),JAMMU & KASHMIR,"Tributary Streams - Ravi, Parvati, Largi, Sirsa, Siuel, Suketi Khad, Binwa, Neugal, Spiti, Baspa, Banganga, Basanter, Chenab, Devak, Tawi, Manwar, Chunt Kol, Gawkdal, Jhelum, Lidder, Sindh, Ujh, Sarsa Nadi, Swan, Tirthan, Pabbar, Alhi Nog, Harabagh, Kunni Pul, Ashwani, Manjhi Khad, Mol Khad, Baner Khad, Charan Khad, Ashwani Khad, Gumma Nauti Kha, Dhauli Khad, Shikari Khad, Batta And Kali Bein",7.7,158.5,1.0,8.5,0.3,CHENAB,2021-06-30
2021,2751,RIVER CHENAB AT JAL PATAN MANDIR AFTER MEETING WITH MAIN DRAIN OF AKHNOOR CITY(1.5 KMD/S FROM SPOT),JAMMU & KASHMIR,"Tributary Streams - Ravi, Parvati, Largi, Sirsa, Siuel, Suketi Khad, Binwa, Neugal, Spiti, Baspa, Banganga, Basanter, Chenab, Devak, Tawi, Manwar, Chunt Kol, Gawkdal, Jhelum, Lidder, Sindh, Ujh, Sarsa Nadi, Swan, Tirthan, Pabbar, Alhi Nog, Harabagh, Kunni Pul, Ashwani, Manjhi Khad, Mol Khad, Baner Khad, Charan Khad, Ashwani Khad, Gumma Nauti Kha, Dhauli Khad, Shikari Khad, Batta And Kali Bein",8.0,167.5,1.0,8.15,0.3,CHENAB,2021-06-30
2021,1305,RIVER CHENAB AT JAMMU D/S,JAMMU & KASHMIR,"Tributary Streams - Ravi, Parvati, Largi, Sirsa, Siuel, Suketi Khad, Binwa, Neugal, Spiti, Baspa, Banganga, Basanter, Chenab, Devak, Tawi, Manwar, Chunt Kol, Gawkdal, Jhelum, Lidder, Sindh, Ujh, Sarsa Nadi, Swan, Tirthan, Pabbar, Alhi Nog, Harabagh, Kunni Pul, Ashwani, Manjhi Khad, Mol Khad, Baner Khad, Charan Khad, Ashwani Khad, Gumma Nauti Kha, Dhauli Khad, Shikari Khad, Batta And Kali Bein",7.8,131.5,1.0,8.5,0.3,CHENAB,2021-06-30
2021,2754,RIVER DEVAK UDHAMPUR(NEAR SHIV MANDIR D/S)L.H.S.,JAMMU & KASHMIR,"Tributary Streams - Ravi, Parvati, Largi, Sirsa, Siuel, Suketi Khad, Binwa, Neugal, Spiti, Baspa, Banganga, Basanter, Chenab, Devak, Tawi, Manwar, Chunt Kol, Gawkdal, Jhelum, Lidder, Sindh, Ujh, Sarsa Nadi, Swan, Tirthan, Pabbar, Alhi Nog, Harabagh, Kunni Pul, Ashwani, Manjhi Khad, Mol Khad, Baner Khad, Charan Khad, Ashwani Khad, Gumma Nauti Kha, Dhauli Khad, Shikari Khad, Batta And Kali Bein",7.8,510.0,2.85,6.1,0.33999999999999997,MANDIR,2021-06-30
2021,2757,RIVER DEVAK AT UTTERBEHNI,JAMMU & KASHMIR,"Tributary Streams - Ravi, Parvati, Largi, Sirsa, Siuel, Suketi Khad, Binwa, Neugal, Spiti, Baspa, Banganga, Basanter, Chenab, Devak, Tawi, Manwar, Chunt Kol, Gawkdal, Jhelum, Lidder, Sindh, Ujh, Sarsa Nadi, Swan, Tirthan, Pabbar, Alhi Nog, Harabagh, Kunni Pul, Ashwani, Manjhi Khad, Mol Khad, Baner Khad, Charan Khad, Ashwani Khad, Gumma Nauti Kha, Dhauli Khad, Shikari Khad, Batta And Kali Bein",8.2,417.0,1.0,7.5,,DEVAK,2021-06-30
2021,2742,RIVER TAWI AT SHETALI LIFTING POINT NAGROTA(5KM U/S TAWI BRIDGE),JAMMU & KASHMIR,"Tributary Streams - Ravi, Parvati, Largi, Sirsa, Siuel, Suketi Khad, Binwa, Neugal, Spiti, Baspa, Banganga, Basanter, Chenab, Devak, Tawi, Manwar, Chunt Kol, Gawkdal, Jhelum, Lidder, Sindh, Ujh, Sarsa Nadi, Swan, Tirthan, Pabbar, Alhi Nog, Harabagh, Kunni Pul, Ashwani, Manjhi Khad, Mol Khad, Baner Khad, Charan Khad, Ashwani Khad, Gumma Nauti Kha, Dhauli Khad, Shikari Khad, Batta And Kali Bein",7.9,240.5,1.0,7.65,0.3,TAWI,2021-06-30
2021,2743,RIVER TAWI AT BAGH-E-BAHU LIFTING POINT(1 KM U/S TAWI BRIDGE),JAMMU & KASHMIR,"Tributary Streams - Ravi, Parvati, Largi, Sirsa, Siuel, Suketi Khad, Binwa, Neugal, Spiti, Baspa, Banganga, Basanter, Chenab, Devak, Tawi, Manwar, Chunt Kol, Gawkdal, Jhelum, Lidder, Sindh, Ujh, Sarsa Nadi, Swan, Tirthan, Pabbar, Alhi Nog, Harabagh, Kunni Pul, Ashwani, Manjhi Khad, Mol Khad, Baner Khad, Charan Khad, Ashwani Khad, Gumma Nauti Kha, Dhauli Khad, Shikari Khad, Batta And Kali Bein",8.25,260.0,1.0,7.6,0.3,TAWI,2021-06-30
2021,1412,"RIVER TAWI AT JAMMU U/S, (TAWI BRIDGE )",JAMMU & KASHMIR,"Tributary Streams - Ravi, Parvati, Largi, Sirsa, Siuel, Suketi Khad, Binwa, Neugal, Spiti, Baspa, Banganga, Basanter, Chenab, Devak, Tawi, Manwar, Chunt Kol, Gawkdal, Jhelum, Lidder, Sindh, Ujh, Sarsa Nadi, Swan, Tirthan, Pabbar, Alhi Nog, Harabagh, Kunni Pul, Ashwani, Manjhi Khad, Mol Khad, Baner Khad, Charan Khad, Ashwani Khad, Gumma Nauti Kha, Dhauli Khad, Shikari Khad, Batta And Kali Bein",7.8,410.0,2.55,5.95,0.3,TAWI,2021-06-30
2021,2744,RIVER TAWI BELOW TAWI BRIDGE,JAMMU & KASHMIR,"Tributary Streams - Ravi, Parvati, Largi, Sirsa, Siuel, Suketi Khad, Binwa, Neugal, Spiti, Baspa, Banganga, Basanter, Chenab, Devak, Tawi, Manwar, Chunt Kol, Gawkdal, Jhelum, Lidder, Sindh, Ujh, Sarsa Nadi, Swan, Tirthan, Pabbar, Alhi Nog, Harabagh, Kunni Pul, Ashwani, Manjhi Khad, Mol Khad, Baner Khad, Charan Khad, Ashwani Khad, Gumma Nauti Kha, Dhauli Khad, Shikari Khad, Batta And Kali Bein",8.65,316.0,2.8,6.6,0.3,"Ravi, Parvati, Largi, Sirsa, Siuel, Suketi Khad, Binwa, Neugal, Spiti, Baspa, Banganga, Basanter, Chenab, Devak, Tawi, Manwar, Chunt Kol, Gawkdal, Jhelum, Lidder, Sindh, Ujh, Sarsa Nadi, Swan, Tirthan, Pabbar, Alhi Nog, Harabagh, Kunni Pul, Ashwani, Manjhi Khad, Mol Khad, Baner Khad, Charan Khad, Ashwani Khad, Gumma Nauti Kha, Dhauli Khad, Shikari Khad, Batta And Kali Bein",2021-06-30
2021,2745,RIVER TAWI BAGHWATI NAGAR (2KM D/S TAWI BRIDGE,JAMMU & KASHMIR,"Tributary Streams - Ravi, Parvati, Largi, Sirsa, Siuel, Suketi Khad, Binwa, Neugal, Spiti, Baspa, Banganga, Basanter, Chenab, Devak, Tawi, Manwar, Chunt Kol, Gawkdal, Jhelum, Lidder, Sindh, Ujh, Sarsa Nadi, Swan, Tirthan, Pabbar, Alhi Nog, Harabagh, Kunni Pul, Ashwani, Manjhi Khad, Mol Khad, Baner Khad, Charan Khad, Ashwani Khad, Gumma Nauti Kha, Dhauli Khad, Shikari Khad, Batta And Kali Bein",8.7,462.5,4.05,6.1,0.3,"Ravi, Parvati, Largi, Sirsa, Siuel, Suketi Khad, Binwa, Neugal, Spiti, Baspa, Banganga, Basanter, Chenab, Devak, Tawi, Manwar, Chunt Kol, Gawkdal, Jhelum, Lidder, Sindh, Ujh, Sarsa Nadi, Swan, Tirthan, Pabbar, Alhi Nog, Harabagh, Kunni Pul, Ashwani, Manjhi Khad, Mol Khad, Baner Khad, Charan Khad, Ashwani Khad, Gumma Nauti Kha, Dhauli Khad, Shikari Khad, Batta And Kali Bein",2021-06-30
2021,2746,RIVER TAWI AT BELICHARANA(4KM D/S TAWI BRIDGE),JAMMU & KASHMIR,"Tributary Streams - Ravi, Parvati, Largi, Sirsa, Siuel, Suketi Khad, Binwa, Neugal, Spiti, Baspa, Banganga, Basanter, Chenab, Devak, Tawi, Manwar, Chunt Kol, Gawkdal, Jhelum, Lidder, Sindh, Ujh, Sarsa Nadi, Swan, Tirthan, Pabbar, Alhi Nog, Harabagh, Kunni Pul, Ashwani, Manjhi Khad, Mol Khad, Baner Khad, Charan Khad, Ashwani Khad, Gumma Nauti Kha, Dhauli Khad, Shikari Khad, Batta And Kali Bein",8.55,306.0,2.1,7.7,0.3,TAWI,2021-06-30
2021,2747,"RIVER TAWI AT SURAJPUR CHATHA(10 KM D/S TAWI BRIDGE)BELOW BRIDGE NEAR CHATHA MSW DUMPING SITE, J&K",JAMMU & KASHMIR,"Tributary Streams - Ravi, Parvati, Largi, Sirsa, Siuel, Suketi Khad, Binwa, Neugal, Spiti, Baspa, Banganga, Basanter, Chenab, Devak, Tawi, Manwar, Chunt Kol, Gawkdal, Jhelum, Lidder, Sindh, Ujh, Sarsa Nadi, Swan, Tirthan, Pabbar, Alhi Nog, Harabagh, Kunni Pul, Ashwani, Manjhi Khad, Mol Khad, Baner Khad, Charan Khad, Ashwani Khad, Gumma Nauti Kha, Dhauli Khad, Shikari Khad, Batta And Kali Bein",8.399999999999999,301.0,1.75,7.65,0.3,TAWI,2021-06-30
2021,4055,RIVER TAWI AT 1 KM D/S BELOW STP DISCHARGE POINT AT BHAGWATI NAGAR,JAMMU & KASHMIR,"Tributary Streams - Ravi, Parvati, Largi, Sirsa, Siuel, Suketi Khad, Binwa, Neugal, Spiti, Baspa, Banganga, Basanter, Chenab, Devak, Tawi, Manwar, Chunt Kol, Gawkdal, Jhelum, Lidder, Sindh, Ujh, Sarsa Nadi, Swan, Tirthan, Pabbar, Alhi Nog, Harabagh, Kunni Pul, Ashwani, Manjhi Khad, Mol Khad, Baner Khad, Charan Khad, Ashwani Khad, Gumma Nauti Kha, Dhauli Khad, Shikari Khad, Batta And Kali Bein",8.7,460.0,4.9,5.65,0.3,TAWI,2021-06-30
2021,4056,"RIVER TAWI AT BALOL NALLAH, NEAR NIT COLLEGE, MIRAN SAHIB, BEFORE MIXING",JAMMU & KASHMIR,"Tributary Streams - Ravi, Parvati, Largi, Sirsa, Siuel, Suketi Khad, Binwa, Neugal, Spiti, Baspa, Banganga, Basanter, Chenab, Devak, Tawi, Manwar, Chunt Kol, Gawkdal, Jhelum, Lidder, Sindh, Ujh, Sarsa Nadi, Swan, Tirthan, Pabbar, Alhi Nog, Harabagh, Kunni Pul, Ashwani, Manjhi Khad, Mol Khad, Baner Khad, Charan Khad, Ashwani Khad, Gumma Nauti Kha, Dhauli Khad, Shikari Khad, Batta And Kali Bein",8.25,488.0,3.8499999999999996,5.6,0.365,TAWI,2021-06-30
2021,4075,RIVER MANWAR TAWI AT VILLAGE KALLAR (ABOUT 15 KM D/S SALAINI BRIDGE),JAMMU & KASHMIR,"Tributary Streams - Ravi, Parvati, Largi, Sirsa, Siuel, Suketi Khad, Binwa, Neugal, Spiti, Baspa, Banganga, Basanter, Chenab, Devak, Tawi, Manwar, Chunt Kol, Gawkdal, Jhelum, Lidder, Sindh, Ujh, Sarsa Nadi, Swan, Tirthan, Pabbar, Alhi Nog, Harabagh, Kunni Pul, Ashwani, Manjhi Khad, Mol Khad, Baner Khad, Charan Khad, Ashwani Khad, Gumma Nauti Kha, Dhauli Khad, Shikari Khad, Batta And Kali Bein",7.4,272.0,1.0,8.3,,MANWAR TAWI,2021-06-30
2021,1307,RIVER CHUNT KOL (MAULANA AZAD BRIDGE),JAMMU & KASHMIR,"Tributary Streams - Ravi, Parvati, Largi, Sirsa, Siuel, Suketi Khad, Binwa, Neugal, Spiti, Baspa, Banganga, Basanter, Chenab, Devak, Tawi, Manwar, Chunt Kol, Gawkdal, Jhelum, Lidder, Sindh, Ujh, Sarsa Nadi, Swan, Tirthan, Pabbar, Alhi Nog, Harabagh, Kunni Pul, Ashwani, Manjhi Khad, Mol Khad, Baner Khad, Charan Khad, Ashwani Khad, Gumma Nauti Kha, Dhauli Khad, Shikari Khad, Batta And Kali Bein",7.3,238.0,4.65,4.4,,"Ravi, Parvati, Largi, Sirsa, Siuel, Suketi Khad, Binwa, Neugal, Spiti, Baspa, Banganga, Basanter, Chenab, Devak, Tawi, Manwar, Chunt Kol, Gawkdal, Jhelum, Lidder, Sindh, Ujh, Sarsa Nadi, Swan, Tirthan, Pabbar, Alhi Nog, Harabagh, Kunni Pul, Ashwani, Manjhi Khad, Mol Khad, Baner Khad, Charan Khad, Ashwani Khad, Gumma Nauti Kha, Dhauli Khad, Shikari Khad, Batta And Kali Bein",2021-06-30
2021,1306,"RIVER GAWKADAL, SRG (SHERGHARI, SRG)",JAMMU & KASHMIR,"Tributary Streams - Ravi, Parvati, Largi, Sirsa, Siuel, Suketi Khad, Binwa, Neugal, Spiti, Baspa, Banganga, Basanter, Chenab, Devak, Tawi, Manwar, Chunt Kol, Gawkdal, Jhelum, Lidder, Sindh, Ujh, Sarsa Nadi, Swan, Tirthan, Pabbar, Alhi Nog, Harabagh, Kunni Pul, Ashwani, Manjhi Khad, Mol Khad, Baner Khad, Charan Khad, Ashwani Khad, Gumma Nauti Kha, Dhauli Khad, Shikari Khad, Batta And Kali Bein",7.4,225.5,2.35,5.7,,"Ravi, Parvati, Largi, Sirsa, Siuel, Suketi Khad, Binwa, Neugal, Spiti, Baspa, Banganga, Basanter, Chenab, Devak, Tawi, Manwar, Chunt Kol, Gawkdal, Jhelum, Lidder, Sindh, Ujh, Sarsa Nadi, Swan, Tirthan, Pabbar, Alhi Nog, Harabagh, Kunni Pul, Ashwani, Manjhi Khad, Mol Khad, Baner Khad, Charan Khad, Ashwani Khad, Gumma Nauti Kha, Dhauli Khad, Shikari Khad, Batta And Kali Bein",2021-06-30
2021,1304,RIVER JHELAM AT ANANTNAG D/S,JAMMU & KASHMIR,"Tributary Streams - Ravi, Parvati, Largi, Sirsa, Siuel, Suketi Khad, Binwa, Neugal, Spiti, Baspa, Banganga, Basanter, Chenab, Devak, Tawi, Manwar, Chunt Kol, Gawkdal, Jhelum, Lidder, Sindh, Ujh, Sarsa Nadi, Swan, Tirthan, Pabbar, Alhi Nog, Harabagh, Kunni Pul, Ashwani, Manjhi Khad, Mol Khad, Baner Khad, Charan Khad, Ashwani Khad, Gumma Nauti Kha, Dhauli Khad, Shikari Khad, Batta And Kali Bein",7.6,265.5,2.5999999999999996,7.0,,JHELAM,2021-06-30
2021,1410,"RIVER JHELAM AT DALAGATE (INLET), SRINAGAR",JAMMU & KASHMIR,"Tributary Streams - Ravi, Parvati, Largi, Sirsa, Siuel, Suketi Khad, Binwa, Neugal, Spiti, Baspa, Banganga, Basanter, Chenab, Devak, Tawi, Manwar, Chunt Kol, Gawkdal, Jhelum, Lidder, Sindh, Ujh, Sarsa Nadi, Swan, Tirthan, Pabbar, Alhi Nog, Harabagh, Kunni Pul, Ashwani, Manjhi Khad, Mol Khad, Baner Khad, Charan Khad, Ashwani Khad, Gumma Nauti Kha, Dhauli Khad, Shikari Khad, Batta And Kali Bein",7.25,232.0,2.55,6.199999999999999,,JHELAM,2021-06-30
2021,1411,RIVER JHELAM AT CHATTABAL WEIR (OUTLET,JAMMU & KASHMIR,"Tributary Streams - Ravi, Parvati, Largi, Sirsa, Siuel, Suketi Khad, Binwa, Neugal, Spiti, Baspa, Banganga, Basanter, Chenab, Devak, Tawi, Manwar, Chunt Kol, Gawkdal, Jhelum, Lidder, Sindh, Ujh, Sarsa Nadi, Swan, Tirthan, Pabbar, Alhi Nog, Harabagh, Kunni Pul, Ashwani, Manjhi Khad, Mol Khad, Baner Khad, Charan Khad, Ashwani Khad, Gumma Nauti Kha, Dhauli Khad, Shikari Khad, Batta And Kali Bein",7.4,234.5,2.85,5.85,,JHELAM,2021-06-30
2021,3272,RIVER JHELUM AT VERINAG,JAMMU & KASHMIR,"Tributary Streams - Ravi, Parvati, Largi, Sirsa, Siuel, Suketi Khad, Binwa, Neugal, Spiti, Baspa, Banganga, Basanter, Chenab, Devak, Tawi, Manwar, Chunt Kol, Gawkdal, Jhelum, Lidder, Sindh, Ujh, Sarsa Nadi, Swan, Tirthan, Pabbar, Alhi Nog, Harabagh, Kunni Pul, Ashwani, Manjhi Khad, Mol Khad, Baner Khad, Charan Khad, Ashwani Khad, Gumma Nauti Kha, Dhauli Khad, Shikari Khad, Batta And Kali Bein",7.35,264.5,1.0,7.05,,JHELUM,2021-06-30
2021,3273,"RIVER JHELUM AT SANGAM, CONFLUENCE POINT OF VISHAV NALLAH",JAMMU & KASHMIR,"Tributary Streams - Ravi, Parvati, Largi, Sirsa, Siuel, Suketi Khad, Binwa, Neugal, Spiti, Baspa, Banganga, Basanter, Chenab, Devak, Tawi, Manwar, Chunt Kol, Gawkdal, Jhelum, Lidder, Sindh, Ujh, Sarsa Nadi, Swan, Tirthan, Pabbar, Alhi Nog, Harabagh, Kunni Pul, Ashwani, Manjhi Khad, Mol Khad, Baner Khad, Charan Khad, Ashwani Khad, Gumma Nauti Kha, Dhauli Khad, Shikari Khad, Batta And Kali Bein",7.65,186.5,2.2,7.199999999999999,,JHELUM,2021-06-30
2021,3274,RIVER JHELUM AT AWANTIPORA,JAMMU & KASHMIR,"Tributary Streams - Ravi, Parvati, Largi, Sirsa, Siuel, Suketi Khad, Binwa, Neugal, Spiti, Baspa, Banganga, Basanter, Chenab, Devak, Tawi, Manwar, Chunt Kol, Gawkdal, Jhelum, Lidder, Sindh, Ujh, Sarsa Nadi, Swan, Tirthan, Pabbar, Alhi Nog, Harabagh, Kunni Pul, Ashwani, Manjhi Khad, Mol Khad, Baner Khad, Charan Khad, Ashwani Khad, Gumma Nauti Kha, Dhauli Khad, Shikari Khad, Batta And Kali Bein",7.65,209.0,2.55,7.65,,JHELUM,2021-06-30
2021,3275,RIVER JHELUM AT PAMPORE,JAMMU & KASHMIR,"Tributary Streams - Ravi, Parvati, Largi, Sirsa, Siuel, Suketi Khad, Binwa, Neugal, Spiti, Baspa, Banganga, Basanter, Chenab, Devak, Tawi, Manwar, Chunt Kol, Gawkdal, Jhelum, Lidder, Sindh, Ujh, Sarsa Nadi, Swan, Tirthan, Pabbar, Alhi Nog, Harabagh, Kunni Pul, Ashwani, Manjhi Khad, Mol Khad, Baner Khad, Charan Khad, Ashwani Khad, Gumma Nauti Kha, Dhauli Khad, Shikari Khad, Batta And Kali Bein",7.550000000000001,209.0,2.45,6.9,,JHELUM,2021-06-30
2021,3276,"RIVER JHELUM AT SOPORE, CONFLUENCE POINT OF WULAR LAKE",JAMMU & KASHMIR,"Tributary Streams - Ravi, Parvati, Largi, Sirsa, Siuel, Suketi Khad, Binwa, Neugal, Spiti, Baspa, Banganga, Basanter, Chenab, Devak, Tawi, Manwar, Chunt Kol, Gawkdal, Jhelum, Lidder, Sindh, Ujh, Sarsa Nadi, Swan, Tirthan, Pabbar, Alhi Nog, Harabagh, Kunni Pul, Ashwani, Manjhi Khad, Mol Khad, Baner Khad, Charan Khad, Ashwani Khad, Gumma Nauti Kha, Dhauli Khad, Shikari Khad, Batta And Kali Bein",7.4,251.5,2.4000000000000004,6.949999999999999,,JHELUM,2021-06-30
2021,3277,RIVER JHELUM AT BARAMULLA D/S,JAMMU & KASHMIR,"Tributary Streams - Ravi, Parvati, Largi, Sirsa, Siuel, Suketi Khad, Binwa, Neugal, Spiti, Baspa, Banganga, Basanter, Chenab, Devak, Tawi, Manwar, Chunt Kol, Gawkdal, Jhelum, Lidder, Sindh, Ujh, Sarsa Nadi, Swan, Tirthan, Pabbar, Alhi Nog, Harabagh, Kunni Pul, Ashwani, Manjhi Khad, Mol Khad, Baner Khad, Charan Khad, Ashwani Khad, Gumma Nauti Kha, Dhauli Khad, Shikari Khad, Batta And Kali Bein",7.5,260.0,2.8499999999999996,6.75,,JHELUM,2021-06-30
2021,4053,RIVER JHELUM AT BIJEHARA,JAMMU & KASHMIR,"Tributary Streams - Ravi, Parvati, Largi, Sirsa, Siuel, Suketi Khad, Binwa, Neugal, Spiti, Baspa, Banganga, Basanter, Chenab, Devak, Tawi, Manwar, Chunt Kol, Gawkdal, Jhelum, Lidder, Sindh, Ujh, Sarsa Nadi, Swan, Tirthan, Pabbar, Alhi Nog, Harabagh, Kunni Pul, Ashwani, Manjhi Khad, Mol Khad, Baner Khad, Charan Khad, Ashwani Khad, Gumma Nauti Kha, Dhauli Khad, Shikari Khad, Batta And Kali Bein",7.65,194.5,2.25,6.4,,JHELUM,2021-06-30
2021,4054,RIVER JHELUM AT PANTHACHOWK,JAMMU & KASHMIR,"Tributary Streams - Ravi, Parvati, Largi, Sirsa, Siuel, Suketi Khad, Binwa, Neugal, Spiti, Baspa, Banganga, Basanter, Chenab, Devak, Tawi, Manwar, Chunt Kol, Gawkdal, Jhelum, Lidder, Sindh, Ujh, Sarsa Nadi, Swan, Tirthan, Pabbar, Alhi Nog, Harabagh, Kunni Pul, Ashwani, Manjhi Khad, Mol Khad, Baner Khad, Charan Khad, Ashwani Khad, Gumma Nauti Kha, Dhauli Khad, Shikari Khad, Batta And Kali Bein",7.5,200.0,2.25,6.7,,JHELUM,2021-06-30
2021,3278,RIVER LIDDER AT LARIPORA,JAMMU & KASHMIR,"Tributary Streams - Ravi, Parvati, Largi, Sirsa, Siuel, Suketi Khad, Binwa, Neugal, Spiti, Baspa, Banganga, Basanter, Chenab, Devak, Tawi, Manwar, Chunt Kol, Gawkdal, Jhelum, Lidder, Sindh, Ujh, Sarsa Nadi, Swan, Tirthan, Pabbar, Alhi Nog, Harabagh, Kunni Pul, Ashwani, Manjhi Khad, Mol Khad, Baner Khad, Charan Khad, Ashwani Khad, Gumma Nauti Kha, Dhauli Khad, Shikari Khad, Batta And Kali Bein",8.0,120.0,1.1,9.2,,LIDDER,2021-06-30
2021,3279,RIVER LIDDER AT CLUB PARK,JAMMU & KASHMIR,"Tributary Streams - Ravi, Parvati, Largi, Sirsa, Siuel, Suketi Khad, Binwa, Neugal, Spiti, Baspa, Banganga, Basanter, Chenab, Devak, Tawi, Manwar, Chunt Kol, Gawkdal, Jhelum, Lidder, Sindh, Ujh, Sarsa Nadi, Swan, Tirthan, Pabbar, Alhi Nog, Harabagh, Kunni Pul, Ashwani, Manjhi Khad, Mol Khad, Baner Khad, Charan Khad, Ashwani Khad, Gumma Nauti Kha, Dhauli Khad, Shikari Khad, Batta And Kali Bein",7.949999999999999,133.0,1.2,8.7,,LIDDER,2021-06-30
2021,3280,RIVER LIDDER AT BUS ADDA,JAMMU & KASHMIR,"Tributary Streams - Ravi, Parvati, Largi, Sirsa, Siuel, Suketi Khad, Binwa, Neugal, Spiti, Baspa, Banganga, Basanter, Chenab, Devak, Tawi, Manwar, Chunt Kol, Gawkdal, Jhelum, Lidder, Sindh, Ujh, Sarsa Nadi, Swan, Tirthan, Pabbar, Alhi Nog, Harabagh, Kunni Pul, Ashwani, Manjhi Khad, Mol Khad, Baner Khad, Charan Khad, Ashwani Khad, Gumma Nauti Kha, Dhauli Khad, Shikari Khad, Batta And Kali Bein",7.85,147.5,1.55,8.4,,LIDDER,2021-06-30
2021,3281,"RIVER LIDDER AT YANEER, D/S OF PHALGUM",JAMMU & KASHMIR,"Tributary Streams - Ravi, Parvati, Largi, Sirsa, Siuel, Suketi Khad, Binwa, Neugal, Spiti, Baspa, Banganga, Basanter, Chenab, Devak, Tawi, Manwar, Chunt Kol, Gawkdal, Jhelum, Lidder, Sindh, Ujh, Sarsa Nadi, Swan, Tirthan, Pabbar, Alhi Nog, Harabagh, Kunni Pul, Ashwani, Manjhi Khad, Mol Khad, Baner Khad, Charan Khad, Ashwani Khad, Gumma Nauti Kha, Dhauli Khad, Shikari Khad, Batta And Kali Bein",7.7,87.5,1.4,9.149999999999999,,LIDDER,2021-06-30
2021,3282,"RIVER LIDDER NERA BUMZOO, ANANTNAG",JAMMU & KASHMIR,"Tributary Streams - Ravi, Parvati, Largi, Sirsa, Siuel, Suketi Khad, Binwa, Neugal, Spiti, Baspa, Banganga, Basanter, Chenab, Devak, Tawi, Manwar, Chunt Kol, Gawkdal, Jhelum, Lidder, Sindh, Ujh, Sarsa Nadi, Swan, Tirthan, Pabbar, Alhi Nog, Harabagh, Kunni Pul, Ashwani, Manjhi Khad, Mol Khad, Baner Khad, Charan Khad, Ashwani Khad, Gumma Nauti Kha, Dhauli Khad, Shikari Khad, Batta And Kali Bein",7.7,129.5,1.15,8.6,,"Ravi, Parvati, Largi, Sirsa, Siuel, Suketi Khad, Binwa, Neugal, Spiti, Baspa, Banganga, Basanter, Chenab, Devak, Tawi, Manwar, Chunt Kol, Gawkdal, Jhelum, Lidder, Sindh, Ujh, Sarsa Nadi, Swan, Tirthan, Pabbar, Alhi Nog, Harabagh, Kunni Pul, Ashwani, Manjhi Khad, Mol Khad, Baner Khad, Charan Khad, Ashwani Khad, Gumma Nauti Kha, Dhauli Khad, Shikari Khad, Batta And Kali Bein",2021-06-30
2021,4051,RIVER LIDDER AT NUNWAN,JAMMU & KASHMIR,"Tributary Streams - Ravi, Parvati, Largi, Sirsa, Siuel, Suketi Khad, Binwa, Neugal, Spiti, Baspa, Banganga, Basanter, Chenab, Devak, Tawi, Manwar, Chunt Kol, Gawkdal, Jhelum, Lidder, Sindh, Ujh, Sarsa Nadi, Swan, Tirthan, Pabbar, Alhi Nog, Harabagh, Kunni Pul, Ashwani, Manjhi Khad, Mol Khad, Baner Khad, Charan Khad, Ashwani Khad, Gumma Nauti Kha, Dhauli Khad, Shikari Khad, Batta And Kali Bein",7.8,94.0,1.35,8.15,,LIDDER,2021-06-30
2021,4052,RIVER LIDDER NEAR LAVENDER PARK,JAMMU & KASHMIR,"Tributary Streams - Ravi, Parvati, Largi, Sirsa, Siuel, Suketi Khad, Binwa, Neugal, Spiti, Baspa, Banganga, Basanter, Chenab, Devak, Tawi, Manwar, Chunt Kol, Gawkdal, Jhelum, Lidder, Sindh, Ujh, Sarsa Nadi, Swan, Tirthan, Pabbar, Alhi Nog, Harabagh, Kunni Pul, Ashwani, Manjhi Khad, Mol Khad, Baner Khad, Charan Khad, Ashwani Khad, Gumma Nauti Kha, Dhauli Khad, Shikari Khad, Batta And Kali Bein",7.85,111.0,1.45,8.75,,LIDDER,2021-06-30
2021,3283,RIVER SINDH AT SONAMARG U/S,JAMMU & KASHMIR,"Tributary Streams - Ravi, Parvati, Largi, Sirsa, Siuel, Suketi Khad, Binwa, Neugal, Spiti, Baspa, Banganga, Basanter, Chenab, Devak, Tawi, Manwar, Chunt Kol, Gawkdal, Jhelum, Lidder, Sindh, Ujh, Sarsa Nadi, Swan, Tirthan, Pabbar, Alhi Nog, Harabagh, Kunni Pul, Ashwani, Manjhi Khad, Mol Khad, Baner Khad, Charan Khad, Ashwani Khad, Gumma Nauti Kha, Dhauli Khad, Shikari Khad, Batta And Kali Bein",7.699999999999999,258.0,1.05,8.85,,SINDH,2021-06-30
2021,3284,RIVER SINDH AT SONAMARG D/S,JAMMU & KASHMIR,"Tributary Streams - Ravi, Parvati, Largi, Sirsa, Siuel, Suketi Khad, Binwa, Neugal, Spiti, Baspa, Banganga, Basanter, Chenab, Devak, Tawi, Manwar, Chunt Kol, Gawkdal, Jhelum, Lidder, Sindh, Ujh, Sarsa Nadi, Swan, Tirthan, Pabbar, Alhi Nog, Harabagh, Kunni Pul, Ashwani, Manjhi Khad, Mol Khad, Baner Khad, Charan Khad, Ashwani Khad, Gumma Nauti Kha, Dhauli Khad, Shikari Khad, Batta And Kali Bein",7.9,253.0,1.0,8.25,,SINDH,2021-06-30
2021,3285,RIVER SINDH AT WAIL BRIDGE,JAMMU & KASHMIR,"Tributary Streams - Ravi, Parvati, Largi, Sirsa, Siuel, Suketi Khad, Binwa, Neugal, Spiti, Baspa, Banganga, Basanter, Chenab, Devak, Tawi, Manwar, Chunt Kol, Gawkdal, Jhelum, Lidder, Sindh, Ujh, Sarsa Nadi, Swan, Tirthan, Pabbar, Alhi Nog, Harabagh, Kunni Pul, Ashwani, Manjhi Khad, Mol Khad, Baner Khad, Charan Khad, Ashwani Khad, Gumma Nauti Kha, Dhauli Khad, Shikari Khad, Batta And Kali Bein",7.949999999999999,219.0,1.05,9.1,,SINDH,2021-06-30
2021,3286,RIVER SINDH AT DUDERHAMA,JAMMU & KASHMIR,"Tributary Streams - Ravi, Parvati, Largi, Sirsa, Siuel, Suketi Khad, Binwa, Neugal, Spiti, Baspa, Banganga, Basanter, Chenab, Devak, Tawi, Manwar, Chunt Kol, Gawkdal, Jhelum, Lidder, Sindh, Ujh, Sarsa Nadi, Swan, Tirthan, Pabbar, Alhi Nog, Harabagh, Kunni Pul, Ashwani, Manjhi Khad, Mol Khad, Baner Khad, Charan Khad, Ashwani Khad, Gumma Nauti Kha, Dhauli Khad, Shikari Khad, Batta And Kali Bein",7.7,238.5,1.3,8.15,,SINDH,2021-06-30
2021,3287,"RIVER SINDH AT RANGIL, SRINAGAR",JAMMU & KASHMIR,"Tributary Streams - Ravi, Parvati, Largi, Sirsa, Siuel, Suketi Khad, Binwa, Neugal, Spiti, Baspa, Banganga, Basanter, Chenab, Devak, Tawi, Manwar, Chunt Kol, Gawkdal, Jhelum, Lidder, Sindh, Ujh, Sarsa Nadi, Swan, Tirthan, Pabbar, Alhi Nog, Harabagh, Kunni Pul, Ashwani, Manjhi Khad, Mol Khad, Baner Khad, Charan Khad, Ashwani Khad, Gumma Nauti Kha, Dhauli Khad, Shikari Khad, Batta And Kali Bein",7.55,236.5,1.0,9.600000000000001,,SINDH,2021-06-30
2021,2758,"RIVER UJH AT DAM SITE(L.H.S.), KATHUA",JAMMU & KASHMIR,"Tributary Streams - Ravi, Parvati, Largi, Sirsa, Siuel, Suketi Khad, Binwa, Neugal, Spiti, Baspa, Banganga, Basanter, Chenab, Devak, Tawi, Manwar, Chunt Kol, Gawkdal, Jhelum, Lidder, Sindh, Ujh, Sarsa Nadi, Swan, Tirthan, Pabbar, Alhi Nog, Harabagh, Kunni Pul, Ashwani, Manjhi Khad, Mol Khad, Baner Khad, Charan Khad, Ashwani Khad, Gumma Nauti Kha, Dhauli Khad, Shikari Khad, Batta And Kali Bein",8.0,238.5,1.0,7.800000000000001,0.3,UJH,2021-06-30
2021,4161,"RIVER SARSA NADI CONFLUENCE POINT OF WITH SUTLEJ, NR VILL ASPUR, ROOPNAGAR",PUNJAB,"Tributary Streams - Ravi, Parvati, Largi, Sirsa, Siuel, Suketi Khad, Binwa, Neugal, Spiti, Baspa, Banganga, Basanter, Chenab, Devak, Tawi, Manwar, Chunt Kol, Gawkdal, Jhelum, Lidder, Sindh, Ujh, Sarsa Nadi, Swan, Tirthan, Pabbar, Alhi Nog, Harabagh, Kunni Pul, Ashwani, Manjhi Khad, Mol Khad, Baner Khad, Charan Khad, Ashwani Khad, Gumma Nauti Kha, Dhauli Khad, Shikari Khad, Batta And Kali Bein",8.0,320.5,1.0,8.95,1.2999999999999998,"Ravi, Parvati, Largi, Sirsa, Siuel, Suketi Khad, Binwa, Neugal, Spiti, Baspa, Banganga, Basanter, Chenab, Devak, Tawi, Manwar, Chunt Kol, Gawkdal, Jhelum, Lidder, Sindh, Ujh, Sarsa Nadi, Swan, Tirthan, Pabbar, Alhi Nog, Harabagh, Kunni Pul, Ashwani, Manjhi Khad, Mol Khad, Baner Khad, Charan Khad, Ashwani Khad, Gumma Nauti Kha, Dhauli Khad, Shikari Khad, Batta And Kali Bein",2021-06-30
2021,3856,RIVER SWAN U/S GAGRET,HIMACHAL PRADESH,"Tributary Streams - Ravi, Parvati, Largi, Sirsa, Siuel, Suketi Khad, Binwa, Neugal, Spiti, Baspa, Banganga, Basanter, Chenab, Devak, Tawi, Manwar, Chunt Kol, Gawkdal, Jhelum, Lidder, Sindh, Ujh, Sarsa Nadi, Swan, Tirthan, Pabbar, Alhi Nog, Harabagh, Kunni Pul, Ashwani, Manjhi Khad, Mol Khad, Baner Khad, Charan Khad, Ashwani Khad, Gumma Nauti Kha, Dhauli Khad, Shikari Khad, Batta And Kali Bein",7.5,342.0,1.0,7.35,2.6100000000000003,SWAN,2021-06-30
2021,3857,RIVER SWAN D/S GAGRET,HIMACHAL PRADESH,"Tributary Streams - Ravi, Parvati, Largi, Sirsa, Siuel, Suketi Khad, Binwa, Neugal, Spiti, Baspa, Banganga, Basanter, Chenab, Devak, Tawi, Manwar, Chunt Kol, Gawkdal, Jhelum, Lidder, Sindh, Ujh, Sarsa Nadi, Swan, Tirthan, Pabbar, Alhi Nog, Harabagh, Kunni Pul, Ashwani, Manjhi Khad, Mol Khad, Baner Khad, Charan Khad, Ashwani Khad, Gumma Nauti Kha, Dhauli Khad, Shikari Khad, Batta And Kali Bein",7.6,363.5,1.0,7.25,2.84,SWAN,2021-06-30
2021,3858,RIVER SWAN U/S SANTOSHGARH BRIDGE,HIMACHAL PRADESH,"Tributary Streams - Ravi, Parvati, Largi, Sirsa, Siuel, Suketi Khad, Binwa, Neugal, Spiti, Baspa, Banganga, Basanter, Chenab, Devak, Tawi, Manwar, Chunt Kol, Gawkdal, Jhelum, Lidder, Sindh, Ujh, Sarsa Nadi, Swan, Tirthan, Pabbar, Alhi Nog, Harabagh, Kunni Pul, Ashwani, Manjhi Khad, Mol Khad, Baner Khad, Charan Khad, Ashwani Khad, Gumma Nauti Kha, Dhauli Khad, Shikari Khad, Batta And Kali Bein",7.55,389.5,1.0,7.15,1.73,SWAN,2021-06-30
2021,3859,RIVER SWAN U/S UNA TOWN GHALLUWAL BRIDGE,HIMACHAL PRADESH,"Tributary Streams - Ravi, Parvati, Largi, Sirsa, Siuel, Suketi Khad, Binwa, Neugal, Spiti, Baspa, Banganga, Basanter, Chenab, Devak, Tawi, Manwar, Chunt Kol, Gawkdal, Jhelum, Lidder, Sindh, Ujh, Sarsa Nadi, Swan, Tirthan, Pabbar, Alhi Nog, Harabagh, Kunni Pul, Ashwani, Manjhi Khad, Mol Khad, Baner Khad, Charan Khad, Ashwani Khad, Gumma Nauti Kha, Dhauli Khad, Shikari Khad, Batta And Kali Bein",7.8,368.5,1.0,7.2,2.29,SWAN,2021-06-30
2021,4030,RIVER SWAN B/C OF GARNI KHAD,HIMACHAL PRADESH,"Tributary Streams - Ravi, Parvati, Largi, Sirsa, Siuel, Suketi Khad, Binwa, Neugal, Spiti, Baspa, Banganga, Basanter, Chenab, Devak, Tawi, Manwar, Chunt Kol, Gawkdal, Jhelum, Lidder, Sindh, Ujh, Sarsa Nadi, Swan, Tirthan, Pabbar, Alhi Nog, Harabagh, Kunni Pul, Ashwani, Manjhi Khad, Mol Khad, Baner Khad, Charan Khad, Ashwani Khad, Gumma Nauti Kha, Dhauli Khad, Shikari Khad, Batta And Kali Bein",7.6,361.5,1.0,7.4,3.145,"Ravi, Parvati, Largi, Sirsa, Siuel, Suketi Khad, Binwa, Neugal, Spiti, Baspa, Banganga, Basanter, Chenab, Devak, Tawi, Manwar, Chunt Kol, Gawkdal, Jhelum, Lidder, Sindh, Ujh, Sarsa Nadi, Swan, Tirthan, Pabbar, Alhi Nog, Harabagh, Kunni Pul, Ashwani, Manjhi Khad, Mol Khad, Baner Khad, Charan Khad, Ashwani Khad, Gumma Nauti Kha, Dhauli Khad, Shikari Khad, Batta And Kali Bein",2021-06-30
2021,4031,RIVER SWAN RIVER A/C GARNI KHAD,HIMACHAL PRADESH,"Tributary Streams - Ravi, Parvati, Largi, Sirsa, Siuel, Suketi Khad, Binwa, Neugal, Spiti, Baspa, Banganga, Basanter, Chenab, Devak, Tawi, Manwar, Chunt Kol, Gawkdal, Jhelum, Lidder, Sindh, Ujh, Sarsa Nadi, Swan, Tirthan, Pabbar, Alhi Nog, Harabagh, Kunni Pul, Ashwani, Manjhi Khad, Mol Khad, Baner Khad, Charan Khad, Ashwani Khad, Gumma Nauti Kha, Dhauli Khad, Shikari Khad, Batta And Kali Bein",7.7,376.0,1.0,7.25,3.02,"Ravi, Parvati, Largi, Sirsa, Siuel, Suketi Khad, Binwa, Neugal, Spiti, Baspa, Banganga, Basanter, Chenab, Devak, Tawi, Manwar, Chunt Kol, Gawkdal, Jhelum, Lidder, Sindh, Ujh, Sarsa Nadi, Swan, Tirthan, Pabbar, Alhi Nog, Harabagh, Kunni Pul, Ashwani, Manjhi Khad, Mol Khad, Baner Khad, Charan Khad, Ashwani Khad, Gumma Nauti Kha, Dhauli Khad, Shikari Khad, Batta And Kali Bein",2021-06-30
2021,1869,RIVER SWAN AT D/S NANGAL DISTT. UNA,HIMACHAL PRADESH,"Tributary Streams - Ravi, Parvati, Largi, Sirsa, Siuel, Suketi Khad, Binwa, Neugal, Spiti, Baspa, Banganga, Basanter, Chenab, Devak, Tawi, Manwar, Chunt Kol, Gawkdal, Jhelum, Lidder, Sindh, Ujh, Sarsa Nadi, Swan, Tirthan, Pabbar, Alhi Nog, Harabagh, Kunni Pul, Ashwani, Manjhi Khad, Mol Khad, Baner Khad, Charan Khad, Ashwani Khad, Gumma Nauti Kha, Dhauli Khad, Shikari Khad, Batta And Kali Bein",7.45,449.5,1.0,7.5,3.34,SWAN,2021-06-30
2021,30011,"RIVER SWAN AT DHANGLA VILLAGE, SANTOSHGARH (PUNJAB)",PUNJAB,"Tributary Streams - Ravi, Parvati, Largi, Sirsa, Siuel, Suketi Khad, Binwa, Neugal, Spiti, Baspa, Banganga, Basanter, Chenab, Devak, Tawi, Manwar, Chunt Kol, Gawkdal, Jhelum, Lidder, Sindh, Ujh, Sarsa Nadi, Swan, Tirthan, Pabbar, Alhi Nog, Harabagh, Kunni Pul, Ashwani, Manjhi Khad, Mol Khad, Baner Khad, Charan Khad, Ashwani Khad, Gumma Nauti Kha, Dhauli Khad, Shikari Khad, Batta And Kali Bein",7.65,515.5,3.0,7.5,1.435,SWAN,2021-06-30
2021,4038,RIVER TIRTHAN B/C TO RIVER SUTLEJ,HIMACHAL PRADESH,"Tributary Streams - Ravi, Parvati, Largi, Sirsa, Siuel, Suketi Khad, Binwa, Neugal, Spiti, Baspa, Banganga, Basanter, Chenab, Devak, Tawi, Manwar, Chunt Kol, Gawkdal, Jhelum, Lidder, Sindh, Ujh, Sarsa Nadi, Swan, Tirthan, Pabbar, Alhi Nog, Harabagh, Kunni Pul, Ashwani, Manjhi Khad, Mol Khad, Baner Khad, Charan Khad, Ashwani Khad, Gumma Nauti Kha, Dhauli Khad, Shikari Khad, Batta And Kali Bein",7.6,91.5,1.0,8.35,0.695,"Ravi, Parvati, Largi, Sirsa, Siuel, Suketi Khad, Binwa, Neugal, Spiti, Baspa, Banganga, Basanter, Chenab, Devak, Tawi, Manwar, Chunt Kol, Gawkdal, Jhelum, Lidder, Sindh, Ujh, Sarsa Nadi, Swan, Tirthan, Pabbar, Alhi Nog, Harabagh, Kunni Pul, Ashwani, Manjhi Khad, Mol Khad, Baner Khad, Charan Khad, Ashwani Khad, Gumma Nauti Kha, Dhauli Khad, Shikari Khad, Batta And Kali Bein",2021-06-30
2021,2617,RIVER PABBAR AT U/S DHAMBARI,HIMACHAL PRADESH,"Tributary Streams - Ravi, Parvati, Largi, Sirsa, Siuel, Suketi Khad, Binwa, Neugal, Spiti, Baspa, Banganga, Basanter, Chenab, Devak, Tawi, Manwar, Chunt Kol, Gawkdal, Jhelum, Lidder, Sindh, Ujh, Sarsa Nadi, Swan, Tirthan, Pabbar, Alhi Nog, Harabagh, Kunni Pul, Ashwani, Manjhi Khad, Mol Khad, Baner Khad, Charan Khad, Ashwani Khad, Gumma Nauti Kha, Dhauli Khad, Shikari Khad, Batta And Kali Bein",7.55,1001.0,1.0,8.6,0.595,PABBAR,2021-06-30
2021,2618,RIVER PABBAR AT U/S ROHRU,HIMACHAL PRADESH,"Tributary Streams - Ravi, Parvati, Largi, Sirsa, Siuel, Suketi Khad, Binwa, Neugal, Spiti, Baspa, Banganga, Basanter, Chenab, Devak, Tawi, Manwar, Chunt Kol, Gawkdal, Jhelum, Lidder, Sindh, Ujh, Sarsa Nadi, Swan, Tirthan, Pabbar, Alhi Nog, Harabagh, Kunni Pul, Ashwani, Manjhi Khad, Mol Khad, Baner Khad, Charan Khad, Ashwani Khad, Gumma Nauti Kha, Dhauli Khad, Shikari Khad, Batta And Kali Bein",7.6,927.5,1.0,8.1,0.63,PABBAR,2021-06-30
2021,4039,RIVER PABBAR U/S HATKOTI,HIMACHAL PRADESH,"Tributary Streams - Ravi, Parvati, Largi, Sirsa, Siuel, Suketi Khad, Binwa, Neugal, Spiti, Baspa, Banganga, Basanter, Chenab, Devak, Tawi, Manwar, Chunt Kol, Gawkdal, Jhelum, Lidder, Sindh, Ujh, Sarsa Nadi, Swan, Tirthan, Pabbar, Alhi Nog, Harabagh, Kunni Pul, Ashwani, Manjhi Khad, Mol Khad, Baner Khad, Charan Khad, Ashwani Khad, Gumma Nauti Kha, Dhauli Khad, Shikari Khad, Batta And Kali Bein",7.6,968.5,1.0,8.0,1.085,PABBAR,2021-06-30
2021,4464,RIVER ALHI NOG(NEAR WATER SUPPLY SCHEME,HIMACHAL PRADESH,"Tributary Streams - Ravi, Parvati, Largi, Sirsa, Siuel, Suketi Khad, Binwa, Neugal, Spiti, Baspa, Banganga, Basanter, Chenab, Devak, Tawi, Manwar, Chunt Kol, Gawkdal, Jhelum, Lidder, Sindh, Ujh, Sarsa Nadi, Swan, Tirthan, Pabbar, Alhi Nog, Harabagh, Kunni Pul, Ashwani, Manjhi Khad, Mol Khad, Baner Khad, Charan Khad, Ashwani Khad, Gumma Nauti Kha, Dhauli Khad, Shikari Khad, Batta And Kali Bein",7.85,413.5,1.0,8.75,1.72,"Ravi, Parvati, Largi, Sirsa, Siuel, Suketi Khad, Binwa, Neugal, Spiti, Baspa, Banganga, Basanter, Chenab, Devak, Tawi, Manwar, Chunt Kol, Gawkdal, Jhelum, Lidder, Sindh, Ujh, Sarsa Nadi, Swan, Tirthan, Pabbar, Alhi Nog, Harabagh, Kunni Pul, Ashwani, Manjhi Khad, Mol Khad, Baner Khad, Charan Khad, Ashwani Khad, Gumma Nauti Kha, Dhauli Khad, Shikari Khad, Batta And Kali Bein",2021-06-30
2021,4465,RIVER HARABAGH(INTAKE FROM BBMB SOURCE-BBMB ADIT HARABGH)WATE SPRING,HIMACHAL PRADESH,"Tributary Streams - Ravi, Parvati, Largi, Sirsa, Siuel, Suketi Khad, Binwa, Neugal, Spiti, Baspa, Banganga, Basanter, Chenab, Devak, Tawi, Manwar, Chunt Kol, Gawkdal, Jhelum, Lidder, Sindh, Ujh, Sarsa Nadi, Swan, Tirthan, Pabbar, Alhi Nog, Harabagh, Kunni Pul, Ashwani, Manjhi Khad, Mol Khad, Baner Khad, Charan Khad, Ashwani Khad, Gumma Nauti Kha, Dhauli Khad, Shikari Khad, Batta And Kali Bein",7.3,463.0,1.0,8.2,1.17,"Ravi, Parvati, Largi, Sirsa, Siuel, Suketi Khad, Binwa, Neugal, Spiti, Baspa, Banganga, Basanter, Chenab, Devak, Tawi, Manwar, Chunt Kol, Gawkdal, Jhelum, Lidder, Sindh, Ujh, Sarsa Nadi, Swan, Tirthan, Pabbar, Alhi Nog, Harabagh, Kunni Pul, Ashwani, Manjhi Khad, Mol Khad, Baner Khad, Charan Khad, Ashwani Khad, Gumma Nauti Kha, Dhauli Khad, Shikari Khad, Batta And Kali Bein",2021-06-30
2021,4036,"KUNNI PUL, VILL SAMAHU, PO KUNIHAR, TEHSIL ARKI",HIMACHAL PRADESH,"Tributary Streams - Ravi, Parvati, Largi, Sirsa, Siuel, Suketi Khad, Binwa, Neugal, Spiti, Baspa, Banganga, Basanter, Chenab, Devak, Tawi, Manwar, Chunt Kol, Gawkdal, Jhelum, Lidder, Sindh, Ujh, Sarsa Nadi, Swan, Tirthan, Pabbar, Alhi Nog, Harabagh, Kunni Pul, Ashwani, Manjhi Khad, Mol Khad, Baner Khad, Charan Khad, Ashwani Khad, Gumma Nauti Kha, Dhauli Khad, Shikari Khad, Batta And Kali Bein",8.05,328.0,1.2,7.75,,"Ravi, Parvati, Largi, Sirsa, Siuel, Suketi Khad, Binwa, Neugal, Spiti, Baspa, Banganga, Basanter, Chenab, Devak, Tawi, Manwar, Chunt Kol, Gawkdal, Jhelum, Lidder, Sindh, Ujh, Sarsa Nadi, Swan, Tirthan, Pabbar, Alhi Nog, Harabagh, Kunni Pul, Ashwani, Manjhi Khad, Mol Khad, Baner Khad, Charan Khad, Ashwani Khad, Gumma Nauti Kha, Dhauli Khad, Shikari Khad, Batta And Kali Bein",2021-06-30
2021,4479,RIVER ASHWANI AT SADHUPUL (U/S OF BRIDGE TOWARDS CHAIL.),HIMACHAL PRADESH,"Tributary Streams - Ravi, Parvati, Largi, Sirsa, Siuel, Suketi Khad, Binwa, Neugal, Spiti, Baspa, Banganga, Basanter, Chenab, Devak, Tawi, Manwar, Chunt Kol, Gawkdal, Jhelum, Lidder, Sindh, Ujh, Sarsa Nadi, Swan, Tirthan, Pabbar, Alhi Nog, Harabagh, Kunni Pul, Ashwani, Manjhi Khad, Mol Khad, Baner Khad, Charan Khad, Ashwani Khad, Gumma Nauti Kha, Dhauli Khad, Shikari Khad, Batta And Kali Bein",7.6,375.5,1.55,7.3,,ASHWANI,2021-06-30
2021,2620,RIVER ASHWANI AT U/S YASHWANT NAGAR,HIMACHAL PRADESH,"Tributary Streams - Ravi, Parvati, Largi, Sirsa, Siuel, Suketi Khad, Binwa, Neugal, Spiti, Baspa, Banganga, Basanter, Chenab, Devak, Tawi, Manwar, Chunt Kol, Gawkdal, Jhelum, Lidder, Sindh, Ujh, Sarsa Nadi, Swan, Tirthan, Pabbar, Alhi Nog, Harabagh, Kunni Pul, Ashwani, Manjhi Khad, Mol Khad, Baner Khad, Charan Khad, Ashwani Khad, Gumma Nauti Kha, Dhauli Khad, Shikari Khad, Batta And Kali Bein",7.5,399.5,1.1,7.45,,ASHWANI,2021-06-30
2021,4023,MANJHI KHAD U/S DHARAMSHALA OF KHANIYARA,HIMACHAL PRADESH,"Tributary Streams - Ravi, Parvati, Largi, Sirsa, Siuel, Suketi Khad, Binwa, Neugal, Spiti, Baspa, Banganga, Basanter, Chenab, Devak, Tawi, Manwar, Chunt Kol, Gawkdal, Jhelum, Lidder, Sindh, Ujh, Sarsa Nadi, Swan, Tirthan, Pabbar, Alhi Nog, Harabagh, Kunni Pul, Ashwani, Manjhi Khad, Mol Khad, Baner Khad, Charan Khad, Ashwani Khad, Gumma Nauti Kha, Dhauli Khad, Shikari Khad, Batta And Kali Bein",7.550000000000001,107.5,1.0,8.2,0.8,KHAD,2021-06-30
2021,4024,MANJHI KHAD D/S DHARAMSHALA AT CHETRU,HIMACHAL PRADESH,"Tributary Streams - Ravi, Parvati, Largi, Sirsa, Siuel, Suketi Khad, Binwa, Neugal, Spiti, Baspa, Banganga, Basanter, Chenab, Devak, Tawi, Manwar, Chunt Kol, Gawkdal, Jhelum, Lidder, Sindh, Ujh, Sarsa Nadi, Swan, Tirthan, Pabbar, Alhi Nog, Harabagh, Kunni Pul, Ashwani, Manjhi Khad, Mol Khad, Baner Khad, Charan Khad, Ashwani Khad, Gumma Nauti Kha, Dhauli Khad, Shikari Khad, Batta And Kali Bein",7.65,119.5,1.0,7.9,0.8,KHAD,2021-06-30
2021,4025,MOL KHAD U/S PALAMPU,HIMACHAL PRADESH,"Tributary Streams - Ravi, Parvati, Largi, Sirsa, Siuel, Suketi Khad, Binwa, Neugal, Spiti, Baspa, Banganga, Basanter, Chenab, Devak, Tawi, Manwar, Chunt Kol, Gawkdal, Jhelum, Lidder, Sindh, Ujh, Sarsa Nadi, Swan, Tirthan, Pabbar, Alhi Nog, Harabagh, Kunni Pul, Ashwani, Manjhi Khad, Mol Khad, Baner Khad, Charan Khad, Ashwani Khad, Gumma Nauti Kha, Dhauli Khad, Shikari Khad, Batta And Kali Bein",7.25,119.0,1.0,8.05,1.0999999999999999,KHAD,2021-06-30
2021,4026,MOL KHAD D/S PALAMPU,HIMACHAL PRADESH,"Tributary Streams - Ravi, Parvati, Largi, Sirsa, Siuel, Suketi Khad, Binwa, Neugal, Spiti, Baspa, Banganga, Basanter, Chenab, Devak, Tawi, Manwar, Chunt Kol, Gawkdal, Jhelum, Lidder, Sindh, Ujh, Sarsa Nadi, Swan, Tirthan, Pabbar, Alhi Nog, Harabagh, Kunni Pul, Ashwani, Manjhi Khad, Mol Khad, Baner Khad, Charan Khad, Ashwani Khad, Gumma Nauti Kha, Dhauli Khad, Shikari Khad, Batta And Kali Bein",7.199999999999999,145.5,1.0,6.949999999999999,0.92,KHAD,2021-06-30
2021,4457,RIVER BANER KHAD U/S CHAMUNDA TEMPLE,HIMACHAL PRADESH,"Tributary Streams - Ravi, Parvati, Largi, Sirsa, Siuel, Suketi Khad, Binwa, Neugal, Spiti, Baspa, Banganga, Basanter, Chenab, Devak, Tawi, Manwar, Chunt Kol, Gawkdal, Jhelum, Lidder, Sindh, Ujh, Sarsa Nadi, Swan, Tirthan, Pabbar, Alhi Nog, Harabagh, Kunni Pul, Ashwani, Manjhi Khad, Mol Khad, Baner Khad, Charan Khad, Ashwani Khad, Gumma Nauti Kha, Dhauli Khad, Shikari Khad, Batta And Kali Bein",7.35,169.5,1.0,8.35,0.9,BANER KHAD,2021-06-30
2021,4458,RIVER BANER KHAD D/S CHAMUNDA TEMPLE,HIMACHAL PRADESH,"Tributary Streams - Ravi, Parvati, Largi, Sirsa, Siuel, Suketi Khad, Binwa, Neugal, Spiti, Baspa, Banganga, Basanter, Chenab, Devak, Tawi, Manwar, Chunt Kol, Gawkdal, Jhelum, Lidder, Sindh, Ujh, Sarsa Nadi, Swan, Tirthan, Pabbar, Alhi Nog, Harabagh, Kunni Pul, Ashwani, Manjhi Khad, Mol Khad, Baner Khad, Charan Khad, Ashwani Khad, Gumma Nauti Kha, Dhauli Khad, Shikari Khad, Batta And Kali Bein",7.35,183.0,1.0,8.1,0.755,BANER KHAD,2021-06-30
2021,4460,CHARAN KHAD U/S BHAGSUNAG,HIMACHAL PRADESH,"Tributary Streams - Ravi, Parvati, Largi, Sirsa, Siuel, Suketi Khad, Binwa, Neugal, Spiti, Baspa, Banganga, Basanter, Chenab, Devak, Tawi, Manwar, Chunt Kol, Gawkdal, Jhelum, Lidder, Sindh, Ujh, Sarsa Nadi, Swan, Tirthan, Pabbar, Alhi Nog, Harabagh, Kunni Pul, Ashwani, Manjhi Khad, Mol Khad, Baner Khad, Charan Khad, Ashwani Khad, Gumma Nauti Kha, Dhauli Khad, Shikari Khad, Batta And Kali Bein",7.25,168.5,1.0,8.649999999999999,0.8,KHAD,2021-06-30
2021,4428,ASHWINI KHAD U/S OF WEIR SITE OF WTP NEAR ASHWANI BRIDGE,HIMACHAL PRADESH,"Tributary Streams - Ravi, Parvati, Largi, Sirsa, Siuel, Suketi Khad, Binwa, Neugal, Spiti, Baspa, Banganga, Basanter, Chenab, Devak, Tawi, Manwar, Chunt Kol, Gawkdal, Jhelum, Lidder, Sindh, Ujh, Sarsa Nadi, Swan, Tirthan, Pabbar, Alhi Nog, Harabagh, Kunni Pul, Ashwani, Manjhi Khad, Mol Khad, Baner Khad, Charan Khad, Ashwani Khad, Gumma Nauti Kha, Dhauli Khad, Shikari Khad, Batta And Kali Bein",7.75,3675.5,40.5,7.3,7.175,KHAD,2021-06-30
2021,4424,RAW WATER AT GUMMA NAUTI KHAD,HIMACHAL PRADESH,"Tributary Streams - Ravi, Parvati, Largi, Sirsa, Siuel, Suketi Khad, Binwa, Neugal, Spiti, Baspa, Banganga, Basanter, Chenab, Devak, Tawi, Manwar, Chunt Kol, Gawkdal, Jhelum, Lidder, Sindh, Ujh, Sarsa Nadi, Swan, Tirthan, Pabbar, Alhi Nog, Harabagh, Kunni Pul, Ashwani, Manjhi Khad, Mol Khad, Baner Khad, Charan Khad, Ashwani Khad, Gumma Nauti Kha, Dhauli Khad, Shikari Khad, Batta And Kali Bein",8.15,3820.5,1.0,8.15,1.615,WATER,2021-06-30
2021,4432,DHAULI KHAD AT CHARAN GANGA MEDI,HIMACHAL PRADESH,"Tributary Streams - Ravi, Parvati, Largi, Sirsa, Siuel, Suketi Khad, Binwa, Neugal, Spiti, Baspa, Banganga, Basanter, Chenab, Devak, Tawi, Manwar, Chunt Kol, Gawkdal, Jhelum, Lidder, Sindh, Ujh, Sarsa Nadi, Swan, Tirthan, Pabbar, Alhi Nog, Harabagh, Kunni Pul, Ashwani, Manjhi Khad, Mol Khad, Baner Khad, Charan Khad, Ashwani Khad, Gumma Nauti Kha, Dhauli Khad, Shikari Khad, Batta And Kali Bein",7.35,358.5,1.0,7.3,2.4899999999999998,KHAD,2021-06-30
2021,4431,SHIKARI KHAD B/ C RIVER PABBAR NEAR HRTC ROHRU BUS STAND,HIMACHAL PRADESH,"Tributary Streams - Ravi, Parvati, Largi, Sirsa, Siuel, Suketi Khad, Binwa, Neugal, Spiti, Baspa, Banganga, Basanter, Chenab, Devak, Tawi, Manwar, Chunt Kol, Gawkdal, Jhelum, Lidder, Sindh, Ujh, Sarsa Nadi, Swan, Tirthan, Pabbar, Alhi Nog, Harabagh, Kunni Pul, Ashwani, Manjhi Khad, Mol Khad, Baner Khad, Charan Khad, Ashwani Khad, Gumma Nauti Kha, Dhauli Khad, Shikari Khad, Batta And Kali Bein",7.449999999999999,1918.5,1.1,6.7,1.4449999999999998,PABBAR,2021-06-30
2021,2626,RIVER BATTA AT U/S PAONTA,HIMACHAL PRADESH,"Tributary Streams - Ravi, Parvati, Largi, Sirsa, Siuel, Suketi Khad, Binwa, Neugal, Spiti, Baspa, Banganga, Basanter, Chenab, Devak, Tawi, Manwar, Chunt Kol, Gawkdal, Jhelum, Lidder, Sindh, Ujh, Sarsa Nadi, Swan, Tirthan, Pabbar, Alhi Nog, Harabagh, Kunni Pul, Ashwani, Manjhi Khad, Mol Khad, Baner Khad, Charan Khad, Ashwani Khad, Gumma Nauti Kha, Dhauli Khad, Shikari Khad, Batta And Kali Bein",7.65,412.0,1.4,8.2,0.66,BATTA,2021-06-30
2021,2627,RIVER BATTA BEFORE CONFLUENCE TO YAMUNA,HIMACHAL PRADESH,"Tributary Streams - Ravi, Parvati, Largi, Sirsa, Siuel, Suketi Khad, Binwa, Neugal, Spiti, Baspa, Banganga, Basanter, Chenab, Devak, Tawi, Manwar, Chunt Kol, Gawkdal, Jhelum, Lidder, Sindh, Ujh, Sarsa Nadi, Swan, Tirthan, Pabbar, Alhi Nog, Harabagh, Kunni Pul, Ashwani, Manjhi Khad, Mol Khad, Baner Khad, Charan Khad, Ashwani Khad, Gumma Nauti Kha, Dhauli Khad, Shikari Khad, Batta And Kali Bein",7.55,423.0,1.5,8.15,1.07,"Ravi, Parvati, Largi, Sirsa, Siuel, Suketi Khad, Binwa, Neugal, Spiti, Baspa, Banganga, Basanter, Chenab, Devak, Tawi, Manwar, Chunt Kol, Gawkdal, Jhelum, Lidder, Sindh, Ujh, Sarsa Nadi, Swan, Tirthan, Pabbar, Alhi Nog, Harabagh, Kunni Pul, Ashwani, Manjhi Khad, Mol Khad, Baner Khad, Charan Khad, Ashwani Khad, Gumma Nauti Kha, Dhauli Khad, Shikari Khad, Batta And Kali Bein",2021-06-30
2021,2913,"RIVER KALI BEIN FALLING INTO BEAS, PUNJAB",PUNJAB,"Tributary Streams - Ravi, Parvati, Largi, Sirsa, Siuel, Suketi Khad, Binwa, Neugal, Spiti, Baspa, Banganga, Basanter, Chenab, Devak, Tawi, Manwar, Chunt Kol, Gawkdal, Jhelum, Lidder, Sindh, Ujh, Sarsa Nadi, Swan, Tirthan, Pabbar, Alhi Nog, Harabagh, Kunni Pul, Ashwani, Manjhi Khad, Mol Khad, Baner Khad, Charan Khad, Ashwani Khad, Gumma Nauti Kha, Dhauli Khad, Shikari Khad, Batta And Kali Bein",7.45,323.5,3.9,4.949999999999999,1.45,"Ravi, Parvati, Largi, Sirsa, Siuel, Suketi Khad, Binwa, Neugal, Spiti, Baspa, Banganga, Basanter, Chenab, Devak, Tawi, Manwar, Chunt Kol, Gawkdal, Jhelum, Lidder, Sindh, Ujh, Sarsa Nadi, Swan, Tirthan, Pabbar, Alhi Nog, Harabagh, Kunni Pul, Ashwani, Manjhi Khad, Mol Khad, Baner Khad, Charan Khad, Ashwani Khad, Gumma Nauti Kha, Dhauli Khad, Shikari Khad, Batta And Kali Bein",2021-06-30
2021,1491,"RIVER BHAGIRATHI AT GANGOTRI,",UTTARAKHAND,Ganga,7.4,263.0,1.0,10.4,0.32,BHAGIRATHI,2021-06-30
2021,1484,RIVER ALAKNANDA B/C MANDAKINI AT RUDRA PRAYAG,UTTARAKHAND,Ganga,7.6,174.0,1.0,10.0,0.345,ALAKNANDA B/C MANDAKINI,2021-06-30
2021,1486,RIVER ALAKNANDA A/C MANDAKINI AT RUDRAPRAYAG,UTTARAKHAND,Ganga,7.6499999999999995,264.0,1.0,10.0,0.47,ALAKNANDA A/C MANDAKINI,2021-06-30
2021,1488,"RIVER BHAGIRATHI B/C WITH ALAKNANDA AT DEVPRAYAG,",UTTARAKHAND,Ganga,7.55,153.5,1.0,9.600000000000001,0.33,BHAGIRATHI B/C WITH ALAKNANDA,2021-06-30
2021,1487,RIVER ALAKNANDA B/C TO BHAGIRATHI AT DEVPRAYAG,UTTARAKHAND,Ganga,7.65,149.5,1.0,9.8,0.57,ALAKNANDA B/C TO BHAGIRATHI,2021-06-30
2021,1489,RIVER ALAKNANDA A/C WITH BHAGIRATHI AT DEVPRAYAG,UTTARAKHAND,Ganga,7.7,142.5,1.0,9.9,0.67,ALAKNANDA A/C WITH BHAGIRATHI,2021-06-30
2021,1485,"RIVER MANDAKINI B/C ALKALNADA AT RUDRAPRAYAG,",UTTARAKHAND,Ganga,7.65,110.0,1.0,9.7,0.33999999999999997,MANDAKINI B/C ALKALNADA,2021-06-30
2021,1060,"RIVER GANGA AT RISHIKESH U/S,",UTTARAKHAND,Ganga,7.7,264.0,1.1,10.1,1.03,GANGA,2021-06-30
2021,10147,RIVER GANGA D/S RISHIKESH,UTTARAKHAND,Ganga,7.6499999999999995,188.0,1.2,9.9,1.2,GANGA,2021-06-30
2021,2725,"RIVER GANGA AFTER CONFLUENCE OF SONG NEAR SATYANARAYAN TEMPLE D/S RAIWALA, DEHRADUN",UTTARAKHAND,Ganga,7.7,373.0,1.4,9.5,1.01,GANGA AFTER CONFLUENCE OF SONG,2021-06-30
2021,3997,"RIVER GANGA U/S HARIDWAR AT ABINDUGHAT, DUDHIYABAD, HARIDWAR",UTTARAKHAND,Ganga,7.9,211.0,1.75,9.5,0.32,GANGA,2021-06-30
2021,10148,RIVER GANGA AT HAR-KI-PAURI GHAT,UTTARAKHAND,Ganga,7.7,174.5,1.25,9.3,0.66,GANGA,2021-06-30
2021,1061,"RIVER GANGA AT HARIDWAR D/S, UPPER GANGA CANAL D/S BALKUMARI MANDIR, AJEETPUR, HARIDWAR",UTTARAKHAND,Ganga,7.45,249.5,1.8,9.2,0.45999999999999996,GANGA,2021-06-30
2021,2727,"RIVER GANGA AT UPPER GANGA CANAL D/S ROORKEE, HARIDWAR",UTTARAKHAND,Ganga,7.3500000000000005,202.0,1.5,9.399999999999999,0.43999999999999995,GANGA,2021-06-30
2021,30005,RIVER GANGA AT SULTANPUR (UTTARAKHAND),UTTARAKHAND,Ganga,6.75,218.5,2.1,8.9,0.47,GANGA,2021-06-30
2021,30006,RIVER GANGA AT BIJNOR (U.P.),UTTAR PRADESH,Ganga,6.85,196.0,1.6,8.8,0.42000000000000004,GANGA,2021-06-30
2021,10150,"RIVER GANGA AT MADHYA GANGA BARRAGE, BIJNOR",UTTAR PRADESH,Ganga,7.95,10905.5,1.25,9.25,,GANGA,2021-06-30
2021,1062,"RIVER GANGA AT GARHMUKTESHWAR, U.P",UTTAR PRADESH,Ganga,7.5,330.5,2.05,8.8,0.35,GANGA,2021-06-30
2021,10149,RIVER GANGA AT GHARMUKTESHWAR,UTTAR PRADESH,Ganga,7.3,288.0,1.5,9.3,3.9499999999999997,GANGA,2021-06-30
2021,2488,"RIVER GANGA U/S, ANOOPSHAHAR",UTTAR PRADESH,Ganga,7.1,146.0,1.95,7.85,,GANGA,2021-06-30
2021,2489,"RIVER GANGA D/S, ANOOPSHAHAR",UTTAR PRADESH,Ganga,7.2,146.0,1.35,8.45,,GANGA,2021-06-30
2021,1145,RIVER GANGA AT NARORA (BULANDSAHAR),UTTAR PRADESH,Ganga,7.3,153.0,2.0,7.699999999999999,,GANGA,2021-06-30
2021,2490,"RIVER GANGA AT KACHHLA GHAT, ALIGARH",UTTAR PRADESH,Ganga,7.55,139.0,1.2,8.6,,GANGA,2021-06-30
2021,10151,RIVER GANGA AT FARRUKABAD,UTTAR PRADESH,Ganga,8.25,307.0,2.9000000000000004,9.15,,GANGA,2021-06-30
2021,1063,"RIVER GANGA AT KANNAUJ U/S (RAJGHAT), U.P",UTTAR PRADESH,Ganga,8.25,279.5,2.8499999999999996,8.25,,GANGA,2021-06-30
2021,1066,"RIVER GANGA AT KANNAUJ D/S, U.P",UTTAR PRADESH,Ganga,8.2,268.5,3.95,7.95,,GANGA,2021-06-30
2021,1146,"RIVER GANGA AT BITHOOR (KANPUR), U.P.",UTTAR PRADESH,Ganga,8.35,252.0,3.15,8.85,,GANGA,2021-06-30
2021,1067,"RIVER GANGA AT KANPUR U/S (RANIGHAT), U.P",UTTAR PRADESH,Ganga,8.25,256.5,3.5,8.45,,GANGA,2021-06-30
2021,10154,RIVER GANGA AT BATHING GHAT (BHARAOGHAT),UTTAR PRADESH,Ganga,8.3,260.0,3.35,8.55,,GANGA,2021-06-30
2021,10155,RIVER GANGA AT D/S (SHUKLAGANJ),UTTAR PRADESH,Ganga,8.2,272.0,3.6,8.4,,GANGA,2021-06-30
2021,1068,"RIVER GANGA AT KANPUR D/S (JAJMAU PUMPING STATION), U.P",UTTAR PRADESH,Ganga,8.05,297.5,4.25,7.7,,GANGA,2021-06-30
2021,10157,RIVER GANGA AT BATHING GHAT (JAJMAU BRIDGE),UTTAR PRADESH,Ganga,8.2,278.0,4.1,7.85,,GANGA,2021-06-30
2021,1147,"RIVER GANGA AT DALMAU (RAI BAREILLY), U.P.",UTTAR PRADESH,Ganga,8.0,275.5,4.0,8.7,0.8300000000000001,GANGA,2021-06-30
2021,2498,"RIVER GANGA AT KALA KANKAR, RAEBARELI",UTTAR PRADESH,Ganga,8.0,279.0,3.75,9.05,0.81,GANGA,2021-06-30
2021,1046,"RIVER GANGA AT ALLAHABAD (RASOOLABAD), U.P.",UTTAR PRADESH,Ganga,8.1,286.5,2.65,9.25,0.605,GANGA,2021-06-30
2021,2487,"RIVER GANGA AT KADAGHAT, ALLAHABAD",UTTAR PRADESH,Ganga,7.9,245.0,1.95,8.65,0.52,GANGA,2021-06-30
2021,1049,"RIVER GANGA AT ALLAHABAD D/S (SANGAM), U.P.",UTTAR PRADESH,Ganga,8.05,316.0,2.45,8.55,0.6100000000000001,GANGA,2021-06-30
2021,10158,"RIVER GANGA A/C TAMSA RIVER, SIRSA, SON BARSA",UTTAR PRADESH,Ganga,8.0,319.5,2.5,8.5,0.585,Ganga,2021-06-30
2021,2485,"RIVER GANGA U/S, VINDHYACHAL, MIRZAPUR",UTTAR PRADESH,Ganga,7.0,397.0,2.5,9.4,0.75,GANGA,2021-06-30
2021,2486,"RIVER GANGA D/S, MIRZAPUR",UTTAR PRADESH,Ganga,7.6,405.0,2.95,8.350000000000001,0.75,GANGA,2021-06-30
2021,10153,RIVER GANGA AT CHUNAR,UTTAR PRADESH,Ganga,7.95,400.0,2.9,9.0,0.75,GANGA,2021-06-30
2021,1070,"RIVER GANGA AT VARANASI U/S (ASSIGHAT), U.P",UTTAR PRADESH,Ganga,8.0,405.0,2.25,8.4,0.78,GANGA,2021-06-30
2021,1071,"RIVER GANGA AT VARANASI D/S (MALVIYA BRIDGE), U.P",UTTAR PRADESH,Ganga,7.85,417.0,3.6999999999999997,7.800000000000001,0.91,GANGA,2021-06-30
2021,10152,"RIVER GANGA A/C GOMTI RIVER, BHUSAULA",UTTAR PRADESH,Ganga,7.95,388.0,3.3,7.55,0.875,Ganga,2021-06-30
2021,10156,RIVER GANGA AT BATHING GHAT (GOLA GHAT),UTTAR PRADESH,Ganga,8.2,277.5,3.8,8.0,,GANGA,2021-06-30
2021,1073,"RIVER GANGA AT TRIGHAT (GHAZIPUR), U.P",UTTAR PRADESH,Ganga,7.95,416.0,3.9000000000000004,7.4,0.9500000000000001,GANGA,2021-06-30
2021,30075,RIVER GANGA AT TARIGHAT GHAZIPUR (U.P.),UTTAR PRADESH,Ganga,7.55,466.5,3.85,7.65,1.575,GANGA,2021-06-30
2021,1074,RIVER GANGA AT BUXAR,BIHAR,Ganga,8.1,388.0,1.75,8.45,0.725,GANGA,2021-06-30
2021,10113,"RIVER GANGA AT U/S JAIL GHAT, BUXAR",BIHAR,Ganga,8.0,356.5,1.8,9.1,0.72,GANGA,2021-06-30
2021,2551,"RIVER GANGA AT BUXAR, RAMREKHAGHAT",BIHAR,Ganga,7.95,410.0,2.15,8.45,0.55,GANGA,2021-06-30
2021,3113,RIVER GANGA AT D/S BUXAR NEAR ROAD BRIDGE,BIHAR,Ganga,7.9,412.5,3.7,8.0,0.585,GANGA,2021-06-30
2021,10131,RIVER GANGA AT U/S BARAHPUR BINDTOLI,BIHAR,Ganga,7.7,325.5,1.95,8.75,0.685,GANGA,2021-06-30
2021,30076,RIVER GANGA AT MANJHIGHAT(BIHAR),BIHAR,Ganga,7.7,449.5,3.8,8.0,1.4249999999999998,GANGA,2021-06-30
2021,10162,RIVER GANGA AT ARA- CHAPRA ROAD BRIDGE (KOILWER BANURA-CHAPRA ROAD),BIHAR,Ganga,7.85,345.0,1.9,8.2,0.45999999999999996,GANGA,2021-06-30
2021,2564,"RIVER GANGA AT THE CONFLUENCE OF SONE RIVER DORIGANJ, CHAPRA",BIHAR,Ganga,7.699999999999999,349.0,1.95,7.8500000000000005,0.44999999999999996,GANGA,2021-06-30
2021,10114,"RIVER GANGA AT MAA AMBIKA ASTHAN, AAMI, SARAN",BIHAR,Ganga,7.35,356.0,1.9,7.75,0.555,GANGA,2021-06-30
2021,3114,"RIVER GANGA NEAR DANAPUR (NEAR PIPA PUL) ,PATNA",BIHAR,Ganga,7.7,299.5,2.55,7.55,0.45499999999999996,GANGA,2021-06-30
2021,1077,"RIVER GANGA AT KURJI, PATNA U/S",BIHAR,Ganga,7.75,336.5,2.6,7.5,0.725,GANGA,2021-06-30
2021,2552,"RIVER GANGA AT GANDHIGHAT, NIT PATNA",BIHAR,Ganga,7.65,334.5,2.1,6.6,0.72,GANGA,2021-06-30
2021,10115,RIVER GANGA AT GULABI GHAT,BIHAR,Ganga,7.6499999999999995,334.5,2.3,6.8500000000000005,0.585,GANGA,2021-06-30
2021,1079,"RIVER GANGA AT PATNA D/S (GANGA BRIDGE), GAIGHAT",BIHAR,Ganga,7.800000000000001,326.5,2.1,7.1,0.64,GANGA,2021-06-30
2021,3122,"RIVER GANGA AT MALSALAMI, PATNA",BIHAR,Ganga,7.8999999999999995,355.5,1.8,8.15,0.585,GANGA,2021-06-30
2021,4297,"RIVER GANGA AT KACHCHI-DARGAH-BIDUPUR ROAD BRIDGE, PATNA",BIHAR,Ganga,7.800000000000001,323.5,2.1,8.05,0.625,GANGA,2021-06-30
2021,10122,"RIVER GANGA AT TRIVENI GHAT, PATNA",BIHAR,Ganga,7.800000000000001,325.5,2.15,8.55,0.58,GANGA,2021-06-30
2021,4301,"RIVER GANGA AT BAKHTIYARPUR-TAJPUR BRIDGE ON GANGA, ATHMALGOLA",BIHAR,Ganga,7.6,338.5,1.6,9.0,0.52,GANGA,2021-06-30
2021,2553,"RIVER GANGA AT KEWALA GHAT,FATUHA, PATNA",BIHAR,Ganga,7.800000000000001,323.0,2.9499999999999997,7.1,0.65,GANGA,2021-06-30
2021,3115,RIVER GANGA AT BARH,BIHAR,Ganga,7.8,424.5,2.0,8.5,0.555,GANGA,2021-06-30
2021,10130,"RIVER GANGA AT D/S NAWADAGHAT , BARH ,PATNA",BIHAR,Ganga,7.85,309.5,1.85,8.9,0.65,GANGA,2021-06-30
2021,1817,"RIVER GANGA AT MOKAMA (U/S), MAHADEO ASTHAN, PATNA",BIHAR,Ganga,7.9,322.5,1.9,9.0,0.6,GANGA,2021-06-30
2021,1815,RIVER GANGA AT MOKAMA (D/S),BIHAR,Ganga,8.0,307.5,4.45,8.7,,GANGA,2021-06-30
2021,3123,"RIVER GANGA AT BARAHIYA, NEPALITOLA, MARANCHI, ;LAKSHISARAI",BIHAR,Ganga,7.9,324.0,1.95,9.100000000000001,0.6,GANGA,2021-06-30
2021,3116,RIVER GANGA AT U/S MUNGER (NEAR INTAKE WELL ON GANGA),BIHAR,Ganga,7.85,292.5,1.95,8.25,0.52,GANGA,2021-06-30
2021,1818,RIVER GANGA AT MUNGER,BIHAR,Ganga,7.949999999999999,299.5,2.1500000000000004,8.05,0.515,GANGA,2021-06-30
2021,3117,"RIVER GANGA AT U/S SULTANGANJ, BHAGALPUR",BIHAR,Ganga,7.85,306.5,1.65,8.4,0.6,GANGA,2021-06-30
2021,4398,"RIVER GANGA AT WATER INTAKE POINT, BHAGALPUR",BIHAR,Ganga,7.949999999999999,638.0,2.4000000000000004,7.800000000000001,0.75,GANGA,2021-06-30
2021,2554,"RIVER GANGA AT SULTANGANJ, BHAGALPUR",BIHAR,Ganga,7.9,317.5,2.15,8.55,17.7,GANGA,2021-06-30
2021,10138,"RIVER GANGA AT CHAMPANAGAR, BHAGALPUR",BIHAR,Ganga,8.0,306.0,2.6,7.55,13.15,GANGA,2021-06-30
2021,1819,RIVER GANGA AT BHAGALPUR,BIHAR,Ganga,7.95,313.5,2.0,8.6,0.475,GANGA,2021-06-30
2021,3118,RIVER GANGA AT U/S BHAGALPUR NEAR BARARIGHAT,BIHAR,Ganga,7.8,591.5,4.2,6.85,0.65,GANGA,2021-06-30
2021,1816,RIVER GANGA AT KAHALGAON,BIHAR,Ganga,7.7,323.5,1.9,8.15,0.48,GANGA,2021-06-30
2021,10143,RIVER GANGA D/S NEAR CREMATION GHAT,BIHAR,Ganga,5.95,297.0,1.9,8.3,0.68,GANGA,2021-06-30
2021,10144,RIVER GANGA U/S NEAR LCT GHAT,JHARKHAND,Ganga,7.6,308.0,1.7000000000000002,7.05,,GANGA,2021-06-30
2021,10145,RIVER GANGA D/S NEAR JANTA GHAT,JHARKHAND,Ganga,7.65,308.0,1.7999999999999998,7.0,,GANGA,2021-06-30
2021,10146,RIVER GANGA AT SANGI DALAN,JHARKHAND,Ganga,7.6,312.0,1.4,7.1,,GANGA,2021-06-30
2021,1059,"RIVER GANGA AT RAJMAHAL, JHARKHAND",JHARKHAND,Ganga,7.5,300.0,1.4,7.1,,GANGA,2021-06-30
2021,1080,"RIVER GANGA AT BAHARAMPORE, MURSHIDABAD, WEST BENGAL",WEST BENGAL,Ganga,7.95,330.0,2.45,7.45,0.625,GANGA,2021-06-30
2021,10159,"RIVER GANGA AT BEHRAMPORE(KHAGRA), MURSHIDABAD",WEST BENGAL,Ganga,8.05,324.0,2.7,7.449999999999999,0.62,GANGA,2021-06-30
2021,10160,"RIVER GANGA AT BEHRAMPORE, (GORA BAZAR),MURSHIDABAD",WEST BENGAL,Ganga,7.95,597.0,2.45,7.3999999999999995,0.625,GANGA,2021-06-30
2021,2506,"RIVER TRIBENI ON GANGA, NEAR BURNING GHAT, HOOGHLY",WEST BENGAL,Ganga,8.0,330.0,3.05,7.0,0.64,Ganga,2021-06-30
2021,2511,"RIVER NABADIP ON GANGA, GHOSHPARA NEAR MONIPURGHAT,NADIA",WEST BENGAL,Ganga,7.8,316.0,2.8,7.3,0.65,GHOSHPARA,2021-06-30
2021,10161,"RIVER GANGA AT PALTA, SHITALTALA,",WEST BENGAL,Ganga,7.85,326.5,3.6500000000000004,6.7,0.645,GANGA,2021-06-30
2021,1054,RIVER GANGA AT PALTA WEST BENGAL,WEST BENGAL,Ganga,7.9,305.0,2.8,6.5,0.645,GANGA,2021-06-30
2021,1472,"RIVER GANGA AT SERAMPORE, HOOGHLY,WEST BENGAL",WEST BENGAL,Ganga,7.85,344.5,2.8,6.35,0.645,GANGA,2021-06-30
2021,1053,"RIVER GANGA AT DAKSHMINESHWAR, KOLKATA, WEST BENGAL",WEST BENGAL,Ganga,7.5,364.5,2.9,5.85,0.9550000000000001,GANGA,2021-06-30
2021,1471,RIVER GANGA AT HOWRAH-SHIVPUR WEST BENGAL,WEST BENGAL,Ganga,7.5,319.0,2.8,5.9,0.81,GANGA,2021-06-30
2021,1470,"RIVER GANGA AT GARDEN REACH, KOLKATA, WEST BENGAL",WEST BENGAL,Ganga,7.55,329.0,2.65,5.9,1.065,GANGA,2021-06-30
2021,1052,"RIVER GANGA AT ULUBERIA , HOWRAH,WEST BENGAL",WEST BENGAL,Ganga,7.4,367.5,2.6,5.949999999999999,0.9700000000000001,GANGA,2021-06-30
2021,1335,RIVER GANGA AT PATIKALI NEAR DURGA CHAK WEST BENGAL,WEST BENGAL,Ganga,7.0,16514.0,1.9,6.3,1.415,GANGA,2021-06-30
2021,1469,"RIVER GANGA AT DIAMOND HARBOUR, 24 PARGANAS (S)WEST BENGAL",WEST BENGAL,Ganga,7.4,3414.5,2.35,5.7,1.5,GANGA,2021-06-30
2021,1492,RIVER YAMUNA AT YAMUNOTRI,UTTARAKHAND,Yamuna,7.2,35.0,1.0,10.6,0.33,YAMUNA,2021-06-30
2021,1493,RIVER YAMUNA AT HANUMANCHATTI,UTTARAKHAND,Yamuna,7.2,68.0,1.0,10.4,0.33,YAMUNA,2021-06-30
2021,1494,RIVER YAMUNA AT U/S OF LAKHWAR DAM,UTTARAKHAND,Yamuna,7.75,207.0,1.1,9.7,0.32999999999999996,YAMUNA,2021-06-30
2021,30025,RIVER YAMUNA AT DAK PATHER (UTTARAKHAND),UTTARAKHAND,Yamuna,7.75,249.0,1.0,8.2,0.42000000000000004,YAMUNA,2021-06-30
2021,1490,"RIVER YAMUNA AT U/S DAK PATHER,",UTTARAKHAND,Yamuna,7.75,166.0,1.3,8.9,0.36,YAMUNA,2021-06-30
2021,30027,RIVER YAMUNA AT PONTA SAHIB,HIMACHAL PRADESH,Yamuna,7.85,264.5,1.5,8.4,0.77,YAMUNA,2021-06-30
2021,1553,RIVER YAMUNA U/S PAONTA SAHIB,HIMACHAL PRADESH,Yamuna,7.75,502.0,1.45,8.0,1.47,YAMUNA,2021-06-30
2021,1554,RIVER YAMUNA D/S PAONTA SAHIB,HIMACHAL PRADESH,Yamuna,7.6,1937.5,1.6,8.0,0.82,YAMUNA,2021-06-30
2021,4439,RIVER YAMUNA U/S RANBAXY,HIMACHAL PRADESH,Yamuna,7.55,630.0,1.5,7.25,0.63,YAMUNA,2021-06-30
2021,4440,RIVER YAMUNA D/S RANBAXY,HIMACHAL PRADESH,Yamuna,7.75,435.0,1.4,8.05,0.7200000000000001,YAMUNA,2021-06-30
2021,30028,"RIVER YAMUNA AT BURIYA U/S JAGADHARI, MANDOLI, HARYANA",HARYANA,Yamuna,7.5,279.0,1.3,9.05,0.62,YAMUNA,2021-06-30
2021,30035,RIVER YAMUNA AT HATHNIKUND,HARYANA,Yamuna,7.6,252.5,1.65,8.0,0.62,YAMUNA,2021-06-30
2021,1117,"RIVER YAMUNA AT HATHNIKUND, YAMUNANAGAR",HARYANA,Yamuna,7.85,252.0,4.15,7.3500000000000005,0.33999999999999997,YAMUNA,2021-06-30
2021,1496,"RIVER YAMUNA AT KALANAUR, YAMUNA NAGAR",HARYANA,Yamuna,7.85,290.0,3.3,7.6499999999999995,0.3,YAMUNA,2021-06-30
2021,4914,"RIVER YAMUNA AT MANGLAURA, KARNAL",HARYANA,Yamuna,7.6499999999999995,368.0,4.55,8.4,0.81,YAMUNA,2021-06-30
2021,30032,"RIVER YAMUNA AT SONAULI ROAD, SHAMLI BORDER , PANIPAT (HARYANA)",HARYANA,Yamuna,7.35,291.0,5.5,9.0,0.8200000000000001,YAMUNA,2021-06-30
2021,10004,RIVER YAMUNA AT KHOJKIPUR PANIPAT,HARYANA,Yamuna,7.699999999999999,897.0,11.5,4.300000000000001,2.31,YAMUNA,2021-06-30
2021,30029,"RIVER YAMUNA AT SONIPAT, BAGHPAT ROAD(HARYANA)",HARYANA,Yamuna,7.35,591.0,11.5,7.5,0.93,YAMUNA,2021-06-30
2021,1119,RIVER YAMUNA AT SONEPAT,HARYANA,Yamuna,7.699999999999999,424.5,3.0,6.05,0.3,YAMUNA,2021-06-30
2021,10005,"RIVER YAMUNA AT PALLA,SONEPAT",HARYANA,Yamuna,7.75,1974.0,3.5999999999999996,6.25,0.3,YAMUNA,2021-06-30
2021,30026,RIVER YAMUNA AT PALLA (DELHI),DELHI,Yamuna,7.65,688.0,7.5,6.75,1.26,YAMUNA,2021-06-30
2021,1120,"RIVER YAMUNA AT PALLA, DELHI",DELHI,Yamuna,7.9,1200.0,6.75,9.3,1.15,YAMUNA,2021-06-30
2021,5098,RIVER YAMUNA AT WAZIRABAD,DELHI,Yamuna,7.0,,9.0,5.1000000000000005,,YAMUNA,2021-06-30
2021,5099,RIVER YAMUNA AT ISBT BRIDGE,DELHI,Yamuna,7.35,,36.0,0.9500000000000001,,YAMUNA,2021-06-30
2021,5100,RIVER YAMUNA AT ITO BRIDGE,DELHI,Yamuna,7.5,,44.0,1.05,,YAMUNA,2021-06-30
2021,1121,"RIVER YAMUNA AT NIZAMUDDIN, DELHI",DELHI,Yamuna,7.65,1864.0,35.0,1.75,0.9,YAMUNA,2021-06-30
2021,1375,"RIVER YAMUNA AT OKHLA BRIDGE (INLET OF AGRA CANAL), DELHI",DELHI,Yamuna,7.65,1395.5,39.0,1.5999999999999999,0.7000000000000001,YAMUNA,2021-06-30
2021,1812,"RIVER YAMUNA AT OKHLA AFTER MEETING OF SHAHDARA DRAIN, DELHI",DELHI,Yamuna,7.7,1538.0,60.5,1.25,0.9,YAMUNA,2021-06-30
2021,1497,"RIVER YAMUNA AT RAHIMPUR KA NAGLA, NEAR FLYOVER BRIDGE (MAZAWALI)",HARYANA,Yamuna,7.35,1317.5,22.0,1.05,0.79,YAMUNA,2021-06-30
2021,30030,"RIVER YAMUNA AT ASGARPUR VILLAGE,U.P",UTTAR PRADESH,Yamuna,7.5,1233.0,67.5,0.3,2.3200000000000003,YAMUNA,2021-06-30
2021,30031,RIVER YAMUNA AT HASANPUR,HARYANA,Yamuna,7.65,1107.5,24.0,2.4499999999999997,0.875,YAMUNA,2021-06-30
2021,30024,"RIVER YAMUNA AT MOHENA PALWAL ROAD, HARYANA",HARYANA,Yamuna,7.4,1398.0,20.0,1.05,0.67,YAMUNA,2021-06-30
2021,2493,RIVER YAMUNA AT SHAHPUR,UTTAR PRADESH,Yamuna,7.3,,9.399999999999999,5.7,,YAMUNA,2021-06-30
2021,2495,"RIVER YAMUNA AT KESIGHAT, VRINDAVAN",UTTAR PRADESH,Yamuna,7.35,,7.9,6.0,,YAMUNA,2021-06-30
2021,1123,"RIVER YAMUNA AT MATHURA U/S , U.P.",UTTAR PRADESH,Yamuna,7.45,1300.0,12.05,3.55,2.145,YAMUNA,2021-06-30
2021,2494,"RIVER YAMUNA AT VISHRAMGHAT, MATHURA",UTTAR PRADESH,Yamuna,7.35,,9.8,5.5,0.3,YAMUNA,2021-06-30
2021,1124,"RIVER YAMUNA AT MATHURA D/S , U.P.",UTTAR PRADESH,Yamuna,7.7,1417.0,22.3,5.7,2.77,YAMUNA,2021-06-30
2021,1125,"RIVER YAMUNA AT AGRA U/S, U.P.",UTTAR PRADESH,Yamuna,7.3,1456.0,12.2,6.85,1.97,YAMUNA,2021-06-30
2021,1126,"RIVER YAMUNA AT D/S OF AGRA, U.P.",UTTAR PRADESH,Yamuna,7.949999999999999,1409.5,20.6,3.9,1.44,YAMUNA,2021-06-30
2021,1498,RIVER YAMUNA AT BATESWAR,UTTAR PRADESH,Yamuna,7.75,1211.5,12.8,6.75,,YAMUNA,2021-06-30
2021,10081,RIVER YAMUNA AT ETAWAH D/S,UTTAR PRADESH,Yamuna,7.45,1141.5,16.6,5.55,,YAMUNA,2021-06-30
2021,10082,RIVER YAMUNA AT UDI,UTTAR PRADESH,Yamuna,7.65,1114.0,14.6,5.9,,YAMUNA,2021-06-30
2021,1127,"RIVER YAMUNA AT ETAWAH, U.P.",UTTAR PRADESH,Yamuna,7.55,1137.0,16.2,5.6,,YAMUNA,2021-06-30
2021,1499,"RIVER YAMUNA AT JUHIKA B/C WITH CHAMBAL, ETAWAH, U.P",UTTAR PRADESH,Yamuna,7.75,948.0,10.0,7.25,,YAMUNA,2021-06-30
2021,30034,RIVER YAMUNA AT ETAWAH,UTTAR PRADESH,Yamuna,8.399999999999999,1445.5,19.5,11.3,4.96,YAMUNA,2021-06-30
2021,30033,"RIVER YAMUNA A/C OF CHAMBAL AT SHERGARH, JUHIKA (U.P)",UTTAR PRADESH,Yamuna,8.350000000000001,830.5,7.1,10.4,2.115,YAMUNA A/C OF CHAMBAL,2021-06-30
2021,2283,RIVER YAMUNA AT HAMIRPUR,UTTAR PRADESH,Yamuna,7.5,851.0,3.8,6.6,,YAMUNA,2021-06-30
2021,1069,"RIVER YAMUNA AT ALLAHABAD D/S (BALUA GHAT), U.P",UTTAR PRADESH,Yamuna,7.800000000000001,522.5,2.3,7.85,0.5900000000000001,YAMUNA,2021-06-30
2021,1510,RIVER TONS SIRMAUR,HIMACHAL PRADESH,Tributary Streams - Tons Sirmaur River Tons At Haripur,7.65,2347.5,1.0,8.2,0.5650000000000001,Tons Sirmaur River Tons At Haripur,2021-06-30
2021,30023,RIVER TONS AT HARIPUR (U.K.),UTTARAKHAND,Tributary Streams - Tons Sirmaur River Tons At Haripur,7.8999999999999995,309.5,1.0,9.7,0.42000000000000004,TONS,2021-06-30
2021,4027,RIVER GIRI D/S RAJGARH TOWN,HIMACHAL PRADESH,Tributary Streams - Tons Sirmaur River Tons At Haripur,7.699999999999999,819.5,1.35,8.85,0.74,GIRI,2021-06-30
2021,4028,"RIVER GIRI D/S LAIGIDHAR TRUST, BARU SAHIB",HIMACHAL PRADESH,Tributary Streams - Tons Sirmaur River Tons At Haripur,7.9,388.0,1.6,8.7,0.795,GIRI,2021-06-30
2021,4427,RIVER GIRI U/S CHAILLA,HIMACHAL PRADESH,Tributary Streams - Tons Sirmaur River Tons At Haripur,7.800000000000001,2043.0,1.0,7.8,0.935,GIRI,2021-06-30
2021,2621,RIVER GIRI AT D/S YASHWANT NAGAR,HIMACHAL PRADESH,Tributary Streams - Tons Sirmaur River Tons At Haripur,7.95,428.0,1.6,8.15,,GIRI,2021-06-30
2021,3876,"RIVER GIRI AFTER CONFLUENCE OF ASHWANI RIVER AT GIRIPUL, YASHWANT NAGAR",HIMACHAL PRADESH,Tributary Streams - Tons Sirmaur River Tons At Haripur,7.5,1785.0,1.6,8.35,,GIRI AFTER CONFLUENCE OF ASHWANI RIVER,2021-06-30
2021,2622,RIVER GIRI AT U/S CCI MINES,HIMACHAL PRADESH,Tributary Streams - Tons Sirmaur River Tons At Haripur,7.65,690.0,1.45,7.9,0.92,GIRI,2021-06-30
2021,2623,RIVER GIRI D/S SATAUN,HIMACHAL PRADESH,Tributary Streams - Tons Sirmaur River Tons At Haripur,7.65,627.0,1.2,7.9,0.495,GIRI,2021-06-30
2021,3877,RIVER GIRI U/S LWSS AT SAINJ,HIMACHAL PRADESH,Tributary Streams - Tons Sirmaur River Tons At Haripur,8.0,2423.0,1.05,7.8,1.08,GIRI,2021-06-30
2021,3878,RIVER GIRI D/S LWSS AT SAINJ,HIMACHAL PRADESH,Tributary Streams - Tons Sirmaur River Tons At Haripur,8.100000000000001,2007.5,1.1,7.75,1.0350000000000001,GIRI,2021-06-30
2021,3860,"RIVER GIRI D/S CEMENT CORPORATION OF INDIA, RAJBAN",HIMACHAL PRADESH,Tributary Streams - Tons Sirmaur River Tons At Haripur,7.7,583.5,1.05,7.9,0.5,GIRI,2021-06-30
2021,2619,RIVER PABBAR AT D/S SWARAKUDDU,HIMACHAL PRADESH,Tributary Streams - Tons Sirmaur River Tons At Haripur,7.75,1899.0,1.0,8.15,0.7949999999999999,PABBAR,2021-06-30
2021,10102,RIVER HINDON AT MOHAN NAGAR U/S,UTTAR PRADESH,Tributary Streams - Tons Sirmaur River Tons At Haripur,7.35,544.5,19.0,1.4500000000000002,0.41000000000000003,HINDON,2021-06-30
2021,10103,RIVER HINDON AT MOHAN NAGAR D/S,UTTAR PRADESH,Tributary Streams - Tons Sirmaur River Tons At Haripur,7.5,1231.0,34.5,0.9,0.5349999999999999,HINDON,2021-06-30
2021,10106,RIVER HINDON AT GHAZIABAD U/S,UTTAR PRADESH,Tributary Streams - Tons Sirmaur River Tons At Haripur,7.4,546.5,19.0,1.7000000000000002,0.41500000000000004,HINDON,2021-06-30
2021,10100,RIVER HINDON AT BARNAWA U/S,UTTAR PRADESH,Tributary Streams - Tons Sirmaur River Tons At Haripur,7.5,1070.5,55.0,0.3,23.6,HINDON,2021-06-30
2021,10101,RIVER HINDON AT BARNAWA D/S,UTTAR PRADESH,Tributary Streams - Tons Sirmaur River Tons At Haripur,7.5,947.5,54.0,0.3,23.6,HINDON,2021-06-30
2021,1483,"RIVER HINDON AFTER CONFL. WITH R. KRISHNA & KALI NEAR BINAULI TOWN, PURA MAHADEV, MEERUT, U.P.",UTTAR PRADESH,Tributary Streams - Tons Sirmaur River Tons At Haripur,7.5,885.0,63.0,0.3,25.2,KALI,2021-06-30
2021,2496,"RIVER HINDON AT SARDHANA BUDHANA ROAD, VILLAGE BAPARSI, MEERUT",UTTAR PRADESH,Tributary Streams - Tons Sirmaur River Tons At Haripur,7.6,1007.0,57.0,0.3,23.65,HINDON,2021-06-30
2021,1358,"RIVER HINDON AT GHAZIABAD D/S, U.P.",UTTAR PRADESH,Tributary Streams - Tons Sirmaur River Tons At Haripur,7.55,1095.0,46.5,0.3,0.6,HINDON,2021-06-30
2021,1356,"RIVER BETWA BEFORE CONF. YAMUNA AT HAMIRPUR, U.P.",UTTAR PRADESH,Tributary Streams - Tons Sirmaur River Tons At Haripur,7.55,676.0,3.15,7.65,,YAMUNA,2021-06-30
2021,30079,"RIVER BETWA AT SUKMA DUKMA DAM, JHANSI",UTTAR PRADESH,Tributary Streams - Tons Sirmaur River Tons At Haripur,7.85,286.5,2.5,8.25,0.5,BETWA,2021-06-30
2021,1614,"RIVER BETWA NEAR INTAKE POINT, VIDISHA",MADHYA PRADESH,Tributary Streams - Tons Sirmaur River Tons At Haripur,7.55,2040.5,1.55,8.7,4.715000000000001,BETWA,2021-06-30
2021,2107,"RIVER BETWA AT U/S AT MAHUTA GHAT, AGASOD",MADHYA PRADESH,Tributary Streams - Tons Sirmaur River Tons At Haripur,7.8,373.5,1.1,7.2,0.33999999999999997,BETWA,2021-06-30
2021,2108,"RIVER BETWA AT M/S J.P. THERMAL POWER, BINA",MADHYA PRADESH,Tributary Streams - Tons Sirmaur River Tons At Haripur,7.9,367.5,1.1,7.15,0.35,BETWA,2021-06-30
2021,2124,"RIVER BETWA AT CHARANTIRGHAT, VIDISHA",MADHYA PRADESH,Tributary Streams - Tons Sirmaur River Tons At Haripur,7.550000000000001,495.0,1.9,9.75,9.370000000000001,BETWA,2021-06-30
2021,2125,RIVER BETWA D/S AFTER MIXING OF BAIS AT VIDISHA,MADHYA PRADESH,Tributary Streams - Tons Sirmaur River Tons At Haripur,7.75,494.0,1.9,9.75,5.54,BETWA,2021-06-30
2021,3832,RIVER BETWA AT U/S NEAR ROAD BRIDGE ORCHHA,MADHYA PRADESH,Tributary Streams - Tons Sirmaur River Tons At Haripur,7.55,310.5,1.4,6.85,0.24,BETWA,2021-06-30
2021,30080,"RIVER BETWA AT KANJIA ROAD BRIDGE, ASHOK NAGAR (M.P.)",MADHYA PRADESH,Tributary Streams - Tons Sirmaur River Tons At Haripur,7.949999999999999,409.5,1.0,8.35,0.44999999999999996,BETWA,2021-06-30
2021,2953,"RIVER KALI SINDH AT ANICUT OF M/S CFCL GADEPAN, KOTA, RAJASTHAN",RAJASTHAN,Tributary Streams - Tons Sirmaur River Tons At Haripur,8.2,465.0,1.4500000000000002,5.550000000000001,1.8599999999999999,KALI SINDH,2021-06-30
2021,2956,"RIVER KALI SINDH AT BAROD ROAD BRIDGE, KOTA, RAJASTHAN",RAJASTHAN,Tributary Streams - Tons Sirmaur River Tons At Haripur,8.3,512.0,1.9500000000000002,5.199999999999999,2.07,KALI SINDH,2021-06-30
2021,2950,"RIVER DHANARI DAM, NEAR SWAROOPGANJ, SIROHI, RAJASTHAN",RAJASTHAN,Tributary Streams - Tons Sirmaur River Tons At Haripur,7.8500000000000005,507.5,1.8,5.699999999999999,2.525,Tons Sirmaur River Tons At Haripur,2021-06-30
2021,2951,"RIVER BANAS AT BISULPUR DAM, TONK, RAJASTHAN",RAJASTHAN,Tributary Streams - Tons Sirmaur River Tons At Haripur,7.75,442.0,2.25,6.35,1.785,BANAS,2021-06-30
2021,2952,"RIVER NEAR NEWTA DAM, JAIPUR, RAJASTHAN",RAJASTHAN,Tributary Streams - Tons Sirmaur River Tons At Haripur,8.55,1690.0,6.4,1.5999999999999999,5.915,RIVER,2021-06-30
2021,2945,"RIVER CHHAPI DAM UPSTREAM , JHALAWAR, RAJASTHAN",RAJASTHAN,Tributary Streams - Tons Sirmaur River Tons At Haripur,8.1,371.0,1.45,6.050000000000001,1.73,Tons Sirmaur River Tons At Haripur,2021-06-30
2021,2946,"UJAD DAM AT BHIM SAGAR UPSTREAM , JHALAWAR, RAJASTHAN",RAJASTHAN,Tributary Streams - Tons Sirmaur River Tons At Haripur,8.0,292.5,1.8,5.699999999999999,1.625,DAM,2021-06-30
2021,2955,"RIVER CHAMBAL ENTERING IN RAJASTHAN AT GANDHI SAGAR DAM, KOTA, RAJASTHAN",RAJASTHAN,Tributary Streams - Tons Sirmaur River Tons At Haripur,8.1,371.5,1.4,5.65,2.1,CHAMBAL ENTERING IN RAJASTHAN,2021-06-30
2021,3309,"RIVER CHAMBAL AT TAL VILLAGE NEAR BRIDGE, UJJAIN",MADHYA PRADESH,Tributary Streams - Tons Sirmaur River Tons At Haripur,7.85,1033.0,3.5,7.4,1.3099999999999998,CHAMBAL,2021-06-30
2021,1365,RIVER CHAMBAL AT NAGDA U/S (WATER INTAKE POINT) M.P.,MADHYA PRADESH,Tributary Streams - Tons Sirmaur River Tons At Haripur,7.75,807.5,1.9,7.2,0.81,CHAMBAL,2021-06-30
2021,1366,"RIVER CHAMBAL AT NAGDA D/S, M.P.",MADHYA PRADESH,Tributary Streams - Tons Sirmaur River Tons At Haripur,7.25,4732.5,25.0,3.6,44.86,CHAMBAL,2021-06-30
2021,2954,"RIVER PARVATI BEFORE MEETING CHAMBAL AT KHATOLI, KOTA, RAJASTHAN",RAJASTHAN,Tributary Streams - Tons Sirmaur River Tons At Haripur,8.3,610.5,1.7,5.45,2.11,PARVATI BEFORE MEETING CHAMBAL,2021-06-30
2021,1432,"RIVER PARVATI NEAR VILLAGE BATAODAPAR,",MADHYA PRADESH,Tributary Streams - Tons Sirmaur River Tons At Haripur,7.55,499.5,2.05,7.15,0.59,PARVATI,2021-06-30
2021,2109,"RIVER PARVATI RIVER, GUNA",MADHYA PRADESH,Tributary Streams - Tons Sirmaur River Tons At Haripur,7.5,363.0,1.85,7.0,0.59,Tons Sirmaur River Tons At Haripur,2021-06-30
2021,2126,"RIVER PARVATI A/C OF VINDHYACHAL NALLA, PILUKHEDI",MADHYA PRADESH,Tributary Streams - Tons Sirmaur River Tons At Haripur,7.5,506.0,2.3,7.1,1.49,Tons Sirmaur River Tons At Haripur,2021-06-30
2021,1367,RIVER KHAN AT KABIT KHEDI (NEAR INDORE) M.P.,MADHYA PRADESH,Tributary Streams - Tons Sirmaur River Tons At Haripur,8.0,1268.0,12.5,2.1999999999999997,4.155,KHAN,2021-06-30
2021,2110,"RIVER KHAN AT SAKKAR KHADI, INDORE",MADHYA PRADESH,Tributary Streams - Tons Sirmaur River Tons At Haripur,8.0,993.0,9.5,2.9,4.61,KHAN,2021-06-30
2021,2111,RIVER KHAN AT SANWER,MADHYA PRADESH,Tributary Streams - Tons Sirmaur River Tons At Haripur,7.75,1045.5,6.5,4.8,3.955,KHAN,2021-06-30
2021,1369,"RIVER KSHIPRA AT RAMGHAT AT UJJAIN, M.P.",MADHYA PRADESH,Tributary Streams - Tons Sirmaur River Tons At Haripur,7.550000000000001,948.0,5.0,6.300000000000001,1.1099999999999999,KSHIPRA,2021-06-30
2021,1370,"RIVER KSHIPRA AT TRIVENISANGAM (1 KM. D/S OF SANGAM), M.P.",MADHYA PRADESH,Tributary Streams - Tons Sirmaur River Tons At Haripur,7.6,787.5,4.4,7.0,0.65,KSHIPRA,2021-06-30
2021,1468,"RIVER KSHIPRA AT SIDDHAWAT (D/S) OF UJJAIN., M.P.",MADHYA PRADESH,Tributary Streams - Tons Sirmaur River Tons At Haripur,7.65,994.5,9.5,6.6,1.585,KSHIPRA,2021-06-30
2021,3315,"RIVER KSHIPRA AT GAUGHAT, UJJAIN",MADHYA PRADESH,Tributary Streams - Tons Sirmaur River Tons At Haripur,7.9,743.5,3.8,7.05,0.7100000000000001,KSHIPRA,2021-06-30
2021,3316,"RIVER KSHIPRA AT U/S OF MAHIDPUR CITY, UJJAIN",MADHYA PRADESH,Tributary Streams - Tons Sirmaur River Tons At Haripur,7.75,692.0,2.0999999999999996,7.199999999999999,0.98,KSHIPRA,2021-06-30
2021,3317,"RIVER KSHIPRA AT W/S INTAKE POINT OF DEWAS, UJJAIN",MADHYA PRADESH,Tributary Streams - Tons Sirmaur River Tons At Haripur,7.4,517.0,1.7,7.1,0.865,KSHIPRA,2021-06-30
2021,2724,"RIVER SUSWA AT MATHURAWALA, DEHRADUN",UTTARAKHAND,Tributary Streams - Suswa At Mathurawala,7.5,656.5,25.5,3.2,0.86,SUSWA,2021-06-30
2021,2734,RIVER BHELLA U/S KASHIPUR,UTTARAKHAND,Tributary Streams - Suswa At Mathurawala,7.6,434.0,13.0,4.45,0.33499999999999996,BHELLA,2021-06-30
2021,2732,RIVER DHELLA U/S AT KASHIPUR MORADABAD ROAD BRIDGE,UTTARAKHAND,Tributary Streams - Suswa At Mathurawala,7.5,559.5,16.5,4.6,0.345,DHELLA,2021-06-30
2021,2733,RIVER DHELLA D/S AT THAKURDWARA ALIGANJ ROAD,UTTARAKHAND,Tributary Streams - Suswa At Mathurawala,7.4,836.5,39.25,1.5499999999999998,0.37,DHELLA,2021-06-30
2021,2731,RIVER KOSHI AT KASHIPUR BAJPUR ROAD BRIDGE,UTTARAKHAND,Tributary Streams - Suswa At Mathurawala,7.5,655.0,4.5,7.15,0.35,KOSHI,2021-06-30
2021,2728,RIVER GOLA AT HALDWANI,UTTARAKHAND,Tributary Streams - Suswa At Mathurawala,7.75,250.0,2.1,7.6,0.32,GOLA,2021-06-30
2021,2729,RIVER KICHHA AT KICHHA U.S. NAGAR,UTTARAKHAND,Tributary Streams - Suswa At Mathurawala,7.65,1025.0,5.3,5.9,0.39,KICHHA,2021-06-30
2021,2730,RIVER PILKHAR AFTER BILASPUR RAMPUR,UTTARAKHAND,Tributary Streams - Suswa At Mathurawala,7.699999999999999,640.5,9.15,5.8,0.32999999999999996,Suswa At Mathurawala,2021-06-30
2021,2736,"RIVER NANDOUR U/S SITARGANJ INDUSTRIAL AREA, US NAGAR",UTTARAKHAND,Tributary Streams - Suswa At Mathurawala,7.5,449.5,4.0,6.449999999999999,0.32999999999999996,NANDOUR,2021-06-30
2021,2737,"RIVER NANDOUR D/S SITARGANJ INDUSTRIAL AREA, US NAGAR",UTTARAKHAND,Tributary Streams - Suswa At Mathurawala,7.75,402.0,4.6,6.55,0.33499999999999996,NANDOUR,2021-06-30
2021,3439,"RIVER KALYANI AT D/S PANTNAGAR INDUSTRIAL AREA, US NAGAR",UTTARAKHAND,Tributary Streams - Suswa At Mathurawala,7.5,940.0,24.0,1.25,0.33499999999999996,KALYANI,2021-06-30
2021,3438,"RIVER KALYANI AT U/S PANTNAGAR INDL AREA, US NAGAR",UTTARAKHAND,Tributary Streams - Suswa At Mathurawala,7.55,609.0,8.4,5.5,0.345,KALYANI,2021-06-30
2021,1064,RIVER RAMGANGA AT KANNAUJ (BEFORE CONF.),UTTAR PRADESH,Tributary Streams - Suswa At Mathurawala,8.25,445.0,3.9,8.2,,RAMGANGA,2021-06-30
2021,30078,RIVER RAMGANGA AT D/S KALAGARH DAM (U.K.),UTTARAKHAND,Tributary Streams - Suswa At Mathurawala,7.35,221.0,1.0,8.1,0.44999999999999996,RAMGANGA,2021-06-30
2021,30077,"RIVER RAMGANGA AT D/S SHERKOT, KALAGARH (U.P.)",UTTAR PRADESH,Tributary Streams - Suswa At Mathurawala,7.6,369.5,1.0,7.8,0.42500000000000004,RAMGANGA,2021-06-30
2021,2497,"RIVER KALI EAST AT KHARKHODA-PARIKSHIT GARH ROAD, VILL. KOL",UTTAR PRADESH,Tributary Streams - Suswa At Mathurawala,7.5,995.0,55.0,0.3,23.1,KALI EAST,2021-06-30
2021,1477,RIVER KALINADI AT U/S OF MUZAFFAR NAGAR U.P.,UTTAR PRADESH,Tributary Streams - Suswa At Mathurawala,7.5,307.5,8.5,2.2,,KALINADI,2021-06-30
2021,1478,"RIVER KALINADI AT D/S OF MUZAFFAR NAGAR, U.P.",UTTAR PRADESH,Tributary Streams - Suswa At Mathurawala,7.15,707.5,28.0,0.3,,KALINADI,2021-06-30
2021,1480,RIVER KALINADI AT U/S OF GULAOTHI TOWN IN BULANDSAHAR,UTTAR PRADESH,Tributary Streams - Suswa At Mathurawala,7.550000000000001,500.5,58.0,0.3,,KALINADI,2021-06-30
2021,1065,RIVER KALINADI AT KANNAUJ (BEFORE CONF.),UTTAR PRADESH,Tributary Streams - Suswa At Mathurawala,8.05,298.0,4.3,6.35,,KALINADI,2021-06-30
2021,30037,RIVER BANGANGA AT U/S IDRISHPUR (U.K.),UTTARAKHAND,Tributary Streams - Suswa At Mathurawala,7.15,572.5,2.85,4.65,1.215,BANGANGA,2021-06-30
2021,30038,RIVER BANGANGA AT D/S SHUKRATAL (BEFORE CONFLUENCE OF LAKSAR DRAIN ),UTTAR PRADESH,Tributary Streams - Suswa At Mathurawala,7.35,486.0,3.4,5.699999999999999,1.27,BANGANGA,2021-06-30
2021,2502,"RIVER BANGANGA SHUKRA TAL, MUZAFFARNAGAR, NEAR GANGA RIVER",UTTAR PRADESH,Tributary Streams - Suswa At Mathurawala,7.85,215.0,1.9,7.8,,Suswa At Mathurawala,2021-06-30
2021,2482,"RIVER VARUNA AT RAMESHWAR, VARANASI",UTTAR PRADESH,Tributary Streams - Suswa At Mathurawala,8.0,391.0,2.95,8.0,0.775,VARUNA,2021-06-30
2021,2483,RIVER VARUNA B/C WITH GANGA AT VARANASI,UTTAR PRADESH,Tributary Streams - Suswa At Mathurawala,7.5,526.5,9.8,4.85,1.27,VARUNA B/C WITH GANGA,2021-06-30
2021,1361,RIVER SAI AT UNNAO AFTER DRAIN OUTFALL,UTTAR PRADESH,Tributary Streams - Suswa At Mathurawala,8.15,295.0,2.8,6.699999999999999,,SAI,2021-06-30
2021,2484,"RIVER SAI AT JALALPUR, JAUNPUR",UTTAR PRADESH,Tributary Streams - Suswa At Mathurawala,8.0,388.0,3.5,7.7,0.8300000000000001,SAI,2021-06-30
2021,1350,RIVER GOMTI AT SITAPUR U/S AT WATER INTAKE,UTTAR PRADESH,Tributary Streams - Suswa At Mathurawala,8.45,487.0,2.15,9.15,1.0,GOMTI,2021-06-30
2021,1351,RIVER GOMTI AT LUCKNOW U/S AT WATER INTAKE POINT,UTTAR PRADESH,Tributary Streams - Suswa At Mathurawala,8.25,530.0,3.0,8.55,2.9499999999999997,GOMTI,2021-06-30
2021,1352,RIVER GOMTI AT LUCKNOW D/S,UTTAR PRADESH,Tributary Streams - Suswa At Mathurawala,7.45,702.0,14.6,1.0,3.55,GOMTI,2021-06-30
2021,10097,RIVER GOMTI AT JAUNPUR U/S,UTTAR PRADESH,Tributary Streams - Suswa At Mathurawala,8.05,401.0,2.75,8.2,0.775,GOMTI,2021-06-30
2021,1353,RIVER GOMTI AT JAUNPUR D/S,UTTAR PRADESH,Tributary Streams - Suswa At Mathurawala,7.95,418.0,3.95,7.6,0.84,GOMTI,2021-06-30
2021,1072,"RIVER GOMTI AT VARANASI, U.P",UTTAR PRADESH,Tributary Streams - Suswa At Mathurawala,7.95,411.0,3.55,7.75,0.8,GOMTI,2021-06-30
2021,10083,RIVER GOMTI AT NEEMSAR U/S,UTTAR PRADESH,Tributary Streams - Suswa At Mathurawala,8.15,385.0,2.65,6.0,,GOMTI,2021-06-30
2021,10084,RIVER GOMTI AT NEEMSAR D/S,UTTAR PRADESH,Tributary Streams - Suswa At Mathurawala,7.95,352.0,2.8,5.449999999999999,,GOMTI,2021-06-30
2021,10085,RIVER GOMTI AT BHATPUR U/S,UTTAR PRADESH,Tributary Streams - Suswa At Mathurawala,8.100000000000001,414.0,2.8,5.7,,GOMTI,2021-06-30
2021,10086,RIVER GOMTI AT BHATPUR D/S,UTTAR PRADESH,Tributary Streams - Suswa At Mathurawala,8.100000000000001,424.0,2.95,5.45,,GOMTI,2021-06-30
2021,10087,RIVER GOMTI AT GAUGHAT U/S,UTTAR PRADESH,Tributary Streams - Suswa At Mathurawala,7.85,351.0,3.8,4.55,,GOMTI,2021-06-30
2021,10088,RIVER GOMTI AT GAUGHAT D/S,UTTAR PRADESH,Tributary Streams - Suswa At Mathurawala,7.85,354.5,4.25,4.25,,GOMTI,2021-06-30
2021,10089,RIVER GOMTI AT MOHMEAK U/S,UTTAR PRADESH,Tributary Streams - Suswa At Mathurawala,7.7,453.0,9.5,2.5,,GOMTI,2021-06-30
2021,10090,RIVER GOMTI AT MOHMEAK D/S,UTTAR PRADESH,Tributary Streams - Suswa At Mathurawala,7.65,462.0,10.25,2.25,,GOMTI,2021-06-30
2021,10091,RIVER GOMTI AT PIPRAGHAT U/S,UTTAR PRADESH,Tributary Streams - Suswa At Mathurawala,7.6,508.0,13.0,1.65,,GOMTI,2021-06-30
2021,10092,RIVER GOMTI AT PIPRAGHAT D/S,UTTAR PRADESH,Tributary Streams - Suswa At Mathurawala,7.55,514.0,13.5,1.35,,GOMTI,2021-06-30
2021,10093,RIVER GOMTI AT GANGAGANJ U/S,UTTAR PRADESH,Tributary Streams - Suswa At Mathurawala,7.7,402.0,4.5,2.95,,GOMTI,2021-06-30
2021,10094,RIVER GOMTI AT GANGAGANJ D/S,UTTAR PRADESH,Tributary Streams - Suswa At Mathurawala,7.75,394.0,4.25,3.4,,GOMTI,2021-06-30
2021,2491,"RIVER RAPTI AT RAJGHAT, GORAKHPUR",UTTAR PRADESH,Tributary Streams - Suswa At Mathurawala,7.6,378.0,5.4,7.1,,RAPTI,2021-06-30
2021,1363,"RIVER RAPTI AFTER CONFL. OF R. HONIN NR. DOMINGARH RLY BRIDGE, GORAKHPUR",UTTAR PRADESH,Tributary Streams - Suswa At Mathurawala,7.45,299.0,3.75,7.6,,HONIN,2021-06-30
2021,1355,"RIVER GHAGHARA AT DEORIA D/S, U.P.",UTTAR PRADESH,Tributary Streams - Suswa At Mathurawala,7.7,341.0,4.0,7.6,,GHAGHARA,2021-06-30
2021,2492,"RIVER GHAGHRA AT BARHALGANJ, GORAKHPUR",UTTAR PRADESH,Tributary Streams - Suswa At Mathurawala,7.75,425.0,4.9,7.45,,GHAGHRA,2021-06-30
2021,1076,"RIVER GHAGHARA NEAR CHAPRA, RIBILGANJ, SARAN",BIHAR,Tributary Streams - Suswa At Mathurawala,7.75,242.0,2.35,7.55,0.35,GHAGHARA,2021-06-30
2021,1359,"RIVER RIHAND AT RENUKUT U/S, U.P.",UTTAR PRADESH,Tributary Streams - Suswa At Mathurawala,8.2,304.0,2.3,6.2,0.5,RIHAND,2021-06-30
2021,1360,"RIVER RIHAND AT RENUKUT D/S, U.P.",UTTAR PRADESH,Tributary Streams - Suswa At Mathurawala,8.25,319.0,2.8499999999999996,8.600000000000001,0.6,RIHAND,2021-06-30
2021,1075,"RIVER SONE AT KOELWAR, BHOJPUR",BIHAR,Tributary Streams - Sone At Koelwar,7.949999999999999,199.5,2.5,7.95,0.6,SONE,2021-06-30
2021,3121,"RIVER SONE NEAR BANZARI, ROHTAS",BIHAR,Tributary Streams - Sone At Koelwar,7.75,208.5,1.55,8.399999999999999,0.305,SONE,2021-06-30
2021,3127,"RIVER SONE AT BAHIYARA, BHOJPUR",BIHAR,Tributary Streams - Sone At Koelwar,8.05,214.0,1.2,8.45,0.32999999999999996,SONE,2021-06-30
2021,3128,"RIVER SONE AT NASIRIGANJ DAM, ROHTAS",BIHAR,Tributary Streams - Sone At Koelwar,7.9,187.0,1.55,9.05,0.31,SONE,2021-06-30
2021,2556,"RIVER SONE AT INDRAPURI, DEHRI ON SONE, ROHTAS",BIHAR,Tributary Streams - Sone At Koelwar,7.85,178.0,1.4,8.35,0.3,SONE,2021-06-30
2021,4406,"RIVER SONE AT OBRA, AURANGABAD",BIHAR,Tributary Streams - Sone At Koelwar,7.75,374.0,2.1,12.05,0.41000000000000003,SONE,2021-06-30
2021,4407,"RIVER SONE AT WATER INTAKE POINT BHARTIYA RAIL BIJALI CO. LTD (BRBCL) NAVINAGAR, AURANGABAD",BIHAR,Tributary Streams - Sone At Koelwar,7.9,221.0,1.6,8.95,0.625,SONE,2021-06-30
2021,4298,"RIVER SONE AT ROAD BRIDGE-DEHRI-ON-SONE, ROHTAS",BIHAR,Tributary Streams - Sone At Koelwar,7.75,186.5,1.7,9.25,0.365,SONE,2021-06-30
2021,3329,"RIVER SONE AT CHURHAT,DISTT.SIDHI",MADHYA PRADESH,Tributary Streams - Sone At Koelwar,7.75,331.5,1.6,7.65,0.665,SONE,2021-06-30
2021,1143,"RIVER TONS AT CHAKGHAT, M.P.",MADHYA PRADESH,Tributary Streams - Sone At Koelwar,7.75,322.0,1.5,7.25,0.7050000000000001,TONS,2021-06-30
2021,3853,"RIVER TONS AT BASEMAN MAMA TEMPLE, NEAR PURWA FALL, TEHSIL-SEMARIYA, DIST- REWA",MADHYA PRADESH,Tributary Streams - Sone At Koelwar,7.85,360.5,1.6,7.2,0.685,TONS,2021-06-30
2021,1078,"RIVER GANDAK AT SONEPUR, PATNA (B/C GANGA), SARAN",BIHAR,Tributary Streams - Sone At Koelwar,8.0,234.0,1.75,8.05,0.4,GANDAK,2021-06-30
2021,2568,"RIVER GANDAK AT REWAGHAT, MUJAFFARPUR",BIHAR,Tributary Streams - Sone At Koelwar,7.6,243.5,2.7,7.35,0.38,GANDAK,2021-06-30
2021,3125,RIVER GANDAK GOPALGANJ PIPRAKOTHI ROAD BRIDGE (DUMARIA GHAT),BIHAR,Tributary Streams - Sone At Koelwar,7.75,233.5,1.55,8.25,0.35,Sone At Koelwar,2021-06-30
2021,10126,"RIVER GANDAK AT KONHARA GHAT, VAISHALI",BIHAR,Tributary Streams - Sone At Koelwar,8.0,266.5,1.9000000000000001,8.05,0.33999999999999997,GANDAK,2021-06-30
2021,10163,"RIVER GANDAK AT ROAD BRIDGE, U/S HAJIPUR",BIHAR,Tributary Streams - Sone At Koelwar,7.95,244.0,1.8,8.25,0.38,GANDAK,2021-06-30
2021,2575,"RIVER SIKRAHNA AT LAL PARSE, BITTIAH, EAST CHAMPARAN",BIHAR,Tributary Streams - Sone At Koelwar,7.6,464.5,1.9,8.3,0.42500000000000004,SIKRAHNA,2021-06-30
2021,1820,"RIVER SIKRAHNA AT CHANPATIYA, EAST CHAMPARAN",BIHAR,Tributary Streams - Sone At Koelwar,7.6,319.5,2.25,6.1,0.405,SIKRAHNA,2021-06-30
2021,3134,"RIVER SIKRAHNA AT LAUREA, HARINAGAR ROAD BRIDGE",BIHAR,Tributary Streams - Sone At Koelwar,7.65,245.5,2.15,8.1,0.405,SIKRAHNA,2021-06-30
2021,4291,"RIVER SIKRAHNA LAURIA-NARKATIAGANJ ROAD BRIDGE, WEST CHAMPARAN",BIHAR,Tributary Streams - Sone At Koelwar,7.45,276.5,4.3,7.15,0.44999999999999996,Sone At Koelwar,2021-06-30
2021,2570,"RIVER BURHI GANDAK AT Z ROAD BRIDGE, SAMASTIPUR",BIHAR,Tributary Streams - Sone At Koelwar,7.8999999999999995,319.5,1.9000000000000001,7.65,0.3,BURHI GANDAK,2021-06-30
2021,3124,RIVER BURHI GANDAK U/S ROAD BRIDGE MUZAFFARPUR (NH),BIHAR,Tributary Streams - Sone At Koelwar,7.8,291.0,1.75,7.3,0.35,BURHI GANDAK,2021-06-30
2021,2562,"RIVER BURHI GANDAK AT AKHARAGHAT, MUZAFFARPUR",BIHAR,Tributary Streams - Sone At Koelwar,7.8,320.0,1.75,7.15,0.55,BURHI GANDAK,2021-06-30
2021,4403,"RIVER BURHI GANDAK AT BARACHAKIA, EAST CHAMPARAN",BIHAR,Tributary Streams - Sone At Koelwar,7.800000000000001,276.0,1.95,7.8,0.35,BURHI GANDAK,2021-06-30
2021,4300,"RIVER BURHI GANDAK AT LAL BAGLA GHAT, MOTIHARI DHAKA ROAD, EAST CHAMPARAN",BIHAR,Tributary Streams - Sone At Koelwar,7.550000000000001,311.0,1.9,15.85,0.33999999999999997,BURHI GANDAK,2021-06-30
2021,4295,"RIVER BURHI GANDAK AT KHAGARIA ROAD BRIDGE, KHAGARIA",BIHAR,Tributary Streams - Sone At Koelwar,7.800000000000001,312.5,2.4000000000000004,7.199999999999999,0.32499999999999996,BURHI GANDAK,2021-06-30
2021,3126,"RIVER HARBORA, U/S WEST CHAMPARAN",BIHAR,Tributary Streams - Sone At Koelwar,7.7,317.0,2.0,8.1,0.42500000000000004,Sone At Koelwar,2021-06-30
2021,2558,"RIVER HARBORA AT NARKATIAGANJ, WEST CHAMPARAN",BIHAR,Tributary Streams - Sone At Koelwar,7.45,315.5,2.95,6.15,0.6,HARBORA,2021-06-30
2021,2567,RIVER KAMALA AT BENIPATTI (MADHUBANI),BIHAR,Tributary Streams - Sone At Koelwar,7.65,293.5,2.0,7.55,0.3,KAMALA,2021-06-30
2021,2569,RIVER KAMALA AT DARBHANGA,BIHAR,Tributary Streams - Sone At Koelwar,7.35,475.0,3.2,6.300000000000001,0.41500000000000004,KAMALA,2021-06-30
2021,3133,RIVER KAMALA AT JAYNAGAR,BIHAR,Tributary Streams - Sone At Koelwar,7.75,284.5,2.05,8.1,0.33999999999999997,KAMALA,2021-06-30
2021,4299,"RIVER KAMALA (BIHAR) GANGA AT JEEWACH GHAT, DARBHANGA",BIHAR,Tributary Streams - Sone At Koelwar,7.199999999999999,459.5,2.2,7.05,0.3,GANGA,2021-06-30
2021,2565,RIVER KOSHI AT KURSHELA AT KATIHAR,BIHAR,Tributary Streams - Sone At Koelwar,7.4,206.5,1.6,8.149999999999999,0.35,KOSHI,2021-06-30
2021,2566,RIVER KOSHI AT MADHEPURA,BIHAR,Tributary Streams - Sone At Koelwar,7.6,222.0,2.0,7.65,0.32499999999999996,KOSHI,2021-06-30
2021,3137,"RIVER KOSHI AT BEERPUR, SUPAUL",BIHAR,Tributary Streams - Sone At Koelwar,7.550000000000001,246.0,1.5,8.2,0.3,KOSHI,2021-06-30
2021,1821,RIVER DAHA AT SIWAN,BIHAR,Tributary Streams - Sone At Koelwar,7.5,443.5,3.05,5.25,0.55,DAHA,2021-06-30
2021,4397,RIVER DAHA D/S RAJENDRA ROAD BRIDE SIWAN,BIHAR,Tributary Streams - Sone At Koelwar,7.4,495.5,2.75,5.05,0.605,DAHA,2021-06-30
2021,2560,"RIVER DAHA D/S AT SASAMUSA, GOPALGANJ",BIHAR,Tributary Streams - Sone At Koelwar,7.6499999999999995,423.5,2.6,6.85,0.37,DAHA,2021-06-30
2021,2561,"RIVER DAHA AT ITWA BRIDGE, GOPALGANJ",BIHAR,Tributary Streams - Sone At Koelwar,7.55,392.0,2.45,6.3500000000000005,0.39,DAHA,2021-06-30
2021,3129,RIVER DAHA AT MEERGANJ,BIHAR,Tributary Streams - Sone At Koelwar,7.6499999999999995,387.5,2.5,6.800000000000001,0.38,DAHA,2021-06-30
2021,4292,"RIVER DAHA U/S SASAMUSA, GOPALGANJ",BIHAR,Tributary Streams - Sone At Koelwar,7.45,418.5,2.15,7.45,0.41000000000000003,DAHA,2021-06-30
2021,1823,"RIVER DHOS AT MADHUVAPUR, MADHUBANI",BIHAR,Tributary Streams - Sone At Koelwar,7.45,187.5,1.95,7.35,0.32999999999999996,DHOS,2021-06-30
2021,4405,"RIVER DHOS AT MADHWAPUR, MADHUBANI",BIHAR,Tributary Streams - Sone At Koelwar,7.25,189.5,2.3,7.45,1.1199999999999999,DHOS,2021-06-30
2021,2559,"RIVER RAMREKHA AT HARINAGAR, WEST CHAMPARAN",BIHAR,Tributary Streams - Sone At Koelwar,7.05,444.0,7.3,4.15,0.44999999999999996,RAMREKHA,2021-06-30
2021,3130,"RIVER RAMREKHA AT U/S HARINAGAR, WEST CHAMPARAN",BIHAR,Tributary Streams - Sone At Koelwar,7.4,272.5,3.45,5.0,0.44999999999999996,RAMREKHA,2021-06-30
2021,1822,"RIVER SIRSIYA AT RAXAUL, EAST CHAMPARAN",BIHAR,Tributary Streams - Sone At Koelwar,6.949999999999999,553.5,8.0,1.2999999999999998,0.4,SIRSIYA,2021-06-30
2021,3136,"RIVER SIRSIYA D/S RAXAUL (KOERIA TOLA), EAST CHAMPARAN",BIHAR,Tributary Streams - Sone At Koelwar,7.0,561.0,7.5,1.25,0.475,SIRSIYA,2021-06-30
2021,3132,"RIVER BAGMATI AT MUZAFFARPUR- SITAMARHI ROAD BRIDGE, SITAMARHI",BIHAR,Tributary Streams - Sone At Koelwar,8.1,291.5,1.9500000000000002,7.85,0.74,BAGMATI,2021-06-30
2021,3135,"RIVER BAGMATI AT DARBANGA, SAMASTIPUR ROAD BRIDGE, DARBHANGA",BIHAR,Tributary Streams - Sone At Koelwar,7.75,294.5,2.3,7.300000000000001,0.35,BAGMATI,2021-06-30
2021,3131,"RIVER MANUSMAR U/S (RIGA), SITAMARHI",BIHAR,Tributary Streams - Sone At Koelwar,7.800000000000001,369.5,2.1500000000000004,7.65,0.42000000000000004,MANUSMAR,2021-06-30
2021,2563,"RIVER MANUSMAR AT RIGA, SITAMARHI",BIHAR,Tributary Streams - Sone At Koelwar,7.8500000000000005,362.5,2.15,7.3,0.535,MANUSMAR,2021-06-30
2021,4402,"RIVER MANUSMAR AT PARSHURAMPUR, RIGA - BELSUND ROAD, SITAMARHI",BIHAR,Tributary Streams - Sone At Koelwar,7.8,355.5,2.2,7.1,0.975,MANUSMAR,2021-06-30
2021,3119,"RIVER POONPUN NEAR POONPUN RAIL BRIDGE, PATNA",BIHAR,Tributary Streams - Sone At Koelwar,7.800000000000001,343.0,2.4,8.45,0.43499999999999994,POONPUN,2021-06-30
2021,3120,"RIVER POONPUN NEAR KINZER ROAD BRIDGE, JEHANABAD",BIHAR,Tributary Streams - Sone At Koelwar,7.6,353.0,1.6500000000000001,8.3,0.75,POONPUN,2021-06-30
2021,4293,"RIVER KOHRA (GANGA) U/S RAJ GHAT, MANJHAULIA, WEST CHAMPARAN",BIHAR,Tributary Streams - Sone At Koelwar,7.5,398.0,2.7,5.7,0.395,Sone At Koelwar,2021-06-30
2021,4294,"RIVER KOHRA (GANGA) D/S RAJ GHAT, MANJHAULIA, WEST CHAMPARAN",BIHAR,Tributary Streams - Sone At Koelwar,7.6,382.0,2.65,6.6000000000000005,0.44999999999999996,Sone At Koelwar,2021-06-30
2021,4399,"RIVER HARHA AT BAGHA, LAURIYA ROAD BRIDGE",BIHAR,Tributary Streams - Sone At Koelwar,7.55,261.0,2.0,7.55,1.2,HARHA,2021-06-30
2021,4400,RIVER LAKHANDEI SITAMARHI U/S,BIHAR,Tributary Streams - Sone At Koelwar,7.75,370.0,2.2,7.35,0.585,LAKHANDEI SITAMARHI,2021-06-30
2021,4401,RIVER LAKHANDEI SITAMARHI D/S,BIHAR,Tributary Streams - Sone At Koelwar,7.65,438.5,6.6,4.6000000000000005,0.68,LAKHANDEI SITAMARHI,2021-06-30
2021,4404,"RIVER GANGI AT ARA, D/S",BIHAR,Tributary Streams - Sone At Koelwar,7.3,402.0,2.95,3.6999999999999997,0.55,GANGI,2021-06-30
2021,1824,"RIVER PARMAR AT JOGBANI, ARARIA",BIHAR,Tributary Streams - Sone At Koelwar,7.2,209.5,2.3,7.5,0.3,PARMAR,2021-06-30
2021,2117,"RIVER BICHIA, BRIDGE GOVINDGARH ROAD",MADHYA PRADESH,Tributary Streams - Bichia,7.75,390.0,2.8,6.35,0.73,Bichia,2021-06-30
2021,1433,"RIVER SANKH AT TIGRA RESERVOIR, M.P.",MADHYA PRADESH,Tributary Streams - Bichia,7.550000000000001,170.0,1.45,7.45,1.3,SANKH,2021-06-30
2021,1610,"RIVER SONE AT ORIGIN AMARKANTAK, M.P",MADHYA PRADESH,Tributary Streams - Bichia,7.35,198.5,1.0,6.7,0.32,SONE,2021-06-30
2021,1142,"RIVER SONE AT CHACHAI, M.P.",MADHYA PRADESH,Tributary Streams - Bichia,7.8,351.5,1.35,5.85,0.32,SONE,2021-06-30
2021,1371,"RIVER SONE AT AMLAI, M.P.",MADHYA PRADESH,Tributary Streams - Bichia,7.85,370.5,1.4,7.4,0.32,SONE,2021-06-30
2021,1612,RIVER SONE AT DEVLOAD OUT LET OF BANSAGAR DAM,MADHYA PRADESH,Tributary Streams - Bichia,7.75,344.0,1.4,7.45,0.32,SONE,2021-06-30
2021,3327,"RIVER SONE AT AMLAI, 100 METRE D/S AFTER MIXING OF ATPS EFFLUENT, REWA",MADHYA PRADESH,Tributary Streams - Bichia,8.0,375.0,1.65,7.449999999999999,0.42000000000000004,SONE,2021-06-30
2021,3846,"RIVER SONE AT JARWAHI NEAR ROAD BRIDGE, SHAHDOL",MADHYA PRADESH,Tributary Streams - Bichia,7.8,362.5,1.45,7.3,0.32,SONE,2021-06-30
2021,30082,RIVER SONE DEORA U/S RIHAND (M. P.),MADHYA PRADESH,Tributary Streams - Bichia,7.699999999999999,229.0,4.0,7.85,0.43000000000000005,SONE DEORA,2021-06-30
2021,3851,"RIVER SONE NEAR BHANVARSEN ROAD BRIDGE AFTER CONFLUENCE OF BANAS RIVER, DIST SIDHI",MADHYA PRADESH,Tributary Streams - Bichia,7.5,1603.5,1.6,7.35,0.735,SONE,2021-06-30
2021,4604,"RIVER SONE AT VILLAGE- KHAIRPUR, NEAR ROAD BRIDGE M.P- U.P. BOUNDARY, DISTT SIDHI",MADHYA PRADESH,Tributary Streams - Bichia,7.75,302.0,1.5,7.65,0.48,SONE,2021-06-30
2021,30081,"RIVER SONE U/S TO RIHAND, CHOPAN (U.P.)",UTTAR PRADESH,Tributary Streams - Bichia,7.25,230.0,2.75,8.15,0.31,SONE,2021-06-30
2021,3836,RIVER SONE ON KACHAN DAM NEAR IMILYA NORTH COAL,MADHYA PRADESH,Tributary Streams - Bichia,7.4,641.0,1.65,7.15,0.55,SONE ON KACHAN DAM,2021-06-30
2021,1607,"RIVER VAISHALI AT GOHAD DAM, GOHAD, M.P",MADHYA PRADESH,Tributary Streams - Bichia,7.8,517.0,2.45,6.9,1.97,VAISHALI,2021-06-30
2021,3313,"RIVER KARIYARI U/S BEFORE MIXING WITH WASTE WATER OF M/S J.P. CEMENT , REWA",MADHYA PRADESH,Tributary Streams - Bichia,7.85,460.0,1.65,6.9,0.525,KARIYARI,2021-06-30
2021,3314,"RIVER KARIYARI 100 MTR. D/S AFTER MIXING WITH WASTE WATER OF M/S J.P. CEMENT, REWA",MADHYA PRADESH,Tributary Streams - Bichia,7.8999999999999995,467.5,1.85,6.65,0.64,Bichia,2021-06-30
2021,3319,"RIVER NEWAJ AT W/S INTAKE POINT, SHUJALPUR, UJJAIN",MADHYA PRADESH,Tributary Streams - Bichia,4.95,456.5,2.4,6.9,0.925,NEWAJ,2021-06-30
2021,3320,"RIVER NEWAJ AT U/S NEAR W/S INTAKE POINT, RAJGARH, GUNA",MADHYA PRADESH,Tributary Streams - Bichia,7.449999999999999,424.0,2.3,6.65,0.61,NEWAJ,2021-06-30
2021,3310,"RIVER CHAMLA AT W/S INTAKE POINT BADNAGAR, UJJAIN",MADHYA PRADESH,Tributary Streams - Bichia,7.45,505.0,1.8,7.3,0.64,CHAMLA,2021-06-30
2021,3306,"RIVER CHOUPAN AT VIJAYPUR U/S NFL NALLA, GUNA",MADHYA PRADESH,Tributary Streams - Bichia,7.35,393.0,1.5,6.4,0.55,CHOUPAN,2021-06-30
2021,3307,"RIVER CHOUPAN AT VIJAYPUR 100 METRE D/S OF NFL NALLA, GUNA",MADHYA PRADESH,Tributary Streams - Bichia,7.45,349.0,1.9500000000000002,6.6,0.72,CHOUPAN,2021-06-30
2021,2100,"RIVER GOUR BHOGA DOOR, JABALPUR",MADHYA PRADESH,Tributary Streams - Bichia,7.800000000000001,283.0,1.45,7.8,0.45999999999999996,Bichia,2021-06-30
2021,3311,"RIVER JAMUNI AT BARIYAGHAT U/S NEAR INTAKE POINT, TIKAMGARH",MADHYA PRADESH,Tributary Streams - Bichia,7.6,299.5,1.1,7.0,0.5,JAMUNI,2021-06-30
2021,3834,"RIVER SONE AT CHITAWAL NEAR ROAD BRIDGE CHITRANGI, DIST SINGROULI",MADHYA PRADESH,Tributary Streams - Bichia,7.550000000000001,466.5,1.5499999999999998,7.3,0.45999999999999996,SONE,2021-06-30
2021,2116,RIVER BEEHAR D/S NEAR FOREST OFFICE,MADHYA PRADESH,Tributary Streams - Bichia,7.8999999999999995,321.5,1.75,7.2,0.7150000000000001,BEEHAR,2021-06-30
2021,2119,"RIVER BETWA AT NAYAPUR D/S MANDIDEEP INDL. AREA NO.1, DIST.RAISEN",MADHYA PRADESH,Tributary Streams - Bichia,7.800000000000001,819.5,4.65,7.55,7.45,BETWA,2021-06-30
2021,2121,"RIVER BETWA NEAR ROAD BRIDGE, BHOJPUR",MADHYA PRADESH,Tributary Streams - Bichia,7.85,631.0,2.2,6.1,10.995,BETWA,2021-06-30
2021,2122,RIVER BETWA NEAR W/S INTAKE WELL POINT RAISEN,MADHYA PRADESH,Tributary Streams - Bichia,8.05,511.0,1.9,7.699999999999999,7.73,BETWA,2021-06-30
2021,3833,"RIVER BETWA AT RAJGHAT DAM, SAGAR",MADHYA PRADESH,Tributary Streams - Bichia,7.75,290.0,1.0,6.75,0.5,BETWA,2021-06-30
2021,2120,"RIVER KALIASOT NEAR ROAD BRIDGE, MANDIDEEP",MADHYA PRADESH,Tributary Streams - Bichia,7.9,656.0,3.0,7.5,11.31,KALIASOT,2021-06-30
2021,1615,"RIVER PARVATI NEAR INTAKE POINT PILLUKHEDI DISTT. RAJGARH, M.P",MADHYA PRADESH,Tributary Streams - Bichia,7.449999999999999,480.5,1.9,6.9,0.85,PARVATI,2021-06-30
2021,3835,"RIVER GOPAD AT NIGARI, SARAI DIST, SINGROULI",MADHYA PRADESH,Tributary Streams - Bichia,7.449999999999999,285.0,1.5499999999999998,7.4,1.51,GOPAD,2021-06-30
2021,1611,"RIVER JOHILA NEAR NAROJABAD NEAR UMARIA ROAD BRIDGE, M.P",MADHYA PRADESH,Tributary Streams - Bichia,7.75,346.5,1.45,7.300000000000001,0.35,JOHILA,2021-06-30
2021,1608,"RIVER SINDH AT DABRA, M.P",MADHYA PRADESH,Tributary Streams - Bichia,7.85,548.0,2.05,7.35,1.43,SINDH,2021-06-30
2021,1613,"RIVER KOLAR DAM WATER SUPPLY INTAKE WELL, DISTT. SEHORE, M.P",MADHYA PRADESH,Tributary Streams - Bichia,7.6499999999999995,230.5,1.25,9.3,3.36,Bichia,2021-06-30
2021,4085,"RIVER JUMAR AT BIT MESRA, RANCHI",JHARKHAND,Tributary Streams - Jumar At Bit Mesra,6.6,,2.4,4.35,,JUMAR,2021-06-30
2021,2396,RIVER JUMAR AT KANKE DAM,JHARKHAND,Tributary Streams - Jumar At Bit Mesra,7.199999999999999,,2.55,6.550000000000001,,JUMAR,2021-06-30
2021,2401,RIVER AJAY AT MASANJORE DAM,JHARKHAND,Tributary Streams - Jumar At Bit Mesra,7.7,312.0,1.5,6.800000000000001,,AJAY,2021-06-30
2021,3554,"RIVER KONAR NEAR SWANG COAL WASHERY, BOKARO",JHARKHAND,Tributary Streams - Jumar At Bit Mesra,7.5,,2.8,7.4,,KONAR,2021-06-30
2021,2390,RIVER KONAR AT TENUGHAT DAM,JHARKHAND,Tributary Streams - Jumar At Bit Mesra,7.6,,1.4,7.8,,KONAR,2021-06-30
2021,4000,RIVER GARGA NEAR TELMUCHO BRIDGE,JHARKHAND,Tributary Streams - Jumar At Bit Mesra,7.35,,3.5,6.5,,GARGA,2021-06-30
2021,2381,RIVER BOKARO AT ZARANGDIH BRIDGE,JHARKHAND,Tributary Streams - Jumar At Bit Mesra,7.4,,3.8,7.3,,BOKARO,2021-06-30
2021,1034,"RIVER SANKH AT BOLBA, JHARKAND",JHARKHAND,Tributary Streams - Jumar At Bit Mesra,7.4,,1.85,8.35,,SANKH,2021-06-30
2021,2392,RIVER BARAKAR AT MAITHAN DAM,JHARKHAND,Tributary Streams - Jumar At Bit Mesra,7.55,,2.2,7.55,,BARAKAR,2021-06-30
2021,3555,"RIVER DAMODAR NEAR ZARANGDIH BRIDGE, BOKARO",JHARKHAND,Tributary Streams - Jumar At Bit Mesra,7.6,,2.3499999999999996,7.7,,DAMODAR,2021-06-30
2021,4083,"RIVER DAMODAR NEAR ROHINI PROJECT, NK AREA, PO-DAKRA, RANCHI",JHARKHAND,Tributary Streams - Jumar At Bit Mesra,7.0,,2.05,7.800000000000001,,DAMODAR,2021-06-30
2021,3553,RIVER DAMODAR NEAR TELMUCHO BRIDGE,JHARKHAND,Tributary Streams - Jumar At Bit Mesra,7.55,,3.45,7.6,,DAMODAR,2021-06-30
2021,3556,"RIVER DAMODAR AT CONFLUENCE OF BOKARO & DAMODAR NEAR ZARANGDIH BRIDGE, BOKARO",JHARKHAND,Tributary Streams - Jumar At Bit Mesra,7.5,,3.2,7.5,,DAMODAR,2021-06-30
2021,3557,"RIVER DAMODAR NEAR BERMO RAILWAY STATION, BOKARO",JHARKHAND,Tributary Streams - Jumar At Bit Mesra,7.5,,2.5,7.5,,DAMODAR,2021-06-30
2021,2382,RIVER DAMODAR AT PHUSRO ROAD BRIDGE,JHARKHAND,Tributary Streams - Jumar At Bit Mesra,7.5,,2.7,7.55,,DAMODAR,2021-06-30
2021,2383,RIVER DAMODAR U/S JAMADOBA WATER WORKS,JHARKHAND,Tributary Streams - Jumar At Bit Mesra,7.45,,2.9,7.5,,DAMODAR,2021-06-30
2021,2384,RIVER DAMODAR AT DOMGARH WATER WORKS D/S SINDRI,JHARKHAND,Tributary Streams - Jumar At Bit Mesra,7.5,,2.5,7.5,,DAMODAR,2021-06-30
2021,2391,RIVER DAMODAR AT PANCHET DAM,JHARKHAND,Tributary Streams - Jumar At Bit Mesra,7.45,,1.9,7.45,,DAMODAR,2021-06-30
2021,1331,"RIVER DAMODAR AT DISHERGARH VILL.(NR.BIHAR-WEST BENGAL BORDER) , BURDWAN,WEST BENGAL",WEST BENGAL,Tributary Streams - Jumar At Bit Mesra,7.45,220.0,2.4,8.2,0.4,DAMODAR,2021-06-30
2021,1332,"RIVER DAMODAR AT D/S OF IISCO AFTER 3RD OUTFALL AT DHENNA VILLAGE, BURDWAN,WEST BENGAL",WEST BENGAL,Tributary Streams - Jumar At Bit Mesra,7.5,263.0,2.15,8.1,0.85,DAMODAR,2021-06-30
2021,1333,"RIVER DAMODAR AT NARAINPUR AFTER CONFL. OF NUNIA NALLAH, BURDWAN,WEST BENGAL",WEST BENGAL,Tributary Streams - Jumar At Bit Mesra,7.5,251.0,2.25,7.8500000000000005,0.7000000000000001,DAMODAR,2021-06-30
2021,1334,"RIVER DAMODAR NEAR MUJHER MANA VILLAGE AFTER CONF. OF TAMLA NALLAH, BURDWAN,WEST BENGAL",WEST BENGAL,Tributary Streams - Jumar At Bit Mesra,7.6,349.5,3.75,7.35,0.9,DAMODAR,2021-06-30
2021,10107,"RIVER DAMODAR AT ANDAL U/S, BURDWAN",WEST BENGAL,Tributary Streams - Jumar At Bit Mesra,7.7,277.0,2.1500000000000004,8.1,0.655,DAMODAR,2021-06-30
2021,10108,"RIVER DAMODAR AT ANDAL D/S, BURDWAN",WEST BENGAL,Tributary Streams - Jumar At Bit Mesra,7.6499999999999995,241.0,2.1500000000000004,8.0,0.5,DAMODAR,2021-06-30
2021,10109,"RIVER DAMODAR AT ASANSOL U/S, BURDWAN",WEST BENGAL,Tributary Streams - Jumar At Bit Mesra,7.4,228.0,1.8,8.2,0.3,DAMODAR,2021-06-30
2021,10110,"RIVER DAMODAR AT DURGAPUR U/S, BURDWAN",WEST BENGAL,Tributary Streams - Jumar At Bit Mesra,7.5,239.5,2.75,8.0,0.5,DAMODAR,2021-06-30
2021,10111,"RIVER DAMODAR AT RANIGANJ D/S, BURDWAN",WEST BENGAL,Tributary Streams - Jumar At Bit Mesra,7.449999999999999,317.5,2.4,8.1,0.555,DAMODAR,2021-06-30
2021,2527,"RIVER DAMODAR AT WATER INTAKE POINT FOR BURDWAN TOWN, BURDWAN",WEST BENGAL,Tributary Streams - Jumar At Bit Mesra,7.800000000000001,13290.0,2.45,8.15,0.55,DAMODAR,2021-06-30
2021,2517,"RIVER MATHA BHANGA, GOBINDAPUR, NADIA",WEST BENGAL,Tributary Streams - Jumar At Bit Mesra,7.7,515.0,8.9,2.3,0.6,Jumar At Bit Mesra,2021-06-30
2021,2534,"RIVER MAYURAKSHI AT WATER INTAKE POINT FOR SURI TOWN, BIRBHUM",WEST BENGAL,Tributary Streams - Jumar At Bit Mesra,7.55,168.0,1.6,7.95,0.6,MAYURAKSHI,2021-06-30
2021,30091,"RIVER CHURNI AT GADE BORDER (BANGLADESH - INDIA BORDER), NADIA, WEST BENGAL",WEST BENGAL,Tributary Streams - Jumar At Bit Mesra,7.4,239.0,3.0,1.8,0.46,CHURNI,2021-06-30
2021,1764,"RIVER CHURNI D/S OF RANAGHAT TOWN, WEST BENGAL",WEST BENGAL,Tributary Streams - Jumar At Bit Mesra,7.65,518.5,7.15,3.75,0.5,CHURNI,2021-06-30
2021,2518,"RIVER CHURNI, MAJHADIA, NADIA",WEST BENGAL,Tributary Streams - Jumar At Bit Mesra,7.7,549.5,11.450000000000001,2.4000000000000004,0.475,Jumar At Bit Mesra,2021-06-30
2021,30064,RIVER CHURNI AT BIJOYPUR (WEST BENGAL),WEST BENGAL,Tributary Streams - Jumar At Bit Mesra,7.45,464.0,9.0,1.15,0.39,CHURNI,2021-06-30
2021,2541,RIVER DWARAKESHWAR AT WATER INTAKE POINT FOR BANKURA TOWN,WEST BENGAL,Tributary Streams - Jumar At Bit Mesra,7.75,212.0,2.35,8.1,0.3,DWARAKESHWAR,2021-06-30
2021,2514,"RIVER JALANGI, D/S OF KRISHNA NAGAR, NADIA",WEST BENGAL,Tributary Streams - Jumar At Bit Mesra,7.699999999999999,473.0,4.1,5.8500000000000005,0.44999999999999996,Jumar At Bit Mesra,2021-06-30
2021,1337,"RIVER RUPNARAYAN BEFORE CONFL. TO GANGA NEAR GEONKHALI,MEDINIPORE, WEST BENGAL",WEST BENGAL,Tributary Streams - Jumar At Bit Mesra,7.699999999999999,2159.0,1.05,6.699999999999999,1.1,GANGA,2021-06-30
2021,2509,"RIVER D/S OF RUPNARAYAN AT KOLAGHAT, NEAR KOLAGHAT RAIL BRIDGE NO.3,MEDINIPORE",WEST BENGAL,Tributary Streams - Jumar At Bit Mesra,7.75,1059.5,1.5,7.7,1.6,D/S OF RUPNARAYAN,2021-06-30
2021,2531,"RIVER DWARKA AT U/S OF TARAPITH AT SADHAK BAMDEB GHAT, BIRBHUM",WEST BENGAL,Tributary Streams - Jumar At Bit Mesra,7.800000000000001,228.0,2.6,7.550000000000001,0.9,DWARKA,2021-06-30
2021,2532,"RIVER DWARKA AT D/S OF TARAPITH, SATIGHAT",WEST BENGAL,Tributary Streams - Jumar At Bit Mesra,7.6000000000000005,226.0,3.15,7.25,0.85,DWARKA,2021-06-30
2021,30065,RIVER DAMODAR AT DISHERGARH (WEST BENGAL),WEST BENGAL,Tributary Streams - Jumar At Bit Mesra,7.85,293.0,1.45,8.149999999999999,0.62,DAMODAR,2021-06-30
2021,30066,RIVER DAMODAR AT SINDRI,WEST BENGAL,Tributary Streams - Jumar At Bit Mesra,7.9,346.5,1.65,9.85,0.76,DAMODAR,2021-06-30
2021,2549,"RIVER BINDYADHARI U/S OF HAROA BRIDGE, 24 PARGANAS(N)",WEST BENGAL,Tributary Streams - Jumar At Bit Mesra,7.300000000000001,2522.5,12.850000000000001,1.7,1.25,BINDYADHARI,2021-06-30
2021,2550,RIVER BINDYADHARI AT D/S OF MALANCHA BURNING GHAT,WEST BENGAL,Tributary Streams - Jumar At Bit Mesra,7.35,10567.5,9.649999999999999,1.15,1.7999999999999998,BINDYADHARI,2021-06-30
2021,2507,"RIVER KANSI D/S OF MIDNAPORE, NEAR NEW HANUMAN MANDIR, GANDHIGHAT, MEDINIPORE(W)",WEST BENGAL,Tributary Streams - Jumar At Bit Mesra,7.6,2257.0,1.3,9.2,0.58,KANSI,2021-06-30
2021,1946,"RIVER MAHANANDA AT SILIGURI, DARJEELING",WEST BENGAL,Tributary Streams - Jumar At Bit Mesra,7.05,92.0,1.9500000000000002,7.0,0.395,MAHANANDA,2021-06-30
2021,2525,"RIVER MAHANANDA D/S, RAMGHAT, DARJEELING",WEST BENGAL,Tributary Streams - Jumar At Bit Mesra,7.1499999999999995,164.0,16.25,5.45,0.46499999999999997,MAHANANDA,2021-06-30
2021,1336,"RIVER BARAKAR AT ASANSOL (WATER INTAKE POINT), BURDWAN,WEST BENGAL",WEST BENGAL,Tributary Streams - Jumar At Bit Mesra,7.85,182.0,2.3,8.2,0.65,BARAKAR,2021-06-30
2021,2572,"RIVER MAHANANDA AT THAKURGANJ, KISHANGANJ ROAD BRIDGE, KISHANGANJ",BIHAR,Tributary Streams - Jumar At Bit Mesra,7.45,516.5,1.9,7.85,0.405,MAHANANDA,2021-06-30
2021,1717,"RIVER KODRA DAM, MOUNT ABU, RAJASTHAN",RAJASTHAN,Tributary Streams - Kodra Dam,7.45,270.0,1.4,6.1,0.91,Kodra Dam,2021-06-30
2021,4167,"RIVER BANAS AT TRIVENI SANGAM, BHILWARA",RAJASTHAN,Tributary Streams - Kodra Dam,8.0,503.0,1.7,5.55,2.36,BANAS,2021-06-30
2021,4772,"RIVER KELWARA RESERVIOR, N/V KELWARA, TEHSIL-KUMBHALGARH DIST- RAJSAMAND, (UPSTREAM OF KHARI RIVER)",RAJASTHAN,Tributary Streams - Kodra Dam,8.3,669.0,2.2,5.9,3.06,Kodra Dam,2021-06-30
2021,30086,"RIVER CHAMBAL AT GWALIOR ROAD BRIDGE, UDI, ETAWAH DIST.",UTTAR PRADESH,Tributary Streams - Kodra Dam,7.9,541.0,1.7,8.45,1.5999999999999999,CHAMBAL,2021-06-30
2021,1288,"RIVER CHAMBAL AT KOTA U/S (INTAKE PT. NEAR BARRAGE), RAJASTHAN",RAJASTHAN,Tributary Streams - Kodra Dam,8.05,331.5,1.2,6.25,2.0,CHAMBAL,2021-06-30
2021,1289,"RIVER CHAMBAL AT KOTA D/S (2 KM. FROM CITY), RAJASTHAN",RAJASTHAN,Tributary Streams - Kodra Dam,8.25,576.0,2.45,5.3,3.02,CHAMBAL,2021-06-30
2021,1413,"RIVER CHAMBAL AT RAMESHWARGHAT NR. SAWAIMADHOPUR, RAJASTHAN",RAJASTHAN,Tributary Streams - Kodra Dam,8.2,595.0,2.1,5.85,2.23,CHAMBAL,2021-06-30
2021,4769,"RIVER CHAMBAL, NEAR CHAMBAL BRIDGE, DHOLPUR TO MURENA ROAD, NH-3",RAJASTHAN,Tributary Streams - Kodra Dam,8.3,565.0,2.0,5.7,2.78,Kodra Dam,2021-06-30
2021,10029,"RIVER CHAMBAL AT KESHORAIPATAN U/S, NEAR SHRI RAJESHWAR MAHADEV TEMPLE, BUNDI",RAJASTHAN,Tributary Streams - Kodra Dam,8.15,961.0,2.2,4.4,2.71,CHAMBAL,2021-06-30
2021,10030,"RIVER CHAMBAL AT KESHORAIPATTAN D/S NEAR AMBEDKAR NAGAR, BUNDI",RAJASTHAN,Tributary Streams - Kodra Dam,8.35,826.0,2.9,4.35,3.07,CHAMBAL,2021-06-30
2021,30060,"RIVER CHAMBAL AT FISH FARM, GANDHISAGAR",MADHYA PRADESH,Tributary Streams - Kodra Dam,8.0,336.0,2.7,8.65,0.375,CHAMBAL,2021-06-30
2021,1418,"RIVER CHAMBAL AT GANDHI SAGAR DAM, RAMPURA, MP",MADHYA PRADESH,Tributary Streams - Kodra Dam,7.65,347.0,1.85,7.199999999999999,0.5599999999999999,CHAMBAL,2021-06-30
2021,1609,"RIVER CHAMBAL AT DHOLPUR, M.P",MADHYA PRADESH,Tributary Streams - Kodra Dam,7.4,444.0,1.8,7.15,1.14,CHAMBAL,2021-06-30
2021,3308,"RIVER CHAMBAL AT JAWNPAWA, FROM ORIGIN POINT, INDORE",MADHYA PRADESH,Tributary Streams - Kodra Dam,7.550000000000001,337.5,1.1,7.05,0.51,CHAMBAL,2021-06-30
2021,4607,RIVER CHAMBAL AT ITAWA ROAD BRIDGE BHIND,MADHYA PRADESH,Tributary Streams - Kodra Dam,7.95,341.0,1.7999999999999998,7.35,1.53,CHAMBAL,2021-06-30
2021,4610,RIVER CHAMBAL AT 100M D/S OF GANDHI SAGAR DAM. MANDSAUR,MADHYA PRADESH,Tributary Streams - Kodra Dam,7.75,345.0,2.05,7.3,0.565,CHAMBAL,2021-06-30
2021,4790,"RIVER PIPLAAD DAM, BHAWANI MANDI",RAJASTHAN,Tributary Streams - Kodra Dam,8.35,509.0,2.2,5.25,2.795,Kodra Dam,2021-06-30
2021,4770,RIVER KOTHARI AT MEJA DAM BHILWARA (UPSTREAM OF KOTHARI RIVER),RAJASTHAN,Tributary Streams - Kodra Dam,8.35,515.0,1.95,6.15,2.06,KOTHARI,2021-06-30
2021,4771,RIVER GUWARDI AT RESERVIOR UPSTREAM SIDE OF GUWARDI,RAJASTHAN,Tributary Streams - Kodra Dam,8.2,1825.0,3.45,5.3,5.3100000000000005,GUWARDI,2021-06-30
2021,4804,"RIVER BERACH NEAR VILLAGE-NAGARI, CHITTORGARH",RAJASTHAN,Tributary Streams - Kodra Dam,8.2,2496.0,2.6,5.8,5.21,BERACH,2021-06-30
2021,4175,"RIVER BERECH, NEAR HOTEL PADMINI, CHITTORGARH",RAJASTHAN,Tributary Streams - Kodra Dam,8.0,1320.5,1.9,4.85,4.335,Kodra Dam,2021-06-30
2021,4172,"RIVER GAMBHIRI AT GHOSUNDA DAM, CHITTORGARH",RAJASTHAN,Tributary Streams - Kodra Dam,8.05,618.0,2.8000000000000003,5.0,1.72,GAMBHIRI,2021-06-30
2021,4173,"RIVER GAMBHIRI DAM, NIMBAHERA-TEHSIL, CHITTORGARH",RAJASTHAN,Tributary Streams - Kodra Dam,7.800000000000001,550.0,3.1,4.15,2.87,Kodra Dam,2021-06-30
2021,4174,"RIVER GAMBHIRI NEAR OLD BUS STAND, CHITTORGARH",RAJASTHAN,Tributary Streams - Kodra Dam,7.8999999999999995,677.0,2.4,3.85,5.095000000000001,GAMBHIRI,2021-06-30
2021,4781,"RIVER KANOTA DAM VILLAGE SUMEL, TEHSIL-BASSI",RAJASTHAN,Tributary Streams - Kodra Dam,8.3,1585.0,3.6,2.6500000000000004,6.36,Kodra Dam,2021-06-30
2021,1030,RIVER BRAHAMPUTRA AT DIBRUGARH,ASSAM,Brahamputra,7.3,189.5,2.3,7.5,0.8,BRAHAMPUTRA,2021-06-30
2021,1262,RIVER BRAHAMPUTRA AT NIMATIGHAT,ASSAM,Brahamputra,7.4,167.0,2.45,7.6,1.1,BRAHAMPUTRA,2021-06-30
2021,1526,RIVER BRAHMPUTRA RIVER AT DHENUKHAPAHAR,ASSAM,Brahamputra,7.5,158.5,2.35,7.5,1.0,BRAHMPUTRA RIVER,2021-06-30
2021,1031,RIVER BRAHAMPUTRA AT PANDU,ASSAM,Brahamputra,7.4,160.0,1.9,7.8,1.0,BRAHAMPUTRA,2021-06-30
2021,1299,RIVER BRAHAMPUTRA AT JOGIJHOGA NEAR BRIDGE,ASSAM,Brahamputra,7.3,174.0,2.1,6.5,1.0499999999999998,BRAHAMPUTRA,2021-06-30
2021,2069,"RIVER BRAHMPUTRA NEAR WATER INTAKE POINT AT KACHARIGHAT, PANBAZAR, GUWAHATI",ASSAM,Brahamputra,7.25,177.0,2.4,7.699999999999999,1.2000000000000002,BRAHMPUTRA,2021-06-30
2021,2064,"RIVER BRAHMAPUTRA AT CHANDRAPUR, GUWAHATI, ASSAM",ASSAM,Brahamputra,7.4,176.5,2.3,8.0,1.0,BRAHMAPUTRA,2021-06-30
2021,2067,"RIVER BRAHMPUTRA AT SUALKUCHI, DIST. KAMRUP",ASSAM,Brahamputra,7.55,166.0,2.55,7.85,1.15,BRAHMPUTRA,2021-06-30
2021,2066,"RIVER BRAHMAPUTRA AT DHUBRI, ASSAM",ASSAM,Brahamputra,7.4,211.5,2.3,6.4,0.8,BRAHMAPUTRA,2021-06-30
2021,3781,"RIVER BRAHAMPUTRA AT BOGIBEEL BRIDGE, BOGIBEEL, DIBRUGARH",ASSAM,Brahamputra,7.5,163.5,2.4,7.1,0.95,BRAHAMPUTRA,2021-06-30
2021,4004,RIVER BRAHAMPUTRA AT BISWANATH GHAT,ASSAM,Brahamputra,7.3,172.0,2.25,7.4,0.8,BRAHAMPUTRA,2021-06-30
2021,1422,"RIVER BURHIDIHING AT MARGHERITA, ASSAM",ASSAM,Tributary Streams - Burhidihing At Margherita,7.3,144.5,2.3,6.65,1.3,BURHIDIHING,2021-06-30
2021,2062,"RIVER BURHIDIHING NEAR DULIAJAN AT D/S, TINSUKIA, ASSAM",ASSAM,Tributary Streams - Burhidihing At Margherita,7.75,196.5,2.4,7.4,0.85,BURHIDIHING,2021-06-30
2021,2230,"RIVER BURHIDIHING AT DULIAJAN (INTAKE POINT OF OIL INDIA LTD.), ASSAM",ASSAM,Tributary Streams - Burhidihing At Margherita,7.7,196.0,2.5,7.0,0.9,BURHIDIHING,2021-06-30
2021,1796,RIVER DHANSIRI AT FULL NAGARJAN,NAGALAND,Tributary Streams - Burhidihing At Margherita,7.75,297.0,2.0999999999999996,6.15,2.5500000000000003,DHANSIRI,2021-06-30
2021,1797,"RIVER DHANSIRI AT BRIDGE NEAR PURANA BAZAAR, NAGALAND",NAGALAND,Tributary Streams - Burhidihing At Margherita,7.7,403.0,2.2,5.3,2.55,DHANSIRI,2021-06-30
2021,1800,RIVER DHANSIRI AT NUTON BASTI,NAGALAND,Tributary Streams - Burhidihing At Margherita,7.449999999999999,262.0,3.1,3.1999999999999997,1.4,DHANSIRI,2021-06-30
2021,1798,RIVER DHANSIRI AT NEAR CHECK GATE (DIMAPUR KHUTKHUTI ROAD),NAGALAND,Tributary Streams - Burhidihing At Margherita,7.75,278.5,2.1,5.6,5.3,DHANSIRI,2021-06-30
2021,1799,RIVER DHANSIRI AT TOWN BOUNDARY BRIDGE (DIPHU ROAD),NAGALAND,Tributary Streams - Burhidihing At Margherita,7.95,156.5,1.9,4.95,1.7,DHANSIRI,2021-06-30
2021,1928,"RIVER DHANSIRI AT NAGALAND-ASSAM BORDER, DIMAPUR",NAGALAND,Tributary Streams - Burhidihing At Margherita,8.05,397.5,1.95,4.5,1.5,DHANSIRI,2021-06-30
2021,1259,"RIVER DHANSIRI AT GOLAGHAT, ASSAM",ASSAM,Tributary Streams - Burhidihing At Margherita,7.2,142.0,2.25,7.45,1.2,DHANSIRI,2021-06-30
2021,3764,"RIVER DHANSIRI NEAR BRIDGE AT NH-15, DHANSIRI BHALUKMARI JUNGLE, UDALGURI",ASSAM,Tributary Streams - Burhidihing At Margherita,7.4,122.5,2.4,6.1,0.75,DHANSIRI,2021-06-30
2021,3792,RIVER DHANSIRI AT JAHAIGHAT,ASSAM,Tributary Streams - Burhidihing At Margherita,7.4,149.5,2.3,8.5,0.8,DHANSIRI,2021-06-30
2021,30070,RIVER DHANSIRI AT GANESH NAGAR,NAGALAND,Tributary Streams - Burhidihing At Margherita,7.1,205.0,1.4,7.8,0.31,DHANSIRI,2021-06-30
2021,30071,RIVER DHANSIRI AT NAGARJAN BRIDGE,NAGALAND,Tributary Streams - Burhidihing At Margherita,7.3,207.0,2.2,8.6,0.31,DHANSIRI,2021-06-30
2021,30072,RIVER DHANSIRI AT KHATKATI GATE,NAGALAND,Tributary Streams - Burhidihing At Margherita,7.6,292.0,4.3,5.3,1.3499999999999999,DHANSIRI,2021-06-30
2021,30073,RIVER DHANSIRI AT BOKAJAN,ASSAM,Tributary Streams - Burhidihing At Margherita,7.2,301.0,3.5,5.2,2.4,DHANSIRI,2021-06-30
2021,30074,RIVER DHANSIRI AT NUMALIGARH,ASSAM,Tributary Streams - Burhidihing At Margherita,7.3,321.0,3.3,5.4,0.6,DHANSIRI,2021-06-30
2021,1528,"RIVER BHARALU AT GUWAHATI, ASSAM",ASSAM,Tributary Streams - Burhidihing At Margherita,7.5,521.0,33.25,0.55,2.5,BHARALU,2021-06-30
2021,3759,"RIVER DIKRONG NEAR BRIDGE AT NH-52, BANDARDEWA",ASSAM,Tributary Streams - Burhidihing At Margherita,7.4,139.0,2.0,6.1,0.8,DIKRONG,2021-06-30
2021,3786,"RIVER GAI NADI AT SOMARAJAN, DHEMAJI",ASSAM,Tributary Streams - Burhidihing At Margherita,7.6,164.5,2.45,6.5,0.85,GAI NADI,2021-06-30
2021,3807,RIVER DIGARU AT NH CROSSING,ASSAM,Tributary Streams - Burhidihing At Margherita,7.65,105.0,2.35,6.800000000000001,0.85,DIGARU,2021-06-30
2021,1530,"RIVER DIGBOI AT LAKHIPATHE, RESERVE FOREST, DIGBOI, ASSAM",ASSAM,Tributary Streams - Burhidihing At Margherita,7.5,289.5,3.3,5.2,1.25,DIGBOI,2021-06-30
2021,2231,"RIVER DIKHOW AT DIKHOW BRIDGE SIVASAGAR, ASSAM",ASSAM,Tributary Streams - Burhidihing At Margherita,7.25,199.5,2.25,6.55,0.95,DIKHOW,2021-06-30
2021,3776,"RIVER DIKHOW AT NAGINI MORA (INTER-STATE BOUNDARIES, ASSAM-NAGALAND)",ASSAM,Tributary Streams - Burhidihing At Margherita,7.550000000000001,208.0,2.25,6.75,0.85,DIKHOW,2021-06-30
2021,3778,RIVER DIKHOW AT DIKHOMUKH CONFLUENCE WITH BRAHAMPUTRA,ASSAM,Tributary Streams - Burhidihing At Margherita,7.5,183.0,2.0,7.15,0.8999999999999999,DIKHOW,2021-06-30
2021,2524,"RIVER KALJANI D/S OF ALIPURDWAR, MUNICIPALITY DISCHARGE POINT, COOCHBEHAR",WEST BENGAL,Tributary Streams - Burhidihing At Margherita,7.25,87.5,1.6,7.0,0.3,KALJANI,2021-06-30
2021,1298,RIVER DISANG AT GUNDAMGHAT,ASSAM,Tributary Streams - Burhidihing At Margherita,7.4,217.0,2.1,6.6,0.7,DISANG,2021-06-30
2021,2058,"RIVER DISANG AT DILLIGHAT, DIBRUGARH DIST., ASSAM",ASSAM,Tributary Streams - Burhidihing At Margherita,7.45,150.5,2.25,8.4,0.8999999999999999,DISANG,2021-06-30
2021,4005,RIVER DISANG AT NH CROSSING,ASSAM,Tributary Streams - Burhidihing At Margherita,7.5,194.0,2.25,6.65,0.8500000000000001,DISANG,2021-06-30
2021,3763,"RIVER GABHARU NEAR BRIDGE AT NH-52, NEAR TUMIUKI, SONITPUR",ASSAM,Tributary Streams - Burhidihing At Margherita,7.35,97.0,2.1500000000000004,6.0,0.8999999999999999,GABHARU,2021-06-30
2021,4011,RIVER TOCKLAI NEAR BRIDGE AT JORHAT,ASSAM,Tributary Streams - Burhidihing At Margherita,7.3,140.0,2.55,5.4,0.85,TOCKLAI,2021-06-30
2021,4012,RIVER TUNIA AT D/S BRPL,ASSAM,Tributary Streams - Burhidihing At Margherita,7.55,131.0,2.25,5.1,0.75,TUNIA,2021-06-30
2021,4329,RIVER LARSING NEAR LOCL DEPO AT MOINARBOND,ASSAM,Tributary Streams - Burhidihing At Margherita,7.3,110.0,2.25,4.699999999999999,2.75,LARSING,2021-06-30
2021,4331,RIVER DHATESHWARI D/S OF HAILAKANDI,ASSAM,Tributary Streams - Burhidihing At Margherita,7.15,139.0,2.4,4.65,0.85,DHATESHWARI,2021-06-30
2021,4332,RIVER DEMOW AT DEMOW TOWN,ASSAM,Tributary Streams - Burhidihing At Margherita,7.4,181.0,2.3,6.15,0.95,DEMOW,2021-06-30
2021,4336,"RIVER BORSILA AT BORSILA, DEOPANI, NAMTI",ASSAM,Tributary Streams - Burhidihing At Margherita,7.25,73.5,2.2,7.0,0.9,BORSILA,2021-06-30
2021,4341,"RIVER BARNADI NEAR BRIDGE, NH-52,",ASSAM,Tributary Streams - Burhidihing At Margherita,7.35,124.0,2.0,7.2,0.8,BARNADI,2021-06-30
2021,2838,"RIVER BARAK AT NONEY/IJEI AT NONEY BRIDGE, NONEY",MANIPUR,Tributary Streams - Burhidihing At Margherita,7.3,170.0,3.0,7.4,,BARAK,2021-06-30
2021,2869,RIVER BARAK AT SENAPATI,MANIPUR,Tributary Streams - Burhidihing At Margherita,7.5,242.0,3.05,7.25,,BARAK,2021-06-30
2021,2875,"RIVER BARAK AT N.H. 53, TAMENGLONG .",MANIPUR,Tributary Streams - Burhidihing At Margherita,7.45,129.0,3.05,7.449999999999999,,BARAK,2021-06-30
2021,3095,"RIVER GANGA AT CHANDRAPUR, ITANAGAR,",ARUNACHAL PRADESH,Tributary Streams - Burhidihing At Margherita,7.75,393.5,1.9,3.75,,GANGA,2021-06-30
2021,3096,"RIVER DIKRONG AT NIRJULI,",ARUNACHAL PRADESH,Tributary Streams - Burhidihing At Margherita,7.4,143.0,1.8,3.4,,DIKRONG,2021-06-30
2021,3777,"RIVER DORIKA NEAR MSW DUMPING SITE, SIVASAGAR",ASSAM,Tributary Streams - Burhidihing At Margherita,7.199999999999999,198.0,2.35,5.5,1.2,DORIKA,2021-06-30
2021,1261,"RIVER SUBANSIRI AT GEREKAMUKH (BEFORE CONFL. WITH BRAH.), ASSAM",ASSAM,Tributary Streams - Burhidihing At Margherita,7.6,143.5,2.15,7.55,0.8500000000000001,SUBANSIRI,2021-06-30
2021,4342,"RIVER BARALIA (NEAR CHATPUJA GHAT) RANGIA, KAMRUP (R )",ASSAM,Tributary Streams - Burhidihing At Margherita,7.5,140.0,2.1,6.95,0.8500000000000001,Burhidihing At Margherita,2021-06-30
2021,4343,RIVER BURADIA (NEAR BRIDGE ALONG NH-31) NALBARI,ASSAM,Tributary Streams - Burhidihing At Margherita,7.3,149.0,2.1500000000000004,6.8,0.75,Burhidihing At Margherita,2021-06-30
2021,4344,"RIVER TIHU (NEAR BRIDGE ALONG NH-31) TIHU, NALBARI",ASSAM,Tributary Streams - Burhidihing At Margherita,7.45,160.5,2.45,7.8,0.8,Burhidihing At Margherita,2021-06-30
2021,4345,"RIVER SINGRA (NEAR BRIDGE ALONG NH-37) BOKO, KAMRUP (R )",ASSAM,Tributary Streams - Burhidihing At Margherita,7.65,81.0,2.1,7.75,0.8,Burhidihing At Margherita,2021-06-30
2021,3380,RIVER DAMRING (KRISHNEI RIVER) AT RESUBELPARA,MEGHALAYA,Tributary Streams - Burhidihing At Margherita,7.4,69.0,1.5,7.45,0.465,Burhidihing At Margherita,2021-06-30
2021,3381,"RIVER MANDA (DUDHAI RIVER) AT JAMPA,",MEGHALAYA,Tributary Streams - Burhidihing At Margherita,6.85,65.0,1.65,7.2,0.49,Burhidihing At Margherita,2021-06-30
2021,3382,RIVER MANDA (DUDHAI RIVER) AT WAGAISI,MEGHALAYA,Tributary Streams - Burhidihing At Margherita,7.15,62.5,1.25,7.6,0.455,Burhidihing At Margherita,2021-06-30
2021,1802,RIVER DIKCHU B/C WITH TEESTA NEAR NHPC HYDROELECTRIC POWER PROJECT,SIKKIM,Tributary Streams - Burhidihing At Margherita,7.0,212.5,1.9,11.0,1.25,DIKCHU B/C WITH TEESTA,2021-06-30
2021,1930,RIVER DZU D/S KOHIMA TOWN,NAGALAND,Tributary Streams - Burhidihing At Margherita,7.85,291.0,1.9,6.6,1.15,DZU,2021-06-30
2021,1929,"RIVER CHATHE AT MEDZIPHEMA, DIMAPUR",NAGALAND,Tributary Streams - Burhidihing At Margherita,7.949999999999999,339.5,1.8,6.15,1.4,CHATHE,2021-06-30
2021,2888,"RIVER CHATHE NEAR CHRISTIAN INSTITUTE OF HEALTH SCIENCES AND RESEARCH (CIHSR), DIMAPUR",NAGALAND,Tributary Streams - Burhidihing At Margherita,7.85,267.0,1.75,5.55,1.4,CHATHE,2021-06-30
2021,2891,RIVER DZUCHA RU IN KOHIMA,NAGALAND,Tributary Streams - Burhidihing At Margherita,7.800000000000001,477.5,1.7,5.4,6.9,Burhidihing At Margherita,2021-06-30
2021,2889,RIVER DZUDZA RU IN KOHIMA,NAGALAND,Tributary Streams - Burhidihing At Margherita,7.85,350.0,1.4,6.4,2.5,Burhidihing At Margherita,2021-06-30
2021,2892,"RIVER DZUNA RU IN KOHIMA, ADJOINING THE NEW KOHIMA MUNICIPAL COUNCIL SOLID WASTE MANAGEMENT SITE, NAGALAND",NAGALAND,Tributary Streams - Burhidihing At Margherita,7.65,509.0,2.35,5.25,7.0,Burhidihing At Margherita,2021-06-30
2021,2893,RIVER DZUNA RU (CONFLUENCE OF DZUCHA & DZUNA RU) IN KOHIMA,NAGALAND,Tributary Streams - Burhidihing At Margherita,7.6000000000000005,679.0,2.2,5.2,4.15,Burhidihing At Margherita,2021-06-30
2021,4719,RIVER TORSA D/S OF GHUGHUMARI,WEST BENGAL,Tributary Streams - Burhidihing At Margherita,7.6,126.0,1.55,7.300000000000001,0.405,TORSA,2021-06-30
2021,4724,RIVER TORSA AT HASIMARA,WEST BENGAL,Tributary Streams - Burhidihing At Margherita,7.5,64.0,1.5,7.550000000000001,0.36,TORSA,2021-06-30
2021,2238,"RIVER BEKI AT NH-37 CROSSING AT BARPETA ROAD, ASSAM",ASSAM,Tributary Streams - Burhidihing At Margherita,7.3,190.5,2.35,5.550000000000001,0.8999999999999999,BEKI,2021-06-30
2021,1527,"RIVER BHOGDOI AT JORHAT , ASSAM",ASSAM,Tributary Streams - Burhidihing At Margherita,6.9,193.0,2.3,7.25,0.8,BHOGDOI,2021-06-30
2021,3769,"RIVER BHOGDOI (PUJADUBI GHAT) INTAKE POINT OF URBAN WATER SUPPLY, JORHAT",ASSAM,Tributary Streams - Burhidihing At Margherita,6.8,192.0,2.1,7.300000000000001,0.8,Burhidihing At Margherita,2021-06-30
2021,1258,"RIVER JHANJI AT N.H. CROSSING JORHAT, ASSAM",ASSAM,Tributary Streams - Burhidihing At Margherita,7.4,130.5,1.95,7.3999999999999995,0.8999999999999999,JHANJI,2021-06-30
2021,2063,"RIVER JAI BHARALI NEAR BISWANATH CHARALI, SONITPUR, ASSAM",ASSAM,Tributary Streams - Burhidihing At Margherita,7.3,108.0,1.9,7.0,0.8,JAI BHARALI,2021-06-30
2021,2239,"RIVER SANKOSH DHUBRI, ASSAM",ASSAM,Tributary Streams - Burhidihing At Margherita,7.3,110.5,2.25,5.65,0.8,Burhidihing At Margherita,2021-06-30
2021,2890,RIVER SANO RU IN KOHIMA,NAGALAND,Tributary Streams - Burhidihing At Margherita,8.1,513.0,2.05,5.2,6.65,Burhidihing At Margherita,2021-06-30
2021,2233,"RIVER BOGINADI NEAR BRIDGE NH-52, LAKHIMPUR, ASSAM",ASSAM,Tributary Streams - Burhidihing At Margherita,7.35,139.0,1.75,6.05,0.8,BOGINADI,2021-06-30
2021,3372,"RIVER RILANG AT MAWKYRWAT,",MEGHALAYA,Tributary Streams - Burhidihing At Margherita,7.1,35.5,1.35,7.7,0.38,RILANG,2021-06-30
2021,3377,"RIVER MYNTANG AT NARTIANG, JAYANTIA HILLS",MEGHALAYA,Tributary Streams - Burhidihing At Margherita,6.95,39.0,1.45,7.5,0.47,MYNTANG,2021-06-30
2021,3378,"RIVER MYNTANG AT MYNSO, JAYANTIA HILLS",MEGHALAYA,Tributary Streams - Burhidihing At Margherita,7.0,39.0,1.3,7.95,0.37,MYNTANG,2021-06-30
2021,2050,RIVER TLAWNG UPSTREAM AIZAWL,MIZORAM,Tributary Streams - Burhidihing At Margherita,7.85,240.0,1.5,6.55,0.2,Burhidihing At Margherita,2021-06-30
2021,2051,RIVER TLAWNG DOWNSTREAM AIZAWL,MIZORAM,Tributary Streams - Burhidihing At Margherita,7.5,605.5,1.65,6.199999999999999,0.21,Burhidihing At Margherita,2021-06-30
2021,2052,RIVER TUIRIAL UPPER CATCHMENT,MIZORAM,Tributary Streams - Burhidihing At Margherita,7.699999999999999,196.5,1.55,6.4,0.3,Burhidihing At Margherita,2021-06-30
2021,2053,RIVER TUIRIAL LOWER CATCHMENT,MIZORAM,Tributary Streams - Burhidihing At Margherita,7.85,203.0,1.8,6.55,0.3,Burhidihing At Margherita,2021-06-30
2021,3709,RIVER TLAWNG SAIRANG,MIZORAM,Tributary Streams - Burhidihing At Margherita,7.35,199.5,1.7,8.25,0.3,Burhidihing At Margherita,2021-06-30
2021,3710,"RIVER SERLUI STREAM, REIEK KAI, PHE WATER TREATMENT PLANT",MIZORAM,Tributary Streams - Burhidihing At Margherita,7.75,244.0,1.5,6.300000000000001,0.3,Burhidihing At Margherita,2021-06-30
2021,3711,"RIVER VAIPUANPHO STREAM, REIEK KAI",MIZORAM,Tributary Streams - Burhidihing At Margherita,7.7,209.0,1.45,6.05,0.3,Burhidihing At Margherita,2021-06-30
2021,3712,"RIVER TUIKUAL STREAM,REIEK KAI",MIZORAM,Tributary Streams - Burhidihing At Margherita,7.949999999999999,246.0,1.6,6.449999999999999,0.38,Burhidihing At Margherita,2021-06-30
2021,3713,"RIVER SAKHISIH STREAM, MISSION VENGTHLANG",MIZORAM,Tributary Streams - Burhidihing At Margherita,7.45,471.5,1.3,7.75,0.3,Burhidihing At Margherita,2021-06-30
2021,3714,"RIVER TUIRIAL RIVER, U/S NR SUMANTH VILLAGE",MIZORAM,Tributary Streams - Burhidihing At Margherita,7.300000000000001,77.5,1.3,6.35,0.3,Burhidihing At Margherita,2021-06-30
2021,3715,"RIVER TUIRIAL RIVER, AIRFIELD, NR DUMPING GROUND",MIZORAM,Tributary Streams - Burhidihing At Margherita,8.35,186.0,1.6,6.2,12.75,Burhidihing At Margherita,2021-06-30
2021,3716,"RIVER DAMDIAI STREAM, AIRFIELD AFTER DUMPING GROUND",MIZORAM,Tributary Streams - Burhidihing At Margherita,7.699999999999999,159.0,1.65,6.15,0.3,Burhidihing At Margherita,2021-06-30
2021,3717,"RIVER TUIRIAL RIVER, AIRFIELD AFTER DUMPING GROUND",MIZORAM,Tributary Streams - Burhidihing At Margherita,8.5,183.0,1.45,6.0,0.185,Burhidihing At Margherita,2021-06-30
2021,3718,RIVER CHITHE STREAM ARMED VENG NR MINI SPORTS COMPLEX,MIZORAM,Tributary Streams - Burhidihing At Margherita,6.95,472.5,3.45,5.25,0.7,CHITHE STREAM ARMED VENG,2021-06-30
2021,3719,"RIVER TUIRINI RIVER, SELING",MIZORAM,Tributary Streams - Burhidihing At Margherita,7.15,153.0,1.35,9.45,0.16999999999999998,Burhidihing At Margherita,2021-06-30
2021,3720,"RIVER TUIVAWL NEAR TUIVAWL BRIDGE, KEIFANG",MIZORAM,Tributary Streams - Burhidihing At Margherita,7.199999999999999,175.0,1.35,9.35,0.175,TUIVAWL,2021-06-30
2021,3721,"RIVER LAWIBUAL STREAM, LAWIBUAL VILLAGE",MIZORAM,Tributary Streams - Burhidihing At Margherita,7.4,489.5,3.6,5.5,0.7,Burhidihing At Margherita,2021-06-30
2021,3724,"RIVER CHALLUI, LENGPUI",MIZORAM,Tributary Streams - Burhidihing At Margherita,8.05,159.5,1.4,8.0,0.255,Burhidihing At Margherita,2021-06-30
2021,3734,"RIVER TLAWNG RIVER,UPSTREAM ZOBAWK,LUNGLEI",MIZORAM,Tributary Streams - Burhidihing At Margherita,7.449999999999999,274.0,1.35,7.65,0.16999999999999998,Burhidihing At Margherita,2021-06-30
2021,3735,RIVER MAT RIVER,MIZORAM,Tributary Streams - Burhidihing At Margherita,6.949999999999999,112.5,1.3,7.0,0.16499999999999998,Burhidihing At Margherita,2021-06-30
2021,3736,"RIVER TLAWNG RIVER,PIALTHLENG ZOTLANG, LUNGLEI",MIZORAM,Tributary Streams - Burhidihing At Margherita,7.1,118.5,1.7,7.05,0.16,Burhidihing At Margherita,2021-06-30
2021,3740,"RIVER SAIKAH STREAM, LAWNGTLAI",MIZORAM,Tributary Streams - Burhidihing At Margherita,7.3,137.0,1.6,7.300000000000001,0.185,Burhidihing At Margherita,2021-06-30
2021,3744,"RIVER CHHIMTUIPUI RIVER, KAWLCHAW",MIZORAM,Tributary Streams - Burhidihing At Margherita,7.3,184.5,1.55,7.949999999999999,0.26,Burhidihing At Margherita,2021-06-30
2021,3746,"RIVER TUIKUM RIVER, SERCHHIP",MIZORAM,Tributary Streams - Burhidihing At Margherita,7.6,138.0,1.35,7.1,0.175,Burhidihing At Margherita,2021-06-30
2021,3747,"RIVER SESAH STREAM, SERCHHIP",MIZORAM,Tributary Streams - Burhidihing At Margherita,7.5,180.5,1.35,7.15,0.16999999999999998,Burhidihing At Margherita,2021-06-30
2021,3749,"RIVER LAHMUN RIVER, PHAIZAU, MAMIT",MIZORAM,Tributary Streams - Burhidihing At Margherita,7.5,219.0,1.45,6.85,0.32,Burhidihing At Margherita,2021-06-30
2021,3750,"RIVER TEIREI RIVER, NEAR BAWNGVA VIILAGE, MAMIT",MIZORAM,Tributary Streams - Burhidihing At Margherita,7.35,200.5,1.45,7.2,0.16499999999999998,Burhidihing At Margherita,2021-06-30
2021,3751,"RIVER TUT RIVER, NEAR DAPCHHUAH VILLAGE",MIZORAM,Tributary Streams - Burhidihing At Margherita,7.0,144.0,1.45,7.95,0.18,Burhidihing At Margherita,2021-06-30
2021,3752,"RIVER TUICHHUAHAN STREAM, KOLASIB",MIZORAM,Tributary Streams - Burhidihing At Margherita,7.35,173.0,1.6,7.25,0.205,Burhidihing At Margherita,2021-06-30
2021,3754,"RIVER TLAWNG DOWNSTREAM, BAIRABI",MIZORAM,Tributary Streams - Burhidihing At Margherita,7.2,187.5,1.35,6.7,0.205,Burhidihing At Margherita,2021-06-30
2021,3756,"RIVER TIAU RIVER, CHAMPHAI",MIZORAM,Tributary Streams - Burhidihing At Margherita,7.699999999999999,188.5,1.35,4.9,0.675,Burhidihing At Margherita,2021-06-30
2021,3757,"RIVER TUIPUI RIVER, CHAMPHAI",MIZORAM,Tributary Streams - Burhidihing At Margherita,7.7,140.0,1.4,5.1,0.63,Burhidihing At Margherita,2021-06-30
2021,4110,RIVER NONGAL AT NANGALBIBRA,MEGHALAYA,Tributary Streams - Burhidihing At Margherita,5.4,133.0,1.5,7.35,0.44000000000000006,NONGAL,2021-06-30
2021,4113,RIVER BOLDAMGRE,MEGHALAYA,Tributary Streams - Burhidihing At Margherita,7.199999999999999,71.5,1.3,7.55,0.49,Burhidihing At Margherita,2021-06-30
2021,4114,"RIVER CHITHE STREAM, NR SIPMUI'S STP, BETHELEM VENGTHLANG",MIZORAM,Tributary Streams - Burhidihing At Margherita,7.55,495.5,1.75,4.5,0.7150000000000001,Burhidihing At Margherita,2021-06-30
2021,4115,"RIVER TUIKUAL STREAM, U/S NR NEW SECRETARIAT COMPLEX, DINTHAR",MIZORAM,Tributary Streams - Burhidihing At Margherita,7.050000000000001,529.0,3.9000000000000004,3.9,0.57,Burhidihing At Margherita,2021-06-30
2021,4116,"RIVER TLAWNG AT PHE WATER RESERVOIR, TUIKHUAHTLANG, AIZAWL",MIZORAM,Tributary Streams - Burhidihing At Margherita,7.6,375.5,1.4,5.9,0.16499999999999998,TLAWNG,2021-06-30
2021,4117,"RIVER PHE WATER RESERVOIR, TAWIZO STREAM WATER, RULCHAWM VILLAGE",MIZORAM,Tributary Streams - Burhidihing At Margherita,7.05,148.5,1.3,9.5,0.16499999999999998,Burhidihing At Margherita,2021-06-30
2021,4118,"RIVER TUIRIAL DAM, TUIRIAL HEPP, SAIPUM VILLAGE",MIZORAM,Tributary Streams - Burhidihing At Margherita,7.199999999999999,130.5,1.4,7.550000000000001,0.16,Burhidihing At Margherita,2021-06-30
2021,4119,"RIVER SERLUI B DAM, SERLUI'B'HEPP SITE, BILKHAWTHLIR VILLAGE",MIZORAM,Tributary Streams - Burhidihing At Margherita,7.4,145.0,1.35,8.05,0.16,Burhidihing At Margherita,2021-06-30
2021,4120,"RIVER TEIREI RIVER, D/S NR CONFLUENCE PT WITH TLAWG RIVER, SAPMARA VILLAGE",MIZORAM,Tributary Streams - Burhidihing At Margherita,7.3,194.0,1.4,6.15,0.195,Burhidihing At Margherita,2021-06-30
2021,4121,"RIVER TLAWNG RIVER, SUARPUI, BAIRABI HEPP DAM SITE, BAIRABI VILLAGE",MIZORAM,Tributary Streams - Burhidihing At Margherita,7.5,179.5,1.75,6.1,0.2,Burhidihing At Margherita,2021-06-30
2021,4122,"RIVER KHAWTHLANGTUIPUI RIVER, TLABUNG",MIZORAM,Tributary Streams - Burhidihing At Margherita,7.15,125.5,1.4,7.15,0.16499999999999998,Burhidihing At Margherita,2021-06-30
2021,4123,"RIVER TUIPUI DARZOKAI RIVER, CHHIMTUIPUI, TUIPUI D VILLAGE",MIZORAM,Tributary Streams - Burhidihing At Margherita,7.3,296.5,1.35,7.5,0.16499999999999998,Burhidihing At Margherita,2021-06-30
2021,4125,"RIVER TUIPUI, U/S NR CONFLUENCE PT KEILUNGLIAH STREAM, VENGTHAR, CHAMPHAI",MIZORAM,Tributary Streams - Burhidihing At Margherita,7.55,332.0,1.4,5.25,0.205,Burhidihing At Margherita,2021-06-30
2021,4130,"RIVER NGENGPUI STREAM, NR KALADAN MULTI MODAL RD, NGENGPUI",MIZORAM,Tributary Streams - Burhidihing At Margherita,4.85,143.0,1.45,6.4,0.2,Burhidihing At Margherita,2021-06-30
2021,4131,"RIVER CHENGKAWL LUI AT PHE RESERVOIR, CHAWNHU VILLAGE",MIZORAM,Tributary Streams - Burhidihing At Margherita,7.15,164.0,1.45,5.3,0.16,CHENGKAWL LUI,2021-06-30
2021,4132,"RIVER VAITUI TUIKHUR,THEIRIAT, LUNGLEI (WATERFALL- VANVA RIVER)",MIZORAM,Tributary Streams - Burhidihing At Margherita,7.050000000000001,208.0,1.25,5.15,0.16999999999999998,Burhidihing At Margherita,2021-06-30
2021,4304,RIVER SDERKARIAH AT SOHRA (CHERRAPUNJEE),MEGHALAYA,Tributary Streams - Burhidihing At Margherita,4.35,132.0,1.5,7.4,0.43000000000000005,SDERKARIAH,2021-06-30
2021,4305,RIVER LAITRYNGEW STREAM AT LAITRYNGEW,MEGHALAYA,Tributary Streams - Burhidihing At Margherita,4.5,76.0,1.45,7.4,0.43000000000000005,LAITRYNGEW STREAM,2021-06-30
2021,4306,RIVER WAHKHLEK KHLEK AT SAITSOHPEN,MEGHALAYA,Tributary Streams - Burhidihing At Margherita,7.050000000000001,111.5,1.5,7.75,0.7,WAHKHLEK KHLEK,2021-06-30
2021,4307,RIVER WAHREW AT MAJAI,MEGHALAYA,Tributary Streams - Burhidihing At Margherita,7.0,49.5,1.25,7.75,0.47500000000000003,WAHREW,2021-06-30
2021,4308,RIVER UMNGI AT JAKREM,MEGHALAYA,Tributary Streams - Burhidihing At Margherita,7.25,40.5,1.25,7.75,0.395,UMNGI,2021-06-30
2021,4309,RIVER UMNGI AT UMPUNG,MEGHALAYA,Tributary Streams - Burhidihing At Margherita,7.0,35.0,1.25,7.6,0.37,UMNGI,2021-06-30
2021,4310,RIVER RWIANG AT RWIANG,MEGHALAYA,Tributary Streams - Burhidihing At Margherita,7.15,43.5,1.5,7.3,0.37,RWIANG,2021-06-30
2021,4311,RIVER KALIPAI AT RYMBAI,MEGHALAYA,Tributary Streams - Burhidihing At Margherita,2.9000000000000004,619.5,1.7000000000000002,7.65,0.395,KALIPAI,2021-06-30
2021,4312,RIVER KMEUM AT RYMBAI,MEGHALAYA,Tributary Streams - Burhidihing At Margherita,2.5,1918.5,2.0,6.5,0.39,KMEUM,2021-06-30
2021,4313,RIVER WAIKHRWI AT MOOKHLOT,MEGHALAYA,Tributary Streams - Burhidihing At Margherita,2.95,698.0,1.6,6.85,0.35,WAIKHRWI,2021-06-30
2021,4314,"RIVER KWAI AT SUTNGA, MAWPUN",MEGHALAYA,Tributary Streams - Burhidihing At Margherita,4.3,262.5,1.65,7.0,0.355,KWAI,2021-06-30
2021,4315,RIVER LUKHA AT KHADDUM,MEGHALAYA,Tributary Streams - Burhidihing At Margherita,5.85,377.5,1.9,6.6,0.37,LUKHA,2021-06-30
2021,4316,RIVER MYNTDU AT MIHMYNTDU,MEGHALAYA,Tributary Streams - Burhidihing At Margherita,6.85,54.0,1.3,7.5,0.33999999999999997,MYNTDU,2021-06-30
2021,4317,RIVER LAMU AT LESHKA,MEGHALAYA,Tributary Streams - Burhidihing At Margherita,5.9,66.0,1.3,7.8,0.42500000000000004,LAMU,2021-06-30
2021,4318,RIVER LYNRIANG RIANG AT LESHKA,MEGHALAYA,Tributary Streams - Burhidihing At Margherita,3.75,376.0,1.5,7.449999999999999,0.405,LYNRIANG RIANG,2021-06-30
2021,4319,RIVER UMIUREM AT LALE,MEGHALAYA,Tributary Streams - Burhidihing At Margherita,4.4,414.0,1.5,7.45,0.405,UMIUREM,2021-06-30
2021,4320,RIVER KUPLI AT LOOSKI,MEGHALAYA,Tributary Streams - Burhidihing At Margherita,4.2,217.5,1.5,7.4,0.395,KUPLI,2021-06-30
2021,4321,RIVER KUPLI AT KHANDONG,MEGHALAYA,Tributary Streams - Burhidihing At Margherita,4.05,201.5,1.4,7.5,0.405,KUPLI,2021-06-30
2021,4322,RIVER THLUMUWI AT THLUMUWI,MEGHALAYA,Tributary Streams - Burhidihing At Margherita,4.65,50.5,1.4,7.6,0.38,THLUMUWI,2021-06-30
2021,1801,RIVER TEESTA A/C OF RIVERS LACHENCHU AND,SIKKIM,Tributary Streams - Burhidihing At Margherita,7.25,230.0,1.75,11.5,1.15,Burhidihing At Margherita,2021-06-30
2021,1807,RIVER TEESTA A/C WITH RANICHU AT SINGTAM,SIKKIM,Tributary Streams - Burhidihing At Margherita,6.75,205.0,1.9500000000000002,9.5,1.4,TEESTA A/C WITH RANICHU,2021-06-30
2021,1808,RIVER TEESTA A/C WITH RANGICHU AFTER MEETING THE INDUSTRIAL EFFLUENTS FROM THE TOWN RANGPO,SIKKIM,Tributary Streams - Burhidihing At Margherita,6.8,202.5,1.7,7.25,1.4,Burhidihing At Margherita,2021-06-30
2021,1809,RIVER TEESTA AT MELLI DOWNSTREAM,SIKKIM,Tributary Streams - Burhidihing At Margherita,6.75,215.0,2.0,8.6,1.2999999999999998,TEESTA,2021-06-30
2021,1947,"RIVER TEESTA AT SEVOKE, SILIGURI, DARJEELING",WEST BENGAL,Tributary Streams - Burhidihing At Margherita,7.3,45.0,1.45,7.75,0.3,TEESTA,2021-06-30
2021,2241,"RIVER SONAI AT SONAI, ASSAM",ASSAM,Tributary Streams - Burhidihing At Margherita,7.5,116.0,2.45,4.85,0.75,SONAI,2021-06-30
2021,2234,"RIVER RANGA NADI D/S OF HYDEL PROJECT, ASSAM",ASSAM,Tributary Streams - Burhidihing At Margherita,7.35,147.5,2.0,5.75,0.8,RANGA NADI,2021-06-30
2021,2034,RIVER RANGIT AT DAM SITE (NHPC),SIKKIM,Tributary Streams - Burhidihing At Margherita,7.25,227.5,1.8,11.5,1.3499999999999999,RANGIT,2021-06-30
2021,2035,RIVER RANGIT AT LEGSHIP,SIKKIM,Tributary Streams - Burhidihing At Margherita,6.949999999999999,185.0,1.85,10.25,1.3499999999999999,RANGIT,2021-06-30
2021,2036,RIVER RANGIT AT RESHI,SIKKIM,Tributary Streams - Burhidihing At Margherita,6.8,197.5,1.85,10.0,1.45,RANGIT,2021-06-30
2021,2037,RIVER RANGIT AT JORETHANG,SIKKIM,Tributary Streams - Burhidihing At Margherita,6.7,185.0,1.8,9.2,1.2,RANGIT,2021-06-30
2021,2038,RIVER RANGIT AT TRIVENI,SIKKIM,Tributary Streams - Burhidihing At Margherita,6.85,210.0,1.9,8.5,1.3499999999999999,RANGIT,2021-06-30
2021,1805,RIVER AFTER CONFLUENCE OF RANICHU AND RORACHU AT RANIPOOL,SIKKIM,Tributary Streams - Burhidihing At Margherita,6.75,190.0,2.0,8.25,1.45,AFTER CONFLUENCE OF RANICHU AND RORACHU,2021-06-30
2021,1806,"RIVER RANICHU BEFORE CONFLUENCE WITH TEESTA AT SINGTAM, SIKKIM",SIKKIM,Tributary Streams - Burhidihing At Margherita,6.75,192.5,1.8,8.65,1.3499999999999999,RANICHU BEFORE CONFLUENCE WITH TEESTA,2021-06-30
2021,2236,"RIVER KAPILI AT DHARMTUL BRIDGE, NH-31, NAGAON, ASSAM",ASSAM,Tributary Streams - Burhidihing At Margherita,7.4,145.5,2.4000000000000004,6.1,0.8999999999999999,KAPILI,2021-06-30
2021,2523,"RIVER KAROLA, D/S OF JALPAIGURI, NEAR MIN BHAWAN, JALPAIGURI",WEST BENGAL,Tributary Streams - Burhidihing At Margherita,7.45,94.0,1.6500000000000001,7.4,0.3,Burhidihing At Margherita,2021-06-30
2021,2068,"RIVER KATHAKAL U/S AT MATIJURI, DIST. HAILAKANDI, ASSAM",ASSAM,Tributary Streams - Burhidihing At Margherita,7.550000000000001,115.0,2.4,5.7,0.8,KATHAKAL,2021-06-30
2021,2061,"RIVER KHARSANG B/C WITH BURIDIHING NEAR KHARSANG (ASSAM-ARUNANCHAL BORDER), ASSAM",ASSAM,Tributary Streams - Burhidihing At Margherita,7.5,155.5,2.3,7.25,1.0,KHARSANG B/C WITH BURIDIHING,2021-06-30
2021,2232,"RIVER KOHORA AT N.H. CROSSING, KOHORA, ASSAM (BRAHMAPUTRA)",ASSAM,Tributary Streams - Burhidihing At Margherita,7.5,132.5,2.05,7.199999999999999,0.75,KOHORA,2021-06-30
2021,2059,"RIVER KOLONG AT MARIGAON, ASSAM",ASSAM,Tributary Streams - Burhidihing At Margherita,7.25,140.5,2.25,7.1,0.95,KOLONG,2021-06-30
2021,2237,"RIVER KOLONG AT U/S OF ANANDARAM DEKIAL PHUKAN BRIDGE, NAGAON, ASSAM",ASSAM,Tributary Streams - Burhidihing At Margherita,7.35,187.5,2.3,6.0,0.95,KOLONG,2021-06-30
2021,2229,"RIVER KUNDLI AT KUNDLI/ SAPAKHOWA, SADIA, ASSAM",ASSAM,Tributary Streams - Burhidihing At Margherita,7.4,159.0,2.4,7.3,1.0,KUNDLI,2021-06-30
2021,2242,"RIVER KUSHIARA AT KARIMGANJ, ASSAM",ASSAM,Tributary Streams - Burhidihing At Margherita,7.6,116.5,2.25,5.95,0.9,KUSHIARA,2021-06-30
2021,3417,"RIVER MANU AT MANUGHAT, CONFL POINT OF CHAWMANU CHARRA & MANU RIVER, DHALAI",TRIPURA,Tributary Streams - Burhidihing At Margherita,7.0,166.0,1.6,5.5,2.0,MANU,2021-06-30
2021,3418,"RIVER MANU AT KAILASHAHAR D/S, NORTH TRIPURA",TRIPURA,Tributary Streams - Burhidihing At Margherita,7.050000000000001,180.5,1.75,5.55,2.16,MANU,2021-06-30
2021,3419,"RIVER MANU AT KUMARGHAT, NORTH TRIPURA",TRIPURA,Tributary Streams - Burhidihing At Margherita,7.1,177.5,1.4,5.4,1.79,MANU,2021-06-30
2021,3367,RIVER NONBAH AT NANGSTOIN MARKE,MEGHALAYA,Tributary Streams - Burhidihing At Margherita,7.1,47.0,2.4000000000000004,7.2,0.7200000000000001,NONBAH,2021-06-30
2021,3368,RIVER NONBAH AT PHOTSOHSAT,MEGHALAYA,Tributary Streams - Burhidihing At Margherita,6.95,36.0,1.25,8.05,0.42000000000000004,NONBAH,2021-06-30
2021,3369,RIVER KYNSHI AT SOHIONG,MEGHALAYA,Tributary Streams - Burhidihing At Margherita,6.85,33.5,1.35,7.800000000000001,0.52,KYNSHI,2021-06-30
2021,3370,RIVER KYNSHI AT NANGKHNUM,MEGHALAYA,Tributary Streams - Burhidihing At Margherita,7.35,37.0,1.2,7.8,0.405,KYNSHI,2021-06-30
2021,3371,RIVER KYNSHI AT RANIKOR,MEGHALAYA,Tributary Streams - Burhidihing At Margherita,6.7,58.0,1.7,7.4,0.37,KYNSHI,2021-06-30
2021,3373,"RIVER WAH BLEI AT RIANGDO,",MEGHALAYA,Tributary Streams - Burhidihing At Margherita,7.15,45.0,1.4,7.6000000000000005,0.41000000000000003,WAH BLEI,2021-06-30
2021,3374,"RIVER WAH BLEI AT SHDADDKHAR,",MEGHALAYA,Tributary Streams - Burhidihing At Margherita,6.7,93.0,1.45,7.15,0.42000000000000004,WAH BLEI,2021-06-30
2021,3797,RIVER MANAS (SANTOSHPUR) NEAR LENGTISINGA,ASSAM,Tributary Streams - Burhidihing At Margherita,7.75,148.5,2.35,5.4,0.75,Burhidihing At Margherita,2021-06-30
2021,2060,"MANAS RIVER AT NH-31 CROSSING, BARPETA, DISTRICT, ASSAM",ASSAM,Tributary Streams - Burhidihing At Margherita,7.4,136.0,2.2,5.2,0.7,RIVER,2021-06-30
2021,1803,"RIVER MANEY KHOLA AT BURTUK NEAR ARMY BASE CAMP, 4 KM U/S OF GANGTOK",SIKKIM,Tributary Streams - Burhidihing At Margherita,6.8,197.0,1.85,11.0,1.2999999999999998,MANEY KHOLA,2021-06-30
2021,1804,"RIVER MANEY KHOLA A/C WITH RAY KHOLA AT ADAMPOOL AFTER MEETING WASTE OF STP, GANGTOK",SIKKIM,Tributary Streams - Burhidihing At Margherita,6.5,182.5,2.05,7.75,1.5,MANEY KHOLA A/C WITH RAY KHOLA,2021-06-30
2021,2894,"RIVER MILAK AT TULI, MOKOKCHUNG",NAGALAND,Tributary Streams - Burhidihing At Margherita,7.95,369.5,1.7,5.699999999999999,1.2999999999999998,MILAK,2021-06-30
2021,2895,"RIVER MILAK AT PAPER NAGAR, TULI, MOKOKCHUNG",NAGALAND,Tributary Streams - Burhidihing At Margherita,8.0,127.5,1.6,5.800000000000001,1.3499999999999999,MILAK,2021-06-30
2021,3103,"RIVER PACHIN AT NAHARLAGUN (BELOW BARAPANI BRIDGE),",ARUNACHAL PRADESH,Tributary Streams - Burhidihing At Margherita,7.35,128.0,1.0,3.55,,PACHIN,2021-06-30
2021,2065,"RIVER PAGLDIA NEAR NALBARI TOWN, DIST. NALBARI, ASSAM",ASSAM,Tributary Streams - Burhidihing At Margherita,7.4,174.0,2.1,7.699999999999999,1.0,PAGLDIA,2021-06-30
2021,2235,"RIVER PANCHNAI AT NH-52 CROSSING, ORANG, ASSAM",ASSAM,Tributary Streams - Burhidihing At Margherita,7.4,94.5,1.9,5.7,0.8,PANCHNAI,2021-06-30
2021,1531,"RIVER MORA BHARALI AT TEZPUR, ASSAM",ASSAM,Tributary Streams - Burhidihing At Margherita,7.3,178.0,2.6,5.65,0.8999999999999999,MORA BHARALI,2021-06-30
2021,1232,RIVER MAHI (D/S) CONF WITH R. CHAP (UNDER SAGWARA-SARHI RD. BDG.),RAJASTHAN,Tributary Streams - Mahi,8.399999999999999,557.5,1.85,6.25,2.08,Mahi,2021-06-30
2021,30061,"RIVER MAHI AT GAMMON BRIDGE, BANSWARA(RAJASTHAN)",RAJASTHAN,Tributary Streams - Mahi,8.0,296.5,3.2,7.3,0.47,MAHI,2021-06-30
2021,1229,"RIVER MAHI NEAR RAJASTHAN BORDER AT KADANA DAM,",GUJARAT,Tributary Streams - Mahi,8.0,501.0,1.0,7.25,0.37,MAHI,2021-06-30
2021,1230,"RIVER MAHI AFTER CONF. WITH ANAS AT PARDI (BANASWADA),",GUJARAT,Tributary Streams - Mahi,7.95,449.5,1.0,7.1,0.395,ANAS,2021-06-30
2021,1231,"RIVER MAHI AT VIRPUR,",GUJARAT,Tributary Streams - Mahi,7.9,566.0,1.0,7.65,0.43500000000000005,MAHI,2021-06-30
2021,1863,RIVER MAHI AT UMETA BRIDGE,GUJARAT,Tributary Streams - Mahi,8.1,487.0,1.0,8.1,0.35,MAHI,2021-06-30
2021,1864,RIVER MAHI AT MUJPUR,GUJARAT,Tributary Streams - Mahi,8.05,2499.0,2.6,7.3500000000000005,0.385,MAHI,2021-06-30
2021,3206,RIVER MAHI AT SHERKHI BRIDGE,GUJARAT,Tributary Streams - Mahi,7.85,554.5,1.0,4.4,0.4,MAHI,2021-06-30
2021,4415,RIVER MAHI AT DODKA,GUJARAT,Tributary Streams - Mahi,8.1,559.0,1.0,7.699999999999999,0.345,MAHI,2021-06-30
2021,30050,"RIVER MAHI AT KADANA DAM, (GUJARAT)",GUJARAT,Tributary Streams - Mahi,7.9,310.0,2.4,7.9,0.32,MAHI,2021-06-30
2021,1233,"RIVER MAHI AT BADNAWAR, M.P.",MADHYA PRADESH,Tributary Streams - Mahi,7.699999999999999,380.0,1.4,7.55,0.8049999999999999,MAHI,2021-06-30
2021,3318,"RIVER MAHI AT RANISINGH VILLAGE, RATLAM, UJJAIN",MADHYA PRADESH,Tributary Streams - Mahi,7.65,355.0,1.8,7.3,0.61,MAHI,2021-06-30
2021,4608,RIVER MAHI FOREST GUEST HOUSE RAJAPUR,MADHYA PRADESH,Tributary Streams - Mahi,7.65,356.5,2.0,7.4,0.615,Mahi,2021-06-30
2021,30058,RIVER MAHI AT VILLAGE BAJNA (M.P.),MADHYA PRADESH,Tributary Streams - Mahi,7.65,341.5,2.4000000000000004,7.65,0.505,MAHI,2021-06-30
2021,3848,RIVER ANAS NEAR ROAD BRIDGE JHABUA,MADHYA PRADESH,Tributary Streams - Mahi,7.85,380.5,1.2,4.6499999999999995,0.9199999999999999,ANAS,2021-06-30
2021,1228,"RIVER ANAS AT DAHOD, (KUSHALGARH), DIST. PANCHMAHAL",GUJARAT,Tributary Streams - Mahi,8.15,559.5,1.0,7.949999999999999,0.57,ANAS,2021-06-30
2021,2104,RIVER MALEI AT JAORA,MADHYA PRADESH,Tributary Streams - Mahi,8.0,601.5,2.0,7.25,0.61,MALEI,2021-06-30
2021,2102,"RIVER SHIVNA AT RAMGHAT, MANDSAUR",MADHYA PRADESH,Tributary Streams - Mahi,7.65,510.0,2.0,7.15,0.61,SHIVNA,2021-06-30
2021,1227,"RIVER PANAM AT LUNAWADA,",GUJARAT,Tributary Streams - Mahi,7.75,529.0,1.0,6.55,0.37,PANAM,2021-06-30
2021,4805,"RIVER BHANWAR SEMLA DAM NEAR VILLAGE- DHOPAL,",RAJASTHAN,Tributary Streams - Mahi,8.35,442.0,1.65,4.05,4.125,BHANWAR SEMLA DAM,2021-06-30
2021,2105,RIVER CHILLAR AT SHAJAPUR,MADHYA PRADESH,Tributary Streams - Mahi,7.55,369.5,1.6,6.949999999999999,0.7000000000000001,CHILLAR,2021-06-30
2021,2103,"RIVER JAMMER AT DHOLOWAD, RATLAM",MADHYA PRADESH,Tributary Streams - Mahi,7.6,292.0,1.7,7.1,0.61,JAMMER,2021-06-30
2021,1221,"RIVER SABARMATI AT KHEROJ BRIDGE,",GUJARAT,Tributary Streams - Sabarmati,7.9,577.0,1.3,6.65,0.78,SABARMATI,2021-06-30
2021,1223,"RIVER SABARMATI AFTER CONF. WITH MESHWA AT VAUTHA (NEAR DHOKLA),",GUJARAT,Tributary Streams - Sabarmati,7.9,2131.0,24.5,2.05,0.55,MESHWA,2021-06-30
2021,1409,"RIVER SABARMATI AT RAILWAY BRIDGE AHMEDABAD,",GUJARAT,Tributary Streams - Sabarmati,7.949999999999999,402.5,7.5,5.05,0.37,SABARMATI,2021-06-30
2021,1866,"RIVER SABARMATI AT HANSAOL BRIDGE,",GUJARAT,Tributary Streams - Sabarmati,7.85,388.0,1.3,6.050000000000001,0.84,SABARMATI,2021-06-30
2021,1408,"RIVER SABARMATI AT VILL. MIROLI TALUKA DASCROI, AHMEDABAD,",GUJARAT,Tributary Streams - Sabarmati,7.55,2043.5,30.0,2.5,0.885,SABARMATI,2021-06-30
2021,2075,"RIVER SABARMATI AT DHAROI DAM, DIST. MEHSANA.",GUJARAT,Tributary Streams - Sabarmati,7.8500000000000005,403.0,1.3,6.1,0.395,SABARMATI,2021-06-30
2021,10014,RIVER SABARMATI AT AHMEDABAD U/S,GUJARAT,Tributary Streams - Sabarmati,7.85,388.0,1.3,6.050000000000001,0.84,SABARMATI,2021-06-30
2021,10015,RIVER SABARMATI AT AHMEDABAD D/S,GUJARAT,Tributary Streams - Sabarmati,7.6,2328.0,30.0,2.5,0.885,SABARMATI,2021-06-30
2021,1222,"RIVER SHEDHI AT KHEDA,",GUJARAT,Tributary Streams - Sabarmati,7.800000000000001,1471.5,1.8,4.1,0.9650000000000001,SHEDHI,2021-06-30
2021,1437,"RIVER KHARI AT LALI VILLAGE NEAR AHMEDABAD,",GUJARAT,Tributary Streams - Sabarmati,7.5,1867.5,67.5,1.0999999999999999,0.92,KHARI,2021-06-30
2021,1224,"RIVER MESHWA NEAR RAJASTHAN BORDER AT SAMLAJI,",GUJARAT,Tributary Streams - Sabarmati,7.65,539.5,1.3,5.949999999999999,0.99,MESHWA,2021-06-30
2021,3321,"RIVER NARMADA AT AMARKANTAK FROM ORIGIN POINT, REWA NARMADA AT DINDORI,U/S INTAKE POINT,DISTT.INDORE",MADHYA PRADESH,Narmada,7.8,342.0,1.45,7.95,0.37,NARMADA,2021-06-30
2021,1242,RIVER NARMADA NEAR SOURCE AT AMARKANTAK M.P.,MADHYA PRADESH,Narmada,7.3,230.0,1.0,6.75,0.36,NARMADA,2021-06-30
2021,4578,RIVER NARMADA AT PUSKAR DAM AMARKANTAK,MADHYA PRADESH,Narmada,7.4,349.0,1.9500000000000002,6.75,0.38,NARMADA,2021-06-30
2021,1241,RIVER NARMADA AT MANDLA NEAR ROAD BRIDGE. M.P.,MADHYA PRADESH,Narmada,7.75,301.0,1.4,4.4,0.35,NARMADA,2021-06-30
2021,1240,RIVER NARMADA AT NARSINGHPUR M.P.,MADHYA PRADESH,Narmada,7.699999999999999,306.0,1.45,7.6499999999999995,0.35,NARMADA,2021-06-30
2021,2106,RIVER NARMADA AT NEMAWAR,MADHYA PRADESH,Narmada,7.9,336.5,1.5,7.25,1.77,NARMADA,2021-06-30
2021,4594,RIVER NARMADA AT BEFOR CONFLU. OF JAMNER VILL. NEMAWAR,MADHYA PRADESH,Narmada,7.65,601.5,1.55,4.75,0.775,NARMADA,2021-06-30
2021,4595,RIVER NARMADA 500 M.D/S NEAR JAIN MANDER VILLAGE NEMAWAR,MADHYA PRADESH,Narmada,7.95,309.0,1.75,7.3,1.225,Narmada,2021-06-30
2021,1239,"RIVER NARMADA AT BADWANI, M.P.",MADHYA PRADESH,Narmada,8.05,342.5,1.1,7.3,0.7849999999999999,NARMADA,2021-06-30
2021,1431,"RIVER NARMADA AT MAHESHWAR, M. P.",MADHYA PRADESH,Narmada,8.05,316.0,1.1,7.6,0.74,NARMADA,2021-06-30
2021,1234,RIVER NARMADA NEAR SHAHGANJ,MADHYA PRADESH,Narmada,7.8500000000000005,1057.0,1.7,8.1,6.5600000000000005,NARMADA,2021-06-30
2021,2112,"RIVER NARMADA NEAR MORTAKKA BRIDGE, BADWAH",MADHYA PRADESH,Narmada,8.15,330.0,1.05,8.0,0.6599999999999999,NARMADA,2021-06-30
2021,1235,RIVER NARMADA AT HOSHANGABAD D S M.P.,MADHYA PRADESH,Narmada,7.75,280.0,1.4,7.85,7.72,NARMADA,2021-06-30
2021,2113,"RIVER NARMADA NEAR PUNASA DAM, PUNASA",MADHYA PRADESH,Narmada,7.85,285.0,1.05,7.4,0.75,NARMADA,2021-06-30
2021,1430,RIVER NARMADA AT D/S OF OMKARESHWAR M.P.,MADHYA PRADESH,Narmada,8.05,304.5,1.1,7.6499999999999995,0.755,NARMADA,2021-06-30
2021,3322,"RIVER NARMADA AT MANDLA, NEAR SHAMSHANGHAT, JABALPUR",MADHYA PRADESH,Narmada,7.7,309.0,1.45,7.85,0.4,NARMADA,2021-06-30
2021,2099,"RIVER NARMADA LALPUR, JABALPUR",MADHYA PRADESH,Narmada,7.55,338.0,1.5,4.15,0.45499999999999996,Narmada,2021-06-30
2021,3323,"RIVER NARMADA AT LALPUR, NEAR WATER SUPPLY INTAKE POINT, JABALPUR",MADHYA PRADESH,Narmada,7.65,346.0,1.5,7.75,0.375,NARMADA,2021-06-30
2021,3324,"RIVER NARMADA AT PANCHWATIGHAT, BEFORE MIXING WITH BAWANGANGA RIVER, JABALPUR",MADHYA PRADESH,Narmada,7.800000000000001,295.5,1.45,7.7,0.395,NARMADA,2021-06-30
2021,3325,"RIVER NARMADA AT SARSWATIGHAT, AFTER MIXING WITH BAWANGANGA RIVER, JABALPUR",MADHYA PRADESH,Narmada,7.85,314.0,1.45,7.55,0.75,NARMADA,2021-06-30
2021,2118,RIVER NARMADA AT D/S OF KAPILDHARA,MADHYA PRADESH,Narmada,7.3,333.0,1.6,7.199999999999999,0.37,NARMADA,2021-06-30
2021,2123,RIVER NARMADA AT KORIGHAT HOSHANGABAD,MADHYA PRADESH,Narmada,7.6499999999999995,1568.0,1.45,6.9,3.58,NARMADA,2021-06-30
2021,3847,RIVER NARMADA AT DHARAMPURI,MADHYA PRADESH,Narmada,7.95,316.0,1.1,7.800000000000001,0.655,NARMADA,2021-06-30
2021,4577,RIVER NARMADA AT CHANDANGHAT NEAR ROAD BRIDGE,MADHYA PRADESH,Narmada,7.7,353.0,1.35,7.35,0.33999999999999997,NARMADA,2021-06-30
2021,4579,RIVER NARMADA AT DINDORI D/S AFTER MIXING TO CITY DOMESTIC NEAR JOGOTIKARIA GHAT,MADHYA PRADESH,Narmada,7.5,352.0,1.65,7.8,0.38,NARMADA,2021-06-30
2021,4580,RIVER NARMADA NEAR BHAIRAV TAMPLE AT SHHASTRADHAR MANDLA,MADHYA PRADESH,Narmada,7.75,284.0,1.45,7.800000000000001,0.55,NARMADA,2021-06-30
2021,4581,RIVER NARMADA NEAR ROAD BRIDGE (D/S BARGI DAM) JABALPUR,MADHYA PRADESH,Narmada,7.65,336.0,1.45,7.6,0.39,NARMADA,2021-06-30
2021,4582,"RIVER NARMADA AT JAMTARA, NEAR RAILWAY BRIDGE",MADHYA PRADESH,Narmada,7.5,340.0,1.45,7.65,0.6,NARMADA,2021-06-30
2021,4583,RIVER NARMADA NEAR ROAD BRIDGE JHANSINGHAT JABALPUR,MADHYA PRADESH,Narmada,7.6499999999999995,305.0,1.45,7.85,0.7000000000000001,NARMADA,2021-06-30
2021,4584,RIVER NARMADA N.H. 44 NEAR ROAD BRIDGE AT BARMAN. JABALPUR,MADHYA PRADESH,Narmada,7.6499999999999995,301.0,1.45,7.55,0.35,BRIDGE,2021-06-30
2021,4585,"RIVER NARMADA AT BARMANGHAT, 100 MDS OF MAINGHAT",MADHYA PRADESH,Narmada,7.65,403.5,1.85,7.45,0.47,NARMADA,2021-06-30
2021,4586,RIVER NARMADA S.N. 44 NEAE ROAD BRIDGE NEAR JHILKOLI NARSINGPUR,MADHYA PRADESH,Narmada,7.6,308.0,1.4,7.6,0.35,BRIDGE,2021-06-30
2021,4587,"RIVER NARMADA AT NEAR ROAD BRIDGE, SANDIA",MADHYA PRADESH,Narmada,7.8999999999999995,253.5,1.65,8.0,2.6199999999999997,NARMADA,2021-06-30
2021,4588,"RIVER NARMADA AT U/S OF VILLAGE JAIT NEAR NARAYANAPURA, DIST. SEHORE",MADHYA PRADESH,Narmada,7.65,309.5,1.45,8.55,1.7999999999999998,NARMADA,2021-06-30
2021,4589,RIVER NARMADA AT D/S OF VILLAGE JAIT,MADHYA PRADESH,Narmada,7.8,307.0,1.5,8.35,3.275,NARMADA,2021-06-30
2021,4590,RIVER NARMADA U/S BEFOR CONFLUENCE TAWA NEAR BANDRABHAN,MADHYA PRADESH,Narmada,8.0,317.0,1.3,8.3,2.6799999999999997,NARMADA,2021-06-30
2021,4591,RIVER NARMADA D/S AFTER CONFLUENCE TAWA RAMNAGAR,MADHYA PRADESH,Narmada,7.9,309.5,1.65,8.7,2.915,NARMADA,2021-06-30
2021,4592,"RIVER NARMADA AT BUDHNIGHAT, BUDHNI",MADHYA PRADESH,Narmada,7.7,316.0,1.55,7.9,3.04,NARMADA,2021-06-30
2021,4593,RIVER NARMADA AT D/S OF TEXTILE UNIT VILLAGE. HOLIPURA BUDNI,MADHYA PRADESH,Narmada,7.75,312.5,1.5,7.9,4.165,NARMADA,2021-06-30
2021,4596,RIVER NARMADA AT HANUWANTIA DIST. KHANDWA,MADHYA PRADESH,Narmada,7.95,301.0,1.0,7.6499999999999995,0.77,NARMADA,2021-06-30
2021,4597,RIVER NARMADA AT U/S OMKAREWHWAR DAM KHANDWA,MADHYA PRADESH,Narmada,7.95,293.5,1.05,7.6,0.6,NARMADA,2021-06-30
2021,4598,RIVER NARMADA AT DHARESHWAR,MADHYA PRADESH,Narmada,8.15,302.0,1.1,7.75,0.75,NARMADA,2021-06-30
2021,4599,RIVER NARMADA NEAR W/S INTAKE JALLOD,MADHYA PRADESH,Narmada,8.0,305.5,1.0,7.65,0.65,NARMADA,2021-06-30
2021,4600,RIVER NARMADA AT SHAHASTRADHARA (JALKOTI),MADHYA PRADESH,Narmada,8.2,320.5,1.1,7.75,1.42,NARMADA,2021-06-30
2021,4601,RIVER NARMADA AT KHALGHAT,MADHYA PRADESH,Narmada,8.1,307.0,1.15,7.3,0.73,NARMADA,2021-06-30
2021,4602,RIVER NARMADA AT SEMALDA U/S OF BARWANI,MADHYA PRADESH,Narmada,8.05,421.0,1.1,7.699999999999999,0.75,NARMADA,2021-06-30
2021,4603,RIVER NARMADA AT KOTESHWAR,MADHYA PRADESH,Narmada,7.95,336.5,1.1,7.65,0.8049999999999999,NARMADA,2021-06-30
2021,4605,"RIVER NARMADA AT KAKRANA, INTERSTATE BOUNDRY, ALIRAJPUR",MADHYA PRADESH,Narmada,8.05,325.0,1.1,7.55,0.81,NARMADA,2021-06-30
2021,30048,"RIVER NARMADA AT GORA BRIDGE, NAVAGAM (GUJARAT)",GUJARAT,Narmada,8.0,490.0,2.3,8.5,0.39,NARMADA,2021-06-30
2021,1244,"RIVER NARMADA AT PANETHA,",GUJARAT,Narmada,7.85,356.0,1.0,7.55,0.315,NARMADA,2021-06-30
2021,1245,"RIVER NARMADA AT CHANDOD,",GUJARAT,Narmada,7.75,491.5,1.0,7.8,0.49,NARMADA,2021-06-30
2021,1981,"RIVER NARMADA AT ZANOR (NTPC), BHARUCH",GUJARAT,Narmada,7.85,381.5,1.1,7.5,0.3,NARMADA,2021-06-30
2021,1243,"RIVER NARMADA AT BHARUCH, ZADESHVAR,",GUJARAT,Narmada,7.8999999999999995,395.0,1.15,7.35,0.3,NARMADA,2021-06-30
2021,1236,"RIVER CHOTA TAWA BEFORE CONFL. WITH NARMADA, M.P.",MADHYA PRADESH,Tributary Streams - Chota Tawa Before Confl,7.85,463.5,1.2,6.9,0.66,Chota Tawa Before Confl,2021-06-30
2021,2100,"RIVER GOUR BHOGA DOOR, JABALPUR",MADHYA PRADESH,Tributary Streams - Chota Tawa Before Confl,7.800000000000001,283.0,1.45,7.8,0.45999999999999996,Chota Tawa Before Confl,2021-06-30
2021,2101,RIVER KATNI NEAR NAGAR NIGAM,MADHYA PRADESH,Tributary Streams - Chota Tawa Before Confl,7.75,499.5,1.9000000000000001,5.550000000000001,1.05,KATNI,2021-06-30
2021,2114,RIVER KUNDA AT KHARGONE,MADHYA PRADESH,Tributary Streams - Chota Tawa Before Confl,8.0,658.5,2.75,5.9,3.025,KUNDA,2021-06-30
2021,3326,"RIVER SIMRAR AT KATNI NEAR ACC W/S INTAKE POINT, JABALPUR",MADHYA PRADESH,Tributary Streams - Chota Tawa Before Confl,7.800000000000001,447.5,1.7,5.8,1.0150000000000001,SIMRAR,2021-06-30
2021,3305,"RIVER BANJAR AT MALANJKHAND NEAR W/S INTAKE POINT, JABALPUR",MADHYA PRADESH,Tributary Streams - Chota Tawa Before Confl,7.949999999999999,477.0,1.4,7.55,0.35,BANJAR,2021-06-30
2021,3828,"RIVER HIRAN, NH 7 ROAD BRIDGE, SIHORA, DIST JABALPUR",MADHYA PRADESH,Tributary Streams - Chota Tawa Before Confl,7.550000000000001,439.0,2.0,7.1,0.32,Chota Tawa Before Confl,2021-06-30
2021,3829,"RIVER HIRAN, NH -12 ROAD BRIDGE VIL VIKRAMPUR ,DIST NARSINGPUR",MADHYA PRADESH,Tributary Streams - Chota Tawa Before Confl,7.6,429.0,4.4,7.5,0.55,Chota Tawa Before Confl,2021-06-30
2021,2115,RIVER TAPI AT NEPA NAGAR 100 METRE D/S AFTER MIXING PANDHAR NALLA,MADHYA PRADESH,Tapi,8.3,372.5,1.8,6.9,1.27,TAPI,2021-06-30
2021,1250,RIVER TAPI AT HATNUR M.P.,MADHYA PRADESH,Tapi,8.05,2776.5,1.9,6.85,1.79,TAPI,2021-06-30
2021,1247,"RIVER TAPI AT MANDAVI,",GUJARAT,Tapi,7.8500000000000005,504.5,1.15,7.050000000000001,0.31,TAPI,2021-06-30
2021,1983,RIVER TAPI NEAR BARDOLI (KAPP BRIDGE) BARDOLI,GUJARAT,Tapi,7.85,443.0,1.4,6.75,0.31,TAPI,2021-06-30
2021,1248,"RIVER TAPI AT SURAT U/S KATHORE,",GUJARAT,Tapi,7.75,545.5,1.2,7.0,0.345,TAPI,2021-06-30
2021,1982,"RIVER TAPI AT RANDER BRIDGE, SURAT",GUJARAT,Tapi,8.05,640.0,1.3,5.85,0.31,TAPI,2021-06-30
2021,2071,"RIVER TAPI AT ONGC BRIDGE AT SURAT,",GUJARAT,Tapi,7.65,27847.0,1.9,5.85,0.46499999999999997,TAPI,2021-06-30
2021,30045,"RIVER TAPI AT KURKURMUNDA BRIDGE, NIZHAR ROAD, NEAR KURKURMUNDA VILLAGE, GUJARAT",GUJARAT,Tapi,8.0,450.0,3.4,8.6,2.25,TAPI,2021-06-30
2021,30044,"RIVER TAPI AT PRAKASHA, (MAHARASHTRA)",MAHARASHTRA,Tapi,8.2,472.0,4.4,5.8,3.19,TAPI,2021-06-30
2021,30043,"RIVER TAPI AT AJNAD, (MAHARASHTRA)",MAHARASHTRA,Tapi,8.4,479.0,5.2,5.6,3.02,TAPI,2021-06-30
2021,1251,"RIVER TAPI AT BHUSAWAL U/S, BHUSAWAL RAILWAY COLONY, BHUSAWAL, JALGAON",MAHARASHTRA,Tapi,7.4,654.5,3.2,6.4,1.77,TAPI,2021-06-30
2021,1313,"RIVER TAPI AT AJAND VILLAGE, RAVER, JALGAON",MAHARASHTRA,Tapi,7.4,3330.0,3.0999999999999996,6.4,1.7049999999999998,TAPI,2021-06-30
2021,1314,"RIVER TAPI AT UBAD VILLAGE,SHAHADA, NANDURBAR",MAHARASHTRA,Tapi,7.6499999999999995,636.5,3.0,5.9,1.5299999999999998,TAPI,2021-06-30
2021,3203,"RIVER AMRAVATI AT VILLAGE DADHAL , TA ANKLESHWAR, BHARUCH",GUJARAT,Tapi,7.9,716.0,1.2,7.2,0.48,AMRAVATI,2021-06-30
2021,2652,"RIVER AMRAVATI D/S OF DONDAICHA, DHULE, DHULE",MAHARASHTRA,Tapi,7.6,751.0,2.8,6.8,0.51,AMRAVATI,2021-06-30
2021,2666,"RIVER GOMAI D/S OF SHAHADA, DHULE",MAHARASHTRA,Tapi,7.65,562.0,2.8,6.65,1.815,GOMAI,2021-06-30
2021,2659,"RIVER BURAI BEFORE CONFLUECE TO TAPI RIVER, MUKUDAS, DHULE",MAHARASHTRA,Tapi,7.75,605.0,2.9000000000000004,6.65,2.1350000000000002,Tapi,2021-06-30
2021,2070,"RIVER KIM AT SAHOL BRIDGE, OLPAD HANSOT ROAD, DIST. SURAT",GUJARAT,Tapi,7.85,1503.5,1.85,6.05,0.185,KIM,2021-06-30
2021,2127,"RIVER DENWA NEAR SARNI, ROAD BRIDGE",MADHYA PRADESH,Tapi,7.75,667.5,1.5,7.45,2.5999999999999996,DENWA,2021-06-30
2021,1252,RIVER GIRNA AT JALGAON,MAHARASHTRA,Tapi,7.65,621.0,2.8,6.75,1.795,GIRNA,2021-06-30
2021,1253,"RIVER GIRNA AT MALEGAON (MANMAD), NASHIK",MAHARASHTRA,Tapi,7.75,813.5,3.9,5.45,2.505,GIRNA,2021-06-30
2021,1907,"RIVER RANGAVALI D/S OF NAVAPUR, NANDURBAR",MAHARASHTRA,Tapi,7.6,690.0,3.0,6.0,2.415,RANGAVALI,2021-06-30
2021,2658,"RIVER BORI D/S OF AMALNER, JALGAON, JALGAON",MAHARASHTRA,Tapi,7.75,567.5,3.0,6.449999999999999,1.76,BORI,2021-06-30
2021,2667,"RIVER HIWARA D/S OF PACHORA, JALGAON",MAHARASHTRA,Tapi,7.75,598.5,3.0,6.05,1.7,HIWARA,2021-06-30
2021,2674,"RIVER MOR NEAR PADALSHE, JALGAON",MAHARASHTRA,Tapi,7.55,574.5,2.8,6.949999999999999,0.4,MOR,2021-06-30
2021,2710,"RIVER TITUR D/S OF CHALISGAON, JALGAON",MAHARASHTRA,Tapi,7.75,585.0,3.5,5.8,1.145,TITUR,2021-06-30
2021,2718,RIVER WAGHUR AT SAKEGAON BEFORE,MAHARASHTRA,Tapi,7.45,657.0,3.3,6.45,1.4349999999999998,WAGHUR,2021-06-30
2021,2684,"RIVER PANZARA NEAR PANZARAKAN SSK LTD, PANZARA, DHULE",MAHARASHTRA,Tapi,7.55,872.5,3.4000000000000004,6.15,2.4499999999999997,PANZARA,2021-06-30
2021,1913,"RIVER PURNA AT DHUPESHWAR, MALKAPUR, AKOLA",MAHARASHTRA,Tapi,8.4,769.0,4.5,6.25,9.895,PURNA,2021-06-30
2021,2155,"RIVER PURNA A/C OF MORNA, ANDURA VILLAGE, BALAPUR, AKOLA",MAHARASHTRA,Tapi,8.15,795.0,4.9,5.9,10.22,Tapi,2021-06-30
2021,2695,"RIVER PEDHI NEAR ROAD BRIDGE AT DADHI-PEDHI VILLAGE, BHATKULI, AMRAVATI",MAHARASHTRA,Tapi,7.25,706.0,5.3,5.05,8.96,PEDHI,2021-06-30
2021,2675,"RIVER MORNA AT D/S RAILWAY BRIDGE, AKOLA",MAHARASHTRA,Tapi,7.9,720.0,5.75,5.2,6.8100000000000005,MORNA,2021-06-30
2021,1851,"RIVER MAHANADI AT SIHAWA, CHHATISGARH.",CHATTISGARH,Mahanadi,7.300000000000001,345.0,2.55,7.05,,MAHANADI,2021-06-30
2021,1264,"RIVER MAHANADI AT RUDRI U/S AT DHAMTORI RESERVOIR, CHHATISGARH.",CHATTISGARH,Mahanadi,7.449999999999999,339.0,2.0,7.199999999999999,,MAHANADI,2021-06-30
2021,1099,"RIVER MAHANADI AT U/S OF RAJIM, CHHATISGARH.",CHATTISGARH,Mahanadi,7.45,344.0,2.45,7.0,,MAHANADI,2021-06-30
2021,1852,"RIVER MAHANADI AT ARRANG, RAIPUR, CHHATISGARH.",CHATTISGARH,Mahanadi,7.4,356.0,2.2,6.85,,MAHANADI,2021-06-30
2021,1100,"RIVER MAHANADI AT KHARAD, CHHATISGARH.",CHATTISGARH,Mahanadi,8.25,237.0,2.0,7.550000000000001,3.15,MAHANADI,2021-06-30
2021,1282,"RIVER MAHANADI AT SHEORINARAYAN VILLAGE, CHHATISGARH.",CHATTISGARH,Mahanadi,8.35,279.0,2.05,6.9,3.5,MAHANADI,2021-06-30
2021,1467,"RIVER MAHANADI AFTER CONFL. WITH RIVER MAND, CHHATISGARH.",CHATTISGARH,Mahanadi,8.2,323.0,2.05,7.2,4.1,Mahanadi,2021-06-30
2021,3168,"RIVER MAHANADI D/S OF HASDEO RIVER NEAR URGA VILLAGE KORBA, CHHATISGARH.",CHATTISGARH,Mahanadi,7.199999999999999,814.0,1.0,6.9,9.6,MAHANADI,2021-06-30
2021,1101,"RIVER MAHANADI AT INTERSTATE BOUNDRY, CHHATISGARH.",CHATTISGARH,Mahanadi,7.3,197.5,1.65,6.800000000000001,0.98,MAHANADI,2021-06-30
2021,1281,RIVER MAHANADI AT HIRAKUD RESERVOIR,ODISHA,Mahanadi,7.75,209.5,1.3,8.0,0.735,MAHANADI,2021-06-30
2021,30063,RIVER MAHANADI AT HIRAKUD (ODISHA),ODISHA,Mahanadi,8.05,219.0,1.0,7.6,0.37,MAHANADI,2021-06-30
2021,1270,RIVER MAHANADI AT SAMBALPUR U/S,ODISHA,Mahanadi,7.85,201.0,1.25,7.800000000000001,0.7200000000000001,MAHANADI,2021-06-30
2021,1271,RIVER MAHANADI AT SAMBALPUR D/S,ODISHA,Mahanadi,7.65,227.5,1.5,6.9,0.7200000000000001,MAHANADI,2021-06-30
2021,2405,RIVER MAHANADI AT SAMBHALPUR FD/S AT HUMA,ODISHA,Mahanadi,7.75,195.5,1.25,7.7,0.42000000000000004,MAHANADI,2021-06-30
2021,1272,RIVER MAHANADI D/S (AFTER CONFL. WITH R. ONG SONEPUR U/S),ODISHA,Mahanadi,7.85,261.5,1.2,7.5,0.52,MAHANADI,2021-06-30
2021,1274,RIVER MAHANADI A/C WITH TEL (SONEPUR D/S),ODISHA,Mahanadi,7.9,238.0,1.3,7.199999999999999,1.375,SONEPUR,2021-06-30
2021,2404,RIVER MAHANADI POWER CHANNEL D/S NEAR BURLA,ODISHA,Mahanadi,7.75,292.0,1.45,6.9,0.995,MAHANADI POWER CHANNEL,2021-06-30
2021,2406,RIVER MAHANADI AT MUNDALI (WATER INTAKE POINT OF BHUBANESWAR CITY),ODISHA,Mahanadi,7.4,204.5,1.2,8.3,0.8200000000000001,MAHANADI,2021-06-30
2021,3887,RIVER MAHANADI AT SAMBALPUR FD/S AT SHANKARMATH,ODISHA,Mahanadi,7.65,232.5,1.4,7.1,0.92,MAHANADI,2021-06-30
2021,1275,RIVER MAHANADI AT TIKARPADA,ODISHA,Mahanadi,7.3999999999999995,289.5,1.15,8.4,0.53,MAHANADI,2021-06-30
2021,1276,RIVER MAHANADI AT NARSINGHPUR,ODISHA,Mahanadi,7.5,215.0,1.1,8.5,0.52,MAHANADI,2021-06-30
2021,1277,RIVER MAHANADI AT CUTTACK U/S,ODISHA,Mahanadi,7.55,196.5,1.2,8.7,0.87,MAHANADI,2021-06-30
2021,1278,RIVER MAHANADI AT CUTTACK D/S,ODISHA,Mahanadi,7.6,410.5,1.9500000000000002,8.2,0.62,MAHANADI,2021-06-30
2021,3888,RIVER MAHANADI POWER CHANNEL U/S,ODISHA,Mahanadi,7.55,195.0,1.3,7.0,0.87,MAHANADI POWER CHANNEL,2021-06-30
2021,3890,RIVER MAHANADI AT CUTTACK FD/S AT GATIRAUTAPATNA,ODISHA,Mahanadi,7.7,239.0,1.5,7.8,0.62,MAHANADI,2021-06-30
2021,2407,RIVER MAHANADI AT PARADEEP U/S (BEFORE INDUSTRIAL ACTIVITY AT PARADEEP),ODISHA,Mahanadi,7.4,6781.5,1.05,7.699999999999999,1.0999999999999999,MAHANADI,2021-06-30
2021,1639,RIVER MAHANADI AT PARADEEP D/S,ODISHA,Mahanadi,7.449999999999999,21730.0,1.35,7.2,0.62,MAHANADI,2021-06-30
2021,1107,"RIVER SEONATH AT U/S RAJNANDGAON, CHHATISGARH.",CHATTISGARH,"Tributary Streams - Seonath, Bheden, Kharoon, Hasdeo, Ib, Serua, Kuakhai, Kathjodi, Birupa, Arpa, Kelo, Daya, Gobari, Devi, Gangua, Kushabhadra, Mangala, Bhargavi, Kansari, Badasankha Nadi, Ratnachira Nadi, Nuna Nadi, Kusumi Nadi, Sabulia Nadi, Sankha, Badanadi, Bahuda, Tel, Rushikulya And Russelkunda Reservoir",7.3,,1.6,7.5,0.33499999999999996,SEONATH,2021-06-30
2021,1266,"RIVER SEONATH AT SHIMGA AFTER CONFL. WITH R. KHAROON, CHHATISGARH.",CHATTISGARH,"Tributary Streams - Seonath, Bheden, Kharoon, Hasdeo, Ib, Serua, Kuakhai, Kathjodi, Birupa, Arpa, Kelo, Daya, Gobari, Devi, Gangua, Kushabhadra, Mangala, Bhargavi, Kansari, Badasankha Nadi, Ratnachira Nadi, Nuna Nadi, Kusumi Nadi, Sabulia Nadi, Sankha, Badanadi, Bahuda, Tel, Rushikulya And Russelkunda Reservoir",7.55,367.0,1.9,7.05,,SEONATH,2021-06-30
2021,1845,"RIVER SEONATH WATER SUPPLY WELL, DURG, CHHATISGARH.",CHATTISGARH,"Tributary Streams - Seonath, Bheden, Kharoon, Hasdeo, Ib, Serua, Kuakhai, Kathjodi, Birupa, Arpa, Kelo, Daya, Gobari, Devi, Gangua, Kushabhadra, Mangala, Bhargavi, Kansari, Badasankha Nadi, Ratnachira Nadi, Nuna Nadi, Kusumi Nadi, Sabulia Nadi, Sankha, Badanadi, Bahuda, Tel, Rushikulya And Russelkunda Reservoir",7.35,,1.5,7.3,0.31,"Seonath, Bheden, Kharoon, Hasdeo, Ib, Serua, Kuakhai, Kathjodi, Birupa, Arpa, Kelo, Daya, Gobari, Devi, Gangua, Kushabhadra, Mangala, Bhargavi, Kansari, Badasankha Nadi, Ratnachira Nadi, Nuna Nadi, Kusumi Nadi, Sabulia Nadi, Sankha, Badanadi, Bahuda, Tel, Rushikulya And Russelkunda Reservoir",2021-06-30
2021,3166,"RIVER SEONATH AT JHINGHRI VILLAGE, A/C OF SAMODA NALLA, CHHATISGARH.",CHATTISGARH,"Tributary Streams - Seonath, Bheden, Kharoon, Hasdeo, Ib, Serua, Kuakhai, Kathjodi, Birupa, Arpa, Kelo, Daya, Gobari, Devi, Gangua, Kushabhadra, Mangala, Bhargavi, Kansari, Badasankha Nadi, Ratnachira Nadi, Nuna Nadi, Kusumi Nadi, Sabulia Nadi, Sankha, Badanadi, Bahuda, Tel, Rushikulya And Russelkunda Reservoir",7.6,,2.9,6.45,0.39,SEONATH,2021-06-30
2021,3167,"RIVER SEONATH AT RAJNANDGAON, D/S AT MOHAD, RAJNANDGAON, CHHATISGARH.",CHATTISGARH,"Tributary Streams - Seonath, Bheden, Kharoon, Hasdeo, Ib, Serua, Kuakhai, Kathjodi, Birupa, Arpa, Kelo, Daya, Gobari, Devi, Gangua, Kushabhadra, Mangala, Bhargavi, Kansari, Badasankha Nadi, Ratnachira Nadi, Nuna Nadi, Kusumi Nadi, Sabulia Nadi, Sankha, Badanadi, Bahuda, Tel, Rushikulya And Russelkunda Reservoir",7.4,,1.9,7.35,0.385,SEONATH,2021-06-30
2021,2403,RIVER BHEDEN BEFORE CONFLUENCE WITH IB RIVER,ODISHA,"Tributary Streams - Seonath, Bheden, Kharoon, Hasdeo, Ib, Serua, Kuakhai, Kathjodi, Birupa, Arpa, Kelo, Daya, Gobari, Devi, Gangua, Kushabhadra, Mangala, Bhargavi, Kansari, Badasankha Nadi, Ratnachira Nadi, Nuna Nadi, Kusumi Nadi, Sabulia Nadi, Sankha, Badanadi, Bahuda, Tel, Rushikulya And Russelkunda Reservoir",7.85,298.0,1.5,7.8,0.62,"Seonath, Bheden, Kharoon, Hasdeo, Ib, Serua, Kuakhai, Kathjodi, Birupa, Arpa, Kelo, Daya, Gobari, Devi, Gangua, Kushabhadra, Mangala, Bhargavi, Kansari, Badasankha Nadi, Ratnachira Nadi, Nuna Nadi, Kusumi Nadi, Sabulia Nadi, Sankha, Badanadi, Bahuda, Tel, Rushikulya And Russelkunda Reservoir",2021-06-30
2021,1265,"RIVER KHAROON AT RAIPUR U/S, CHHATISGARH.",CHATTISGARH,"Tributary Streams - Seonath, Bheden, Kharoon, Hasdeo, Ib, Serua, Kuakhai, Kathjodi, Birupa, Arpa, Kelo, Daya, Gobari, Devi, Gangua, Kushabhadra, Mangala, Bhargavi, Kansari, Badasankha Nadi, Ratnachira Nadi, Nuna Nadi, Kusumi Nadi, Sabulia Nadi, Sankha, Badanadi, Bahuda, Tel, Rushikulya And Russelkunda Reservoir",7.45,355.5,2.55,7.0,,KHAROON,2021-06-30
2021,1846,"RIVER KHAROON A/C KHAPRI DRAIN, CHHATISGARH.",CHATTISGARH,"Tributary Streams - Seonath, Bheden, Kharoon, Hasdeo, Ib, Serua, Kuakhai, Kathjodi, Birupa, Arpa, Kelo, Daya, Gobari, Devi, Gangua, Kushabhadra, Mangala, Bhargavi, Kansari, Badasankha Nadi, Ratnachira Nadi, Nuna Nadi, Kusumi Nadi, Sabulia Nadi, Sankha, Badanadi, Bahuda, Tel, Rushikulya And Russelkunda Reservoir",7.45,,1.7,7.15,0.43000000000000005,"Seonath, Bheden, Kharoon, Hasdeo, Ib, Serua, Kuakhai, Kathjodi, Birupa, Arpa, Kelo, Daya, Gobari, Devi, Gangua, Kushabhadra, Mangala, Bhargavi, Kansari, Badasankha Nadi, Ratnachira Nadi, Nuna Nadi, Kusumi Nadi, Sabulia Nadi, Sankha, Badanadi, Bahuda, Tel, Rushikulya And Russelkunda Reservoir",2021-06-30
2021,1847,"RIVER KHAROON B/C KHAPRI DRAIN, DURG, RAIPUR ROAD BRIDGE, CHHATISGARH.",CHATTISGARH,"Tributary Streams - Seonath, Bheden, Kharoon, Hasdeo, Ib, Serua, Kuakhai, Kathjodi, Birupa, Arpa, Kelo, Daya, Gobari, Devi, Gangua, Kushabhadra, Mangala, Bhargavi, Kansari, Badasankha Nadi, Ratnachira Nadi, Nuna Nadi, Kusumi Nadi, Sabulia Nadi, Sankha, Badanadi, Bahuda, Tel, Rushikulya And Russelkunda Reservoir",7.55,,2.15,7.0,10.35,"Seonath, Bheden, Kharoon, Hasdeo, Ib, Serua, Kuakhai, Kathjodi, Birupa, Arpa, Kelo, Daya, Gobari, Devi, Gangua, Kushabhadra, Mangala, Bhargavi, Kansari, Badasankha Nadi, Ratnachira Nadi, Nuna Nadi, Kusumi Nadi, Sabulia Nadi, Sankha, Badanadi, Bahuda, Tel, Rushikulya And Russelkunda Reservoir",2021-06-30
2021,1853,"RIVER KHAROON BUNDRI, RAIPUR, CHHATISGARH.",CHATTISGARH,"Tributary Streams - Seonath, Bheden, Kharoon, Hasdeo, Ib, Serua, Kuakhai, Kathjodi, Birupa, Arpa, Kelo, Daya, Gobari, Devi, Gangua, Kushabhadra, Mangala, Bhargavi, Kansari, Badasankha Nadi, Ratnachira Nadi, Nuna Nadi, Kusumi Nadi, Sabulia Nadi, Sankha, Badanadi, Bahuda, Tel, Rushikulya And Russelkunda Reservoir",7.6,360.5,2.35,6.75,,"Seonath, Bheden, Kharoon, Hasdeo, Ib, Serua, Kuakhai, Kathjodi, Birupa, Arpa, Kelo, Daya, Gobari, Devi, Gangua, Kushabhadra, Mangala, Bhargavi, Kansari, Badasankha Nadi, Ratnachira Nadi, Nuna Nadi, Kusumi Nadi, Sabulia Nadi, Sankha, Badanadi, Bahuda, Tel, Rushikulya And Russelkunda Reservoir",2021-06-30
2021,1105,"RIVER HASDEO AT U/S KORBA, CHHATISGARH.",CHATTISGARH,"Tributary Streams - Seonath, Bheden, Kharoon, Hasdeo, Ib, Serua, Kuakhai, Kathjodi, Birupa, Arpa, Kelo, Daya, Gobari, Devi, Gangua, Kushabhadra, Mangala, Bhargavi, Kansari, Badasankha Nadi, Ratnachira Nadi, Nuna Nadi, Kusumi Nadi, Sabulia Nadi, Sankha, Badanadi, Bahuda, Tel, Rushikulya And Russelkunda Reservoir",7.1,629.0,1.0,7.6,16.15,HASDEO,2021-06-30
2021,1106,"RIVER HASDEO AT U/S OF CHAMPA, CHHATISGARH.",CHATTISGARH,"Tributary Streams - Seonath, Bheden, Kharoon, Hasdeo, Ib, Serua, Kuakhai, Kathjodi, Birupa, Arpa, Kelo, Daya, Gobari, Devi, Gangua, Kushabhadra, Mangala, Bhargavi, Kansari, Badasankha Nadi, Ratnachira Nadi, Nuna Nadi, Kusumi Nadi, Sabulia Nadi, Sankha, Badanadi, Bahuda, Tel, Rushikulya And Russelkunda Reservoir",8.15,349.0,2.05,4.9,3.7,HASDEO,2021-06-30
2021,3165,"RIVER HASDEO 100 METER DOWNSTREAM AFTER CONFLUENCE OF DENGUR NALLAH NERA C.S.E.B. EAST GUEST HOUSE, KORBA, CHHATISGARH.",CHATTISGARH,"Tributary Streams - Seonath, Bheden, Kharoon, Hasdeo, Ib, Serua, Kuakhai, Kathjodi, Birupa, Arpa, Kelo, Daya, Gobari, Devi, Gangua, Kushabhadra, Mangala, Bhargavi, Kansari, Badasankha Nadi, Ratnachira Nadi, Nuna Nadi, Kusumi Nadi, Sabulia Nadi, Sankha, Badanadi, Bahuda, Tel, Rushikulya And Russelkunda Reservoir",7.15,695.0,1.0,13.0,12.15,"Seonath, Bheden, Kharoon, Hasdeo, Ib, Serua, Kuakhai, Kathjodi, Birupa, Arpa, Kelo, Daya, Gobari, Devi, Gangua, Kushabhadra, Mangala, Bhargavi, Kansari, Badasankha Nadi, Ratnachira Nadi, Nuna Nadi, Kusumi Nadi, Sabulia Nadi, Sankha, Badanadi, Bahuda, Tel, Rushikulya And Russelkunda Reservoir",2021-06-30
2021,3169,"RIVER HASDEO AT DRINKING WATER INTAKE WELL OF MUNICIPAL CO. KORBA (BEFORE TREATMENT) AT KOHADIA VILLAGE, CHHATISGARH.",CHATTISGARH,"Tributary Streams - Seonath, Bheden, Kharoon, Hasdeo, Ib, Serua, Kuakhai, Kathjodi, Birupa, Arpa, Kelo, Daya, Gobari, Devi, Gangua, Kushabhadra, Mangala, Bhargavi, Kansari, Badasankha Nadi, Ratnachira Nadi, Nuna Nadi, Kusumi Nadi, Sabulia Nadi, Sankha, Badanadi, Bahuda, Tel, Rushikulya And Russelkunda Reservoir",7.15,576.5,1.0,7.3,7.9750000000000005,HASDEO,2021-06-30
2021,3170,"RIVER HASDEO AT DRINKING WATER INTAKE WELL OF MUNICIPAL CO. KORBA (AFTER TREATMENT) AT KOHADIA VILLAGE, CHHATISGARH.",CHATTISGARH,"Tributary Streams - Seonath, Bheden, Kharoon, Hasdeo, Ib, Serua, Kuakhai, Kathjodi, Birupa, Arpa, Kelo, Daya, Gobari, Devi, Gangua, Kushabhadra, Mangala, Bhargavi, Kansari, Badasankha Nadi, Ratnachira Nadi, Nuna Nadi, Kusumi Nadi, Sabulia Nadi, Sankha, Badanadi, Bahuda, Tel, Rushikulya And Russelkunda Reservoir",7.15,718.0,1.0,11.0,20.924999999999997,HASDEO,2021-06-30
2021,1267,RIVER IB AT SUNDARGARH,ODISHA,"Tributary Streams - Seonath, Bheden, Kharoon, Hasdeo, Ib, Serua, Kuakhai, Kathjodi, Birupa, Arpa, Kelo, Daya, Gobari, Devi, Gangua, Kushabhadra, Mangala, Bhargavi, Kansari, Badasankha Nadi, Ratnachira Nadi, Nuna Nadi, Kusumi Nadi, Sabulia Nadi, Sankha, Badanadi, Bahuda, Tel, Rushikulya And Russelkunda Reservoir",7.449999999999999,155.0,1.35,7.75,0.51,IB,2021-06-30
2021,1268,RIVER IB AT JHARSUGUDA (INTAKE),ODISHA,"Tributary Streams - Seonath, Bheden, Kharoon, Hasdeo, Ib, Serua, Kuakhai, Kathjodi, Birupa, Arpa, Kelo, Daya, Gobari, Devi, Gangua, Kushabhadra, Mangala, Bhargavi, Kansari, Badasankha Nadi, Ratnachira Nadi, Nuna Nadi, Kusumi Nadi, Sabulia Nadi, Sankha, Badanadi, Bahuda, Tel, Rushikulya And Russelkunda Reservoir",7.55,210.0,1.35,7.8999999999999995,0.9700000000000001,IB,2021-06-30
2021,1269,RIVER IB AT BRAJARAJNAGAR (INTAKE) D/S,ODISHA,"Tributary Streams - Seonath, Bheden, Kharoon, Hasdeo, Ib, Serua, Kuakhai, Kathjodi, Birupa, Arpa, Kelo, Daya, Gobari, Devi, Gangua, Kushabhadra, Mangala, Bhargavi, Kansari, Badasankha Nadi, Ratnachira Nadi, Nuna Nadi, Kusumi Nadi, Sabulia Nadi, Sankha, Badanadi, Bahuda, Tel, Rushikulya And Russelkunda Reservoir",7.75,235.0,1.65,8.0,0.625,IB,2021-06-30
2021,1300,RIVER IB AT BRAJARAJNAGAR U/S,ODISHA,"Tributary Streams - Seonath, Bheden, Kharoon, Hasdeo, Ib, Serua, Kuakhai, Kathjodi, Birupa, Arpa, Kelo, Daya, Gobari, Devi, Gangua, Kushabhadra, Mangala, Bhargavi, Kansari, Badasankha Nadi, Ratnachira Nadi, Nuna Nadi, Kusumi Nadi, Sabulia Nadi, Sankha, Badanadi, Bahuda, Tel, Rushikulya And Russelkunda Reservoir",7.65,162.5,1.25,7.8999999999999995,0.575,IB,2021-06-30
2021,2409,RIVER SERUA AT CUTTACK FD/S (SERUA) AT SANKHATRASA,ODISHA,"Tributary Streams - Seonath, Bheden, Kharoon, Hasdeo, Ib, Serua, Kuakhai, Kathjodi, Birupa, Arpa, Kelo, Daya, Gobari, Devi, Gangua, Kushabhadra, Mangala, Bhargavi, Kansari, Badasankha Nadi, Ratnachira Nadi, Nuna Nadi, Kusumi Nadi, Sabulia Nadi, Sankha, Badanadi, Bahuda, Tel, Rushikulya And Russelkunda Reservoir",7.800000000000001,239.5,2.25,6.3999999999999995,1.5,SERUA,2021-06-30
2021,1279,RIVER KUAKHAI AT BHUBANESWAR U/S,ODISHA,"Tributary Streams - Seonath, Bheden, Kharoon, Hasdeo, Ib, Serua, Kuakhai, Kathjodi, Birupa, Arpa, Kelo, Daya, Gobari, Devi, Gangua, Kushabhadra, Mangala, Bhargavi, Kansari, Badasankha Nadi, Ratnachira Nadi, Nuna Nadi, Kusumi Nadi, Sabulia Nadi, Sankha, Badanadi, Bahuda, Tel, Rushikulya And Russelkunda Reservoir",7.550000000000001,234.0,1.5,6.9,0.86,KUAKHAI,2021-06-30
2021,1280,RIVER KUAKHAI AT BHUBANESWAR D/S,ODISHA,"Tributary Streams - Seonath, Bheden, Kharoon, Hasdeo, Ib, Serua, Kuakhai, Kathjodi, Birupa, Arpa, Kelo, Daya, Gobari, Devi, Gangua, Kushabhadra, Mangala, Bhargavi, Kansari, Badasankha Nadi, Ratnachira Nadi, Nuna Nadi, Kusumi Nadi, Sabulia Nadi, Sankha, Badanadi, Bahuda, Tel, Rushikulya And Russelkunda Reservoir",7.3,324.0,3.5999999999999996,5.5,5.91,KUAKHAI,2021-06-30
2021,2410,RIVER KUAKHAI AT BHUBANESWAR FU/S,ODISHA,"Tributary Streams - Seonath, Bheden, Kharoon, Hasdeo, Ib, Serua, Kuakhai, Kathjodi, Birupa, Arpa, Kelo, Daya, Gobari, Devi, Gangua, Kushabhadra, Mangala, Bhargavi, Kansari, Badasankha Nadi, Ratnachira Nadi, Nuna Nadi, Kusumi Nadi, Sabulia Nadi, Sankha, Badanadi, Bahuda, Tel, Rushikulya And Russelkunda Reservoir",7.550000000000001,241.5,1.35,7.65,7.46,KUAKHAI,2021-06-30
2021,1640,RIVER BIRUPA AT CHOUDWAR D/S,ODISHA,"Tributary Streams - Seonath, Bheden, Kharoon, Hasdeo, Ib, Serua, Kuakhai, Kathjodi, Birupa, Arpa, Kelo, Daya, Gobari, Devi, Gangua, Kushabhadra, Mangala, Bhargavi, Kansari, Badasankha Nadi, Ratnachira Nadi, Nuna Nadi, Kusumi Nadi, Sabulia Nadi, Sankha, Badanadi, Bahuda, Tel, Rushikulya And Russelkunda Reservoir",7.449999999999999,223.5,1.4,7.800000000000001,0.7200000000000001,BIRUPA,2021-06-30
2021,1848,"RIVER ARPA D/S OF BILASPUR, CHHATISGARH.",CHATTISGARH,"Tributary Streams - Seonath, Bheden, Kharoon, Hasdeo, Ib, Serua, Kuakhai, Kathjodi, Birupa, Arpa, Kelo, Daya, Gobari, Devi, Gangua, Kushabhadra, Mangala, Bhargavi, Kansari, Badasankha Nadi, Ratnachira Nadi, Nuna Nadi, Kusumi Nadi, Sabulia Nadi, Sankha, Badanadi, Bahuda, Tel, Rushikulya And Russelkunda Reservoir",8.35,375.0,2.5999999999999996,7.1,5.699999999999999,ARPA,2021-06-30
2021,1849,"RIVER KELO U/S OF RAIGARH, CHHATISGARH.",CHATTISGARH,"Tributary Streams - Seonath, Bheden, Kharoon, Hasdeo, Ib, Serua, Kuakhai, Kathjodi, Birupa, Arpa, Kelo, Daya, Gobari, Devi, Gangua, Kushabhadra, Mangala, Bhargavi, Kansari, Badasankha Nadi, Ratnachira Nadi, Nuna Nadi, Kusumi Nadi, Sabulia Nadi, Sankha, Badanadi, Bahuda, Tel, Rushikulya And Russelkunda Reservoir",7.3,207.0,1.95,6.9,1.02,KELO,2021-06-30
2021,1850,"RIVER KELO D/S OF RAIGARH, CHHATISGARH.",CHATTISGARH,"Tributary Streams - Seonath, Bheden, Kharoon, Hasdeo, Ib, Serua, Kuakhai, Kathjodi, Birupa, Arpa, Kelo, Daya, Gobari, Devi, Gangua, Kushabhadra, Mangala, Bhargavi, Kansari, Badasankha Nadi, Ratnachira Nadi, Nuna Nadi, Kusumi Nadi, Sabulia Nadi, Sankha, Badanadi, Bahuda, Tel, Rushikulya And Russelkunda Reservoir",7.55,209.0,2.4,6.699999999999999,1.06,KELO,2021-06-30
2021,2411,RIVER DAYA AT BHUBANESWAR FD/S ( 2 KM AFTER CONFLUENCE OF GANGUA NALLAH WITH DAYA),ODISHA,"Tributary Streams - Seonath, Bheden, Kharoon, Hasdeo, Ib, Serua, Kuakhai, Kathjodi, Birupa, Arpa, Kelo, Daya, Gobari, Devi, Gangua, Kushabhadra, Mangala, Bhargavi, Kansari, Badasankha Nadi, Ratnachira Nadi, Nuna Nadi, Kusumi Nadi, Sabulia Nadi, Sankha, Badanadi, Bahuda, Tel, Rushikulya And Russelkunda Reservoir",7.1,258.5,3.3,5.65,4.11,DAYA,2021-06-30
2021,3894,RIVER DAYA AT GELAPUR,ODISHA,"Tributary Streams - Seonath, Bheden, Kharoon, Hasdeo, Ib, Serua, Kuakhai, Kathjodi, Birupa, Arpa, Kelo, Daya, Gobari, Devi, Gangua, Kushabhadra, Mangala, Bhargavi, Kansari, Badasankha Nadi, Ratnachira Nadi, Nuna Nadi, Kusumi Nadi, Sabulia Nadi, Sankha, Badanadi, Bahuda, Tel, Rushikulya And Russelkunda Reservoir",7.5,219.0,1.4500000000000002,7.9,1.96,DAYA,2021-06-30
2021,3895,RIVER DAYA AT KANAS,ODISHA,"Tributary Streams - Seonath, Bheden, Kharoon, Hasdeo, Ib, Serua, Kuakhai, Kathjodi, Birupa, Arpa, Kelo, Daya, Gobari, Devi, Gangua, Kushabhadra, Mangala, Bhargavi, Kansari, Badasankha Nadi, Ratnachira Nadi, Nuna Nadi, Kusumi Nadi, Sabulia Nadi, Sankha, Badanadi, Bahuda, Tel, Rushikulya And Russelkunda Reservoir",7.199999999999999,384.0,2.0,8.2,0.76,DAYA,2021-06-30
2021,3891,RIVER KATHAJODI AT CUTTACK U/S,ODISHA,"Tributary Streams - Seonath, Bheden, Kharoon, Hasdeo, Ib, Serua, Kuakhai, Kathjodi, Birupa, Arpa, Kelo, Daya, Gobari, Devi, Gangua, Kushabhadra, Mangala, Bhargavi, Kansari, Badasankha Nadi, Ratnachira Nadi, Nuna Nadi, Kusumi Nadi, Sabulia Nadi, Sankha, Badanadi, Bahuda, Tel, Rushikulya And Russelkunda Reservoir",7.7,206.5,1.4,8.3,0.92,KATHAJODI,2021-06-30
2021,1301,RIVER KATHAJODI AT CUTTACK D/S,ODISHA,"Tributary Streams - Seonath, Bheden, Kharoon, Hasdeo, Ib, Serua, Kuakhai, Kathjodi, Birupa, Arpa, Kelo, Daya, Gobari, Devi, Gangua, Kushabhadra, Mangala, Bhargavi, Kansari, Badasankha Nadi, Ratnachira Nadi, Nuna Nadi, Kusumi Nadi, Sabulia Nadi, Sankha, Badanadi, Bahuda, Tel, Rushikulya And Russelkunda Reservoir",7.800000000000001,268.5,2.8,6.300000000000001,0.62,KATHAJODI,2021-06-30
2021,3892,RIVER KATHJODI AT CUTTACK FD/S AT MATTAGAJPUR,ODISHA,"Tributary Streams - Seonath, Bheden, Kharoon, Hasdeo, Ib, Serua, Kuakhai, Kathjodi, Birupa, Arpa, Kelo, Daya, Gobari, Devi, Gangua, Kushabhadra, Mangala, Bhargavi, Kansari, Badasankha Nadi, Ratnachira Nadi, Nuna Nadi, Kusumi Nadi, Sabulia Nadi, Sankha, Badanadi, Bahuda, Tel, Rushikulya And Russelkunda Reservoir",7.8,256.5,2.15,6.4,1.1749999999999998,KATHJODI,2021-06-30
2021,3893,RIVER KATHJODI AT CUTTACK FD/S AT KAMASASAN,ODISHA,"Tributary Streams - Seonath, Bheden, Kharoon, Hasdeo, Ib, Serua, Kuakhai, Kathjodi, Birupa, Arpa, Kelo, Daya, Gobari, Devi, Gangua, Kushabhadra, Mangala, Bhargavi, Kansari, Badasankha Nadi, Ratnachira Nadi, Nuna Nadi, Kusumi Nadi, Sabulia Nadi, Sankha, Badanadi, Bahuda, Tel, Rushikulya And Russelkunda Reservoir",7.75,234.0,1.65,7.3,0.86,KATHJODI,2021-06-30
2021,3900,RIVER GOBARI AT KENDRAPARA U/S,ODISHA,"Tributary Streams - Seonath, Bheden, Kharoon, Hasdeo, Ib, Serua, Kuakhai, Kathjodi, Birupa, Arpa, Kelo, Daya, Gobari, Devi, Gangua, Kushabhadra, Mangala, Bhargavi, Kansari, Badasankha Nadi, Ratnachira Nadi, Nuna Nadi, Kusumi Nadi, Sabulia Nadi, Sankha, Badanadi, Bahuda, Tel, Rushikulya And Russelkunda Reservoir",7.699999999999999,739.0,1.2,6.9,0.77,GOBARI,2021-06-30
2021,3901,RIVER GOBARI AT KENDRAPARA D/S,ODISHA,"Tributary Streams - Seonath, Bheden, Kharoon, Hasdeo, Ib, Serua, Kuakhai, Kathjodi, Birupa, Arpa, Kelo, Daya, Gobari, Devi, Gangua, Kushabhadra, Mangala, Bhargavi, Kansari, Badasankha Nadi, Ratnachira Nadi, Nuna Nadi, Kusumi Nadi, Sabulia Nadi, Sankha, Badanadi, Bahuda, Tel, Rushikulya And Russelkunda Reservoir",7.5,790.0,1.55,6.3,0.555,GOBARI,2021-06-30
2021,3902,RIVER DEVI AT MACCHGAON,ODISHA,"Tributary Streams - Seonath, Bheden, Kharoon, Hasdeo, Ib, Serua, Kuakhai, Kathjodi, Birupa, Arpa, Kelo, Daya, Gobari, Devi, Gangua, Kushabhadra, Mangala, Bhargavi, Kansari, Badasankha Nadi, Ratnachira Nadi, Nuna Nadi, Kusumi Nadi, Sabulia Nadi, Sankha, Badanadi, Bahuda, Tel, Rushikulya And Russelkunda Reservoir",7.3999999999999995,19229.5,1.65,7.5,8.77,DEVI,2021-06-30
2021,3896,RIVER GANGUA NEAR RAJDHANI ENGINEERING COLLEGE,ODISHA,"Tributary Streams - Seonath, Bheden, Kharoon, Hasdeo, Ib, Serua, Kuakhai, Kathjodi, Birupa, Arpa, Kelo, Daya, Gobari, Devi, Gangua, Kushabhadra, Mangala, Bhargavi, Kansari, Badasankha Nadi, Ratnachira Nadi, Nuna Nadi, Kusumi Nadi, Sabulia Nadi, Sankha, Badanadi, Bahuda, Tel, Rushikulya And Russelkunda Reservoir",7.0,387.5,6.55,1.7,10.775,GANGUA,2021-06-30
2021,3897,RIVER GANGUA AT PALASUNI,ODISHA,"Tributary Streams - Seonath, Bheden, Kharoon, Hasdeo, Ib, Serua, Kuakhai, Kathjodi, Birupa, Arpa, Kelo, Daya, Gobari, Devi, Gangua, Kushabhadra, Mangala, Bhargavi, Kansari, Badasankha Nadi, Ratnachira Nadi, Nuna Nadi, Kusumi Nadi, Sabulia Nadi, Sankha, Badanadi, Bahuda, Tel, Rushikulya And Russelkunda Reservoir",4.95,407.5,7.65,1.85,7.3100000000000005,GANGUA,2021-06-30
2021,3898,RIVER GANGUA AT SAMANTARAPUR,ODISHA,"Tributary Streams - Seonath, Bheden, Kharoon, Hasdeo, Ib, Serua, Kuakhai, Kathjodi, Birupa, Arpa, Kelo, Daya, Gobari, Devi, Gangua, Kushabhadra, Mangala, Bhargavi, Kansari, Badasankha Nadi, Ratnachira Nadi, Nuna Nadi, Kusumi Nadi, Sabulia Nadi, Sankha, Badanadi, Bahuda, Tel, Rushikulya And Russelkunda Reservoir",6.45,430.5,7.1499999999999995,1.9500000000000002,4.035,GANGUA,2021-06-30
2021,3899,RIVER GANGUA AT VADIMULA,ODISHA,"Tributary Streams - Seonath, Bheden, Kharoon, Hasdeo, Ib, Serua, Kuakhai, Kathjodi, Birupa, Arpa, Kelo, Daya, Gobari, Devi, Gangua, Kushabhadra, Mangala, Bhargavi, Kansari, Badasankha Nadi, Ratnachira Nadi, Nuna Nadi, Kusumi Nadi, Sabulia Nadi, Sankha, Badanadi, Bahuda, Tel, Rushikulya And Russelkunda Reservoir",6.550000000000001,421.0,5.75,3.8000000000000003,2.19,GANGUA,2021-06-30
2021,3903,RIVER KUSHABHADRA AT BHINGARPUR,ODISHA,"Tributary Streams - Seonath, Bheden, Kharoon, Hasdeo, Ib, Serua, Kuakhai, Kathjodi, Birupa, Arpa, Kelo, Daya, Gobari, Devi, Gangua, Kushabhadra, Mangala, Bhargavi, Kansari, Badasankha Nadi, Ratnachira Nadi, Nuna Nadi, Kusumi Nadi, Sabulia Nadi, Sankha, Badanadi, Bahuda, Tel, Rushikulya And Russelkunda Reservoir",6.95,252.0,1.75,8.05,0.92,KUSHABHADRA,2021-06-30
2021,3904,RIVER KUSHABHADRA AT NIMAPARA,ODISHA,"Tributary Streams - Seonath, Bheden, Kharoon, Hasdeo, Ib, Serua, Kuakhai, Kathjodi, Birupa, Arpa, Kelo, Daya, Gobari, Devi, Gangua, Kushabhadra, Mangala, Bhargavi, Kansari, Badasankha Nadi, Ratnachira Nadi, Nuna Nadi, Kusumi Nadi, Sabulia Nadi, Sankha, Badanadi, Bahuda, Tel, Rushikulya And Russelkunda Reservoir",7.4,199.5,1.65,7.3999999999999995,0.7200000000000001,KUSHABHADRA,2021-06-30
2021,3905,RIVER KUSHABHADRA AT GOP,ODISHA,"Tributary Streams - Seonath, Bheden, Kharoon, Hasdeo, Ib, Serua, Kuakhai, Kathjodi, Birupa, Arpa, Kelo, Daya, Gobari, Devi, Gangua, Kushabhadra, Mangala, Bhargavi, Kansari, Badasankha Nadi, Ratnachira Nadi, Nuna Nadi, Kusumi Nadi, Sabulia Nadi, Sankha, Badanadi, Bahuda, Tel, Rushikulya And Russelkunda Reservoir",7.35,229.5,1.6,8.149999999999999,0.47,KUSHABHADRA,2021-06-30
2021,3906,RIVER MANGALA AT PURI U/S MALATIPATPUR,ODISHA,"Tributary Streams - Seonath, Bheden, Kharoon, Hasdeo, Ib, Serua, Kuakhai, Kathjodi, Birupa, Arpa, Kelo, Daya, Gobari, Devi, Gangua, Kushabhadra, Mangala, Bhargavi, Kansari, Badasankha Nadi, Ratnachira Nadi, Nuna Nadi, Kusumi Nadi, Sabulia Nadi, Sankha, Badanadi, Bahuda, Tel, Rushikulya And Russelkunda Reservoir",7.15,368.5,1.4,7.050000000000001,0.9700000000000001,MANGALA,2021-06-30
2021,3907,RIVER MANGALA AT PURI D/S GOLASAHI,ODISHA,"Tributary Streams - Seonath, Bheden, Kharoon, Hasdeo, Ib, Serua, Kuakhai, Kathjodi, Birupa, Arpa, Kelo, Daya, Gobari, Devi, Gangua, Kushabhadra, Mangala, Bhargavi, Kansari, Badasankha Nadi, Ratnachira Nadi, Nuna Nadi, Kusumi Nadi, Sabulia Nadi, Sankha, Badanadi, Bahuda, Tel, Rushikulya And Russelkunda Reservoir",7.7,19397.5,3.25,7.55,4.37,MANGALA,2021-06-30
2021,3908,RIVER BHARGAVI AT CHANDANPUR,ODISHA,"Tributary Streams - Seonath, Bheden, Kharoon, Hasdeo, Ib, Serua, Kuakhai, Kathjodi, Birupa, Arpa, Kelo, Daya, Gobari, Devi, Gangua, Kushabhadra, Mangala, Bhargavi, Kansari, Badasankha Nadi, Ratnachira Nadi, Nuna Nadi, Kusumi Nadi, Sabulia Nadi, Sankha, Badanadi, Bahuda, Tel, Rushikulya And Russelkunda Reservoir",7.75,351.0,1.4,7.5,0.88,BHARGAVI,2021-06-30
2021,3909,RIVER KANSARI AT BANAPUR ROAD NEAR PURUSHOTTAMPUR,ODISHA,"Tributary Streams - Seonath, Bheden, Kharoon, Hasdeo, Ib, Serua, Kuakhai, Kathjodi, Birupa, Arpa, Kelo, Daya, Gobari, Devi, Gangua, Kushabhadra, Mangala, Bhargavi, Kansari, Badasankha Nadi, Ratnachira Nadi, Nuna Nadi, Kusumi Nadi, Sabulia Nadi, Sankha, Badanadi, Bahuda, Tel, Rushikulya And Russelkunda Reservoir",7.25,246.0,1.7,6.45,3.97,KANSARI,2021-06-30
2021,3910,RIVER BADASANKHA NADI NEAR LANGALESWAR,ODISHA,"Tributary Streams - Seonath, Bheden, Kharoon, Hasdeo, Ib, Serua, Kuakhai, Kathjodi, Birupa, Arpa, Kelo, Daya, Gobari, Devi, Gangua, Kushabhadra, Mangala, Bhargavi, Kansari, Badasankha Nadi, Ratnachira Nadi, Nuna Nadi, Kusumi Nadi, Sabulia Nadi, Sankha, Badanadi, Bahuda, Tel, Rushikulya And Russelkunda Reservoir",7.35,6623.0,1.7000000000000002,6.300000000000001,0.86,BADASANKHA NADI,2021-06-30
2021,3911,RIVER RATNACHIRA NAADI AT KUMARADIHI,ODISHA,"Tributary Streams - Seonath, Bheden, Kharoon, Hasdeo, Ib, Serua, Kuakhai, Kathjodi, Birupa, Arpa, Kelo, Daya, Gobari, Devi, Gangua, Kushabhadra, Mangala, Bhargavi, Kansari, Badasankha Nadi, Ratnachira Nadi, Nuna Nadi, Kusumi Nadi, Sabulia Nadi, Sankha, Badanadi, Bahuda, Tel, Rushikulya And Russelkunda Reservoir",7.300000000000001,908.5,1.75,6.35,0.735,RATNACHIRA NAADI,2021-06-30
2021,3912,RIVER NUNA NADI AT BIJIPUR,ODISHA,"Tributary Streams - Seonath, Bheden, Kharoon, Hasdeo, Ib, Serua, Kuakhai, Kathjodi, Birupa, Arpa, Kelo, Daya, Gobari, Devi, Gangua, Kushabhadra, Mangala, Bhargavi, Kansari, Badasankha Nadi, Ratnachira Nadi, Nuna Nadi, Kusumi Nadi, Sabulia Nadi, Sankha, Badanadi, Bahuda, Tel, Rushikulya And Russelkunda Reservoir",7.25,254.0,1.3,8.65,0.66,NUNA NADI,2021-06-30
2021,3913,RIVER KUSUMI NADI NEAR TANGI (LAXMIDHARA PUR),ODISHA,"Tributary Streams - Seonath, Bheden, Kharoon, Hasdeo, Ib, Serua, Kuakhai, Kathjodi, Birupa, Arpa, Kelo, Daya, Gobari, Devi, Gangua, Kushabhadra, Mangala, Bhargavi, Kansari, Badasankha Nadi, Ratnachira Nadi, Nuna Nadi, Kusumi Nadi, Sabulia Nadi, Sankha, Badanadi, Bahuda, Tel, Rushikulya And Russelkunda Reservoir",7.199999999999999,261.0,1.5,6.65,7.46,KUSUMI NADI,2021-06-30
2021,3914,RIVER SABULIA NADI NEAR RAMBHA (AT JAGANNATHPATNA),ODISHA,"Tributary Streams - Seonath, Bheden, Kharoon, Hasdeo, Ib, Serua, Kuakhai, Kathjodi, Birupa, Arpa, Kelo, Daya, Gobari, Devi, Gangua, Kushabhadra, Mangala, Bhargavi, Kansari, Badasankha Nadi, Ratnachira Nadi, Nuna Nadi, Kusumi Nadi, Sabulia Nadi, Sankha, Badanadi, Bahuda, Tel, Rushikulya And Russelkunda Reservoir",7.4,550.5,1.5,5.6,0.92,SABULIA NADI,2021-06-30
2021,2412,RIVER SANKHA U/S ( D/S OF MANDIRA DAM),ODISHA,"Tributary Streams - Seonath, Bheden, Kharoon, Hasdeo, Ib, Serua, Kuakhai, Kathjodi, Birupa, Arpa, Kelo, Daya, Gobari, Devi, Gangua, Kushabhadra, Mangala, Bhargavi, Kansari, Badasankha Nadi, Ratnachira Nadi, Nuna Nadi, Kusumi Nadi, Sabulia Nadi, Sankha, Badanadi, Bahuda, Tel, Rushikulya And Russelkunda Reservoir",7.6,150.0,1.25,8.0,0.725,SANKHA,2021-06-30
2021,3946,RIVER BADA NADI AT ASIKA,ODISHA,"Tributary Streams - Seonath, Bheden, Kharoon, Hasdeo, Ib, Serua, Kuakhai, Kathjodi, Birupa, Arpa, Kelo, Daya, Gobari, Devi, Gangua, Kushabhadra, Mangala, Bhargavi, Kansari, Badasankha Nadi, Ratnachira Nadi, Nuna Nadi, Kusumi Nadi, Sabulia Nadi, Sankha, Badanadi, Bahuda, Tel, Rushikulya And Russelkunda Reservoir",7.95,246.5,1.9,8.0,0.8200000000000001,BADA NADI,2021-06-30
2021,3949,RIVER BAHUDA AT DAMODARPALLY,ODISHA,"Tributary Streams - Seonath, Bheden, Kharoon, Hasdeo, Ib, Serua, Kuakhai, Kathjodi, Birupa, Arpa, Kelo, Daya, Gobari, Devi, Gangua, Kushabhadra, Mangala, Bhargavi, Kansari, Badasankha Nadi, Ratnachira Nadi, Nuna Nadi, Kusumi Nadi, Sabulia Nadi, Sankha, Badanadi, Bahuda, Tel, Rushikulya And Russelkunda Reservoir",7.85,424.0,1.4,8.5,0.67,BAHUDA,2021-06-30
2021,2408,"RIVER TEL (OVER ROAD BRIDGE STATE HIGHWAY -41, MANAMUNDA)",ODISHA,"Tributary Streams - Seonath, Bheden, Kharoon, Hasdeo, Ib, Serua, Kuakhai, Kathjodi, Birupa, Arpa, Kelo, Daya, Gobari, Devi, Gangua, Kushabhadra, Mangala, Bhargavi, Kansari, Badasankha Nadi, Ratnachira Nadi, Nuna Nadi, Kusumi Nadi, Sabulia Nadi, Sankha, Badanadi, Bahuda, Tel, Rushikulya And Russelkunda Reservoir",7.9,222.5,1.4,7.7,0.925,"Seonath, Bheden, Kharoon, Hasdeo, Ib, Serua, Kuakhai, Kathjodi, Birupa, Arpa, Kelo, Daya, Gobari, Devi, Gangua, Kushabhadra, Mangala, Bhargavi, Kansari, Badasankha Nadi, Ratnachira Nadi, Nuna Nadi, Kusumi Nadi, Sabulia Nadi, Sankha, Badanadi, Bahuda, Tel, Rushikulya And Russelkunda Reservoir",2021-06-30
2021,1455,"RIVER RUSHIKULYA AT GANJAM U/S (NEAR BABA TOLEKESWAR TEMPLE, KARAPADA) MADHOPUR",ODISHA,"Tributary Streams - Seonath, Bheden, Kharoon, Hasdeo, Ib, Serua, Kuakhai, Kathjodi, Birupa, Arpa, Kelo, Daya, Gobari, Devi, Gangua, Kushabhadra, Mangala, Bhargavi, Kansari, Badasankha Nadi, Ratnachira Nadi, Nuna Nadi, Kusumi Nadi, Sabulia Nadi, Sankha, Badanadi, Bahuda, Tel, Rushikulya And Russelkunda Reservoir",7.9,6348.5,1.8,7.25,0.7050000000000001,RUSHIKULYA,2021-06-30
2021,1456,RIVER RUSHIKULYA AT GANJAM D/S (NEAR POTTAGARH PORT),ODISHA,"Tributary Streams - Seonath, Bheden, Kharoon, Hasdeo, Ib, Serua, Kuakhai, Kathjodi, Birupa, Arpa, Kelo, Daya, Gobari, Devi, Gangua, Kushabhadra, Mangala, Bhargavi, Kansari, Badasankha Nadi, Ratnachira Nadi, Nuna Nadi, Kusumi Nadi, Sabulia Nadi, Sankha, Badanadi, Bahuda, Tel, Rushikulya And Russelkunda Reservoir",7.800000000000001,17968.5,1.55,6.6,0.885,RUSHIKULYA,2021-06-30
2021,3945,RIVER RUSHIKULYA AT ASIKA,ODISHA,"Tributary Streams - Seonath, Bheden, Kharoon, Hasdeo, Ib, Serua, Kuakhai, Kathjodi, Birupa, Arpa, Kelo, Daya, Gobari, Devi, Gangua, Kushabhadra, Mangala, Bhargavi, Kansari, Badasankha Nadi, Ratnachira Nadi, Nuna Nadi, Kusumi Nadi, Sabulia Nadi, Sankha, Badanadi, Bahuda, Tel, Rushikulya And Russelkunda Reservoir",7.85,482.0,1.5,8.75,0.8200000000000001,RUSHIKULYA,2021-06-30
2021,3947,RIVER RUSHIKULYA AT NALABANTA,ODISHA,"Tributary Streams - Seonath, Bheden, Kharoon, Hasdeo, Ib, Serua, Kuakhai, Kathjodi, Birupa, Arpa, Kelo, Daya, Gobari, Devi, Gangua, Kushabhadra, Mangala, Bhargavi, Kansari, Badasankha Nadi, Ratnachira Nadi, Nuna Nadi, Kusumi Nadi, Sabulia Nadi, Sankha, Badanadi, Bahuda, Tel, Rushikulya And Russelkunda Reservoir",7.95,254.0,1.4,8.3,0.77,RUSHIKULYA,2021-06-30
2021,3944,RIVER RUSSELKUNDA RESERVOIR,ODISHA,"Tributary Streams - Seonath, Bheden, Kharoon, Hasdeo, Ib, Serua, Kuakhai, Kathjodi, Birupa, Arpa, Kelo, Daya, Gobari, Devi, Gangua, Kushabhadra, Mangala, Bhargavi, Kansari, Badasankha Nadi, Ratnachira Nadi, Nuna Nadi, Kusumi Nadi, Sabulia Nadi, Sankha, Badanadi, Bahuda, Tel, Rushikulya And Russelkunda Reservoir",7.55,22261.5,1.4,8.9,0.92,"Seonath, Bheden, Kharoon, Hasdeo, Ib, Serua, Kuakhai, Kathjodi, Birupa, Arpa, Kelo, Daya, Gobari, Devi, Gangua, Kushabhadra, Mangala, Bhargavi, Kansari, Badasankha Nadi, Ratnachira Nadi, Nuna Nadi, Kusumi Nadi, Sabulia Nadi, Sankha, Badanadi, Bahuda, Tel, Rushikulya And Russelkunda Reservoir",2021-06-30
2021,1081,RIVER BAITARNI AT JODA,ODISHA,Tributary Streams - Baitarni,7.3,182.0,1.6,7.25,0.8200000000000001,BAITARNI,2021-06-30
2021,1082,RIVER BAITARNI AT ANANDPUR,ODISHA,Tributary Streams - Baitarni,7.5,146.5,1.55,7.15,0.92,BAITARNI,2021-06-30
2021,1083,RIVER BAITARNI AT JAJPUR,ODISHA,Tributary Streams - Baitarni,7.65,200.0,1.75,7.6,5.5200000000000005,BAITARNI,2021-06-30
2021,3935,RIVER BAITARNI AT NAIGARH,ODISHA,Tributary Streams - Baitarni,7.4,96.5,1.25,6.6,0.87,BAITARNI,2021-06-30
2021,3936,RIVER BAITARNI AT UNCHABALI,ODISHA,Tributary Streams - Baitarni,7.45,106.0,1.0,6.75,0.87,BAITARNI,2021-06-30
2021,1085,RIVER BAITARNI AT DHAMRA,ODISHA,Tributary Streams - Baitarni,7.5,15993.0,1.4,6.8,1.1199999999999999,BAITARNI,2021-06-30
2021,3938,RIVER BAITARNI AT TRIBINDHA,ODISHA,Tributary Streams - Baitarni,7.550000000000001,143.0,1.25,7.199999999999999,0.92,BAITARNI,2021-06-30
2021,3937,RIVER BAITARNI AT CHAMPUA,ODISHA,Tributary Streams - Baitarni,7.55,137.5,1.45,7.15,0.92,BAITARNI,2021-06-30
2021,1084,RIVER BAITARNI AT CHANDBALI U/S,ODISHA,Tributary Streams - Baitarni,7.25,7735.0,1.55,7.4,1.02,BAITARNI,2021-06-30
2021,10018,RIVER BAITARNI AT CHANDBALI D/S,ODISHA,Tributary Streams - Baitarni,7.35,7680.5,1.65,7.1,1.1199999999999999,BAITARNI,2021-06-30
2021,3940,RIVER SALANDI AT BHADRAK U/S,ODISHA,Tributary Streams - Baitarni,7.6,157.5,1.15,7.4,0.52,SALANDI,2021-06-30
2021,3941,RIVER SALANDI AT BHADRAK D/S,ODISHA,Tributary Streams - Baitarni,7.7,194.5,1.75,7.2,1.3199999999999998,SALANDI,2021-06-30
2021,2421,"RIVER KUSEI BEFORE JOINING WITH BAITARNI AT ANANDPUR, DEOGAON",ODISHA,Tributary Streams - Baitarni,7.75,214.0,1.35,7.4,0.8200000000000001,KUSEI BEFORE JOINING WITH BAITARNI,2021-06-30
2021,1037,RIVER BRAHMANI AT U/S PANPOSH,ODISHA,Brahmani,7.45,151.5,1.35,6.45,7.5600000000000005,BRAHMANI,2021-06-30
2021,1038,RIVER BRAHMANI AT D/S PANPOSH AT DEOGAN,ODISHA,Brahmani,7.35,295.5,3.4,5.8,1.3399999999999999,BRAHMANI,2021-06-30
2021,1302,RIVER BRAHMANI AT ROURKELA D/S AT JALDA,ODISHA,Brahmani,7.4,274.0,3.45,4.25,3.885,BRAHMANI,2021-06-30
2021,2414,RIVER BRAHMANI AT ROURKELA FD/S AT BIRITOLA,ODISHA,Brahmani,7.65,194.5,2.0,6.4,2.5100000000000002,BRAHMANI,2021-06-30
2021,1039,RIVER BRAHMANI AT BONAIGARH,ODISHA,Brahmani,7.45,182.0,1.45,7.15,2.5700000000000003,BRAHMANI,2021-06-30
2021,1040,RIVER BRAHMANI AT RENGALI,ODISHA,Brahmani,7.449999999999999,162.0,1.15,7.0,0.9700000000000001,BRAHMANI,2021-06-30
2021,1041,RIVER BRAHMANI AT SAMAL,ODISHA,Brahmani,7.65,141.5,1.4,8.2,0.9700000000000001,BRAHMANI,2021-06-30
2021,2415,"RIVER BRAHMANI AT TALCHER FU/S (INTAKE WELL OF MCL, TALCHER)",ODISHA,Brahmani,7.5,136.5,1.35,7.800000000000001,0.67,BRAHMANI,2021-06-30
2021,2416,RIVER BRAHMANI AT TALCHER FD/S,ODISHA,Brahmani,7.6499999999999995,168.5,1.4,7.9,4.42,BRAHMANI,2021-06-30
2021,1042,RIVER BRAHMANI AT KAMALANGA (TALCHER D/S),ODISHA,Brahmani,7.55,186.0,1.8,7.8,6.22,BRAHMANI,2021-06-30
2021,2417,"RIVER BRAHAMNI AT DHENKANAL D/S, DHENKANAL TOWN",ODISHA,Brahmani,7.5,165.0,1.45,7.2,0.67,BRAHAMNI,2021-06-30
2021,1303,RIVER BRAHMANI AT TALCHER U/S,ODISHA,Brahmani,7.55,169.5,1.35,7.6,8.57,BRAHMANI,2021-06-30
2021,1043,RIVER BRAHMANI AT BHUBAN,ODISHA,Brahmani,7.45,152.5,1.6,6.8,4.7700000000000005,BRAHMANI,2021-06-30
2021,2418,RIVER BRAHMANI AT KABATABANDHA (BEFORE IMPACT OF INDUSTRIAL ACTIVITY IN KALINGANAGAR AREA),ODISHA,Brahmani,7.6,166.0,1.35,8.100000000000001,0.92,BRAHMANI,2021-06-30
2021,10019,RIVER BRAHMANI AT DHARAMSHALA U/S,ODISHA,Brahmani,7.35,176.0,1.4,7.65,0.67,BRAHMANI,2021-06-30
2021,1044,RIVER BRAHMANI AT DHARMASHALA U/S,ODISHA,Brahmani,7.6000000000000005,165.5,1.1,7.8,0.52,BRAHMANI,2021-06-30
2021,1045,RIVER BRAHMANI AT PATTAMUNDAI,ODISHA,Brahmani,7.5,197.5,1.4,7.7,0.57,BRAHMANI,2021-06-30
2021,3916,RIVER BRAHMANI AT ROURKELA FD/S AT ATTAGHAT,ODISHA,Brahmani,7.65,240.0,2.6500000000000004,5.300000000000001,3.27,BRAHMANI,2021-06-30
2021,3917,RIVER BRAHMANI AT MANDAPAL,ODISHA,Brahmani,7.4,223.5,1.7,7.3,4.47,BRAHMANI,2021-06-30
2021,3918,RIVER BRAHMANI AT DHENKANAL U/S,ODISHA,Brahmani,7.449999999999999,146.5,1.3,7.2,3.72,BRAHMANI,2021-06-30
2021,2419,RIVER KHARASROTA AT KHANDITARA (D/S OF INDUSTRIAL ACTIVITIES AT KALINGA NAGAR),ODISHA,Tributary Streams - Kharasrota At Khanditara,7.5,142.5,1.45,8.05,2.52,KHARASROTA,2021-06-30
2021,2420,RIVER KHARASROTA AT AUL,ODISHA,Tributary Streams - Kharasrota At Khanditara,7.55,235.5,1.35,7.5,0.8200000000000001,KHARASROTA,2021-06-30
2021,3922,RIVER KHARASROTA AT BINJHARPUR,ODISHA,Tributary Streams - Kharasrota At Khanditara,7.699999999999999,178.0,1.8,7.7,0.7200000000000001,KHARASROTA,2021-06-30
2021,3921,RIVER KISINDAJHOR AT KHARAGPRASAD,ODISHA,Tributary Streams - Kharasrota At Khanditara,7.8500000000000005,375.0,1.45,7.3,0.92,KISINDAJHOR,2021-06-30
2021,3931,RIVER BANGURUSINGADA JHOR,ODISHA,Tributary Streams - Kharasrota At Khanditara,7.75,291.0,1.6,6.8,0.67,Kharasrota At Khanditara,2021-06-30
2021,1035,"RIVER KARO AT LOHOJIMI U/S, JHARKAND",JHARKHAND,Tributary Streams - Kharasrota At Khanditara,7.1,,1.9000000000000001,7.9,,KARO,2021-06-30
2021,3915,RIVER KARO AT BADBIL,ODISHA,Tributary Streams - Kharasrota At Khanditara,7.300000000000001,170.5,1.15,7.15,0.8200000000000001,KARO,2021-06-30
2021,3924,RIVER BADAJHOR (AT DHENKANAL),ODISHA,Tributary Streams - Kharasrota At Khanditara,7.9,285.0,1.35,8.5,3.77,Kharasrota At Khanditara,2021-06-30
2021,3933,RIVER DAMASALA AT DAYANABIL,ODISHA,Tributary Streams - Kharasrota At Khanditara,7.6,159.5,1.5,7.449999999999999,0.67,DAMASALA,2021-06-30
2021,3927,RIVER TIKIRA AT KANIHA U/S,ODISHA,Tributary Streams - Kharasrota At Khanditara,7.7,218.5,1.1,7.300000000000001,0.73,TIKIRA,2021-06-30
2021,3928,RIVER TIKIRA AT KANIHA D/S,ODISHA,Tributary Streams - Kharasrota At Khanditara,7.8,300.0,1.4,8.9,0.7200000000000001,TIKIRA,2021-06-30
2021,3929,"RIVER SINGDA JHOR (TALCHER KANIHA ROAD BRIDGE, BALANGI)",ODISHA,Tributary Streams - Kharasrota At Khanditara,7.5,366.5,1.3,7.6499999999999995,0.77,Kharasrota At Khanditara,2021-06-30
2021,3932,RIVER RAMIALA NEAR KAMAKHYANAGAR,ODISHA,Tributary Streams - Kharasrota At Khanditara,7.55,225.5,1.1,7.0,0.92,RAMIALA,2021-06-30
2021,3921,RIVER KISINDAJHOR AT KHARAGPRASAD,ODISHA,Tributary Streams - Kharasrota At Khanditara,7.8500000000000005,375.0,1.45,7.3,0.92,KISINDAJHOR,2021-06-30
2021,1033,"RIVER KOEL AT BASIA, DAM U/S, JHARKHAND",JHARKHAND,Tributary Streams - Kharasrota At Khanditara,7.05,,1.75,7.8500000000000005,,KOEL,2021-06-30
2021,1036,"RIVER KOEL AT MANOHARPUR AFTER MEETING KOINA RIVER D/S, JHARKAND",JHARKHAND,Tributary Streams - Kharasrota At Khanditara,7.8,180.0,1.95,7.35,,KOEL,2021-06-30
2021,2376,RIVER NORTH KOEL U/S DALTANGANJ,JHARKHAND,Tributary Streams - Kharasrota At Khanditara,7.25,,1.95,8.0,,NORTH KOEL,2021-06-30
2021,2377,"RIVER NORTH KOEL D/S BCCL, REHLA",JHARKHAND,Tributary Streams - Kharasrota At Khanditara,7.1,,2.15,8.0,,NORTH KOEL,2021-06-30
2021,2413,RIVER KOEL U/S (AFTER CONFLUENCE OF KARO),ODISHA,Tributary Streams - Kharasrota At Khanditara,7.75,179.5,1.45,6.95,0.42000000000000004,KOEL,2021-06-30
2021,3919,RIVER NANDIRA U/S AT KUKUDANGA,ODISHA,Tributary Streams - Kharasrota At Khanditara,7.95,459.5,1.1,7.7,4.47,NANDIRA,2021-06-30
2021,3920,RIVER NANDIRA D/S AT DASNALI,ODISHA,Tributary Streams - Kharasrota At Khanditara,7.95,546.0,1.5499999999999998,8.399999999999999,4.87,NANDIRA,2021-06-30
2021,3925,RIVER LINGIRA U/S OF ANGUL,ODISHA,Tributary Streams - Kharasrota At Khanditara,8.1,359.5,1.15,8.5,0.7200000000000001,LINGIRA,2021-06-30
2021,3926,RIVER LINGIRA D/S OF ANGUL,ODISHA,Tributary Streams - Kharasrota At Khanditara,8.1,442.5,1.75,8.2,0.57,LINGIRA,2021-06-30
2021,2360,"RIVER GODAVARI AT BASARA, ADILABAD",TELANGANA,Godavari,7.25,574.5,2.1,6.35,5.765000000000001,GODAVARI,2021-06-30
2021,2361,"RIVER GODAVARI AT MANCHERIAL, NEAR RLY BDG B/C OF RALLAVAGU",TELANGANA,Godavari,7.95,562.5,3.05,5.449999999999999,1.15,GODAVARI,2021-06-30
2021,2362,"RIVER GODAVARI AT RAMAGUNDAM D/S, NEAR FCI INTAKE WELL, KARIMNAGAR",TELANGANA,Godavari,7.8,487.5,2.55,5.050000000000001,2.65,GODAVARI,2021-06-30
2021,2363,"RIVER GODAVARI AT GODAVARIKHANI, NEAR BATHING GHAT, KARIMNAGAR",TELANGANA,Godavari,7.6,478.0,2.7,5.1,1.25,GODAVARI,2021-06-30
2021,2364,"RIVER GODAVARI AT RAMAGUNDAM U/S , KARIMNAGAR",TELANGANA,Godavari,7.95,555.5,2.55,5.6,2.15,GODAVARI,2021-06-30
2021,2365,"RIVER GODAVARI AT KAMALPUR U/S M/S AP RAYONS LTD. INTAKE WELL, WARANGAL",TELANGANA,Godavari,7.85,360.5,2.25,5.949999999999999,0.44999999999999996,GODAVARI,2021-06-30
2021,2366,"RIVER GODAVARI AT KAMALPUR D/S AT M/S. AP RAYONS LTD. DISCHARGE POINT, WARANGAL",TELANGANA,Godavari,7.800000000000001,383.5,2.35,5.85,0.55,GODAVARI,2021-06-30
2021,2367,"RIVER GODAVARI AT BHADRACHALAM U/S BATHING GHAT, KHAMMAM",TELANGANA,Godavari,7.699999999999999,385.5,2.55,5.05,3.15,GODAVARI,2021-06-30
2021,2369,"RIVER GODAVARI AT BURGAMPAHAD, KHAMMAM",TELANGANA,Godavari,7.6499999999999995,515.5,2.55,4.85,3.15,GODAVARI,2021-06-30
2021,4227,"RIVER GODAVARI- POCHERA WATER FALLS, POCHERA (V), BOATH (M), ADILABAD (D)",TELANGANA,Godavari,7.15,673.0,2.1,6.4,5.63,Godavari,2021-06-30
2021,2368,"RIVER GODAVARI AT BHADRACHALAM D/S BATHING GHAT, KHAMMAM",TELANGANA,Godavari,7.6499999999999995,390.0,2.55,5.45,2.65,GODAVARI,2021-06-30
2021,2356,"RIVER GODAVARI, D/S OF RAMANUGUNDAM, MANTHANI",TELANGANA,Godavari,7.8,555.5,2.45,5.5,2.15,Godavari,2021-06-30
2021,4662,"RIVER GODAVARI AT KALESHWARAM, 500 MTS.BEFORE BATHING GHAT",TELANGANA,Godavari,7.9,422.5,2.25,5.949999999999999,1.2,GODAVARI,2021-06-30
2021,1218,"RIVER GODAVARI AT RAJAHMUNDRY U/S, KUMARADEVAM, EAST GODAVARI",ANDHRA PRADESH,Godavari,7.6,229.5,1.5,7.449999999999999,1.305,GODAVARI,2021-06-30
2021,1219,"RIVER GODAVARI AT RAJAHMUNDRY D/S, DHAVALESWARAM, EAST GODAVARI",ANDHRA PRADESH,Godavari,7.3,271.5,1.8,7.25,1.21,GODAVARI,2021-06-30
2021,2370,"RIVER GODAVARI AT RAJAMUNDRY U/S OF NALLA CHANNEL, EAST GODAVARI DISTRICT",ANDHRA PRADESH,Godavari,7.35,259.5,2.0,7.5,1.58,GODAVARI,2021-06-30
2021,2371,"RIVER GODAVARI AT RAJAMUNDRY D/S OF NALLA CHANNEL, EAST GODAVARI DISTRICT",ANDHRA PRADESH,Godavari,7.35,315.5,2.3,6.8,1.52,GODAVARI,2021-06-30
2021,4359,"RIVER GODAVARI AFTER CONFLUENCE WITH SABARI TRIBUTARY, (KUNAVARAM) AT WADDIGUDEM(V) V.R. PURAM (M)",ANDHRA PRADESH,Godavari,7.55,144.0,1.6,7.8500000000000005,1.1949999999999998,Godavari,2021-06-30
2021,30049,"RIVER GODAVARI AT BELUR,DHARMADABAD, NANDED (MAHARSHTRA)",MAHARASHTRA,Godavari,8.2,524.0,4.2,5.8,7.47,GODAVARI,2021-06-30
2021,30051,RIVER GODAVARI AT BASER(BANGALORE),KARNATAKA,Godavari,7.4,680.0,1.8,6.8,7.12,GODAVARI,2021-06-30
2021,4367,"RIVER GODAVARI KOUNDINYA MUKTHI (V), KUKUNUR (M), BORDER POINT BETWEEN ANDHRA PRADESH & TELANGANA STATES",ANDHRA,Godavari,8.0,454.0,1.75,7.1000000000000005,2.46,Godavari,2021-06-30
2021,1095,"RIVER GODAVARI AT U/S OF GANGAPUR DAM, NASHIK",MAHARASHTRA,Godavari,7.35,411.0,2.7,6.65,0.975,GODAVARI,2021-06-30
2021,1096,"RIVER GODAVARI AT PANCHAVATI AT RAMKUND,NASHIK",MAHARASHTRA,Godavari,7.449999999999999,620.0,3.9,6.15,1.25,GODAVARI,2021-06-30
2021,1209,"RIVER GODAVARI AT RAHER, NAYAGAON, NANDED",MAHARASHTRA,Godavari,8.3,2821.5,3.4,6.85,3.65,GODAVARI,2021-06-30
2021,1210,"RIVER GODAVARI AT VISHNUPURI,NANDED, NANDED",MAHARASHTRA,Godavari,8.4,2537.5,3.25,6.7,1.95,GODAVARI,2021-06-30
2021,1211,"RIVER GODAVARI AT NASIK D/S, GADGEBABA MAHARAJ NAGAR, NASHIK",MAHARASHTRA,Godavari,7.550000000000001,657.5,4.0,5.7,1.255,GODAVARI,2021-06-30
2021,2177,"RIVER GODAVARI NEAR SOMESHWAR TEMPLE, SOMESHWAR, NASHIK",MAHARASHTRA,Godavari,7.550000000000001,570.0,3.4000000000000004,6.2,1.16,GODAVARI,2021-06-30
2021,2179,"RIVER GODAVARI AT HANUMAN GHAT, NASHIK CITY, NASHIK",MAHARASHTRA,Godavari,7.65,731.0,3.4000000000000004,5.9,0.92,GODAVARI,2021-06-30
2021,2180,"RIVER GODAVARI AT TAPOVAN, TAPOVAN, NASHIK",MAHARASHTRA,Godavari,7.6,733.5,5.5,4.85,1.21,GODAVARI,2021-06-30
2021,2181,"RIVER GODAVARI AT KAPILA- GODAVARI CONFLUENCE POINT, TAPOVAN, NASHIK",MAHARASHTRA,Godavari,7.6,634.5,5.5,4.55,1.1199999999999999,GODAVARI,2021-06-30
2021,2182,"RIVER GODAVARI AT SAIKHEDA, NIPHAD, NASHIK",MAHARASHTRA,Godavari,7.35,994.5,4.2,5.85,2.1999999999999997,GODAVARI,2021-06-30
2021,2183,"RIVER GODAVARI AT NANDUR- MADMESHWAR DAM, NANDUR, NASHIK",MAHARASHTRA,Godavari,7.3,658.0,3.0,6.4,1.7999999999999998,GODAVARI,2021-06-30
2021,2157,"RIVER GODAVARI AT LATUR WATER INTAKE NEAR PUMP HOUSE AT DHAMEGAON, KALUMB, OSMANABAD",MAHARASHTRA,Godavari,7.949999999999999,2194.5,3.9,7.05,3.225,GODAVARI,2021-06-30
2021,2158,"RIVER GODAVARI AT U/S OF PAITHAN AT PAITHAN INTAKE PUMP HOUSE AT JAYAKWADI, PAITHAN, AURANGABAD",MAHARASHTRA,Godavari,8.25,663.5,3.8,6.55,1.15,GODAVARI,2021-06-30
2021,2159,"RIVER GODAVARI AT D/S OF PAITHAN AT PATHEGAON BRIDGE, PATHEGAON, PAITHAN, AURANGABAD",MAHARASHTRA,Godavari,8.45,1124.5,3.1,6.95,1.06,GODAVARI,2021-06-30
2021,2160,"RIVER GODAVARI AT U/S OF AURANGABAD RESERVOIR, KAIGAON TOKKA NEAR KAIGAON BRIDGE,KAIGAON, GANGAPUR, AURANGABAD",MAHARASHTRA,Godavari,8.45,1236.0,4.3,6.85,1.49,GODAVARI,2021-06-30
2021,2161,"RIVER GODAVARI AT JALNA INTAKE WATER PUMP HOUSE, SHAHABAD, AMBAD, JALNA",MAHARASHTRA,Godavari,8.15,2294.5,3.75,6.8,0.85,GODAVARI,2021-06-30
2021,1312,"RIVER GODAVARI AT JAYAKWADI DAM, PAITHAN,AURANAGABAD",MAHARASHTRA,Godavari,8.4,822.0,3.4000000000000004,6.9,1.17,GODAVARI,2021-06-30
2021,1854,"RIVER INDRAVATI A/C DANTEWADA RIVER, NELSONNAR, DANTEWADA, CHHATISGARH.",CHATTISGARH,"Tributary Streams - Indravati, Shankni, Manjeera, Singur Dam, Maner, Wainganga, Kinnersani, Sabari, Karakavagu, Wardha, Purna, Darna, Wena, Penganga, Arasalar, Chunnambar, Kolar, Kanhan, Bindusara And Alisagar Reservoir Station Code Name Of Monitoring Location State Name Temperature",7.55,,1.9,7.45,,"Indravati, Shankni, Manjeera, Singur Dam, Maner, Wainganga, Kinnersani, Sabari, Karakavagu, Wardha, Purna, Darna, Wena, Penganga, Arasalar, Chunnambar, Kolar, Kanhan, Bindusara And Alisagar Reservoir Station Code Name Of Monitoring Location State Name Temperature",2021-06-30
2021,1855,"RIVER INDRAVATI B/C GODAVARI AT BHOPALPATNAM, DANTEWADA, CHHATISGARH.",CHATTISGARH,"Tributary Streams - Indravati, Shankni, Manjeera, Singur Dam, Maner, Wainganga, Kinnersani, Sabari, Karakavagu, Wardha, Purna, Darna, Wena, Penganga, Arasalar, Chunnambar, Kolar, Kanhan, Bindusara And Alisagar Reservoir Station Code Name Of Monitoring Location State Name Temperature",7.35,,2.1,7.6,,INDRAVATI B/C GODAVARI,2021-06-30
2021,3948,RIVER INDRAVATI AT NAWARANGPUR,ODISHA,"Tributary Streams - Indravati, Shankni, Manjeera, Singur Dam, Maner, Wainganga, Kinnersani, Sabari, Karakavagu, Wardha, Purna, Darna, Wena, Penganga, Arasalar, Chunnambar, Kolar, Kanhan, Bindusara And Alisagar Reservoir Station Code Name Of Monitoring Location State Name Temperature",7.699999999999999,129.0,1.1,7.15,0.77,INDRAVATI,2021-06-30
2021,30062,RIVER INDRAVATI AT NOWRANGPUR (ODISHA),ODISHA,"Tributary Streams - Indravati, Shankni, Manjeera, Singur Dam, Maner, Wainganga, Kinnersani, Sabari, Karakavagu, Wardha, Purna, Darna, Wena, Penganga, Arasalar, Chunnambar, Kolar, Kanhan, Bindusara And Alisagar Reservoir Station Code Name Of Monitoring Location State Name Temperature",7.7,99.5,1.0,7.449999999999999,0.355,INDRAVATI,2021-06-30
2021,1856,"RIVER SHANKNI A/C DANKANI RIVER DANTEWADA, CHHATISGARH.",CHATTISGARH,"Tributary Streams - Indravati, Shankni, Manjeera, Singur Dam, Maner, Wainganga, Kinnersani, Sabari, Karakavagu, Wardha, Purna, Darna, Wena, Penganga, Arasalar, Chunnambar, Kolar, Kanhan, Bindusara And Alisagar Reservoir Station Code Name Of Monitoring Location State Name Temperature",7.45,,2.1,7.55,,"Indravati, Shankni, Manjeera, Singur Dam, Maner, Wainganga, Kinnersani, Sabari, Karakavagu, Wardha, Purna, Darna, Wena, Penganga, Arasalar, Chunnambar, Kolar, Kanhan, Bindusara And Alisagar Reservoir Station Code Name Of Monitoring Location State Name Temperature",2021-06-30
2021,2374,RIVER MANJEERA AT GOWDICHARLA B/C WITH NAKKAVAGU,TELANGANA,"Tributary Streams - Indravati, Shankni, Manjeera, Singur Dam, Maner, Wainganga, Kinnersani, Sabari, Karakavagu, Wardha, Purna, Darna, Wena, Penganga, Arasalar, Chunnambar, Kolar, Kanhan, Bindusara And Alisagar Reservoir Station Code Name Of Monitoring Location State Name Temperature",7.050000000000001,1141.0,2.6,6.35,10.665000000000001,MANJEERA,2021-06-30
2021,2375,RIVER MANJEERA AT GOWDICHARLA A/C WITH NAKKAVAGU,TELANGANA,"Tributary Streams - Indravati, Shankni, Manjeera, Singur Dam, Maner, Wainganga, Kinnersani, Sabari, Karakavagu, Wardha, Purna, Darna, Wena, Penganga, Arasalar, Chunnambar, Kolar, Kanhan, Bindusara And Alisagar Reservoir Station Code Name Of Monitoring Location State Name Temperature",7.1,1181.5,2.65,6.1,13.18,MANJEERA,2021-06-30
2021,1781,"RIVER MANJEERA - NEAR GANAPATHI SUGARS , MEDAK DIST.",TELANGANA,"Tributary Streams - Indravati, Shankni, Manjeera, Singur Dam, Maner, Wainganga, Kinnersani, Sabari, Karakavagu, Wardha, Purna, Darna, Wena, Penganga, Arasalar, Chunnambar, Kolar, Kanhan, Bindusara And Alisagar Reservoir Station Code Name Of Monitoring Location State Name Temperature",7.25,597.0,2.75,6.3,4.7,MANJEERA -,2021-06-30
2021,1157,RIVER MANJEERA AT RAIPALLY,TELANGANA,"Tributary Streams - Indravati, Shankni, Manjeera, Singur Dam, Maner, Wainganga, Kinnersani, Sabari, Karakavagu, Wardha, Purna, Darna, Wena, Penganga, Arasalar, Chunnambar, Kolar, Kanhan, Bindusara And Alisagar Reservoir Station Code Name Of Monitoring Location State Name Temperature",7.3,612.5,2.45,6.35,3.23,MANJEERA,2021-06-30
2021,1891,RIVER MANJEERA AT D/S IN INTAKE POINT TO BIDAR CITY,KARNATAKA,"Tributary Streams - Indravati, Shankni, Manjeera, Singur Dam, Maner, Wainganga, Kinnersani, Sabari, Karakavagu, Wardha, Purna, Darna, Wena, Penganga, Arasalar, Chunnambar, Kolar, Kanhan, Bindusara And Alisagar Reservoir Station Code Name Of Monitoring Location State Name Temperature",7.95,500.0,2.5,6.5,0.33999999999999997,MANJEERA,2021-06-30
2021,2673,"RIVER MANJEERA AT D/S OF LATUR NEAR LATUR-NANDED BRIDGE, BHATKHEDA, LATUR, LATUR",MAHARASHTRA,"Tributary Streams - Indravati, Shankni, Manjeera, Singur Dam, Maner, Wainganga, Kinnersani, Sabari, Karakavagu, Wardha, Purna, Darna, Wena, Penganga, Arasalar, Chunnambar, Kolar, Kanhan, Bindusara And Alisagar Reservoir Station Code Name Of Monitoring Location State Name Temperature",7.8500000000000005,2361.0,4.6,6.800000000000001,1.2999999999999998,MANJEERA,2021-06-30
2021,4226,"RIVER MANJEERA AT YEDU PAYALA TEMPLE, MEDAK",TELANGANA,"Tributary Streams - Indravati, Shankni, Manjeera, Singur Dam, Maner, Wainganga, Kinnersani, Sabari, Karakavagu, Wardha, Purna, Darna, Wena, Penganga, Arasalar, Chunnambar, Kolar, Kanhan, Bindusara And Alisagar Reservoir Station Code Name Of Monitoring Location State Name Temperature",7.05,744.5,2.55,6.300000000000001,7.1,MANJEERA,2021-06-30
2021,30055,RIVER MANJEERA AT JANWADA(BANGALORE),KARNATAKA,"Tributary Streams - Indravati, Shankni, Manjeera, Singur Dam, Maner, Wainganga, Kinnersani, Sabari, Karakavagu, Wardha, Purna, Darna, Wena, Penganga, Arasalar, Chunnambar, Kolar, Kanhan, Bindusara And Alisagar Reservoir Station Code Name Of Monitoring Location State Name Temperature",8.4,498.0,2.5,,0.32,MANJEERA,2021-06-30
2021,4258,"RIVER SINGUR DAM RESERVOIR, SANGAREDDY",TELANGANA,"Tributary Streams - Indravati, Shankni, Manjeera, Singur Dam, Maner, Wainganga, Kinnersani, Sabari, Karakavagu, Wardha, Purna, Darna, Wena, Penganga, Arasalar, Chunnambar, Kolar, Kanhan, Bindusara And Alisagar Reservoir Station Code Name Of Monitoring Location State Name Temperature",7.2,417.0,2.1,6.4,4.6,"Indravati, Shankni, Manjeera, Singur Dam, Maner, Wainganga, Kinnersani, Sabari, Karakavagu, Wardha, Purna, Darna, Wena, Penganga, Arasalar, Chunnambar, Kolar, Kanhan, Bindusara And Alisagar Reservoir Station Code Name Of Monitoring Location State Name Temperature",2021-06-30
2021,1215,RIVER MANER AT WARANGAL U/S (MANERU AT THUMMALA CHERUVU/MADANNAPET),TELANGANA,"Tributary Streams - Indravati, Shankni, Manjeera, Singur Dam, Maner, Wainganga, Kinnersani, Sabari, Karakavagu, Wardha, Purna, Darna, Wena, Penganga, Arasalar, Chunnambar, Kolar, Kanhan, Bindusara And Alisagar Reservoir Station Code Name Of Monitoring Location State Name Temperature",7.85,386.5,2.25,5.2,0.85,MANER,2021-06-30
2021,1158,RIVER MANER AT SOMNAPALLI,TELANGANA,"Tributary Streams - Indravati, Shankni, Manjeera, Singur Dam, Maner, Wainganga, Kinnersani, Sabari, Karakavagu, Wardha, Purna, Darna, Wena, Penganga, Arasalar, Chunnambar, Kolar, Kanhan, Bindusara And Alisagar Reservoir Station Code Name Of Monitoring Location State Name Temperature",7.9,523.0,2.55,5.5,1.65,MANER,2021-06-30
2021,2372,"RIVER KINNERASANI A/C OF KTPS ASH POND EFFLUENTS, KHAMMAM",TELANGANA,"Tributary Streams - Indravati, Shankni, Manjeera, Singur Dam, Maner, Wainganga, Kinnersani, Sabari, Karakavagu, Wardha, Purna, Darna, Wena, Penganga, Arasalar, Chunnambar, Kolar, Kanhan, Bindusara And Alisagar Reservoir Station Code Name Of Monitoring Location State Name Temperature",7.85,525.0,2.55,5.199999999999999,2.65,"Indravati, Shankni, Manjeera, Singur Dam, Maner, Wainganga, Kinnersani, Sabari, Karakavagu, Wardha, Purna, Darna, Wena, Penganga, Arasalar, Chunnambar, Kolar, Kanhan, Bindusara And Alisagar Reservoir Station Code Name Of Monitoring Location State Name Temperature",2021-06-30
2021,2373,"RIVER SABARI AT KUNAVARAM, KHAMMAM",ANDHRA PRADESH,"Tributary Streams - Indravati, Shankni, Manjeera, Singur Dam, Maner, Wainganga, Kinnersani, Sabari, Karakavagu, Wardha, Purna, Darna, Wena, Penganga, Arasalar, Chunnambar, Kolar, Kanhan, Bindusara And Alisagar Reservoir Station Code Name Of Monitoring Location State Name Temperature",7.1,148.0,1.5,7.25,1.315,SABARI,2021-06-30
2021,3080,"RIVER KARAKAVAGU U/S AT PALONCHA, KHAMMAM",TELANGANA,"Tributary Streams - Indravati, Shankni, Manjeera, Singur Dam, Maner, Wainganga, Kinnersani, Sabari, Karakavagu, Wardha, Purna, Darna, Wena, Penganga, Arasalar, Chunnambar, Kolar, Kanhan, Bindusara And Alisagar Reservoir Station Code Name Of Monitoring Location State Name Temperature",7.9,681.0,3.05,4.8,2.4,KARAKAVAGU,2021-06-30
2021,3081,"RIVER KARAKAVAGU D/S AT PALONCHA, KHAMMAM",TELANGANA,"Tributary Streams - Indravati, Shankni, Manjeera, Singur Dam, Maner, Wainganga, Kinnersani, Sabari, Karakavagu, Wardha, Purna, Darna, Wena, Penganga, Arasalar, Chunnambar, Kolar, Kanhan, Bindusara And Alisagar Reservoir Station Code Name Of Monitoring Location State Name Temperature",7.699999999999999,560.5,2.75,4.85,1.5499999999999998,KARAKAVAGU,2021-06-30
2021,30059,RIVER WARDHA AT BANGON VILLAGE NEAR PANDHURNA (M.P.),MADHYA PRADESH,"Tributary Streams - Indravati, Shankni, Manjeera, Singur Dam, Maner, Wainganga, Kinnersani, Sabari, Karakavagu, Wardha, Purna, Darna, Wena, Penganga, Arasalar, Chunnambar, Kolar, Kanhan, Bindusara And Alisagar Reservoir Station Code Name Of Monitoring Location State Name Temperature",7.95,345.5,2.75,7.6,0.7000000000000001,WARDHA,2021-06-30
2021,1212,"RIVER WARDHA AT RAJURA BRIDGE,RAJURA, CHANDRAPUR, CHANDRAPUR",MAHARASHTRA,"Tributary Streams - Indravati, Shankni, Manjeera, Singur Dam, Maner, Wainganga, Kinnersani, Sabari, Karakavagu, Wardha, Purna, Darna, Wena, Penganga, Arasalar, Chunnambar, Kolar, Kanhan, Bindusara And Alisagar Reservoir Station Code Name Of Monitoring Location State Name Temperature",8.1,679.0,4.800000000000001,6.35,10.950000000000001,WARDHA,2021-06-30
2021,2156,"RIVER WARDHA AT CONFLUENCE POINT OF PENGANGA & WARDHA AT JUGAD, WANI, YAVATMAL",MAHARASHTRA,"Tributary Streams - Indravati, Shankni, Manjeera, Singur Dam, Maner, Wainganga, Kinnersani, Sabari, Karakavagu, Wardha, Purna, Darna, Wena, Penganga, Arasalar, Chunnambar, Kolar, Kanhan, Bindusara And Alisagar Reservoir Station Code Name Of Monitoring Location State Name Temperature",8.15,655.5,5.75,6.15,5.8500000000000005,WARDHA,2021-06-30
2021,2174,"RIVER WARDHA D/S OF ACC GHUGGUS, CHANDRAPUR, CHANDRAPUR",MAHARASHTRA,"Tributary Streams - Indravati, Shankni, Manjeera, Singur Dam, Maner, Wainganga, Kinnersani, Sabari, Karakavagu, Wardha, Purna, Darna, Wena, Penganga, Arasalar, Chunnambar, Kolar, Kanhan, Bindusara And Alisagar Reservoir Station Code Name Of Monitoring Location State Name Temperature",8.25,641.0,6.199999999999999,6.2,6.25,WARDHA,2021-06-30
2021,2700,"RIVER PURNA NEAR ACHALPUR-AMRAVATI ROAD BRIDGE, ASEGAON, CHANDUR BAZAR, AMRAVATI",MAHARASHTRA,"Tributary Streams - Indravati, Shankni, Manjeera, Singur Dam, Maner, Wainganga, Kinnersani, Sabari, Karakavagu, Wardha, Purna, Darna, Wena, Penganga, Arasalar, Chunnambar, Kolar, Kanhan, Bindusara And Alisagar Reservoir Station Code Name Of Monitoring Location State Name Temperature",8.3,697.5,5.0,6.0,3.36,PURNA,2021-06-30
2021,2660,"RIVER DARNA AT CHEHEDI PUMPING STATION, CHEHEDI, NASHIK, NASHIK",MAHARASHTRA,"Tributary Streams - Indravati, Shankni, Manjeera, Singur Dam, Maner, Wainganga, Kinnersani, Sabari, Karakavagu, Wardha, Purna, Darna, Wena, Penganga, Arasalar, Chunnambar, Kolar, Kanhan, Bindusara And Alisagar Reservoir Station Code Name Of Monitoring Location State Name Temperature",7.5,796.0,3.05,6.4,1.5499999999999998,DARNA,2021-06-30
2021,2661,"RIVER DARNA AT ASWALI (DARNA DAM), LGATPURI, NASHIK",MAHARASHTRA,"Tributary Streams - Indravati, Shankni, Manjeera, Singur Dam, Maner, Wainganga, Kinnersani, Sabari, Karakavagu, Wardha, Purna, Darna, Wena, Penganga, Arasalar, Chunnambar, Kolar, Kanhan, Bindusara And Alisagar Reservoir Station Code Name Of Monitoring Location State Name Temperature",7.55,368.0,3.0,6.550000000000001,0.35,DARNA,2021-06-30
2021,2662,"RIVER DARNA AT MES SITE PUMPING STATION, BHAGUR, NASHIK",MAHARASHTRA,"Tributary Streams - Indravati, Shankni, Manjeera, Singur Dam, Maner, Wainganga, Kinnersani, Sabari, Karakavagu, Wardha, Purna, Darna, Wena, Penganga, Arasalar, Chunnambar, Kolar, Kanhan, Bindusara And Alisagar Reservoir Station Code Name Of Monitoring Location State Name Temperature",7.6499999999999995,526.0,3.6,5.9,1.3499999999999999,DARNA,2021-06-30
2021,2663,"RIVER DARNA AT BHAGUR PUMPING STATION NEAR PANDHURLI BRIDGE, BHAGUR, NASHIK",MAHARASHTRA,"Tributary Streams - Indravati, Shankni, Manjeera, Singur Dam, Maner, Wainganga, Kinnersani, Sabari, Karakavagu, Wardha, Purna, Darna, Wena, Penganga, Arasalar, Chunnambar, Kolar, Kanhan, Bindusara And Alisagar Reservoir Station Code Name Of Monitoring Location State Name Temperature",7.5,485.5,3.5999999999999996,5.85,1.4,DARNA,2021-06-30
2021,2664,"RIVER DARNA AT SANSARI , NASHIK, NASHIK",MAHARASHTRA,"Tributary Streams - Indravati, Shankni, Manjeera, Singur Dam, Maner, Wainganga, Kinnersani, Sabari, Karakavagu, Wardha, Purna, Darna, Wena, Penganga, Arasalar, Chunnambar, Kolar, Kanhan, Bindusara And Alisagar Reservoir Station Code Name Of Monitoring Location State Name Temperature",7.550000000000001,492.5,3.2,5.8,1.395,DARNA,2021-06-30
2021,1213,"RIVER WAINGANGA AT BALAGHAT, M.P.",MADHYA PRADESH,"Tributary Streams - Indravati, Shankni, Manjeera, Singur Dam, Maner, Wainganga, Kinnersani, Sabari, Karakavagu, Wardha, Purna, Darna, Wena, Penganga, Arasalar, Chunnambar, Kolar, Kanhan, Bindusara And Alisagar Reservoir Station Code Name Of Monitoring Location State Name Temperature",7.550000000000001,325.5,1.4,7.6,0.3,WAINGANGA,2021-06-30
2021,3330,"RIVER WAINGANGA AT CHHAPARA, NEAR W/S INTAKE POINT, JABALPUR",MADHYA PRADESH,"Tributary Streams - Indravati, Shankni, Manjeera, Singur Dam, Maner, Wainganga, Kinnersani, Sabari, Karakavagu, Wardha, Purna, Darna, Wena, Penganga, Arasalar, Chunnambar, Kolar, Kanhan, Bindusara And Alisagar Reservoir Station Code Name Of Monitoring Location State Name Temperature",7.800000000000001,332.0,1.4500000000000002,7.75,0.55,WAINGANGA,2021-06-30
2021,1214,"RIVER WAINGANGA AT CHINDWARA, M.P.",MADHYA PRADESH,"Tributary Streams - Indravati, Shankni, Manjeera, Singur Dam, Maner, Wainganga, Kinnersani, Sabari, Karakavagu, Wardha, Purna, Darna, Wena, Penganga, Arasalar, Chunnambar, Kolar, Kanhan, Bindusara And Alisagar Reservoir Station Code Name Of Monitoring Location State Name Temperature",7.85,758.0,1.4,7.15,2.4000000000000004,WAINGANGA,2021-06-30
2021,2172,"RIVER WAINGANGA D/S OF ELLORA PAPER MILL, TUMSAR, TUMSAR, BHANDARA",MAHARASHTRA,"Tributary Streams - Indravati, Shankni, Manjeera, Singur Dam, Maner, Wainganga, Kinnersani, Sabari, Karakavagu, Wardha, Purna, Darna, Wena, Penganga, Arasalar, Chunnambar, Kolar, Kanhan, Bindusara And Alisagar Reservoir Station Code Name Of Monitoring Location State Name Temperature",8.5,675.0,3.8,6.6,3.27,WAINGANGA,2021-06-30
2021,2173,"RIVER WAINGANGA U/S OF ELLORA PAPER MILL, TUMSAR, TUMSAR, BHANDARA",MAHARASHTRA,"Tributary Streams - Indravati, Shankni, Manjeera, Singur Dam, Maner, Wainganga, Kinnersani, Sabari, Karakavagu, Wardha, Purna, Darna, Wena, Penganga, Arasalar, Chunnambar, Kolar, Kanhan, Bindusara And Alisagar Reservoir Station Code Name Of Monitoring Location State Name Temperature",8.3,3613.5,3.4,6.9,3.5349999999999997,WAINGANGA,2021-06-30
2021,2175,"RIVER WAINGANGA U/S OF GAURAV PAPER MILLS, NEAR JACKWELL, BRAMHPURI, CHANDRAPUR",MAHARASHTRA,"Tributary Streams - Indravati, Shankni, Manjeera, Singur Dam, Maner, Wainganga, Kinnersani, Sabari, Karakavagu, Wardha, Purna, Darna, Wena, Penganga, Arasalar, Chunnambar, Kolar, Kanhan, Bindusara And Alisagar Reservoir Station Code Name Of Monitoring Location State Name Temperature",8.25,687.5,3.4,6.8,2.75,WAINGANGA,2021-06-30
2021,2176,"RIVER WAINGANGA D/S OF GAURAV PAPER MILLS, NEAR JACKWELL, BRAMHPURI, CHANDRAPUR",MAHARASHTRA,"Tributary Streams - Indravati, Shankni, Manjeera, Singur Dam, Maner, Wainganga, Kinnersani, Sabari, Karakavagu, Wardha, Purna, Darna, Wena, Penganga, Arasalar, Chunnambar, Kolar, Kanhan, Bindusara And Alisagar Reservoir Station Code Name Of Monitoring Location State Name Temperature",8.35,687.0,3.9,6.25,3.9499999999999997,WAINGANGA,2021-06-30
2021,3331,"RIVER WAINGANGA AT CHHAPARA, NEAR ROAD BRIDGE AFTER MIXING MOTI & CHAMARIYA NALLA, JABALPUR",MADHYA PRADESH,"Tributary Streams - Indravati, Shankni, Manjeera, Singur Dam, Maner, Wainganga, Kinnersani, Sabari, Karakavagu, Wardha, Purna, Darna, Wena, Penganga, Arasalar, Chunnambar, Kolar, Kanhan, Bindusara And Alisagar Reservoir Station Code Name Of Monitoring Location State Name Temperature",7.85,319.0,2.0,7.0,0.5,WAINGANGA,2021-06-30
2021,4617,"RIVER WAINGANGA NEAR VILL. BUDUNDA MALANJKHAND, DISTT BALAGHAT",MADHYA PRADESH,"Tributary Streams - Indravati, Shankni, Manjeera, Singur Dam, Maner, Wainganga, Kinnersani, Sabari, Karakavagu, Wardha, Purna, Darna, Wena, Penganga, Arasalar, Chunnambar, Kolar, Kanhan, Bindusara And Alisagar Reservoir Station Code Name Of Monitoring Location State Name Temperature",7.6,476.0,1.4,7.85,0.35,WAINGANGA,2021-06-30
2021,30041,"RIVER WAINGANGA AT BAPERA, BHANDARA,",MAHARASHTRA,"Tributary Streams - Indravati, Shankni, Manjeera, Singur Dam, Maner, Wainganga, Kinnersani, Sabari, Karakavagu, Wardha, Purna, Darna, Wena, Penganga, Arasalar, Chunnambar, Kolar, Kanhan, Bindusara And Alisagar Reservoir Station Code Name Of Monitoring Location State Name Temperature",8.4,351.0,2.9,6.9,0.3,WAINGANGA,2021-06-30
2021,1910,"RIVER WAINGANGA AFTER CONLUENCE WITH KANHAN, AMBHORA, KUHI, NAGPUR",MAHARASHTRA,"Tributary Streams - Indravati, Shankni, Manjeera, Singur Dam, Maner, Wainganga, Kinnersani, Sabari, Karakavagu, Wardha, Purna, Darna, Wena, Penganga, Arasalar, Chunnambar, Kolar, Kanhan, Bindusara And Alisagar Reservoir Station Code Name Of Monitoring Location State Name Temperature",7.85,710.0,4.55,6.4,4.65,"Indravati, Shankni, Manjeera, Singur Dam, Maner, Wainganga, Kinnersani, Sabari, Karakavagu, Wardha, Purna, Darna, Wena, Penganga, Arasalar, Chunnambar, Kolar, Kanhan, Bindusara And Alisagar Reservoir Station Code Name Of Monitoring Location State Name Temperature",2021-06-30
2021,2697,"RIVER PENGANGA NEAR WATER SUPPLY SCHEME OF UMARKHED MC BELKHED, UMARKHED, YAVATMAL",MAHARASHTRA,"Tributary Streams - Indravati, Shankni, Manjeera, Singur Dam, Maner, Wainganga, Kinnersani, Sabari, Karakavagu, Wardha, Purna, Darna, Wena, Penganga, Arasalar, Chunnambar, Kolar, Kanhan, Bindusara And Alisagar Reservoir Station Code Name Of Monitoring Location State Name Temperature",8.25,682.5,3.4,6.8,4.1000000000000005,PENGANGA,2021-06-30
2021,2698,"RIVER PENGANGA D/S OF ISAPUR DAM, ISAPUR, PUSAD, YAVATMAL",MAHARASHTRA,"Tributary Streams - Indravati, Shankni, Manjeera, Singur Dam, Maner, Wainganga, Kinnersani, Sabari, Karakavagu, Wardha, Purna, Darna, Wena, Penganga, Arasalar, Chunnambar, Kolar, Kanhan, Bindusara And Alisagar Reservoir Station Code Name Of Monitoring Location State Name Temperature",8.4,633.0,3.8,6.550000000000001,2.9,PENGANGA,2021-06-30
2021,2699,"RIVER PENGANGA AT MEHKAR-BULDANA ROAD BRIDGE, MEHKAR, BULDANA",MAHARASHTRA,"Tributary Streams - Indravati, Shankni, Manjeera, Singur Dam, Maner, Wainganga, Kinnersani, Sabari, Karakavagu, Wardha, Purna, Darna, Wena, Penganga, Arasalar, Chunnambar, Kolar, Kanhan, Bindusara And Alisagar Reservoir Station Code Name Of Monitoring Location State Name Temperature",8.15,723.5,4.0,6.3,10.15,PENGANGA,2021-06-30
2021,2719,"RIVER WARDHA AT D/S OF ERAI RIVER, HADASTI, CHANDRAPUR, CHANDRAPUR",MAHARASHTRA,"Tributary Streams - Indravati, Shankni, Manjeera, Singur Dam, Maner, Wainganga, Kinnersani, Sabari, Karakavagu, Wardha, Purna, Darna, Wena, Penganga, Arasalar, Chunnambar, Kolar, Kanhan, Bindusara And Alisagar Reservoir Station Code Name Of Monitoring Location State Name Temperature",8.25,747.0,6.7,5.95,3.9099999999999997,WARDHA,2021-06-30
2021,1315,"RIVER WARDHA AT PULGAON RAILWAY BRIDGE, PULGAON, WARDHA, WARDHA",MAHARASHTRA,"Tributary Streams - Indravati, Shankni, Manjeera, Singur Dam, Maner, Wainganga, Kinnersani, Sabari, Karakavagu, Wardha, Purna, Darna, Wena, Penganga, Arasalar, Chunnambar, Kolar, Kanhan, Bindusara And Alisagar Reservoir Station Code Name Of Monitoring Location State Name Temperature",8.25,718.5,4.1,6.45,2.5949999999999998,WARDHA,2021-06-30
2021,2720,"RIVER WARDHA AT U/S OF ERAI HADASTI, CHANDRAPUR, CHANDRAPUR",MAHARASHTRA,"Tributary Streams - Indravati, Shankni, Manjeera, Singur Dam, Maner, Wainganga, Kinnersani, Sabari, Karakavagu, Wardha, Purna, Darna, Wena, Penganga, Arasalar, Chunnambar, Kolar, Kanhan, Bindusara And Alisagar Reservoir Station Code Name Of Monitoring Location State Name Temperature",8.15,760.5,6.2,6.25,3.65,WARDHA,2021-06-30
2021,2721,"RIVER WARDHA AT U/S OF ACC GHUGGUS. , CHANDRAPUR, CHANDRAPUR",MAHARASHTRA,"Tributary Streams - Indravati, Shankni, Manjeera, Singur Dam, Maner, Wainganga, Kinnersani, Sabari, Karakavagu, Wardha, Purna, Darna, Wena, Penganga, Arasalar, Chunnambar, Kolar, Kanhan, Bindusara And Alisagar Reservoir Station Code Name Of Monitoring Location State Name Temperature",8.149999999999999,652.5,5.5,6.8,6.36,WARDHA,2021-06-30
2021,2722,"RIVER WENA AT U/S OF MOHATA MILLS, NEAR RAILWAY BRIDGE, HINGANGHAT, WARDHA",MAHARASHTRA,"Tributary Streams - Indravati, Shankni, Manjeera, Singur Dam, Maner, Wainganga, Kinnersani, Sabari, Karakavagu, Wardha, Purna, Darna, Wena, Penganga, Arasalar, Chunnambar, Kolar, Kanhan, Bindusara And Alisagar Reservoir Station Code Name Of Monitoring Location State Name Temperature",8.2,636.5,4.4,6.55,3.65,WENA,2021-06-30
2021,2723,"RIVER WENA AT D/S OF MOHATA MILLS, NR RD BRG ON HINGANGHAT-WADNER ROAD, HINGANGHAT, WARDHA",MAHARASHTRA,"Tributary Streams - Indravati, Shankni, Manjeera, Singur Dam, Maner, Wainganga, Kinnersani, Sabari, Karakavagu, Wardha, Purna, Darna, Wena, Penganga, Arasalar, Chunnambar, Kolar, Kanhan, Bindusara And Alisagar Reservoir Station Code Name Of Monitoring Location State Name Temperature",8.25,722.5,5.25,6.25,4.0,WENA,2021-06-30
2021,1689,RIVER CHUNNAMBAR RIVER,PUDUCHERRY,"Tributary Streams - Indravati, Shankni, Manjeera, Singur Dam, Maner, Wainganga, Kinnersani, Sabari, Karakavagu, Wardha, Purna, Darna, Wena, Penganga, Arasalar, Chunnambar, Kolar, Kanhan, Bindusara And Alisagar Reservoir Station Code Name Of Monitoring Location State Name Temperature",8.05,819.5,4.25,6.6,0.85,"Indravati, Shankni, Manjeera, Singur Dam, Maner, Wainganga, Kinnersani, Sabari, Karakavagu, Wardha, Purna, Darna, Wena, Penganga, Arasalar, Chunnambar, Kolar, Kanhan, Bindusara And Alisagar Reservoir Station Code Name Of Monitoring Location State Name Temperature",2021-06-30
2021,1908,"RIVER KOLAR BEFORE CONFLUENCE TO KANHAN AT WAREGAON, KAMPTEE, NAGPUR",MAHARASHTRA,"Tributary Streams - Indravati, Shankni, Manjeera, Singur Dam, Maner, Wainganga, Kinnersani, Sabari, Karakavagu, Wardha, Purna, Darna, Wena, Penganga, Arasalar, Chunnambar, Kolar, Kanhan, Bindusara And Alisagar Reservoir Station Code Name Of Monitoring Location State Name Temperature",8.350000000000001,784.5,3.8499999999999996,6.8,4.4,KOLAR BEFORE CONFLUENCE TO KANHAN,2021-06-30
2021,1909,"RIVER KANHAN D/S OF NAGPUR, AGARGAON, KUHI, NAGPUR",MAHARASHTRA,"Tributary Streams - Indravati, Shankni, Manjeera, Singur Dam, Maner, Wainganga, Kinnersani, Sabari, Karakavagu, Wardha, Purna, Darna, Wena, Penganga, Arasalar, Chunnambar, Kolar, Kanhan, Bindusara And Alisagar Reservoir Station Code Name Of Monitoring Location State Name Temperature",7.9,801.0,6.0,5.15,17.5,KANHAN,2021-06-30
2021,2170,"RIVER KANHAN U/S OF M/S VIDHARBHA PAPER MILL, SINORA, PARSEONI, NAGPUR",MAHARASHTRA,"Tributary Streams - Indravati, Shankni, Manjeera, Singur Dam, Maner, Wainganga, Kinnersani, Sabari, Karakavagu, Wardha, Purna, Darna, Wena, Penganga, Arasalar, Chunnambar, Kolar, Kanhan, Bindusara And Alisagar Reservoir Station Code Name Of Monitoring Location State Name Temperature",8.35,733.5,4.5,6.5,5.65,KANHAN,2021-06-30
2021,2171,"RIVER KANHAN D/S OF M/S VIDHARBHA PAPER MILL, SINORA, PARSEONI, NAGPUR",MAHARASHTRA,"Tributary Streams - Indravati, Shankni, Manjeera, Singur Dam, Maner, Wainganga, Kinnersani, Sabari, Karakavagu, Wardha, Purna, Darna, Wena, Penganga, Arasalar, Chunnambar, Kolar, Kanhan, Bindusara And Alisagar Reservoir Station Code Name Of Monitoring Location State Name Temperature",8.35,741.5,4.800000000000001,6.25,5.550000000000001,KANHAN,2021-06-30
2021,3312,"RIVER KANHAN AT CHINDWARA BEFORE MIXING BOREGAON GROWTH CENTRE NALLA, JABALPUR",MADHYA PRADESH,"Tributary Streams - Indravati, Shankni, Manjeera, Singur Dam, Maner, Wainganga, Kinnersani, Sabari, Karakavagu, Wardha, Purna, Darna, Wena, Penganga, Arasalar, Chunnambar, Kolar, Kanhan, Bindusara And Alisagar Reservoir Station Code Name Of Monitoring Location State Name Temperature",7.7,789.0,4.5,7.35,2.55,KANHAN,2021-06-30
2021,2657,"RIVER BINDUSARA AT BEED NEAR INTAKE WATER PUMP HOUSE AT DAM, PALIGAON, BEED, BEED",MAHARASHTRA,"Tributary Streams - Indravati, Shankni, Manjeera, Singur Dam, Maner, Wainganga, Kinnersani, Sabari, Karakavagu, Wardha, Purna, Darna, Wena, Penganga, Arasalar, Chunnambar, Kolar, Kanhan, Bindusara And Alisagar Reservoir Station Code Name Of Monitoring Location State Name Temperature",8.2,1057.0,3.7,7.0,1.06,BINDUSARA,2021-06-30
2021,4255,"RIVER ALI SAGAR RESERVIOR PROJECT AREA, ALISAGAR (V) YEDAPALLY (M) NIZAMABAD DIST.",TELANGANA,"Tributary Streams - Indravati, Shankni, Manjeera, Singur Dam, Maner, Wainganga, Kinnersani, Sabari, Karakavagu, Wardha, Purna, Darna, Wena, Penganga, Arasalar, Chunnambar, Kolar, Kanhan, Bindusara And Alisagar Reservoir Station Code Name Of Monitoring Location State Name Temperature",7.5,486.0,2.1,6.3,4.675,"Indravati, Shankni, Manjeera, Singur Dam, Maner, Wainganga, Kinnersani, Sabari, Karakavagu, Wardha, Purna, Darna, Wena, Penganga, Arasalar, Chunnambar, Kolar, Kanhan, Bindusara And Alisagar Reservoir Station Code Name Of Monitoring Location State Name Temperature",2021-06-30
2021,1889,RIVER KRISHNA - ANKALI BRIDGE ALONG CHIKKODI KAGWAD ROAD,KARNATAKA,Krishna,8.15,518.0,1.9,6.449999999999999,4.6,Krishna,2021-06-30
2021,1182,"RIVER KRISHNA AT U/S OF UGARKHURD BARRAGE,",KARNATAKA,Krishna,8.05,520.0,1.9,6.65,4.305,KRISHNA,2021-06-30
2021,2781,"RIVER KRISHNA AT D/S OF ALAMATTI DAM,",KARNATAKA,Krishna,8.15,1138.0,1.9,6.9,3.9299999999999997,KRISHNA,2021-06-30
2021,1181,"RIVER KRISHNA AT D/S OF NARAYANPURA DAM,",KARNATAKA,Krishna,8.2,1461.0,1.85,6.95,3.465,KRISHNA,2021-06-30
2021,1028,"RIVER KRISHNA AT TINTINI BRIDGE,",KARNATAKA,Krishna,8.15,978.0,2.8,7.3,0.35,KRISHNA,2021-06-30
2021,1170,"RIVER KRISHNA AT D/S OF DEVASAGAR BDG.,",KARNATAKA,Krishna,8.25,1011.0,2.5,7.5,0.3,KRISHNA,2021-06-30
2021,30056,RIVER KRISHNA AT DEODURGA (BANGALORE),KARNATAKA,Krishna,8.4,1290.0,2.5,7.0,0.3,KRISHNA,2021-06-30
2021,1465,RIVER KRISHNA AT WADAPALLY AFTER CONFL. WITH R. MUSI(SHIFTED FROM 1220),TELANGANA,Krishna,7.25,961.5,2.7,6.1,9.115,KRISHNA,2021-06-30
2021,1784,"RIVER KRISHNA AT THANGADI , MAHABOOBNAGAR DIST.",TELANGANA,Krishna,8.0,1008.5,2.55,5.2,2.5,KRISHNA,2021-06-30
2021,4259,"RIVER KRISHNA - NAGARJUNA SAGAR DAM SPILL WAY, NAGARJUNA (V), PEDDAVOORA (M), NALGONDA",TELANGANA,Krishna,7.3,650.0,2.55,6.4,6.630000000000001,Krishna,2021-06-30
2021,4663,"RIVER KRISHNA AT MATTEPALLY, 500 MTS BEFORE BATHING GAHT",TELANGANA,Krishna,7.25,847.5,2.7,6.0,8.125,KRISHNA,2021-06-30
2021,1175,"RIVER KRISHNA A/C WITH TUNGABHADRA,",ANDHRA PRADESH,Krishna,7.550000000000001,859.0,2.0,5.800000000000001,0.99,Krishna,2021-06-30
2021,1786,"RIVER KRISHNA AT VEDADRI, KURNOOL",ANDHRA PRADESH,Krishna,7.699999999999999,750.0,2.5,7.3,1.185,KRISHNA,2021-06-30
2021,3083,"RIVER KRISHNA D/S OF SRISHAILAM, KURNOOL",ANDHRA PRADESH,Krishna,7.6,537.5,1.85,5.8,0.795,KRISHNA,2021-06-30
2021,3079,"RIVER KRISHNA D/S OF RAMALINGESHWARNAGAR A/C WITH TREATED SEWAGE DISCHARGING FROM 10MLD STP LOCATED AT RAMALINGESHWARNAGAR, VIJAYAWADA, KRISHNA",ANDHRA PRADESH,Krishna,7.2,561.0,2.4,7.2,0.68,KRISHNA,2021-06-30
2021,1787,"RIVER KRISHNA AT AMARAVATI, GUNTUR",ANDHRA PRADESH,Krishna,7.699999999999999,708.0,2.2,7.25,1.28,KRISHNA,2021-06-30
2021,1782,"RIVER KRISHNA AT HAMSALADEEVI PULIGADDA AQUEDUCT NEAR AVANIGADDA(V), KRISHNA DISTRICT",ANDHRA PRADESH,Krishna,7.6,24500.0,2.5999999999999996,5.5,1.46,KRISHNA,2021-06-30
2021,4375,"RIVER KRISHNA, PAVITHRA SANGAMAM, AFTER CONFLUENCE WITH RIVER GODAVARI WATER LBRAHIMPATNAM (M)",ANDHRA PRADESH,Krishna,8.0,599.0,2.2,7.15,1.065,Krishna,2021-06-30
2021,4381,RIVER KRISHNA AFTER CONFLUENCE WITH RIVER MUSI AT VADAPALLI (V) BETWEEN ANDHRA PRADESH & TELANGANA STATES,ANDHRA PRADESH,Krishna,7.699999999999999,701.5,2.5999999999999996,7.25,1.35,KRISHNA AFTER CONFLUENCE WITH RIVER MUSI,2021-06-30
2021,30047,"RIVER KRISHNA AT KURUNDWAD, KOLHAPUR, (MAHARASHTRA)",MAHARASHTRA,Krishna,7.4,534.0,5.6,5.5,1.49,KRISHNA,2021-06-30
2021,1153,"RIVER KRISHNA AT RAJAPUR WEIR, RAJAPUR, SHIROL, KOHLAPUR",MAHARASHTRA,Krishna,7.55,491.0,1.7,6.5,2.65,KRISHNA,2021-06-30
2021,1194,"RIVER KRISHNA AT MAHABALESHWAR DHOM DAM NEAR KOINA DAM, MAHABALESHWAR, SATARA",MAHARASHTRA,Krishna,7.9,204.5,3.9000000000000004,6.2,0.795,KRISHNA,2021-06-30
2021,1310,"RIVER KRISHNA AT KURUNDWAD, SHIROL, KOLHAPUR",MAHARASHTRA,Krishna,7.55,504.5,1.6,6.7,2.65,KRISHNA,2021-06-30
2021,1906,"RIVER KRISHNA D/S OF ISLAMPUR, WALWA, SANGLI",MAHARASHTRA,Krishna,7.85,456.5,2.2,5.699999999999999,2.55,KRISHNA,2021-06-30
2021,2187,"RIVER KRISHNA AT KSHETRA MAHULI, MAHULI, SATARA",MAHARASHTRA,Krishna,8.0,517.0,4.300000000000001,5.800000000000001,4.34,KRISHNA,2021-06-30
2021,2188,"RIVER KRISHNA AT KRISHNA-VENNA SANGAM AT MAHULI, SATARA",MAHARASHTRA,Krishna,7.800000000000001,644.5,4.6,6.0,2.395,KRISHNA,2021-06-30
2021,2190,"RIVER KRISHNA AT WAI, SATARA",MAHARASHTRA,Krishna,7.95,1148.0,4.9,5.6,2.69,KRISHNA,2021-06-30
2021,1311,"RIVER PANCHAGANGA AT ICHALKARANJI, SHIRADWAD,HATKANANGALE,KOHLAPUR",MAHARASHTRA,Tributary Streams - Panchaganga At Ichalkaranji,7.5,254.0,1.85,6.5,1.95,PANCHAGANGA,2021-06-30
2021,2163,"RIVER PANCHAGANGA AT SHIROL NEAR SHIROL INTAKE WELL, KOLHAPUR",MAHARASHTRA,Tributary Streams - Panchaganga At Ichalkaranji,7.5,427.0,1.9,6.55,2.005,PANCHAGANGA,2021-06-30
2021,1904,"RIVER PANCHAGANGA U/S OF KOLHAPUR TOWN, BALINGA, KARVIR, KOLHAPUR",MAHARASHTRA,Tributary Streams - Panchaganga At Ichalkaranji,7.4,165.5,1.6,6.65,2.15,PANCHAGANGA,2021-06-30
2021,1905,"RIVER PANCHAGANGA D/S OF KOLHAPUR TOWN, UCHEGAON, KOLHAPUR",MAHARASHTRA,Tributary Streams - Panchaganga At Ichalkaranji,7.35,254.5,2.0,6.449999999999999,1.9649999999999999,PANCHAGANGA,2021-06-30
2021,1189,"RIVER BHIMA AT PUNE U/S VITHALWADI, HAWELI, PUNE",MAHARASHTRA,Tributary Streams - Panchaganga At Ichalkaranji,7.7,372.0,7.25,5.2,2.6,BHIMA,2021-06-30
2021,2655,"RIVER BHIMA AT KOREGAON NEAR KOREGAON BRIDGE, SHIRUR, PUNE",MAHARASHTRA,Tributary Streams - Panchaganga At Ichalkaranji,7.95,1089.0,4.45,5.699999999999999,4.46,BHIMA,2021-06-30
2021,1190,"RIVER BHIMA AT PUNE, D/S OF BUNDGARDEN, YERWADA, HAWELI, PUNE",MAHARASHTRA,Tributary Streams - Panchaganga At Ichalkaranji,7.55,571.5,8.75,5.1,5.050000000000001,BHIMA,2021-06-30
2021,1191,"RIVER BHIMA AT PARGAON (AFTER CONFL.WITH MULA MUTHA),PARGAON, DAUND, PUNE",MAHARASHTRA,Tributary Streams - Panchaganga At Ichalkaranji,7.800000000000001,612.0,5.15,5.550000000000001,4.76,BHIMA,2021-06-30
2021,1188,"RIVER BHIMA AT NARSINGPUR, (D/S AF.CONFL.WITH R.NIRA), NARSINGPUR, MALSHIROS, SOLAPUR",MAHARASHTRA,Tributary Streams - Panchaganga At Ichalkaranji,8.2,5042.5,5.8,5.65,2.535,BHIMA,2021-06-30
2021,30057,RIVER BHIMA AT GANGAPUR (BANGALORE),KARNATAKA,Tributary Streams - Panchaganga At Ichalkaranji,8.3,1420.0,3.0,7.4,0.32,BHIMA,2021-06-30
2021,1183,"RIVER BHIMA AT D/S OF ROAD BRIDGE AT GANGAPUR VILLAGE,",KARNATAKA,Tributary Streams - Panchaganga At Ichalkaranji,7.7,1420.5,3.0,7.4,0.7000000000000001,BHIMA,2021-06-30
2021,1184,"RIVER BHIMA AT FEROZABAD VILLAGE (D/S),",KARNATAKA,Tributary Streams - Panchaganga At Ichalkaranji,8.15,1274.0,2.9,7.2,1.2,BHIMA,2021-06-30
2021,1167,"RIVER BHIMA AT D/S OF BDG. NEAR YADGIR,",KARNATAKA,Tributary Streams - Panchaganga At Ichalkaranji,7.95,858.0,2.5,7.1,0.5599999999999999,BHIMA,2021-06-30
2021,1888,RIVER BHIMA AT CONFLUENCE OF JEWARGI TOWN SEWAGE DISPOSAL POINT,KARNATAKA,Tributary Streams - Panchaganga At Ichalkaranji,8.25,1196.0,2.5,7.35,0.9550000000000001,BHIMA,2021-06-30
2021,1192,"RIVER BHIMA AFTER CONF. WITH DAUND, DAUND, PUNE",MAHARASHTRA,Tributary Streams - Panchaganga At Ichalkaranji,7.9,951.5,5.35,5.55,4.8,Panchaganga At Ichalkaranji,2021-06-30
2021,2656,"RIVER BHIMA RIVER-BACKWATER OF UJANI DAM NEAR RAW WATER PUMP HOUSE, KUMBARGAON, INDAPUR, PUNE",MAHARASHTRA,Tributary Streams - Panchaganga At Ichalkaranji,8.0,768.0,4.95,16.25,5.15,BHIMA RIVER-BACKWATER OF UJANI DAM,2021-06-30
2021,30046,"RIVER BHIMA AT TAKLI, SOLAPUR, (MAHARASHTRA)",MAHARASHTRA,Tributary Streams - Panchaganga At Ichalkaranji,8.4,1692.0,5.8,5.2,4.48,BHIMA,2021-06-30
2021,2665,"RIVER GHOD AT SHIRUR, PUNE",MAHARASHTRA,Tributary Streams - Panchaganga At Ichalkaranji,7.9,822.0,7.65,5.2,2.565,GHOD,2021-06-30
2021,2196,"RIVER PAWANA AT SANGAVIGAON, HAWELI PUNE.",MAHARASHTRA,Tributary Streams - Panchaganga At Ichalkaranji,7.45,528.5,9.4,5.0,5.25,PAWANA,2021-06-30
2021,2690,"RIVER PAWANA AT KASARWADI, HAWELI, PUNE",MAHARASHTRA,Tributary Streams - Panchaganga At Ichalkaranji,7.45,488.5,9.5,4.8,4.87,PAWANA,2021-06-30
2021,2691,"RIVER PAWANA AT DAPODI BRIDGE AT PAWANA-MULLA SANGAM, DAPODI, HAWELI, PUNE",MAHARASHTRA,Tributary Streams - Panchaganga At Ichalkaranji,7.5,488.5,9.9,4.699999999999999,3.25,PAWANA,2021-06-30
2021,2692,"RIVER PAWANA AT RAVET WEIR, RAVET, HAWELI",MAHARASHTRA,Tributary Streams - Panchaganga At Ichalkaranji,7.75,286.0,4.9,6.0,0.81,PAWANA,2021-06-30
2021,2693,"RIVER PAWANA AT CHINCHWADGAON, HAWELI",MAHARASHTRA,Tributary Streams - Panchaganga At Ichalkaranji,7.6,426.5,8.35,4.95,2.9499999999999997,PAWANA,2021-06-30
2021,2694,"RIVER PAWANA AT PIMPRIGAON, HAWELI, PUNE",MAHARASHTRA,Tributary Streams - Panchaganga At Ichalkaranji,7.55,476.0,9.8,4.8,4.7,PAWANA,2021-06-30
2021,2715,"RIVER VEL AT SHIKRAPUR, SHIRUR, PUNE",MAHARASHTRA,Tributary Streams - Panchaganga At Ichalkaranji,8.0,506.5,6.25,5.55,2.11,VEL,2021-06-30
2021,2186,"RIVER VENNA AT VARYE, SATARA.",MAHARASHTRA,Tributary Streams - Panchaganga At Ichalkaranji,7.800000000000001,326.0,3.5,6.199999999999999,1.4749999999999999,VENNA,2021-06-30
2021,2716,"RIVER VENNA AT MAHABALESHWAR, SATARA",MAHARASHTRA,Tributary Streams - Panchaganga At Ichalkaranji,7.800000000000001,216.0,4.1,5.7,2.05,VENNA,2021-06-30
2021,2717,"RIVER VENNA AT MAHULI, SATARA",MAHARASHTRA,Tributary Streams - Panchaganga At Ichalkaranji,7.6,336.5,4.6,5.699999999999999,2.22,VENNA,2021-06-30
2021,2711,"RIVER URMODI RIVER, NAGTHANE, SATARA",MAHARASHTRA,Tributary Streams - Panchaganga At Ichalkaranji,7.85,500.0,5.1,5.9,1.69,Panchaganga At Ichalkaranji,2021-06-30
2021,2197,"RIVER INDRAYANI AT D/S OF ALANDIGAON, HAWELI,PUNE",MAHARASHTRA,Tributary Streams - Panchaganga At Ichalkaranji,7.6499999999999995,448.0,9.25,5.050000000000001,4.3,INDRAYANI,2021-06-30
2021,2668,"RIVER INDRAYANI AT D/S OF MOSHIGAON, HAWELI, PUNE",MAHARASHTRA,Tributary Streams - Panchaganga At Ichalkaranji,7.65,1749.0,10.35,4.949999999999999,4.300000000000001,INDRAYANI,2021-06-30
2021,2669,"RIVER INDRAYANI AT U/S OF MOSHIGAON, HAWELI, PUNE",MAHARASHTRA,Tributary Streams - Panchaganga At Ichalkaranji,7.5,431.0,6.95,5.45,3.5749999999999997,INDRAYANI,2021-06-30
2021,1163,"RIVER GHATPRABHA AT W.A. POINT TO GOKAK TOWN,",KARNATAKA,Tributary Streams - Ghatprabha At W,7.949999999999999,455.0,1.75,6.550000000000001,3.65,GHATPRABHA,2021-06-30
2021,1185,"RIVER GHATPRABHA AT D/S OF MUDHOL RD. CROSS BDG.,",KARNATAKA,Tributary Streams - Ghatprabha At W,8.149999999999999,974.0,1.95,6.05,3.85,GHATPRABHA,2021-06-30
2021,1187,"RIVER MALPRABHA AT D/S OF KHANAPUR VILLAGE,",KARNATAKA,Tributary Streams - Ghatprabha At W,7.8,319.0,1.95,7.6,6.3100000000000005,MALPRABHA,2021-06-30
2021,1164,"RIVER MALPRABHA AT WATER ABSTR. PT. TO HUBLI, DHARWAR,",KARNATAKA,Tributary Streams - Ghatprabha At W,7.6499999999999995,299.0,1.55,7.35,7.25,MALPRABHA,2021-06-30
2021,1186,"RIVER MALPRABHA AT D/S OF AIHOLE TOWN,",KARNATAKA,Tributary Streams - Ghatprabha At W,8.4,984.0,1.95,6.6,4.65,MALPRABHA,2021-06-30
2021,2764,"RIVER MALPRABHA AT BADAMI BRIDGE,",KARNATAKA,Tributary Streams - Ghatprabha At W,8.05,982.0,1.95,6.35,4.25,MALPRABHA,2021-06-30
2021,2767,"RIVER TUNGABHADRA AT U/S OF HPF,",KARNATAKA,Tributary Streams - Ghatprabha At W,8.0,349.0,2.55,7.0,0.55,TUNGABHADRA,2021-06-30
2021,2768,"RIVER TUNGABHADRA AT D/S OF HPF,",KARNATAKA,Tributary Streams - Ghatprabha At W,7.8999999999999995,470.0,4.2,5.75,0.75,TUNGABHADRA,2021-06-30
2021,2769,"RIVER TUNGABHADRA AT JACKWELL POINT,",KARNATAKA,Tributary Streams - Ghatprabha At W,7.800000000000001,380.0,3.0999999999999996,6.0,0.41000000000000003,TUNGABHADRA,2021-06-30
2021,3558,RIVER TUNGABHADRA AT DADESUGUR BRIDGE GAUGING STATION,KARNATAKA,Tributary Streams - Ghatprabha At W,8.0,1061.5,2.5,7.3,0.595,TUNGABHADRA,2021-06-30
2021,4494,RIVER TUNGABHADRA AT MYLARA,KARNATAKA,Tributary Streams - Ghatprabha At W,7.95,375.0,2.75,6.9,0.44999999999999996,TUNGABHADRA,2021-06-30
2021,4495,RIVER TUNGABHADRA AT ARAVI,KARNATAKA,Tributary Streams - Ghatprabha At W,7.8500000000000005,380.0,2.6,6.7,0.35,TUNGABHADRA,2021-06-30
2021,30054,RIVER TUNGABHADRA AT HOCHECHALLI (BANGALORE),KARNATAKA,Tributary Streams - Ghatprabha At W,8.4,1563.0,3.6,7.0,0.7,TUNGABHADRA,2021-06-30
2021,2770,"RIVER TUNGABHADRA AT HARIHAR WATER SUPPLY INTAKE,",KARNATAKA,Tributary Streams - Ghatprabha At W,7.7,396.0,3.75,6.25,0.8,TUNGABHADRA,2021-06-30
2021,2776,"RIVER TUNGABHADRA AT D/S OF GANGAWATHI,",KARNATAKA,Tributary Streams - Ghatprabha At W,8.1,470.0,2.5,7.5,0.3,TUNGABHADRA,2021-06-30
2021,2766,"RIVER TUNGABHADRA AT NEW BRIDGE,",KARNATAKA,Tributary Streams - Ghatprabha At W,7.95,329.5,2.5,7.15,0.55,TUNGABHADRA,2021-06-30
2021,1029,"RIVER TUNGABHADRA AT HARALAHALLI BRIDGE,",KARNATAKA,Tributary Streams - Ghatprabha At W,8.0,380.0,2.6,6.9,0.365,TUNGABHADRA,2021-06-30
2021,4388,"RIVER TUNGABHADRA, UPSTREAM OF KURNOOL TOWN BEFORE JOINING CITY DOMESTIC SEWAGE AND AFTER M/S RAYALASEEMA ALKALIES INDUSTRIES NEAR SIVALAYAM TEMPLE, GONDIPARLA (V) KURNOOL (M)",ANDHRA PRADESH,Tributary Streams - Ghatprabha At W,7.3,1339.5,2.15,5.15,4.115,INDUSTRIES,2021-06-30
2021,4389,"RIVER TUNGABHADRA, DOWNSTREAM OF KURNOOL TOWN AFTER JOINING CITY DOMESTIC SEWAGE",ANDHRA PRADESH,Tributary Streams - Ghatprabha At W,7.25,1164.0,2.15,5.15,2.345,Ghatprabha At W,2021-06-30
2021,1174,"RIVER TUNGABHADRA AT KURNOOL U/S, BHAVAPURAM",ANDHRA PRADESH,Tributary Streams - Ghatprabha At W,7.6,1226.5,2.1,5.7,10.385,TUNGABHADRA,2021-06-30
2021,1785,"RIVER TUNGABHADRA AT MANTHRALAYAM, KURNOOL",ANDHRA PRADESH,Tributary Streams - Ghatprabha At W,7.4,803.0,2.15,5.6,1.1949999999999998,TUNGABHADRA,2021-06-30
2021,1168,"RIVER TUNGA AT D/S OF SHIMOGA TOWN,",KARNATAKA,Tributary Streams - Ghatprabha At W,7.35,275.0,4.15,6.199999999999999,0.8,TUNGA,2021-06-30
2021,1896,RIVER TUNGABHADRA AT CONFLUENCE POINT OF TUNGA AND BHADRA AT KUDLI,KARNATAKA,Tributary Streams - Ghatprabha At W,7.8999999999999995,188.5,3.0,7.050000000000001,0.5599999999999999,TUNGABHADRA,2021-06-30
2021,1091,RIVER BHADRA AT MALLESWARAM D/S OF KIOCL,KARNATAKA,Tributary Streams - Ghatprabha At W,6.8,88.0,1.4,6.95,0.3,BHADRA,2021-06-30
2021,1387,"RIVER BHADRA AT D/S OF BHADRAVATHI,",KARNATAKA,Tributary Streams - Ghatprabha At W,7.6,250.0,4.9,5.6,0.7100000000000001,BHADRA,2021-06-30
2021,1169,"RIVER BHADRA AT D/S OF KIOCL ROAD BRIDGE, NEAR HOLEHUNNUR,",KARNATAKA,Tributary Streams - Ghatprabha At W,7.75,240.5,2.8,6.4,0.66,BHADRA,2021-06-30
2021,2765,"RIVER BHADRA AT U/S OF MPM,",KARNATAKA,Tributary Streams - Ghatprabha At W,7.699999999999999,220.0,2.3,6.35,0.67,BHADRA,2021-06-30
2021,2771,"RIVER BHADRA AT U/S OF KIOCL,",KARNATAKA,Tributary Streams - Ghatprabha At W,6.75,83.0,1.3,7.05,0.3,BHADRA,2021-06-30
2021,1172,"RIVER MUSI U/S AT GANDIPET, OSMANSAGAR LAKE, HYDERABAD",TELANGANA,Tributary Streams - Ghatprabha At W,7.95,435.5,2.1500000000000004,5.7,0.75,MUSI,2021-06-30
2021,1173,"RIVER MUSI D/S AT PRATAPSINGARAM, HYDERABAD",TELANGANA,Tributary Streams - Ghatprabha At W,7.45,1263.0,8.0,1.2,8.6,MUSI,2021-06-30
2021,2339,"RIVER MUSI AT NAGOLE, RANGAREDDY",TELANGANA,Tributary Streams - Ghatprabha At W,7.75,1324.5,10.5,0.3,10.28,MUSI,2021-06-30
2021,3082,"RIVER MUSI RESERVOIR AT KASANIGUDA, NALGONDA",TELANGANA,Tributary Streams - Ghatprabha At W,7.25,1346.5,4.3,5.9,8.63,MUSI RESERVOIR,2021-06-30
2021,1178,"RIVER PALLERU B/C WITH KRISHNA, JAGGAIAPET",ANDHRA PRADESH,Tributary Streams - Ghatprabha At W,7.65,864.0,2.5999999999999996,7.25,1.3849999999999998,Ghatprabha At W,2021-06-30
2021,1177,"RIVER MUNERU B/C WITH KRISHNA, NANDIGAMA",ANDHRA PRADESH,Tributary Streams - Ghatprabha At W,7.699999999999999,868.0,2.5999999999999996,7.35,1.005,Ghatprabha At W,2021-06-30
2021,1895,RIVER KAGINA D/S OF SEWAGE DISPOSAL POINT,KARNATAKA,Tributary Streams - Ghatprabha At W,8.1,594.5,2.55,7.550000000000001,0.9,KAGINA,2021-06-30
2021,2777,"RIVER KAGINA AT SHAHABAD BRIDGE,",KARNATAKA,Tributary Streams - Ghatprabha At W,7.75,597.5,2.5,7.35,0.7000000000000001,KAGINA,2021-06-30
2021,2349,"RIVER NAKKAVAGU, BACHUGUDEM, MEDAK",TELANGANA,Tributary Streams - Ghatprabha At W,6.95,1569.0,8.0,2.05,16.705,Ghatprabha At W,2021-06-30
2021,2350,"RIVER HUNDRI AT JOHARAPURAM(V), NEAR TEMPLE, KURNOOL",ANDHRA PRADESH,Tributary Streams - Ghatprabha At W,7.65,1147.0,2.25,5.65,1.725,HUNDRI,2021-06-30
2021,2705,"RIVER SINA NEAR LABOTI TOLL NAKA, LABOTI, MOHAL",MAHARASHTRA,Tributary Streams - Ghatprabha At W,7.9,12057.0,6.4,5.35,2.82,SINA,2021-06-30
2021,2189,"RIVER KOYNA AT KARAD, SATARA",MAHARASHTRA,Tributary Streams - Ghatprabha At W,7.800000000000001,396.5,4.4,5.85,1.44,KOYNA,2021-06-30
2021,1911,"RIVER CHANDRABHAGA U/S OF PANDHARPUR TOWN, GURSALE, PANDHARPUR",MAHARASHTRA,Tributary Streams - Ghatprabha At W,8.15,5101.0,7.15,5.35,2.9499999999999997,CHANDRABHAGA,2021-06-30
2021,1912,"RIVER CHANDRABHAGA D/S OF PANDHARPUR TOWN, GURSALE, PANDHARPUR, SOLAPUR",MAHARASHTRA,Tributary Streams - Ghatprabha At W,8.25,1133.0,8.85,5.0,2.555,CHANDRABHAGA,2021-06-30
2021,2195,"RIVER NIRA AT D/S OF JUBILANT ORGANOSIS, NIMBUT, BARAMATI,PUNE",MAHARASHTRA,Tributary Streams - Ghatprabha At W,7.75,932.0,7.5,5.35,4.9,NIRA,2021-06-30
2021,2681,"RIVER NIRA AT SANGAVI, PHALTAN, SATARA",MAHARASHTRA,Tributary Streams - Ghatprabha At W,8.05,1312.0,5.7,5.2,3.025,NIRA,2021-06-30
2021,2682,"RIVER NIRA AT U/S OF JUBILANT ORGANOSIS, NIRA(DATTAGHAT), BARAMATI, PUNE",MAHARASHTRA,Tributary Streams - Ghatprabha At W,7.9,627.0,5.15,5.8,2.6999999999999997,NIRA,2021-06-30
2021,2683,"RIVER NIRA AT SHINDEWADI. SHIRVAL, KHANDALA, SATARA",MAHARASHTRA,Tributary Streams - Ghatprabha At W,8.05,250.5,5.45,5.7,1.24,NIRA,2021-06-30
2021,1463,"RIVER NIRA AT SAROLA BDG.ON PUNE-BANGLORE HIGHWAY, SAROLA, BHOR, PUNE",MAHARASHTRA,Tributary Streams - Ghatprabha At W,7.95,610.5,4.35,5.8,2.9499999999999997,NIRA,2021-06-30
2021,2191,"RIVER MUTHA AT SANGAM BRIDGE NEAR GANAPATHY GHAT, SHIVAJINAGAR, PUNE",MAHARASHTRA,Tributary Streams - Ghatprabha At W,7.45,440.0,9.75,5.2,1.9849999999999999,MUTHA,2021-06-30
2021,2678,"RIVER MUTHA NEAR VEER SAVARKAR BHAVAN, PUNE",MAHARASHTRA,Tributary Streams - Ghatprabha At W,7.35,429.0,11.75,4.65,2.15,MUTHA,2021-06-30
2021,2679,"RIVER MUTHA AT DECCAN BRIDGE, DECCAN, PUNE",MAHARASHTRA,Tributary Streams - Ghatprabha At W,7.35,367.5,12.45,4.55,2.9,MUTHA,2021-06-30
2021,2680,"RIVER MUTHA AT KHADAKVASLA DAM, KHADAKVASLA, HAWELI, PUNE.",MAHARASHTRA,Tributary Streams - Ghatprabha At W,7.7,535.0,4.95,5.9,2.5,MUTHA,2021-06-30
2021,2193,"RIVER MULA AT AUNDH BRIDGE, AUNDHGAON, HAWELI, PUNE",MAHARASHTRA,Tributary Streams - Ghatprabha At W,7.55,829.0,7.75,5.2,4.3500000000000005,MULA,2021-06-30
2021,2194,"RIVER MULA AT HARRISON BRIDGE NEAR MULA- PAWANA SANGAM, BOPODI, HAWELI, PUNE",MAHARASHTRA,Tributary Streams - Ghatprabha At W,7.55,636.5,10.25,4.9,3.7,MULA,2021-06-30
2021,2192,"RIVER MULA-MUTHA AT MUNDHAWA BRIDGE, MUNTHAWA,HAWELI, PUNE",MAHARASHTRA,Tributary Streams - Ghatprabha At W,7.5,3299.0,8.75,5.199999999999999,11.3,MULA-MUTHA,2021-06-30
2021,2677,"RIVER MULA-MUTHA AT D/S OF THEUR, HAWELI, PUNE",MAHARASHTRA,Tributary Streams - Ghatprabha At W,7.75,435.0,7.5,5.5,4.75,MULA-MUTHA,2021-06-30
2021,1255,"RIVER PENNAR B/C WITH CHITRAVATHI, TADIPATRI, UNGANOOR, ANANTAPURA",ANDHRA PRADESH,Pennar,7.65,1157.5,2.0,5.25,0.77,Pennar,2021-06-30
2021,1256,"RIVER PENNAR A/C WITH PAPAGNI, PUSHPAGINI, KADAPA",ANDHRA PRADESH,Pennar,7.5,891.0,1.7999999999999998,5.7,1.025,Pennar,2021-06-30
2021,1257,"RIVER PENNAR A/C WITH CHEYYURU, SOMASILA, NELLORE",ANDHRA PRADESH,Pennar,8.2,768.0,2.5999999999999996,7.15,1.01,Pennar,2021-06-30
2021,2351,"RIVER KUNDU, NANDYAL, NEAR OVER BDG., KURNOOL",ANDHRA PRADESH,Pennar,7.300000000000001,963.0,2.25,5.6,1.795,Pennar,2021-06-30
2021,1198,"RIVER CAUVERY AT NAPOKULU BDG (D/S),",KARNATAKA,Cauvery,7.55,92.0,1.25,7.15,0.65,CAUVERY,2021-06-30
2021,1195,"RIVER CAUVERY AT KUSHAL NAGAR U/S (NEAR BAICHANAHALLI),",KARNATAKA,Cauvery,7.6000000000000005,99.5,1.6,6.75,3.29,CAUVERY,2021-06-30
2021,1171,"RIVER CAUVERY AT SRI RANGAPATTANNA, D/S OF ROAD BDG.,",KARNATAKA,Cauvery,8.15,283.0,2.5,6.3,2.2800000000000002,CAUVERY,2021-06-30
2021,1386,"RIVER CAUVERY AT D/S OF KAREKUARA VILLAGE,",KARNATAKA,Cauvery,7.85,212.0,1.85,6.65,1.75,CAUVERY,2021-06-30
2021,2773,"RIVER CAUVERY AT BANNUR BRIDGE,",KARNATAKA,Cauvery,8.25,277.0,2.0,6.4,1.5,CAUVERY,2021-06-30
2021,2774,"RIVER CAUVERY AT RANGANATHITTU,",KARNATAKA,Cauvery,8.15,232.5,2.25,6.4,1.94,CAUVERY,2021-06-30
2021,3566,RIVER CAUVERY AT KRS DAM MANDYA,KARNATAKA,Cauvery,8.0,196.0,1.35,6.85,1.2,CAUVERY,2021-06-30
2021,3568,RIVER CAUVERY AT WATER SUPPLY INTAKE POINT TO SRIRANGAPATNA TOWN,KARNATAKA,Cauvery,8.05,225.5,1.9,6.6,1.8599999999999999,CAUVERY,2021-06-30
2021,3569,RIVER CAUVERY AT WATER SUPPLY INTAKE POINT TO MANDYA TOWN,KARNATAKA,Cauvery,8.2,227.0,2.0,6.55,1.8399999999999999,CAUVERY,2021-06-30
2021,3570,RIVER CAUVERY D/S OF KR NAGAR BRIDGE,KARNATAKA,Cauvery,8.0,286.0,1.9,6.4,1.75,CAUVERY,2021-06-30
2021,3571,RIVER CAUVERY U/S OF KR NAGAR,KARNATAKA,Cauvery,8.1,281.0,1.4,6.85,1.05,CAUVERY,2021-06-30
2021,3573,RIVER CAUVERY D/S OF KUSHALANAGAR TOWN,KARNATAKA,Cauvery,7.75,402.5,1.6,6.85,3.4,CAUVERY,2021-06-30
2021,3574,RIVER CAUVERY AT WATER SUPPLY INTAKE POINT TO MADIKERI TOWN,KARNATAKA,Cauvery,7.5,79.0,1.25,7.15,0.59,CAUVERY,2021-06-30
2021,3576,RIVER CAUVERY AT WATER SUPPLY INTAKE POINT TO MYSORE PUMP HOUSE,KARNATAKA,Cauvery,8.1,232.0,1.25,6.9,1.34,CAUVERY,2021-06-30
2021,3578,RIVER CAUVERY D/S OF MADDUR WATER SUPPLY TREATMENT PLANT AT BACHALLI,KARNATAKA,Cauvery,8.05,272.5,1.9,6.45,2.3,CAUVERY,2021-06-30
2021,3579,RIVER CAUVERY AT WATER SUPPLY INTAKE POINT AT KOLLEGALA DASANAPURA,KARNATAKA,Cauvery,8.0,286.5,2.0,6.550000000000001,1.805,CAUVERY,2021-06-30
2021,3581,RIVER CAUVERY AT WATER SUPPLY INTAKE POINT AT T K HALLI,KARNATAKA,Cauvery,7.85,269.5,2.0,6.45,2.0,CAUVERY,2021-06-30
2021,4109,RIVER CAUVERY BEFORE CONFLUENCE AT SANGAM,KARNATAKA,Cauvery,7.6,423.0,4.0,5.949999999999999,1.3499999999999999,CAUVERY BEFORE CONFLUENCE,2021-06-30
2021,4099,"RIVER CAUVERY D/S BARACHUKI FALLS, SATHEGALA, KOLLEGALA",KARNATAKA,Cauvery,8.2,300.5,1.75,6.45,2.05,CAUVERY,2021-06-30
2021,4101,"RIVER GUNDAL AT GUNDAL RESERVOIR, KOLLEGALA TQ & CHAMARAJANAGARA DIST",KARNATAKA,Cauvery,7.75,140.0,1.15,7.1,0.65,GUNDAL,2021-06-30
2021,4102,RIVER CAUVERY D/S AT BHAGAMANDALA BRIDGE,KARNATAKA,Cauvery,7.5,71.0,1.4,4.3,0.525,CAUVERY,2021-06-30
2021,4103,"RIVER CAUVERY D/S AT KANIVE RAMALINGESWARA TEMPLE BRIDGE, KUSHALNAGAR",KARNATAKA,Cauvery,7.75,107.5,1.55,6.800000000000001,1.05,CAUVERY,2021-06-30
2021,30052,RIVER CAUVERY AT AJJIBORE (BANGALORE),KARNATAKA,Cauvery,8.45,359.0,1.4,9.649999999999999,0.57,CAUVERY,2021-06-30
2021,1320,"RIVER CAUVERY AT ERODE NEAR CHIRAPALAYAM, TAMILNADU",TAMIL NADU,Cauvery,7.5,613.0,1.55,6.35,0.345,CAUVERY,2021-06-30
2021,1323,"RIVER CAUVERY AT VELORE NEAR KATTIPALAYAM, TAMILNADU",TAMIL NADU,Cauvery,7.35,802.5,1.0,6.3,0.38,CAUVERY,2021-06-30
2021,3015,"RIVER CAUVERY AT PUGALUR, KARUR, TAMILNADU",TAMIL NADU,Cauvery,7.05,917.5,2.6,5.5,0.355,CAUVERY,2021-06-30
2021,1324,"RIVER CAUVERY AT MOHANUR NEAR PATTAIPALAYAM, TAMILNADU",TAMIL NADU,Cauvery,7.35,921.5,1.7,6.4,0.345,CAUVERY,2021-06-30
2021,1451,"RIVER CAUVERY AT THIRUMUKKUDAL-CONFL. PT.OF R. AMRAVATI, TAMILNADU",TAMIL NADU,Cauvery,7.2,768.0,2.5,6.15,0.53,CAUVERY,2021-06-30
2021,3016,"RIVER CAUVERY AT PETTAIVAITHALAI, TRICHY, TAMILNADU",TAMIL NADU,Cauvery,7.300000000000001,876.5,2.0,7.1,0.695,CAUVERY,2021-06-30
2021,1202,"RIVER CAUVERY AT TIRUCHIRAPPALLI U/S, TAMILNADU",TAMIL NADU,Cauvery,7.199999999999999,837.5,2.0,6.85,0.54,CAUVERY,2021-06-30
2021,1325,"RIVER CAUVERY AT TIRUCHIRAPPALLI D/S, TAMILNADU",TAMIL NADU,Cauvery,7.199999999999999,870.0,2.5,6.8,0.765,CAUVERY,2021-06-30
2021,1203,"RIVER CAUVERY AT TRICHY, GRAND ANAICUT, TAMILNADU",TAMIL NADU,Cauvery,7.5,760.0,2.0,6.95,0.8049999999999999,CAUVERY,2021-06-30
2021,1206,"RIVER CAUVERY AT THANJAVUR, TAMILNADU",TAMIL NADU,Cauvery,7.550000000000001,875.5,2.5,7.0,0.835,CAUVERY,2021-06-30
2021,3018,"RIVER CAUVERY AT MAYILADUTHURAI, NAGAPATTINAM, TAMILNADU",TAMIL NADU,Cauvery,7.550000000000001,1278.0,2.0,6.3,0.37,CAUVERY,2021-06-30
2021,3012,"RIVER CAUVERY AT KOMARAPALAYAM, NAMAKAL, TAMILNADU",TAMIL NADU,Cauvery,7.05,560.5,1.0,5.949999999999999,0.555,CAUVERY,2021-06-30
2021,3013,"RIVER CAUVERY AT URRACHIKOTTAI, ERODE, TAMILNADU",TAMIL NADU,Cauvery,7.3,318.5,1.5,6.45,0.325,CAUVERY,2021-06-30
2021,3014,"RIVER CAUVERY AT VAIRAPALAYAM, NAMAKAL, TAMILNADU",TAMIL NADU,Cauvery,7.15,462.0,1.5,6.25,0.505,CAUVERY,2021-06-30
2021,4827,RIVER LOCATIONS AT KUMARAPALAYAM,TAMIL NADU,Cauvery,7.05,476.0,1.15,6.3,0.84,LOCATIONS,2021-06-30
2021,3017,"RIVER CAUVERY AT KUMBAKONAM, THANJAVUR, TAMILNADU",TAMIL NADU,Cauvery,7.5,647.0,2.0,6.9,0.505,CAUVERY,2021-06-30
2021,1326,"RIVER CAUVERY AT COLEROON, TAMILNADU",TAMIL NADU,Cauvery,7.7,897.0,1.0,5.9,5.12,CAUVERY,2021-06-30
2021,1327,"RIVER CAUVERY AT PITCHAVARAM, TAMILNADU",TAMIL NADU,Cauvery,6.8,427.0,3.0,6.2,2.78,CAUVERY,2021-06-30
2021,1322,"RIVER CAUVERY AT 1KM. D/S OF BHAVANI CONFL., TAMILNADU",TAMIL NADU,Cauvery,7.7,476.5,2.8,5.949999999999999,0.325,CAUVERY,2021-06-30
2021,10064,RIVER CAUVERY AT BHAWANI D/S,TAMIL NADU,Cauvery,7.4,415.0,1.7,6.2,0.405,CAUVERY,2021-06-30
2021,10065,RIVER CAUVERY AT ERODE U/S,TAMIL NADU,Cauvery,7.65,408.0,2.0,3.4499999999999997,0.325,CAUVERY,2021-06-30
2021,10067,RIVER CAUVERY AT KUMARAPALAYAM U/S,TAMIL NADU,Cauvery,7.15,451.0,1.5,5.85,0.79,CAUVERY,2021-06-30
2021,10070,RIVER CAUVERY AT PALLIPALAYAM D/S,TAMIL NADU,Cauvery,7.25,496.5,1.5,6.35,0.935,CAUVERY,2021-06-30
2021,10073,RIVER CAUVERY AT KARUR U/S,TAMIL NADU,Cauvery,7.4,796.5,3.0,6.3,0.46499999999999997,CAUVERY,2021-06-30
2021,10078,RIVER CAUVERY AT MAYILADUTHURAI D/S,TAMIL NADU,Cauvery,7.4,2064.0,2.5,6.3,0.42000000000000004,CAUVERY,2021-06-30
2021,1205,"RIVER BHAVANI AT BHAVANI, TAMILNADU",TAMIL NADU,"Tributary Streams - Bhavani, Yagachi, Hemavati, Shimsa, Thirumanimuthar, Vasista, Amravati, Akravati, Kabini, Lakshmantirtha, Sarabanga, Adyar, Cooum Vaigai, Suvarnvathi Station Code Name Of Monitoring Location State Name Primary Water Quality Criteria Notified Under E",7.4,524.5,1.5,6.4,0.33999999999999997,BHAVANI,2021-06-30
2021,1201,"RIVER BHAVANI AT PATHIRAKALIAMMAN KOIL, TAMILNADU",TAMIL NADU,"Tributary Streams - Bhavani, Yagachi, Hemavati, Shimsa, Thirumanimuthar, Vasista, Amravati, Akravati, Kabini, Lakshmantirtha, Sarabanga, Adyar, Cooum Vaigai, Suvarnvathi Station Code Name Of Monitoring Location State Name Primary Water Quality Criteria Notified Under E",6.8,419.0,1.5,6.6,0.355,BHAVANI,2021-06-30
2021,1204,"RIVER BHAVANI AT SIRUMUGAI, TAMILNADU",TAMIL NADU,"Tributary Streams - Bhavani, Yagachi, Hemavati, Shimsa, Thirumanimuthar, Vasista, Amravati, Akravati, Kabini, Lakshmantirtha, Sarabanga, Adyar, Cooum Vaigai, Suvarnvathi Station Code Name Of Monitoring Location State Name Primary Water Quality Criteria Notified Under E",6.949999999999999,198.0,1.85,6.55,0.45499999999999996,BHAVANI,2021-06-30
2021,1208,"RIVER BHAVANI AT ELACHIVAZHY, KERALA",KERALA,"Tributary Streams - Bhavani, Yagachi, Hemavati, Shimsa, Thirumanimuthar, Vasista, Amravati, Akravati, Kabini, Lakshmantirtha, Sarabanga, Adyar, Cooum Vaigai, Suvarnvathi Station Code Name Of Monitoring Location State Name Primary Water Quality Criteria Notified Under E",7.25,162.5,1.1,7.4,1.0999999999999999,BHAVANI,2021-06-30
2021,1321,"RIVER BHAVANI AT BHAVANI SAGAR, TAMILNADU",TAMIL NADU,"Tributary Streams - Bhavani, Yagachi, Hemavati, Shimsa, Thirumanimuthar, Vasista, Amravati, Akravati, Kabini, Lakshmantirtha, Sarabanga, Adyar, Cooum Vaigai, Suvarnvathi Station Code Name Of Monitoring Location State Name Primary Water Quality Criteria Notified Under E",7.0,189.5,1.75,3.4,0.38,BHAVANI,2021-06-30
2021,3019,"RIVER BHAVANI AT D/S OF BHAVANISAGAR, SATHYAMANGALAM, ERODE, TAMILNADU",TAMIL NADU,"Tributary Streams - Bhavani, Yagachi, Hemavati, Shimsa, Thirumanimuthar, Vasista, Amravati, Akravati, Kabini, Lakshmantirtha, Sarabanga, Adyar, Cooum Vaigai, Suvarnvathi Station Code Name Of Monitoring Location State Name Primary Water Quality Criteria Notified Under E",7.0,214.5,1.5,6.3,0.37,BHAVANI,2021-06-30
2021,3020,"RIVER BHAVANI AT U/S OF KALINGARAYAN CANAL (B5), ERODE, TAMILNADU",TAMIL NADU,"Tributary Streams - Bhavani, Yagachi, Hemavati, Shimsa, Thirumanimuthar, Vasista, Amravati, Akravati, Kabini, Lakshmantirtha, Sarabanga, Adyar, Cooum Vaigai, Suvarnvathi Station Code Name Of Monitoring Location State Name Primary Water Quality Criteria Notified Under E",7.55,479.0,1.5,6.5,0.33499999999999996,BHAVANI,2021-06-30
2021,3021,"RIVER BHAVANI AT D/S OF KALINGARAYAN CANAL (B10), ERODE, TAMILNADU",TAMIL NADU,"Tributary Streams - Bhavani, Yagachi, Hemavati, Shimsa, Thirumanimuthar, Vasista, Amravati, Akravati, Kabini, Lakshmantirtha, Sarabanga, Adyar, Cooum Vaigai, Suvarnvathi Station Code Name Of Monitoring Location State Name Primary Water Quality Criteria Notified Under E",7.8,485.5,2.0,6.35,0.33499999999999996,BHAVANI,2021-06-30
2021,1893,RIVER YAGACHI NEAR PUMPING STATION. HASSAN CITY,KARNATAKA,"Tributary Streams - Bhavani, Yagachi, Hemavati, Shimsa, Thirumanimuthar, Vasista, Amravati, Akravati, Kabini, Lakshmantirtha, Sarabanga, Adyar, Cooum Vaigai, Suvarnvathi Station Code Name Of Monitoring Location State Name Primary Water Quality Criteria Notified Under E",7.4,385.0,2.3,5.15,0.3,YAGACHI,2021-06-30
2021,1199,RIVER HEMAVATI AT D/S OF HOLENARASIPURA TOWN AT RAMADEVALA WEIR,KARNATAKA,"Tributary Streams - Bhavani, Yagachi, Hemavati, Shimsa, Thirumanimuthar, Vasista, Amravati, Akravati, Kabini, Lakshmantirtha, Sarabanga, Adyar, Cooum Vaigai, Suvarnvathi Station Code Name Of Monitoring Location State Name Primary Water Quality Criteria Notified Under E",7.199999999999999,150.0,1.5,6.5,0.3,HEMAVATI,2021-06-30
2021,1166,"RIVER SHIMSHA AT D/S OF BRIDGE, HALAGUR,",KARNATAKA,"Tributary Streams - Bhavani, Yagachi, Hemavati, Shimsa, Thirumanimuthar, Vasista, Amravati, Akravati, Kabini, Lakshmantirtha, Sarabanga, Adyar, Cooum Vaigai, Suvarnvathi Station Code Name Of Monitoring Location State Name Primary Water Quality Criteria Notified Under E",8.45,542.5,3.4,5.7,2.9499999999999997,SHIMSHA,2021-06-30
2021,1200,"RIVER SHIMSHA AT D/S OF HIGHWAY BRIDGE, YEDIYAR,",KARNATAKA,"Tributary Streams - Bhavani, Yagachi, Hemavati, Shimsa, Thirumanimuthar, Vasista, Amravati, Akravati, Kabini, Lakshmantirtha, Sarabanga, Adyar, Cooum Vaigai, Suvarnvathi Station Code Name Of Monitoring Location State Name Primary Water Quality Criteria Notified Under E",7.0,349.5,4.5,6.6,0.9,SHIMSHA,2021-06-30
2021,3567,RIVER SHIMSHA D/S NEAR MADDUAR TOWN,KARNATAKA,"Tributary Streams - Bhavani, Yagachi, Hemavati, Shimsa, Thirumanimuthar, Vasista, Amravati, Akravati, Kabini, Lakshmantirtha, Sarabanga, Adyar, Cooum Vaigai, Suvarnvathi Station Code Name Of Monitoring Location State Name Primary Water Quality Criteria Notified Under E",7.8,449.0,3.0,5.9,1.9,SHIMSHA,2021-06-30
2021,3580,RIVER SHIMSHA AT WATER SUPPLY INTAKE POINT AT MADDUAR,KARNATAKA,"Tributary Streams - Bhavani, Yagachi, Hemavati, Shimsa, Thirumanimuthar, Vasista, Amravati, Akravati, Kabini, Lakshmantirtha, Sarabanga, Adyar, Cooum Vaigai, Suvarnvathi Station Code Name Of Monitoring Location State Name Primary Water Quality Criteria Notified Under E",8.05,280.0,2.0,6.5,2.35,SHIMSHA,2021-06-30
2021,3022,"RIVER THIRUMANIMUTHAR AT SALEM, D/S OF SAGO & TEXTILE DYING INDUSTRIES, TAMILNADU",TAMIL NADU,"Tributary Streams - Bhavani, Yagachi, Hemavati, Shimsa, Thirumanimuthar, Vasista, Amravati, Akravati, Kabini, Lakshmantirtha, Sarabanga, Adyar, Cooum Vaigai, Suvarnvathi Station Code Name Of Monitoring Location State Name Primary Water Quality Criteria Notified Under E",7.550000000000001,2727.5,27.5,3.65,1.16,THIRUMANIMUTHAR,2021-06-30
2021,3023,"RIVER VASISTA AT SALEM, D/S OF SAGO INDUSRIES EFFLUENT, TAMILNADU",TAMIL NADU,"Tributary Streams - Bhavani, Yagachi, Hemavati, Shimsa, Thirumanimuthar, Vasista, Amravati, Akravati, Kabini, Lakshmantirtha, Sarabanga, Adyar, Cooum Vaigai, Suvarnvathi Station Code Name Of Monitoring Location State Name Primary Water Quality Criteria Notified Under E",7.2,4796.0,30.5,3.4499999999999997,0.59,VASISTA,2021-06-30
2021,1319,RIVER AMRAVATI AT 1KM D/S FROM EFF.DIS. PT. AT MADHUTHUKKULAM,TAMIL NADU,"Tributary Streams - Bhavani, Yagachi, Hemavati, Shimsa, Thirumanimuthar, Vasista, Amravati, Akravati, Kabini, Lakshmantirtha, Sarabanga, Adyar, Cooum Vaigai, Suvarnvathi Station Code Name Of Monitoring Location State Name Primary Water Quality Criteria Notified Under E",7.05,459.0,1.55,6.4,0.58,AMRAVATI,2021-06-30
2021,4812,RIVER LOCATED ON THE SOUTHERN BANK OF AMARAVATHI AND DOWNSTREAM SIDE OF KARUR DYEING CLUSTER,TAMIL NADU,"Tributary Streams - Bhavani, Yagachi, Hemavati, Shimsa, Thirumanimuthar, Vasista, Amravati, Akravati, Kabini, Lakshmantirtha, Sarabanga, Adyar, Cooum Vaigai, Suvarnvathi Station Code Name Of Monitoring Location State Name Primary Water Quality Criteria Notified Under E",6.85,3755.0,1.5,6.25,0.42000000000000004,"Bhavani, Yagachi, Hemavati, Shimsa, Thirumanimuthar, Vasista, Amravati, Akravati, Kabini, Lakshmantirtha, Sarabanga, Adyar, Cooum Vaigai, Suvarnvathi Station Code Name Of Monitoring Location State Name Primary Water Quality Criteria Notified Under E",2021-06-30
2021,4813,RIVER LOCATED ADJACENT TO KARU MSW DUMP SITE AND ON THE NORTHERN BANK OF AMARAVATHI AND DOWNSTREAM SIDE OF KARU DYEING CLUSTER,TAMIL NADU,"Tributary Streams - Bhavani, Yagachi, Hemavati, Shimsa, Thirumanimuthar, Vasista, Amravati, Akravati, Kabini, Lakshmantirtha, Sarabanga, Adyar, Cooum Vaigai, Suvarnvathi Station Code Name Of Monitoring Location State Name Primary Water Quality Criteria Notified Under E",7.05,5254.0,2.5,6.4,3.145,"Bhavani, Yagachi, Hemavati, Shimsa, Thirumanimuthar, Vasista, Amravati, Akravati, Kabini, Lakshmantirtha, Sarabanga, Adyar, Cooum Vaigai, Suvarnvathi Station Code Name Of Monitoring Location State Name Primary Water Quality Criteria Notified Under E",2021-06-30
2021,1165,"RIVER ARKAVATHI AT D/S OF KANAKAPURA TOWN,",KARNATAKA,"Tributary Streams - Bhavani, Yagachi, Hemavati, Shimsa, Thirumanimuthar, Vasista, Amravati, Akravati, Kabini, Lakshmantirtha, Sarabanga, Adyar, Cooum Vaigai, Suvarnvathi Station Code Name Of Monitoring Location State Name Primary Water Quality Criteria Notified Under E",6.949999999999999,1178.0,21.5,3.1999999999999997,4.0,ARKAVATHI,2021-06-30
2021,2778,"RIVER ARKAVATHI AT T.G. HALLI RESERVOIR,",KARNATAKA,"Tributary Streams - Bhavani, Yagachi, Hemavati, Shimsa, Thirumanimuthar, Vasista, Amravati, Akravati, Kabini, Lakshmantirtha, Sarabanga, Adyar, Cooum Vaigai, Suvarnvathi Station Code Name Of Monitoring Location State Name Primary Water Quality Criteria Notified Under E",6.9,1057.0,13.0,4.4,24.810000000000002,ARKAVATHI,2021-06-30
2021,2779,"RIVER ARKAVATHI AT HESARAGHATTA RESERVOIR,",KARNATAKA,"Tributary Streams - Bhavani, Yagachi, Hemavati, Shimsa, Thirumanimuthar, Vasista, Amravati, Akravati, Kabini, Lakshmantirtha, Sarabanga, Adyar, Cooum Vaigai, Suvarnvathi Station Code Name Of Monitoring Location State Name Primary Water Quality Criteria Notified Under E",6.85,310.5,5.0,5.55,1.8499999999999999,ARKAVATHI,2021-06-30
2021,4108,RIVER AKRAVATHI BEFORE CONFLUENCE AT SANGAM,KARNATAKA,"Tributary Streams - Bhavani, Yagachi, Hemavati, Shimsa, Thirumanimuthar, Vasista, Amravati, Akravati, Kabini, Lakshmantirtha, Sarabanga, Adyar, Cooum Vaigai, Suvarnvathi Station Code Name Of Monitoring Location State Name Primary Water Quality Criteria Notified Under E",7.55,1016.5,5.1,5.6,1.65,AKRAVATHI BEFORE CONFLUENCE,2021-06-30
2021,1197,"RIVER KABINI AT SARAGUR VILLAGE D/S,",KARNATAKA,"Tributary Streams - Bhavani, Yagachi, Hemavati, Shimsa, Thirumanimuthar, Vasista, Amravati, Akravati, Kabini, Lakshmantirtha, Sarabanga, Adyar, Cooum Vaigai, Suvarnvathi Station Code Name Of Monitoring Location State Name Primary Water Quality Criteria Notified Under E",7.75,226.5,1.9,6.550000000000001,0.76,KABINI,2021-06-30
2021,1207,"RIVER KABINI AT MUTHANKARA, KERALA",KERALA,"Tributary Streams - Bhavani, Yagachi, Hemavati, Shimsa, Thirumanimuthar, Vasista, Amravati, Akravati, Kabini, Lakshmantirtha, Sarabanga, Adyar, Cooum Vaigai, Suvarnvathi Station Code Name Of Monitoring Location State Name Primary Water Quality Criteria Notified Under E",6.95,96.5,1.05,7.15,0.35,KABINI,2021-06-30
2021,1445,"RIVER KABINI AT WATER INTAKE OF KIADB AT NANJANGUD,",KARNATAKA,"Tributary Streams - Bhavani, Yagachi, Hemavati, Shimsa, Thirumanimuthar, Vasista, Amravati, Akravati, Kabini, Lakshmantirtha, Sarabanga, Adyar, Cooum Vaigai, Suvarnvathi Station Code Name Of Monitoring Location State Name Primary Water Quality Criteria Notified Under E",7.9,200.5,1.5,6.85,1.2,KABINI,2021-06-30
2021,2775,"RIVER KABINI AT BATHING GHAT, NANJANAGUD",KARNATAKA,"Tributary Streams - Bhavani, Yagachi, Hemavati, Shimsa, Thirumanimuthar, Vasista, Amravati, Akravati, Kabini, Lakshmantirtha, Sarabanga, Adyar, Cooum Vaigai, Suvarnvathi Station Code Name Of Monitoring Location State Name Primary Water Quality Criteria Notified Under E",7.949999999999999,277.5,2.9,5.949999999999999,3.0500000000000003,KABINI,2021-06-30
2021,3575,RIVER KABINI U/S INTAKE POINT TO NANJANAGUD & GUNDLUPET AT DEBUR,KARNATAKA,"Tributary Streams - Bhavani, Yagachi, Hemavati, Shimsa, Thirumanimuthar, Vasista, Amravati, Akravati, Kabini, Lakshmantirtha, Sarabanga, Adyar, Cooum Vaigai, Suvarnvathi Station Code Name Of Monitoring Location State Name Primary Water Quality Criteria Notified Under E",8.15,199.5,1.75,6.65,1.45,KABINI,2021-06-30
2021,3577,RIVER KABINI AT WATER SUPPLY INTAKE POINT TO T. NARASIPURA,KARNATAKA,"Tributary Streams - Bhavani, Yagachi, Hemavati, Shimsa, Thirumanimuthar, Vasista, Amravati, Akravati, Kabini, Lakshmantirtha, Sarabanga, Adyar, Cooum Vaigai, Suvarnvathi Station Code Name Of Monitoring Location State Name Primary Water Quality Criteria Notified Under E",8.05,317.0,2.5,6.2,2.505,KABINI,2021-06-30
2021,1196,"RIVER LAKSHMANTIRTHA AT D/S OF HUNSUR TOWN,",KARNATAKA,"Tributary Streams - Bhavani, Yagachi, Hemavati, Shimsa, Thirumanimuthar, Vasista, Amravati, Akravati, Kabini, Lakshmantirtha, Sarabanga, Adyar, Cooum Vaigai, Suvarnvathi Station Code Name Of Monitoring Location State Name Primary Water Quality Criteria Notified Under E",7.6,606.5,4.2,5.45,2.6999999999999997,LAKSHMANTIRTHA,2021-06-30
2021,2772,RIVER LAKSHMANTIRTHA AT D/S OF KATTEMALAVADI,KARNATAKA,"Tributary Streams - Bhavani, Yagachi, Hemavati, Shimsa, Thirumanimuthar, Vasista, Amravati, Akravati, Kabini, Lakshmantirtha, Sarabanga, Adyar, Cooum Vaigai, Suvarnvathi Station Code Name Of Monitoring Location State Name Primary Water Quality Criteria Notified Under E",7.800000000000001,598.0,4.55,5.5,3.3,LAKSHMANTIRTHA,2021-06-30
2021,3572,RIVER LAKSHMANTIRTHA AT WATER SUPPLY INTAKE POINT TO HUNSUR TOWN,KARNATAKA,"Tributary Streams - Bhavani, Yagachi, Hemavati, Shimsa, Thirumanimuthar, Vasista, Amravati, Akravati, Kabini, Lakshmantirtha, Sarabanga, Adyar, Cooum Vaigai, Suvarnvathi Station Code Name Of Monitoring Location State Name Primary Water Quality Criteria Notified Under E",7.85,610.0,3.85,5.6,2.75,LAKSHMANTIRTHA,2021-06-30
2021,3024,"RIVER SARABANGA AT SALEM, D/S OF TEXTILE DYEING INDUSTRIES EFFLUENT, TAMILNADU",TAMIL NADU,"Tributary Streams - Bhavani, Yagachi, Hemavati, Shimsa, Thirumanimuthar, Vasista, Amravati, Akravati, Kabini, Lakshmantirtha, Sarabanga, Adyar, Cooum Vaigai, Suvarnvathi Station Code Name Of Monitoring Location State Name Primary Water Quality Criteria Notified Under E",7.6,1934.0,2.0,5.4,2.44,SARABANGA,2021-06-30
2021,10033,RIVER ADYAR AT NANDAMBAKKAM,TAMIL NADU,"Tributary Streams - Bhavani, Yagachi, Hemavati, Shimsa, Thirumanimuthar, Vasista, Amravati, Akravati, Kabini, Lakshmantirtha, Sarabanga, Adyar, Cooum Vaigai, Suvarnvathi Station Code Name Of Monitoring Location State Name Primary Water Quality Criteria Notified Under E",7.5,1756.5,12.5,2.75,1.3099999999999998,ADYAR,2021-06-30
2021,10034,RIVER ADYAR AT EKKATTUTHANGAL,TAMIL NADU,"Tributary Streams - Bhavani, Yagachi, Hemavati, Shimsa, Thirumanimuthar, Vasista, Amravati, Akravati, Kabini, Lakshmantirtha, Sarabanga, Adyar, Cooum Vaigai, Suvarnvathi Station Code Name Of Monitoring Location State Name Primary Water Quality Criteria Notified Under E",7.1,1199.5,15.0,2.35,3.66,ADYAR,2021-06-30
2021,10035,RIVER ADYAR AT JAFERKHANPET,TAMIL NADU,"Tributary Streams - Bhavani, Yagachi, Hemavati, Shimsa, Thirumanimuthar, Vasista, Amravati, Akravati, Kabini, Lakshmantirtha, Sarabanga, Adyar, Cooum Vaigai, Suvarnvathi Station Code Name Of Monitoring Location State Name Primary Water Quality Criteria Notified Under E",6.95,1220.0,15.0,2.8,3.7600000000000002,ADYAR,2021-06-30
2021,10036,RIVER ADYAR AT MARAIMALAI BRIDGE,TAMIL NADU,"Tributary Streams - Bhavani, Yagachi, Hemavati, Shimsa, Thirumanimuthar, Vasista, Amravati, Akravati, Kabini, Lakshmantirtha, Sarabanga, Adyar, Cooum Vaigai, Suvarnvathi Station Code Name Of Monitoring Location State Name Primary Water Quality Criteria Notified Under E",7.2,1178.0,14.0,2.85,3.16,ADYAR,2021-06-30
2021,10038,RIVER ADYAR AT KOTTURPURAM BRIDGE,TAMIL NADU,"Tributary Streams - Bhavani, Yagachi, Hemavati, Shimsa, Thirumanimuthar, Vasista, Amravati, Akravati, Kabini, Lakshmantirtha, Sarabanga, Adyar, Cooum Vaigai, Suvarnvathi Station Code Name Of Monitoring Location State Name Primary Water Quality Criteria Notified Under E",7.35,3056.0,16.0,2.5,2.16,ADYAR,2021-06-30
2021,10039,RIVER ADYAR NEAR BOAT CLUB,TAMIL NADU,"Tributary Streams - Bhavani, Yagachi, Hemavati, Shimsa, Thirumanimuthar, Vasista, Amravati, Akravati, Kabini, Lakshmantirtha, Sarabanga, Adyar, Cooum Vaigai, Suvarnvathi Station Code Name Of Monitoring Location State Name Primary Water Quality Criteria Notified Under E",7.4,2661.5,18.5,2.1,1.265,ADYAR,2021-06-30
2021,10040,RIVER COOUM AT ANNA NAGAR,TAMIL NADU,"Tributary Streams - Bhavani, Yagachi, Hemavati, Shimsa, Thirumanimuthar, Vasista, Amravati, Akravati, Kabini, Lakshmantirtha, Sarabanga, Adyar, Cooum Vaigai, Suvarnvathi Station Code Name Of Monitoring Location State Name Primary Water Quality Criteria Notified Under E",7.15,1552.5,99.5,1.7999999999999998,0.66,COOUM,2021-06-30
2021,10041,RIVER COOUM AT ARUMBAKKAM,TAMIL NADU,"Tributary Streams - Bhavani, Yagachi, Hemavati, Shimsa, Thirumanimuthar, Vasista, Amravati, Akravati, Kabini, Lakshmantirtha, Sarabanga, Adyar, Cooum Vaigai, Suvarnvathi Station Code Name Of Monitoring Location State Name Primary Water Quality Criteria Notified Under E",7.2,1546.5,165.5,1.5999999999999999,5.800000000000001,COOUM,2021-06-30
2021,10042,RIVER COOUM AT AMANJIKARAI,TAMIL NADU,"Tributary Streams - Bhavani, Yagachi, Hemavati, Shimsa, Thirumanimuthar, Vasista, Amravati, Akravati, Kabini, Lakshmantirtha, Sarabanga, Adyar, Cooum Vaigai, Suvarnvathi Station Code Name Of Monitoring Location State Name Primary Water Quality Criteria Notified Under E",7.2,1621.0,176.5,0.9500000000000001,15.31,COOUM,2021-06-30
2021,10043,RIVER COOUM AT POONAMALLE,TAMIL NADU,"Tributary Streams - Bhavani, Yagachi, Hemavati, Shimsa, Thirumanimuthar, Vasista, Amravati, Akravati, Kabini, Lakshmantirtha, Sarabanga, Adyar, Cooum Vaigai, Suvarnvathi Station Code Name Of Monitoring Location State Name Primary Water Quality Criteria Notified Under E",7.4,1739.0,46.5,1.5,4.16,COOUM,2021-06-30
2021,10044,RIVER COOUM AT COLLAGE ROAD,TAMIL NADU,"Tributary Streams - Bhavani, Yagachi, Hemavati, Shimsa, Thirumanimuthar, Vasista, Amravati, Akravati, Kabini, Lakshmantirtha, Sarabanga, Adyar, Cooum Vaigai, Suvarnvathi Station Code Name Of Monitoring Location State Name Primary Water Quality Criteria Notified Under E",7.4,1554.5,58.0,0.9,0.9,COOUM,2021-06-30
2021,10045,RIVER COOUM NEAR CENTRAL JAIL,TAMIL NADU,"Tributary Streams - Bhavani, Yagachi, Hemavati, Shimsa, Thirumanimuthar, Vasista, Amravati, Akravati, Kabini, Lakshmantirtha, Sarabanga, Adyar, Cooum Vaigai, Suvarnvathi Station Code Name Of Monitoring Location State Name Primary Water Quality Criteria Notified Under E",7.25,1830.5,70.0,0.6,0.7200000000000001,COOUM,2021-06-30
2021,10046,RIVER COOUM AT NAPIER BRIDGE,TAMIL NADU,"Tributary Streams - Bhavani, Yagachi, Hemavati, Shimsa, Thirumanimuthar, Vasista, Amravati, Akravati, Kabini, Lakshmantirtha, Sarabanga, Adyar, Cooum Vaigai, Suvarnvathi Station Code Name Of Monitoring Location State Name Primary Water Quality Criteria Notified Under E",7.35,20718.0,94.0,1.2,1.02,COOUM,2021-06-30
2021,10059,RIVER VAIGAI AT MADURAI U/S,TAMIL NADU,"Tributary Streams - Bhavani, Yagachi, Hemavati, Shimsa, Thirumanimuthar, Vasista, Amravati, Akravati, Kabini, Lakshmantirtha, Sarabanga, Adyar, Cooum Vaigai, Suvarnvathi Station Code Name Of Monitoring Location State Name Primary Water Quality Criteria Notified Under E",7.55,672.0,2.5,5.8,1.51,VAIGAI,2021-06-30
2021,10060,RIVER VAIGAI AT MADURAI D/S,TAMIL NADU,"Tributary Streams - Bhavani, Yagachi, Hemavati, Shimsa, Thirumanimuthar, Vasista, Amravati, Akravati, Kabini, Lakshmantirtha, Sarabanga, Adyar, Cooum Vaigai, Suvarnvathi Station Code Name Of Monitoring Location State Name Primary Water Quality Criteria Notified Under E",7.45,955.5,2.0,5.6,0.5650000000000001,VAIGAI,2021-06-30
2021,4100,"RIVER SUVARANVATHI RESERVOIR, ATTIGULLIPURA CHAMARAJANAGAR",KARNATAKA,"Tributary Streams - Bhavani, Yagachi, Hemavati, Shimsa, Thirumanimuthar, Vasista, Amravati, Akravati, Kabini, Lakshmantirtha, Sarabanga, Adyar, Cooum Vaigai, Suvarnvathi Station Code Name Of Monitoring Location State Name Primary Water Quality Criteria Notified Under E",7.85,150.0,1.2,7.1,0.75,"Bhavani, Yagachi, Hemavati, Shimsa, Thirumanimuthar, Vasista, Amravati, Akravati, Kabini, Lakshmantirtha, Sarabanga, Adyar, Cooum Vaigai, Suvarnvathi Station Code Name Of Monitoring Location State Name Primary Water Quality Criteria Notified Under E",2021-06-30
2021,4107,"RIVER DAKSHINA PINAKINI NEAR MUGALUR BRIDGE MUGALUR, BENGALURU",KARNATAKA,"Tributary Streams - Bhavani, Yagachi, Hemavati, Shimsa, Thirumanimuthar, Vasista, Amravati, Akravati, Kabini, Lakshmantirtha, Sarabanga, Adyar, Cooum Vaigai, Suvarnvathi Station Code Name Of Monitoring Location State Name Primary Water Quality Criteria Notified Under E",7.0,1055.5,58.0,2.9499999999999997,9.65,DAKSHINA PINAKINI,2021-06-30
2021,1641,RIVER SUBARNAREKHA AT RAJGHAT (THENGUDIA),ODISHA,Subarnrekha,7.95,309.5,1.35,7.4,0.67,SUBARNAREKHA,2021-06-30
2021,2385,RIVER SUBARNAREKHA AT NAMKUM ROAD BRIDGE,JHARKHAND,Subarnrekha,7.05,,4.55,6.0,,SUBARNAREKHA,2021-06-30
2021,2386,RIVER SUBARNAREKHA AT MURI ROAD BRIDGE,JHARKHAND,Subarnrekha,7.5,,2.4,7.45,,SUBARNAREKHA,2021-06-30
2021,2387,RIVER SUBAREKHA AT GHATISLA ROAD BRIDGE,JHARKHAND,Subarnrekha,7.55,192.5,1.35,7.4,,SUBAREKHA,2021-06-30
2021,2395,RIVER SUBARNAREKHA AT HATIA DAM,JHARKHAND,Subarnrekha,7.35,,1.75,8.25,,SUBARNAREKHA,2021-06-30
2021,2397,RIVER SUBARNAREKHA AT GATALSUD DAM,JHARKHAND,Subarnrekha,7.4,,2.2,8.100000000000001,,SUBARNAREKHA,2021-06-30
2021,2399,RIVER SUBARNAREKHA AT CHANDIL DAM,JHARKHAND,Subarnrekha,7.35,185.5,1.1,7.65,,SUBARNAREKHA,2021-06-30
2021,4743,"RIVER SUBARNREKHA U/S HCL GHATSHILA, E.S",JHARKHAND,Subarnrekha,7.5,184.5,1.2,6.9,,SUBARNREKHA,2021-06-30
2021,4744,RIVER SUBARNREKHA BEFORE MEETING KHARKAI RIVER,JHARKHAND,Subarnrekha,7.4,198.0,1.6,7.300000000000001,,Subarnrekha,2021-06-30
2021,4746,RIVER SUBARNREKHA AFTER CONFLUENCE OF KHARKAI RIVER,JHARKHAND,Subarnrekha,7.449999999999999,200.0,2.95,6.85,,Subarnrekha,2021-06-30
2021,4748,"RIVER SWARNKEKHA AT BAHARAGORA ROAD BRIDGE, P.O- BAHARAGORA, E.S",JHARKHAND,Subarnrekha,7.35,195.0,1.25,7.8,,SWARNKEKHA,2021-06-30
2021,4749,"RIVER SUBARNREKHA , NEAR RING ROAD BRIDGE SEMBO, NAGRI, RANCHI",JHARKHAND,Subarnrekha,7.05,,2.65,6.1,,Subarnrekha,2021-06-30
2021,4750,RIVER SUBARNREKHA NEAR INTAKE WELL HATIA RAILWAY,JHARKHAND,Subarnrekha,7.05,,2.3,5.3,,SUBARNREKHA,2021-06-30
2021,4084,"RIVER SURBARNREKHA AT HATIA ROAD BRIDGE, RANCHI",JHARKHAND,Subarnrekha,6.5,,2.4000000000000004,4.05,,SURBARNREKHA,2021-06-30
2021,4752,"RIVER SUBARNREKHA NEAR OBERIA ROAD BRIDGE, HATIA RANCH",JHARKHAND,Subarnrekha,7.0,,2.45,3.3,,SUBARNREKHA,2021-06-30
2021,30067,RIVER SUBARNAREKHA AT BEHRAGORA (JHARKHAND),JHARKHAND,Subarnrekha,8.3,260.0,1.15,9.65,0.32,SUBARNAREKHA,2021-06-30
2021,30068,RIVER SUBARNAREKHA AT GOPIBALLAVPUR (WEST BENGAL),WEST BENGAL,Subarnrekha,8.3,255.5,1.25,9.8,0.32,SUBARNAREKHA,2021-06-30
2021,30069,RIVER SUBARNAREKHA AT LAKHANNATH (ORISSA),ODISHA,Subarnrekha,8.05,240.5,1.6,9.15,0.38,SUBARNAREKHA,2021-06-30
2021,30090,"RIVER SUBARNAREKHA AT JHARKHAND - WEST BENGAL BORDER, MEDINIPORE(W), WEST BENGAL",WEST BENGAL,Subarnrekha,8.2,246.0,1.2000000000000002,8.2,0.32,SUBARNAREKHA,2021-06-30
2021,4086,"RIVER SUBARNREKHA U/S HINDALCO IND LTD, MURLI WORKS, CHHOTAMURI, RANCHI",JHARKHAND,Subarnrekha,7.1,,2.55,7.7,,SUBARNREKHA,2021-06-30
2021,4756,"RIVER SUBARNREKHA AT RUCCA DAM, RUCCA, RANCHI",JHARKHAND,Subarnrekha,7.35,,2.3,8.35,,SUBARNREKHA,2021-06-30
2021,2423,RIVER BUDHABALANGA AT D/S OF BARIPADA TOWN,ODISHA,Tributary Streams - Budhabalanga At D/S Of Baripada Town River Budhabalanga At Balasore U/S River Budhabalanga At Balasore D/S River Sono At Kanandurga Road Near Remuna,7.9,288.5,1.55,7.4,1.855,BUDHABALANGA,2021-06-30
2021,3943,RIVER BUDHABALANGA AT BALASORE U/S,ODISHA,Tributary Streams - Budhabalanga At D/S Of Baripada Town River Budhabalanga At Balasore U/S River Budhabalanga At Balasore D/S River Sono At Kanandurga Road Near Remuna,7.8,246.0,1.6,7.2,0.67,BUDHABALANGA,2021-06-30
2021,2424,RIVER BUDHABALANGA AT BALASORE D/S,ODISHA,Tributary Streams - Budhabalanga At D/S Of Baripada Town River Budhabalanga At Balasore U/S River Budhabalanga At Balasore D/S River Sono At Kanandurga Road Near Remuna,7.65,3063.0,1.75,6.6,1.195,BUDHABALANGA,2021-06-30
2021,3942,"RIVER SONO AT KANANDURGA ROAD NEAR REMUNA, HATOGOND",ODISHA,Tributary Streams - Budhabalanga At D/S Of Baripada Town River Budhabalanga At Balasore U/S River Budhabalanga At Balasore D/S River Sono At Kanandurga Road Near Remuna,7.8500000000000005,231.5,1.4,7.4,0.62,SONO,2021-06-30
