year,code,station,state,section_title,pH,conductivity_uScm,BOD_mg_L,DO_mg_L,nitrate_mg_L,waterbody,date
2022,1001,RIVER BEAS AT U/S MANALI,HIMACHAL PRADESH,Beas,7.75,238.5,,8.55,0.77,BEAS,2022-06-30
2022,2601,RIVER BEAS AT D/S MANALI,HIMACHAL PRADESH,Beas,7.77,100.5,1.8,8.9,0.91,BEAS,2022-06-30
2022,4444,RIVER BEAS D/S OF WASTE PROCESSING FACILITY AT MANALI,HIMACHAL PRADESH,Beas,7.800000000000001,86.5,1.6,8.649999999999999,1.085,BEAS,2022-06-30
2022,4037,RIVER BEAS D/S MANALSU NALLAH,HIMACHAL PRADESH,Beas,7.76,102.5,,8.8,1.045,BEAS,2022-06-30
2022,3866,RIVER BEAS U/S BEFORE CONF. OF MANALSU NALLAH,HIMACHAL PRADESH,Beas,7.865,177.0,,8.8,1.05,BEAS,2022-06-30
2022,2602,"RIVER BEAS, U/S KULLU",HIMACHAL PRADESH,Beas,7.984999999999999,100.5,,8.35,0.9550000000000001,Beas,2022-06-30
2022,4445,RIVER BEAS D/S OF WASTE PROCESSING FACILITY AT KULLU,HIMACHAL PRADESH,Beas,8.005,181.0,1.1,8.75,1.01,BEAS,2022-06-30
2022,1002,RIVER BEAS D/S KULLU,HIMACHAL PRADESH,Beas,7.95,106.0,1.4,9.0,1.155,BEAS,2022-06-30
2022,1003,RIVER BEAS D/S AUT,HIMACHAL PRADESH,Beas,7.895,90.5,,7.85,1.39,BEAS,2022-06-30
2022,2603,"RIVER BEAS, D/S PANDOH DAM",HIMACHAL PRADESH,Beas,8.08,129.0,,8.9,1.085,Beas,2022-06-30
2022,1005,RIVER BEAS AT EXIT OF DEHAR POWER HOUSE,HIMACHAL PRADESH,Beas,7.745,210.0,,9.149999999999999,0.81,BEAS,2022-06-30
2022,1550,"BEAS RIVER, U/S OF MANDI TOWN",HIMACHAL PRADESH,Beas,8.08,140.0,,8.75,0.915,Beas,2022-06-30
2022,1006,RIVER BEAS D/S MANDI TOWN,HIMACHAL PRADESH,Beas,8.035,226.0,1.1,8.35,0.98,BEAS,2022-06-30
2022,2604,RIVER BEAS AT D/S JAISINGHPUR,HIMACHAL PRADESH,Beas,7.765000000000001,247.0,,8.45,,BEAS,2022-06-30
2022,1007,RIVER BEAS AT D/S ALAMPUR,HIMACHAL PRADESH,Beas,7.819999999999999,237.0,,8.75,,BEAS,2022-06-30
2022,3855,"RIVER BEAS D/S NADAUN BRIDGE, VILL BHADOLI",HIMACHAL PRADESH,Beas,7.765000000000001,314.0,2.0,8.1,,BEAS,2022-06-30
2022,1009,RIVER BEAS AT D/S PONG DAM,HIMACHAL PRADESH,Beas,7.625,193.5,,7.0,,BEAS,2022-06-30
2022,1008,RIVER BEAS AT D/S DEHRAGOPIPUR,HIMACHAL PRADESH,Beas,7.779999999999999,276.0,,8.1,,BEAS,2022-06-30
2022,4435,RIVER BEAS U/S SUJANPUR TIHRA,HIMACHAL PRADESH,Beas,7.805,275.5,,8.45,,BEAS,2022-06-30
2022,4436,RIVER BEAS D/S SUJANPUR TIHRA,HIMACHAL PRADESH,Beas,7.9,290.0,,8.35,,BEAS,2022-06-30
2022,4437,RIVER BEAS U/S NADAUM TOWN,HIMACHAL PRADESH,Beas,7.68,281.0,,8.45,,BEAS,2022-06-30
2022,4438,RIVER BEAS D/S NADAUN TOWN AFTER CONFLUENCE OF MAAN KHAD,HIMACHAL PRADESH,Beas,7.67,295.5,,8.3,,BEAS,2022-06-30
2022,4443,RIVER BEAS AT RAISON,HIMACHAL PRADESH,Beas,7.815,97.0,,8.65,1.0,BEAS,2022-06-30
2022,30083,RIVER BEAS AT TALWARA (PONG DAM),HIMACHAL PRADESH,Beas,8.5,192.0,1.55,9.0,0.42000000000000004,BEAS,2022-06-30
2022,30084,"RIVER BEAS AT D/S CHANGARWA VILLAGE, (PUNJAB)",PUNJAB,Beas,8.15,252.0,1.9,8.95,0.62,BEAS,2022-06-30
2022,1693,"RIVER BEAS AT TALWARA H/W, PUNJAB",PUNJAB,Beas,7.85,193.5,1.15,7.1000000000000005,0.8,BEAS,2022-06-30
2022,1694,"RIVER BEAS AT U/S PATHANKOT, PUNJAB",PUNJAB,Beas,8.05,260.0,1.3,8.45,0.8500000000000001,BEAS,2022-06-30
2022,1010,"RIVER BEAS AT MIRTHAL BRIDGE, GURDASPUR",PUNJAB,Beas,8.0,271.5,1.35,8.2,0.95,BEAS,2022-06-30
2022,1695,"RIVER BEAS D/S PATHANKOT, PUNJAB",PUNJAB,Beas,8.1,253.0,1.25,8.1,0.8,BEAS,2022-06-30
2022,1294,"RIVER BEAS AT 1KM.D/S OF EFFL. DISH. POINT AT MUKERIAN , PUNJAB",PUNJAB,Beas,7.75,254.5,1.35,8.7,1.0,BEAS,2022-06-30
2022,1696,"RIVER BEAS U/S GOINDWAL, PUNJAB",PUNJAB,Beas,8.0,209.0,1.15,8.3,0.85,BEAS,2022-06-30
2022,1697,"RIVER BEAS AT HARIKE, PUNJAB",PUNJAB,Beas,7.8,213.5,1.15,8.4,1.0,BEAS,2022-06-30
2022,1011,RIVER BEAS AT G.T. ROAD UNDER BDG. NEAR KAPURTHALA,PUNJAB,Beas,7.8999999999999995,218.0,1.2000000000000002,8.55,0.95,BEAS,2022-06-30
2022,1012,RIVER BEAS AT 100M D/S INDUST. DISCH. GOINDWAL,PUNJAB,Beas,7.949999999999999,207.0,1.2000000000000002,8.15,0.8999999999999999,BEAS,2022-06-30
2022,4164,"RIVER BEAS RIVER, NR VILL KIRI AFGHANA, TEHSIL BATALA, GURDASPUR",PUNJAB,Beas,7.8,244.5,1.2000000000000002,8.3,1.15,Beas,2022-06-30
2022,1867,RIVER SUTLEJ BEFORE CONF. WITH RIVER SPITI AT KHAB,HIMACHAL PRADESH,Sutlej,8.219999999999999,377.5,,9.15,0.46499999999999997,SPITI,2022-06-30
2022,2611,RIVER SUTLEJ AFTER CONF. WITH RIVER SPIT AT KHAB,HIMACHAL PRADESH,Sutlej,8.305,363.0,,9.25,0.485,SPIT,2022-06-30
2022,3872,RIVER SUTLEJ D/S TIDONG HEP,HIMACHAL PRADESH,Sutlej,8.33,1213.5,,9.100000000000001,0.45499999999999996,SUTLEJ,2022-06-30
2022,4448,RIVER SUTLEJ BEFORE CONFLUENCES WITH RIVER TIDONG,HIMACHAL PRADESH,Sutlej,8.29,1835.0,,9.15,0.47,Sutlej,2022-06-30
2022,4449,RIVER SUTLEJ AFTER CONFLUENCES WITH RIVER TIDONG,HIMACHAL PRADESH,Sutlej,8.31,2130.5,,9.100000000000001,0.44999999999999996,Sutlej,2022-06-30
2022,4452,RIVER SUTLEJ BEFORE CONFLUENCES OF RIVER BASPA,HIMACHAL PRADESH,Sutlej,8.305,1403.0,,9.149999999999999,0.485,Sutlej,2022-06-30
2022,3871,RIVER SUTLEJ D/S POWER HOUSE KASHANG HEP,HIMACHAL PRADESH,Sutlej,8.27,1725.0,,9.05,0.45999999999999996,SUTLEJ,2022-06-30
2022,3870,RIVER SUTLEJ AFTER CONF. OF RIVER BASPA AT KARCHAM DAM,HIMACHAL PRADESH,Sutlej,8.175,1350.5,,9.0,,BASPA,2022-06-30
2022,1389,RIVER SUTLEJ AT WANGTOO BRIDGE,HIMACHAL PRADESH,Sutlej,7.64,1400.5,,9.0,1.43,SUTLEJ,2022-06-30
2022,4453,RIVER SUTLEJ AFTER CONFLUENCES OF RIVER BASPA,HIMACHAL PRADESH,Sutlej,7.58,996.5,,9.05,0.8,Sutlej,2022-06-30
2022,3869,RIVER SUTLEJ D/S TRT OF RAMPUR HYDEL ELECTRIC PROJECT,HIMACHAL PRADESH,Sutlej,7.84,1302.0,,8.85,0.73,SUTLEJ,2022-06-30
2022,1086,RIVER SUTLEJ AT U/S RAMPUR,HIMACHAL PRADESH,Sutlej,7.615,624.0,,8.85,1.03,SUTLEJ,2022-06-30
2022,1087,RIVER SUTLEJ AT D/S RAMPUR,HIMACHAL PRADESH,Sutlej,7.62,672.0,,8.95,0.595,SUTLEJ,2022-06-30
2022,1013,RIVER SUTLEJ AT U/S TATAPANI,HIMACHAL PRADESH,Sutlej,7.9350000000000005,1344.0,,8.8,0.735,SUTLEJ,2022-06-30
2022,4446,RIVER SUTLEJ U/S IANDFILL SITE RAMPUR,HIMACHAL PRADESH,Sutlej,7.595,619.0,,8.85,2.33,SUTLEJ,2022-06-30
2022,4447,RIVER SUTLEJ D/S LANDFILL SITE RAMPUR,HIMACHAL PRADESH,Sutlej,7.585000000000001,1288.0,,8.85,0.57,SUTLEJ,2022-06-30
2022,4032,RIVER SUTLEJ D/S ACC BARMANA,HIMACHAL PRADESH,Sutlej,7.970000000000001,301.0,,9.25,2.1550000000000002,SUTLEJ,2022-06-30
2022,4033,RIVER SUTLEJ NEAR LUHNOO GROUND,HIMACHAL PRADESH,Sutlej,7.950000000000001,314.0,1.4,9.05,1.355,SUTLEJ,2022-06-30
2022,4450,RIVER SUTLEJ BEFORE CONFLUENCE WITH GANVI KHAND,HIMACHAL PRADESH,Sutlej,7.695,629.5,,9.05,1.565,Sutlej,2022-06-30
2022,4451,RIVER SUTLEJ AFTER CONFLUENCE WITH GANVI KHAD,HIMACHAL PRADESH,Sutlej,7.61,672.0,,9.05,1.73,Sutlej,2022-06-30
2022,30009,RIVER SUTLEJ AT NANGAL (H.P.),HIMACHAL PRADESH,Sutlej,8.1,244.5,2.7,8.75,0.9199999999999999,SUTLEJ,2022-06-30
2022,1014,RIVER SUTLEJ U/S OF EXIT POINT OF DEHAR POWER HOUSE,HIMACHAL PRADESH,Sutlej,8.115,205.5,1.2,9.35,0.86,SUTLEJ,2022-06-30
2022,1015,RIVER SUTLEJ D/S OF EXIT POINT OF DEHAR POWER HOUSE,HIMACHAL PRADESH,Sutlej,8.1,218.5,,9.25,1.2049999999999998,SUTLEJ,2022-06-30
2022,1016,RIVER SUTLEJ D/S BHAKHRA,HIMACHAL PRADESH,Sutlej,7.359999999999999,248.5,,8.9,,SUTLEJ,2022-06-30
2022,30087,"RIVER SUTLEJ U/S AT OLINDA, NEAR BHAKRA DAM, H.P.",HIMACHAL PRADESH,Sutlej,8.15,233.5,3.0,9.6,0.37,SUTLEJ,2022-06-30
2022,30088,"RIVER SUTLEJ D/S OLINDA, NEAR BHAKRA DAM, H.P.",HIMACHAL PRADESH,Sutlej,8.2,229.5,1.4,9.25,0.37,SUTLEJ,2022-06-30
2022,30010,RIVER SUTLEJ AT NOORPUR BEDI ROAD (PUNJAB),PUNJAB,Sutlej,7.85,255.0,,8.899999999999999,0.67,SUTLEJ,2022-06-30
2022,1814,"RIVER SUTLEJ AT D/S KIRATPUR SAHIB, PUNJAB",PUNJAB,Sutlej,8.05,267.5,,9.3,1.5,SUTLEJ,2022-06-30
2022,2915,"RIVER SUTLEJ AT 100 MT. D/S OF PACL, NANGAL, PUNJAB",PUNJAB,Sutlej,7.85,244.0,,9.5,1.5,SUTLEJ,2022-06-30
2022,1380,"RIVER SUTLEJ AT D/S NFL, PUNJAB",PUNJAB,Sutlej,7.95,243.5,,9.600000000000001,1.5499999999999998,SUTLEJ,2022-06-30
2022,10020,RIVER SUTLEJ AT ANANDPUR SAHIB,PUNJAB,Sutlej,7.95,311.5,,8.9,1.7000000000000002,SUTLEJ,2022-06-30
2022,10021,RIVER SUTLEJ AT BUNGA SAHIB,PUNJAB,Sutlej,7.9,247.0,,9.55,1.5,SUTLEJ,2022-06-30
2022,10022,RIVER SUTLEJ AT PHILLAUR U/S,PUNJAB,Sutlej,7.75,380.0,2.8,6.8,,SUTLEJ,2022-06-30
2022,10023,RIVER SUTLEJ AT PHAGWARA U/S (CHAHERU BRIDGE),PUNJAB,Sutlej,7.75,734.0,12.5,4.35,1.25,SUTLEJ,2022-06-30
2022,10024,RIVER SUTLEJ AT PHAGWARA D/S (KANGANIWAL BRIDGE),PUNJAB,Sutlej,7.75,919.5,18.5,1.2,1.4,SUTLEJ,2022-06-30
2022,10027,RIVER SUTLEJ AT LUDHIANA U/S,PUNJAB,Sutlej,8.15,297.0,1.2,8.149999999999999,1.85,SUTLEJ,2022-06-30
2022,10028,RIVER SUTLEJ AT LUDHIANA D/S,PUNJAB,Sutlej,7.6,722.0,20.3,4.0,2.25,SUTLEJ,2022-06-30
2022,1017,"RIVER SUTLEJ AT 100M U/S OF HEADWORKS, NANGAL",PUNJAB,Sutlej,7.949999999999999,220.5,,8.15,1.5,SUTLEJ,2022-06-30
2022,1018,"RIVER SUTLEJ AT 100M D/S , NANGAL",PUNJAB,Sutlej,8.0,264.0,,9.05,1.45,SUTLEJ,2022-06-30
2022,1293,"RIVER SUTLEJ AT 1 KM. D/S OF ZENITH, PUNJAB",PUNJAB,Sutlej,7.95,353.5,,8.35,1.5,SUTLEJ,2022-06-30
2022,1019,RIVER SUTLEJ AT U/S HEAD WORKS ROPAR,PUNJAB,Sutlej,7.95,292.5,,8.45,1.6,SUTLEJ,2022-06-30
2022,1690,"RIVER SUTLEJ AT U/S BUDHA NALLAH (UPPER), PUNJAB",PUNJAB,Sutlej,7.8,346.0,1.25,7.1,2.1,SUTLEJ,2022-06-30
2022,1020,"RIVER SUTLEJ AT 100M D/S BUDHA NALA CONFL., LUDHIANA",PUNJAB,Sutlej,7.45,817.0,71.3,3.55,2.5,SUTLEJ,2022-06-30
2022,1022,"RIVER SUTLEJ AT BRIDGE HARIKE, AMRITSAR",PUNJAB,Sutlej,7.85,440.0,2.6,6.199999999999999,1.7999999999999998,SUTLEJ,2022-06-30
2022,10025,RIVER SUTLEJ AT JALANDHAR U/S (PEERU SHAH KA DARGAH),PUNJAB,Sutlej,7.4,1001.0,67.5,0.0,4.1,SUTLEJ,2022-06-30
2022,10026,RIVER SUTLEJ AT JALANDHAR D/S (MALSIAN BRIDGE),PUNJAB,Sutlej,7.5,924.5,68.5,0.0,5.9,SUTLEJ,2022-06-30
2022,1021,"RIVER SUTLEJ AT BOAT BDG. DHARMKOTNAKODAR ROAD, JALANDHAR",PUNJAB,Sutlej,7.8,671.5,35.7,3.7,2.15,SUTLEJ,2022-06-30
2022,1381,"RIVER SUTLEJ AT D/S EAST BEIN, PUNJAB",PUNJAB,Sutlej,7.75,676.0,19.75,3.5999999999999996,2.4,SUTLEJ,2022-06-30
2022,1691,"RIVER SUTLEJ AT U/S HUSSANIWALA - H/W FEROZEPUR, PUNJAB",PUNJAB,Sutlej,7.75,292.5,1.2000000000000002,7.2,1.5499999999999998,SUTLEJ,2022-06-30
2022,1692,"RIVER SUTLEJ AT D/S HUSSANIWALA-H/W FEROZEPUR, PUNJAB",PUNJAB,Sutlej,7.800000000000001,297.0,1.2999999999999998,7.05,1.6,SUTLEJ,2022-06-30
2022,4059,"RIVER RAVI AT RANJIT SAGAR DAM, AT PANAGAR (BASOHIL)",JAMMU & KASHMIR,"Tributary Streams - Ravi, Parvati, Sirsa, Sarsa, Baira Siul, Suketi Khad, Binwa, Neugal Khad, Spiti, Baspa, Banganga, Basanter, Chenab, Devak, Tawi, Ujh, Swan, Tirthan, Pabbar, Ashwani Khad, Manjhi Khad, Mol Khad, Baner Khad, Charan Khand, Dhauli Khad, Shikari Khad, Batta, Kali Bein, Sainj, Markanda, Gaj Khad, Bather Khad, Bald, Ratta, Uhl Suketi Khad, Seer Khad, Bhagga, Chandra, Giri And Koshalya",8.379999999999999,181.0,,7.3,,RAVI,2022-06-30
2022,4060,RIVER RAVI AT DAM-SITE AT THEIN,JAMMU & KASHMIR,"Tributary Streams - Ravi, Parvati, Sirsa, Sarsa, Baira Siul, Suketi Khad, Binwa, Neugal Khad, Spiti, Baspa, Banganga, Basanter, Chenab, Devak, Tawi, Ujh, Swan, Tirthan, Pabbar, Ashwani Khad, Manjhi Khad, Mol Khad, Baner Khad, Charan Khand, Dhauli Khad, Shikari Khad, Batta, Kali Bein, Sainj, Markanda, Gaj Khad, Bather Khad, Bald, Ratta, Uhl Suketi Khad, Seer Khad, Bhagga, Chandra, Giri And Koshalya",8.1,168.0,,7.4,,RAVI,2022-06-30
2022,4061,"RIVER RAVI AT LAKHANPUR, 1 KM D/S FROM MADHOPUR BRIDGE",JAMMU & KASHMIR,"Tributary Streams - Ravi, Parvati, Sirsa, Sarsa, Baira Siul, Suketi Khad, Binwa, Neugal Khad, Spiti, Baspa, Banganga, Basanter, Chenab, Devak, Tawi, Ujh, Swan, Tirthan, Pabbar, Ashwani Khad, Manjhi Khad, Mol Khad, Baner Khad, Charan Khand, Dhauli Khad, Shikari Khad, Batta, Kali Bein, Sainj, Markanda, Gaj Khad, Bather Khad, Bald, Ratta, Uhl Suketi Khad, Seer Khad, Bhagga, Chandra, Giri And Koshalya",8.375,195.0,,7.6,,RAVI,2022-06-30
2022,1088,RIVER RAVI AT U/S MADHOPUR,HIMACHAL PRADESH,"Tributary Streams - Ravi, Parvati, Sirsa, Sarsa, Baira Siul, Suketi Khad, Binwa, Neugal Khad, Spiti, Baspa, Banganga, Basanter, Chenab, Devak, Tawi, Ujh, Swan, Tirthan, Pabbar, Ashwani Khad, Manjhi Khad, Mol Khad, Baner Khad, Charan Khand, Dhauli Khad, Shikari Khad, Batta, Kali Bein, Sainj, Markanda, Gaj Khad, Bather Khad, Bald, Ratta, Uhl Suketi Khad, Seer Khad, Bhagga, Chandra, Giri And Koshalya",7.495,233.0,,7.65,,RAVI,2022-06-30
2022,1089,RIVER RAVI U/S CHAMBA,HIMACHAL PRADESH,"Tributary Streams - Ravi, Parvati, Sirsa, Sarsa, Baira Siul, Suketi Khad, Binwa, Neugal Khad, Spiti, Baspa, Banganga, Basanter, Chenab, Devak, Tawi, Ujh, Swan, Tirthan, Pabbar, Ashwani Khad, Manjhi Khad, Mol Khad, Baner Khad, Charan Khand, Dhauli Khad, Shikari Khad, Batta, Kali Bein, Sainj, Markanda, Gaj Khad, Bather Khad, Bald, Ratta, Uhl Suketi Khad, Seer Khad, Bhagga, Chandra, Giri And Koshalya",7.5600000000000005,195.0,,8.9,,RAVI,2022-06-30
2022,2614,RIVER RAVI CHAMERA-I RESERVOIR,HIMACHAL PRADESH,"Tributary Streams - Ravi, Parvati, Sirsa, Sarsa, Baira Siul, Suketi Khad, Binwa, Neugal Khad, Spiti, Baspa, Banganga, Basanter, Chenab, Devak, Tawi, Ujh, Swan, Tirthan, Pabbar, Ashwani Khad, Manjhi Khad, Mol Khad, Baner Khad, Charan Khand, Dhauli Khad, Shikari Khad, Batta, Kali Bein, Sainj, Markanda, Gaj Khad, Bather Khad, Bald, Ratta, Uhl Suketi Khad, Seer Khad, Bhagga, Chandra, Giri And Koshalya",7.505,240.0,,8.95,,"Ravi, Parvati, Sirsa, Sarsa, Baira Siul, Suketi Khad, Binwa, Neugal Khad, Spiti, Baspa, Banganga, Basanter, Chenab, Devak, Tawi, Ujh, Swan, Tirthan, Pabbar, Ashwani Khad, Manjhi Khad, Mol Khad, Baner Khad, Charan Khand, Dhauli Khad, Shikari Khad, Batta, Kali Bein, Sainj, Markanda, Gaj Khad, Bather Khad, Bald, Ratta, Uhl Suketi Khad, Seer Khad, Bhagga, Chandra, Giri And Koshalya",2022-06-30
2022,2615,RIVER RAVI D/S CHAMERA- III HEP DAM,HIMACHAL PRADESH,"Tributary Streams - Ravi, Parvati, Sirsa, Sarsa, Baira Siul, Suketi Khad, Binwa, Neugal Khad, Spiti, Baspa, Banganga, Basanter, Chenab, Devak, Tawi, Ujh, Swan, Tirthan, Pabbar, Ashwani Khad, Manjhi Khad, Mol Khad, Baner Khad, Charan Khand, Dhauli Khad, Shikari Khad, Batta, Kali Bein, Sainj, Markanda, Gaj Khad, Bather Khad, Bald, Ratta, Uhl Suketi Khad, Seer Khad, Bhagga, Chandra, Giri And Koshalya",7.675000000000001,156.0,,9.0,,RAVI,2022-06-30
2022,2613,RIVER RAVI AT D/S OF CHAMBA TOWN,HIMACHAL PRADESH,"Tributary Streams - Ravi, Parvati, Sirsa, Sarsa, Baira Siul, Suketi Khad, Binwa, Neugal Khad, Spiti, Baspa, Banganga, Basanter, Chenab, Devak, Tawi, Ujh, Swan, Tirthan, Pabbar, Ashwani Khad, Manjhi Khad, Mol Khad, Baner Khad, Charan Khand, Dhauli Khad, Shikari Khad, Batta, Kali Bein, Sainj, Markanda, Gaj Khad, Bather Khad, Bald, Ratta, Uhl Suketi Khad, Seer Khad, Bhagga, Chandra, Giri And Koshalya",7.6450000000000005,189.5,,8.8,,RAVI,2022-06-30
2022,3873,RIVER RAVI U/S STP AT BHARGA,HIMACHAL PRADESH,"Tributary Streams - Ravi, Parvati, Sirsa, Sarsa, Baira Siul, Suketi Khad, Binwa, Neugal Khad, Spiti, Baspa, Banganga, Basanter, Chenab, Devak, Tawi, Ujh, Swan, Tirthan, Pabbar, Ashwani Khad, Manjhi Khad, Mol Khad, Baner Khad, Charan Khand, Dhauli Khad, Shikari Khad, Batta, Kali Bein, Sainj, Markanda, Gaj Khad, Bather Khad, Bald, Ratta, Uhl Suketi Khad, Seer Khad, Bhagga, Chandra, Giri And Koshalya",7.67,170.0,,8.75,,RAVI,2022-06-30
2022,3874,RIVER RAVI D/S STP AT BHAGOT,HIMACHAL PRADESH,"Tributary Streams - Ravi, Parvati, Sirsa, Sarsa, Baira Siul, Suketi Khad, Binwa, Neugal Khad, Spiti, Baspa, Banganga, Basanter, Chenab, Devak, Tawi, Ujh, Swan, Tirthan, Pabbar, Ashwani Khad, Manjhi Khad, Mol Khad, Baner Khad, Charan Khand, Dhauli Khad, Shikari Khad, Batta, Kali Bein, Sainj, Markanda, Gaj Khad, Bather Khad, Bald, Ratta, Uhl Suketi Khad, Seer Khad, Bhagga, Chandra, Giri And Koshalya",7.67,163.0,,8.7,,RAVI,2022-06-30
2022,30085,RIVER RAVI AT MADHOPUR (PUNJAB),PUNJAB,"Tributary Streams - Ravi, Parvati, Sirsa, Sarsa, Baira Siul, Suketi Khad, Binwa, Neugal Khad, Spiti, Baspa, Banganga, Basanter, Chenab, Devak, Tawi, Ujh, Swan, Tirthan, Pabbar, Ashwani Khad, Manjhi Khad, Mol Khad, Baner Khad, Charan Khand, Dhauli Khad, Shikari Khad, Batta, Kali Bein, Sainj, Markanda, Gaj Khad, Bather Khad, Bald, Ratta, Uhl Suketi Khad, Seer Khad, Bhagga, Chandra, Giri And Koshalya",8.2,178.0,1.2,9.6,0.42000000000000004,RAVI,2022-06-30
2022,30089,"RIVER RAVI AT LAKHANPUR, J & K",JAMMU & KASHMIR,"Tributary Streams - Ravi, Parvati, Sirsa, Sarsa, Baira Siul, Suketi Khad, Binwa, Neugal Khad, Spiti, Baspa, Banganga, Basanter, Chenab, Devak, Tawi, Ujh, Swan, Tirthan, Pabbar, Ashwani Khad, Manjhi Khad, Mol Khad, Baner Khad, Charan Khand, Dhauli Khad, Shikari Khad, Batta, Kali Bein, Sainj, Markanda, Gaj Khad, Bather Khad, Bald, Ratta, Uhl Suketi Khad, Seer Khad, Bhagga, Chandra, Giri And Koshalya",8.55,259.5,2.0,9.7,0.32,RAVI,2022-06-30
2022,1097,"RIVER RAVI AT U/S OF MADHOPUR HEADWORKS, GURDASPUR, PUNJAB",PUNJAB,"Tributary Streams - Ravi, Parvati, Sirsa, Sarsa, Baira Siul, Suketi Khad, Binwa, Neugal Khad, Spiti, Baspa, Banganga, Basanter, Chenab, Devak, Tawi, Ujh, Swan, Tirthan, Pabbar, Ashwani Khad, Manjhi Khad, Mol Khad, Baner Khad, Charan Khand, Dhauli Khad, Shikari Khad, Batta, Kali Bein, Sainj, Markanda, Gaj Khad, Bather Khad, Bald, Ratta, Uhl Suketi Khad, Seer Khad, Bhagga, Chandra, Giri And Koshalya",7.8999999999999995,189.5,1.15,8.8,0.6000000000000001,RAVI,2022-06-30
2022,1290,RIVER PARVATI BEFORE CONF. TO RIVER BEAS AT BHUNTER,HIMACHAL PRADESH,"Tributary Streams - Ravi, Parvati, Sirsa, Sarsa, Baira Siul, Suketi Khad, Binwa, Neugal Khad, Spiti, Baspa, Banganga, Basanter, Chenab, Devak, Tawi, Ujh, Swan, Tirthan, Pabbar, Ashwani Khad, Manjhi Khad, Mol Khad, Baner Khad, Charan Khand, Dhauli Khad, Shikari Khad, Batta, Kali Bein, Sainj, Markanda, Gaj Khad, Bather Khad, Bald, Ratta, Uhl Suketi Khad, Seer Khad, Bhagga, Chandra, Giri And Koshalya",7.86,72.5,,8.2,1.155,BEAS,2022-06-30
2022,2605,RIVER PARVATI AT U/S MANIKARAN,HIMACHAL PRADESH,"Tributary Streams - Ravi, Parvati, Sirsa, Sarsa, Baira Siul, Suketi Khad, Binwa, Neugal Khad, Spiti, Baspa, Banganga, Basanter, Chenab, Devak, Tawi, Ujh, Swan, Tirthan, Pabbar, Ashwani Khad, Manjhi Khad, Mol Khad, Baner Khad, Charan Khand, Dhauli Khad, Shikari Khad, Batta, Kali Bein, Sainj, Markanda, Gaj Khad, Bather Khad, Bald, Ratta, Uhl Suketi Khad, Seer Khad, Bhagga, Chandra, Giri And Koshalya",7.735,67.0,,8.5,0.98,PARVATI,2022-06-30
2022,2606,RIVER PARVATI AT D/S MANIKARAN,HIMACHAL PRADESH,"Tributary Streams - Ravi, Parvati, Sirsa, Sarsa, Baira Siul, Suketi Khad, Binwa, Neugal Khad, Spiti, Baspa, Banganga, Basanter, Chenab, Devak, Tawi, Ujh, Swan, Tirthan, Pabbar, Ashwani Khad, Manjhi Khad, Mol Khad, Baner Khad, Charan Khand, Dhauli Khad, Shikari Khad, Batta, Kali Bein, Sainj, Markanda, Gaj Khad, Bather Khad, Bald, Ratta, Uhl Suketi Khad, Seer Khad, Bhagga, Chandra, Giri And Koshalya",7.6049999999999995,70.5,,8.399999999999999,1.06,PARVATI,2022-06-30
2022,1551,RIVER SIRSA U/S SITOMAJRI NALLAH,HIMACHAL PRADESH,"Tributary Streams - Ravi, Parvati, Sirsa, Sarsa, Baira Siul, Suketi Khad, Binwa, Neugal Khad, Spiti, Baspa, Banganga, Basanter, Chenab, Devak, Tawi, Ujh, Swan, Tirthan, Pabbar, Ashwani Khad, Manjhi Khad, Mol Khad, Baner Khad, Charan Khand, Dhauli Khad, Shikari Khad, Batta, Kali Bein, Sainj, Markanda, Gaj Khad, Bather Khad, Bald, Ratta, Uhl Suketi Khad, Seer Khad, Bhagga, Chandra, Giri And Koshalya",7.765000000000001,578.5,6.55,7.15,5.19,SIRSA,2022-06-30
2022,1552,RIVER SIRSA D/S NALAGARH BRIDGE,HIMACHAL PRADESH,"Tributary Streams - Ravi, Parvati, Sirsa, Sarsa, Baira Siul, Suketi Khad, Binwa, Neugal Khad, Spiti, Baspa, Banganga, Basanter, Chenab, Devak, Tawi, Ujh, Swan, Tirthan, Pabbar, Ashwani Khad, Manjhi Khad, Mol Khad, Baner Khad, Charan Khand, Dhauli Khad, Shikari Khad, Batta, Kali Bein, Sainj, Markanda, Gaj Khad, Bather Khad, Bald, Ratta, Uhl Suketi Khad, Seer Khad, Bhagga, Chandra, Giri And Koshalya",7.85,1109.0,7.1,6.4,6.215,SIRSA,2022-06-30
2022,1868,RIVER SIRSA D/S NALAGARH TOWN,HIMACHAL PRADESH,"Tributary Streams - Ravi, Parvati, Sirsa, Sarsa, Baira Siul, Suketi Khad, Binwa, Neugal Khad, Spiti, Baspa, Banganga, Basanter, Chenab, Devak, Tawi, Ujh, Swan, Tirthan, Pabbar, Ashwani Khad, Manjhi Khad, Mol Khad, Baner Khad, Charan Khand, Dhauli Khad, Shikari Khad, Batta, Kali Bein, Sainj, Markanda, Gaj Khad, Bather Khad, Bald, Ratta, Uhl Suketi Khad, Seer Khad, Bhagga, Chandra, Giri And Koshalya",7.815,859.5,2.6,7.55,4.7700000000000005,SIRSA,2022-06-30
2022,4485,RIVER SIRSA U/S SANDHOLI NALLAH,HIMACHAL PRADESH,"Tributary Streams - Ravi, Parvati, Sirsa, Sarsa, Baira Siul, Suketi Khad, Binwa, Neugal Khad, Spiti, Baspa, Banganga, Basanter, Chenab, Devak, Tawi, Ujh, Swan, Tirthan, Pabbar, Ashwani Khad, Manjhi Khad, Mol Khad, Baner Khad, Charan Khand, Dhauli Khad, Shikari Khad, Batta, Kali Bein, Sainj, Markanda, Gaj Khad, Bather Khad, Bald, Ratta, Uhl Suketi Khad, Seer Khad, Bhagga, Chandra, Giri And Koshalya",7.984999999999999,474.0,3.3,4.0,4.67,SIRSA,2022-06-30
2022,4487,RIVER SIRSA D/S HOUSING BOARD NALLAH,HIMACHAL PRADESH,"Tributary Streams - Ravi, Parvati, Sirsa, Sarsa, Baira Siul, Suketi Khad, Binwa, Neugal Khad, Spiti, Baspa, Banganga, Basanter, Chenab, Devak, Tawi, Ujh, Swan, Tirthan, Pabbar, Ashwani Khad, Manjhi Khad, Mol Khad, Baner Khad, Charan Khand, Dhauli Khad, Shikari Khad, Batta, Kali Bein, Sainj, Markanda, Gaj Khad, Bather Khad, Bald, Ratta, Uhl Suketi Khad, Seer Khad, Bhagga, Chandra, Giri And Koshalya",7.595000000000001,1014.5,5.4,4.55,9.725000000000001,SIRSA,2022-06-30
2022,4489,RIVER SIRSA AFTER CONF. TO RIVER RATTA,HIMACHAL PRADESH,"Tributary Streams - Ravi, Parvati, Sirsa, Sarsa, Baira Siul, Suketi Khad, Binwa, Neugal Khad, Spiti, Baspa, Banganga, Basanter, Chenab, Devak, Tawi, Ujh, Swan, Tirthan, Pabbar, Ashwani Khad, Manjhi Khad, Mol Khad, Baner Khad, Charan Khand, Dhauli Khad, Shikari Khad, Batta, Kali Bein, Sainj, Markanda, Gaj Khad, Bather Khad, Bald, Ratta, Uhl Suketi Khad, Seer Khad, Bhagga, Chandra, Giri And Koshalya",7.744999999999999,1129.0,14.5,5.75,3.89,"Ravi, Parvati, Sirsa, Sarsa, Baira Siul, Suketi Khad, Binwa, Neugal Khad, Spiti, Baspa, Banganga, Basanter, Chenab, Devak, Tawi, Ujh, Swan, Tirthan, Pabbar, Ashwani Khad, Manjhi Khad, Mol Khad, Baner Khad, Charan Khand, Dhauli Khad, Shikari Khad, Batta, Kali Bein, Sainj, Markanda, Gaj Khad, Bather Khad, Bald, Ratta, Uhl Suketi Khad, Seer Khad, Bhagga, Chandra, Giri And Koshalya",2022-06-30
2022,30012,"RIVER SARSA AT BADDI , ,GHANOLI VILLAGE) PUNJAB",PUNJAB,"Tributary Streams - Ravi, Parvati, Sirsa, Sarsa, Baira Siul, Suketi Khad, Binwa, Neugal Khad, Spiti, Baspa, Banganga, Basanter, Chenab, Devak, Tawi, Ujh, Swan, Tirthan, Pabbar, Ashwani Khad, Manjhi Khad, Mol Khad, Baner Khad, Charan Khand, Dhauli Khad, Shikari Khad, Batta, Kali Bein, Sainj, Markanda, Gaj Khad, Bather Khad, Bald, Ratta, Uhl Suketi Khad, Seer Khad, Bhagga, Chandra, Giri And Koshalya",8.0,1124.5,9.5,6.699999999999999,5.125,SARSA,2022-06-30
2022,2616,RIVER BAIRA SIUL D/S SURGANI,HIMACHAL PRADESH,"Tributary Streams - Ravi, Parvati, Sirsa, Sarsa, Baira Siul, Suketi Khad, Binwa, Neugal Khad, Spiti, Baspa, Banganga, Basanter, Chenab, Devak, Tawi, Ujh, Swan, Tirthan, Pabbar, Ashwani Khad, Manjhi Khad, Mol Khad, Baner Khad, Charan Khand, Dhauli Khad, Shikari Khad, Batta, Kali Bein, Sainj, Markanda, Gaj Khad, Bather Khad, Bald, Ratta, Uhl Suketi Khad, Seer Khad, Bhagga, Chandra, Giri And Koshalya",7.43,215.5,,8.899999999999999,,BAIRA SIUL,2022-06-30
2022,2607,SUKETI KHAD BEFORE CONF. WITH RIVER BEAS,HIMACHAL PRADESH,"Tributary Streams - Ravi, Parvati, Sirsa, Sarsa, Baira Siul, Suketi Khad, Binwa, Neugal Khad, Spiti, Baspa, Banganga, Basanter, Chenab, Devak, Tawi, Ujh, Swan, Tirthan, Pabbar, Ashwani Khad, Manjhi Khad, Mol Khad, Baner Khad, Charan Khand, Dhauli Khad, Shikari Khad, Batta, Kali Bein, Sainj, Markanda, Gaj Khad, Bather Khad, Bald, Ratta, Uhl Suketi Khad, Seer Khad, Bhagga, Chandra, Giri And Koshalya",7.984999999999999,282.5,1.4,7.95,1.1649999999999998,"Ravi, Parvati, Sirsa, Sarsa, Baira Siul, Suketi Khad, Binwa, Neugal Khad, Spiti, Baspa, Banganga, Basanter, Chenab, Devak, Tawi, Ujh, Swan, Tirthan, Pabbar, Ashwani Khad, Manjhi Khad, Mol Khad, Baner Khad, Charan Khand, Dhauli Khad, Shikari Khad, Batta, Kali Bein, Sainj, Markanda, Gaj Khad, Bather Khad, Bald, Ratta, Uhl Suketi Khad, Seer Khad, Bhagga, Chandra, Giri And Koshalya",2022-06-30
2022,2608,RIVER BINWA AT D/S PAPROLA/BAIJNATH,HIMACHAL PRADESH,"Tributary Streams - Ravi, Parvati, Sirsa, Sarsa, Baira Siul, Suketi Khad, Binwa, Neugal Khad, Spiti, Baspa, Banganga, Basanter, Chenab, Devak, Tawi, Ujh, Swan, Tirthan, Pabbar, Ashwani Khad, Manjhi Khad, Mol Khad, Baner Khad, Charan Khand, Dhauli Khad, Shikari Khad, Batta, Kali Bein, Sainj, Markanda, Gaj Khad, Bather Khad, Bald, Ratta, Uhl Suketi Khad, Seer Khad, Bhagga, Chandra, Giri And Koshalya",7.57,166.5,,8.4,,BINWA,2022-06-30
2022,2609,NEUGAL KHAD D/S THURAL,HIMACHAL PRADESH,"Tributary Streams - Ravi, Parvati, Sirsa, Sarsa, Baira Siul, Suketi Khad, Binwa, Neugal Khad, Spiti, Baspa, Banganga, Basanter, Chenab, Devak, Tawi, Ujh, Swan, Tirthan, Pabbar, Ashwani Khad, Manjhi Khad, Mol Khad, Baner Khad, Charan Khand, Dhauli Khad, Shikari Khad, Batta, Kali Bein, Sainj, Markanda, Gaj Khad, Bather Khad, Bald, Ratta, Uhl Suketi Khad, Seer Khad, Bhagga, Chandra, Giri And Koshalya",7.5649999999999995,190.0,,8.9,,KHAD,2022-06-30
2022,2610,RIVER SPITI BEFORE CONF.WITH RIVER SUTLEJ AT KHAB,HIMACHAL PRADESH,"Tributary Streams - Ravi, Parvati, Sirsa, Sarsa, Baira Siul, Suketi Khad, Binwa, Neugal Khad, Spiti, Baspa, Banganga, Basanter, Chenab, Devak, Tawi, Ujh, Swan, Tirthan, Pabbar, Ashwani Khad, Manjhi Khad, Mol Khad, Baner Khad, Charan Khand, Dhauli Khad, Shikari Khad, Batta, Kali Bein, Sainj, Markanda, Gaj Khad, Bather Khad, Bald, Ratta, Uhl Suketi Khad, Seer Khad, Bhagga, Chandra, Giri And Koshalya",8.295,339.5,,9.35,0.46499999999999997,SUTLEJ,2022-06-30
2022,2612,RIVER BASPA U/S RESERVOIR BASPA HEP AT KUPPA,HIMACHAL PRADESH,"Tributary Streams - Ravi, Parvati, Sirsa, Sarsa, Baira Siul, Suketi Khad, Binwa, Neugal Khad, Spiti, Baspa, Banganga, Basanter, Chenab, Devak, Tawi, Ujh, Swan, Tirthan, Pabbar, Ashwani Khad, Manjhi Khad, Mol Khad, Baner Khad, Charan Khand, Dhauli Khad, Shikari Khad, Batta, Kali Bein, Sainj, Markanda, Gaj Khad, Bather Khad, Bald, Ratta, Uhl Suketi Khad, Seer Khad, Bhagga, Chandra, Giri And Koshalya",8.265,1247.5,,9.5,0.55,BASPA,2022-06-30
2022,2755,"RIVER BANGANGA (BATHING GHAT), KATRA,",JAMMU & KASHMIR,"Tributary Streams - Ravi, Parvati, Sirsa, Sarsa, Baira Siul, Suketi Khad, Binwa, Neugal Khad, Spiti, Baspa, Banganga, Basanter, Chenab, Devak, Tawi, Ujh, Swan, Tirthan, Pabbar, Ashwani Khad, Manjhi Khad, Mol Khad, Baner Khad, Charan Khand, Dhauli Khad, Shikari Khad, Batta, Kali Bein, Sainj, Markanda, Gaj Khad, Bather Khad, Bald, Ratta, Uhl Suketi Khad, Seer Khad, Bhagga, Chandra, Giri And Koshalya",8.3,373.0,1.75,6.1,,"Ravi, Parvati, Sirsa, Sarsa, Baira Siul, Suketi Khad, Binwa, Neugal Khad, Spiti, Baspa, Banganga, Basanter, Chenab, Devak, Tawi, Ujh, Swan, Tirthan, Pabbar, Ashwani Khad, Manjhi Khad, Mol Khad, Baner Khad, Charan Khand, Dhauli Khad, Shikari Khad, Batta, Kali Bein, Sainj, Markanda, Gaj Khad, Bather Khad, Bald, Ratta, Uhl Suketi Khad, Seer Khad, Bhagga, Chandra, Giri And Koshalya",2022-06-30
2022,2756,RIVER BANGANGA (IN FRONT OF PONY SHED NEAR REASI BRIDGE)KATRA,JAMMU & KASHMIR,"Tributary Streams - Ravi, Parvati, Sirsa, Sarsa, Baira Siul, Suketi Khad, Binwa, Neugal Khad, Spiti, Baspa, Banganga, Basanter, Chenab, Devak, Tawi, Ujh, Swan, Tirthan, Pabbar, Ashwani Khad, Manjhi Khad, Mol Khad, Baner Khad, Charan Khand, Dhauli Khad, Shikari Khad, Batta, Kali Bein, Sainj, Markanda, Gaj Khad, Bather Khad, Bald, Ratta, Uhl Suketi Khad, Seer Khad, Bhagga, Chandra, Giri And Koshalya",8.25,356.0,1.95,5.800000000000001,,SHED,2022-06-30
2022,2752,"RIVER BASANTER U/S (R.H.S) SAMBA (BELOW NH-1A BRIDGE),",JAMMU & KASHMIR,"Tributary Streams - Ravi, Parvati, Sirsa, Sarsa, Baira Siul, Suketi Khad, Binwa, Neugal Khad, Spiti, Baspa, Banganga, Basanter, Chenab, Devak, Tawi, Ujh, Swan, Tirthan, Pabbar, Ashwani Khad, Manjhi Khad, Mol Khad, Baner Khad, Charan Khand, Dhauli Khad, Shikari Khad, Batta, Kali Bein, Sainj, Markanda, Gaj Khad, Bather Khad, Bald, Ratta, Uhl Suketi Khad, Seer Khad, Bhagga, Chandra, Giri And Koshalya",8.004999999999999,305.0,1.6500000000000001,5.7,,BASANTER,2022-06-30
2022,2753,RIVER BASANTER D/S(R.H.S.) SAMBA (AT CHAK MANGA GUJJAR,JAMMU & KASHMIR,"Tributary Streams - Ravi, Parvati, Sirsa, Sarsa, Baira Siul, Suketi Khad, Binwa, Neugal Khad, Spiti, Baspa, Banganga, Basanter, Chenab, Devak, Tawi, Ujh, Swan, Tirthan, Pabbar, Ashwani Khad, Manjhi Khad, Mol Khad, Baner Khad, Charan Khand, Dhauli Khad, Shikari Khad, Batta, Kali Bein, Sainj, Markanda, Gaj Khad, Bather Khad, Bald, Ratta, Uhl Suketi Khad, Seer Khad, Bhagga, Chandra, Giri And Koshalya",7.7749999999999995,314.0,1.9,5.55,,BASANTER,2022-06-30
2022,2748,RIVER CHENAB AT L.H.S.(BELOW BRIDGE CHENAB),JAMMU & KASHMIR,"Tributary Streams - Ravi, Parvati, Sirsa, Sarsa, Baira Siul, Suketi Khad, Binwa, Neugal Khad, Spiti, Baspa, Banganga, Basanter, Chenab, Devak, Tawi, Ujh, Swan, Tirthan, Pabbar, Ashwani Khad, Manjhi Khad, Mol Khad, Baner Khad, Charan Khand, Dhauli Khad, Shikari Khad, Batta, Kali Bein, Sainj, Markanda, Gaj Khad, Bather Khad, Bald, Ratta, Uhl Suketi Khad, Seer Khad, Bhagga, Chandra, Giri And Koshalya",7.7299999999999995,143.0,1.1,7.35,,CHENAB,2022-06-30
2022,2749,RIVER CHENAB AT BLIND CURVE SHAMSHAN GHAT (1.5 KM U/S FROM SPOT),JAMMU & KASHMIR,"Tributary Streams - Ravi, Parvati, Sirsa, Sarsa, Baira Siul, Suketi Khad, Binwa, Neugal Khad, Spiti, Baspa, Banganga, Basanter, Chenab, Devak, Tawi, Ujh, Swan, Tirthan, Pabbar, Ashwani Khad, Manjhi Khad, Mol Khad, Baner Khad, Charan Khand, Dhauli Khad, Shikari Khad, Batta, Kali Bein, Sainj, Markanda, Gaj Khad, Bather Khad, Bald, Ratta, Uhl Suketi Khad, Seer Khad, Bhagga, Chandra, Giri And Koshalya",7.699999999999999,145.0,1.1,7.5,,CHENAB,2022-06-30
2022,2750,RIVER CHENAB AT CHADRA GAON VIEW POINT(4 KM U/S FROM SPOT),JAMMU & KASHMIR,"Tributary Streams - Ravi, Parvati, Sirsa, Sarsa, Baira Siul, Suketi Khad, Binwa, Neugal Khad, Spiti, Baspa, Banganga, Basanter, Chenab, Devak, Tawi, Ujh, Swan, Tirthan, Pabbar, Ashwani Khad, Manjhi Khad, Mol Khad, Baner Khad, Charan Khand, Dhauli Khad, Shikari Khad, Batta, Kali Bein, Sainj, Markanda, Gaj Khad, Bather Khad, Bald, Ratta, Uhl Suketi Khad, Seer Khad, Bhagga, Chandra, Giri And Koshalya",7.6899999999999995,150.0,,7.550000000000001,,CHENAB,2022-06-30
2022,2751,RIVER CHENAB AT JAL PATAN MANDIR AFTER MEETING WITH MAIN DRAIN OF AKHNOOR CITY(1.5 KMD/S FROM SPOT),JAMMU & KASHMIR,"Tributary Streams - Ravi, Parvati, Sirsa, Sarsa, Baira Siul, Suketi Khad, Binwa, Neugal Khad, Spiti, Baspa, Banganga, Basanter, Chenab, Devak, Tawi, Ujh, Swan, Tirthan, Pabbar, Ashwani Khad, Manjhi Khad, Mol Khad, Baner Khad, Charan Khand, Dhauli Khad, Shikari Khad, Batta, Kali Bein, Sainj, Markanda, Gaj Khad, Bather Khad, Bald, Ratta, Uhl Suketi Khad, Seer Khad, Bhagga, Chandra, Giri And Koshalya",7.755,149.0,1.8,7.4,,CHENAB,2022-06-30
2022,2754,RIVER DEVAK UDHAMPUR(NEAR SHIV MANDIR D/S)L.H.S.,JAMMU & KASHMIR,"Tributary Streams - Ravi, Parvati, Sirsa, Sarsa, Baira Siul, Suketi Khad, Binwa, Neugal Khad, Spiti, Baspa, Banganga, Basanter, Chenab, Devak, Tawi, Ujh, Swan, Tirthan, Pabbar, Ashwani Khad, Manjhi Khad, Mol Khad, Baner Khad, Charan Khand, Dhauli Khad, Shikari Khad, Batta, Kali Bein, Sainj, Markanda, Gaj Khad, Bather Khad, Bald, Ratta, Uhl Suketi Khad, Seer Khad, Bhagga, Chandra, Giri And Koshalya",8.01,405.0,2.8,5.25,,MANDIR,2022-06-30
2022,2757,RIVER DEVAK AT UTTERBEHNI,JAMMU & KASHMIR,"Tributary Streams - Ravi, Parvati, Sirsa, Sarsa, Baira Siul, Suketi Khad, Binwa, Neugal Khad, Spiti, Baspa, Banganga, Basanter, Chenab, Devak, Tawi, Ujh, Swan, Tirthan, Pabbar, Ashwani Khad, Manjhi Khad, Mol Khad, Baner Khad, Charan Khand, Dhauli Khad, Shikari Khad, Batta, Kali Bein, Sainj, Markanda, Gaj Khad, Bather Khad, Bald, Ratta, Uhl Suketi Khad, Seer Khad, Bhagga, Chandra, Giri And Koshalya",8.035,400.0,,7.15,,DEVAK,2022-06-30
2022,2742,RIVER TAWI AT SHETALI LIFTING POINT NAGROTA(5KM U/S TAWI BRIDGE),JAMMU & KASHMIR,"Tributary Streams - Ravi, Parvati, Sirsa, Sarsa, Baira Siul, Suketi Khad, Binwa, Neugal Khad, Spiti, Baspa, Banganga, Basanter, Chenab, Devak, Tawi, Ujh, Swan, Tirthan, Pabbar, Ashwani Khad, Manjhi Khad, Mol Khad, Baner Khad, Charan Khand, Dhauli Khad, Shikari Khad, Batta, Kali Bein, Sainj, Markanda, Gaj Khad, Bather Khad, Bald, Ratta, Uhl Suketi Khad, Seer Khad, Bhagga, Chandra, Giri And Koshalya",7.575,232.0,,7.3,,TAWI,2022-06-30
2022,2743,RIVER TAWI AT BAGH-E-BAHU LIFTING POINT(1 KM U/S TAWI BRIDGE),JAMMU & KASHMIR,"Tributary Streams - Ravi, Parvati, Sirsa, Sarsa, Baira Siul, Suketi Khad, Binwa, Neugal Khad, Spiti, Baspa, Banganga, Basanter, Chenab, Devak, Tawi, Ujh, Swan, Tirthan, Pabbar, Ashwani Khad, Manjhi Khad, Mol Khad, Baner Khad, Charan Khand, Dhauli Khad, Shikari Khad, Batta, Kali Bein, Sainj, Markanda, Gaj Khad, Bather Khad, Bald, Ratta, Uhl Suketi Khad, Seer Khad, Bhagga, Chandra, Giri And Koshalya",7.82,238.0,1.1,7.15,,TAWI,2022-06-30
2022,1412,"RIVER TAWI AT JAMMU U/S, (TAWI BRIDGE )",JAMMU & KASHMIR,"Tributary Streams - Ravi, Parvati, Sirsa, Sarsa, Baira Siul, Suketi Khad, Binwa, Neugal Khad, Spiti, Baspa, Banganga, Basanter, Chenab, Devak, Tawi, Ujh, Swan, Tirthan, Pabbar, Ashwani Khad, Manjhi Khad, Mol Khad, Baner Khad, Charan Khand, Dhauli Khad, Shikari Khad, Batta, Kali Bein, Sainj, Markanda, Gaj Khad, Bather Khad, Bald, Ratta, Uhl Suketi Khad, Seer Khad, Bhagga, Chandra, Giri And Koshalya",7.824999999999999,422.0,4.2,5.15,,TAWI,2022-06-30
2022,2744,RIVER TAWI BELOW TAWI BRIDGE,JAMMU & KASHMIR,"Tributary Streams - Ravi, Parvati, Sirsa, Sarsa, Baira Siul, Suketi Khad, Binwa, Neugal Khad, Spiti, Baspa, Banganga, Basanter, Chenab, Devak, Tawi, Ujh, Swan, Tirthan, Pabbar, Ashwani Khad, Manjhi Khad, Mol Khad, Baner Khad, Charan Khand, Dhauli Khad, Shikari Khad, Batta, Kali Bein, Sainj, Markanda, Gaj Khad, Bather Khad, Bald, Ratta, Uhl Suketi Khad, Seer Khad, Bhagga, Chandra, Giri And Koshalya",8.28,263.0,2.2,6.05,,"Ravi, Parvati, Sirsa, Sarsa, Baira Siul, Suketi Khad, Binwa, Neugal Khad, Spiti, Baspa, Banganga, Basanter, Chenab, Devak, Tawi, Ujh, Swan, Tirthan, Pabbar, Ashwani Khad, Manjhi Khad, Mol Khad, Baner Khad, Charan Khand, Dhauli Khad, Shikari Khad, Batta, Kali Bein, Sainj, Markanda, Gaj Khad, Bather Khad, Bald, Ratta, Uhl Suketi Khad, Seer Khad, Bhagga, Chandra, Giri And Koshalya",2022-06-30
2022,2745,RIVER TAWI BAGHWATI NAGAR (2KM D/S TAWI BRIDGE,JAMMU & KASHMIR,"Tributary Streams - Ravi, Parvati, Sirsa, Sarsa, Baira Siul, Suketi Khad, Binwa, Neugal Khad, Spiti, Baspa, Banganga, Basanter, Chenab, Devak, Tawi, Ujh, Swan, Tirthan, Pabbar, Ashwani Khad, Manjhi Khad, Mol Khad, Baner Khad, Charan Khand, Dhauli Khad, Shikari Khad, Batta, Kali Bein, Sainj, Markanda, Gaj Khad, Bather Khad, Bald, Ratta, Uhl Suketi Khad, Seer Khad, Bhagga, Chandra, Giri And Koshalya",8.2,260.5,6.75,4.75,,"Ravi, Parvati, Sirsa, Sarsa, Baira Siul, Suketi Khad, Binwa, Neugal Khad, Spiti, Baspa, Banganga, Basanter, Chenab, Devak, Tawi, Ujh, Swan, Tirthan, Pabbar, Ashwani Khad, Manjhi Khad, Mol Khad, Baner Khad, Charan Khand, Dhauli Khad, Shikari Khad, Batta, Kali Bein, Sainj, Markanda, Gaj Khad, Bather Khad, Bald, Ratta, Uhl Suketi Khad, Seer Khad, Bhagga, Chandra, Giri And Koshalya",2022-06-30
2022,2746,RIVER TAWI AT BELICHARANA(4KM D/S TAWI BRIDGE),JAMMU & KASHMIR,"Tributary Streams - Ravi, Parvati, Sirsa, Sarsa, Baira Siul, Suketi Khad, Binwa, Neugal Khad, Spiti, Baspa, Banganga, Basanter, Chenab, Devak, Tawi, Ujh, Swan, Tirthan, Pabbar, Ashwani Khad, Manjhi Khad, Mol Khad, Baner Khad, Charan Khand, Dhauli Khad, Shikari Khad, Batta, Kali Bein, Sainj, Markanda, Gaj Khad, Bather Khad, Bald, Ratta, Uhl Suketi Khad, Seer Khad, Bhagga, Chandra, Giri And Koshalya",8.11,250.0,1.3,6.9,,TAWI,2022-06-30
2022,2747,"RIVER TAWI AT SURAJPUR CHATHA(10 KM D/S TAWI BRIDGE)BELOW BRIDGE NEAR CHATHA MSW DUMPING SITE, J&K",JAMMU & KASHMIR,"Tributary Streams - Ravi, Parvati, Sirsa, Sarsa, Baira Siul, Suketi Khad, Binwa, Neugal Khad, Spiti, Baspa, Banganga, Basanter, Chenab, Devak, Tawi, Ujh, Swan, Tirthan, Pabbar, Ashwani Khad, Manjhi Khad, Mol Khad, Baner Khad, Charan Khand, Dhauli Khad, Shikari Khad, Batta, Kali Bein, Sainj, Markanda, Gaj Khad, Bather Khad, Bald, Ratta, Uhl Suketi Khad, Seer Khad, Bhagga, Chandra, Giri And Koshalya",7.85,250.0,1.1,7.1,0.32,TAWI,2022-06-30
2022,4055,RIVER TAWI AT 1 KM D/S BELOW STP DISCHARGE POINT AT BHAGWATI NAGAR,JAMMU & KASHMIR,"Tributary Streams - Ravi, Parvati, Sirsa, Sarsa, Baira Siul, Suketi Khad, Binwa, Neugal Khad, Spiti, Baspa, Banganga, Basanter, Chenab, Devak, Tawi, Ujh, Swan, Tirthan, Pabbar, Ashwani Khad, Manjhi Khad, Mol Khad, Baner Khad, Charan Khand, Dhauli Khad, Shikari Khad, Batta, Kali Bein, Sainj, Markanda, Gaj Khad, Bather Khad, Bald, Ratta, Uhl Suketi Khad, Seer Khad, Bhagga, Chandra, Giri And Koshalya",8.175,368.0,7.6,3.9499999999999997,,TAWI,2022-06-30
2022,4056,"RIVER TAWI AT BALOL NALLAH, NEAR NIT COLLEGE, MIRAN SAHIB, BEFORE MIXING",JAMMU & KASHMIR,"Tributary Streams - Ravi, Parvati, Sirsa, Sarsa, Baira Siul, Suketi Khad, Binwa, Neugal Khad, Spiti, Baspa, Banganga, Basanter, Chenab, Devak, Tawi, Ujh, Swan, Tirthan, Pabbar, Ashwani Khad, Manjhi Khad, Mol Khad, Baner Khad, Charan Khand, Dhauli Khad, Shikari Khad, Batta, Kali Bein, Sainj, Markanda, Gaj Khad, Bather Khad, Bald, Ratta, Uhl Suketi Khad, Seer Khad, Bhagga, Chandra, Giri And Koshalya",8.03,370.0,3.8,5.199999999999999,,TAWI,2022-06-30
2022,2758,"RIVER UJH AT DAM SITE(L.H.S.), KATHUA",JAMMU & KASHMIR,"Tributary Streams - Ravi, Parvati, Sirsa, Sarsa, Baira Siul, Suketi Khad, Binwa, Neugal Khad, Spiti, Baspa, Banganga, Basanter, Chenab, Devak, Tawi, Ujh, Swan, Tirthan, Pabbar, Ashwani Khad, Manjhi Khad, Mol Khad, Baner Khad, Charan Khand, Dhauli Khad, Shikari Khad, Batta, Kali Bein, Sainj, Markanda, Gaj Khad, Bather Khad, Bald, Ratta, Uhl Suketi Khad, Seer Khad, Bhagga, Chandra, Giri And Koshalya",7.949999999999999,218.0,,7.6,,UJH,2022-06-30
2022,4058,"RIVER DEVAK AT PURMANDAL, NEAR TEMPLE",JAMMU & KASHMIR,"Tributary Streams - Ravi, Parvati, Sirsa, Sarsa, Baira Siul, Suketi Khad, Binwa, Neugal Khad, Spiti, Baspa, Banganga, Basanter, Chenab, Devak, Tawi, Ujh, Swan, Tirthan, Pabbar, Ashwani Khad, Manjhi Khad, Mol Khad, Baner Khad, Charan Khand, Dhauli Khad, Shikari Khad, Batta, Kali Bein, Sainj, Markanda, Gaj Khad, Bather Khad, Bald, Ratta, Uhl Suketi Khad, Seer Khad, Bhagga, Chandra, Giri And Koshalya",8.149999999999999,468.5,1.25,5.9,,DEVAK,2022-06-30
2022,4062,"RIVER DEVAK 2 KM D/S FROM SHIV MANDIR AT UDHAMPUR,",JAMMU & KASHMIR,"Tributary Streams - Ravi, Parvati, Sirsa, Sarsa, Baira Siul, Suketi Khad, Binwa, Neugal Khad, Spiti, Baspa, Banganga, Basanter, Chenab, Devak, Tawi, Ujh, Swan, Tirthan, Pabbar, Ashwani Khad, Manjhi Khad, Mol Khad, Baner Khad, Charan Khand, Dhauli Khad, Shikari Khad, Batta, Kali Bein, Sainj, Markanda, Gaj Khad, Bather Khad, Bald, Ratta, Uhl Suketi Khad, Seer Khad, Bhagga, Chandra, Giri And Koshalya",8.184999999999999,390.0,1.6,5.55,,MANDIR,2022-06-30
2022,4063,"RIVER DEVAK ABOUT 10 KM D/S FROM SHIV MANDIR, BELOW RAILWAY BRIDGE, UDHAMPUR",JAMMU & KASHMIR,"Tributary Streams - Ravi, Parvati, Sirsa, Sarsa, Baira Siul, Suketi Khad, Binwa, Neugal Khad, Spiti, Baspa, Banganga, Basanter, Chenab, Devak, Tawi, Ujh, Swan, Tirthan, Pabbar, Ashwani Khad, Manjhi Khad, Mol Khad, Baner Khad, Charan Khand, Dhauli Khad, Shikari Khad, Batta, Kali Bein, Sainj, Markanda, Gaj Khad, Bather Khad, Bald, Ratta, Uhl Suketi Khad, Seer Khad, Bhagga, Chandra, Giri And Koshalya",7.85,385.0,1.55,7.5,,"Ravi, Parvati, Sirsa, Sarsa, Baira Siul, Suketi Khad, Binwa, Neugal Khad, Spiti, Baspa, Banganga, Basanter, Chenab, Devak, Tawi, Ujh, Swan, Tirthan, Pabbar, Ashwani Khad, Manjhi Khad, Mol Khad, Baner Khad, Charan Khand, Dhauli Khad, Shikari Khad, Batta, Kali Bein, Sainj, Markanda, Gaj Khad, Bather Khad, Bald, Ratta, Uhl Suketi Khad, Seer Khad, Bhagga, Chandra, Giri And Koshalya",2022-06-30
2022,4161,"RIVER CONFLUENCE POINT OF SARSA NADI WITH WITH SUTLEJ,",PUNJAB,"Tributary Streams - Ravi, Parvati, Sirsa, Sarsa, Baira Siul, Suketi Khad, Binwa, Neugal Khad, Spiti, Baspa, Banganga, Basanter, Chenab, Devak, Tawi, Ujh, Swan, Tirthan, Pabbar, Ashwani Khad, Manjhi Khad, Mol Khad, Baner Khad, Charan Khand, Dhauli Khad, Shikari Khad, Batta, Kali Bein, Sainj, Markanda, Gaj Khad, Bather Khad, Bald, Ratta, Uhl Suketi Khad, Seer Khad, Bhagga, Chandra, Giri And Koshalya",8.05,404.0,1.2,8.55,1.8499999999999999,"Ravi, Parvati, Sirsa, Sarsa, Baira Siul, Suketi Khad, Binwa, Neugal Khad, Spiti, Baspa, Banganga, Basanter, Chenab, Devak, Tawi, Ujh, Swan, Tirthan, Pabbar, Ashwani Khad, Manjhi Khad, Mol Khad, Baner Khad, Charan Khand, Dhauli Khad, Shikari Khad, Batta, Kali Bein, Sainj, Markanda, Gaj Khad, Bather Khad, Bald, Ratta, Uhl Suketi Khad, Seer Khad, Bhagga, Chandra, Giri And Koshalya",2022-06-30
2022,3856,RIVER SWAN U/S INDUSTRIAL AREA GAGRET,HIMACHAL PRADESH,"Tributary Streams - Ravi, Parvati, Sirsa, Sarsa, Baira Siul, Suketi Khad, Binwa, Neugal Khad, Spiti, Baspa, Banganga, Basanter, Chenab, Devak, Tawi, Ujh, Swan, Tirthan, Pabbar, Ashwani Khad, Manjhi Khad, Mol Khad, Baner Khad, Charan Khand, Dhauli Khad, Shikari Khad, Batta, Kali Bein, Sainj, Markanda, Gaj Khad, Bather Khad, Bald, Ratta, Uhl Suketi Khad, Seer Khad, Bhagga, Chandra, Giri And Koshalya",7.68,363.0,2.0,7.3999999999999995,,SWAN,2022-06-30
2022,3857,RIVER SWAN D/S INDUSTRIAL AREA GAGRET,HIMACHAL PRADESH,"Tributary Streams - Ravi, Parvati, Sirsa, Sarsa, Baira Siul, Suketi Khad, Binwa, Neugal Khad, Spiti, Baspa, Banganga, Basanter, Chenab, Devak, Tawi, Ujh, Swan, Tirthan, Pabbar, Ashwani Khad, Manjhi Khad, Mol Khad, Baner Khad, Charan Khand, Dhauli Khad, Shikari Khad, Batta, Kali Bein, Sainj, Markanda, Gaj Khad, Bather Khad, Bald, Ratta, Uhl Suketi Khad, Seer Khad, Bhagga, Chandra, Giri And Koshalya",7.715,376.0,2.5,7.3,4.234999999999999,SWAN,2022-06-30
2022,3858,RIVER SWAN U/S SANTOSHGARH BRIDGE,HIMACHAL PRADESH,"Tributary Streams - Ravi, Parvati, Sirsa, Sarsa, Baira Siul, Suketi Khad, Binwa, Neugal Khad, Spiti, Baspa, Banganga, Basanter, Chenab, Devak, Tawi, Ujh, Swan, Tirthan, Pabbar, Ashwani Khad, Manjhi Khad, Mol Khad, Baner Khad, Charan Khand, Dhauli Khad, Shikari Khad, Batta, Kali Bein, Sainj, Markanda, Gaj Khad, Bather Khad, Bald, Ratta, Uhl Suketi Khad, Seer Khad, Bhagga, Chandra, Giri And Koshalya",7.5649999999999995,423.5,2.0,7.4,6.705,SWAN,2022-06-30
2022,3859,RIVER SWAN U/S UNA TOWN AT GHALLUWAL BRIDGE,HIMACHAL PRADESH,"Tributary Streams - Ravi, Parvati, Sirsa, Sarsa, Baira Siul, Suketi Khad, Binwa, Neugal Khad, Spiti, Baspa, Banganga, Basanter, Chenab, Devak, Tawi, Ujh, Swan, Tirthan, Pabbar, Ashwani Khad, Manjhi Khad, Mol Khad, Baner Khad, Charan Khand, Dhauli Khad, Shikari Khad, Batta, Kali Bein, Sainj, Markanda, Gaj Khad, Bather Khad, Bald, Ratta, Uhl Suketi Khad, Seer Khad, Bhagga, Chandra, Giri And Koshalya",7.6450000000000005,396.5,2.0,7.5,4.81,SWAN,2022-06-30
2022,4030,RIVER SWAN BEFORE CONF. OF GARNI KHAD AT CHURURU,HIMACHAL PRADESH,"Tributary Streams - Ravi, Parvati, Sirsa, Sarsa, Baira Siul, Suketi Khad, Binwa, Neugal Khad, Spiti, Baspa, Banganga, Basanter, Chenab, Devak, Tawi, Ujh, Swan, Tirthan, Pabbar, Ashwani Khad, Manjhi Khad, Mol Khad, Baner Khad, Charan Khand, Dhauli Khad, Shikari Khad, Batta, Kali Bein, Sainj, Markanda, Gaj Khad, Bather Khad, Bald, Ratta, Uhl Suketi Khad, Seer Khad, Bhagga, Chandra, Giri And Koshalya",7.6850000000000005,377.5,,7.6,2.855,KHAD,2022-06-30
2022,4031,RIVER SWAN AFTER CONF. GARNI KHAD AT CHURURU,HIMACHAL PRADESH,"Tributary Streams - Ravi, Parvati, Sirsa, Sarsa, Baira Siul, Suketi Khad, Binwa, Neugal Khad, Spiti, Baspa, Banganga, Basanter, Chenab, Devak, Tawi, Ujh, Swan, Tirthan, Pabbar, Ashwani Khad, Manjhi Khad, Mol Khad, Baner Khad, Charan Khand, Dhauli Khad, Shikari Khad, Batta, Kali Bein, Sainj, Markanda, Gaj Khad, Bather Khad, Bald, Ratta, Uhl Suketi Khad, Seer Khad, Bhagga, Chandra, Giri And Koshalya",7.745,392.0,2.0,7.7,,KHAD,2022-06-30
2022,1869,RIVER SWAN D/S BELA BATHARI (BHANGLA),HIMACHAL PRADESH,"Tributary Streams - Ravi, Parvati, Sirsa, Sarsa, Baira Siul, Suketi Khad, Binwa, Neugal Khad, Spiti, Baspa, Banganga, Basanter, Chenab, Devak, Tawi, Ujh, Swan, Tirthan, Pabbar, Ashwani Khad, Manjhi Khad, Mol Khad, Baner Khad, Charan Khand, Dhauli Khad, Shikari Khad, Batta, Kali Bein, Sainj, Markanda, Gaj Khad, Bather Khad, Bald, Ratta, Uhl Suketi Khad, Seer Khad, Bhagga, Chandra, Giri And Koshalya",7.52,458.0,3.5,7.55,5.37,SWAN,2022-06-30
2022,30011,"RIVER SWAN AT DHANGLA VILLAGE, SANTOSHGARH (PUNJAB)",PUNJAB,"Tributary Streams - Ravi, Parvati, Sirsa, Sarsa, Baira Siul, Suketi Khad, Binwa, Neugal Khad, Spiti, Baspa, Banganga, Basanter, Chenab, Devak, Tawi, Ujh, Swan, Tirthan, Pabbar, Ashwani Khad, Manjhi Khad, Mol Khad, Baner Khad, Charan Khand, Dhauli Khad, Shikari Khad, Batta, Kali Bein, Sainj, Markanda, Gaj Khad, Bather Khad, Bald, Ratta, Uhl Suketi Khad, Seer Khad, Bhagga, Chandra, Giri And Koshalya",8.15,449.5,2.1,9.0,1.065,SWAN,2022-06-30
2022,4038,RIVER TIRTHAN BEFORE CONF. TO RIVER SUTLEJ,HIMACHAL PRADESH,"Tributary Streams - Ravi, Parvati, Sirsa, Sarsa, Baira Siul, Suketi Khad, Binwa, Neugal Khad, Spiti, Baspa, Banganga, Basanter, Chenab, Devak, Tawi, Ujh, Swan, Tirthan, Pabbar, Ashwani Khad, Manjhi Khad, Mol Khad, Baner Khad, Charan Khand, Dhauli Khad, Shikari Khad, Batta, Kali Bein, Sainj, Markanda, Gaj Khad, Bather Khad, Bald, Ratta, Uhl Suketi Khad, Seer Khad, Bhagga, Chandra, Giri And Koshalya",7.935,84.0,,8.2,1.5999999999999999,"Ravi, Parvati, Sirsa, Sarsa, Baira Siul, Suketi Khad, Binwa, Neugal Khad, Spiti, Baspa, Banganga, Basanter, Chenab, Devak, Tawi, Ujh, Swan, Tirthan, Pabbar, Ashwani Khad, Manjhi Khad, Mol Khad, Baner Khad, Charan Khand, Dhauli Khad, Shikari Khad, Batta, Kali Bein, Sainj, Markanda, Gaj Khad, Bather Khad, Bald, Ratta, Uhl Suketi Khad, Seer Khad, Bhagga, Chandra, Giri And Koshalya",2022-06-30
2022,2617,RIVER PABBAR AT U/S DHAMBARI,HIMACHAL PRADESH,"Tributary Streams - Ravi, Parvati, Sirsa, Sarsa, Baira Siul, Suketi Khad, Binwa, Neugal Khad, Spiti, Baspa, Banganga, Basanter, Chenab, Devak, Tawi, Ujh, Swan, Tirthan, Pabbar, Ashwani Khad, Manjhi Khad, Mol Khad, Baner Khad, Charan Khand, Dhauli Khad, Shikari Khad, Batta, Kali Bein, Sainj, Markanda, Gaj Khad, Bather Khad, Bald, Ratta, Uhl Suketi Khad, Seer Khad, Bhagga, Chandra, Giri And Koshalya",7.535,554.5,,8.5,0.74,PABBAR,2022-06-30
2022,2618,RIVER PABBAR AT U/S ROHRU,HIMACHAL PRADESH,"Tributary Streams - Ravi, Parvati, Sirsa, Sarsa, Baira Siul, Suketi Khad, Binwa, Neugal Khad, Spiti, Baspa, Banganga, Basanter, Chenab, Devak, Tawi, Ujh, Swan, Tirthan, Pabbar, Ashwani Khad, Manjhi Khad, Mol Khad, Baner Khad, Charan Khand, Dhauli Khad, Shikari Khad, Batta, Kali Bein, Sainj, Markanda, Gaj Khad, Bather Khad, Bald, Ratta, Uhl Suketi Khad, Seer Khad, Bhagga, Chandra, Giri And Koshalya",7.835,696.5,,8.2,0.73,PABBAR,2022-06-30
2022,4039,RIVER PABBAR U/S HATKOTI,HIMACHAL PRADESH,"Tributary Streams - Ravi, Parvati, Sirsa, Sarsa, Baira Siul, Suketi Khad, Binwa, Neugal Khad, Spiti, Baspa, Banganga, Basanter, Chenab, Devak, Tawi, Ujh, Swan, Tirthan, Pabbar, Ashwani Khad, Manjhi Khad, Mol Khad, Baner Khad, Charan Khand, Dhauli Khad, Shikari Khad, Batta, Kali Bein, Sainj, Markanda, Gaj Khad, Bather Khad, Bald, Ratta, Uhl Suketi Khad, Seer Khad, Bhagga, Chandra, Giri And Koshalya",7.8549999999999995,518.5,,7.9,0.755,PABBAR,2022-06-30
2022,4479,ASHWANI KHAD U/S OF SADHUPUL VILLAGE (NEARBY 800 METERS U/S OF THE BRIDGE),HIMACHAL PRADESH,"Tributary Streams - Ravi, Parvati, Sirsa, Sarsa, Baira Siul, Suketi Khad, Binwa, Neugal Khad, Spiti, Baspa, Banganga, Basanter, Chenab, Devak, Tawi, Ujh, Swan, Tirthan, Pabbar, Ashwani Khad, Manjhi Khad, Mol Khad, Baner Khad, Charan Khand, Dhauli Khad, Shikari Khad, Batta, Kali Bein, Sainj, Markanda, Gaj Khad, Bather Khad, Bald, Ratta, Uhl Suketi Khad, Seer Khad, Bhagga, Chandra, Giri And Koshalya",7.5200000000000005,363.0,2.75,6.65,6.845,KHAD,2022-06-30
2022,4441,RIVER GIRI U/S PROPOSED SITE OF SRI RENUKAJI DAM SITE.,HIMACHAL PRADESH,"Tributary Streams - Ravi, Parvati, Sirsa, Sarsa, Baira Siul, Suketi Khad, Binwa, Neugal Khad, Spiti, Baspa, Banganga, Basanter, Chenab, Devak, Tawi, Ujh, Swan, Tirthan, Pabbar, Ashwani Khad, Manjhi Khad, Mol Khad, Baner Khad, Charan Khand, Dhauli Khad, Shikari Khad, Batta, Kali Bein, Sainj, Markanda, Gaj Khad, Bather Khad, Bald, Ratta, Uhl Suketi Khad, Seer Khad, Bhagga, Chandra, Giri And Koshalya",8.035,435.0,1.55,7.8,3.97,GIRI,2022-06-30
2022,4442,RIVER GIRI D/S PROPOSED SITE OF SRI RENUKAJI DAM SITE NEAR BRIDGE AT DADAHU- RENUKAJI,HIMACHAL PRADESH,"Tributary Streams - Ravi, Parvati, Sirsa, Sarsa, Baira Siul, Suketi Khad, Binwa, Neugal Khad, Spiti, Baspa, Banganga, Basanter, Chenab, Devak, Tawi, Ujh, Swan, Tirthan, Pabbar, Ashwani Khad, Manjhi Khad, Mol Khad, Baner Khad, Charan Khand, Dhauli Khad, Shikari Khad, Batta, Kali Bein, Sainj, Markanda, Gaj Khad, Bather Khad, Bald, Ratta, Uhl Suketi Khad, Seer Khad, Bhagga, Chandra, Giri And Koshalya",7.91,441.5,1.7,7.800000000000001,0.775,GIRI,2022-06-30
2022,4429,ASHWANI KHAD AFTER CONFLUENCE OF LIFT NALLAH NEAR DOGRHA BRIDGE,HIMACHAL PRADESH,"Tributary Streams - Ravi, Parvati, Sirsa, Sarsa, Baira Siul, Suketi Khad, Binwa, Neugal Khad, Spiti, Baspa, Banganga, Basanter, Chenab, Devak, Tawi, Ujh, Swan, Tirthan, Pabbar, Ashwani Khad, Manjhi Khad, Mol Khad, Baner Khad, Charan Khand, Dhauli Khad, Shikari Khad, Batta, Kali Bein, Sainj, Markanda, Gaj Khad, Bather Khad, Bald, Ratta, Uhl Suketi Khad, Seer Khad, Bhagga, Chandra, Giri And Koshalya",7.82,1054.5,4.2,7.3500000000000005,3.8899999999999997,NALLAH,2022-06-30
2022,4461,"ASHWANI KHAD D/S OF VILLAGE SADHUPIL, TEHSIL KANDAGHAT, DISTRICT SOLAN.",HIMACHAL PRADESH,"Tributary Streams - Ravi, Parvati, Sirsa, Sarsa, Baira Siul, Suketi Khad, Binwa, Neugal Khad, Spiti, Baspa, Banganga, Basanter, Chenab, Devak, Tawi, Ujh, Swan, Tirthan, Pabbar, Ashwani Khad, Manjhi Khad, Mol Khad, Baner Khad, Charan Khand, Dhauli Khad, Shikari Khad, Batta, Kali Bein, Sainj, Markanda, Gaj Khad, Bather Khad, Bald, Ratta, Uhl Suketi Khad, Seer Khad, Bhagga, Chandra, Giri And Koshalya",7.539999999999999,496.0,,6.8999999999999995,7.35,KHAD,2022-06-30
2022,2620,ASHWANI KHAD U/S OF YASHWANT NAGAR BEFORE CONF. WITH RIVER GIRI AT YASHWANT NAGAR,HIMACHAL PRADESH,"Tributary Streams - Ravi, Parvati, Sirsa, Sarsa, Baira Siul, Suketi Khad, Binwa, Neugal Khad, Spiti, Baspa, Banganga, Basanter, Chenab, Devak, Tawi, Ujh, Swan, Tirthan, Pabbar, Ashwani Khad, Manjhi Khad, Mol Khad, Baner Khad, Charan Khand, Dhauli Khad, Shikari Khad, Batta, Kali Bein, Sainj, Markanda, Gaj Khad, Bather Khad, Bald, Ratta, Uhl Suketi Khad, Seer Khad, Bhagga, Chandra, Giri And Koshalya",7.84,403.5,2.4,6.699999999999999,5.645,GIRI,2022-06-30
2022,4023,MANJHI KHAD U/S DHARAMSHALA OF KHANIYARA,HIMACHAL PRADESH,"Tributary Streams - Ravi, Parvati, Sirsa, Sarsa, Baira Siul, Suketi Khad, Binwa, Neugal Khad, Spiti, Baspa, Banganga, Basanter, Chenab, Devak, Tawi, Ujh, Swan, Tirthan, Pabbar, Ashwani Khad, Manjhi Khad, Mol Khad, Baner Khad, Charan Khand, Dhauli Khad, Shikari Khad, Batta, Kali Bein, Sainj, Markanda, Gaj Khad, Bather Khad, Bald, Ratta, Uhl Suketi Khad, Seer Khad, Bhagga, Chandra, Giri And Koshalya",7.34,495.5,,8.25,,KHAD,2022-06-30
2022,4024,MANJHI KHAD D/S DHARAMSHALA AT CHETRU,HIMACHAL PRADESH,"Tributary Streams - Ravi, Parvati, Sirsa, Sarsa, Baira Siul, Suketi Khad, Binwa, Neugal Khad, Spiti, Baspa, Banganga, Basanter, Chenab, Devak, Tawi, Ujh, Swan, Tirthan, Pabbar, Ashwani Khad, Manjhi Khad, Mol Khad, Baner Khad, Charan Khand, Dhauli Khad, Shikari Khad, Batta, Kali Bein, Sainj, Markanda, Gaj Khad, Bather Khad, Bald, Ratta, Uhl Suketi Khad, Seer Khad, Bhagga, Chandra, Giri And Koshalya",7.5200000000000005,454.0,,7.95,,KHAD,2022-06-30
2022,4025,MOL KHAD U/S PALAMPUR,HIMACHAL PRADESH,"Tributary Streams - Ravi, Parvati, Sirsa, Sarsa, Baira Siul, Suketi Khad, Binwa, Neugal Khad, Spiti, Baspa, Banganga, Basanter, Chenab, Devak, Tawi, Ujh, Swan, Tirthan, Pabbar, Ashwani Khad, Manjhi Khad, Mol Khad, Baner Khad, Charan Khand, Dhauli Khad, Shikari Khad, Batta, Kali Bein, Sainj, Markanda, Gaj Khad, Bather Khad, Bald, Ratta, Uhl Suketi Khad, Seer Khad, Bhagga, Chandra, Giri And Koshalya",7.685,134.0,,8.350000000000001,,KHAD,2022-06-30
2022,4026,MOL KHAD D/S PALAMPUR,HIMACHAL PRADESH,"Tributary Streams - Ravi, Parvati, Sirsa, Sarsa, Baira Siul, Suketi Khad, Binwa, Neugal Khad, Spiti, Baspa, Banganga, Basanter, Chenab, Devak, Tawi, Ujh, Swan, Tirthan, Pabbar, Ashwani Khad, Manjhi Khad, Mol Khad, Baner Khad, Charan Khand, Dhauli Khad, Shikari Khad, Batta, Kali Bein, Sainj, Markanda, Gaj Khad, Bather Khad, Bald, Ratta, Uhl Suketi Khad, Seer Khad, Bhagga, Chandra, Giri And Koshalya",7.715,156.5,,8.1,,KHAD,2022-06-30
2022,4457,BANER KHAD U/S CHAMUNDA TEMPLE,HIMACHAL PRADESH,"Tributary Streams - Ravi, Parvati, Sirsa, Sarsa, Baira Siul, Suketi Khad, Binwa, Neugal Khad, Spiti, Baspa, Banganga, Basanter, Chenab, Devak, Tawi, Ujh, Swan, Tirthan, Pabbar, Ashwani Khad, Manjhi Khad, Mol Khad, Baner Khad, Charan Khand, Dhauli Khad, Shikari Khad, Batta, Kali Bein, Sainj, Markanda, Gaj Khad, Bather Khad, Bald, Ratta, Uhl Suketi Khad, Seer Khad, Bhagga, Chandra, Giri And Koshalya",7.5600000000000005,121.5,,8.5,,KHAD,2022-06-30
2022,4458,BANER KHAD D/S CHAMUNDA TEMPLE,HIMACHAL PRADESH,"Tributary Streams - Ravi, Parvati, Sirsa, Sarsa, Baira Siul, Suketi Khad, Binwa, Neugal Khad, Spiti, Baspa, Banganga, Basanter, Chenab, Devak, Tawi, Ujh, Swan, Tirthan, Pabbar, Ashwani Khad, Manjhi Khad, Mol Khad, Baner Khad, Charan Khand, Dhauli Khad, Shikari Khad, Batta, Kali Bein, Sainj, Markanda, Gaj Khad, Bather Khad, Bald, Ratta, Uhl Suketi Khad, Seer Khad, Bhagga, Chandra, Giri And Koshalya",7.605,131.0,,8.25,,KHAD,2022-06-30
2022,4460,CHARAN KHAND U/S BHAGSUNAG,HIMACHAL PRADESH,"Tributary Streams - Ravi, Parvati, Sirsa, Sarsa, Baira Siul, Suketi Khad, Binwa, Neugal Khad, Spiti, Baspa, Banganga, Basanter, Chenab, Devak, Tawi, Ujh, Swan, Tirthan, Pabbar, Ashwani Khad, Manjhi Khad, Mol Khad, Baner Khad, Charan Khand, Dhauli Khad, Shikari Khad, Batta, Kali Bein, Sainj, Markanda, Gaj Khad, Bather Khad, Bald, Ratta, Uhl Suketi Khad, Seer Khad, Bhagga, Chandra, Giri And Koshalya",7.505,101.0,,9.05,,KHAND,2022-06-30
2022,4428,ASHWINI KHAD U/S OF WEIR SITE OF WTP NEAR ASHWANI BRIDGE,HIMACHAL PRADESH,"Tributary Streams - Ravi, Parvati, Sirsa, Sarsa, Baira Siul, Suketi Khad, Binwa, Neugal Khad, Spiti, Baspa, Banganga, Basanter, Chenab, Devak, Tawi, Ujh, Swan, Tirthan, Pabbar, Ashwani Khad, Manjhi Khad, Mol Khad, Baner Khad, Charan Khand, Dhauli Khad, Shikari Khad, Batta, Kali Bein, Sainj, Markanda, Gaj Khad, Bather Khad, Bald, Ratta, Uhl Suketi Khad, Seer Khad, Bhagga, Chandra, Giri And Koshalya",8.035,1451.5,4.3,7.4,3.74,KHAD,2022-06-30
2022,4424,RAW WATER FOR LWSS OF NAUTI KHAD AT GUMMA (BASANTPUR),HIMACHAL PRADESH,"Tributary Streams - Ravi, Parvati, Sirsa, Sarsa, Baira Siul, Suketi Khad, Binwa, Neugal Khad, Spiti, Baspa, Banganga, Basanter, Chenab, Devak, Tawi, Ujh, Swan, Tirthan, Pabbar, Ashwani Khad, Manjhi Khad, Mol Khad, Baner Khad, Charan Khand, Dhauli Khad, Shikari Khad, Batta, Kali Bein, Sainj, Markanda, Gaj Khad, Bather Khad, Bald, Ratta, Uhl Suketi Khad, Seer Khad, Bhagga, Chandra, Giri And Koshalya",8.075,244.0,,7.95,0.995,KHAD,2022-06-30
2022,4432,DHAULI KHAD AT CHARAN GANGA MEDI,HIMACHAL PRADESH,"Tributary Streams - Ravi, Parvati, Sirsa, Sarsa, Baira Siul, Suketi Khad, Binwa, Neugal Khad, Spiti, Baspa, Banganga, Basanter, Chenab, Devak, Tawi, Ujh, Swan, Tirthan, Pabbar, Ashwani Khad, Manjhi Khad, Mol Khad, Baner Khad, Charan Khand, Dhauli Khad, Shikari Khad, Batta, Kali Bein, Sainj, Markanda, Gaj Khad, Bather Khad, Bald, Ratta, Uhl Suketi Khad, Seer Khad, Bhagga, Chandra, Giri And Koshalya",7.68,357.0,1.4,7.0,2.775,KHAD,2022-06-30
2022,4431,SHIKARI KHAD BEFORE CONFLUENCE TO RIVER PABBAR NEAR HRTC ROHRU BUS STAND,HIMACHAL PRADESH,"Tributary Streams - Ravi, Parvati, Sirsa, Sarsa, Baira Siul, Suketi Khad, Binwa, Neugal Khad, Spiti, Baspa, Banganga, Basanter, Chenab, Devak, Tawi, Ujh, Swan, Tirthan, Pabbar, Ashwani Khad, Manjhi Khad, Mol Khad, Baner Khad, Charan Khand, Dhauli Khad, Shikari Khad, Batta, Kali Bein, Sainj, Markanda, Gaj Khad, Bather Khad, Bald, Ratta, Uhl Suketi Khad, Seer Khad, Bhagga, Chandra, Giri And Koshalya",7.765,701.5,,6.9,1.005,PABBAR,2022-06-30
2022,2626,RIVER BATTA U/S PAONTA AT KISHANPURA,HIMACHAL PRADESH,"Tributary Streams - Ravi, Parvati, Sirsa, Sarsa, Baira Siul, Suketi Khad, Binwa, Neugal Khad, Spiti, Baspa, Banganga, Basanter, Chenab, Devak, Tawi, Ujh, Swan, Tirthan, Pabbar, Ashwani Khad, Manjhi Khad, Mol Khad, Baner Khad, Charan Khand, Dhauli Khad, Shikari Khad, Batta, Kali Bein, Sainj, Markanda, Gaj Khad, Bather Khad, Bald, Ratta, Uhl Suketi Khad, Seer Khad, Bhagga, Chandra, Giri And Koshalya",7.859999999999999,426.5,1.6500000000000001,7.8,0.89,BATTA,2022-06-30
2022,2627,RIVER BATTA BEFORE CONFLUENCE TO YAMUNA,HIMACHAL PRADESH,"Tributary Streams - Ravi, Parvati, Sirsa, Sarsa, Baira Siul, Suketi Khad, Binwa, Neugal Khad, Spiti, Baspa, Banganga, Basanter, Chenab, Devak, Tawi, Ujh, Swan, Tirthan, Pabbar, Ashwani Khad, Manjhi Khad, Mol Khad, Baner Khad, Charan Khand, Dhauli Khad, Shikari Khad, Batta, Kali Bein, Sainj, Markanda, Gaj Khad, Bather Khad, Bald, Ratta, Uhl Suketi Khad, Seer Khad, Bhagga, Chandra, Giri And Koshalya",7.935,436.0,1.75,7.8,0.9500000000000001,"Ravi, Parvati, Sirsa, Sarsa, Baira Siul, Suketi Khad, Binwa, Neugal Khad, Spiti, Baspa, Banganga, Basanter, Chenab, Devak, Tawi, Ujh, Swan, Tirthan, Pabbar, Ashwani Khad, Manjhi Khad, Mol Khad, Baner Khad, Charan Khand, Dhauli Khad, Shikari Khad, Batta, Kali Bein, Sainj, Markanda, Gaj Khad, Bather Khad, Bald, Ratta, Uhl Suketi Khad, Seer Khad, Bhagga, Chandra, Giri And Koshalya",2022-06-30
2022,2913,"RIVER KALI BEIN FALLING INTO BEAS, PUNJAB",PUNJAB,"Tributary Streams - Ravi, Parvati, Sirsa, Sarsa, Baira Siul, Suketi Khad, Binwa, Neugal Khad, Spiti, Baspa, Banganga, Basanter, Chenab, Devak, Tawi, Ujh, Swan, Tirthan, Pabbar, Ashwani Khad, Manjhi Khad, Mol Khad, Baner Khad, Charan Khand, Dhauli Khad, Shikari Khad, Batta, Kali Bein, Sainj, Markanda, Gaj Khad, Bather Khad, Bald, Ratta, Uhl Suketi Khad, Seer Khad, Bhagga, Chandra, Giri And Koshalya",7.699999999999999,286.0,2.2,5.8,1.35,"Ravi, Parvati, Sirsa, Sarsa, Baira Siul, Suketi Khad, Binwa, Neugal Khad, Spiti, Baspa, Banganga, Basanter, Chenab, Devak, Tawi, Ujh, Swan, Tirthan, Pabbar, Ashwani Khad, Manjhi Khad, Mol Khad, Baner Khad, Charan Khand, Dhauli Khad, Shikari Khad, Batta, Kali Bein, Sainj, Markanda, Gaj Khad, Bather Khad, Bald, Ratta, Uhl Suketi Khad, Seer Khad, Bhagga, Chandra, Giri And Koshalya",2022-06-30
2022,1090,RIVER SAINJ D/S LARJI,HIMACHAL PRADESH,"Tributary Streams - Ravi, Parvati, Sirsa, Sarsa, Baira Siul, Suketi Khad, Binwa, Neugal Khad, Spiti, Baspa, Banganga, Basanter, Chenab, Devak, Tawi, Ujh, Swan, Tirthan, Pabbar, Ashwani Khad, Manjhi Khad, Mol Khad, Baner Khad, Charan Khand, Dhauli Khad, Shikari Khad, Batta, Kali Bein, Sainj, Markanda, Gaj Khad, Bather Khad, Bald, Ratta, Uhl Suketi Khad, Seer Khad, Bhagga, Chandra, Giri And Koshalya",7.84,86.0,,7.949999999999999,2.95,SAINJ,2022-06-30
2022,1871,"RIVER MARKANDA AT SHAMBUWALA, DISTT. SIRMOUR",HIMACHAL PRADESH,"Tributary Streams - Ravi, Parvati, Sirsa, Sarsa, Baira Siul, Suketi Khad, Binwa, Neugal Khad, Spiti, Baspa, Banganga, Basanter, Chenab, Devak, Tawi, Ujh, Swan, Tirthan, Pabbar, Ashwani Khad, Manjhi Khad, Mol Khad, Baner Khad, Charan Khand, Dhauli Khad, Shikari Khad, Batta, Kali Bein, Sainj, Markanda, Gaj Khad, Bather Khad, Bald, Ratta, Uhl Suketi Khad, Seer Khad, Bhagga, Chandra, Giri And Koshalya",7.895,570.0,1.8,7.8,1.9549999999999998,MARKANDA,2022-06-30
2022,2624,RIVER MARKANDA U/S KALA AMB,HIMACHAL PRADESH,"Tributary Streams - Ravi, Parvati, Sirsa, Sarsa, Baira Siul, Suketi Khad, Binwa, Neugal Khad, Spiti, Baspa, Banganga, Basanter, Chenab, Devak, Tawi, Ujh, Swan, Tirthan, Pabbar, Ashwani Khad, Manjhi Khad, Mol Khad, Baner Khad, Charan Khand, Dhauli Khad, Shikari Khad, Batta, Kali Bein, Sainj, Markanda, Gaj Khad, Bather Khad, Bald, Ratta, Uhl Suketi Khad, Seer Khad, Bhagga, Chandra, Giri And Koshalya",7.83,590.5,2.05,7.5,0.725,MARKANDA,2022-06-30
2022,2625,RIVER MARKANDA D/S KALA AMB/ BOUNDARY OF HARYANA,HIMACHAL PRADESH,"Tributary Streams - Ravi, Parvati, Sirsa, Sarsa, Baira Siul, Suketi Khad, Binwa, Neugal Khad, Spiti, Baspa, Banganga, Basanter, Chenab, Devak, Tawi, Ujh, Swan, Tirthan, Pabbar, Ashwani Khad, Manjhi Khad, Mol Khad, Baner Khad, Charan Khand, Dhauli Khad, Shikari Khad, Batta, Kali Bein, Sainj, Markanda, Gaj Khad, Bather Khad, Bald, Ratta, Uhl Suketi Khad, Seer Khad, Bhagga, Chandra, Giri And Koshalya",7.904999999999999,541.0,2.15,7.3999999999999995,1.22,MARKANDA,2022-06-30
2022,3862,RIVER MARKANDA AFTER CONFLUENCE WITH SALANI KHAD AT MOGINAND KALA AMB,HIMACHAL PRADESH,"Tributary Streams - Ravi, Parvati, Sirsa, Sarsa, Baira Siul, Suketi Khad, Binwa, Neugal Khad, Spiti, Baspa, Banganga, Basanter, Chenab, Devak, Tawi, Ujh, Swan, Tirthan, Pabbar, Ashwani Khad, Manjhi Khad, Mol Khad, Baner Khad, Charan Khand, Dhauli Khad, Shikari Khad, Batta, Kali Bein, Sainj, Markanda, Gaj Khad, Bather Khad, Bald, Ratta, Uhl Suketi Khad, Seer Khad, Bhagga, Chandra, Giri And Koshalya",7.875,501.5,1.85,7.550000000000001,1.015,MARKANDA AFTER CONFLUENCE WITH SALANI KHAD,2022-06-30
2022,3864,RIVER MARKANDA AFTER CONFLUENCE OF RAMPUR JATTAN MOGINAND NALA,HIMACHAL PRADESH,"Tributary Streams - Ravi, Parvati, Sirsa, Sarsa, Baira Siul, Suketi Khad, Binwa, Neugal Khad, Spiti, Baspa, Banganga, Basanter, Chenab, Devak, Tawi, Ujh, Swan, Tirthan, Pabbar, Ashwani Khad, Manjhi Khad, Mol Khad, Baner Khad, Charan Khand, Dhauli Khad, Shikari Khad, Batta, Kali Bein, Sainj, Markanda, Gaj Khad, Bather Khad, Bald, Ratta, Uhl Suketi Khad, Seer Khad, Bhagga, Chandra, Giri And Koshalya",7.789999999999999,719.0,2.05,7.5,1.19,"Ravi, Parvati, Sirsa, Sarsa, Baira Siul, Suketi Khad, Binwa, Neugal Khad, Spiti, Baspa, Banganga, Basanter, Chenab, Devak, Tawi, Ujh, Swan, Tirthan, Pabbar, Ashwani Khad, Manjhi Khad, Mol Khad, Baner Khad, Charan Khand, Dhauli Khad, Shikari Khad, Batta, Kali Bein, Sainj, Markanda, Gaj Khad, Bather Khad, Bald, Ratta, Uhl Suketi Khad, Seer Khad, Bhagga, Chandra, Giri And Koshalya",2022-06-30
2022,4433,RIVER SWAN D/S OF UNA AT RAMPUR BRIDGE,HIMACHAL PRADESH,"Tributary Streams - Ravi, Parvati, Sirsa, Sarsa, Baira Siul, Suketi Khad, Binwa, Neugal Khad, Spiti, Baspa, Banganga, Basanter, Chenab, Devak, Tawi, Ujh, Swan, Tirthan, Pabbar, Ashwani Khad, Manjhi Khad, Mol Khad, Baner Khad, Charan Khand, Dhauli Khad, Shikari Khad, Batta, Kali Bein, Sainj, Markanda, Gaj Khad, Bather Khad, Bald, Ratta, Uhl Suketi Khad, Seer Khad, Bhagga, Chandra, Giri And Koshalya",7.695,403.5,2.5,7.5,7.8,SWAN,2022-06-30
2022,4469,GAJ KHAD NEAR WATER SUPPLY SCHEME DHARAMSHALA CANTT.,HIMACHAL PRADESH,"Tributary Streams - Ravi, Parvati, Sirsa, Sarsa, Baira Siul, Suketi Khad, Binwa, Neugal Khad, Spiti, Baspa, Banganga, Basanter, Chenab, Devak, Tawi, Ujh, Swan, Tirthan, Pabbar, Ashwani Khad, Manjhi Khad, Mol Khad, Baner Khad, Charan Khand, Dhauli Khad, Shikari Khad, Batta, Kali Bein, Sainj, Markanda, Gaj Khad, Bather Khad, Bald, Ratta, Uhl Suketi Khad, Seer Khad, Bhagga, Chandra, Giri And Koshalya",7.685,83.0,,9.2,,KHAD,2022-06-30
2022,4470,BATHER KHAD WATER SUPPLY SCHEME AT DAL LAKE,HIMACHAL PRADESH,"Tributary Streams - Ravi, Parvati, Sirsa, Sarsa, Baira Siul, Suketi Khad, Binwa, Neugal Khad, Spiti, Baspa, Banganga, Basanter, Chenab, Devak, Tawi, Ujh, Swan, Tirthan, Pabbar, Ashwani Khad, Manjhi Khad, Mol Khad, Baner Khad, Charan Khand, Dhauli Khad, Shikari Khad, Batta, Kali Bein, Sainj, Markanda, Gaj Khad, Bather Khad, Bald, Ratta, Uhl Suketi Khad, Seer Khad, Bhagga, Chandra, Giri And Koshalya",7.470000000000001,325.5,,9.15,,SCHEME,2022-06-30
2022,4471,"NEUGAL KHAD NEAR WATER SUPPLY SCHEME AT BANDLA, PALAMPUR",HIMACHAL PRADESH,"Tributary Streams - Ravi, Parvati, Sirsa, Sarsa, Baira Siul, Suketi Khad, Binwa, Neugal Khad, Spiti, Baspa, Banganga, Basanter, Chenab, Devak, Tawi, Ujh, Swan, Tirthan, Pabbar, Ashwani Khad, Manjhi Khad, Mol Khad, Baner Khad, Charan Khand, Dhauli Khad, Shikari Khad, Batta, Kali Bein, Sainj, Markanda, Gaj Khad, Bather Khad, Bald, Ratta, Uhl Suketi Khad, Seer Khad, Bhagga, Chandra, Giri And Koshalya",7.57,194.5,,9.2,,KHAD,2022-06-30
2022,4486,RIVER BALD D/S LANDFILLSITE AT BADDI,HIMACHAL PRADESH,"Tributary Streams - Ravi, Parvati, Sirsa, Sarsa, Baira Siul, Suketi Khad, Binwa, Neugal Khad, Spiti, Baspa, Banganga, Basanter, Chenab, Devak, Tawi, Ujh, Swan, Tirthan, Pabbar, Ashwani Khad, Manjhi Khad, Mol Khad, Baner Khad, Charan Khand, Dhauli Khad, Shikari Khad, Batta, Kali Bein, Sainj, Markanda, Gaj Khad, Bather Khad, Bald, Ratta, Uhl Suketi Khad, Seer Khad, Bhagga, Chandra, Giri And Koshalya",7.885,807.0,7.6,4.8,7.050000000000001,BALD,2022-06-30
2022,4488,RIVER RATTA BEFORE CONF. TO RIVER SIRSA,HIMACHAL PRADESH,"Tributary Streams - Ravi, Parvati, Sirsa, Sarsa, Baira Siul, Suketi Khad, Binwa, Neugal Khad, Spiti, Baspa, Banganga, Basanter, Chenab, Devak, Tawi, Ujh, Swan, Tirthan, Pabbar, Ashwani Khad, Manjhi Khad, Mol Khad, Baner Khad, Charan Khand, Dhauli Khad, Shikari Khad, Batta, Kali Bein, Sainj, Markanda, Gaj Khad, Bather Khad, Bald, Ratta, Uhl Suketi Khad, Seer Khad, Bhagga, Chandra, Giri And Koshalya",7.654999999999999,864.5,81.25,5.0,6.65,"Ravi, Parvati, Sirsa, Sarsa, Baira Siul, Suketi Khad, Binwa, Neugal Khad, Spiti, Baspa, Banganga, Basanter, Chenab, Devak, Tawi, Ujh, Swan, Tirthan, Pabbar, Ashwani Khad, Manjhi Khad, Mol Khad, Baner Khad, Charan Khand, Dhauli Khad, Shikari Khad, Batta, Kali Bein, Sainj, Markanda, Gaj Khad, Bather Khad, Bald, Ratta, Uhl Suketi Khad, Seer Khad, Bhagga, Chandra, Giri And Koshalya",2022-06-30
2022,5248,"RIVER UHL D/S OF IIT, MANDI",HIMACHAL PRADESH,"Tributary Streams - Ravi, Parvati, Sirsa, Sarsa, Baira Siul, Suketi Khad, Binwa, Neugal Khad, Spiti, Baspa, Banganga, Basanter, Chenab, Devak, Tawi, Ujh, Swan, Tirthan, Pabbar, Ashwani Khad, Manjhi Khad, Mol Khad, Baner Khad, Charan Khand, Dhauli Khad, Shikari Khad, Batta, Kali Bein, Sainj, Markanda, Gaj Khad, Bather Khad, Bald, Ratta, Uhl Suketi Khad, Seer Khad, Bhagga, Chandra, Giri And Koshalya",7.895,158.0,,8.4,0.9650000000000001,UHL,2022-06-30
2022,5251,SUKETI KHAD D/S SWM SITE AT SUNDER NAGAR,HIMACHAL PRADESH,"Tributary Streams - Ravi, Parvati, Sirsa, Sarsa, Baira Siul, Suketi Khad, Binwa, Neugal Khad, Spiti, Baspa, Banganga, Basanter, Chenab, Devak, Tawi, Ujh, Swan, Tirthan, Pabbar, Ashwani Khad, Manjhi Khad, Mol Khad, Baner Khad, Charan Khand, Dhauli Khad, Shikari Khad, Batta, Kali Bein, Sainj, Markanda, Gaj Khad, Bather Khad, Bald, Ratta, Uhl Suketi Khad, Seer Khad, Bhagga, Chandra, Giri And Koshalya",7.73,359.5,1.6500000000000001,5.45,2.49,KHAD,2022-06-30
2022,5252,SEER KHAD U/S INTAKE POINT OF WSS GHUMARWIN TOWN,HIMACHAL PRADESH,"Tributary Streams - Ravi, Parvati, Sirsa, Sarsa, Baira Siul, Suketi Khad, Binwa, Neugal Khad, Spiti, Baspa, Banganga, Basanter, Chenab, Devak, Tawi, Ujh, Swan, Tirthan, Pabbar, Ashwani Khad, Manjhi Khad, Mol Khad, Baner Khad, Charan Khand, Dhauli Khad, Shikari Khad, Batta, Kali Bein, Sainj, Markanda, Gaj Khad, Bather Khad, Bald, Ratta, Uhl Suketi Khad, Seer Khad, Bhagga, Chandra, Giri And Koshalya",8.205,311.5,,8.8,1.2899999999999998,KHAD,2022-06-30
2022,5254,RIVER BHAGGA U/S BEFORE CONFLUENCE TO RIVER CHENAB,HIMACHAL PRADESH,"Tributary Streams - Ravi, Parvati, Sirsa, Sarsa, Baira Siul, Suketi Khad, Binwa, Neugal Khad, Spiti, Baspa, Banganga, Basanter, Chenab, Devak, Tawi, Ujh, Swan, Tirthan, Pabbar, Ashwani Khad, Manjhi Khad, Mol Khad, Baner Khad, Charan Khand, Dhauli Khad, Shikari Khad, Batta, Kali Bein, Sainj, Markanda, Gaj Khad, Bather Khad, Bald, Ratta, Uhl Suketi Khad, Seer Khad, Bhagga, Chandra, Giri And Koshalya",7.98,140.0,,9.25,0.68,BHAGGA,2022-06-30
2022,5255,RIVER CHANDRA U/S BEFORE CONFLUENCE TO RIVER CHENAB,HIMACHAL PRADESH,"Tributary Streams - Ravi, Parvati, Sirsa, Sarsa, Baira Siul, Suketi Khad, Binwa, Neugal Khad, Spiti, Baspa, Banganga, Basanter, Chenab, Devak, Tawi, Ujh, Swan, Tirthan, Pabbar, Ashwani Khad, Manjhi Khad, Mol Khad, Baner Khad, Charan Khand, Dhauli Khad, Shikari Khad, Batta, Kali Bein, Sainj, Markanda, Gaj Khad, Bather Khad, Bald, Ratta, Uhl Suketi Khad, Seer Khad, Bhagga, Chandra, Giri And Koshalya",7.8100000000000005,136.0,,9.25,0.605,CHANDRA,2022-06-30
2022,5256,RIVER CHENAB D/S AT TANDI (L & S),HIMACHAL PRADESH,"Tributary Streams - Ravi, Parvati, Sirsa, Sarsa, Baira Siul, Suketi Khad, Binwa, Neugal Khad, Spiti, Baspa, Banganga, Basanter, Chenab, Devak, Tawi, Ujh, Swan, Tirthan, Pabbar, Ashwani Khad, Manjhi Khad, Mol Khad, Baner Khad, Charan Khand, Dhauli Khad, Shikari Khad, Batta, Kali Bein, Sainj, Markanda, Gaj Khad, Bather Khad, Bald, Ratta, Uhl Suketi Khad, Seer Khad, Bhagga, Chandra, Giri And Koshalya",8.01,141.0,,9.45,0.8,CHENAB,2022-06-30
2022,5292,"RIVER GIRI AT NIHARI, KOTKHAL",HIMACHAL PRADESH,"Tributary Streams - Ravi, Parvati, Sirsa, Sarsa, Baira Siul, Suketi Khad, Binwa, Neugal Khad, Spiti, Baspa, Banganga, Basanter, Chenab, Devak, Tawi, Ujh, Swan, Tirthan, Pabbar, Ashwani Khad, Manjhi Khad, Mol Khad, Baner Khad, Charan Khand, Dhauli Khad, Shikari Khad, Batta, Kali Bein, Sainj, Markanda, Gaj Khad, Bather Khad, Bald, Ratta, Uhl Suketi Khad, Seer Khad, Bhagga, Chandra, Giri And Koshalya",7.795,71.5,,8.2,0.78,GIRI,2022-06-30
2022,30013,RIVER KOSHALYA AT U/S PARWANOO,HIMACHAL PRADESH,"Tributary Streams - Ravi, Parvati, Sirsa, Sarsa, Baira Siul, Suketi Khad, Binwa, Neugal Khad, Spiti, Baspa, Banganga, Basanter, Chenab, Devak, Tawi, Ujh, Swan, Tirthan, Pabbar, Ashwani Khad, Manjhi Khad, Mol Khad, Baner Khad, Charan Khand, Dhauli Khad, Shikari Khad, Batta, Kali Bein, Sainj, Markanda, Gaj Khad, Bather Khad, Bald, Ratta, Uhl Suketi Khad, Seer Khad, Bhagga, Chandra, Giri And Koshalya",8.2,359.5,,8.6,0.975,KOSHALYA,2022-06-30
2022,1491,"RIVER BHAGIRATHI AT GANGOTRI,",UTTARAKHAND,Ganga,7.34,59.0,,10.2,0.32,BHAGIRATHI,2022-06-30
2022,1484,RIVER ALAKNANDA B/C TO RIVER MANDAKINI AT RUDRA PRAYAG,UTTARAKHAND,Ganga,7.6899999999999995,119.0,,10.0,0.33,ALAKNANDA B/C TO RIVER MANDAKINI,2022-06-30
2022,1486,RIVER ALAKNANDA A/C OF RIVER MANDAKINI AND RIVER ALAKNANDA AT RUDRAPRAYAG,UTTARAKHAND,Ganga,7.435,116.0,,10.2,0.33,ALAKNANDA A/C OF RIVER MANDAKINI AND RIVER ALAKNANDA,2022-06-30
2022,1488,"RIVER BHAGIRATHI B/C TO RIVER ALAKNANDA AT DEVPRAYAG,DIST-TEHRI GARHWAL",UTTARAKHAND,Ganga,7.635,81.0,,10.1,0.33,BHAGIRATHI B/C TO RIVER ALAKNANDA,2022-06-30
2022,1487,"RIVER ALAKNANDA B/C TORIVER BHAGIRATHI AT DEVPRAYAG,DIST-TEHRI GARHWAL",UTTARAKHAND,Ganga,7.725,121.5,,9.9,0.33,ALAKNANDA B/C TORIVER BHAGIRATHI,2022-06-30
2022,1489,"RIVER GANGA AFTER CONFLUENCE OF RIVER BHAGIRATHI AND RIVER ALAKNANDA AT DEVPRAYAG ,DIST-TEFRI GARHWAL",UTTARAKHAND,Ganga,7.710000000000001,114.5,,10.2,0.33499999999999996,GANGA AFTER CONFLUENCE OF RIVER BHAGIRATHI AND RIVER ALAKNANDA,2022-06-30
2022,1485,"RIVER MANDAKINI B/C TO RIVER ALKALNADA AT RUDRAPRAYAG,",UTTARAKHAND,Ganga,7.574999999999999,83.5,,10.0,0.33,MANDAKINI B/C TO RIVER ALKALNADA,2022-06-30
2022,1060,"RIVER GANGA U/S AT LAXMANJHULA,RISHIKESH",UTTARAKHAND,Ganga,7.615,114.5,1.6,9.6,0.33999999999999997,GANGA,2022-06-30
2022,10147,"RIVER GANGA D/S AT BAIRAAJ,RISHIKESH",UTTARAKHAND,Ganga,7.72,100.5,,10.100000000000001,0.35,GANGA,2022-06-30
2022,2725,RIVER GANGA AFTER CONFLUENCE OF SONG NEAR SATYANARAYAN,UTTARAKHAND,Ganga,7.745,295.0,1.4,9.399999999999999,0.355,GANGA AFTER CONFLUENCE OF SONG,2022-06-30
2022,3997,"RIVER GANGA U/S AT ABINDUGHAT, DUDHIYABAD, HARIDWAR",UTTARAKHAND,Ganga,7.734999999999999,398.0,1.9,8.9,0.61,GANGA,2022-06-30
2022,10148,RIVER GANGA AT HAR-KI-PAURI GHAT,UTTARAKHAND,Ganga,7.7,1042.5,1.7999999999999998,9.0,0.68,GANGA,2022-06-30
2022,1061,"RIVER GANGA D/S AT BALKUMARI MANDIR, AJEETPUR, HARIDWAR",UTTARAKHAND,Ganga,7.9,436.5,1.95,8.9,0.8400000000000001,GANGA,2022-06-30
2022,2727,"UPPER GANGA CANAL D/S AT ROORKEE, HARIDWAR",UTTARAKHAND,Ganga,7.75,436.5,1.95,7.9,1.3499999999999999,CANAL,2022-06-30
2022,30005,RIVER GANGA AT SULTANPUR (UTTARAKHAND),UTTARAKHAND,Ganga,7.76,222.0,1.7,8.2,0.8200000000000001,GANGA,2022-06-30
2022,30006,RIVER GANGA AT BIJNOR (U.P.),UTTAR PRADESH,Ganga,7.9,287.0,3.5,8.35,0.53,GANGA,2022-06-30
2022,10150,"RIVER GANGA AT MADHYA GANGA BARRAGE, BIJNOR",UTTAR PRADESH,Ganga,7.824999999999999,243.0,1.3,9.35,,GANGA,2022-06-30
2022,10149,"RIVER GANGA AT U/S BRIJ GHAT ,GHARMUKTESHWAR",UTTAR PRADESH,Ganga,7.3,460.0,2.2,9.65,,GANGA,2022-06-30
2022,1062,"RIVER GANGA AT D/S GARHMUKTESHWAR, U.P",UTTAR PRADESH,Ganga,7.3,479.0,1.85,9.55,,GANGA,2022-06-30
2022,2488,"RIVER GANGA U/S, ANOOPSHAHAR",UTTAR PRADESH,Ganga,7.220000000000001,115.5,1.9500000000000002,9.0,,GANGA,2022-06-30
2022,2489,"RIVER GANGA D/S, ANOOPSHAHAR",UTTAR PRADESH,Ganga,7.25,116.5,1.85,8.85,,GANGA,2022-06-30
2022,1145,"RIVER GANGA AT NARORA (BULANDSAHAR), U.P.",UTTAR PRADESH,Ganga,7.245,121.5,1.9,8.45,,GANGA,2022-06-30
2022,2490,"RIVER GANGA AT KACHHLA GHAT, ALIGARH",UTTAR PRADESH,Ganga,7.35,149.0,1.3,9.399999999999999,2.485,GANGA,2022-06-30
2022,10151,RIVER GANGA AT GHATIYAGHAT FARRUKABAD,UTTAR PRADESH,Ganga,8.15,265.5,3.0999999999999996,9.100000000000001,,GANGA,2022-06-30
2022,1063,"RIVER GANGA AT KANNAUJ U/S (NEAR MEHNDIGHAT BRIDGE), U.P",UTTAR PRADESH,Ganga,8.24,284.5,4.6,8.9,,GANGA,2022-06-30
2022,1066,"RIVER GANGA AT DURJANPUR, KANNAUJ D/S, U.P",UTTAR PRADESH,Ganga,8.24,279.0,3.8499999999999996,8.95,,GANGA,2022-06-30
2022,1146,"RIVER GANGA AT BITHOOR (KANPUR), U.P.",UTTAR PRADESH,Ganga,8.245000000000001,282.0,4.1,8.75,,GANGA,2022-06-30
2022,1067,"RIVER GANGA AT KANPUR U/S (SHUKLAGANJ U/S), U.P",UTTAR PRADESH,Ganga,8.145,286.5,4.3,8.55,,GANGA,2022-06-30
2022,10154,RIVER GANGA AT BATHING GHAT (BHARAOGHAT),UTTAR PRADESH,Ganga,8.16,284.5,4.2,8.5,,GANGA,2022-06-30
2022,10155,RIVER GANGA AT D/S (SHUKLAGANJ),UTTAR PRADESH,Ganga,8.355,308.0,4.449999999999999,8.55,,GANGA,2022-06-30
2022,1068,"RIVER GANGA AT KANPUR D/S (JANA VILLAGE), U.P",UTTAR PRADESH,Ganga,8.15,313.0,4.6,8.0,,GANGA,2022-06-30
2022,10157,RIVER GANGA AT BATHING GHAT (JAJMAU BRIDGE),UTTAR PRADESH,Ganga,8.14,302.0,4.6,8.2,,GANGA,2022-06-30
2022,1147,"RIVER GANGA AT DALMAU (RAI BAREILLY), U.P.",UTTAR PRADESH,Ganga,7.985,335.0,3.85,8.7,3.9299999999999997,GANGA,2022-06-30
2022,2498,"RIVER GANGA AT KALA KANKAR, RAEBARELI",UTTAR PRADESH,Ganga,8.075,336.0,3.95,8.95,0.91,GANGA,2022-06-30
2022,1046,"RIVER GANGA AT PRAYAGRAJ (RASOOLABAD), U.P.",UTTAR PRADESH,Ganga,7.869999999999999,241.0,2.75,8.3,0.615,GANGA,2022-06-30
2022,2487,"RIVER GANGA AT KADAGHAT, KAUSHAMABI",UTTAR PRADESH,Ganga,7.805,262.5,2.75,7.85,0.645,GANGA,2022-06-30
2022,1049,"RIVER GANGA AT PRAYAGRAJ D/S (SANGAM), U.P.",UTTAR PRADESH,Ganga,7.91,258.0,2.8,7.6,0.635,GANGA,2022-06-30
2022,10158,"RIVER GANGA A/C TAMSA RIVER, SIRSA, SON BARSA",UTTAR PRADESH,Ganga,7.985,261.5,2.7,7.7,0.64,Ganga,2022-06-30
2022,2485,"RIVER GANGA U/S, VINDHYACHAL, MIRZAPUR",UTTAR PRADESH,Ganga,8.21,450.0,3.05,8.9,1.03,GANGA,2022-06-30
2022,2486,"RIVER GANGA D/S, MIRZAPUR",UTTAR PRADESH,Ganga,7.66,466.0,3.65,8.100000000000001,1.24,GANGA,2022-06-30
2022,10153,RIVER GANGA AT CHUNAR,UTTAR PRADESH,Ganga,7.515000000000001,460.0,3.3499999999999996,8.5,1.18,GANGA,2022-06-30
2022,1070,"RIVER GANGA AT VARANASI U/S NEAR VISHWASUNDARI BRIDGE B/C DRAINS( NAGWA NALA, SAMNE GHAT NALA,NAKHHI NALA)",UTTAR PRADESH,Ganga,8.125,438.5,2.25,9.35,1.16,GANGA,2022-06-30
2022,1071,"RIVER GANGA AT VARANASI D/S , A/C RIVER VARUNA , U.P",UTTAR PRADESH,Ganga,8.09,495.5,3.8,8.2,1.29,GANGA,2022-06-30
2022,10152,"RIVER GANGA A/C GOMTI RIVER, BHUSAULA",UTTAR PRADESH,Ganga,8.120000000000001,486.0,3.1,8.8,4.0600000000000005,Ganga,2022-06-30
2022,10156,RIVER GANGA AT BATHING GHAT (GOLA GHAT),UTTAR PRADESH,Ganga,8.055,292.0,4.5,7.45,,GANGA,2022-06-30
2022,1073,"RIVER GANGA AT TARIGHAT (GHAZIPUR), U.P",UTTAR PRADESH,Ganga,8.07,502.0,4.0,8.0,1.3900000000000001,GANGA,2022-06-30
2022,30075,"RIVER GANGA AT ROAD BRIDGE TARIGHAT,DIST GHAZIPUR (U.P.)",UTTAR PRADESH,Ganga,7.565,453.0,3.95,7.5,0.8300000000000001,GANGA,2022-06-30
2022,1074,RIVER GANGA CHUSA AT BUXAR,BIHAR,Ganga,7.8149999999999995,418.0,1.85,9.45,,GANGA CHUSA,2022-06-30
2022,10113,"RIVER GANGA AT U/S JAIL GHAT, BUXAR",BIHAR,Ganga,7.944999999999999,347.0,1.6500000000000001,9.100000000000001,,GANGA,2022-06-30
2022,2551,"RIVER GANGA AT BUXAR, RAMREKHAGHAT",BIHAR,Ganga,7.745,384.5,1.9000000000000001,8.1,,GANGA,2022-06-30
2022,3113,RIVER GANGA AT D/S BUXAR NEAR VEER KUNWAR SINGH ROAD BRIDGE,BIHAR,Ganga,7.7,399.5,1.85,8.85,,GANGA,2022-06-30
2022,10131,"RIVER GANGA D/S OF M/S NTPC, BARH WATER INTAKE POINT,PATHANICHAK, BINDTOLA BARH",BIHAR,Ganga,7.665,341.5,2.0,8.4,,GANGA,2022-06-30
2022,30076,RIVER GANGA AT MANJHIGHAT DIST. CHHAPRA(BIHAR),BIHAR,Ganga,7.775,463.0,4.6,7.550000000000001,0.77,GANGA,2022-06-30
2022,10162,RIVER GANGA AT ARA- CHAPRA ROAD BRIDGE (KOIILWAR BARHARA-CHAPRA ROAD),BIHAR,Ganga,7.805,370.0,1.6500000000000001,9.05,,GANGA,2022-06-30
2022,2564,"RIVER GANGA AT THE BALUGHAT, DORIGANJ, SARAN",BIHAR,Ganga,7.765,375.0,2.15,8.1,,GANGA,2022-06-30
2022,10114,"RIVER GANGA AT MAA AMBIKA ASTHAN, AAMI, SARAN",BIHAR,Ganga,7.7,366.5,2.0,7.5,,GANGA,2022-06-30
2022,3114,"RIVER GANGA NEAR DANAPUR (NEAR PIPA PUL) ,PATNA",BIHAR,Ganga,7.734999999999999,346.0,2.05,8.7,,GANGA,2022-06-30
2022,1077,"RIVER GANGA AT DIGHA, NEAR J P SETU, PATNA U/S",BIHAR,Ganga,7.805,343.5,2.1,8.05,,GANGA,2022-06-30
2022,2552,"RIVER GANGA AT GANDHIGHAT, NIT PATNA",BIHAR,Ganga,7.615,345.0,2.1,7.6499999999999995,,GANGA,2022-06-30
2022,10115,"RIVER GANGA AT GULABI GHAT, PATNA",BIHAR,Ganga,7.71,360.0,2.15,7.4,,GANGA,2022-06-30
2022,1079,"RIVER GANGA AT PATNA D/S (GANGA BRIDGE), GAIGHAT, PATNA",BIHAR,Ganga,7.779999999999999,344.0,2.1,7.65,,GANGA,2022-06-30
2022,3122,"RIVER GANGA AT MALSALAMI, PATNA CITY, PATNA",BIHAR,Ganga,7.82,351.0,1.9500000000000002,7.8,,GANGA,2022-06-30
2022,4297,RIVER GANGA AT KACHCHI-DARGAH-,BIHAR,Ganga,7.925,377.0,2.0,7.65,,GANGA,2022-06-30
2022,10122,"RIVER GANGA AT TRIVENI GHAT, PATNA",BIHAR,Ganga,7.785,333.5,2.15,8.0,,GANGA,2022-06-30
2022,4301,"RIVER GANGA AT BAKHTIYARPUR-TAJPUR BRIDGE ON GANGA, ATHMALGOLA, PATNA",BIHAR,Ganga,7.73,351.5,2.0,8.7,,GANGA,2022-06-30
2022,2553,"RIVER GANGA AT KEWALA GHAT,FATUHA, PATNA",BIHAR,Ganga,7.78,340.0,2.15,7.5,,GANGA,2022-06-30
2022,3115,"RIVER GANGA AT UMA NATH MANDIR,BARH",BIHAR,Ganga,7.845000000000001,319.0,2.05,8.399999999999999,,GANGA,2022-06-30
2022,10130,"RIVER GANGA U/S OF M/S NTPC, BARH WATER INTAKE POINT, BARH",BIHAR,Ganga,7.885,350.0,1.9000000000000001,8.8,,GANGA,2022-06-30
2022,1817,"RIVER GANGA AT MOKAMA (U/S), MAHADEO ASTHAN, PATNA",BIHAR,Ganga,7.8149999999999995,350.5,1.9500000000000002,9.25,,GANGA,2022-06-30
2022,1815,"RIVER GANGA AT MOKAMA (D/S), NEAR RAJENDRA BRIDGE , SIMIRIYA GHAT",BIHAR,Ganga,7.800000000000001,334.0,2.0,8.1,,GANGA,2022-06-30
2022,3123,"RIVER GANGA AT BARAHIYA, NEPALITOLA, MARANCHI, HATHIDAH AT MOKAMA, PATNA",BIHAR,Ganga,7.74,358.0,2.15,9.25,,GANGA,2022-06-30
2022,3116,RIVER GANGA AT U/S MUNGER KASHATHARNI GHAT,BIHAR,Ganga,7.75,327.0,2.0,8.3,,GANGA,2022-06-30
2022,1818,"RIVER GANGA AT MUNGER D/S, CREAMINATION GHAT",BIHAR,Ganga,7.720000000000001,340.5,2.05,8.2,,GANGA,2022-06-30
2022,3117,"RIVER GANGA AT U/S AJGABINATH MANDIR SULTANGANJ, BHAGALPUR",BIHAR,Ganga,7.75,331.0,2.15,8.05,,GANGA,2022-06-30
2022,4398,"RIVER GANGA AT WATER INTAKE POINT, BHAGALPUR",BIHAR,Ganga,7.8,582.0,2.05,9.0,,GANGA,2022-06-30
2022,2554,"RIVER GANGA D/S CREMINATION GHAT AT SULTANGANJ, BHAGALPUR",BIHAR,Ganga,7.72,338.0,1.95,7.75,,GANGA,2022-06-30
2022,10138,"RIVER GANGA AT CHAMPANAGAR, RASIDPUR, BHAGALPUR",BIHAR,Ganga,7.79,347.0,2.0,8.35,,GANGA,2022-06-30
2022,1819,"RIVER GANGA AT BHAGALPUR, OPP. KUPPA GHAT",BIHAR,Ganga,7.694999999999999,327.5,2.0,7.85,,GANGA,2022-06-30
2022,3118,RIVER GANGA AT D/S BHAGALPUR NEAR BARARIGHAT,BIHAR,Ganga,7.715,422.0,2.2,7.9,,GANGA,2022-06-30
2022,1816,"RIVER GANGA, JHAJGHAT AT KAHALGAON",BIHAR,Ganga,7.55,319.5,2.05,8.25,,JHAJGHAT,2022-06-30
2022,10143,"RIVER GANGA D/S NEAR CREMATION GHAT, KHALGOAN",BIHAR,Ganga,7.699999999999999,328.5,2.2,8.15,,GANGA,2022-06-30
2022,10144,RIVER GANGA U/S NEAR LCT GHAT,JHARKHAND,Ganga,7.5,209.0,1.25,4.25,,GANGA,2022-06-30
2022,10145,RIVER GANGA D/S NEAR JANTA GHAT,JHARKHAND,Ganga,7.5,211.0,1.35,6.95,,GANGA,2022-06-30
2022,10146,RIVER GANGA AT SANGI DALAN,JHARKHAND,Ganga,7.5,213.0,1.25,6.949999999999999,,GANGA,2022-06-30
2022,1059,"RIVER GANGA AT RAJMAHAL, BIHAR",JHARKHAND,Ganga,7.55,222.0,1.25,6.949999999999999,,GANGA,2022-06-30
2022,1080,"RIVER GANGA AT BAHARAMPORE, MURSHIDABAD, WEST BENGAL",WEST BENGAL,Ganga,8.030000000000001,344.0,2.1,7.300000000000001,0.605,GANGA,2022-06-30
2022,10159,"RIVER GANGA AT BEHRAMPORE(KHAGRA), MURSHIDABAD",WEST BENGAL,Ganga,8.07,341.5,2.0,7.5,0.54,GANGA,2022-06-30
2022,10160,"RIVER GANGA AT BEHRAMPORE, (GORA BAZAR),MURSHIDABAD",WEST BENGAL,Ganga,7.945,344.5,2.05,7.4,0.59,GANGA,2022-06-30
2022,2506,"RIVER TRIBENI ON GANGA, NEAR BURNING GHAT, HOOGHLY",WEST BENGAL,Ganga,8.055,365.5,2.3,7.1,0.52,Ganga,2022-06-30
2022,2511,"RIVER NABADIP ON GANGA, GHOSHPARA NEAR MONIPURGHAT,NADIA",WEST BENGAL,Ganga,8.08,334.0,2.25,7.25,0.655,GHOSHPARA,2022-06-30
2022,10161,"RIVER GANGA AT PALTA, SHITALTALA,",WEST BENGAL,Ganga,7.99,369.0,3.0,6.75,0.53,GANGA,2022-06-30
2022,1054,RIVER GANGA AT PALTA WEST BENGAL,WEST BENGAL,Ganga,8.095,347.0,2.1,6.85,0.51,GANGA,2022-06-30
2022,1472,"RIVER GANGA AT SERAMPORE, HOOGHLY,WEST BENGAL",WEST BENGAL,Ganga,7.805,2213.0,2.1,6.85,0.585,GANGA,2022-06-30
2022,1053,"RIVER GANGA AT DAKSHMINESHWAR, KOLKATA, WEST BENGAL",WEST BENGAL,Ganga,7.385,357.0,3.05,6.4,1.05,GANGA,2022-06-30
2022,1471,RIVER GANGA AT HOWRAH-SHIVPUR WEST BENGAL,WEST BENGAL,Ganga,7.49,349.5,3.05,6.45,1.275,GANGA,2022-06-30
2022,1470,"RIVER GANGA AT GARDEN REACH, KOLKATA, WEST BENGAL",WEST BENGAL,Ganga,7.455,351.0,3.15,6.35,1.19,GANGA,2022-06-30
2022,1052,"RIVER GANGA AT ULUBERIA , HOWRAH,WEST BENGAL",WEST BENGAL,Ganga,7.43,369.0,3.45,6.15,1.095,GANGA,2022-06-30
2022,1335,RIVER GANGA AT PATIKALI NEAR DURGA CHAK WEST BENGAL,WEST BENGAL,Ganga,7.9399999999999995,7979.5,2.0,6.4,3.2550000000000003,GANGA,2022-06-30
2022,1469,"RIVER GANGA AT DIAMOND HARBOUR, 24 PARGANAS (S)WEST BENGAL",WEST BENGAL,Ganga,7.455,1900.5,2.85,6.15,1.085,GANGA,2022-06-30
2022,5162,"RIVER GANGA AT FARAKKA, MUSHIDABAD",WEST BENGAL,Ganga,8.06,337.5,2.0,7.35,0.475,GANGA,2022-06-30
2022,1492,RIVER YAMUNA AT YAMUNOTRI,UTTARAKHAND,Yamuna,7.21,62.0,,10.4,0.32,YAMUNA,2022-06-30
2022,1493,RIVER YAMUNA AT HANUMANCHATTI,UTTARAKHAND,Yamuna,7.28,92.0,,10.2,0.32,YAMUNA,2022-06-30
2022,1494,RIVER YAMUNA AT U/S OF LAKHWAR DAM,UTTARAKHAND,Yamuna,7.675,177.5,,10.2,0.33999999999999997,YAMUNA,2022-06-30
2022,1490,"RIVER YAMUNA AT U/S DAKPATHER, DEHRADUN",UTTARAKHAND,Yamuna,7.645,142.5,,9.9,0.35,YAMUNA,2022-06-30
2022,1553,RIVER YAMUNA U/S PAONTA SAHIB,HIMACHAL PRADESH,Yamuna,7.955,549.5,,7.9,0.8400000000000001,YAMUNA,2022-06-30
2022,1554,RIVER YAMUNA D/S PAONTA SAHIB,HIMACHAL PRADESH,Yamuna,8.015,383.0,2.0,7.8500000000000005,0.85,YAMUNA,2022-06-30
2022,4439,RIVER YAMUNA U/S SUN PHARMACEUTICALS,HIMACHAL PRADESH,Yamuna,8.055,465.0,,7.9,0.655,YAMUNA,2022-06-30
2022,4440,RIVER YAMUNA D/S SUN PHARMACEUTICALS,HIMACHAL PRADESH,Yamuna,7.9799999999999995,348.0,2.05,7.75,0.67,YAMUNA,2022-06-30
2022,1117,"RIVER YAMUNA AT HATHNIKUND, YAMUNANAGAR",HARYANA,Yamuna,7.55,258.5,3.0999999999999996,6.15,,YAMUNA,2022-06-30
2022,1496,"RIVER YAMUNA AT KALANAUR, YAMUNA NAGAR",HARYANA,Yamuna,7.47,239.0,4.1,6.5,,YAMUNA,2022-06-30
2022,4914,"RIVER YAMUNA AT MANGLAURA, KARNAL",HARYANA,Yamuna,7.46,298.5,3.8,7.25,,YAMUNA,2022-06-30
2022,10004,RIVER YAMUNA AT KHOJKIPUR PANIPAT,HARYANA,Yamuna,7.45,622.5,8.9,7.25,,YAMUNA,2022-06-30
2022,1119,RIVER YAMUNA AT SONEPAT,HARYANA,Yamuna,7.81,282.0,3.2,7.0,,YAMUNA,2022-06-30
2022,1497,"RIVER YAMUNA AT RAHIMPUR KA NAGLA, NEAR FLYOVER BRIDGE (MAZAWALI) HARYANA",HARYANA,Yamuna,7.1,870.0,19.0,9.4,1.4,YAMUNA,2022-06-30
2022,1120,"RIVER YAMUNA AT PALLA, DELHI",DELHI,Yamuna,7.09,,2.15,9.0,,YAMUNA,2022-06-30
2022,5098,RIVER YAMUNA AT WAZIRABAD,DELHI,Yamuna,7.43,,8.5,5.9,,YAMUNA,2022-06-30
2022,1121,"RIVER YAMUNA AT NIZAMUDDIN, DELHI",DELHI,Yamuna,7.324999999999999,,53.0,,,YAMUNA,2022-06-30
2022,5099,RIVER YAMUNA AT ISBT BRIDGE,DELHI,Yamuna,7.15,,51.0,,,YAMUNA,2022-06-30
2022,5100,RIVER YAMUNA AT ITO BRIDGE,DELHI,Yamuna,7.005,,52.0,,,YAMUNA,2022-06-30
2022,1375,"RIVER YAMUNA AT OKHLA BRIDGE (INLET OF AGRA CANAL), DELHI",DELHI,Yamuna,7.16,,64.0,,,YAMUNA,2022-06-30
2022,1812,"RIVER YAMUNA AT OKHLA AFTER MEETING OF SHAHDARA DRAIN, DELHI",DELHI,Yamuna,6.98,,71.5,,,YAMUNA,2022-06-30
2022,2493,RIVER YAMUNA AT SHAHPUR,UTTAR PRADESH,Yamuna,7.6499999999999995,,12.0,5.2,,YAMUNA,2022-06-30
2022,2495,"RIVER YAMUNA AT KESIGHAT, VRINDAVAN",UTTAR PRADESH,Yamuna,7.65,,10.0,5.9,,YAMUNA,2022-06-30
2022,1123,"RIVER YAMUNA AT MATHURA U/S ,NEAR GAUGHAT U.P.",UTTAR PRADESH,Yamuna,7.55,,11.2,5.800000000000001,,YAMUNA,2022-06-30
2022,2494,"RIVER YAMUNA AT VISHRAMGHAT, MATHURA",UTTAR PRADESH,Yamuna,7.699999999999999,,11.899999999999999,5.5,,YAMUNA,2022-06-30
2022,1124,"RIVER YAMUNA AT MATHURA D/S , NEAR SHAMSHAN GHAT U.P.",UTTAR PRADESH,Yamuna,7.699999999999999,,12.3,5.4,,YAMUNA,2022-06-30
2022,1125,"RIVER YAMUNA AT AGRA U/S, U.P.(KAILASH GHAT)",UTTAR PRADESH,Yamuna,7.34,,8.8,7.3,,YAMUNA,2022-06-30
2022,1126,"RIVER YAMUNA AT D/S OF AGRA, U.P.",UTTAR PRADESH,Yamuna,7.300000000000001,,10.4,6.3,,YAMUNA,2022-06-30
2022,1498,"RIVER YAMUNA AT BATESWAR, U.P",UTTAR PRADESH,Yamuna,7.5,,8.6,7.3,,YAMUNA,2022-06-30
2022,1127,"RIVER YAMUNA AT ETAWAH, U.P.",UTTAR PRADESH,Yamuna,7.75,1071.0,11.85,5.7,,YAMUNA,2022-06-30
2022,1499,"RIVER YAMUNA AT JUHIKA B/C WITH CHANBAL, ETAWAH, U.P",UTTAR PRADESH,Yamuna,7.75,708.5,8.5,6.65,,YAMUNA,2022-06-30
2022,2283,RIVER YAMUNA AT HAMIRPUR,UTTAR PRADESH,Yamuna,7.475,900.0,4.6,6.449999999999999,,YAMUNA,2022-06-30
2022,1069,"RIVER YAMUNA AT PRAYAGRAJ D/S (BALUA GHAT), U.P.",UTTAR PRADESH,Yamuna,7.9,410.5,2.65,7.65,0.5549999999999999,YAMUNA,2022-06-30
2022,1510,RIVER TONS AT TIUNI (HIMACHAL PRADESH/UTTRA KHAND BORDER),HIMACHAL PRADESH,Yamuna,7.83,527.5,,8.05,1.135,TONS,2022-06-30
2022,30023,RIVER TONS AT HARIPUR (U.K.),UTTARAKHAND,Yamuna,8.3,224.0,1.3,9.05,0.42000000000000004,TONS,2022-06-30
2022,4027,RIVER GIRI D/S RAJGARH TOWN,HIMACHAL PRADESH,Yamuna,7.91,417.0,1.6,7.9,0.755,GIRI,2022-06-30
2022,4028,"RIVER GIRI D/S KALGIDHAR TRUST, BARU SAHIB",HIMACHAL PRADESH,Yamuna,8.02,481.0,1.5499999999999998,7.8,0.775,GIRI,2022-06-30
2022,4427,RIVER GIRI U/S CHAILLA,HIMACHAL PRADESH,Yamuna,7.705,807.0,,7.8,1.365,GIRI,2022-06-30
2022,2621,RIVER GIRI AT D/S YASHWANT NAGAR AFTER CONF. WITH ASHWANI KHAD AT YASHWANT NAGAR- NEAR SHANI MANDIR,HIMACHAL PRADESH,Yamuna,7.92,413.5,8.6,7.75,6.5649999999999995,GIRI,2022-06-30
2022,3876,RIVER GIRI AFTER CONFLUENCE OF ASHWANI RIVER AT VILLAGE MARYOG,HIMACHAL PRADESH,Yamuna,8.01,457.0,3.1,8.2,4.19,GIRI AFTER CONFLUENCE OF ASHWANI RIVER,2022-06-30
2022,2622,RIVER GIRI AT U/S CCI MINES AT VILLAGE NADI,HIMACHAL PRADESH,Yamuna,8.045,694.5,1.4,7.55,0.585,GIRI,2022-06-30
2022,2623,RIVER GIRI D/S SATAUN,HIMACHAL PRADESH,Yamuna,7.965,699.5,1.55,7.75,0.66,GIRI,2022-06-30
2022,3877,RIVER GIRI U/S LWSS AT SAINJ,HIMACHAL PRADESH,Yamuna,7.755000000000001,830.5,,7.65,1.595,GIRI,2022-06-30
2022,3878,RIVER GIRI D/S LWSS AT SAINJ,HIMACHAL PRADESH,Yamuna,7.77,830.5,,7.7,2.9450000000000003,GIRI,2022-06-30
2022,3860,"RIVER GIRI D/S CEMENT CORPORATION OF INDIA, RAJBAN AT BANGRAN BRIDGE",HIMACHAL PRADESH,Yamuna,7.88,638.5,1.4500000000000002,7.7,0.615,GIRI,2022-06-30
2022,2619,RIVER PABBAR D/S SWARAKUDDU,HIMACHAL PRADESH,Yamuna,7.84,535.5,,8.0,0.74,PABBAR,2022-06-30
2022,30000,"RIVER PILKHAR AT RAMPUR, BHOT(U.P)",UTTAR PRADESH,Yamuna,7.835,680.0,6.5,6.0,0.46499999999999997,PILKHAR,2022-06-30
2022,10102,RIVER HINDON AT MOHAN NAGAR U/S,UTTAR PRADESH,Yamuna,7.35,1106.0,17.5,0.85,,HINDON,2022-06-30
2022,10103,RIVER HINDON AT MOHAN NAGAR D/S,UTTAR PRADESH,Yamuna,7.495,1123.5,23.5,2.25,0.46,HINDON,2022-06-30
2022,10106,RIVER HINDON AT GHAZIABAD U/S,UTTAR PRADESH,Yamuna,7.425000000000001,739.0,21.5,1.3499999999999999,0.43000000000000005,HINDON,2022-06-30
2022,10100,RIVER HINDON AT BARNAWA U/S,UTTAR PRADESH,Yamuna,7.550000000000001,940.0,54.0,0.3,25.3,HINDON,2022-06-30
2022,10101,RIVER HINDON AT BARNAWA D/S,UTTAR PRADESH,Yamuna,7.45,850.0,51.0,0.3,23.5,HINDON,2022-06-30
2022,1483,"RIVER HINDON AFTER CONFL. WITH R. KRISHNA & KALI NEAR BINAULI TOWN, PURA MAHADEV, MEERUT, U.P.",UTTAR PRADESH,Yamuna,7.550000000000001,900.0,58.0,0.3,26.0,KALI,2022-06-30
2022,2496,"RIVER HINDON AT SARDHANA BUDHANA ROAD, VILLAGE BAPARSI, MEERUT",UTTAR PRADESH,Yamuna,7.55,930.0,55.0,0.3,26.3,HINDON,2022-06-30
2022,1358,"RIVER HINDON AT GHAZIABAD D/S KULESHRA GB NAGAR, U.P.",UTTAR PRADESH,Yamuna,7.550000000000001,1073.5,39.0,0.3,,HINDON,2022-06-30
2022,4606,RIVER KEN NEAR ROAD BRIDGE AT PANNA,MADHYA PRADESH,Yamuna,7.7,267.5,1.6,7.1,0.6900000000000001,KEN,2022-06-30
2022,1356,"RIVER BETWA BEFORE CONF. YAMUNA AT HAMIRPUR, U.P.",UTTAR PRADESH,Yamuna,7.859999999999999,806.0,3.55,6.699999999999999,,YAMUNA,2022-06-30
2022,30079,"RIVER BETWA DOWNSTREAM AT SUKMA-DUKMA DAM, DIST-JHANSI (U.P.)",UTTAR PRADESH,Yamuna,8.145,333.0,2.1,8.7,4.675,BETWA DOWNSTREAM,2022-06-30
2022,1614,"RIVER BETWA NEAR WATER SUPPLY INTAKE WELL , VIDISHA( M.P)",MADHYA PRADESH,Yamuna,7.605,429.5,3.2,8.55,6.66,BETWA,2022-06-30
2022,2107,"RIVER BETWA AT U/S AT MAHUTA GHAT, AGASOD, BINA",MADHYA PRADESH,Yamuna,7.7700000000000005,383.0,1.4500000000000002,6.75,1.29,BETWA,2022-06-30
2022,2108,"RIVER BETWA AT M/S J.P. THERMAL POWER, BINA",MADHYA PRADESH,Yamuna,7.84,391.0,1.5,6.949999999999999,1.2249999999999999,BETWA,2022-06-30
2022,2124,"RIVER BETWA AT CHARANTIRGHAT, VIDISHA",MADHYA PRADESH,Yamuna,8.09,610.0,10.799999999999999,9.3,9.895,BETWA,2022-06-30
2022,2125,RIVER BETWA D/S AFTER MIXING OF RIVER BAIS AT VIDISHA,MADHYA PRADESH,Yamuna,7.675,624.0,9.15,9.4,9.65,BETWA,2022-06-30
2022,3832,RIVER BETWA AT U/S NEAR ROAD BRIDGE ORCHHA,MADHYA PRADESH,Yamuna,7.83,365.5,1.6,7.05,0.42500000000000004,BETWA,2022-06-30
2022,30080,"RIVER BETWA AT KANJIA ROAD BRIDGE, KANJIA DIST.ASHOK NAGAR (M.P.)",MADHYA PRADESH,Yamuna,7.985,392.0,2.45,9.05,1.1099999999999999,BETWA,2022-06-30
2022,2953,"RIVER KALI SINDH AT ANICUT OF M/S CFCL GADEPAN, KOTA, RAJASTHAN",RAJASTHAN,Yamuna,8.22,599.0,1.7000000000000002,4.65,1.725,KALI SINDH,2022-06-30
2022,2956,"RIVER KALI SINDH AT BAROD ROAD BRIDGE, KOTA, RAJASTHAN",RAJASTHAN,Yamuna,8.355,965.0,1.65,4.4,2.34,KALI SINDH,2022-06-30
2022,2951,"RIVER BANAS BISULPUR DAM, TONK, RAJASTHAN",RAJASTHAN,Yamuna,8.325,672.0,1.6,4.95,2.1350000000000002,Yamuna,2022-06-30
2022,2952,"RIVER NEAR NEWTA DAM,JAIPUR,RAJSTHAN",RAJASTHAN,Yamuna,8.395,2479.0,4.35,2.25,4.57,RIVER,2022-06-30
2022,2955,"RIVER CHAMBAL ENTERING IN RAJASTHAN AT GANDHI SAGAR DAM, RAWATBHATA,CHITTORGARH",RAJASTHAN,Yamuna,7.74,506.0,2.35,5.8,2.315,CHAMBAL ENTERING IN RAJASTHAN,2022-06-30
2022,3309,"RIVER CHAMBAL AT TAL VILLAGE NEAR BRIDGE, UJJAIN",MADHYA PRADESH,Yamuna,7.655,1124.5,4.0,7.050000000000001,1.6400000000000001,CHAMBAL,2022-06-30
2022,1365,RIVER CHAMBAL AT NAGDA U/S (WATER INTAKE POINT) M.P.,MADHYA PRADESH,Yamuna,7.85,648.0,1.9,7.4,0.66,CHAMBAL,2022-06-30
2022,1366,"RIVER CHAMBAL AT NAGDA D/S, M.P.",MADHYA PRADESH,Yamuna,7.445,6311.0,20.5,3.6999999999999997,3.13,CHAMBAL,2022-06-30
2022,2954,"RIVER PARVATI BEFORE MEETING CHAMBAL AT KHATOLI, KOTA, RAJASTHAN",RAJASTHAN,Yamuna,8.43,832.0,1.5,4.7,1.79,PARVATI BEFORE MEETING CHAMBAL,2022-06-30
2022,1432,"RIVER PARVATI NEAR VILLAGE BATAODAPAR, M.P.",MADHYA PRADESH,Yamuna,7.51,419.0,2.0,7.35,0.86,PARVATI,2022-06-30
2022,2109,"RIVER PARVATI AT NEEMKHEDI, GUNA",MADHYA PRADESH,Yamuna,7.465,372.0,1.95,7.45,,PARVATI,2022-06-30
2022,2126,"RIVER PARVATI D/S AFTER VINDHYACHAL NALLA AT PILUKHEDI,RAJGARH",MADHYA PRADESH,Yamuna,7.66,489.5,1.95,6.4,15.93,PARVATI,2022-06-30
2022,1367,RIVER KHAN AT KABIT KHEDI (NEAR INDORE) M.P.,MADHYA PRADESH,Yamuna,8.07,1190.5,21.5,2.0,3.425,KHAN,2022-06-30
2022,2110,"RIVER KHAN AT SAKKAR KHADI, INDORE",MADHYA PRADESH,Yamuna,7.925,1188.5,24.0,1.3,3.515,KHAN,2022-06-30
2022,2111,RIVER KHAN AT SANWER,MADHYA PRADESH,Yamuna,7.805,938.5,8.8,4.9,2.44,KHAN,2022-06-30
2022,1369,"RIVER KSHIPRA AT RAMGHAT AT UJJAIN, M.P.",MADHYA PRADESH,Yamuna,7.475,901.5,5.8,6.8,167.16,KSHIPRA,2022-06-30
2022,1370,"RIVER KSHIPRA AT TRIVENISANGAM (1 KM. D/S OF SANGAM), M.P.",MADHYA PRADESH,Yamuna,7.83,688.5,3.2,7.3,1.7999999999999998,KSHIPRA,2022-06-30
2022,1468,"RIVER KSHIPRA AT SIDDHAWAT (D/S) OF UJJAIN., M.P.",MADHYA PRADESH,Yamuna,7.955,1047.5,8.0,6.8999999999999995,2.525,KSHIPRA,2022-06-30
2022,3315,"RIVER KSHIPRA AT GAUGHAT, UJJAIN",MADHYA PRADESH,Yamuna,7.74,715.0,3.0,7.3,1.7249999999999999,KSHIPRA,2022-06-30
2022,3316,"RIVER KSHIPRA AT U/S OF MAHIDPUR CITY, UJJAIN",MADHYA PRADESH,Yamuna,7.585,836.0,2.3,7.25,0.97,KSHIPRA,2022-06-30
2022,3317,"RIVER KSHIPRA AT W/S INTAKE POINT OF DEWAS, UJJAIN",MADHYA PRADESH,Yamuna,7.795,561.5,2.05,7.35,0.78,KSHIPRA,2022-06-30
2022,2724,"RIVER SUSWA AT MATHURAWALA, DEHRADUN",UTTARAKHAND,Yamuna,7.13,484.5,20.5,3.9,0.485,SUSWA,2022-06-30
2022,2734,"RIVER BHELLA U/S OF KASHIPUR,US NAGAR",UTTARAKHAND,Yamuna,7.6,220.5,3.3499999999999996,5.8,0.345,BHELLA,2022-06-30
2022,2735,"RIVER BHELLA D/S OF LOHIYA BRIDGE KASHIPUR,US NAGAR",UTTARAKHAND,Yamuna,7.4,419.5,36.0,2.4,0.345,BHELLA,2022-06-30
2022,30001,"RIVER BAHELA AT BADLI VILLAGE LOHIYA BRIDGE , TANDA (U.P.)",UTTAR PRADESH,Yamuna,7.665000000000001,449.0,11.75,4.8,0.32,BAHELA,2022-06-30
2022,2732,"RIVER DHELLA U/S AT KASHIPUR MORADABAD ROAD BRIDGE,US NAGAR",UTTARAKHAND,Yamuna,7.75,298.5,3.3,5.8,0.355,DHELLA,2022-06-30
2022,2733,"RIVER DHELLA D/S AT THAKURDWARA ALIGANJ ROAD,US NAGAR",UTTARAKHAND,Yamuna,7.3,523.5,21.0,2.35,0.355,DHELLA,2022-06-30
2022,30004,RIVER DHELA AT ADAMPUR,UTTARAKHAND,Yamuna,7.46,784.5,60.9,3.6,0.8200000000000001,DHELA,2022-06-30
2022,2731,"RIVER KOSI AT KASHIPUR BAJPUR ROAD BRIDGE,KASHIPUR,US NAGAR",UTTARAKHAND,Yamuna,7.6,359.0,4.5,6.4,0.39,KOSI,2022-06-30
2022,30002,"RIVER KOSI AT DADIYAL BRIDGE, UTTRAKHAND",UTTARAKHAND,Yamuna,7.775,492.0,6.6,7.5,0.42000000000000004,KOSI,2022-06-30
2022,2728,RIVER GOLA AT HALDWANI,UTTARAKHAND,Yamuna,7.705,235.0,2.1,8.6,0.35,GOLA,2022-06-30
2022,2729,RIVER KICHHA AT KICHHA U.S. NAGAR,UTTARAKHAND,Yamuna,7.5,595.5,9.6,5.449999999999999,0.36,KICHHA,2022-06-30
2022,30003,RIVER KICCHA AT PULL BHATTA,UTTARAKHAND,Yamuna,7.87,653.0,8.4,6.300000000000001,0.44000000000000006,KICCHA,2022-06-30
2022,2730,"RIVER PILKHAR AT BILASPUR, RAMPUR,US NAGAR",UTTARAKHAND,Yamuna,7.35,551.0,8.0,4.75,0.355,PILKHAR,2022-06-30
2022,2736,"RIVER NANDOUR U/S AT SITARGANJ INDUSTRIAL AREA, US NAGAR",UTTARAKHAND,Yamuna,7.800000000000001,273.5,3.2,6.65,0.355,NANDOUR,2022-06-30
2022,2737,"RIVER NANDOUR D/S AT SITARGANJ INDUSTRIAL AREA, US NAGAR",UTTARAKHAND,Yamuna,7.550000000000001,299.0,4.0,5.6,0.35,NANDOUR,2022-06-30
2022,3439,"RIVER KALYANI D/S OF PANTNAGAR INDUSTRIAL AREA, US NAGAR",UTTARAKHAND,Yamuna,7.25,715.5,26.5,1.9,0.355,KALYANI,2022-06-30
2022,3438,"RIVER KALYANI U/S OF PANTNAGAR INDUSRIAL AREA, US NAGAR",UTTARAKHAND,Yamuna,7.5,429.5,7.0,4.3,0.35,KALYANI,2022-06-30
2022,4473,RIVER GIRI D/S PROPOSED SITE OF RENUKA DAM,HIMACHAL PRADESH,Yamuna,8.0,479.0,1.7999999999999998,7.800000000000001,0.765,GIRI,2022-06-30
2022,1064,"RIVER RAMGANGA AT KANNAUJ (BEFORE CONF.), U.P",UTTAR PRADESH,Yamuna,8.265,369.0,4.95,8.35,0.9,RAMGANGA,2022-06-30
2022,30078,"RIVER RAMGANGA AT KALAGARHBARRAGE,KALAGARH,DIST,PAUDHIGADHWAL (U.K.)",UTTARAKHAND,Yamuna,7.5649999999999995,300.5,4.2,8.2,0.365,RAMGANGA,2022-06-30
2022,30077,"RIVER RAMGANGA AT ROAD BRIDGE SHERKOT, DIST.BIJNAUR (U.P.)",UTTAR PRADESH,Yamuna,7.485,467.5,5.5,8.0,0.66,RAMGANGA,2022-06-30
2022,2497,"RIVER KALI EAST AT KHARKHODA-PARIKSHIT GARH ROAD, VILL. KOL, MEERUT",UTTAR PRADESH,Yamuna,7.55,860.0,57.0,0.3,24.0,KALI EAST,2022-06-30
2022,1477,RIVER KALINADI AT U/S OF MUZAFFAR NAGAR U.P.,UTTAR PRADESH,Yamuna,7.4,335.0,15.0,2.5,,KALINADI,2022-06-30
2022,1478,"RIVER KALINADI AT D/S OF MUZAFFAR NAGAR, U.P.",UTTAR PRADESH,Yamuna,7.15,680.0,33.5,0.0,,KALINADI,2022-06-30
2022,1480,"RIVER KALINADI AT U/S OF GULAOTHI TOWN IN BULANDSAHAR, U.P.",UTTAR PRADESH,Yamuna,7.695,405.5,52.0,0.0,,KALINADI,2022-06-30
2022,1065,"RIVER KALINADI NEAR GUMATIYA VILLAGE ,KANNAUJ (BEFORE CONF.), U.P",UTTAR PRADESH,Yamuna,7.779999999999999,417.0,4.9,6.5,,KALINADI,2022-06-30
2022,30037,RIVER BANGANGA AT U/S IDRISHPUR (U.K.),UTTARAKHAND,Yamuna,7.515000000000001,867.0,52.4,6.15,0.8200000000000001,BANGANGA,2022-06-30
2022,30038,RIVER BANGANGA AT D/S SHUKRATAL (BEFORE CONFLUENCE OF LAKSAR DRAIN ),UTTAR PRADESH,Yamuna,7.745,457.0,4.05,7.15,0.9950000000000001,BANGANGA,2022-06-30
2022,2502,"SHUKRA TAL GHAT (CONFLUENCE OF BAANGANGA AND SALONI RIVER), MUZAFFARNAGAR,",UTTAR PRADESH,Yamuna,8.05,216.0,1.9,7.5,,Yamuna,2022-06-30
2022,2482,"RIVER VARUNA AT RAMESHWAR, VARANASI",UTTAR PRADESH,Yamuna,8.325,416.0,3.1,7.6,1.08,VARUNA,2022-06-30
2022,2483,RIVER VARUNA B/C WITH GANGA AT VARANASI,UTTAR PRADESH,Yamuna,7.675000000000001,738.0,11.100000000000001,5.75,2.27,VARUNA B/C WITH GANGA,2022-06-30
2022,1361,"RIVER SAI AT UNNAO AFTER DRAIN OUTFALL, U.P.",UTTAR PRADESH,Yamuna,8.08,2607.5,3.35,6.5,1.06,SAI,2022-06-30
2022,2484,"RIVER SAI AT JALALPUR, JAUNPUR UTTAR PRADESH",nan,Yamuna,8.295,407.0,2.95,7.95,1.13,SAI,2022-06-30
2022,1350,"RIVER GOMTI AT SITAPUR U/S DADNAMAU GHAT, U.P.",UTTAR PRADESH,Yamuna,8.17,350.0,2.3,9.25,,GOMTI,2022-06-30
2022,1351,"RIVER GOMTI AT LUCKNOW U/S AT WATER INTAKE POINT, U.P.",UTTAR PRADESH,Yamuna,7.834999999999999,387.0,3.5,7.15,1.37,GOMTI,2022-06-30
2022,1352,"RIVER GOMTI AT LUCKNOW D/S PIPRAGHAT , U.P.",UTTAR PRADESH,Yamuna,7.345000000000001,573.5,12.7,1.5,2.08,GOMTI,2022-06-30
2022,10097,RIVER GOMTI AT JAUNPUR U/S,UTTAR PRADESH,Yamuna,8.325,409.0,2.85,8.05,1.085,GOMTI,2022-06-30
2022,1353,"RIVER GOMTI AT JAUNPUR D/S, U.P.",UTTAR PRADESH,Yamuna,8.425,430.0,3.95,7.2,1.2650000000000001,GOMTI,2022-06-30
2022,1072,"RIVER GOMTI AT VARANASI, RAJWARI U.P",UTTAR PRADESH,Yamuna,8.36,425.0,3.5,7.5,1.23,GOMTI,2022-06-30
2022,10083,RIVER GOMTI AT NEEMSAR U/S,UTTAR PRADESH,Yamuna,8.15,357.5,2.45,8.9,,GOMTI,2022-06-30
2022,10084,RIVER GOMTI AT NEEMSAR D/S,UTTAR PRADESH,Yamuna,8.1,2438.5,2.65,8.65,1.67,GOMTI,2022-06-30
2022,10085,RIVER GOMTI AT BHATPUR U/S,UTTAR PRADESH,Yamuna,8.08,2410.0,2.75,8.55,1.175,GOMTI,2022-06-30
2022,10086,RIVER GOMTI AT BHATPUR D/S,UTTAR PRADESH,Yamuna,8.03,396.0,3.0,8.149999999999999,1.31,GOMTI,2022-06-30
2022,10087,RIVER GOMTI AT GAUGHAT U/S,UTTAR PRADESH,Yamuna,7.845000000000001,2515.5,3.5,7.15,1.26,GOMTI,2022-06-30
2022,10088,RIVER GOMTI AT GAUGHAT D/S,UTTAR PRADESH,Yamuna,7.805,2087.0,3.65,7.1,1.5299999999999998,GOMTI,2022-06-30
2022,10089,RIVER GOMTI AT MOHMEAK U/S,UTTAR PRADESH,Yamuna,7.515000000000001,514.0,8.85,2.8,,GOMTI,2022-06-30
2022,10090,RIVER GOMTI AT MOHMEAK D/S,UTTAR PRADESH,Yamuna,7.85,527.5,9.7,2.35,,GOMTI,2022-06-30
2022,10091,RIVER GOMTI AT PIPRAGHAT U/S,UTTAR PRADESH,Yamuna,7.335,561.0,12.0,1.9,1.95,GOMTI,2022-06-30
2022,10092,RIVER GOMTI AT PIPRAGHAT D/S,UTTAR PRADESH,Yamuna,7.29,573.0,12.6,1.7000000000000002,2.11,GOMTI,2022-06-30
2022,10093,RIVER GOMTI AT GANGAGANJ U/S UTTAR PRADESH,nan,Yamuna,7.484999999999999,3565.0,5.75,3.9000000000000004,1.3900000000000001,GOMTI,2022-06-30
2022,10094,RIVER GOMTI AT GANGAGANJ D/S UTTAR PRADESH,nan,Yamuna,7.699999999999999,1640.5,5.35,4.4,1.5,GOMTI,2022-06-30
2022,1363,"RIVER RAPTI AFTER CONFL. OF R. HONIN NR. DOMINGARH RLY BRIDGE, GORAKHPUR, U.P.",UTTAR PRADESH,Yamuna,7.779999999999999,15436.0,5.4,7.75,,HONIN,2022-06-30
2022,2491,"RIVER RAPTI AT RAJGHAT, GORAKHPUR",UTTAR PRADESH,Yamuna,7.67,392.0,6.05,7.25,,RAPTI,2022-06-30
2022,1354,"RIVER SARYU AT AYODHYA AT MAIN BATHING GHAT, U.P.",UTTAR PRADESH,Yamuna,7.84,2564.5,3.65,8.75,0.84,SARYU,2022-06-30
2022,1357,"RIVER HINDON AT SAHARANPUR D/S, AT MAHESHPUR .DEOBAND U.P.",UTTAR PRADESH,Yamuna,7.1,760.0,42.0,,,HINDON,2022-06-30
2022,2492,"RIVER GHAGHRA AT BARHALGANJ, GORAKHPUR",UTTAR PRADESH,Yamuna,7.4399999999999995,2087.0,6.199999999999999,7.699999999999999,0.32,GHAGHRA,2022-06-30
2022,1076,"RIVER GHAGHARA NEAR CHAPRA, RIVILGANJ, MANJHI, SARAN",BIHAR,Yamuna,7.82,287.5,1.85,8.05,,GHAGHARA,2022-06-30
2022,1355,"RIVER GHAGHARA AT TURTIPAR,DEORIA D/S, U.P.",UTTAR PRADESH,Yamuna,7.74,1896.0,3.4,7.699999999999999,,GHAGHARA,2022-06-30
2022,1075,"RIVER SONE AT KOILWAR, NEAR MANDIR, BHOJPUR",BIHAR,Yamuna,7.795,298.5,1.65,8.7,,SONE,2022-06-30
2022,3121,"RIVER SONE AT BANJARI NEAR BANJARI NEAR SUN TEMPLE KALYANPUR, ROHTAS",BIHAR,Yamuna,7.82,200.5,1.7,7.55,,SONE,2022-06-30
2022,3127,"RIVER SONE AT BAHIYARA, BHOJPUR",BIHAR,Yamuna,7.68,190.5,1.5,8.95,,SONE,2022-06-30
2022,3128,"RIVER SONE AT NASIRIGANJ DAM, ROHTAS",BIHAR,Yamuna,7.8950000000000005,214.5,1.9,7.95,,SONE,2022-06-30
2022,2556,"RIVER SONE AT INDRAPURI DAM, DEHRI ON SONE, ROHTAS",BIHAR,Yamuna,7.875,193.0,1.55,7.5,,SONE,2022-06-30
2022,4913,RIVER SONE AT ARWAL NEAR BALUGHAT (SAHAR),BIHAR,Yamuna,7.5649999999999995,183.0,1.75,7.300000000000001,,SONE,2022-06-30
2022,4407,"RIVER SONE AT WATER INTAKE POINT BHARTIYA RAIL BIJALI CO. LTD (BRBCL) NAVINAGAR, AURANGABAD",BIHAR,Yamuna,7.825,167.0,1.7,7.6499999999999995,,SONE,2022-06-30
2022,4298,"RIVER SONE AT ROAD BRIDGE-DEHRI-ON-SONE, ROHTAS",BIHAR,Yamuna,7.635,295.5,1.6500000000000001,7.8,,SONE,2022-06-30
2022,3329,"RIVER SONE AT CHURHAT,DISTT.SIDHI",MADHYA PRADESH,Yamuna,7.495,350.0,1.45,7.3,0.565,SONE,2022-06-30
2022,1143,"RIVER TONS AT CHAKGHAT, M.P.",MADHYA PRADESH,Yamuna,7.455,315.0,1.5499999999999998,7.25,0.64,TONS,2022-06-30
2022,3853,"RIVER TONS AT BASAMAN MAMA TEMPLE, NEAR PURWA FALL, TEHSIL- SEMARIYA, DIST- REWA",MADHYA PRADESH,Yamuna,7.54,440.5,1.6,7.0,0.535,TONS,2022-06-30
2022,1078,RIVER GANDAK AT SONEPUR NEAR HARIHARNATH TEMPLE,BIHAR,Yamuna,7.795,240.5,1.95,8.05,,GANDAK,2022-06-30
2022,2568,"RIVER GANDAK AT REWAGHAT, MUZAFFARPUR",BIHAR,Yamuna,7.555,246.5,1.65,7.800000000000001,,GANDAK,2022-06-30
2022,3125,RIVER GANDAK GOPALGANJ PIPRAKOTHI ROAD BRIDGE (DUMARIA GHAT),BIHAR,Yamuna,7.6899999999999995,241.5,1.7000000000000002,7.9,,Yamuna,2022-06-30
2022,10126,"RIVER GANDAK AT KONHARA GHAT, OPPOSITE HARIHARNATH MANDIR,SONEPUR",BIHAR,Yamuna,7.7299999999999995,235.0,1.85,7.9,,GANDAK,2022-06-30
2022,10163,"RIVER GANDAK AT ROAD BRIDGE, U/S HAJIPUR, VAISHALI (BORDER OF SARAN & VAISHALI)",BIHAR,Yamuna,7.795,237.5,1.5499999999999998,8.5,,GANDAK,2022-06-30
2022,2575,"RIVER SIKRAHNA AT LAL PARSA, BETIAH, EAST CHAMPARAN",BIHAR,Yamuna,7.42,562.5,2.6,6.5,,SIKRAHNA,2022-06-30
2022,1820,"RIVER SIKRAHNA AT CHANPATIYA, NEAR CHANPATIYA ROAD BRIDGE, WEST CHAMPARAN",BIHAR,Yamuna,7.43,354.5,2.15,5.199999999999999,,SIKRAHNA,2022-06-30
2022,3134,"RIVER SIKRAHNA AT LAURIA, HARINAGAR ROAD BRIDGE",BIHAR,Yamuna,7.450000000000001,378.0,2.2,7.0,,SIKRAHNA,2022-06-30
2022,4291,"RIVER SIKRAHNA LAURIA-NARKATIAGANJ ROAD BRIDGE, WEST CHAMPARAN",BIHAR,Yamuna,7.35,365.5,2.55,4.9,,Yamuna,2022-06-30
2022,2570,"RIVER BURHI GANDAK NEAR MAGARDAHI GHAT AT SAMASTIPUR ROAD BRIDGE, SAMASTIPUR",BIHAR,Yamuna,7.67,359.5,1.85,8.35,,BURHI GANDAK,2022-06-30
2022,3124,RIVER BURHI GANDAK U/S ROAD BRIDGE NH NEAR ZERO MILE MUZAFFARPUR,BIHAR,Yamuna,7.54,552.0,1.75,8.45,,BURHI GANDAK,2022-06-30
2022,2562,"RIVER BURHI GANDAK AT AKHARAGHAT, MUZAFFARPUR",BIHAR,Yamuna,7.78,333.5,2.0,7.9,,BURHI GANDAK,2022-06-30
2022,4403,"RIVER BURHI GANDAK AT BARACHAKIA, EAST CHAMPARAN",BIHAR,Yamuna,7.495,324.0,1.7,7.95,,BURHI GANDAK,2022-06-30
2022,4300,"RIVER BURHI GANDAK AT LAL BAGLA GHAT, MOTIHARI DHAKA ROAD, EAST CHAMPARAN",BIHAR,Yamuna,7.505,290.5,1.8499999999999999,8.2,,BURHI GANDAK,2022-06-30
2022,4295,"RIVER BURHI GANDAK AT KHAGARIA ROAD BRIDGE BEFORE CONFLUENCE WITH GANGA , KHAGARIA",BIHAR,Yamuna,7.8,354.5,1.7,8.0,,BURHI GANDAK,2022-06-30
2022,3126,"RIVER HARBORA,U/S AT NARKATIAGANJ, WEST CHAMPARAN",BIHAR,Yamuna,7.56,391.0,1.7000000000000002,8.55,,Yamuna,2022-06-30
2022,2558,"RIVER HARBORA D/S AT NARKATIAGANJ, WEST CHAMPARAN",BIHAR,Yamuna,7.43,325.5,1.9,7.949999999999999,,HARBORA,2022-06-30
2022,2567,RIVER KAMALA AT BENIPATTI (MADHUBANI),BIHAR,Yamuna,7.62,338.5,1.85,8.2,,KAMALA,2022-06-30
2022,2569,"RIVER KAMALA AT GAUSAGHAT, DARBHANGA",BIHAR,Yamuna,7.664999999999999,454.5,2.35,7.05,,KAMALA,2022-06-30
2022,3133,"RIVER KAMALA AT KAMALA GHAT NEAR BARRAGE ATJAYNAGAR , MADHUBANI",BIHAR,Yamuna,7.930000000000001,299.5,1.7000000000000002,9.0,,KAMALA,2022-06-30
2022,4299,"RIVER KAMALA (BIHAR) AT JEEWACH GHAT, DARBHANGA",BIHAR,Yamuna,7.585000000000001,346.5,2.35,7.5,,Yamuna,2022-06-30
2022,2565,RIVER KOSHI AT KURSHELA AT KATIHAR,BIHAR,Yamuna,7.82,193.5,1.9500000000000002,8.3,,KOSHI,2022-06-30
2022,2566,RIVER KOSHI AT MADHEPURA,BIHAR,Yamuna,7.495,213.0,1.8,7.7,,KOSHI,2022-06-30
2022,3137,"RIVER KOSHI AT BEERPUR, SUPAUL",BIHAR,Yamuna,7.79,181.0,1.8,9.1,,KOSHI,2022-06-30
2022,1821,RIVER DAHA U/S RAJENDRA ROAD BRIDGE AT SIWAN,BIHAR,Yamuna,7.685,423.5,3.55,5.05,,DAHA,2022-06-30
2022,4397,"RIVER DAHA D/S AT RENUA, SIWAN",BIHAR,Yamuna,7.529999999999999,505.0,3.7,3.9499999999999997,,DAHA,2022-06-30
2022,2560,"RIVER DAHA D/S AT SASAMUSA, GOPALGANJ",BIHAR,Yamuna,7.785,430.0,2.1,7.55,,DAHA,2022-06-30
2022,2561,"RIVER DAHA AT ITWA BRIDGE, GOPALGANJ",BIHAR,Yamuna,7.824999999999999,413.0,2.35,7.3,,DAHA,2022-06-30
2022,3129,"RIVER DAHA AT MEERGANJ NEAR BADARJHIMMI BAZAR, GOPALGANJ",BIHAR,Yamuna,7.625,378.0,2.35,6.7,,DAHA,2022-06-30
2022,4292,"RIVER DAHA U/S SASAMUSA, GOPALGANJ",BIHAR,Yamuna,7.74,418.5,1.85,7.65,,DAHA,2022-06-30
2022,1823,"RIVER DHOS AT SAHARGHAT, MADHUBANI",BIHAR,Yamuna,7.625,236.0,2.2,7.35,,DHOS,2022-06-30
2022,4405,"RIVER DHOS AT MADHWAPUR, MADHUBANI",BIHAR,Yamuna,7.575,389.0,1.7999999999999998,7.5,,DHOS,2022-06-30
2022,2559,"RIVER RAMREKHA AT HARINAGAR, WEST CHAMPARAN",BIHAR,Yamuna,7.0600000000000005,460.5,7.5,3.3,,RAMREKHA,2022-06-30
2022,3130,"RIVER RAMREKHA AT U/S HARINAGAR, WEST CHAMPARAN",BIHAR,Yamuna,7.08,327.0,4.95,3.1,,RAMREKHA,2022-06-30
2022,1822,"RIVER SIRSIYA AT RAXAUL,BIRGANJ CHECK POST ROAD BRIDGE EAST CHAMPARAN",BIHAR,Yamuna,7.154999999999999,532.5,10.0,1.3,,SIRSIYA,2022-06-30
2022,3136,"RIVER SIRSIYA D/S RAXAUL (KOERIA TOLA), EAST CHAMPARAN",BIHAR,Yamuna,7.18,543.5,8.0,0.0,,SIRSIYA,2022-06-30
2022,3132,"RIVER BAGMATI AT MUZAFFARPUR- SITAMARHI ROAD BRIDGE, SITAMARHI",BIHAR,Yamuna,7.949999999999999,267.0,2.1,7.65,,BAGMATI,2022-06-30
2022,3135,"RIVER BAGMATI AT DARBHANGA, SAMASTIPUR ROAD BRIDGE, DARBHANGA",BIHAR,Yamuna,7.755,290.5,1.85,8.3,,BAGMATI,2022-06-30
2022,3131,"RIVER MANUSMAR U/S (RIGA), SITAMARHI",BIHAR,Yamuna,7.83,351.5,1.9,8.3,,MANUSMAR,2022-06-30
2022,2563,"RIVER MANUSMAR AT RIGA, UPHRAULIA, SITAMARHI",BIHAR,Yamuna,8.725,355.0,1.85,8.1,,MANUSMAR,2022-06-30
2022,4402,"RIVER MANUSMAR AT PARSHURAMPUR, RIGA - BELSAND ROAD, SITAMARHI",BIHAR,Yamuna,7.76,390.5,2.05,7.6,,MANUSMAR,2022-06-30
2022,2555,"RIVER PUNPUN NEAR PATNA FATUHA ROAD BRIDGE, FATUHA",BIHAR,Yamuna,7.635,525.5,4.1,4.15,,PUNPUN,2022-06-30
2022,3119,"RIVER UNPUN NEAR PUNPUN ROAD BRIDGE, PUNPUN",BIHAR,Yamuna,7.949999999999999,305.5,2.15,7.75,,UNPUN,2022-06-30
2022,3120,"RIVER PUNPUN AT KINJAR ROAD BRIDGE, JEHANABAD-ARWAL BORDER , JEHANABAD",BIHAR,Yamuna,8.049999999999999,312.0,2.35,8.25,,PUNPUN,2022-06-30
2022,4406,"RIVER PUNPUN AT OBRA, AURANGABAD",BIHAR,Yamuna,7.8,342.5,2.55,10.55,,PUNPUN,2022-06-30
2022,4293,"RIVER KOHRA U/S RAJ GHAT, MAJHAULIA, WEST CHAMPARAN",BIHAR,Yamuna,7.625,351.5,2.3,7.35,,KOHRA,2022-06-30
2022,4294,"RIVER KOHRA D/S NEAR RAILWAY BRIDGE, MAJHAULIA, WEST CHAMPARAN",BIHAR,Yamuna,7.23,354.5,3.35,6.45,,KOHRA,2022-06-30
2022,4399,"RIVER HARHA AT BAGHA, LAURIYA ROAD BRIDGE",BIHAR,Yamuna,7.515,269.5,2.1,5.4,,HARHA,2022-06-30
2022,4400,RIVER LAKHANDEI U/S SITAMARHI AT MEHANDI NAGAR,BIHAR,Yamuna,7.5600000000000005,453.5,2.75,7.3999999999999995,,LAKHANDEI,2022-06-30
2022,4401,RIVER LAKHANDEI D/S SITAMARHI AT PARORI ROAD BRIDGE,BIHAR,Yamuna,7.465,440.5,3.45,3.95,,LAKHANDEI,2022-06-30
2022,4404,"RIVER GANGI AT ARA, D/S",BIHAR,Yamuna,7.470000000000001,416.5,4.5,4.1,,GANGI,2022-06-30
2022,1824,"RIVER PARMAR AT JOGBANI, ARARIA",BIHAR,Yamuna,7.66,244.0,2.25,7.8,,PARMAR,2022-06-30
2022,2572,"RIVER MAHANANDA AT THAKURGANJ, KISHANGANJ ROAD BRIDGE, KISHANGANJ",BIHAR,Yamuna,7.69,293.5,2.05,7.6,,MAHANANDA,2022-06-30
2022,2117,"RIVER BICHIA,GOVINDGARH ROAD BRIDGE ,NEAR INTAKE POINT,REWA",MADHYA PRADESH,"Tributary Streams - Bichia, Sankh, Sone, Tons, Mandakini, Beehar, Betwa, Kaliasot, Bansagar Canal, Basli, Kariyari, Newaj, Chamla, Choupan, Jamuni, Bebus, Parvati, Gopad, Johila And Sindh",7.66,483.0,2.2,6.95,0.665,"Bichia, Sankh, Sone, Tons, Mandakini, Beehar, Betwa, Kaliasot, Bansagar Canal, Basli, Kariyari, Newaj, Chamla, Choupan, Jamuni, Bebus, Parvati, Gopad, Johila And Sindh",2022-06-30
2022,1433,"RIVER SANKH AT TIGRA RESERVOIR, M.P.",MADHYA PRADESH,"Tributary Streams - Bichia, Sankh, Sone, Tons, Mandakini, Beehar, Betwa, Kaliasot, Bansagar Canal, Basli, Kariyari, Newaj, Chamla, Choupan, Jamuni, Bebus, Parvati, Gopad, Johila And Sindh",7.545,808.5,2.0,6.75,1.12,SANKH,2022-06-30
2022,1610,"RIVER SONE AT ORIGIN AMARKANTAK, M.P",MADHYA PRADESH,"Tributary Streams - Bichia, Sankh, Sone, Tons, Mandakini, Beehar, Betwa, Kaliasot, Bansagar Canal, Basli, Kariyari, Newaj, Chamla, Choupan, Jamuni, Bebus, Parvati, Gopad, Johila And Sindh",7.13,225.0,1.1,8.1,0.32,SONE,2022-06-30
2022,1142,"RIVER SONE AT CHACHAI, M.P.",MADHYA PRADESH,"Tributary Streams - Bichia, Sankh, Sone, Tons, Mandakini, Beehar, Betwa, Kaliasot, Bansagar Canal, Basli, Kariyari, Newaj, Chamla, Choupan, Jamuni, Bebus, Parvati, Gopad, Johila And Sindh",8.04,1738.5,1.4,8.5,0.38,SONE,2022-06-30
2022,1371,"RIVER SONE AT AMLAI, M.P.",MADHYA PRADESH,"Tributary Streams - Bichia, Sankh, Sone, Tons, Mandakini, Beehar, Betwa, Kaliasot, Bansagar Canal, Basli, Kariyari, Newaj, Chamla, Choupan, Jamuni, Bebus, Parvati, Gopad, Johila And Sindh",8.21,1774.0,1.25,7.5,0.37,SONE,2022-06-30
2022,1612,"RIVER SONE AT DEVLOAD OUT LET OF BANSAGAR DAM, M.P",MADHYA PRADESH,"Tributary Streams - Bichia, Sankh, Sone, Tons, Mandakini, Beehar, Betwa, Kaliasot, Bansagar Canal, Basli, Kariyari, Newaj, Chamla, Choupan, Jamuni, Bebus, Parvati, Gopad, Johila And Sindh",7.49,322.0,1.4,7.5,0.38,SONE,2022-06-30
2022,3327,"RIVER SONE AT BHATURAGHAT NEAR ROAD BRIDGE, AMLAI",MADHYA PRADESH,"Tributary Streams - Bichia, Sankh, Sone, Tons, Mandakini, Beehar, Betwa, Kaliasot, Bansagar Canal, Basli, Kariyari, Newaj, Chamla, Choupan, Jamuni, Bebus, Parvati, Gopad, Johila And Sindh",8.11,364.5,1.65,7.25,0.52,SONE,2022-06-30
2022,1144,"RIVER TONS AT MADHAVGARH, M.P.",MADHYA PRADESH,"Tributary Streams - Bichia, Sankh, Sone, Tons, Mandakini, Beehar, Betwa, Kaliasot, Bansagar Canal, Basli, Kariyari, Newaj, Chamla, Choupan, Jamuni, Bebus, Parvati, Gopad, Johila And Sindh",7.85,35709.5,2.7,7.3,0.32,TONS,2022-06-30
2022,3328,"RIVER TONS AT MADHAVGARH, NEAR PHED W/S INTAKE POINT, SATNA",MADHYA PRADESH,"Tributary Streams - Bichia, Sankh, Sone, Tons, Mandakini, Beehar, Betwa, Kaliasot, Bansagar Canal, Basli, Kariyari, Newaj, Chamla, Choupan, Jamuni, Bebus, Parvati, Gopad, Johila And Sindh",7.9,18397.5,2.85,6.5,0.32,TONS,2022-06-30
2022,4609,"RIVER TONS AT M.P-U.P BOUNDARY, BEFORE MIXING RIVER BELAN CHAKGHAT REWA",MADHYA PRADESH,"Tributary Streams - Bichia, Sankh, Sone, Tons, Mandakini, Beehar, Betwa, Kaliasot, Bansagar Canal, Basli, Kariyari, Newaj, Chamla, Choupan, Jamuni, Bebus, Parvati, Gopad, Johila And Sindh",7.605,338.5,1.4500000000000002,7.5,0.545,TONS,2022-06-30
2022,1372,"RIVER MANDAKINI AT CHITRAKUT, M.P.",MADHYA PRADESH,"Tributary Streams - Bichia, Sankh, Sone, Tons, Mandakini, Beehar, Betwa, Kaliasot, Bansagar Canal, Basli, Kariyari, Newaj, Chamla, Choupan, Jamuni, Bebus, Parvati, Gopad, Johila And Sindh",7.5,28684.0,3.2,6.0,0.32,MANDAKINI,2022-06-30
2022,2116,RIVER BEEHAR D/S NEAR FOREST OFFICE,MADHYA PRADESH,"Tributary Streams - Bichia, Sankh, Sone, Tons, Mandakini, Beehar, Betwa, Kaliasot, Bansagar Canal, Basli, Kariyari, Newaj, Chamla, Choupan, Jamuni, Bebus, Parvati, Gopad, Johila And Sindh",7.550000000000001,342.0,1.5499999999999998,7.3,0.615,BEEHAR,2022-06-30
2022,2119,"RIVER BETWA AT NAYAPUR D/S MANDIDEEP INDL. AREA NO.1,DIST.RAISEN",MADHYA PRADESH,"Tributary Streams - Bichia, Sankh, Sone, Tons, Mandakini, Beehar, Betwa, Kaliasot, Bansagar Canal, Basli, Kariyari, Newaj, Chamla, Choupan, Jamuni, Bebus, Parvati, Gopad, Johila And Sindh",7.605,666.5,3.4,5.1,4.615,BETWA,2022-06-30
2022,2120,"RIVER KALIASOT NEAR ROAD BRIDGE, MANDIDEEP",MADHYA PRADESH,"Tributary Streams - Bichia, Sankh, Sone, Tons, Mandakini, Beehar, Betwa, Kaliasot, Bansagar Canal, Basli, Kariyari, Newaj, Chamla, Choupan, Jamuni, Bebus, Parvati, Gopad, Johila And Sindh",7.69,388.0,2.55,6.699999999999999,4.949999999999999,KALIASOT,2022-06-30
2022,3852,"BANSAGAR CANAL AT SON RIVER, WATER SAMPLE AT BAGHWAR VILLAGE, NEAR TOL PLAZA, DIST SIDHI",MADHYA PRADESH,"Tributary Streams - Bichia, Sankh, Sone, Tons, Mandakini, Beehar, Betwa, Kaliasot, Bansagar Canal, Basli, Kariyari, Newaj, Chamla, Choupan, Jamuni, Bebus, Parvati, Gopad, Johila And Sindh",7.43,308.0,1.2000000000000002,7.45,0.595,CANAL,2022-06-30
2022,3846,"RIVER SONE AT JARWAHI NEAR ROAD BRIDGE, SHAHDOL",MADHYA PRADESH,"Tributary Streams - Bichia, Sankh, Sone, Tons, Mandakini, Beehar, Betwa, Kaliasot, Bansagar Canal, Basli, Kariyari, Newaj, Chamla, Choupan, Jamuni, Bebus, Parvati, Gopad, Johila And Sindh",7.75,357.0,1.5,7.55,0.33999999999999997,SONE,2022-06-30
2022,30082,"RIVER SONE UPSTREAM TOWARDS DEORA, DIST- SINGRAULI (M. P.)",MADHYA PRADESH,"Tributary Streams - Bichia, Sankh, Sone, Tons, Mandakini, Beehar, Betwa, Kaliasot, Bansagar Canal, Basli, Kariyari, Newaj, Chamla, Choupan, Jamuni, Bebus, Parvati, Gopad, Johila And Sindh",7.6499999999999995,237.5,1.55,7.8999999999999995,0.32,"Bichia, Sankh, Sone, Tons, Mandakini, Beehar, Betwa, Kaliasot, Bansagar Canal, Basli, Kariyari, Newaj, Chamla, Choupan, Jamuni, Bebus, Parvati, Gopad, Johila And Sindh",2022-06-30
2022,3851,"RIVER SONE NEAR BHANVARSEN ROAD BRIDGE AFTER CONFLUENCE OF BANAS RIVER, DIST SIDHI",MADHYA PRADESH,"Tributary Streams - Bichia, Sankh, Sone, Tons, Mandakini, Beehar, Betwa, Kaliasot, Bansagar Canal, Basli, Kariyari, Newaj, Chamla, Choupan, Jamuni, Bebus, Parvati, Gopad, Johila And Sindh",7.385,302.0,1.2000000000000002,7.7,0.585,SONE,2022-06-30
2022,4604,"RIVER RIVER SONE AT VILLAGE- KHAIRPUR,(KUDHERI) M.P- U.P.BOUNDARY, DISTT SIDHI",MADHYA PRADESH,"Tributary Streams - Bichia, Sankh, Sone, Tons, Mandakini, Beehar, Betwa, Kaliasot, Bansagar Canal, Basli, Kariyari, Newaj, Chamla, Choupan, Jamuni, Bebus, Parvati, Gopad, Johila And Sindh",7.699999999999999,361.5,1.35,7.55,0.5449999999999999,RIVER SONE,2022-06-30
2022,30081,"RIVER SONE AT ROAD BRIDGE CHOPAN,DIST-SONEBHADRA (U.P.)",UTTAR PRADESH,"Tributary Streams - Bichia, Sankh, Sone, Tons, Mandakini, Beehar, Betwa, Kaliasot, Bansagar Canal, Basli, Kariyari, Newaj, Chamla, Choupan, Jamuni, Bebus, Parvati, Gopad, Johila And Sindh",7.790000000000001,244.0,1.8,7.75,0.32,SONE,2022-06-30
2022,3836,RIVER SONE ON KACHAN DAM NEAR IMILYA NORTH COAL MINES VILL,MADHYA PRADESH,"Tributary Streams - Bichia, Sankh, Sone, Tons, Mandakini, Beehar, Betwa, Kaliasot, Bansagar Canal, Basli, Kariyari, Newaj, Chamla, Choupan, Jamuni, Bebus, Parvati, Gopad, Johila And Sindh",7.3149999999999995,555.0,1.5,7.199999999999999,0.575,SONE ON KACHAN DAM,2022-06-30
2022,1607,"RIVER BASLI GOHAD DAM, GOHAD, M.P",MADHYA PRADESH,"Tributary Streams - Bichia, Sankh, Sone, Tons, Mandakini, Beehar, Betwa, Kaliasot, Bansagar Canal, Basli, Kariyari, Newaj, Chamla, Choupan, Jamuni, Bebus, Parvati, Gopad, Johila And Sindh",7.5,467.5,2.55,6.35,1.67,"Bichia, Sankh, Sone, Tons, Mandakini, Beehar, Betwa, Kaliasot, Bansagar Canal, Basli, Kariyari, Newaj, Chamla, Choupan, Jamuni, Bebus, Parvati, Gopad, Johila And Sindh",2022-06-30
2022,3313,"RIVER KARIYARI U/S NEAR M/S UTCL BELA CEMENT PLANT,VILL.SONARA , REWA,",MADHYA PRADESH,"Tributary Streams - Bichia, Sankh, Sone, Tons, Mandakini, Beehar, Betwa, Kaliasot, Bansagar Canal, Basli, Kariyari, Newaj, Chamla, Choupan, Jamuni, Bebus, Parvati, Gopad, Johila And Sindh",7.62,511.5,1.6,7.0,0.6000000000000001,KARIYARI,2022-06-30
2022,3314,"RIVER KARIYARI,D/S, NEAR M/S J.P. CEMENT,VILL.NAUBASTA, REWA",MADHYA PRADESH,"Tributary Streams - Bichia, Sankh, Sone, Tons, Mandakini, Beehar, Betwa, Kaliasot, Bansagar Canal, Basli, Kariyari, Newaj, Chamla, Choupan, Jamuni, Bebus, Parvati, Gopad, Johila And Sindh",7.77,530.5,1.65,7.0,0.665,"Bichia, Sankh, Sone, Tons, Mandakini, Beehar, Betwa, Kaliasot, Bansagar Canal, Basli, Kariyari, Newaj, Chamla, Choupan, Jamuni, Bebus, Parvati, Gopad, Johila And Sindh",2022-06-30
2022,3319,"RIVER NEWAJ AT W/S INTAKE POINT, SHUJALPUR, UJJAIN",MADHYA PRADESH,"Tributary Streams - Bichia, Sankh, Sone, Tons, Mandakini, Beehar, Betwa, Kaliasot, Bansagar Canal, Basli, Kariyari, Newaj, Chamla, Choupan, Jamuni, Bebus, Parvati, Gopad, Johila And Sindh",7.65,367.0,1.9000000000000001,7.300000000000001,0.84,NEWAJ,2022-06-30
2022,3320,"RIVER NEWAJ U/S NEAR W/S INTAKE POINT, RAJGARH",MADHYA PRADESH,"Tributary Streams - Bichia, Sankh, Sone, Tons, Mandakini, Beehar, Betwa, Kaliasot, Bansagar Canal, Basli, Kariyari, Newaj, Chamla, Choupan, Jamuni, Bebus, Parvati, Gopad, Johila And Sindh",7.67,358.0,1.5,7.35,1.375,NEWAJ,2022-06-30
2022,3310,"RIVER CHAMLA AT W/S INTAKE POINT BADNAGAR, UJJAIN",MADHYA PRADESH,"Tributary Streams - Bichia, Sankh, Sone, Tons, Mandakini, Beehar, Betwa, Kaliasot, Bansagar Canal, Basli, Kariyari, Newaj, Chamla, Choupan, Jamuni, Bebus, Parvati, Gopad, Johila And Sindh",7.71,578.0,2.0,7.35,0.65,CHAMLA,2022-06-30
2022,3306,"RIVER CHOUPAN U/S AT VIJAYPUR , GUNA",MADHYA PRADESH,"Tributary Streams - Bichia, Sankh, Sone, Tons, Mandakini, Beehar, Betwa, Kaliasot, Bansagar Canal, Basli, Kariyari, Newaj, Chamla, Choupan, Jamuni, Bebus, Parvati, Gopad, Johila And Sindh",7.48,355.0,1.7,7.6499999999999995,0.595,CHOUPAN,2022-06-30
2022,3307,"RIVER CHOUPAN D/S AFTER NFL NALLA, AT VIJAYPUR ,GUNA",MADHYA PRADESH,"Tributary Streams - Bichia, Sankh, Sone, Tons, Mandakini, Beehar, Betwa, Kaliasot, Bansagar Canal, Basli, Kariyari, Newaj, Chamla, Choupan, Jamuni, Bebus, Parvati, Gopad, Johila And Sindh",7.545,366.0,1.8,7.3,0.775,CHOUPAN,2022-06-30
2022,3311,"RIVER JAMUNI AT BARIYAGHAT U/S NEAR INTAKE POINT, TIKAMGARH",MADHYA PRADESH,"Tributary Streams - Bichia, Sankh, Sone, Tons, Mandakini, Beehar, Betwa, Kaliasot, Bansagar Canal, Basli, Kariyari, Newaj, Chamla, Choupan, Jamuni, Bebus, Parvati, Gopad, Johila And Sindh",7.66,392.0,1.75,7.199999999999999,2.39,JAMUNI,2022-06-30
2022,3834,RIVER SONE AT CHITAWAL NEAR ROAD,MADHYA PRADESH,"Tributary Streams - Bichia, Sankh, Sone, Tons, Mandakini, Beehar, Betwa, Kaliasot, Bansagar Canal, Basli, Kariyari, Newaj, Chamla, Choupan, Jamuni, Bebus, Parvati, Gopad, Johila And Sindh",7.775,474.5,1.65,7.449999999999999,0.81,SONE,2022-06-30
2022,2116,RIVER BEEHAR D/S NEAR FOREST OFFICE,MADHYA PRADESH,"Tributary Streams - Bichia, Sankh, Sone, Tons, Mandakini, Beehar, Betwa, Kaliasot, Bansagar Canal, Basli, Kariyari, Newaj, Chamla, Choupan, Jamuni, Bebus, Parvati, Gopad, Johila And Sindh",7.550000000000001,342.0,1.5499999999999998,7.3,0.615,BEEHAR,2022-06-30
2022,2119,"RIVER BETWA AT NAYAPUR D/S MANDIDEEP INDL. AREA NO.1,DIST.RAISEN",MADHYA PRADESH,"Tributary Streams - Bichia, Sankh, Sone, Tons, Mandakini, Beehar, Betwa, Kaliasot, Bansagar Canal, Basli, Kariyari, Newaj, Chamla, Choupan, Jamuni, Bebus, Parvati, Gopad, Johila And Sindh",7.605,666.5,3.4,5.1,4.615,BETWA,2022-06-30
2022,2121,"RIVER BETWA NEAR ROAD BRIDGE, BHOJPUR",MADHYA PRADESH,"Tributary Streams - Bichia, Sankh, Sone, Tons, Mandakini, Beehar, Betwa, Kaliasot, Bansagar Canal, Basli, Kariyari, Newaj, Chamla, Choupan, Jamuni, Bebus, Parvati, Gopad, Johila And Sindh",7.805000000000001,458.0,2.25,7.1,3.98,BETWA,2022-06-30
2022,2122,RIVER BETWA NEAR W/S INTAKE WELL POINT RAISEN,MADHYA PRADESH,"Tributary Streams - Bichia, Sankh, Sone, Tons, Mandakini, Beehar, Betwa, Kaliasot, Bansagar Canal, Basli, Kariyari, Newaj, Chamla, Choupan, Jamuni, Bebus, Parvati, Gopad, Johila And Sindh",8.05,448.0,2.15,7.25,3.585,BETWA,2022-06-30
2022,3833,"RIVER BEBUS AT RAJGHAT DAM, SAGAR",MADHYA PRADESH,"Tributary Streams - Bichia, Sankh, Sone, Tons, Mandakini, Beehar, Betwa, Kaliasot, Bansagar Canal, Basli, Kariyari, Newaj, Chamla, Choupan, Jamuni, Bebus, Parvati, Gopad, Johila And Sindh",7.859999999999999,297.5,1.4500000000000002,6.9,0.45499999999999996,BEBUS,2022-06-30
2022,2120,"RIVER KALIASOT NEAR ROAD BRIDGE, MANDIDEEP",MADHYA PRADESH,"Tributary Streams - Bichia, Sankh, Sone, Tons, Mandakini, Beehar, Betwa, Kaliasot, Bansagar Canal, Basli, Kariyari, Newaj, Chamla, Choupan, Jamuni, Bebus, Parvati, Gopad, Johila And Sindh",7.69,388.0,2.55,6.699999999999999,4.949999999999999,KALIASOT,2022-06-30
2022,1615,"RIVER PARVATI NEAR INTAKE POINT PILLUKHEDI DISTT. RAJGARH, M.P",MADHYA PRADESH,"Tributary Streams - Bichia, Sankh, Sone, Tons, Mandakini, Beehar, Betwa, Kaliasot, Bansagar Canal, Basli, Kariyari, Newaj, Chamla, Choupan, Jamuni, Bebus, Parvati, Gopad, Johila And Sindh",7.605,725.0,1.5,6.9,14.27,PARVATI,2022-06-30
2022,3835,"GOPAD AT NIGARI, SARAI DIST, SINGROULI",MADHYA PRADESH,"Tributary Streams - Bichia, Sankh, Sone, Tons, Mandakini, Beehar, Betwa, Kaliasot, Bansagar Canal, Basli, Kariyari, Newaj, Chamla, Choupan, Jamuni, Bebus, Parvati, Gopad, Johila And Sindh",7.630000000000001,308.5,1.8,7.2,0.855,GOPAD,2022-06-30
2022,1611,"RIVER JOHILA NEAR NAROJABAD NEAR UMARIA ROAD BRIDGE, M.P",MADHYA PRADESH,"Tributary Streams - Bichia, Sankh, Sone, Tons, Mandakini, Beehar, Betwa, Kaliasot, Bansagar Canal, Basli, Kariyari, Newaj, Chamla, Choupan, Jamuni, Bebus, Parvati, Gopad, Johila And Sindh",7.925,1615.5,1.4,7.5,0.38,JOHILA,2022-06-30
2022,1608,"RIVER SINDH AT DABRA, M.P",MADHYA PRADESH,"Tributary Streams - Bichia, Sankh, Sone, Tons, Mandakini, Beehar, Betwa, Kaliasot, Bansagar Canal, Basli, Kariyari, Newaj, Chamla, Choupan, Jamuni, Bebus, Parvati, Gopad, Johila And Sindh",7.55,19172.5,2.4,6.949999999999999,1.525,SINDH,2022-06-30
2022,4085,"RIVER JUMAR AT BIT MESRA, RANCHI",JHARKHAND,"Tributary Streams - Jumar, Ajay, Konar, Garga, Bokaro, Sankh, Barakar, Damodar, Nalkari, Surbarnrekha, Jamunia, Katri, Mathabhanga, Churni, Dwarakeshwar, Jalangi, Rupnarayan, Tarapith, Bindyadhari, Kansi, Mahananda, Silabati, Haldi And Rasulpur",6.55,,2.45,4.25,,JUMAR,2022-06-30
2022,2396,RIVER JUMAR AT KANKE DAM,JHARKHAND,"Tributary Streams - Jumar, Ajay, Konar, Garga, Bokaro, Sankh, Barakar, Damodar, Nalkari, Surbarnrekha, Jamunia, Katri, Mathabhanga, Churni, Dwarakeshwar, Jalangi, Rupnarayan, Tarapith, Bindyadhari, Kansi, Mahananda, Silabati, Haldi And Rasulpur",7.55,,2.55,6.550000000000001,,JUMAR,2022-06-30
2022,2401,RIVER AJAY AT MASANJORE DAM,JHARKHAND,"Tributary Streams - Jumar, Ajay, Konar, Garga, Bokaro, Sankh, Barakar, Damodar, Nalkari, Surbarnrekha, Jamunia, Katri, Mathabhanga, Churni, Dwarakeshwar, Jalangi, Rupnarayan, Tarapith, Bindyadhari, Kansi, Mahananda, Silabati, Haldi And Rasulpur",7.65,206.0,1.4500000000000002,6.199999999999999,,AJAY,2022-06-30
2022,3554,"RIVER KONAR NEAR SWANG COAL WASHERY, BOKARO",JHARKHAND,"Tributary Streams - Jumar, Ajay, Konar, Garga, Bokaro, Sankh, Barakar, Damodar, Nalkari, Surbarnrekha, Jamunia, Katri, Mathabhanga, Churni, Dwarakeshwar, Jalangi, Rupnarayan, Tarapith, Bindyadhari, Kansi, Mahananda, Silabati, Haldi And Rasulpur",7.449999999999999,,2.25,7.6,,KONAR,2022-06-30
2022,2390,RIVER KONAR AT TENUGHAT DAM,JHARKHAND,"Tributary Streams - Jumar, Ajay, Konar, Garga, Bokaro, Sankh, Barakar, Damodar, Nalkari, Surbarnrekha, Jamunia, Katri, Mathabhanga, Churni, Dwarakeshwar, Jalangi, Rupnarayan, Tarapith, Bindyadhari, Kansi, Mahananda, Silabati, Haldi And Rasulpur",7.6,,1.65,7.7,,KONAR,2022-06-30
2022,4000,RIVER GARGA NEAR TELMUCHO BRIDGE,JHARKHAND,"Tributary Streams - Jumar, Ajay, Konar, Garga, Bokaro, Sankh, Barakar, Damodar, Nalkari, Surbarnrekha, Jamunia, Katri, Mathabhanga, Churni, Dwarakeshwar, Jalangi, Rupnarayan, Tarapith, Bindyadhari, Kansi, Mahananda, Silabati, Haldi And Rasulpur",7.35,,2.9000000000000004,7.0,,GARGA,2022-06-30
2022,2381,RIVER BOKARO AT ZARANGDIH BRIDGE,JHARKHAND,"Tributary Streams - Jumar, Ajay, Konar, Garga, Bokaro, Sankh, Barakar, Damodar, Nalkari, Surbarnrekha, Jamunia, Katri, Mathabhanga, Churni, Dwarakeshwar, Jalangi, Rupnarayan, Tarapith, Bindyadhari, Kansi, Mahananda, Silabati, Haldi And Rasulpur",7.3,,2.2,7.699999999999999,,BOKARO,2022-06-30
2022,1034,"RIVER SANKH AT BOLBA, JHARKAND",JHARKHAND,"Tributary Streams - Jumar, Ajay, Konar, Garga, Bokaro, Sankh, Barakar, Damodar, Nalkari, Surbarnrekha, Jamunia, Katri, Mathabhanga, Churni, Dwarakeshwar, Jalangi, Rupnarayan, Tarapith, Bindyadhari, Kansi, Mahananda, Silabati, Haldi And Rasulpur",7.4,,1.4500000000000002,8.15,,SANKH,2022-06-30
2022,2392,RIVER BARAKAR AT MAITHAN DAM,JHARKHAND,"Tributary Streams - Jumar, Ajay, Konar, Garga, Bokaro, Sankh, Barakar, Damodar, Nalkari, Surbarnrekha, Jamunia, Katri, Mathabhanga, Churni, Dwarakeshwar, Jalangi, Rupnarayan, Tarapith, Bindyadhari, Kansi, Mahananda, Silabati, Haldi And Rasulpur",7.5,,1.7999999999999998,7.55,,BARAKAR,2022-06-30
2022,3555,"RIVER DAMODAR NEAR ZARANGDIH BRIDGE, BOKARO",JHARKHAND,"Tributary Streams - Jumar, Ajay, Konar, Garga, Bokaro, Sankh, Barakar, Damodar, Nalkari, Surbarnrekha, Jamunia, Katri, Mathabhanga, Churni, Dwarakeshwar, Jalangi, Rupnarayan, Tarapith, Bindyadhari, Kansi, Mahananda, Silabati, Haldi And Rasulpur",7.5,,2.25,8.1,,DAMODAR,2022-06-30
2022,4083,"RIVER DAMODAR NEAR ROHINI PROJECT, NK AREA, PO-DAKRA, RANCHI",JHARKHAND,"Tributary Streams - Jumar, Ajay, Konar, Garga, Bokaro, Sankh, Barakar, Damodar, Nalkari, Surbarnrekha, Jamunia, Katri, Mathabhanga, Churni, Dwarakeshwar, Jalangi, Rupnarayan, Tarapith, Bindyadhari, Kansi, Mahananda, Silabati, Haldi And Rasulpur",7.3,,2.25,7.6,,DAMODAR,2022-06-30
2022,3553,RIVER DAMODAR NEAR TELMUCHO BRIDGE,JHARKHAND,"Tributary Streams - Jumar, Ajay, Konar, Garga, Bokaro, Sankh, Barakar, Damodar, Nalkari, Surbarnrekha, Jamunia, Katri, Mathabhanga, Churni, Dwarakeshwar, Jalangi, Rupnarayan, Tarapith, Bindyadhari, Kansi, Mahananda, Silabati, Haldi And Rasulpur",7.550000000000001,,2.8499999999999996,7.9,,DAMODAR,2022-06-30
2022,3556,"RIVER DAMODAR AT CONFLUENCE OF BOKARO & DAMODAR NEAR ZARANGDIH BRIDGE, BOKARO",JHARKHAND,"Tributary Streams - Jumar, Ajay, Konar, Garga, Bokaro, Sankh, Barakar, Damodar, Nalkari, Surbarnrekha, Jamunia, Katri, Mathabhanga, Churni, Dwarakeshwar, Jalangi, Rupnarayan, Tarapith, Bindyadhari, Kansi, Mahananda, Silabati, Haldi And Rasulpur",7.35,,2.2,7.9,,DAMODAR,2022-06-30
2022,3557,"RIVER DAMODAR NEAR BERMO RAILWAY STATION, BOKARO",JHARKHAND,"Tributary Streams - Jumar, Ajay, Konar, Garga, Bokaro, Sankh, Barakar, Damodar, Nalkari, Surbarnrekha, Jamunia, Katri, Mathabhanga, Churni, Dwarakeshwar, Jalangi, Rupnarayan, Tarapith, Bindyadhari, Kansi, Mahananda, Silabati, Haldi And Rasulpur",7.5,,2.2,8.0,,DAMODAR,2022-06-30
2022,2382,RIVER DAMODAR AT PHUSRO ROAD BRIDGE,JHARKHAND,"Tributary Streams - Jumar, Ajay, Konar, Garga, Bokaro, Sankh, Barakar, Damodar, Nalkari, Surbarnrekha, Jamunia, Katri, Mathabhanga, Churni, Dwarakeshwar, Jalangi, Rupnarayan, Tarapith, Bindyadhari, Kansi, Mahananda, Silabati, Haldi And Rasulpur",7.5,,2.25,8.25,,DAMODAR,2022-06-30
2022,2383,RIVER DAMODAR U/S JAMADOBA WATER WORKS,JHARKHAND,"Tributary Streams - Jumar, Ajay, Konar, Garga, Bokaro, Sankh, Barakar, Damodar, Nalkari, Surbarnrekha, Jamunia, Katri, Mathabhanga, Churni, Dwarakeshwar, Jalangi, Rupnarayan, Tarapith, Bindyadhari, Kansi, Mahananda, Silabati, Haldi And Rasulpur",7.5,,3.1,7.35,,DAMODAR,2022-06-30
2022,2384,RIVER DAMODAR AT DOMGARH WATER WORKS D/S SINDRI,JHARKHAND,"Tributary Streams - Jumar, Ajay, Konar, Garga, Bokaro, Sankh, Barakar, Damodar, Nalkari, Surbarnrekha, Jamunia, Katri, Mathabhanga, Churni, Dwarakeshwar, Jalangi, Rupnarayan, Tarapith, Bindyadhari, Kansi, Mahananda, Silabati, Haldi And Rasulpur",7.449999999999999,,1.7999999999999998,7.550000000000001,,DAMODAR,2022-06-30
2022,2391,RIVER DAMODAR AT PANCHET DAM,JHARKHAND,"Tributary Streams - Jumar, Ajay, Konar, Garga, Bokaro, Sankh, Barakar, Damodar, Nalkari, Surbarnrekha, Jamunia, Katri, Mathabhanga, Churni, Dwarakeshwar, Jalangi, Rupnarayan, Tarapith, Bindyadhari, Kansi, Mahananda, Silabati, Haldi And Rasulpur",7.5,,1.7000000000000002,8.25,,DAMODAR,2022-06-30
2022,2378,RIVER DAMODAR D/S BHAIRABI AT RAJRAPPA,JHARKHAND,"Tributary Streams - Jumar, Ajay, Konar, Garga, Bokaro, Sankh, Barakar, Damodar, Nalkari, Surbarnrekha, Jamunia, Katri, Mathabhanga, Churni, Dwarakeshwar, Jalangi, Rupnarayan, Tarapith, Bindyadhari, Kansi, Mahananda, Silabati, Haldi And Rasulpur",7.449999999999999,,2.15,7.6,,DAMODAR,2022-06-30
2022,2380,RIVER DAMODAR AT RAMGARH ROAD BRIDGE,JHARKHAND,"Tributary Streams - Jumar, Ajay, Konar, Garga, Bokaro, Sankh, Barakar, Damodar, Nalkari, Surbarnrekha, Jamunia, Katri, Mathabhanga, Churni, Dwarakeshwar, Jalangi, Rupnarayan, Tarapith, Bindyadhari, Kansi, Mahananda, Silabati, Haldi And Rasulpur",7.4,,2.55,7.05,,DAMODAR,2022-06-30
2022,2379,RIVER NALKARI TRIBUTARY AT PATRATU,JHARKHAND,"Tributary Streams - Jumar, Ajay, Konar, Garga, Bokaro, Sankh, Barakar, Damodar, Nalkari, Surbarnrekha, Jamunia, Katri, Mathabhanga, Churni, Dwarakeshwar, Jalangi, Rupnarayan, Tarapith, Bindyadhari, Kansi, Mahananda, Silabati, Haldi And Rasulpur",7.3,,2.5,6.55,,NALKARI TRIBUTARY,2022-06-30
2022,4084,"RIVER SURBARNREKHA AT HATIA ROAD BRIDGE, RANCHI",JHARKHAND,"Tributary Streams - Jumar, Ajay, Konar, Garga, Bokaro, Sankh, Barakar, Damodar, Nalkari, Surbarnrekha, Jamunia, Katri, Mathabhanga, Churni, Dwarakeshwar, Jalangi, Rupnarayan, Tarapith, Bindyadhari, Kansi, Mahananda, Silabati, Haldi And Rasulpur",6.55,,2.4,4.2,,SURBARNREKHA,2022-06-30
2022,4738,"RIVER JAMUNIA NEAR LOHAPATTI BRIDGE, MAHUDA, DHANBAD",JHARKHAND,"Tributary Streams - Jumar, Ajay, Konar, Garga, Bokaro, Sankh, Barakar, Damodar, Nalkari, Surbarnrekha, Jamunia, Katri, Mathabhanga, Churni, Dwarakeshwar, Jalangi, Rupnarayan, Tarapith, Bindyadhari, Kansi, Mahananda, Silabati, Haldi And Rasulpur",7.4,,2.25,7.3,,JAMUNIA,2022-06-30
2022,4739,"RIVER KATRI RIVER, NEAR BHATINDA FALL, AT- TETENGABAD, MOONIDIH, DHANBAD",JHARKHAND,"Tributary Streams - Jumar, Ajay, Konar, Garga, Bokaro, Sankh, Barakar, Damodar, Nalkari, Surbarnrekha, Jamunia, Katri, Mathabhanga, Churni, Dwarakeshwar, Jalangi, Rupnarayan, Tarapith, Bindyadhari, Kansi, Mahananda, Silabati, Haldi And Rasulpur",7.449999999999999,,1.85,7.1,,"Jumar, Ajay, Konar, Garga, Bokaro, Sankh, Barakar, Damodar, Nalkari, Surbarnrekha, Jamunia, Katri, Mathabhanga, Churni, Dwarakeshwar, Jalangi, Rupnarayan, Tarapith, Bindyadhari, Kansi, Mahananda, Silabati, Haldi And Rasulpur",2022-06-30
2022,1331,RIVER DAMODAR AT DISHERGARH VILL.(NR.BIHAR-WEST,WEST BENGAL,"Tributary Streams - Jumar, Ajay, Konar, Garga, Bokaro, Sankh, Barakar, Damodar, Nalkari, Surbarnrekha, Jamunia, Katri, Mathabhanga, Churni, Dwarakeshwar, Jalangi, Rupnarayan, Tarapith, Bindyadhari, Kansi, Mahananda, Silabati, Haldi And Rasulpur",7.609999999999999,186.5,2.3,8.3,,DAMODAR,2022-06-30
2022,1332,"RIVER DAMODAR AT D/S OF IISCO AFTER 3RD OUTFALL AT DHENNA VILLAGE, BURDWAN,WEST BENGAL",WEST BENGAL,"Tributary Streams - Jumar, Ajay, Konar, Garga, Bokaro, Sankh, Barakar, Damodar, Nalkari, Surbarnrekha, Jamunia, Katri, Mathabhanga, Churni, Dwarakeshwar, Jalangi, Rupnarayan, Tarapith, Bindyadhari, Kansi, Mahananda, Silabati, Haldi And Rasulpur",7.64,214.5,2.3499999999999996,8.2,,DAMODAR,2022-06-30
2022,1333,"RIVER DAMODAR AT NARAINPUR AFTER CONFL. OF NUNIA NALLAH, BURDWAN,WEST BENGAL",WEST BENGAL,"Tributary Streams - Jumar, Ajay, Konar, Garga, Bokaro, Sankh, Barakar, Damodar, Nalkari, Surbarnrekha, Jamunia, Katri, Mathabhanga, Churni, Dwarakeshwar, Jalangi, Rupnarayan, Tarapith, Bindyadhari, Kansi, Mahananda, Silabati, Haldi And Rasulpur",7.71,251.0,2.5,8.15,,DAMODAR,2022-06-30
2022,1334,"RIVER DAMODAR NEAR MUJHER MANA VILLAGE AFTER CONF. OF TAMLA NALLAH, BURDWAN,WEST BENGAL",WEST BENGAL,"Tributary Streams - Jumar, Ajay, Konar, Garga, Bokaro, Sankh, Barakar, Damodar, Nalkari, Surbarnrekha, Jamunia, Katri, Mathabhanga, Churni, Dwarakeshwar, Jalangi, Rupnarayan, Tarapith, Bindyadhari, Kansi, Mahananda, Silabati, Haldi And Rasulpur",7.415,298.0,3.3499999999999996,7.449999999999999,,DAMODAR,2022-06-30
2022,10107,"RIVER DAMODAR AT ANDAL U/S, BURDWAN",WEST BENGAL,"Tributary Streams - Jumar, Ajay, Konar, Garga, Bokaro, Sankh, Barakar, Damodar, Nalkari, Surbarnrekha, Jamunia, Katri, Mathabhanga, Churni, Dwarakeshwar, Jalangi, Rupnarayan, Tarapith, Bindyadhari, Kansi, Mahananda, Silabati, Haldi And Rasulpur",7.46,372.5,2.55,7.949999999999999,,DAMODAR,2022-06-30
2022,10108,"RIVER DAMODAR AT ANDAL D/S, BURDWAN",WEST BENGAL,"Tributary Streams - Jumar, Ajay, Konar, Garga, Bokaro, Sankh, Barakar, Damodar, Nalkari, Surbarnrekha, Jamunia, Katri, Mathabhanga, Churni, Dwarakeshwar, Jalangi, Rupnarayan, Tarapith, Bindyadhari, Kansi, Mahananda, Silabati, Haldi And Rasulpur",7.6,232.5,2.3,8.0,,DAMODAR,2022-06-30
2022,10109,"RIVER DAMODAR AT ASANSOL U/S, BURDWAN",WEST BENGAL,"Tributary Streams - Jumar, Ajay, Konar, Garga, Bokaro, Sankh, Barakar, Damodar, Nalkari, Surbarnrekha, Jamunia, Katri, Mathabhanga, Churni, Dwarakeshwar, Jalangi, Rupnarayan, Tarapith, Bindyadhari, Kansi, Mahananda, Silabati, Haldi And Rasulpur",8.15,207.0,1.7,8.25,,DAMODAR,2022-06-30
2022,10110,"RIVER DAMODAR AT DURGAPUR U/S, BURDWAN",WEST BENGAL,"Tributary Streams - Jumar, Ajay, Konar, Garga, Bokaro, Sankh, Barakar, Damodar, Nalkari, Surbarnrekha, Jamunia, Katri, Mathabhanga, Churni, Dwarakeshwar, Jalangi, Rupnarayan, Tarapith, Bindyadhari, Kansi, Mahananda, Silabati, Haldi And Rasulpur",7.525,227.5,2.55,8.0,,DAMODAR,2022-06-30
2022,10111,"RIVER DAMODAR AT RANIGANJ D/S, BURDWAN",WEST BENGAL,"Tributary Streams - Jumar, Ajay, Konar, Garga, Bokaro, Sankh, Barakar, Damodar, Nalkari, Surbarnrekha, Jamunia, Katri, Mathabhanga, Churni, Dwarakeshwar, Jalangi, Rupnarayan, Tarapith, Bindyadhari, Kansi, Mahananda, Silabati, Haldi And Rasulpur",7.800000000000001,273.5,2.5,8.05,,DAMODAR,2022-06-30
2022,2527,"RIVER WATER INTAKE POINT FOR BURDWAN TOWN, BURDWAN",WEST BENGAL,"Tributary Streams - Jumar, Ajay, Konar, Garga, Bokaro, Sankh, Barakar, Damodar, Nalkari, Surbarnrekha, Jamunia, Katri, Mathabhanga, Churni, Dwarakeshwar, Jalangi, Rupnarayan, Tarapith, Bindyadhari, Kansi, Mahananda, Silabati, Haldi And Rasulpur",7.635,225.5,2.6,8.15,,"Jumar, Ajay, Konar, Garga, Bokaro, Sankh, Barakar, Damodar, Nalkari, Surbarnrekha, Jamunia, Katri, Mathabhanga, Churni, Dwarakeshwar, Jalangi, Rupnarayan, Tarapith, Bindyadhari, Kansi, Mahananda, Silabati, Haldi And Rasulpur",2022-06-30
2022,2517,"RIVER MATHA BHANGA, GOBINDAPUR, NADIA",WEST BENGAL,"Tributary Streams - Jumar, Ajay, Konar, Garga, Bokaro, Sankh, Barakar, Damodar, Nalkari, Surbarnrekha, Jamunia, Katri, Mathabhanga, Churni, Dwarakeshwar, Jalangi, Rupnarayan, Tarapith, Bindyadhari, Kansi, Mahananda, Silabati, Haldi And Rasulpur",7.885,487.5,5.1,2.5,,"Jumar, Ajay, Konar, Garga, Bokaro, Sankh, Barakar, Damodar, Nalkari, Surbarnrekha, Jamunia, Katri, Mathabhanga, Churni, Dwarakeshwar, Jalangi, Rupnarayan, Tarapith, Bindyadhari, Kansi, Mahananda, Silabati, Haldi And Rasulpur",2022-06-30
2022,2534,"RIVER MAYURAKSHI WATER INTAKE POINT FOR SURI TOWN ON, BIRBHUM",WEST BENGAL,"Tributary Streams - Jumar, Ajay, Konar, Garga, Bokaro, Sankh, Barakar, Damodar, Nalkari, Surbarnrekha, Jamunia, Katri, Mathabhanga, Churni, Dwarakeshwar, Jalangi, Rupnarayan, Tarapith, Bindyadhari, Kansi, Mahananda, Silabati, Haldi And Rasulpur",7.66,119.0,1.6,8.3,,"Jumar, Ajay, Konar, Garga, Bokaro, Sankh, Barakar, Damodar, Nalkari, Surbarnrekha, Jamunia, Katri, Mathabhanga, Churni, Dwarakeshwar, Jalangi, Rupnarayan, Tarapith, Bindyadhari, Kansi, Mahananda, Silabati, Haldi And Rasulpur",2022-06-30
2022,1764,"RIVER CHURNI D/S OF RANAGHAT TOWN, WEST BENGAL",WEST BENGAL,"Tributary Streams - Jumar, Ajay, Konar, Garga, Bokaro, Sankh, Barakar, Damodar, Nalkari, Surbarnrekha, Jamunia, Katri, Mathabhanga, Churni, Dwarakeshwar, Jalangi, Rupnarayan, Tarapith, Bindyadhari, Kansi, Mahananda, Silabati, Haldi And Rasulpur",7.795,489.5,3.6,3.1,,CHURNI,2022-06-30
2022,2518,"RIVER CHURNI, MAJHADIA, NADIA",WEST BENGAL,"Tributary Streams - Jumar, Ajay, Konar, Garga, Bokaro, Sankh, Barakar, Damodar, Nalkari, Surbarnrekha, Jamunia, Katri, Mathabhanga, Churni, Dwarakeshwar, Jalangi, Rupnarayan, Tarapith, Bindyadhari, Kansi, Mahananda, Silabati, Haldi And Rasulpur",7.865,534.0,4.3,3.3499999999999996,,"Jumar, Ajay, Konar, Garga, Bokaro, Sankh, Barakar, Damodar, Nalkari, Surbarnrekha, Jamunia, Katri, Mathabhanga, Churni, Dwarakeshwar, Jalangi, Rupnarayan, Tarapith, Bindyadhari, Kansi, Mahananda, Silabati, Haldi And Rasulpur",2022-06-30
2022,30064,RIVER MATHABHANGA AT GOVINDPUR (WEST BENGAL),WEST BENGAL,"Tributary Streams - Jumar, Ajay, Konar, Garga, Bokaro, Sankh, Barakar, Damodar, Nalkari, Surbarnrekha, Jamunia, Katri, Mathabhanga, Churni, Dwarakeshwar, Jalangi, Rupnarayan, Tarapith, Bindyadhari, Kansi, Mahananda, Silabati, Haldi And Rasulpur",7.5,507.0,2.3,4.1,0.37,MATHABHANGA,2022-06-30
2022,2541,"RIVER DWARAKESHWAR WATER INTAKE POINT FOR BANKURA TOWN ON DWARAKESHWAR, BANKURA",WEST BENGAL,"Tributary Streams - Jumar, Ajay, Konar, Garga, Bokaro, Sankh, Barakar, Damodar, Nalkari, Surbarnrekha, Jamunia, Katri, Mathabhanga, Churni, Dwarakeshwar, Jalangi, Rupnarayan, Tarapith, Bindyadhari, Kansi, Mahananda, Silabati, Haldi And Rasulpur",7.715,220.5,2.9,8.15,,"Jumar, Ajay, Konar, Garga, Bokaro, Sankh, Barakar, Damodar, Nalkari, Surbarnrekha, Jamunia, Katri, Mathabhanga, Churni, Dwarakeshwar, Jalangi, Rupnarayan, Tarapith, Bindyadhari, Kansi, Mahananda, Silabati, Haldi And Rasulpur",2022-06-30
2022,2514,"RIVER JALANGI, D/S OF KRISHNA NAGAR, NADIA",WEST BENGAL,"Tributary Streams - Jumar, Ajay, Konar, Garga, Bokaro, Sankh, Barakar, Damodar, Nalkari, Surbarnrekha, Jamunia, Katri, Mathabhanga, Churni, Dwarakeshwar, Jalangi, Rupnarayan, Tarapith, Bindyadhari, Kansi, Mahananda, Silabati, Haldi And Rasulpur",7.91,478.5,2.9000000000000004,5.0,,"Jumar, Ajay, Konar, Garga, Bokaro, Sankh, Barakar, Damodar, Nalkari, Surbarnrekha, Jamunia, Katri, Mathabhanga, Churni, Dwarakeshwar, Jalangi, Rupnarayan, Tarapith, Bindyadhari, Kansi, Mahananda, Silabati, Haldi And Rasulpur",2022-06-30
2022,1337,"RIVER RUPNARAYAN BEFORE CONFL. TO GANGA NEAR GEONKHALI,MEDINIPORE WEST BENGAL",WEST BENGAL,"Tributary Streams - Jumar, Ajay, Konar, Garga, Bokaro, Sankh, Barakar, Damodar, Nalkari, Surbarnrekha, Jamunia, Katri, Mathabhanga, Churni, Dwarakeshwar, Jalangi, Rupnarayan, Tarapith, Bindyadhari, Kansi, Mahananda, Silabati, Haldi And Rasulpur",7.8149999999999995,1912.0,1.55,6.6,,GANGA,2022-06-30
2022,2509,"RIVER D/S OF RUPNARAYAN AT KOLAGHAT, NEAR KOLAGHAT RAIL BRIDGE NO.3,MEDINIPORE",WEST BENGAL,"Tributary Streams - Jumar, Ajay, Konar, Garga, Bokaro, Sankh, Barakar, Damodar, Nalkari, Surbarnrekha, Jamunia, Katri, Mathabhanga, Churni, Dwarakeshwar, Jalangi, Rupnarayan, Tarapith, Bindyadhari, Kansi, Mahananda, Silabati, Haldi And Rasulpur",7.975,839.5,2.2,7.6,,D/S OF RUPNARAYAN,2022-06-30
2022,2531,"RIVER U/S OF TARAPITH ON DWARKA AT SADHAK BAMDEB GHAT, BIRBHUM",WEST BENGAL,"Tributary Streams - Jumar, Ajay, Konar, Garga, Bokaro, Sankh, Barakar, Damodar, Nalkari, Surbarnrekha, Jamunia, Katri, Mathabhanga, Churni, Dwarakeshwar, Jalangi, Rupnarayan, Tarapith, Bindyadhari, Kansi, Mahananda, Silabati, Haldi And Rasulpur",7.6850000000000005,213.0,2.35,7.8,,U/S OF TARAPITH ON DWARKA,2022-06-30
2022,2532,"RIVER D/S OF TARAPITH ON DWARKA, SATIGHAT",WEST BENGAL,"Tributary Streams - Jumar, Ajay, Konar, Garga, Bokaro, Sankh, Barakar, Damodar, Nalkari, Surbarnrekha, Jamunia, Katri, Mathabhanga, Churni, Dwarakeshwar, Jalangi, Rupnarayan, Tarapith, Bindyadhari, Kansi, Mahananda, Silabati, Haldi And Rasulpur",7.615,281.0,2.8,7.6499999999999995,,RIVER,2022-06-30
2022,30065,RIVER DAMODAR AT DISHERGARH (WEST BENGAL),WEST BENGAL,"Tributary Streams - Jumar, Ajay, Konar, Garga, Bokaro, Sankh, Barakar, Damodar, Nalkari, Surbarnrekha, Jamunia, Katri, Mathabhanga, Churni, Dwarakeshwar, Jalangi, Rupnarayan, Tarapith, Bindyadhari, Kansi, Mahananda, Silabati, Haldi And Rasulpur",7.6,315.5,1.7,8.1,0.8200000000000001,DAMODAR,2022-06-30
2022,30066,RIVER DAMODAR AT SINDRI,JHARKHAND,"Tributary Streams - Jumar, Ajay, Konar, Garga, Bokaro, Sankh, Barakar, Damodar, Nalkari, Surbarnrekha, Jamunia, Katri, Mathabhanga, Churni, Dwarakeshwar, Jalangi, Rupnarayan, Tarapith, Bindyadhari, Kansi, Mahananda, Silabati, Haldi And Rasulpur",8.05,403.5,2.7,7.7,0.59,DAMODAR,2022-06-30
2022,2549,"RIVER U/S OF BINDYADHARI AT HAROA BRIDGE, 24 PARGANAS(N)",WEST BENGAL,"Tributary Streams - Jumar, Ajay, Konar, Garga, Bokaro, Sankh, Barakar, Damodar, Nalkari, Surbarnrekha, Jamunia, Katri, Mathabhanga, Churni, Dwarakeshwar, Jalangi, Rupnarayan, Tarapith, Bindyadhari, Kansi, Mahananda, Silabati, Haldi And Rasulpur",7.395,3276.5,9.8,1.35,,U/S OF BINDYADHARI,2022-06-30
2022,2550,RIVER D/S OF BIDYADHARI AT MALANCHA BURNING GHAT,WEST BENGAL,"Tributary Streams - Jumar, Ajay, Konar, Garga, Bokaro, Sankh, Barakar, Damodar, Nalkari, Surbarnrekha, Jamunia, Katri, Mathabhanga, Churni, Dwarakeshwar, Jalangi, Rupnarayan, Tarapith, Bindyadhari, Kansi, Mahananda, Silabati, Haldi And Rasulpur",7.4399999999999995,9254.0,11.65,0.95,,D/S OF BIDYADHARI,2022-06-30
2022,2507,"RIVER D/S OF KANSI AT MIDNAPORE, NEAR NEW HANUMAN MANDIR, GANDHIGHAT, MEDINIPORE(W)",WEST BENGAL,"Tributary Streams - Jumar, Ajay, Konar, Garga, Bokaro, Sankh, Barakar, Damodar, Nalkari, Surbarnrekha, Jamunia, Katri, Mathabhanga, Churni, Dwarakeshwar, Jalangi, Rupnarayan, Tarapith, Bindyadhari, Kansi, Mahananda, Silabati, Haldi And Rasulpur",7.65,377.0,2.0,7.699999999999999,,D/S OF KANSI,2022-06-30
2022,1946,"RIVER MAHANANDA AT SILIGURI, DARJEELING",WEST BENGAL,"Tributary Streams - Jumar, Ajay, Konar, Garga, Bokaro, Sankh, Barakar, Damodar, Nalkari, Surbarnrekha, Jamunia, Katri, Mathabhanga, Churni, Dwarakeshwar, Jalangi, Rupnarayan, Tarapith, Bindyadhari, Kansi, Mahananda, Silabati, Haldi And Rasulpur",6.99,143.5,1.95,7.05,,MAHANANDA,2022-06-30
2022,1336,"RIVER BARAKAR AT ASANSOL (WATER INTAKE POINT), BURDWAN,WEST BENGAL",WEST BENGAL,"Tributary Streams - Jumar, Ajay, Konar, Garga, Bokaro, Sankh, Barakar, Damodar, Nalkari, Surbarnrekha, Jamunia, Katri, Mathabhanga, Churni, Dwarakeshwar, Jalangi, Rupnarayan, Tarapith, Bindyadhari, Kansi, Mahananda, Silabati, Haldi And Rasulpur",7.815,171.0,2.45,8.3,,BARAKAR,2022-06-30
2022,2508,"RIVER D/S OF SILABATI AT GHATAL, MEDINIPORE(W)",WEST BENGAL,"Tributary Streams - Jumar, Ajay, Konar, Garga, Bokaro, Sankh, Barakar, Damodar, Nalkari, Surbarnrekha, Jamunia, Katri, Mathabhanga, Churni, Dwarakeshwar, Jalangi, Rupnarayan, Tarapith, Bindyadhari, Kansi, Mahananda, Silabati, Haldi And Rasulpur",7.65,334.0,2.45,7.3500000000000005,,D/S OF SILABATI,2022-06-30
2022,2525,"RIVER MAHANANDA D/S, RAMGHAT, DARJEELING",WEST BENGAL,"Tributary Streams - Jumar, Ajay, Konar, Garga, Bokaro, Sankh, Barakar, Damodar, Nalkari, Surbarnrekha, Jamunia, Katri, Mathabhanga, Churni, Dwarakeshwar, Jalangi, Rupnarayan, Tarapith, Bindyadhari, Kansi, Mahananda, Silabati, Haldi And Rasulpur",6.99,223.0,23.95,4.2,,MAHANANDA,2022-06-30
2022,4710,RIVER HALDI AT NORGHAT,WEST BENGAL,"Tributary Streams - Jumar, Ajay, Konar, Garga, Bokaro, Sankh, Barakar, Damodar, Nalkari, Surbarnrekha, Jamunia, Katri, Mathabhanga, Churni, Dwarakeshwar, Jalangi, Rupnarayan, Tarapith, Bindyadhari, Kansi, Mahananda, Silabati, Haldi And Rasulpur",8.01,7975.0,2.0,6.75,,HALDI,2022-06-30
2022,4711,RIVER RASULPUR AT RASULPUR GHAT,WEST BENGAL,"Tributary Streams - Jumar, Ajay, Konar, Garga, Bokaro, Sankh, Barakar, Damodar, Nalkari, Surbarnrekha, Jamunia, Katri, Mathabhanga, Churni, Dwarakeshwar, Jalangi, Rupnarayan, Tarapith, Bindyadhari, Kansi, Mahananda, Silabati, Haldi And Rasulpur",7.91,18619.0,1.95,6.4,,RASULPUR,2022-06-30
2022,4167,"RIVER BANAS AT TRIVENI SANGAM, BHILWARA",RAJASTHAN,"Tributary Streams - Jumar, Ajay, Konar, Garga, Bokaro, Sankh, Barakar, Damodar, Nalkari, Surbarnrekha, Jamunia, Katri, Mathabhanga, Churni, Dwarakeshwar, Jalangi, Rupnarayan, Tarapith, Bindyadhari, Kansi, Mahananda, Silabati, Haldi And Rasulpur",8.23,647.0,1.7,5.1,2.455,BANAS,2022-06-30
2022,4772,"RIVER KELWARA RESERVIOR, N/V KELWARA, TEHSIL-KUMBHALGARH DIST- RAJSAMAND, (UPSTREAM OF KHARI RIVER)",RAJASTHAN,"Tributary Streams - Jumar, Ajay, Konar, Garga, Bokaro, Sankh, Barakar, Damodar, Nalkari, Surbarnrekha, Jamunia, Katri, Mathabhanga, Churni, Dwarakeshwar, Jalangi, Rupnarayan, Tarapith, Bindyadhari, Kansi, Mahananda, Silabati, Haldi And Rasulpur",7.635,683.0,4.0,5.75,2.615,"Jumar, Ajay, Konar, Garga, Bokaro, Sankh, Barakar, Damodar, Nalkari, Surbarnrekha, Jamunia, Katri, Mathabhanga, Churni, Dwarakeshwar, Jalangi, Rupnarayan, Tarapith, Bindyadhari, Kansi, Mahananda, Silabati, Haldi And Rasulpur",2022-06-30
2022,30086,"RIVER CHAMBAL AT GWALIOR ROAD BRIDGE, UDI, ETAWAH DIST.",UTTAR PRADESH,"Tributary Streams - Jumar, Ajay, Konar, Garga, Bokaro, Sankh, Barakar, Damodar, Nalkari, Surbarnrekha, Jamunia, Katri, Mathabhanga, Churni, Dwarakeshwar, Jalangi, Rupnarayan, Tarapith, Bindyadhari, Kansi, Mahananda, Silabati, Haldi And Rasulpur",7.845000000000001,599.0,3.8,8.05,1.21,CHAMBAL,2022-06-30
2022,1288,"RIVER CHAMBAL AT KOTA U/S (PHED INTAKE POINT. NEAR KOTA BARRAGE), RAJASTHAN",RAJASTHAN,"Tributary Streams - Jumar, Ajay, Konar, Garga, Bokaro, Sankh, Barakar, Damodar, Nalkari, Surbarnrekha, Jamunia, Katri, Mathabhanga, Churni, Dwarakeshwar, Jalangi, Rupnarayan, Tarapith, Bindyadhari, Kansi, Mahananda, Silabati, Haldi And Rasulpur",8.065000000000001,457.0,1.3,4.85,1.21,CHAMBAL,2022-06-30
2022,1289,"RIVER CHAMBAL AT RANGPUR KOTA D/S (2 KM. FROM CITY), RAJASTHAN",RAJASTHAN,"Tributary Streams - Jumar, Ajay, Konar, Garga, Bokaro, Sankh, Barakar, Damodar, Nalkari, Surbarnrekha, Jamunia, Katri, Mathabhanga, Churni, Dwarakeshwar, Jalangi, Rupnarayan, Tarapith, Bindyadhari, Kansi, Mahananda, Silabati, Haldi And Rasulpur",8.235,748.5,2.15,4.6,2.345,CHAMBAL,2022-06-30
2022,1413,"RIVER CHAMBAL AT RAMESHWARGHAT NR. SAWAIMADHOPUR, RAJASTHAN",RAJASTHAN,"Tributary Streams - Jumar, Ajay, Konar, Garga, Bokaro, Sankh, Barakar, Damodar, Nalkari, Surbarnrekha, Jamunia, Katri, Mathabhanga, Churni, Dwarakeshwar, Jalangi, Rupnarayan, Tarapith, Bindyadhari, Kansi, Mahananda, Silabati, Haldi And Rasulpur",7.8149999999999995,3397.5,2.3,5.85,2.41,CHAMBAL,2022-06-30
2022,4769,"RIVER CHAMBAL, NEAR CHAMBAL BRIDGE, DHOLPUR TO MURENA ROAD, NH-3",RAJASTHAN,"Tributary Streams - Jumar, Ajay, Konar, Garga, Bokaro, Sankh, Barakar, Damodar, Nalkari, Surbarnrekha, Jamunia, Katri, Mathabhanga, Churni, Dwarakeshwar, Jalangi, Rupnarayan, Tarapith, Bindyadhari, Kansi, Mahananda, Silabati, Haldi And Rasulpur",7.805,3111.0,2.4000000000000004,5.800000000000001,3.855,"Jumar, Ajay, Konar, Garga, Bokaro, Sankh, Barakar, Damodar, Nalkari, Surbarnrekha, Jamunia, Katri, Mathabhanga, Churni, Dwarakeshwar, Jalangi, Rupnarayan, Tarapith, Bindyadhari, Kansi, Mahananda, Silabati, Haldi And Rasulpur",2022-06-30
2022,10029,"RIVER CHAMBAL AT KESHORAIPATAN U/S, NEAR SHRI RAJESHWAR MAHADEV TEMPLE, BUNDI",RAJASTHAN,"Tributary Streams - Jumar, Ajay, Konar, Garga, Bokaro, Sankh, Barakar, Damodar, Nalkari, Surbarnrekha, Jamunia, Katri, Mathabhanga, Churni, Dwarakeshwar, Jalangi, Rupnarayan, Tarapith, Bindyadhari, Kansi, Mahananda, Silabati, Haldi And Rasulpur",8.22,1225.0,2.4,4.1,3.0300000000000002,CHAMBAL,2022-06-30
2022,10030,"RIVER CHAMBAL AT KESHORAIPATTAN D/S NEAR AMBEDKAR NAGAR, BUNDI",RAJASTHAN,"Tributary Streams - Jumar, Ajay, Konar, Garga, Bokaro, Sankh, Barakar, Damodar, Nalkari, Surbarnrekha, Jamunia, Katri, Mathabhanga, Churni, Dwarakeshwar, Jalangi, Rupnarayan, Tarapith, Bindyadhari, Kansi, Mahananda, Silabati, Haldi And Rasulpur",8.265,1005.5,2.65,3.85,4.41,CHAMBAL,2022-06-30
2022,30060,RIVER CHAMBAL AT FISH FARM NEAR GANDHISAGAR DAM (MP & RJASTHAN),MADHYA PRADESH,"Tributary Streams - Jumar, Ajay, Konar, Garga, Bokaro, Sankh, Barakar, Damodar, Nalkari, Surbarnrekha, Jamunia, Katri, Mathabhanga, Churni, Dwarakeshwar, Jalangi, Rupnarayan, Tarapith, Bindyadhari, Kansi, Mahananda, Silabati, Haldi And Rasulpur",7.550000000000001,247.5,2.95,7.9,,CHAMBAL,2022-06-30
2022,1418,"RIVER CHAMBAL AT GANDHI SAGAR DAM, RAMPURA, M.P",MADHYA PRADESH,"Tributary Streams - Jumar, Ajay, Konar, Garga, Bokaro, Sankh, Barakar, Damodar, Nalkari, Surbarnrekha, Jamunia, Katri, Mathabhanga, Churni, Dwarakeshwar, Jalangi, Rupnarayan, Tarapith, Bindyadhari, Kansi, Mahananda, Silabati, Haldi And Rasulpur",7.59,382.0,1.9,7.5,0.66,CHAMBAL,2022-06-30
2022,1609,"RIVER CHAMBAL AT DHOLPUR, M.P",MADHYA PRADESH,"Tributary Streams - Jumar, Ajay, Konar, Garga, Bokaro, Sankh, Barakar, Damodar, Nalkari, Surbarnrekha, Jamunia, Katri, Mathabhanga, Churni, Dwarakeshwar, Jalangi, Rupnarayan, Tarapith, Bindyadhari, Kansi, Mahananda, Silabati, Haldi And Rasulpur",7.38,412.0,1.95,7.35,,CHAMBAL,2022-06-30
2022,3308,"RIVER CHAMBAL AT JANAPAWA, FROM ORIGIN POINT, INDORE",MADHYA PRADESH,"Tributary Streams - Jumar, Ajay, Konar, Garga, Bokaro, Sankh, Barakar, Damodar, Nalkari, Surbarnrekha, Jamunia, Katri, Mathabhanga, Churni, Dwarakeshwar, Jalangi, Rupnarayan, Tarapith, Bindyadhari, Kansi, Mahananda, Silabati, Haldi And Rasulpur",7.869999999999999,314.5,,7.050000000000001,0.655,CHAMBAL,2022-06-30
2022,4607,RIVER CHAMBAL AT ITAWA ROAD BRIDGE BHIND,MADHYA PRADESH,"Tributary Streams - Jumar, Ajay, Konar, Garga, Bokaro, Sankh, Barakar, Damodar, Nalkari, Surbarnrekha, Jamunia, Katri, Mathabhanga, Churni, Dwarakeshwar, Jalangi, Rupnarayan, Tarapith, Bindyadhari, Kansi, Mahananda, Silabati, Haldi And Rasulpur",7.455,446.0,2.0,6.8,1.48,CHAMBAL,2022-06-30
2022,4610,RIVER CHAMBAL AT 100M D/S OF GANDHI SAGAR DAM. MANDSAUR,MADHYA PRADESH,"Tributary Streams - Jumar, Ajay, Konar, Garga, Bokaro, Sankh, Barakar, Damodar, Nalkari, Surbarnrekha, Jamunia, Katri, Mathabhanga, Churni, Dwarakeshwar, Jalangi, Rupnarayan, Tarapith, Bindyadhari, Kansi, Mahananda, Silabati, Haldi And Rasulpur",7.705,478.0,1.9500000000000002,7.5,0.74,CHAMBAL,2022-06-30
2022,2947,"RIVER JAWAI DAM, SIROHI, RAJASTHAN",RAJASTHAN,"Tributary Streams - Jumar, Ajay, Konar, Garga, Bokaro, Sankh, Barakar, Damodar, Nalkari, Surbarnrekha, Jamunia, Katri, Mathabhanga, Churni, Dwarakeshwar, Jalangi, Rupnarayan, Tarapith, Bindyadhari, Kansi, Mahananda, Silabati, Haldi And Rasulpur",7.815,575.5,1.85,5.75,1.915,"Jumar, Ajay, Konar, Garga, Bokaro, Sankh, Barakar, Damodar, Nalkari, Surbarnrekha, Jamunia, Katri, Mathabhanga, Churni, Dwarakeshwar, Jalangi, Rupnarayan, Tarapith, Bindyadhari, Kansi, Mahananda, Silabati, Haldi And Rasulpur",2022-06-30
2022,4804,"RIVER BERACH NEAR VILLAGE-NAGARI, CHITTORGARH",RAJASTHAN,"Tributary Streams - Jumar, Ajay, Konar, Garga, Bokaro, Sankh, Barakar, Damodar, Nalkari, Surbarnrekha, Jamunia, Katri, Mathabhanga, Churni, Dwarakeshwar, Jalangi, Rupnarayan, Tarapith, Bindyadhari, Kansi, Mahananda, Silabati, Haldi And Rasulpur",7.605,1167.5,2.65,5.95,6.02,BERACH,2022-06-30
2022,4175,"RIVER BERECH, NEAR HOTEL PADMINI, CHITTORGARH",RAJASTHAN,"Tributary Streams - Jumar, Ajay, Konar, Garga, Bokaro, Sankh, Barakar, Damodar, Nalkari, Surbarnrekha, Jamunia, Katri, Mathabhanga, Churni, Dwarakeshwar, Jalangi, Rupnarayan, Tarapith, Bindyadhari, Kansi, Mahananda, Silabati, Haldi And Rasulpur",7.51,1251.5,2.85,5.65,4.029999999999999,"Jumar, Ajay, Konar, Garga, Bokaro, Sankh, Barakar, Damodar, Nalkari, Surbarnrekha, Jamunia, Katri, Mathabhanga, Churni, Dwarakeshwar, Jalangi, Rupnarayan, Tarapith, Bindyadhari, Kansi, Mahananda, Silabati, Haldi And Rasulpur",2022-06-30
2022,4174,"RIVER GAMBHIRI NEAR BUS STAND (OLD CITY BRIDGE), CHITTORGARH,RAJASTHAN",RAJASTHAN,"Tributary Streams - Jumar, Ajay, Konar, Garga, Bokaro, Sankh, Barakar, Damodar, Nalkari, Surbarnrekha, Jamunia, Katri, Mathabhanga, Churni, Dwarakeshwar, Jalangi, Rupnarayan, Tarapith, Bindyadhari, Kansi, Mahananda, Silabati, Haldi And Rasulpur",7.654999999999999,772.5,2.9000000000000004,5.800000000000001,6.289999999999999,GAMBHIRI,2022-06-30
2022,1030,"RIVER BRAHMAPUTRA AT DIBRUGARH, ASSAM",ASSAM,Brahmaputra,7.45,190.0,2.25,8.2,1.15,BRAHMAPUTRA,2022-06-30
2022,1262,"RIVER BRAHMAPUTRA AT NIMATIGHAT, ASSAM",ASSAM,Brahmaputra,7.4,177.5,2.4000000000000004,6.85,0.95,BRAHMAPUTRA,2022-06-30
2022,1526,"RIVER BRAHMPUTRA RIVER AT DHENUKHAPAHAR, ASSAM",ASSAM,Brahmaputra,7.45,151.5,2.5,7.25,0.9500000000000001,BRAHMPUTRA RIVER,2022-06-30
2022,1031,"RIVER BRAHMAPUTRA AT PANDU, ASSAM",ASSAM,Brahmaputra,7.4,165.0,2.35,8.45,0.9,BRAHMAPUTRA,2022-06-30
2022,1299,"RIVER BRAHMAPUTRA AT JOGIGHOPA NEAR BRIDGE, ASSAM",ASSAM,Brahmaputra,7.4,175.5,2.3,6.6,1.2999999999999998,BRAHMAPUTRA,2022-06-30
2022,2069,"RIVER BRAHMPUTRA NEAR WATER INTAKE POINT AT KACHARIGHAT, PANBAZAR, GUWAHATI, ASSAM",ASSAM,Brahmaputra,7.550000000000001,165.5,2.4000000000000004,8.3,0.85,BRAHMPUTRA,2022-06-30
2022,2064,"RIVER BRAHMAPUTRA AT CHANDRAPUR, GUWAHATI, ASSAM",ASSAM,Brahmaputra,7.45,171.5,2.3,7.9,0.9,BRAHMAPUTRA,2022-06-30
2022,2067,"RIVER BRAHMPUTRA AT SUALKUCHI, DIST. KAMRUP, ASSAM",ASSAM,Brahmaputra,7.35,144.5,2.35,8.35,1.3,BRAHMPUTRA,2022-06-30
2022,2066,"RIVER BRAHMAPUTRA AT DHUBRI, ASSAM",ASSAM,Brahmaputra,7.45,201.5,2.4000000000000004,7.0,1.15,BRAHMAPUTRA,2022-06-30
2022,3781,"RIVER BRAHAMPUTRA AT BOGIBEEL BRIDGE, BOGIBEEL, DIBRUGARH",ASSAM,Brahmaputra,7.3,157.0,2.55,8.15,1.1,BRAHAMPUTRA,2022-06-30
2022,4004,RIVER BRAHAMPUTRA AT BISWANATH GHAT,ASSAM,Brahmaputra,7.4,201.0,2.5,7.1,0.9500000000000001,BRAHAMPUTRA,2022-06-30
2022,1422,"RIVER BURHIDIHING AT MARGHERITA, ASSAM",ASSAM,"Tributary Streams - Burhidihing, Dhansiri, Bharalu, Dikrong, Gai Nadi, Digaru, Digboi, Dikhow, Kaljani, Gabharu, Tocklai, Tunia, Larsing, Dhateshwari, Demow, Borsila, Barak, Dibang, Dihing, Senki, Dorika, Subansiri, Siang, Baralia, Tihu, Singra, Damring, Manda, Dikchu, Dzu, Kha Ru, Dzucha, Torsa, Beki, Bereng, Bhogdoi, Jhanji, Jia Bharali, Sankosh, Sanuo Ru, Boginadi, Rilang, Myntang, Tlawng, Tuirial, Serlui, Vaipuanpho, Tuikual, Sakhisih, Damdiai, Chite, Tuirini, Tuivawl, Lawibual, Challui, Mat, Siakah, Chhimtuipui, Tuikum, Sesah, Phe, Teirei, Tut, Tuichhuahen, Tiau, Tuipui, Nongal, Simsang, Ganol, Damring, Waikhrwi, Kwai, Teirei, Khawthlangtuipui, Ngengpui Stream, Vantawng, Sderkariah, Laitryngew, Wahkhlek Khlek, Wahrew, Umngi, Rwiang, Kalipai, Kmai Um, Lukha, Myntdu, Lamu, Lynriang, Thlu Umwi, Simsang, Teesta, Sonai, Ranganadi, Rangit, Ranichu, Kapili, Karola, Kathakal, Kharsang, Kohora, Kolong, Kundli, Kushiara, Manu, Nonbah, Kynshi, Wah Blei, Lohit, Manas, Maney Khola, Ganol Tura, Milak, Namchik, Noa Dihing, Pachin, Pagldia, Panchnoi, Poma, Yomgo And Mora",7.3,180.5,2.45,7.25,1.05,BURHIDIHING,2022-06-30
2022,2062,"RIVER BURHIDIHING NEAR DULIAJAN AT D/S, TINSUKIA, ASSAM",ASSAM,"Tributary Streams - Burhidihing, Dhansiri, Bharalu, Dikrong, Gai Nadi, Digaru, Digboi, Dikhow, Kaljani, Gabharu, Tocklai, Tunia, Larsing, Dhateshwari, Demow, Borsila, Barak, Dibang, Dihing, Senki, Dorika, Subansiri, Siang, Baralia, Tihu, Singra, Damring, Manda, Dikchu, Dzu, Kha Ru, Dzucha, Torsa, Beki, Bereng, Bhogdoi, Jhanji, Jia Bharali, Sankosh, Sanuo Ru, Boginadi, Rilang, Myntang, Tlawng, Tuirial, Serlui, Vaipuanpho, Tuikual, Sakhisih, Damdiai, Chite, Tuirini, Tuivawl, Lawibual, Challui, Mat, Siakah, Chhimtuipui, Tuikum, Sesah, Phe, Teirei, Tut, Tuichhuahen, Tiau, Tuipui, Nongal, Simsang, Ganol, Damring, Waikhrwi, Kwai, Teirei, Khawthlangtuipui, Ngengpui Stream, Vantawng, Sderkariah, Laitryngew, Wahkhlek Khlek, Wahrew, Umngi, Rwiang, Kalipai, Kmai Um, Lukha, Myntdu, Lamu, Lynriang, Thlu Umwi, Simsang, Teesta, Sonai, Ranganadi, Rangit, Ranichu, Kapili, Karola, Kathakal, Kharsang, Kohora, Kolong, Kundli, Kushiara, Manu, Nonbah, Kynshi, Wah Blei, Lohit, Manas, Maney Khola, Ganol Tura, Milak, Namchik, Noa Dihing, Pachin, Pagldia, Panchnoi, Poma, Yomgo And Mora",7.4,206.0,2.4,7.35,1.4,BURHIDIHING,2022-06-30
2022,2230,"RIVER BURHIDIHING AT DULIAJAN (INTAKE POINT OF OIL INDIA LTD.), ASSAM",ASSAM,"Tributary Streams - Burhidihing, Dhansiri, Bharalu, Dikrong, Gai Nadi, Digaru, Digboi, Dikhow, Kaljani, Gabharu, Tocklai, Tunia, Larsing, Dhateshwari, Demow, Borsila, Barak, Dibang, Dihing, Senki, Dorika, Subansiri, Siang, Baralia, Tihu, Singra, Damring, Manda, Dikchu, Dzu, Kha Ru, Dzucha, Torsa, Beki, Bereng, Bhogdoi, Jhanji, Jia Bharali, Sankosh, Sanuo Ru, Boginadi, Rilang, Myntang, Tlawng, Tuirial, Serlui, Vaipuanpho, Tuikual, Sakhisih, Damdiai, Chite, Tuirini, Tuivawl, Lawibual, Challui, Mat, Siakah, Chhimtuipui, Tuikum, Sesah, Phe, Teirei, Tut, Tuichhuahen, Tiau, Tuipui, Nongal, Simsang, Ganol, Damring, Waikhrwi, Kwai, Teirei, Khawthlangtuipui, Ngengpui Stream, Vantawng, Sderkariah, Laitryngew, Wahkhlek Khlek, Wahrew, Umngi, Rwiang, Kalipai, Kmai Um, Lukha, Myntdu, Lamu, Lynriang, Thlu Umwi, Simsang, Teesta, Sonai, Ranganadi, Rangit, Ranichu, Kapili, Karola, Kathakal, Kharsang, Kohora, Kolong, Kundli, Kushiara, Manu, Nonbah, Kynshi, Wah Blei, Lohit, Manas, Maney Khola, Ganol Tura, Milak, Namchik, Noa Dihing, Pachin, Pagldia, Panchnoi, Poma, Yomgo And Mora",7.4,199.5,2.3,7.65,1.2000000000000002,BURHIDIHING,2022-06-30
2022,1796,RIVER DHANSIRI AT FULL NAGARJAN BRIDGE,NAGALAND,"Tributary Streams - Burhidihing, Dhansiri, Bharalu, Dikrong, Gai Nadi, Digaru, Digboi, Dikhow, Kaljani, Gabharu, Tocklai, Tunia, Larsing, Dhateshwari, Demow, Borsila, Barak, Dibang, Dihing, Senki, Dorika, Subansiri, Siang, Baralia, Tihu, Singra, Damring, Manda, Dikchu, Dzu, Kha Ru, Dzucha, Torsa, Beki, Bereng, Bhogdoi, Jhanji, Jia Bharali, Sankosh, Sanuo Ru, Boginadi, Rilang, Myntang, Tlawng, Tuirial, Serlui, Vaipuanpho, Tuikual, Sakhisih, Damdiai, Chite, Tuirini, Tuivawl, Lawibual, Challui, Mat, Siakah, Chhimtuipui, Tuikum, Sesah, Phe, Teirei, Tut, Tuichhuahen, Tiau, Tuipui, Nongal, Simsang, Ganol, Damring, Waikhrwi, Kwai, Teirei, Khawthlangtuipui, Ngengpui Stream, Vantawng, Sderkariah, Laitryngew, Wahkhlek Khlek, Wahrew, Umngi, Rwiang, Kalipai, Kmai Um, Lukha, Myntdu, Lamu, Lynriang, Thlu Umwi, Simsang, Teesta, Sonai, Ranganadi, Rangit, Ranichu, Kapili, Karola, Kathakal, Kharsang, Kohora, Kolong, Kundli, Kushiara, Manu, Nonbah, Kynshi, Wah Blei, Lohit, Manas, Maney Khola, Ganol Tura, Milak, Namchik, Noa Dihing, Pachin, Pagldia, Panchnoi, Poma, Yomgo And Mora",7.8500000000000005,214.0,1.85,6.55,0.95,DHANSIRI,2022-06-30
2022,1797,RIVER DHANSIRI AT BRIDGE NEAR PURANA BAZAAR,NAGALAND,"Tributary Streams - Burhidihing, Dhansiri, Bharalu, Dikrong, Gai Nadi, Digaru, Digboi, Dikhow, Kaljani, Gabharu, Tocklai, Tunia, Larsing, Dhateshwari, Demow, Borsila, Barak, Dibang, Dihing, Senki, Dorika, Subansiri, Siang, Baralia, Tihu, Singra, Damring, Manda, Dikchu, Dzu, Kha Ru, Dzucha, Torsa, Beki, Bereng, Bhogdoi, Jhanji, Jia Bharali, Sankosh, Sanuo Ru, Boginadi, Rilang, Myntang, Tlawng, Tuirial, Serlui, Vaipuanpho, Tuikual, Sakhisih, Damdiai, Chite, Tuirini, Tuivawl, Lawibual, Challui, Mat, Siakah, Chhimtuipui, Tuikum, Sesah, Phe, Teirei, Tut, Tuichhuahen, Tiau, Tuipui, Nongal, Simsang, Ganol, Damring, Waikhrwi, Kwai, Teirei, Khawthlangtuipui, Ngengpui Stream, Vantawng, Sderkariah, Laitryngew, Wahkhlek Khlek, Wahrew, Umngi, Rwiang, Kalipai, Kmai Um, Lukha, Myntdu, Lamu, Lynriang, Thlu Umwi, Simsang, Teesta, Sonai, Ranganadi, Rangit, Ranichu, Kapili, Karola, Kathakal, Kharsang, Kohora, Kolong, Kundli, Kushiara, Manu, Nonbah, Kynshi, Wah Blei, Lohit, Manas, Maney Khola, Ganol Tura, Milak, Namchik, Noa Dihing, Pachin, Pagldia, Panchnoi, Poma, Yomgo And Mora",7.6,220.0,1.8,6.449999999999999,1.85,DHANSIRI,2022-06-30
2022,1800,RIVER DHANSIRI AT NOTUN BOSTI NEAR NAGA CEMETERY (OLD),NAGALAND,"Tributary Streams - Burhidihing, Dhansiri, Bharalu, Dikrong, Gai Nadi, Digaru, Digboi, Dikhow, Kaljani, Gabharu, Tocklai, Tunia, Larsing, Dhateshwari, Demow, Borsila, Barak, Dibang, Dihing, Senki, Dorika, Subansiri, Siang, Baralia, Tihu, Singra, Damring, Manda, Dikchu, Dzu, Kha Ru, Dzucha, Torsa, Beki, Bereng, Bhogdoi, Jhanji, Jia Bharali, Sankosh, Sanuo Ru, Boginadi, Rilang, Myntang, Tlawng, Tuirial, Serlui, Vaipuanpho, Tuikual, Sakhisih, Damdiai, Chite, Tuirini, Tuivawl, Lawibual, Challui, Mat, Siakah, Chhimtuipui, Tuikum, Sesah, Phe, Teirei, Tut, Tuichhuahen, Tiau, Tuipui, Nongal, Simsang, Ganol, Damring, Waikhrwi, Kwai, Teirei, Khawthlangtuipui, Ngengpui Stream, Vantawng, Sderkariah, Laitryngew, Wahkhlek Khlek, Wahrew, Umngi, Rwiang, Kalipai, Kmai Um, Lukha, Myntdu, Lamu, Lynriang, Thlu Umwi, Simsang, Teesta, Sonai, Ranganadi, Rangit, Ranichu, Kapili, Karola, Kathakal, Kharsang, Kohora, Kolong, Kundli, Kushiara, Manu, Nonbah, Kynshi, Wah Blei, Lohit, Manas, Maney Khola, Ganol Tura, Milak, Namchik, Noa Dihing, Pachin, Pagldia, Panchnoi, Poma, Yomgo And Mora",7.550000000000001,335.0,3.5,3.0,,DHANSIRI,2022-06-30
2022,1798,"RIVER DHANSIRI AT KUSHIABILL , NEAR KACHARI LOCAL GROUND",NAGALAND,"Tributary Streams - Burhidihing, Dhansiri, Bharalu, Dikrong, Gai Nadi, Digaru, Digboi, Dikhow, Kaljani, Gabharu, Tocklai, Tunia, Larsing, Dhateshwari, Demow, Borsila, Barak, Dibang, Dihing, Senki, Dorika, Subansiri, Siang, Baralia, Tihu, Singra, Damring, Manda, Dikchu, Dzu, Kha Ru, Dzucha, Torsa, Beki, Bereng, Bhogdoi, Jhanji, Jia Bharali, Sankosh, Sanuo Ru, Boginadi, Rilang, Myntang, Tlawng, Tuirial, Serlui, Vaipuanpho, Tuikual, Sakhisih, Damdiai, Chite, Tuirini, Tuivawl, Lawibual, Challui, Mat, Siakah, Chhimtuipui, Tuikum, Sesah, Phe, Teirei, Tut, Tuichhuahen, Tiau, Tuipui, Nongal, Simsang, Ganol, Damring, Waikhrwi, Kwai, Teirei, Khawthlangtuipui, Ngengpui Stream, Vantawng, Sderkariah, Laitryngew, Wahkhlek Khlek, Wahrew, Umngi, Rwiang, Kalipai, Kmai Um, Lukha, Myntdu, Lamu, Lynriang, Thlu Umwi, Simsang, Teesta, Sonai, Ranganadi, Rangit, Ranichu, Kapili, Karola, Kathakal, Kharsang, Kohora, Kolong, Kundli, Kushiara, Manu, Nonbah, Kynshi, Wah Blei, Lohit, Manas, Maney Khola, Ganol Tura, Milak, Namchik, Noa Dihing, Pachin, Pagldia, Panchnoi, Poma, Yomgo And Mora",7.699999999999999,209.0,2.0,7.0,2.9000000000000004,DHANSIRI,2022-06-30
2022,1799,RIVER DHANSIRI AT TOWN BOUNDARY BRIDGE (DIPHU ROAD),NAGALAND,"Tributary Streams - Burhidihing, Dhansiri, Bharalu, Dikrong, Gai Nadi, Digaru, Digboi, Dikhow, Kaljani, Gabharu, Tocklai, Tunia, Larsing, Dhateshwari, Demow, Borsila, Barak, Dibang, Dihing, Senki, Dorika, Subansiri, Siang, Baralia, Tihu, Singra, Damring, Manda, Dikchu, Dzu, Kha Ru, Dzucha, Torsa, Beki, Bereng, Bhogdoi, Jhanji, Jia Bharali, Sankosh, Sanuo Ru, Boginadi, Rilang, Myntang, Tlawng, Tuirial, Serlui, Vaipuanpho, Tuikual, Sakhisih, Damdiai, Chite, Tuirini, Tuivawl, Lawibual, Challui, Mat, Siakah, Chhimtuipui, Tuikum, Sesah, Phe, Teirei, Tut, Tuichhuahen, Tiau, Tuipui, Nongal, Simsang, Ganol, Damring, Waikhrwi, Kwai, Teirei, Khawthlangtuipui, Ngengpui Stream, Vantawng, Sderkariah, Laitryngew, Wahkhlek Khlek, Wahrew, Umngi, Rwiang, Kalipai, Kmai Um, Lukha, Myntdu, Lamu, Lynriang, Thlu Umwi, Simsang, Teesta, Sonai, Ranganadi, Rangit, Ranichu, Kapili, Karola, Kathakal, Kharsang, Kohora, Kolong, Kundli, Kushiara, Manu, Nonbah, Kynshi, Wah Blei, Lohit, Manas, Maney Khola, Ganol Tura, Milak, Namchik, Noa Dihing, Pachin, Pagldia, Panchnoi, Poma, Yomgo And Mora",8.350000000000001,274.0,1.7999999999999998,6.05,1.45,DHANSIRI,2022-06-30
2022,1928,RIVER DHANSIRI NEAR NAGALAND- ASSAM BORDER,NAGALAND,"Tributary Streams - Burhidihing, Dhansiri, Bharalu, Dikrong, Gai Nadi, Digaru, Digboi, Dikhow, Kaljani, Gabharu, Tocklai, Tunia, Larsing, Dhateshwari, Demow, Borsila, Barak, Dibang, Dihing, Senki, Dorika, Subansiri, Siang, Baralia, Tihu, Singra, Damring, Manda, Dikchu, Dzu, Kha Ru, Dzucha, Torsa, Beki, Bereng, Bhogdoi, Jhanji, Jia Bharali, Sankosh, Sanuo Ru, Boginadi, Rilang, Myntang, Tlawng, Tuirial, Serlui, Vaipuanpho, Tuikual, Sakhisih, Damdiai, Chite, Tuirini, Tuivawl, Lawibual, Challui, Mat, Siakah, Chhimtuipui, Tuikum, Sesah, Phe, Teirei, Tut, Tuichhuahen, Tiau, Tuipui, Nongal, Simsang, Ganol, Damring, Waikhrwi, Kwai, Teirei, Khawthlangtuipui, Ngengpui Stream, Vantawng, Sderkariah, Laitryngew, Wahkhlek Khlek, Wahrew, Umngi, Rwiang, Kalipai, Kmai Um, Lukha, Myntdu, Lamu, Lynriang, Thlu Umwi, Simsang, Teesta, Sonai, Ranganadi, Rangit, Ranichu, Kapili, Karola, Kathakal, Kharsang, Kohora, Kolong, Kundli, Kushiara, Manu, Nonbah, Kynshi, Wah Blei, Lohit, Manas, Maney Khola, Ganol Tura, Milak, Namchik, Noa Dihing, Pachin, Pagldia, Panchnoi, Poma, Yomgo And Mora",7.75,217.0,1.95,5.800000000000001,2.4000000000000004,DHANSIRI,2022-06-30
2022,1259,"RIVER DHANSIRI AT GOLAGHAT, ASSAM",ASSAM,"Tributary Streams - Burhidihing, Dhansiri, Bharalu, Dikrong, Gai Nadi, Digaru, Digboi, Dikhow, Kaljani, Gabharu, Tocklai, Tunia, Larsing, Dhateshwari, Demow, Borsila, Barak, Dibang, Dihing, Senki, Dorika, Subansiri, Siang, Baralia, Tihu, Singra, Damring, Manda, Dikchu, Dzu, Kha Ru, Dzucha, Torsa, Beki, Bereng, Bhogdoi, Jhanji, Jia Bharali, Sankosh, Sanuo Ru, Boginadi, Rilang, Myntang, Tlawng, Tuirial, Serlui, Vaipuanpho, Tuikual, Sakhisih, Damdiai, Chite, Tuirini, Tuivawl, Lawibual, Challui, Mat, Siakah, Chhimtuipui, Tuikum, Sesah, Phe, Teirei, Tut, Tuichhuahen, Tiau, Tuipui, Nongal, Simsang, Ganol, Damring, Waikhrwi, Kwai, Teirei, Khawthlangtuipui, Ngengpui Stream, Vantawng, Sderkariah, Laitryngew, Wahkhlek Khlek, Wahrew, Umngi, Rwiang, Kalipai, Kmai Um, Lukha, Myntdu, Lamu, Lynriang, Thlu Umwi, Simsang, Teesta, Sonai, Ranganadi, Rangit, Ranichu, Kapili, Karola, Kathakal, Kharsang, Kohora, Kolong, Kundli, Kushiara, Manu, Nonbah, Kynshi, Wah Blei, Lohit, Manas, Maney Khola, Ganol Tura, Milak, Namchik, Noa Dihing, Pachin, Pagldia, Panchnoi, Poma, Yomgo And Mora",7.1,186.0,2.55,7.75,1.4,DHANSIRI,2022-06-30
2022,3764,"RIVER DHANSIRI NEAR BRIDGE AT NH-15, DHANSIRI BHALUKMARI JUNGLE, UDALGURI",ASSAM,"Tributary Streams - Burhidihing, Dhansiri, Bharalu, Dikrong, Gai Nadi, Digaru, Digboi, Dikhow, Kaljani, Gabharu, Tocklai, Tunia, Larsing, Dhateshwari, Demow, Borsila, Barak, Dibang, Dihing, Senki, Dorika, Subansiri, Siang, Baralia, Tihu, Singra, Damring, Manda, Dikchu, Dzu, Kha Ru, Dzucha, Torsa, Beki, Bereng, Bhogdoi, Jhanji, Jia Bharali, Sankosh, Sanuo Ru, Boginadi, Rilang, Myntang, Tlawng, Tuirial, Serlui, Vaipuanpho, Tuikual, Sakhisih, Damdiai, Chite, Tuirini, Tuivawl, Lawibual, Challui, Mat, Siakah, Chhimtuipui, Tuikum, Sesah, Phe, Teirei, Tut, Tuichhuahen, Tiau, Tuipui, Nongal, Simsang, Ganol, Damring, Waikhrwi, Kwai, Teirei, Khawthlangtuipui, Ngengpui Stream, Vantawng, Sderkariah, Laitryngew, Wahkhlek Khlek, Wahrew, Umngi, Rwiang, Kalipai, Kmai Um, Lukha, Myntdu, Lamu, Lynriang, Thlu Umwi, Simsang, Teesta, Sonai, Ranganadi, Rangit, Ranichu, Kapili, Karola, Kathakal, Kharsang, Kohora, Kolong, Kundli, Kushiara, Manu, Nonbah, Kynshi, Wah Blei, Lohit, Manas, Maney Khola, Ganol Tura, Milak, Namchik, Noa Dihing, Pachin, Pagldia, Panchnoi, Poma, Yomgo And Mora",7.4,128.5,2.4000000000000004,6.3,1.0,DHANSIRI,2022-06-30
2022,30070,RIVER DHANSIRI AT GANESH NAGAR,NAGALAND,"Tributary Streams - Burhidihing, Dhansiri, Bharalu, Dikrong, Gai Nadi, Digaru, Digboi, Dikhow, Kaljani, Gabharu, Tocklai, Tunia, Larsing, Dhateshwari, Demow, Borsila, Barak, Dibang, Dihing, Senki, Dorika, Subansiri, Siang, Baralia, Tihu, Singra, Damring, Manda, Dikchu, Dzu, Kha Ru, Dzucha, Torsa, Beki, Bereng, Bhogdoi, Jhanji, Jia Bharali, Sankosh, Sanuo Ru, Boginadi, Rilang, Myntang, Tlawng, Tuirial, Serlui, Vaipuanpho, Tuikual, Sakhisih, Damdiai, Chite, Tuirini, Tuivawl, Lawibual, Challui, Mat, Siakah, Chhimtuipui, Tuikum, Sesah, Phe, Teirei, Tut, Tuichhuahen, Tiau, Tuipui, Nongal, Simsang, Ganol, Damring, Waikhrwi, Kwai, Teirei, Khawthlangtuipui, Ngengpui Stream, Vantawng, Sderkariah, Laitryngew, Wahkhlek Khlek, Wahrew, Umngi, Rwiang, Kalipai, Kmai Um, Lukha, Myntdu, Lamu, Lynriang, Thlu Umwi, Simsang, Teesta, Sonai, Ranganadi, Rangit, Ranichu, Kapili, Karola, Kathakal, Kharsang, Kohora, Kolong, Kundli, Kushiara, Manu, Nonbah, Kynshi, Wah Blei, Lohit, Manas, Maney Khola, Ganol Tura, Milak, Namchik, Noa Dihing, Pachin, Pagldia, Panchnoi, Poma, Yomgo And Mora",7.1,166.5,2.1,7.9,0.32,DHANSIRI,2022-06-30
2022,30071,RIVER DHANSIRI AT NAGARJAN BRIDGE,NAGALAND,"Tributary Streams - Burhidihing, Dhansiri, Bharalu, Dikrong, Gai Nadi, Digaru, Digboi, Dikhow, Kaljani, Gabharu, Tocklai, Tunia, Larsing, Dhateshwari, Demow, Borsila, Barak, Dibang, Dihing, Senki, Dorika, Subansiri, Siang, Baralia, Tihu, Singra, Damring, Manda, Dikchu, Dzu, Kha Ru, Dzucha, Torsa, Beki, Bereng, Bhogdoi, Jhanji, Jia Bharali, Sankosh, Sanuo Ru, Boginadi, Rilang, Myntang, Tlawng, Tuirial, Serlui, Vaipuanpho, Tuikual, Sakhisih, Damdiai, Chite, Tuirini, Tuivawl, Lawibual, Challui, Mat, Siakah, Chhimtuipui, Tuikum, Sesah, Phe, Teirei, Tut, Tuichhuahen, Tiau, Tuipui, Nongal, Simsang, Ganol, Damring, Waikhrwi, Kwai, Teirei, Khawthlangtuipui, Ngengpui Stream, Vantawng, Sderkariah, Laitryngew, Wahkhlek Khlek, Wahrew, Umngi, Rwiang, Kalipai, Kmai Um, Lukha, Myntdu, Lamu, Lynriang, Thlu Umwi, Simsang, Teesta, Sonai, Ranganadi, Rangit, Ranichu, Kapili, Karola, Kathakal, Kharsang, Kohora, Kolong, Kundli, Kushiara, Manu, Nonbah, Kynshi, Wah Blei, Lohit, Manas, Maney Khola, Ganol Tura, Milak, Namchik, Noa Dihing, Pachin, Pagldia, Panchnoi, Poma, Yomgo And Mora",7.2,160.0,1.8,7.05,0.32,DHANSIRI,2022-06-30
2022,30072,RIVER DHANSIRI AT KHATKATI GATE,NAGALAND,"Tributary Streams - Burhidihing, Dhansiri, Bharalu, Dikrong, Gai Nadi, Digaru, Digboi, Dikhow, Kaljani, Gabharu, Tocklai, Tunia, Larsing, Dhateshwari, Demow, Borsila, Barak, Dibang, Dihing, Senki, Dorika, Subansiri, Siang, Baralia, Tihu, Singra, Damring, Manda, Dikchu, Dzu, Kha Ru, Dzucha, Torsa, Beki, Bereng, Bhogdoi, Jhanji, Jia Bharali, Sankosh, Sanuo Ru, Boginadi, Rilang, Myntang, Tlawng, Tuirial, Serlui, Vaipuanpho, Tuikual, Sakhisih, Damdiai, Chite, Tuirini, Tuivawl, Lawibual, Challui, Mat, Siakah, Chhimtuipui, Tuikum, Sesah, Phe, Teirei, Tut, Tuichhuahen, Tiau, Tuipui, Nongal, Simsang, Ganol, Damring, Waikhrwi, Kwai, Teirei, Khawthlangtuipui, Ngengpui Stream, Vantawng, Sderkariah, Laitryngew, Wahkhlek Khlek, Wahrew, Umngi, Rwiang, Kalipai, Kmai Um, Lukha, Myntdu, Lamu, Lynriang, Thlu Umwi, Simsang, Teesta, Sonai, Ranganadi, Rangit, Ranichu, Kapili, Karola, Kathakal, Kharsang, Kohora, Kolong, Kundli, Kushiara, Manu, Nonbah, Kynshi, Wah Blei, Lohit, Manas, Maney Khola, Ganol Tura, Milak, Namchik, Noa Dihing, Pachin, Pagldia, Panchnoi, Poma, Yomgo And Mora",7.2,190.5,4.8999999999999995,6.4,0.55,DHANSIRI,2022-06-30
2022,30073,RIVER DHANSIRI AT BOKAJAN,ASSAM,"Tributary Streams - Burhidihing, Dhansiri, Bharalu, Dikrong, Gai Nadi, Digaru, Digboi, Dikhow, Kaljani, Gabharu, Tocklai, Tunia, Larsing, Dhateshwari, Demow, Borsila, Barak, Dibang, Dihing, Senki, Dorika, Subansiri, Siang, Baralia, Tihu, Singra, Damring, Manda, Dikchu, Dzu, Kha Ru, Dzucha, Torsa, Beki, Bereng, Bhogdoi, Jhanji, Jia Bharali, Sankosh, Sanuo Ru, Boginadi, Rilang, Myntang, Tlawng, Tuirial, Serlui, Vaipuanpho, Tuikual, Sakhisih, Damdiai, Chite, Tuirini, Tuivawl, Lawibual, Challui, Mat, Siakah, Chhimtuipui, Tuikum, Sesah, Phe, Teirei, Tut, Tuichhuahen, Tiau, Tuipui, Nongal, Simsang, Ganol, Damring, Waikhrwi, Kwai, Teirei, Khawthlangtuipui, Ngengpui Stream, Vantawng, Sderkariah, Laitryngew, Wahkhlek Khlek, Wahrew, Umngi, Rwiang, Kalipai, Kmai Um, Lukha, Myntdu, Lamu, Lynriang, Thlu Umwi, Simsang, Teesta, Sonai, Ranganadi, Rangit, Ranichu, Kapili, Karola, Kathakal, Kharsang, Kohora, Kolong, Kundli, Kushiara, Manu, Nonbah, Kynshi, Wah Blei, Lohit, Manas, Maney Khola, Ganol Tura, Milak, Namchik, Noa Dihing, Pachin, Pagldia, Panchnoi, Poma, Yomgo And Mora",7.1,156.0,4.75,6.25,2.165,DHANSIRI,2022-06-30
2022,30074,RIVER DHANSIRI AT NUMALIGARH,ASSAM,"Tributary Streams - Burhidihing, Dhansiri, Bharalu, Dikrong, Gai Nadi, Digaru, Digboi, Dikhow, Kaljani, Gabharu, Tocklai, Tunia, Larsing, Dhateshwari, Demow, Borsila, Barak, Dibang, Dihing, Senki, Dorika, Subansiri, Siang, Baralia, Tihu, Singra, Damring, Manda, Dikchu, Dzu, Kha Ru, Dzucha, Torsa, Beki, Bereng, Bhogdoi, Jhanji, Jia Bharali, Sankosh, Sanuo Ru, Boginadi, Rilang, Myntang, Tlawng, Tuirial, Serlui, Vaipuanpho, Tuikual, Sakhisih, Damdiai, Chite, Tuirini, Tuivawl, Lawibual, Challui, Mat, Siakah, Chhimtuipui, Tuikum, Sesah, Phe, Teirei, Tut, Tuichhuahen, Tiau, Tuipui, Nongal, Simsang, Ganol, Damring, Waikhrwi, Kwai, Teirei, Khawthlangtuipui, Ngengpui Stream, Vantawng, Sderkariah, Laitryngew, Wahkhlek Khlek, Wahrew, Umngi, Rwiang, Kalipai, Kmai Um, Lukha, Myntdu, Lamu, Lynriang, Thlu Umwi, Simsang, Teesta, Sonai, Ranganadi, Rangit, Ranichu, Kapili, Karola, Kathakal, Kharsang, Kohora, Kolong, Kundli, Kushiara, Manu, Nonbah, Kynshi, Wah Blei, Lohit, Manas, Maney Khola, Ganol Tura, Milak, Namchik, Noa Dihing, Pachin, Pagldia, Panchnoi, Poma, Yomgo And Mora",7.15,141.0,1.85,6.25,0.345,DHANSIRI,2022-06-30
2022,1528,"RIVER BHARALU AT GUWAHATI, ASSAM",ASSAM,"Tributary Streams - Burhidihing, Dhansiri, Bharalu, Dikrong, Gai Nadi, Digaru, Digboi, Dikhow, Kaljani, Gabharu, Tocklai, Tunia, Larsing, Dhateshwari, Demow, Borsila, Barak, Dibang, Dihing, Senki, Dorika, Subansiri, Siang, Baralia, Tihu, Singra, Damring, Manda, Dikchu, Dzu, Kha Ru, Dzucha, Torsa, Beki, Bereng, Bhogdoi, Jhanji, Jia Bharali, Sankosh, Sanuo Ru, Boginadi, Rilang, Myntang, Tlawng, Tuirial, Serlui, Vaipuanpho, Tuikual, Sakhisih, Damdiai, Chite, Tuirini, Tuivawl, Lawibual, Challui, Mat, Siakah, Chhimtuipui, Tuikum, Sesah, Phe, Teirei, Tut, Tuichhuahen, Tiau, Tuipui, Nongal, Simsang, Ganol, Damring, Waikhrwi, Kwai, Teirei, Khawthlangtuipui, Ngengpui Stream, Vantawng, Sderkariah, Laitryngew, Wahkhlek Khlek, Wahrew, Umngi, Rwiang, Kalipai, Kmai Um, Lukha, Myntdu, Lamu, Lynriang, Thlu Umwi, Simsang, Teesta, Sonai, Ranganadi, Rangit, Ranichu, Kapili, Karola, Kathakal, Kharsang, Kohora, Kolong, Kundli, Kushiara, Manu, Nonbah, Kynshi, Wah Blei, Lohit, Manas, Maney Khola, Ganol Tura, Milak, Namchik, Noa Dihing, Pachin, Pagldia, Panchnoi, Poma, Yomgo And Mora",7.3,631.0,36.400000000000006,1.0,2.55,BHARALU,2022-06-30
2022,3759,"RIVER DIKRONG NEAR BRIDGE AT NH-52, BANDARDEWA",ASSAM,"Tributary Streams - Burhidihing, Dhansiri, Bharalu, Dikrong, Gai Nadi, Digaru, Digboi, Dikhow, Kaljani, Gabharu, Tocklai, Tunia, Larsing, Dhateshwari, Demow, Borsila, Barak, Dibang, Dihing, Senki, Dorika, Subansiri, Siang, Baralia, Tihu, Singra, Damring, Manda, Dikchu, Dzu, Kha Ru, Dzucha, Torsa, Beki, Bereng, Bhogdoi, Jhanji, Jia Bharali, Sankosh, Sanuo Ru, Boginadi, Rilang, Myntang, Tlawng, Tuirial, Serlui, Vaipuanpho, Tuikual, Sakhisih, Damdiai, Chite, Tuirini, Tuivawl, Lawibual, Challui, Mat, Siakah, Chhimtuipui, Tuikum, Sesah, Phe, Teirei, Tut, Tuichhuahen, Tiau, Tuipui, Nongal, Simsang, Ganol, Damring, Waikhrwi, Kwai, Teirei, Khawthlangtuipui, Ngengpui Stream, Vantawng, Sderkariah, Laitryngew, Wahkhlek Khlek, Wahrew, Umngi, Rwiang, Kalipai, Kmai Um, Lukha, Myntdu, Lamu, Lynriang, Thlu Umwi, Simsang, Teesta, Sonai, Ranganadi, Rangit, Ranichu, Kapili, Karola, Kathakal, Kharsang, Kohora, Kolong, Kundli, Kushiara, Manu, Nonbah, Kynshi, Wah Blei, Lohit, Manas, Maney Khola, Ganol Tura, Milak, Namchik, Noa Dihing, Pachin, Pagldia, Panchnoi, Poma, Yomgo And Mora",7.4,154.0,2.4000000000000004,6.1,1.0,DIKRONG,2022-06-30
2022,3786,"RIVER GAI NADI AT SOMARAJAN, DHEMAJI",ASSAM,"Tributary Streams - Burhidihing, Dhansiri, Bharalu, Dikrong, Gai Nadi, Digaru, Digboi, Dikhow, Kaljani, Gabharu, Tocklai, Tunia, Larsing, Dhateshwari, Demow, Borsila, Barak, Dibang, Dihing, Senki, Dorika, Subansiri, Siang, Baralia, Tihu, Singra, Damring, Manda, Dikchu, Dzu, Kha Ru, Dzucha, Torsa, Beki, Bereng, Bhogdoi, Jhanji, Jia Bharali, Sankosh, Sanuo Ru, Boginadi, Rilang, Myntang, Tlawng, Tuirial, Serlui, Vaipuanpho, Tuikual, Sakhisih, Damdiai, Chite, Tuirini, Tuivawl, Lawibual, Challui, Mat, Siakah, Chhimtuipui, Tuikum, Sesah, Phe, Teirei, Tut, Tuichhuahen, Tiau, Tuipui, Nongal, Simsang, Ganol, Damring, Waikhrwi, Kwai, Teirei, Khawthlangtuipui, Ngengpui Stream, Vantawng, Sderkariah, Laitryngew, Wahkhlek Khlek, Wahrew, Umngi, Rwiang, Kalipai, Kmai Um, Lukha, Myntdu, Lamu, Lynriang, Thlu Umwi, Simsang, Teesta, Sonai, Ranganadi, Rangit, Ranichu, Kapili, Karola, Kathakal, Kharsang, Kohora, Kolong, Kundli, Kushiara, Manu, Nonbah, Kynshi, Wah Blei, Lohit, Manas, Maney Khola, Ganol Tura, Milak, Namchik, Noa Dihing, Pachin, Pagldia, Panchnoi, Poma, Yomgo And Mora",7.4,209.0,2.4,7.05,0.95,GAI NADI,2022-06-30
2022,3807,RIVER DIGARU AT NH CROSSING,ASSAM,"Tributary Streams - Burhidihing, Dhansiri, Bharalu, Dikrong, Gai Nadi, Digaru, Digboi, Dikhow, Kaljani, Gabharu, Tocklai, Tunia, Larsing, Dhateshwari, Demow, Borsila, Barak, Dibang, Dihing, Senki, Dorika, Subansiri, Siang, Baralia, Tihu, Singra, Damring, Manda, Dikchu, Dzu, Kha Ru, Dzucha, Torsa, Beki, Bereng, Bhogdoi, Jhanji, Jia Bharali, Sankosh, Sanuo Ru, Boginadi, Rilang, Myntang, Tlawng, Tuirial, Serlui, Vaipuanpho, Tuikual, Sakhisih, Damdiai, Chite, Tuirini, Tuivawl, Lawibual, Challui, Mat, Siakah, Chhimtuipui, Tuikum, Sesah, Phe, Teirei, Tut, Tuichhuahen, Tiau, Tuipui, Nongal, Simsang, Ganol, Damring, Waikhrwi, Kwai, Teirei, Khawthlangtuipui, Ngengpui Stream, Vantawng, Sderkariah, Laitryngew, Wahkhlek Khlek, Wahrew, Umngi, Rwiang, Kalipai, Kmai Um, Lukha, Myntdu, Lamu, Lynriang, Thlu Umwi, Simsang, Teesta, Sonai, Ranganadi, Rangit, Ranichu, Kapili, Karola, Kathakal, Kharsang, Kohora, Kolong, Kundli, Kushiara, Manu, Nonbah, Kynshi, Wah Blei, Lohit, Manas, Maney Khola, Ganol Tura, Milak, Namchik, Noa Dihing, Pachin, Pagldia, Panchnoi, Poma, Yomgo And Mora",7.2,109.0,2.45,6.800000000000001,1.2000000000000002,DIGARU,2022-06-30
2022,1530,"RIVER DIGBOI AT LAKHIPATHE, RESERVE FOREST, DIGBOI, ASSAM",ASSAM,"Tributary Streams - Burhidihing, Dhansiri, Bharalu, Dikrong, Gai Nadi, Digaru, Digboi, Dikhow, Kaljani, Gabharu, Tocklai, Tunia, Larsing, Dhateshwari, Demow, Borsila, Barak, Dibang, Dihing, Senki, Dorika, Subansiri, Siang, Baralia, Tihu, Singra, Damring, Manda, Dikchu, Dzu, Kha Ru, Dzucha, Torsa, Beki, Bereng, Bhogdoi, Jhanji, Jia Bharali, Sankosh, Sanuo Ru, Boginadi, Rilang, Myntang, Tlawng, Tuirial, Serlui, Vaipuanpho, Tuikual, Sakhisih, Damdiai, Chite, Tuirini, Tuivawl, Lawibual, Challui, Mat, Siakah, Chhimtuipui, Tuikum, Sesah, Phe, Teirei, Tut, Tuichhuahen, Tiau, Tuipui, Nongal, Simsang, Ganol, Damring, Waikhrwi, Kwai, Teirei, Khawthlangtuipui, Ngengpui Stream, Vantawng, Sderkariah, Laitryngew, Wahkhlek Khlek, Wahrew, Umngi, Rwiang, Kalipai, Kmai Um, Lukha, Myntdu, Lamu, Lynriang, Thlu Umwi, Simsang, Teesta, Sonai, Ranganadi, Rangit, Ranichu, Kapili, Karola, Kathakal, Kharsang, Kohora, Kolong, Kundli, Kushiara, Manu, Nonbah, Kynshi, Wah Blei, Lohit, Manas, Maney Khola, Ganol Tura, Milak, Namchik, Noa Dihing, Pachin, Pagldia, Panchnoi, Poma, Yomgo And Mora",7.15,308.0,3.7,4.3,1.1,DIGBOI,2022-06-30
2022,2231,"RIVER DIKHOW AT DIKHOW BRIDGE SIVASAGAR, ASSAM",ASSAM,"Tributary Streams - Burhidihing, Dhansiri, Bharalu, Dikrong, Gai Nadi, Digaru, Digboi, Dikhow, Kaljani, Gabharu, Tocklai, Tunia, Larsing, Dhateshwari, Demow, Borsila, Barak, Dibang, Dihing, Senki, Dorika, Subansiri, Siang, Baralia, Tihu, Singra, Damring, Manda, Dikchu, Dzu, Kha Ru, Dzucha, Torsa, Beki, Bereng, Bhogdoi, Jhanji, Jia Bharali, Sankosh, Sanuo Ru, Boginadi, Rilang, Myntang, Tlawng, Tuirial, Serlui, Vaipuanpho, Tuikual, Sakhisih, Damdiai, Chite, Tuirini, Tuivawl, Lawibual, Challui, Mat, Siakah, Chhimtuipui, Tuikum, Sesah, Phe, Teirei, Tut, Tuichhuahen, Tiau, Tuipui, Nongal, Simsang, Ganol, Damring, Waikhrwi, Kwai, Teirei, Khawthlangtuipui, Ngengpui Stream, Vantawng, Sderkariah, Laitryngew, Wahkhlek Khlek, Wahrew, Umngi, Rwiang, Kalipai, Kmai Um, Lukha, Myntdu, Lamu, Lynriang, Thlu Umwi, Simsang, Teesta, Sonai, Ranganadi, Rangit, Ranichu, Kapili, Karola, Kathakal, Kharsang, Kohora, Kolong, Kundli, Kushiara, Manu, Nonbah, Kynshi, Wah Blei, Lohit, Manas, Maney Khola, Ganol Tura, Milak, Namchik, Noa Dihing, Pachin, Pagldia, Panchnoi, Poma, Yomgo And Mora",7.35,222.0,2.3,6.5,1.1,DIKHOW,2022-06-30
2022,3776,"RIVER DIKHOW AT NAGINI MORA (INTER-STATE BOUNDARIES, ASSAM-NAGALAND)",ASSAM,"Tributary Streams - Burhidihing, Dhansiri, Bharalu, Dikrong, Gai Nadi, Digaru, Digboi, Dikhow, Kaljani, Gabharu, Tocklai, Tunia, Larsing, Dhateshwari, Demow, Borsila, Barak, Dibang, Dihing, Senki, Dorika, Subansiri, Siang, Baralia, Tihu, Singra, Damring, Manda, Dikchu, Dzu, Kha Ru, Dzucha, Torsa, Beki, Bereng, Bhogdoi, Jhanji, Jia Bharali, Sankosh, Sanuo Ru, Boginadi, Rilang, Myntang, Tlawng, Tuirial, Serlui, Vaipuanpho, Tuikual, Sakhisih, Damdiai, Chite, Tuirini, Tuivawl, Lawibual, Challui, Mat, Siakah, Chhimtuipui, Tuikum, Sesah, Phe, Teirei, Tut, Tuichhuahen, Tiau, Tuipui, Nongal, Simsang, Ganol, Damring, Waikhrwi, Kwai, Teirei, Khawthlangtuipui, Ngengpui Stream, Vantawng, Sderkariah, Laitryngew, Wahkhlek Khlek, Wahrew, Umngi, Rwiang, Kalipai, Kmai Um, Lukha, Myntdu, Lamu, Lynriang, Thlu Umwi, Simsang, Teesta, Sonai, Ranganadi, Rangit, Ranichu, Kapili, Karola, Kathakal, Kharsang, Kohora, Kolong, Kundli, Kushiara, Manu, Nonbah, Kynshi, Wah Blei, Lohit, Manas, Maney Khola, Ganol Tura, Milak, Namchik, Noa Dihing, Pachin, Pagldia, Panchnoi, Poma, Yomgo And Mora",7.1,210.5,2.4000000000000004,6.85,1.0,DIKHOW,2022-06-30
2022,3778,RIVER DIKHOW AT DIKHOWMUKH CONFLUENCE WITH BRAHAMPUTRA,ASSAM,"Tributary Streams - Burhidihing, Dhansiri, Bharalu, Dikrong, Gai Nadi, Digaru, Digboi, Dikhow, Kaljani, Gabharu, Tocklai, Tunia, Larsing, Dhateshwari, Demow, Borsila, Barak, Dibang, Dihing, Senki, Dorika, Subansiri, Siang, Baralia, Tihu, Singra, Damring, Manda, Dikchu, Dzu, Kha Ru, Dzucha, Torsa, Beki, Bereng, Bhogdoi, Jhanji, Jia Bharali, Sankosh, Sanuo Ru, Boginadi, Rilang, Myntang, Tlawng, Tuirial, Serlui, Vaipuanpho, Tuikual, Sakhisih, Damdiai, Chite, Tuirini, Tuivawl, Lawibual, Challui, Mat, Siakah, Chhimtuipui, Tuikum, Sesah, Phe, Teirei, Tut, Tuichhuahen, Tiau, Tuipui, Nongal, Simsang, Ganol, Damring, Waikhrwi, Kwai, Teirei, Khawthlangtuipui, Ngengpui Stream, Vantawng, Sderkariah, Laitryngew, Wahkhlek Khlek, Wahrew, Umngi, Rwiang, Kalipai, Kmai Um, Lukha, Myntdu, Lamu, Lynriang, Thlu Umwi, Simsang, Teesta, Sonai, Ranganadi, Rangit, Ranichu, Kapili, Karola, Kathakal, Kharsang, Kohora, Kolong, Kundli, Kushiara, Manu, Nonbah, Kynshi, Wah Blei, Lohit, Manas, Maney Khola, Ganol Tura, Milak, Namchik, Noa Dihing, Pachin, Pagldia, Panchnoi, Poma, Yomgo And Mora",7.3,184.0,2.5,6.449999999999999,1.0,DIKHOW,2022-06-30
2022,2524,"RIVER KALJANI D/S OF ALIPURDWAR, MUNICIPALITY DISCHARGE POINT, COOCHBEHAR",WEST BENGAL,"Tributary Streams - Burhidihing, Dhansiri, Bharalu, Dikrong, Gai Nadi, Digaru, Digboi, Dikhow, Kaljani, Gabharu, Tocklai, Tunia, Larsing, Dhateshwari, Demow, Borsila, Barak, Dibang, Dihing, Senki, Dorika, Subansiri, Siang, Baralia, Tihu, Singra, Damring, Manda, Dikchu, Dzu, Kha Ru, Dzucha, Torsa, Beki, Bereng, Bhogdoi, Jhanji, Jia Bharali, Sankosh, Sanuo Ru, Boginadi, Rilang, Myntang, Tlawng, Tuirial, Serlui, Vaipuanpho, Tuikual, Sakhisih, Damdiai, Chite, Tuirini, Tuivawl, Lawibual, Challui, Mat, Siakah, Chhimtuipui, Tuikum, Sesah, Phe, Teirei, Tut, Tuichhuahen, Tiau, Tuipui, Nongal, Simsang, Ganol, Damring, Waikhrwi, Kwai, Teirei, Khawthlangtuipui, Ngengpui Stream, Vantawng, Sderkariah, Laitryngew, Wahkhlek Khlek, Wahrew, Umngi, Rwiang, Kalipai, Kmai Um, Lukha, Myntdu, Lamu, Lynriang, Thlu Umwi, Simsang, Teesta, Sonai, Ranganadi, Rangit, Ranichu, Kapili, Karola, Kathakal, Kharsang, Kohora, Kolong, Kundli, Kushiara, Manu, Nonbah, Kynshi, Wah Blei, Lohit, Manas, Maney Khola, Ganol Tura, Milak, Namchik, Noa Dihing, Pachin, Pagldia, Panchnoi, Poma, Yomgo And Mora",7.154999999999999,112.0,1.75,7.5,,KALJANI,2022-06-30
2022,1298,"RIVER DISANG AT GUDAMGHAT, ASSAM",ASSAM,"Tributary Streams - Burhidihing, Dhansiri, Bharalu, Dikrong, Gai Nadi, Digaru, Digboi, Dikhow, Kaljani, Gabharu, Tocklai, Tunia, Larsing, Dhateshwari, Demow, Borsila, Barak, Dibang, Dihing, Senki, Dorika, Subansiri, Siang, Baralia, Tihu, Singra, Damring, Manda, Dikchu, Dzu, Kha Ru, Dzucha, Torsa, Beki, Bereng, Bhogdoi, Jhanji, Jia Bharali, Sankosh, Sanuo Ru, Boginadi, Rilang, Myntang, Tlawng, Tuirial, Serlui, Vaipuanpho, Tuikual, Sakhisih, Damdiai, Chite, Tuirini, Tuivawl, Lawibual, Challui, Mat, Siakah, Chhimtuipui, Tuikum, Sesah, Phe, Teirei, Tut, Tuichhuahen, Tiau, Tuipui, Nongal, Simsang, Ganol, Damring, Waikhrwi, Kwai, Teirei, Khawthlangtuipui, Ngengpui Stream, Vantawng, Sderkariah, Laitryngew, Wahkhlek Khlek, Wahrew, Umngi, Rwiang, Kalipai, Kmai Um, Lukha, Myntdu, Lamu, Lynriang, Thlu Umwi, Simsang, Teesta, Sonai, Ranganadi, Rangit, Ranichu, Kapili, Karola, Kathakal, Kharsang, Kohora, Kolong, Kundli, Kushiara, Manu, Nonbah, Kynshi, Wah Blei, Lohit, Manas, Maney Khola, Ganol Tura, Milak, Namchik, Noa Dihing, Pachin, Pagldia, Panchnoi, Poma, Yomgo And Mora",7.2,231.0,2.35,6.75,1.05,DISANG,2022-06-30
2022,2058,"RIVER DISANG AT DILLIGHAT, DIBRUGARH DIST., ASSAM",ASSAM,"Tributary Streams - Burhidihing, Dhansiri, Bharalu, Dikrong, Gai Nadi, Digaru, Digboi, Dikhow, Kaljani, Gabharu, Tocklai, Tunia, Larsing, Dhateshwari, Demow, Borsila, Barak, Dibang, Dihing, Senki, Dorika, Subansiri, Siang, Baralia, Tihu, Singra, Damring, Manda, Dikchu, Dzu, Kha Ru, Dzucha, Torsa, Beki, Bereng, Bhogdoi, Jhanji, Jia Bharali, Sankosh, Sanuo Ru, Boginadi, Rilang, Myntang, Tlawng, Tuirial, Serlui, Vaipuanpho, Tuikual, Sakhisih, Damdiai, Chite, Tuirini, Tuivawl, Lawibual, Challui, Mat, Siakah, Chhimtuipui, Tuikum, Sesah, Phe, Teirei, Tut, Tuichhuahen, Tiau, Tuipui, Nongal, Simsang, Ganol, Damring, Waikhrwi, Kwai, Teirei, Khawthlangtuipui, Ngengpui Stream, Vantawng, Sderkariah, Laitryngew, Wahkhlek Khlek, Wahrew, Umngi, Rwiang, Kalipai, Kmai Um, Lukha, Myntdu, Lamu, Lynriang, Thlu Umwi, Simsang, Teesta, Sonai, Ranganadi, Rangit, Ranichu, Kapili, Karola, Kathakal, Kharsang, Kohora, Kolong, Kundli, Kushiara, Manu, Nonbah, Kynshi, Wah Blei, Lohit, Manas, Maney Khola, Ganol Tura, Milak, Namchik, Noa Dihing, Pachin, Pagldia, Panchnoi, Poma, Yomgo And Mora",7.300000000000001,177.0,2.4,7.300000000000001,1.25,DISANG,2022-06-30
2022,4005,RIVER DISANG AT NH CROSSING,ASSAM,"Tributary Streams - Burhidihing, Dhansiri, Bharalu, Dikrong, Gai Nadi, Digaru, Digboi, Dikhow, Kaljani, Gabharu, Tocklai, Tunia, Larsing, Dhateshwari, Demow, Borsila, Barak, Dibang, Dihing, Senki, Dorika, Subansiri, Siang, Baralia, Tihu, Singra, Damring, Manda, Dikchu, Dzu, Kha Ru, Dzucha, Torsa, Beki, Bereng, Bhogdoi, Jhanji, Jia Bharali, Sankosh, Sanuo Ru, Boginadi, Rilang, Myntang, Tlawng, Tuirial, Serlui, Vaipuanpho, Tuikual, Sakhisih, Damdiai, Chite, Tuirini, Tuivawl, Lawibual, Challui, Mat, Siakah, Chhimtuipui, Tuikum, Sesah, Phe, Teirei, Tut, Tuichhuahen, Tiau, Tuipui, Nongal, Simsang, Ganol, Damring, Waikhrwi, Kwai, Teirei, Khawthlangtuipui, Ngengpui Stream, Vantawng, Sderkariah, Laitryngew, Wahkhlek Khlek, Wahrew, Umngi, Rwiang, Kalipai, Kmai Um, Lukha, Myntdu, Lamu, Lynriang, Thlu Umwi, Simsang, Teesta, Sonai, Ranganadi, Rangit, Ranichu, Kapili, Karola, Kathakal, Kharsang, Kohora, Kolong, Kundli, Kushiara, Manu, Nonbah, Kynshi, Wah Blei, Lohit, Manas, Maney Khola, Ganol Tura, Milak, Namchik, Noa Dihing, Pachin, Pagldia, Panchnoi, Poma, Yomgo And Mora",7.15,206.5,2.35,6.1,0.95,DISANG,2022-06-30
2022,3763,"RIVER GABHARU NEAR BRIDGE AT NH-52, NEAR TUMIUKI, SONITPUR",ASSAM,"Tributary Streams - Burhidihing, Dhansiri, Bharalu, Dikrong, Gai Nadi, Digaru, Digboi, Dikhow, Kaljani, Gabharu, Tocklai, Tunia, Larsing, Dhateshwari, Demow, Borsila, Barak, Dibang, Dihing, Senki, Dorika, Subansiri, Siang, Baralia, Tihu, Singra, Damring, Manda, Dikchu, Dzu, Kha Ru, Dzucha, Torsa, Beki, Bereng, Bhogdoi, Jhanji, Jia Bharali, Sankosh, Sanuo Ru, Boginadi, Rilang, Myntang, Tlawng, Tuirial, Serlui, Vaipuanpho, Tuikual, Sakhisih, Damdiai, Chite, Tuirini, Tuivawl, Lawibual, Challui, Mat, Siakah, Chhimtuipui, Tuikum, Sesah, Phe, Teirei, Tut, Tuichhuahen, Tiau, Tuipui, Nongal, Simsang, Ganol, Damring, Waikhrwi, Kwai, Teirei, Khawthlangtuipui, Ngengpui Stream, Vantawng, Sderkariah, Laitryngew, Wahkhlek Khlek, Wahrew, Umngi, Rwiang, Kalipai, Kmai Um, Lukha, Myntdu, Lamu, Lynriang, Thlu Umwi, Simsang, Teesta, Sonai, Ranganadi, Rangit, Ranichu, Kapili, Karola, Kathakal, Kharsang, Kohora, Kolong, Kundli, Kushiara, Manu, Nonbah, Kynshi, Wah Blei, Lohit, Manas, Maney Khola, Ganol Tura, Milak, Namchik, Noa Dihing, Pachin, Pagldia, Panchnoi, Poma, Yomgo And Mora",7.5,115.5,2.45,5.5,0.9500000000000001,GABHARU,2022-06-30
2022,4011,RIVER TOCKLAI NEAR BRIDGE AT JORHAT,ASSAM,"Tributary Streams - Burhidihing, Dhansiri, Bharalu, Dikrong, Gai Nadi, Digaru, Digboi, Dikhow, Kaljani, Gabharu, Tocklai, Tunia, Larsing, Dhateshwari, Demow, Borsila, Barak, Dibang, Dihing, Senki, Dorika, Subansiri, Siang, Baralia, Tihu, Singra, Damring, Manda, Dikchu, Dzu, Kha Ru, Dzucha, Torsa, Beki, Bereng, Bhogdoi, Jhanji, Jia Bharali, Sankosh, Sanuo Ru, Boginadi, Rilang, Myntang, Tlawng, Tuirial, Serlui, Vaipuanpho, Tuikual, Sakhisih, Damdiai, Chite, Tuirini, Tuivawl, Lawibual, Challui, Mat, Siakah, Chhimtuipui, Tuikum, Sesah, Phe, Teirei, Tut, Tuichhuahen, Tiau, Tuipui, Nongal, Simsang, Ganol, Damring, Waikhrwi, Kwai, Teirei, Khawthlangtuipui, Ngengpui Stream, Vantawng, Sderkariah, Laitryngew, Wahkhlek Khlek, Wahrew, Umngi, Rwiang, Kalipai, Kmai Um, Lukha, Myntdu, Lamu, Lynriang, Thlu Umwi, Simsang, Teesta, Sonai, Ranganadi, Rangit, Ranichu, Kapili, Karola, Kathakal, Kharsang, Kohora, Kolong, Kundli, Kushiara, Manu, Nonbah, Kynshi, Wah Blei, Lohit, Manas, Maney Khola, Ganol Tura, Milak, Namchik, Noa Dihing, Pachin, Pagldia, Panchnoi, Poma, Yomgo And Mora",7.25,237.0,2.5,4.75,0.85,TOCKLAI,2022-06-30
2022,4012,RIVER TUNIA AT D/S BRPL,ASSAM,"Tributary Streams - Burhidihing, Dhansiri, Bharalu, Dikrong, Gai Nadi, Digaru, Digboi, Dikhow, Kaljani, Gabharu, Tocklai, Tunia, Larsing, Dhateshwari, Demow, Borsila, Barak, Dibang, Dihing, Senki, Dorika, Subansiri, Siang, Baralia, Tihu, Singra, Damring, Manda, Dikchu, Dzu, Kha Ru, Dzucha, Torsa, Beki, Bereng, Bhogdoi, Jhanji, Jia Bharali, Sankosh, Sanuo Ru, Boginadi, Rilang, Myntang, Tlawng, Tuirial, Serlui, Vaipuanpho, Tuikual, Sakhisih, Damdiai, Chite, Tuirini, Tuivawl, Lawibual, Challui, Mat, Siakah, Chhimtuipui, Tuikum, Sesah, Phe, Teirei, Tut, Tuichhuahen, Tiau, Tuipui, Nongal, Simsang, Ganol, Damring, Waikhrwi, Kwai, Teirei, Khawthlangtuipui, Ngengpui Stream, Vantawng, Sderkariah, Laitryngew, Wahkhlek Khlek, Wahrew, Umngi, Rwiang, Kalipai, Kmai Um, Lukha, Myntdu, Lamu, Lynriang, Thlu Umwi, Simsang, Teesta, Sonai, Ranganadi, Rangit, Ranichu, Kapili, Karola, Kathakal, Kharsang, Kohora, Kolong, Kundli, Kushiara, Manu, Nonbah, Kynshi, Wah Blei, Lohit, Manas, Maney Khola, Ganol Tura, Milak, Namchik, Noa Dihing, Pachin, Pagldia, Panchnoi, Poma, Yomgo And Mora",7.300000000000001,168.0,2.3499999999999996,5.199999999999999,1.65,TUNIA,2022-06-30
2022,4329,RIVER LARSING NEAR LOCL DEPO AT MOINARBOND,ASSAM,"Tributary Streams - Burhidihing, Dhansiri, Bharalu, Dikrong, Gai Nadi, Digaru, Digboi, Dikhow, Kaljani, Gabharu, Tocklai, Tunia, Larsing, Dhateshwari, Demow, Borsila, Barak, Dibang, Dihing, Senki, Dorika, Subansiri, Siang, Baralia, Tihu, Singra, Damring, Manda, Dikchu, Dzu, Kha Ru, Dzucha, Torsa, Beki, Bereng, Bhogdoi, Jhanji, Jia Bharali, Sankosh, Sanuo Ru, Boginadi, Rilang, Myntang, Tlawng, Tuirial, Serlui, Vaipuanpho, Tuikual, Sakhisih, Damdiai, Chite, Tuirini, Tuivawl, Lawibual, Challui, Mat, Siakah, Chhimtuipui, Tuikum, Sesah, Phe, Teirei, Tut, Tuichhuahen, Tiau, Tuipui, Nongal, Simsang, Ganol, Damring, Waikhrwi, Kwai, Teirei, Khawthlangtuipui, Ngengpui Stream, Vantawng, Sderkariah, Laitryngew, Wahkhlek Khlek, Wahrew, Umngi, Rwiang, Kalipai, Kmai Um, Lukha, Myntdu, Lamu, Lynriang, Thlu Umwi, Simsang, Teesta, Sonai, Ranganadi, Rangit, Ranichu, Kapili, Karola, Kathakal, Kharsang, Kohora, Kolong, Kundli, Kushiara, Manu, Nonbah, Kynshi, Wah Blei, Lohit, Manas, Maney Khola, Ganol Tura, Milak, Namchik, Noa Dihing, Pachin, Pagldia, Panchnoi, Poma, Yomgo And Mora",7.199999999999999,108.0,2.25,5.7,0.8,LARSING,2022-06-30
2022,4331,RIVER DHATESHWARI D/S OF HAILAKANDI,ASSAM,"Tributary Streams - Burhidihing, Dhansiri, Bharalu, Dikrong, Gai Nadi, Digaru, Digboi, Dikhow, Kaljani, Gabharu, Tocklai, Tunia, Larsing, Dhateshwari, Demow, Borsila, Barak, Dibang, Dihing, Senki, Dorika, Subansiri, Siang, Baralia, Tihu, Singra, Damring, Manda, Dikchu, Dzu, Kha Ru, Dzucha, Torsa, Beki, Bereng, Bhogdoi, Jhanji, Jia Bharali, Sankosh, Sanuo Ru, Boginadi, Rilang, Myntang, Tlawng, Tuirial, Serlui, Vaipuanpho, Tuikual, Sakhisih, Damdiai, Chite, Tuirini, Tuivawl, Lawibual, Challui, Mat, Siakah, Chhimtuipui, Tuikum, Sesah, Phe, Teirei, Tut, Tuichhuahen, Tiau, Tuipui, Nongal, Simsang, Ganol, Damring, Waikhrwi, Kwai, Teirei, Khawthlangtuipui, Ngengpui Stream, Vantawng, Sderkariah, Laitryngew, Wahkhlek Khlek, Wahrew, Umngi, Rwiang, Kalipai, Kmai Um, Lukha, Myntdu, Lamu, Lynriang, Thlu Umwi, Simsang, Teesta, Sonai, Ranganadi, Rangit, Ranichu, Kapili, Karola, Kathakal, Kharsang, Kohora, Kolong, Kundli, Kushiara, Manu, Nonbah, Kynshi, Wah Blei, Lohit, Manas, Maney Khola, Ganol Tura, Milak, Namchik, Noa Dihing, Pachin, Pagldia, Panchnoi, Poma, Yomgo And Mora",7.05,153.0,2.4000000000000004,4.55,0.95,DHATESHWARI,2022-06-30
2022,4332,RIVER DEMOW AT DEMOW TOWN,ASSAM,"Tributary Streams - Burhidihing, Dhansiri, Bharalu, Dikrong, Gai Nadi, Digaru, Digboi, Dikhow, Kaljani, Gabharu, Tocklai, Tunia, Larsing, Dhateshwari, Demow, Borsila, Barak, Dibang, Dihing, Senki, Dorika, Subansiri, Siang, Baralia, Tihu, Singra, Damring, Manda, Dikchu, Dzu, Kha Ru, Dzucha, Torsa, Beki, Bereng, Bhogdoi, Jhanji, Jia Bharali, Sankosh, Sanuo Ru, Boginadi, Rilang, Myntang, Tlawng, Tuirial, Serlui, Vaipuanpho, Tuikual, Sakhisih, Damdiai, Chite, Tuirini, Tuivawl, Lawibual, Challui, Mat, Siakah, Chhimtuipui, Tuikum, Sesah, Phe, Teirei, Tut, Tuichhuahen, Tiau, Tuipui, Nongal, Simsang, Ganol, Damring, Waikhrwi, Kwai, Teirei, Khawthlangtuipui, Ngengpui Stream, Vantawng, Sderkariah, Laitryngew, Wahkhlek Khlek, Wahrew, Umngi, Rwiang, Kalipai, Kmai Um, Lukha, Myntdu, Lamu, Lynriang, Thlu Umwi, Simsang, Teesta, Sonai, Ranganadi, Rangit, Ranichu, Kapili, Karola, Kathakal, Kharsang, Kohora, Kolong, Kundli, Kushiara, Manu, Nonbah, Kynshi, Wah Blei, Lohit, Manas, Maney Khola, Ganol Tura, Milak, Namchik, Noa Dihing, Pachin, Pagldia, Panchnoi, Poma, Yomgo And Mora",7.35,168.0,2.55,6.1,0.9500000000000001,DEMOW,2022-06-30
2022,4336,"RIVER BORSILA AT BORSILA, DEOPANI, NAMTI",ASSAM,"Tributary Streams - Burhidihing, Dhansiri, Bharalu, Dikrong, Gai Nadi, Digaru, Digboi, Dikhow, Kaljani, Gabharu, Tocklai, Tunia, Larsing, Dhateshwari, Demow, Borsila, Barak, Dibang, Dihing, Senki, Dorika, Subansiri, Siang, Baralia, Tihu, Singra, Damring, Manda, Dikchu, Dzu, Kha Ru, Dzucha, Torsa, Beki, Bereng, Bhogdoi, Jhanji, Jia Bharali, Sankosh, Sanuo Ru, Boginadi, Rilang, Myntang, Tlawng, Tuirial, Serlui, Vaipuanpho, Tuikual, Sakhisih, Damdiai, Chite, Tuirini, Tuivawl, Lawibual, Challui, Mat, Siakah, Chhimtuipui, Tuikum, Sesah, Phe, Teirei, Tut, Tuichhuahen, Tiau, Tuipui, Nongal, Simsang, Ganol, Damring, Waikhrwi, Kwai, Teirei, Khawthlangtuipui, Ngengpui Stream, Vantawng, Sderkariah, Laitryngew, Wahkhlek Khlek, Wahrew, Umngi, Rwiang, Kalipai, Kmai Um, Lukha, Myntdu, Lamu, Lynriang, Thlu Umwi, Simsang, Teesta, Sonai, Ranganadi, Rangit, Ranichu, Kapili, Karola, Kathakal, Kharsang, Kohora, Kolong, Kundli, Kushiara, Manu, Nonbah, Kynshi, Wah Blei, Lohit, Manas, Maney Khola, Ganol Tura, Milak, Namchik, Noa Dihing, Pachin, Pagldia, Panchnoi, Poma, Yomgo And Mora",7.35,91.5,2.4000000000000004,6.6,0.95,BORSILA,2022-06-30
2022,4341,"RIVER BARNADI NEAR BRIDGE, NH-52, DUMUNICHOWKI KAMRUP",ASSAM,"Tributary Streams - Burhidihing, Dhansiri, Bharalu, Dikrong, Gai Nadi, Digaru, Digboi, Dikhow, Kaljani, Gabharu, Tocklai, Tunia, Larsing, Dhateshwari, Demow, Borsila, Barak, Dibang, Dihing, Senki, Dorika, Subansiri, Siang, Baralia, Tihu, Singra, Damring, Manda, Dikchu, Dzu, Kha Ru, Dzucha, Torsa, Beki, Bereng, Bhogdoi, Jhanji, Jia Bharali, Sankosh, Sanuo Ru, Boginadi, Rilang, Myntang, Tlawng, Tuirial, Serlui, Vaipuanpho, Tuikual, Sakhisih, Damdiai, Chite, Tuirini, Tuivawl, Lawibual, Challui, Mat, Siakah, Chhimtuipui, Tuikum, Sesah, Phe, Teirei, Tut, Tuichhuahen, Tiau, Tuipui, Nongal, Simsang, Ganol, Damring, Waikhrwi, Kwai, Teirei, Khawthlangtuipui, Ngengpui Stream, Vantawng, Sderkariah, Laitryngew, Wahkhlek Khlek, Wahrew, Umngi, Rwiang, Kalipai, Kmai Um, Lukha, Myntdu, Lamu, Lynriang, Thlu Umwi, Simsang, Teesta, Sonai, Ranganadi, Rangit, Ranichu, Kapili, Karola, Kathakal, Kharsang, Kohora, Kolong, Kundli, Kushiara, Manu, Nonbah, Kynshi, Wah Blei, Lohit, Manas, Maney Khola, Ganol Tura, Milak, Namchik, Noa Dihing, Pachin, Pagldia, Panchnoi, Poma, Yomgo And Mora",7.199999999999999,133.0,2.4000000000000004,7.0,1.15,BARNADI,2022-06-30
2022,2838,"RIVER NONEY/IJEI AT NONEY BRIDGE, NONEY",MANIPUR,"Tributary Streams - Burhidihing, Dhansiri, Bharalu, Dikrong, Gai Nadi, Digaru, Digboi, Dikhow, Kaljani, Gabharu, Tocklai, Tunia, Larsing, Dhateshwari, Demow, Borsila, Barak, Dibang, Dihing, Senki, Dorika, Subansiri, Siang, Baralia, Tihu, Singra, Damring, Manda, Dikchu, Dzu, Kha Ru, Dzucha, Torsa, Beki, Bereng, Bhogdoi, Jhanji, Jia Bharali, Sankosh, Sanuo Ru, Boginadi, Rilang, Myntang, Tlawng, Tuirial, Serlui, Vaipuanpho, Tuikual, Sakhisih, Damdiai, Chite, Tuirini, Tuivawl, Lawibual, Challui, Mat, Siakah, Chhimtuipui, Tuikum, Sesah, Phe, Teirei, Tut, Tuichhuahen, Tiau, Tuipui, Nongal, Simsang, Ganol, Damring, Waikhrwi, Kwai, Teirei, Khawthlangtuipui, Ngengpui Stream, Vantawng, Sderkariah, Laitryngew, Wahkhlek Khlek, Wahrew, Umngi, Rwiang, Kalipai, Kmai Um, Lukha, Myntdu, Lamu, Lynriang, Thlu Umwi, Simsang, Teesta, Sonai, Ranganadi, Rangit, Ranichu, Kapili, Karola, Kathakal, Kharsang, Kohora, Kolong, Kundli, Kushiara, Manu, Nonbah, Kynshi, Wah Blei, Lohit, Manas, Maney Khola, Ganol Tura, Milak, Namchik, Noa Dihing, Pachin, Pagldia, Panchnoi, Poma, Yomgo And Mora",7.3,177.5,3.15,7.4,,NONEY/IJEI,2022-06-30
2022,2869,RIVER BARAK AT SENAPATI,MANIPUR,"Tributary Streams - Burhidihing, Dhansiri, Bharalu, Dikrong, Gai Nadi, Digaru, Digboi, Dikhow, Kaljani, Gabharu, Tocklai, Tunia, Larsing, Dhateshwari, Demow, Borsila, Barak, Dibang, Dihing, Senki, Dorika, Subansiri, Siang, Baralia, Tihu, Singra, Damring, Manda, Dikchu, Dzu, Kha Ru, Dzucha, Torsa, Beki, Bereng, Bhogdoi, Jhanji, Jia Bharali, Sankosh, Sanuo Ru, Boginadi, Rilang, Myntang, Tlawng, Tuirial, Serlui, Vaipuanpho, Tuikual, Sakhisih, Damdiai, Chite, Tuirini, Tuivawl, Lawibual, Challui, Mat, Siakah, Chhimtuipui, Tuikum, Sesah, Phe, Teirei, Tut, Tuichhuahen, Tiau, Tuipui, Nongal, Simsang, Ganol, Damring, Waikhrwi, Kwai, Teirei, Khawthlangtuipui, Ngengpui Stream, Vantawng, Sderkariah, Laitryngew, Wahkhlek Khlek, Wahrew, Umngi, Rwiang, Kalipai, Kmai Um, Lukha, Myntdu, Lamu, Lynriang, Thlu Umwi, Simsang, Teesta, Sonai, Ranganadi, Rangit, Ranichu, Kapili, Karola, Kathakal, Kharsang, Kohora, Kolong, Kundli, Kushiara, Manu, Nonbah, Kynshi, Wah Blei, Lohit, Manas, Maney Khola, Ganol Tura, Milak, Namchik, Noa Dihing, Pachin, Pagldia, Panchnoi, Poma, Yomgo And Mora",7.5,235.0,3.0999999999999996,7.4,,BARAK,2022-06-30
2022,2875,"RIVER BARAK AT N.H. 53, TAMENGLONG",MANIPUR,"Tributary Streams - Burhidihing, Dhansiri, Bharalu, Dikrong, Gai Nadi, Digaru, Digboi, Dikhow, Kaljani, Gabharu, Tocklai, Tunia, Larsing, Dhateshwari, Demow, Borsila, Barak, Dibang, Dihing, Senki, Dorika, Subansiri, Siang, Baralia, Tihu, Singra, Damring, Manda, Dikchu, Dzu, Kha Ru, Dzucha, Torsa, Beki, Bereng, Bhogdoi, Jhanji, Jia Bharali, Sankosh, Sanuo Ru, Boginadi, Rilang, Myntang, Tlawng, Tuirial, Serlui, Vaipuanpho, Tuikual, Sakhisih, Damdiai, Chite, Tuirini, Tuivawl, Lawibual, Challui, Mat, Siakah, Chhimtuipui, Tuikum, Sesah, Phe, Teirei, Tut, Tuichhuahen, Tiau, Tuipui, Nongal, Simsang, Ganol, Damring, Waikhrwi, Kwai, Teirei, Khawthlangtuipui, Ngengpui Stream, Vantawng, Sderkariah, Laitryngew, Wahkhlek Khlek, Wahrew, Umngi, Rwiang, Kalipai, Kmai Um, Lukha, Myntdu, Lamu, Lynriang, Thlu Umwi, Simsang, Teesta, Sonai, Ranganadi, Rangit, Ranichu, Kapili, Karola, Kathakal, Kharsang, Kohora, Kolong, Kundli, Kushiara, Manu, Nonbah, Kynshi, Wah Blei, Lohit, Manas, Maney Khola, Ganol Tura, Milak, Namchik, Noa Dihing, Pachin, Pagldia, Panchnoi, Poma, Yomgo And Mora",7.35,180.0,3.15,7.3,,BARAK,2022-06-30
2022,3106,RIVER DIBANG AT ROING (U/S),ARUNACHAL PRADESH,"Tributary Streams - Burhidihing, Dhansiri, Bharalu, Dikrong, Gai Nadi, Digaru, Digboi, Dikhow, Kaljani, Gabharu, Tocklai, Tunia, Larsing, Dhateshwari, Demow, Borsila, Barak, Dibang, Dihing, Senki, Dorika, Subansiri, Siang, Baralia, Tihu, Singra, Damring, Manda, Dikchu, Dzu, Kha Ru, Dzucha, Torsa, Beki, Bereng, Bhogdoi, Jhanji, Jia Bharali, Sankosh, Sanuo Ru, Boginadi, Rilang, Myntang, Tlawng, Tuirial, Serlui, Vaipuanpho, Tuikual, Sakhisih, Damdiai, Chite, Tuirini, Tuivawl, Lawibual, Challui, Mat, Siakah, Chhimtuipui, Tuikum, Sesah, Phe, Teirei, Tut, Tuichhuahen, Tiau, Tuipui, Nongal, Simsang, Ganol, Damring, Waikhrwi, Kwai, Teirei, Khawthlangtuipui, Ngengpui Stream, Vantawng, Sderkariah, Laitryngew, Wahkhlek Khlek, Wahrew, Umngi, Rwiang, Kalipai, Kmai Um, Lukha, Myntdu, Lamu, Lynriang, Thlu Umwi, Simsang, Teesta, Sonai, Ranganadi, Rangit, Ranichu, Kapili, Karola, Kathakal, Kharsang, Kohora, Kolong, Kundli, Kushiara, Manu, Nonbah, Kynshi, Wah Blei, Lohit, Manas, Maney Khola, Ganol Tura, Milak, Namchik, Noa Dihing, Pachin, Pagldia, Panchnoi, Poma, Yomgo And Mora",7.404999999999999,252.5,3.1,9.2,,DIBANG,2022-06-30
2022,3107,RIVER DIHING AT MIAO (U/S OF NOA DIHING),ARUNACHAL PRADESH,"Tributary Streams - Burhidihing, Dhansiri, Bharalu, Dikrong, Gai Nadi, Digaru, Digboi, Dikhow, Kaljani, Gabharu, Tocklai, Tunia, Larsing, Dhateshwari, Demow, Borsila, Barak, Dibang, Dihing, Senki, Dorika, Subansiri, Siang, Baralia, Tihu, Singra, Damring, Manda, Dikchu, Dzu, Kha Ru, Dzucha, Torsa, Beki, Bereng, Bhogdoi, Jhanji, Jia Bharali, Sankosh, Sanuo Ru, Boginadi, Rilang, Myntang, Tlawng, Tuirial, Serlui, Vaipuanpho, Tuikual, Sakhisih, Damdiai, Chite, Tuirini, Tuivawl, Lawibual, Challui, Mat, Siakah, Chhimtuipui, Tuikum, Sesah, Phe, Teirei, Tut, Tuichhuahen, Tiau, Tuipui, Nongal, Simsang, Ganol, Damring, Waikhrwi, Kwai, Teirei, Khawthlangtuipui, Ngengpui Stream, Vantawng, Sderkariah, Laitryngew, Wahkhlek Khlek, Wahrew, Umngi, Rwiang, Kalipai, Kmai Um, Lukha, Myntdu, Lamu, Lynriang, Thlu Umwi, Simsang, Teesta, Sonai, Ranganadi, Rangit, Ranichu, Kapili, Karola, Kathakal, Kharsang, Kohora, Kolong, Kundli, Kushiara, Manu, Nonbah, Kynshi, Wah Blei, Lohit, Manas, Maney Khola, Ganol Tura, Milak, Namchik, Noa Dihing, Pachin, Pagldia, Panchnoi, Poma, Yomgo And Mora",7.275,238.5,1.8499999999999999,9.0,,DIHING,2022-06-30
2022,3095,"RIVER SENKI AT CHANDRANAGAR, ITANAGAR, (U/S OF PACHIN RIVER)",ARUNACHAL PRADESH,"Tributary Streams - Burhidihing, Dhansiri, Bharalu, Dikrong, Gai Nadi, Digaru, Digboi, Dikhow, Kaljani, Gabharu, Tocklai, Tunia, Larsing, Dhateshwari, Demow, Borsila, Barak, Dibang, Dihing, Senki, Dorika, Subansiri, Siang, Baralia, Tihu, Singra, Damring, Manda, Dikchu, Dzu, Kha Ru, Dzucha, Torsa, Beki, Bereng, Bhogdoi, Jhanji, Jia Bharali, Sankosh, Sanuo Ru, Boginadi, Rilang, Myntang, Tlawng, Tuirial, Serlui, Vaipuanpho, Tuikual, Sakhisih, Damdiai, Chite, Tuirini, Tuivawl, Lawibual, Challui, Mat, Siakah, Chhimtuipui, Tuikum, Sesah, Phe, Teirei, Tut, Tuichhuahen, Tiau, Tuipui, Nongal, Simsang, Ganol, Damring, Waikhrwi, Kwai, Teirei, Khawthlangtuipui, Ngengpui Stream, Vantawng, Sderkariah, Laitryngew, Wahkhlek Khlek, Wahrew, Umngi, Rwiang, Kalipai, Kmai Um, Lukha, Myntdu, Lamu, Lynriang, Thlu Umwi, Simsang, Teesta, Sonai, Ranganadi, Rangit, Ranichu, Kapili, Karola, Kathakal, Kharsang, Kohora, Kolong, Kundli, Kushiara, Manu, Nonbah, Kynshi, Wah Blei, Lohit, Manas, Maney Khola, Ganol Tura, Milak, Namchik, Noa Dihing, Pachin, Pagldia, Panchnoi, Poma, Yomgo And Mora",8.74,536.0,2.2,5.3,,SENKI,2022-06-30
2022,3096,RIVER DIKRONG AT NIRJULI (U/S),ARUNACHAL PRADESH,"Tributary Streams - Burhidihing, Dhansiri, Bharalu, Dikrong, Gai Nadi, Digaru, Digboi, Dikhow, Kaljani, Gabharu, Tocklai, Tunia, Larsing, Dhateshwari, Demow, Borsila, Barak, Dibang, Dihing, Senki, Dorika, Subansiri, Siang, Baralia, Tihu, Singra, Damring, Manda, Dikchu, Dzu, Kha Ru, Dzucha, Torsa, Beki, Bereng, Bhogdoi, Jhanji, Jia Bharali, Sankosh, Sanuo Ru, Boginadi, Rilang, Myntang, Tlawng, Tuirial, Serlui, Vaipuanpho, Tuikual, Sakhisih, Damdiai, Chite, Tuirini, Tuivawl, Lawibual, Challui, Mat, Siakah, Chhimtuipui, Tuikum, Sesah, Phe, Teirei, Tut, Tuichhuahen, Tiau, Tuipui, Nongal, Simsang, Ganol, Damring, Waikhrwi, Kwai, Teirei, Khawthlangtuipui, Ngengpui Stream, Vantawng, Sderkariah, Laitryngew, Wahkhlek Khlek, Wahrew, Umngi, Rwiang, Kalipai, Kmai Um, Lukha, Myntdu, Lamu, Lynriang, Thlu Umwi, Simsang, Teesta, Sonai, Ranganadi, Rangit, Ranichu, Kapili, Karola, Kathakal, Kharsang, Kohora, Kolong, Kundli, Kushiara, Manu, Nonbah, Kynshi, Wah Blei, Lohit, Manas, Maney Khola, Ganol Tura, Milak, Namchik, Noa Dihing, Pachin, Pagldia, Panchnoi, Poma, Yomgo And Mora",7.4,853.5,1.7,5.1000000000000005,,DIKRONG,2022-06-30
2022,3097,RIVER SUBANSIRI AT GERUKAMUKH,ARUNACHAL PRADESH,"Tributary Streams - Burhidihing, Dhansiri, Bharalu, Dikrong, Gai Nadi, Digaru, Digboi, Dikhow, Kaljani, Gabharu, Tocklai, Tunia, Larsing, Dhateshwari, Demow, Borsila, Barak, Dibang, Dihing, Senki, Dorika, Subansiri, Siang, Baralia, Tihu, Singra, Damring, Manda, Dikchu, Dzu, Kha Ru, Dzucha, Torsa, Beki, Bereng, Bhogdoi, Jhanji, Jia Bharali, Sankosh, Sanuo Ru, Boginadi, Rilang, Myntang, Tlawng, Tuirial, Serlui, Vaipuanpho, Tuikual, Sakhisih, Damdiai, Chite, Tuirini, Tuivawl, Lawibual, Challui, Mat, Siakah, Chhimtuipui, Tuikum, Sesah, Phe, Teirei, Tut, Tuichhuahen, Tiau, Tuipui, Nongal, Simsang, Ganol, Damring, Waikhrwi, Kwai, Teirei, Khawthlangtuipui, Ngengpui Stream, Vantawng, Sderkariah, Laitryngew, Wahkhlek Khlek, Wahrew, Umngi, Rwiang, Kalipai, Kmai Um, Lukha, Myntdu, Lamu, Lynriang, Thlu Umwi, Simsang, Teesta, Sonai, Ranganadi, Rangit, Ranichu, Kapili, Karola, Kathakal, Kharsang, Kohora, Kolong, Kundli, Kushiara, Manu, Nonbah, Kynshi, Wah Blei, Lohit, Manas, Maney Khola, Ganol Tura, Milak, Namchik, Noa Dihing, Pachin, Pagldia, Panchnoi, Poma, Yomgo And Mora",7.18,171.0,2.35,9.100000000000001,,SUBANSIRI,2022-06-30
2022,3098,"RIVER SIANG AT RANAGHAT, NEAR RCC BRIDGE, PASIGHAT(U/S)",ARUNACHAL PRADESH,"Tributary Streams - Burhidihing, Dhansiri, Bharalu, Dikrong, Gai Nadi, Digaru, Digboi, Dikhow, Kaljani, Gabharu, Tocklai, Tunia, Larsing, Dhateshwari, Demow, Borsila, Barak, Dibang, Dihing, Senki, Dorika, Subansiri, Siang, Baralia, Tihu, Singra, Damring, Manda, Dikchu, Dzu, Kha Ru, Dzucha, Torsa, Beki, Bereng, Bhogdoi, Jhanji, Jia Bharali, Sankosh, Sanuo Ru, Boginadi, Rilang, Myntang, Tlawng, Tuirial, Serlui, Vaipuanpho, Tuikual, Sakhisih, Damdiai, Chite, Tuirini, Tuivawl, Lawibual, Challui, Mat, Siakah, Chhimtuipui, Tuikum, Sesah, Phe, Teirei, Tut, Tuichhuahen, Tiau, Tuipui, Nongal, Simsang, Ganol, Damring, Waikhrwi, Kwai, Teirei, Khawthlangtuipui, Ngengpui Stream, Vantawng, Sderkariah, Laitryngew, Wahkhlek Khlek, Wahrew, Umngi, Rwiang, Kalipai, Kmai Um, Lukha, Myntdu, Lamu, Lynriang, Thlu Umwi, Simsang, Teesta, Sonai, Ranganadi, Rangit, Ranichu, Kapili, Karola, Kathakal, Kharsang, Kohora, Kolong, Kundli, Kushiara, Manu, Nonbah, Kynshi, Wah Blei, Lohit, Manas, Maney Khola, Ganol Tura, Milak, Namchik, Noa Dihing, Pachin, Pagldia, Panchnoi, Poma, Yomgo And Mora",7.505,214.0,2.4,4.7,,SIANG,2022-06-30
2022,3105,"RIVER GAI NADI, NEAR HSS LIKABALI (D/S)",ARUNACHAL PRADESH,"Tributary Streams - Burhidihing, Dhansiri, Bharalu, Dikrong, Gai Nadi, Digaru, Digboi, Dikhow, Kaljani, Gabharu, Tocklai, Tunia, Larsing, Dhateshwari, Demow, Borsila, Barak, Dibang, Dihing, Senki, Dorika, Subansiri, Siang, Baralia, Tihu, Singra, Damring, Manda, Dikchu, Dzu, Kha Ru, Dzucha, Torsa, Beki, Bereng, Bhogdoi, Jhanji, Jia Bharali, Sankosh, Sanuo Ru, Boginadi, Rilang, Myntang, Tlawng, Tuirial, Serlui, Vaipuanpho, Tuikual, Sakhisih, Damdiai, Chite, Tuirini, Tuivawl, Lawibual, Challui, Mat, Siakah, Chhimtuipui, Tuikum, Sesah, Phe, Teirei, Tut, Tuichhuahen, Tiau, Tuipui, Nongal, Simsang, Ganol, Damring, Waikhrwi, Kwai, Teirei, Khawthlangtuipui, Ngengpui Stream, Vantawng, Sderkariah, Laitryngew, Wahkhlek Khlek, Wahrew, Umngi, Rwiang, Kalipai, Kmai Um, Lukha, Myntdu, Lamu, Lynriang, Thlu Umwi, Simsang, Teesta, Sonai, Ranganadi, Rangit, Ranichu, Kapili, Karola, Kathakal, Kharsang, Kohora, Kolong, Kundli, Kushiara, Manu, Nonbah, Kynshi, Wah Blei, Lohit, Manas, Maney Khola, Ganol Tura, Milak, Namchik, Noa Dihing, Pachin, Pagldia, Panchnoi, Poma, Yomgo And Mora",7.875,301.0,1.85,9.05,,"Burhidihing, Dhansiri, Bharalu, Dikrong, Gai Nadi, Digaru, Digboi, Dikhow, Kaljani, Gabharu, Tocklai, Tunia, Larsing, Dhateshwari, Demow, Borsila, Barak, Dibang, Dihing, Senki, Dorika, Subansiri, Siang, Baralia, Tihu, Singra, Damring, Manda, Dikchu, Dzu, Kha Ru, Dzucha, Torsa, Beki, Bereng, Bhogdoi, Jhanji, Jia Bharali, Sankosh, Sanuo Ru, Boginadi, Rilang, Myntang, Tlawng, Tuirial, Serlui, Vaipuanpho, Tuikual, Sakhisih, Damdiai, Chite, Tuirini, Tuivawl, Lawibual, Challui, Mat, Siakah, Chhimtuipui, Tuikum, Sesah, Phe, Teirei, Tut, Tuichhuahen, Tiau, Tuipui, Nongal, Simsang, Ganol, Damring, Waikhrwi, Kwai, Teirei, Khawthlangtuipui, Ngengpui Stream, Vantawng, Sderkariah, Laitryngew, Wahkhlek Khlek, Wahrew, Umngi, Rwiang, Kalipai, Kmai Um, Lukha, Myntdu, Lamu, Lynriang, Thlu Umwi, Simsang, Teesta, Sonai, Ranganadi, Rangit, Ranichu, Kapili, Karola, Kathakal, Kharsang, Kohora, Kolong, Kundli, Kushiara, Manu, Nonbah, Kynshi, Wah Blei, Lohit, Manas, Maney Khola, Ganol Tura, Milak, Namchik, Noa Dihing, Pachin, Pagldia, Panchnoi, Poma, Yomgo And Mora",2022-06-30
2022,3777,"RIVER DORIKA NEAR MSW DUMPING SITE, SIVASAGAR",ASSAM,"Tributary Streams - Burhidihing, Dhansiri, Bharalu, Dikrong, Gai Nadi, Digaru, Digboi, Dikhow, Kaljani, Gabharu, Tocklai, Tunia, Larsing, Dhateshwari, Demow, Borsila, Barak, Dibang, Dihing, Senki, Dorika, Subansiri, Siang, Baralia, Tihu, Singra, Damring, Manda, Dikchu, Dzu, Kha Ru, Dzucha, Torsa, Beki, Bereng, Bhogdoi, Jhanji, Jia Bharali, Sankosh, Sanuo Ru, Boginadi, Rilang, Myntang, Tlawng, Tuirial, Serlui, Vaipuanpho, Tuikual, Sakhisih, Damdiai, Chite, Tuirini, Tuivawl, Lawibual, Challui, Mat, Siakah, Chhimtuipui, Tuikum, Sesah, Phe, Teirei, Tut, Tuichhuahen, Tiau, Tuipui, Nongal, Simsang, Ganol, Damring, Waikhrwi, Kwai, Teirei, Khawthlangtuipui, Ngengpui Stream, Vantawng, Sderkariah, Laitryngew, Wahkhlek Khlek, Wahrew, Umngi, Rwiang, Kalipai, Kmai Um, Lukha, Myntdu, Lamu, Lynriang, Thlu Umwi, Simsang, Teesta, Sonai, Ranganadi, Rangit, Ranichu, Kapili, Karola, Kathakal, Kharsang, Kohora, Kolong, Kundli, Kushiara, Manu, Nonbah, Kynshi, Wah Blei, Lohit, Manas, Maney Khola, Ganol Tura, Milak, Namchik, Noa Dihing, Pachin, Pagldia, Panchnoi, Poma, Yomgo And Mora",7.199999999999999,185.5,2.3,5.3,0.85,DORIKA,2022-06-30
2022,1261,RIVER SUBANSIRI AT GERUKAMUKH (BEFORE CONFLUENCE WITH RIVER BRAHMAPUTRA),ASSAM,"Tributary Streams - Burhidihing, Dhansiri, Bharalu, Dikrong, Gai Nadi, Digaru, Digboi, Dikhow, Kaljani, Gabharu, Tocklai, Tunia, Larsing, Dhateshwari, Demow, Borsila, Barak, Dibang, Dihing, Senki, Dorika, Subansiri, Siang, Baralia, Tihu, Singra, Damring, Manda, Dikchu, Dzu, Kha Ru, Dzucha, Torsa, Beki, Bereng, Bhogdoi, Jhanji, Jia Bharali, Sankosh, Sanuo Ru, Boginadi, Rilang, Myntang, Tlawng, Tuirial, Serlui, Vaipuanpho, Tuikual, Sakhisih, Damdiai, Chite, Tuirini, Tuivawl, Lawibual, Challui, Mat, Siakah, Chhimtuipui, Tuikum, Sesah, Phe, Teirei, Tut, Tuichhuahen, Tiau, Tuipui, Nongal, Simsang, Ganol, Damring, Waikhrwi, Kwai, Teirei, Khawthlangtuipui, Ngengpui Stream, Vantawng, Sderkariah, Laitryngew, Wahkhlek Khlek, Wahrew, Umngi, Rwiang, Kalipai, Kmai Um, Lukha, Myntdu, Lamu, Lynriang, Thlu Umwi, Simsang, Teesta, Sonai, Ranganadi, Rangit, Ranichu, Kapili, Karola, Kathakal, Kharsang, Kohora, Kolong, Kundli, Kushiara, Manu, Nonbah, Kynshi, Wah Blei, Lohit, Manas, Maney Khola, Ganol Tura, Milak, Namchik, Noa Dihing, Pachin, Pagldia, Panchnoi, Poma, Yomgo And Mora",7.45,130.0,2.45,8.25,1.2000000000000002,SUBANSIRI,2022-06-30
2022,4342,"RIVER BARALIA (NEAR CHATPUJA GHAT) RANGIA, KAMRUP",ASSAM,"Tributary Streams - Burhidihing, Dhansiri, Bharalu, Dikrong, Gai Nadi, Digaru, Digboi, Dikhow, Kaljani, Gabharu, Tocklai, Tunia, Larsing, Dhateshwari, Demow, Borsila, Barak, Dibang, Dihing, Senki, Dorika, Subansiri, Siang, Baralia, Tihu, Singra, Damring, Manda, Dikchu, Dzu, Kha Ru, Dzucha, Torsa, Beki, Bereng, Bhogdoi, Jhanji, Jia Bharali, Sankosh, Sanuo Ru, Boginadi, Rilang, Myntang, Tlawng, Tuirial, Serlui, Vaipuanpho, Tuikual, Sakhisih, Damdiai, Chite, Tuirini, Tuivawl, Lawibual, Challui, Mat, Siakah, Chhimtuipui, Tuikum, Sesah, Phe, Teirei, Tut, Tuichhuahen, Tiau, Tuipui, Nongal, Simsang, Ganol, Damring, Waikhrwi, Kwai, Teirei, Khawthlangtuipui, Ngengpui Stream, Vantawng, Sderkariah, Laitryngew, Wahkhlek Khlek, Wahrew, Umngi, Rwiang, Kalipai, Kmai Um, Lukha, Myntdu, Lamu, Lynriang, Thlu Umwi, Simsang, Teesta, Sonai, Ranganadi, Rangit, Ranichu, Kapili, Karola, Kathakal, Kharsang, Kohora, Kolong, Kundli, Kushiara, Manu, Nonbah, Kynshi, Wah Blei, Lohit, Manas, Maney Khola, Ganol Tura, Milak, Namchik, Noa Dihing, Pachin, Pagldia, Panchnoi, Poma, Yomgo And Mora",7.5,173.5,2.5,6.45,1.2000000000000002,"Burhidihing, Dhansiri, Bharalu, Dikrong, Gai Nadi, Digaru, Digboi, Dikhow, Kaljani, Gabharu, Tocklai, Tunia, Larsing, Dhateshwari, Demow, Borsila, Barak, Dibang, Dihing, Senki, Dorika, Subansiri, Siang, Baralia, Tihu, Singra, Damring, Manda, Dikchu, Dzu, Kha Ru, Dzucha, Torsa, Beki, Bereng, Bhogdoi, Jhanji, Jia Bharali, Sankosh, Sanuo Ru, Boginadi, Rilang, Myntang, Tlawng, Tuirial, Serlui, Vaipuanpho, Tuikual, Sakhisih, Damdiai, Chite, Tuirini, Tuivawl, Lawibual, Challui, Mat, Siakah, Chhimtuipui, Tuikum, Sesah, Phe, Teirei, Tut, Tuichhuahen, Tiau, Tuipui, Nongal, Simsang, Ganol, Damring, Waikhrwi, Kwai, Teirei, Khawthlangtuipui, Ngengpui Stream, Vantawng, Sderkariah, Laitryngew, Wahkhlek Khlek, Wahrew, Umngi, Rwiang, Kalipai, Kmai Um, Lukha, Myntdu, Lamu, Lynriang, Thlu Umwi, Simsang, Teesta, Sonai, Ranganadi, Rangit, Ranichu, Kapili, Karola, Kathakal, Kharsang, Kohora, Kolong, Kundli, Kushiara, Manu, Nonbah, Kynshi, Wah Blei, Lohit, Manas, Maney Khola, Ganol Tura, Milak, Namchik, Noa Dihing, Pachin, Pagldia, Panchnoi, Poma, Yomgo And Mora",2022-06-30
2022,4343,RIVER BURALIA (NEAR BRIDGE ALONG NH-31) NALBARI,ASSAM,"Tributary Streams - Burhidihing, Dhansiri, Bharalu, Dikrong, Gai Nadi, Digaru, Digboi, Dikhow, Kaljani, Gabharu, Tocklai, Tunia, Larsing, Dhateshwari, Demow, Borsila, Barak, Dibang, Dihing, Senki, Dorika, Subansiri, Siang, Baralia, Tihu, Singra, Damring, Manda, Dikchu, Dzu, Kha Ru, Dzucha, Torsa, Beki, Bereng, Bhogdoi, Jhanji, Jia Bharali, Sankosh, Sanuo Ru, Boginadi, Rilang, Myntang, Tlawng, Tuirial, Serlui, Vaipuanpho, Tuikual, Sakhisih, Damdiai, Chite, Tuirini, Tuivawl, Lawibual, Challui, Mat, Siakah, Chhimtuipui, Tuikum, Sesah, Phe, Teirei, Tut, Tuichhuahen, Tiau, Tuipui, Nongal, Simsang, Ganol, Damring, Waikhrwi, Kwai, Teirei, Khawthlangtuipui, Ngengpui Stream, Vantawng, Sderkariah, Laitryngew, Wahkhlek Khlek, Wahrew, Umngi, Rwiang, Kalipai, Kmai Um, Lukha, Myntdu, Lamu, Lynriang, Thlu Umwi, Simsang, Teesta, Sonai, Ranganadi, Rangit, Ranichu, Kapili, Karola, Kathakal, Kharsang, Kohora, Kolong, Kundli, Kushiara, Manu, Nonbah, Kynshi, Wah Blei, Lohit, Manas, Maney Khola, Ganol Tura, Milak, Namchik, Noa Dihing, Pachin, Pagldia, Panchnoi, Poma, Yomgo And Mora",7.4,136.5,2.35,8.5,2.4,"Burhidihing, Dhansiri, Bharalu, Dikrong, Gai Nadi, Digaru, Digboi, Dikhow, Kaljani, Gabharu, Tocklai, Tunia, Larsing, Dhateshwari, Demow, Borsila, Barak, Dibang, Dihing, Senki, Dorika, Subansiri, Siang, Baralia, Tihu, Singra, Damring, Manda, Dikchu, Dzu, Kha Ru, Dzucha, Torsa, Beki, Bereng, Bhogdoi, Jhanji, Jia Bharali, Sankosh, Sanuo Ru, Boginadi, Rilang, Myntang, Tlawng, Tuirial, Serlui, Vaipuanpho, Tuikual, Sakhisih, Damdiai, Chite, Tuirini, Tuivawl, Lawibual, Challui, Mat, Siakah, Chhimtuipui, Tuikum, Sesah, Phe, Teirei, Tut, Tuichhuahen, Tiau, Tuipui, Nongal, Simsang, Ganol, Damring, Waikhrwi, Kwai, Teirei, Khawthlangtuipui, Ngengpui Stream, Vantawng, Sderkariah, Laitryngew, Wahkhlek Khlek, Wahrew, Umngi, Rwiang, Kalipai, Kmai Um, Lukha, Myntdu, Lamu, Lynriang, Thlu Umwi, Simsang, Teesta, Sonai, Ranganadi, Rangit, Ranichu, Kapili, Karola, Kathakal, Kharsang, Kohora, Kolong, Kundli, Kushiara, Manu, Nonbah, Kynshi, Wah Blei, Lohit, Manas, Maney Khola, Ganol Tura, Milak, Namchik, Noa Dihing, Pachin, Pagldia, Panchnoi, Poma, Yomgo And Mora",2022-06-30
2022,4344,"RIVER TIHU (NEAR BRIDGE ALONG NH-31) TIHU, NALBARI",ASSAM,"Tributary Streams - Burhidihing, Dhansiri, Bharalu, Dikrong, Gai Nadi, Digaru, Digboi, Dikhow, Kaljani, Gabharu, Tocklai, Tunia, Larsing, Dhateshwari, Demow, Borsila, Barak, Dibang, Dihing, Senki, Dorika, Subansiri, Siang, Baralia, Tihu, Singra, Damring, Manda, Dikchu, Dzu, Kha Ru, Dzucha, Torsa, Beki, Bereng, Bhogdoi, Jhanji, Jia Bharali, Sankosh, Sanuo Ru, Boginadi, Rilang, Myntang, Tlawng, Tuirial, Serlui, Vaipuanpho, Tuikual, Sakhisih, Damdiai, Chite, Tuirini, Tuivawl, Lawibual, Challui, Mat, Siakah, Chhimtuipui, Tuikum, Sesah, Phe, Teirei, Tut, Tuichhuahen, Tiau, Tuipui, Nongal, Simsang, Ganol, Damring, Waikhrwi, Kwai, Teirei, Khawthlangtuipui, Ngengpui Stream, Vantawng, Sderkariah, Laitryngew, Wahkhlek Khlek, Wahrew, Umngi, Rwiang, Kalipai, Kmai Um, Lukha, Myntdu, Lamu, Lynriang, Thlu Umwi, Simsang, Teesta, Sonai, Ranganadi, Rangit, Ranichu, Kapili, Karola, Kathakal, Kharsang, Kohora, Kolong, Kundli, Kushiara, Manu, Nonbah, Kynshi, Wah Blei, Lohit, Manas, Maney Khola, Ganol Tura, Milak, Namchik, Noa Dihing, Pachin, Pagldia, Panchnoi, Poma, Yomgo And Mora",7.449999999999999,164.5,2.35,7.45,1.0,"Burhidihing, Dhansiri, Bharalu, Dikrong, Gai Nadi, Digaru, Digboi, Dikhow, Kaljani, Gabharu, Tocklai, Tunia, Larsing, Dhateshwari, Demow, Borsila, Barak, Dibang, Dihing, Senki, Dorika, Subansiri, Siang, Baralia, Tihu, Singra, Damring, Manda, Dikchu, Dzu, Kha Ru, Dzucha, Torsa, Beki, Bereng, Bhogdoi, Jhanji, Jia Bharali, Sankosh, Sanuo Ru, Boginadi, Rilang, Myntang, Tlawng, Tuirial, Serlui, Vaipuanpho, Tuikual, Sakhisih, Damdiai, Chite, Tuirini, Tuivawl, Lawibual, Challui, Mat, Siakah, Chhimtuipui, Tuikum, Sesah, Phe, Teirei, Tut, Tuichhuahen, Tiau, Tuipui, Nongal, Simsang, Ganol, Damring, Waikhrwi, Kwai, Teirei, Khawthlangtuipui, Ngengpui Stream, Vantawng, Sderkariah, Laitryngew, Wahkhlek Khlek, Wahrew, Umngi, Rwiang, Kalipai, Kmai Um, Lukha, Myntdu, Lamu, Lynriang, Thlu Umwi, Simsang, Teesta, Sonai, Ranganadi, Rangit, Ranichu, Kapili, Karola, Kathakal, Kharsang, Kohora, Kolong, Kundli, Kushiara, Manu, Nonbah, Kynshi, Wah Blei, Lohit, Manas, Maney Khola, Ganol Tura, Milak, Namchik, Noa Dihing, Pachin, Pagldia, Panchnoi, Poma, Yomgo And Mora",2022-06-30
2022,4345,"RIVER SINGRA (NEAR BRIDGE ALONG NH-37) BOKO, KAMRUP",ASSAM,"Tributary Streams - Burhidihing, Dhansiri, Bharalu, Dikrong, Gai Nadi, Digaru, Digboi, Dikhow, Kaljani, Gabharu, Tocklai, Tunia, Larsing, Dhateshwari, Demow, Borsila, Barak, Dibang, Dihing, Senki, Dorika, Subansiri, Siang, Baralia, Tihu, Singra, Damring, Manda, Dikchu, Dzu, Kha Ru, Dzucha, Torsa, Beki, Bereng, Bhogdoi, Jhanji, Jia Bharali, Sankosh, Sanuo Ru, Boginadi, Rilang, Myntang, Tlawng, Tuirial, Serlui, Vaipuanpho, Tuikual, Sakhisih, Damdiai, Chite, Tuirini, Tuivawl, Lawibual, Challui, Mat, Siakah, Chhimtuipui, Tuikum, Sesah, Phe, Teirei, Tut, Tuichhuahen, Tiau, Tuipui, Nongal, Simsang, Ganol, Damring, Waikhrwi, Kwai, Teirei, Khawthlangtuipui, Ngengpui Stream, Vantawng, Sderkariah, Laitryngew, Wahkhlek Khlek, Wahrew, Umngi, Rwiang, Kalipai, Kmai Um, Lukha, Myntdu, Lamu, Lynriang, Thlu Umwi, Simsang, Teesta, Sonai, Ranganadi, Rangit, Ranichu, Kapili, Karola, Kathakal, Kharsang, Kohora, Kolong, Kundli, Kushiara, Manu, Nonbah, Kynshi, Wah Blei, Lohit, Manas, Maney Khola, Ganol Tura, Milak, Namchik, Noa Dihing, Pachin, Pagldia, Panchnoi, Poma, Yomgo And Mora",7.25,85.5,2.5,7.15,1.2000000000000002,"Burhidihing, Dhansiri, Bharalu, Dikrong, Gai Nadi, Digaru, Digboi, Dikhow, Kaljani, Gabharu, Tocklai, Tunia, Larsing, Dhateshwari, Demow, Borsila, Barak, Dibang, Dihing, Senki, Dorika, Subansiri, Siang, Baralia, Tihu, Singra, Damring, Manda, Dikchu, Dzu, Kha Ru, Dzucha, Torsa, Beki, Bereng, Bhogdoi, Jhanji, Jia Bharali, Sankosh, Sanuo Ru, Boginadi, Rilang, Myntang, Tlawng, Tuirial, Serlui, Vaipuanpho, Tuikual, Sakhisih, Damdiai, Chite, Tuirini, Tuivawl, Lawibual, Challui, Mat, Siakah, Chhimtuipui, Tuikum, Sesah, Phe, Teirei, Tut, Tuichhuahen, Tiau, Tuipui, Nongal, Simsang, Ganol, Damring, Waikhrwi, Kwai, Teirei, Khawthlangtuipui, Ngengpui Stream, Vantawng, Sderkariah, Laitryngew, Wahkhlek Khlek, Wahrew, Umngi, Rwiang, Kalipai, Kmai Um, Lukha, Myntdu, Lamu, Lynriang, Thlu Umwi, Simsang, Teesta, Sonai, Ranganadi, Rangit, Ranichu, Kapili, Karola, Kathakal, Kharsang, Kohora, Kolong, Kundli, Kushiara, Manu, Nonbah, Kynshi, Wah Blei, Lohit, Manas, Maney Khola, Ganol Tura, Milak, Namchik, Noa Dihing, Pachin, Pagldia, Panchnoi, Poma, Yomgo And Mora",2022-06-30
2022,3380,RIVER DAMRING (KRISHNAI RIVER) AT RESUBELPARA,MEGHALAYA,"Tributary Streams - Burhidihing, Dhansiri, Bharalu, Dikrong, Gai Nadi, Digaru, Digboi, Dikhow, Kaljani, Gabharu, Tocklai, Tunia, Larsing, Dhateshwari, Demow, Borsila, Barak, Dibang, Dihing, Senki, Dorika, Subansiri, Siang, Baralia, Tihu, Singra, Damring, Manda, Dikchu, Dzu, Kha Ru, Dzucha, Torsa, Beki, Bereng, Bhogdoi, Jhanji, Jia Bharali, Sankosh, Sanuo Ru, Boginadi, Rilang, Myntang, Tlawng, Tuirial, Serlui, Vaipuanpho, Tuikual, Sakhisih, Damdiai, Chite, Tuirini, Tuivawl, Lawibual, Challui, Mat, Siakah, Chhimtuipui, Tuikum, Sesah, Phe, Teirei, Tut, Tuichhuahen, Tiau, Tuipui, Nongal, Simsang, Ganol, Damring, Waikhrwi, Kwai, Teirei, Khawthlangtuipui, Ngengpui Stream, Vantawng, Sderkariah, Laitryngew, Wahkhlek Khlek, Wahrew, Umngi, Rwiang, Kalipai, Kmai Um, Lukha, Myntdu, Lamu, Lynriang, Thlu Umwi, Simsang, Teesta, Sonai, Ranganadi, Rangit, Ranichu, Kapili, Karola, Kathakal, Kharsang, Kohora, Kolong, Kundli, Kushiara, Manu, Nonbah, Kynshi, Wah Blei, Lohit, Manas, Maney Khola, Ganol Tura, Milak, Namchik, Noa Dihing, Pachin, Pagldia, Panchnoi, Poma, Yomgo And Mora",7.050000000000001,73.5,1.4500000000000002,7.449999999999999,0.47500000000000003,"Burhidihing, Dhansiri, Bharalu, Dikrong, Gai Nadi, Digaru, Digboi, Dikhow, Kaljani, Gabharu, Tocklai, Tunia, Larsing, Dhateshwari, Demow, Borsila, Barak, Dibang, Dihing, Senki, Dorika, Subansiri, Siang, Baralia, Tihu, Singra, Damring, Manda, Dikchu, Dzu, Kha Ru, Dzucha, Torsa, Beki, Bereng, Bhogdoi, Jhanji, Jia Bharali, Sankosh, Sanuo Ru, Boginadi, Rilang, Myntang, Tlawng, Tuirial, Serlui, Vaipuanpho, Tuikual, Sakhisih, Damdiai, Chite, Tuirini, Tuivawl, Lawibual, Challui, Mat, Siakah, Chhimtuipui, Tuikum, Sesah, Phe, Teirei, Tut, Tuichhuahen, Tiau, Tuipui, Nongal, Simsang, Ganol, Damring, Waikhrwi, Kwai, Teirei, Khawthlangtuipui, Ngengpui Stream, Vantawng, Sderkariah, Laitryngew, Wahkhlek Khlek, Wahrew, Umngi, Rwiang, Kalipai, Kmai Um, Lukha, Myntdu, Lamu, Lynriang, Thlu Umwi, Simsang, Teesta, Sonai, Ranganadi, Rangit, Ranichu, Kapili, Karola, Kathakal, Kharsang, Kohora, Kolong, Kundli, Kushiara, Manu, Nonbah, Kynshi, Wah Blei, Lohit, Manas, Maney Khola, Ganol Tura, Milak, Namchik, Noa Dihing, Pachin, Pagldia, Panchnoi, Poma, Yomgo And Mora",2022-06-30
2022,3381,"RIVER MANDA (DUDHNOI RIVER) AT JAMGE,",MEGHALAYA,"Tributary Streams - Burhidihing, Dhansiri, Bharalu, Dikrong, Gai Nadi, Digaru, Digboi, Dikhow, Kaljani, Gabharu, Tocklai, Tunia, Larsing, Dhateshwari, Demow, Borsila, Barak, Dibang, Dihing, Senki, Dorika, Subansiri, Siang, Baralia, Tihu, Singra, Damring, Manda, Dikchu, Dzu, Kha Ru, Dzucha, Torsa, Beki, Bereng, Bhogdoi, Jhanji, Jia Bharali, Sankosh, Sanuo Ru, Boginadi, Rilang, Myntang, Tlawng, Tuirial, Serlui, Vaipuanpho, Tuikual, Sakhisih, Damdiai, Chite, Tuirini, Tuivawl, Lawibual, Challui, Mat, Siakah, Chhimtuipui, Tuikum, Sesah, Phe, Teirei, Tut, Tuichhuahen, Tiau, Tuipui, Nongal, Simsang, Ganol, Damring, Waikhrwi, Kwai, Teirei, Khawthlangtuipui, Ngengpui Stream, Vantawng, Sderkariah, Laitryngew, Wahkhlek Khlek, Wahrew, Umngi, Rwiang, Kalipai, Kmai Um, Lukha, Myntdu, Lamu, Lynriang, Thlu Umwi, Simsang, Teesta, Sonai, Ranganadi, Rangit, Ranichu, Kapili, Karola, Kathakal, Kharsang, Kohora, Kolong, Kundli, Kushiara, Manu, Nonbah, Kynshi, Wah Blei, Lohit, Manas, Maney Khola, Ganol Tura, Milak, Namchik, Noa Dihing, Pachin, Pagldia, Panchnoi, Poma, Yomgo And Mora",6.699999999999999,61.5,1.8,7.15,0.475,"Burhidihing, Dhansiri, Bharalu, Dikrong, Gai Nadi, Digaru, Digboi, Dikhow, Kaljani, Gabharu, Tocklai, Tunia, Larsing, Dhateshwari, Demow, Borsila, Barak, Dibang, Dihing, Senki, Dorika, Subansiri, Siang, Baralia, Tihu, Singra, Damring, Manda, Dikchu, Dzu, Kha Ru, Dzucha, Torsa, Beki, Bereng, Bhogdoi, Jhanji, Jia Bharali, Sankosh, Sanuo Ru, Boginadi, Rilang, Myntang, Tlawng, Tuirial, Serlui, Vaipuanpho, Tuikual, Sakhisih, Damdiai, Chite, Tuirini, Tuivawl, Lawibual, Challui, Mat, Siakah, Chhimtuipui, Tuikum, Sesah, Phe, Teirei, Tut, Tuichhuahen, Tiau, Tuipui, Nongal, Simsang, Ganol, Damring, Waikhrwi, Kwai, Teirei, Khawthlangtuipui, Ngengpui Stream, Vantawng, Sderkariah, Laitryngew, Wahkhlek Khlek, Wahrew, Umngi, Rwiang, Kalipai, Kmai Um, Lukha, Myntdu, Lamu, Lynriang, Thlu Umwi, Simsang, Teesta, Sonai, Ranganadi, Rangit, Ranichu, Kapili, Karola, Kathakal, Kharsang, Kohora, Kolong, Kundli, Kushiara, Manu, Nonbah, Kynshi, Wah Blei, Lohit, Manas, Maney Khola, Ganol Tura, Milak, Namchik, Noa Dihing, Pachin, Pagldia, Panchnoi, Poma, Yomgo And Mora",2022-06-30
2022,3382,RIVER MANDA (DUDHNOI RIVER) AT WAGEASI,MEGHALAYA,"Tributary Streams - Burhidihing, Dhansiri, Bharalu, Dikrong, Gai Nadi, Digaru, Digboi, Dikhow, Kaljani, Gabharu, Tocklai, Tunia, Larsing, Dhateshwari, Demow, Borsila, Barak, Dibang, Dihing, Senki, Dorika, Subansiri, Siang, Baralia, Tihu, Singra, Damring, Manda, Dikchu, Dzu, Kha Ru, Dzucha, Torsa, Beki, Bereng, Bhogdoi, Jhanji, Jia Bharali, Sankosh, Sanuo Ru, Boginadi, Rilang, Myntang, Tlawng, Tuirial, Serlui, Vaipuanpho, Tuikual, Sakhisih, Damdiai, Chite, Tuirini, Tuivawl, Lawibual, Challui, Mat, Siakah, Chhimtuipui, Tuikum, Sesah, Phe, Teirei, Tut, Tuichhuahen, Tiau, Tuipui, Nongal, Simsang, Ganol, Damring, Waikhrwi, Kwai, Teirei, Khawthlangtuipui, Ngengpui Stream, Vantawng, Sderkariah, Laitryngew, Wahkhlek Khlek, Wahrew, Umngi, Rwiang, Kalipai, Kmai Um, Lukha, Myntdu, Lamu, Lynriang, Thlu Umwi, Simsang, Teesta, Sonai, Ranganadi, Rangit, Ranichu, Kapili, Karola, Kathakal, Kharsang, Kohora, Kolong, Kundli, Kushiara, Manu, Nonbah, Kynshi, Wah Blei, Lohit, Manas, Maney Khola, Ganol Tura, Milak, Namchik, Noa Dihing, Pachin, Pagldia, Panchnoi, Poma, Yomgo And Mora",7.1,66.5,1.25,7.8,0.48000000000000004,"Burhidihing, Dhansiri, Bharalu, Dikrong, Gai Nadi, Digaru, Digboi, Dikhow, Kaljani, Gabharu, Tocklai, Tunia, Larsing, Dhateshwari, Demow, Borsila, Barak, Dibang, Dihing, Senki, Dorika, Subansiri, Siang, Baralia, Tihu, Singra, Damring, Manda, Dikchu, Dzu, Kha Ru, Dzucha, Torsa, Beki, Bereng, Bhogdoi, Jhanji, Jia Bharali, Sankosh, Sanuo Ru, Boginadi, Rilang, Myntang, Tlawng, Tuirial, Serlui, Vaipuanpho, Tuikual, Sakhisih, Damdiai, Chite, Tuirini, Tuivawl, Lawibual, Challui, Mat, Siakah, Chhimtuipui, Tuikum, Sesah, Phe, Teirei, Tut, Tuichhuahen, Tiau, Tuipui, Nongal, Simsang, Ganol, Damring, Waikhrwi, Kwai, Teirei, Khawthlangtuipui, Ngengpui Stream, Vantawng, Sderkariah, Laitryngew, Wahkhlek Khlek, Wahrew, Umngi, Rwiang, Kalipai, Kmai Um, Lukha, Myntdu, Lamu, Lynriang, Thlu Umwi, Simsang, Teesta, Sonai, Ranganadi, Rangit, Ranichu, Kapili, Karola, Kathakal, Kharsang, Kohora, Kolong, Kundli, Kushiara, Manu, Nonbah, Kynshi, Wah Blei, Lohit, Manas, Maney Khola, Ganol Tura, Milak, Namchik, Noa Dihing, Pachin, Pagldia, Panchnoi, Poma, Yomgo And Mora",2022-06-30
2022,1802,RIVER DIKCHU BEFORE CONFLUENCS WITH RIVER TEESTA NEAR NHPC HYDROELECTRIC POWER PROJECT DIKCHU,SIKKIM,"Tributary Streams - Burhidihing, Dhansiri, Bharalu, Dikrong, Gai Nadi, Digaru, Digboi, Dikhow, Kaljani, Gabharu, Tocklai, Tunia, Larsing, Dhateshwari, Demow, Borsila, Barak, Dibang, Dihing, Senki, Dorika, Subansiri, Siang, Baralia, Tihu, Singra, Damring, Manda, Dikchu, Dzu, Kha Ru, Dzucha, Torsa, Beki, Bereng, Bhogdoi, Jhanji, Jia Bharali, Sankosh, Sanuo Ru, Boginadi, Rilang, Myntang, Tlawng, Tuirial, Serlui, Vaipuanpho, Tuikual, Sakhisih, Damdiai, Chite, Tuirini, Tuivawl, Lawibual, Challui, Mat, Siakah, Chhimtuipui, Tuikum, Sesah, Phe, Teirei, Tut, Tuichhuahen, Tiau, Tuipui, Nongal, Simsang, Ganol, Damring, Waikhrwi, Kwai, Teirei, Khawthlangtuipui, Ngengpui Stream, Vantawng, Sderkariah, Laitryngew, Wahkhlek Khlek, Wahrew, Umngi, Rwiang, Kalipai, Kmai Um, Lukha, Myntdu, Lamu, Lynriang, Thlu Umwi, Simsang, Teesta, Sonai, Ranganadi, Rangit, Ranichu, Kapili, Karola, Kathakal, Kharsang, Kohora, Kolong, Kundli, Kushiara, Manu, Nonbah, Kynshi, Wah Blei, Lohit, Manas, Maney Khola, Ganol Tura, Milak, Namchik, Noa Dihing, Pachin, Pagldia, Panchnoi, Poma, Yomgo And Mora",6.9,197.5,2.25,8.95,3.0,DIKCHU BEFORE CONFLUENCS WITH RIVER TEESTA,2022-06-30
2022,1930,RIVER DZU AT DZU BRIDGE,NAGALAND,"Tributary Streams - Burhidihing, Dhansiri, Bharalu, Dikrong, Gai Nadi, Digaru, Digboi, Dikhow, Kaljani, Gabharu, Tocklai, Tunia, Larsing, Dhateshwari, Demow, Borsila, Barak, Dibang, Dihing, Senki, Dorika, Subansiri, Siang, Baralia, Tihu, Singra, Damring, Manda, Dikchu, Dzu, Kha Ru, Dzucha, Torsa, Beki, Bereng, Bhogdoi, Jhanji, Jia Bharali, Sankosh, Sanuo Ru, Boginadi, Rilang, Myntang, Tlawng, Tuirial, Serlui, Vaipuanpho, Tuikual, Sakhisih, Damdiai, Chite, Tuirini, Tuivawl, Lawibual, Challui, Mat, Siakah, Chhimtuipui, Tuikum, Sesah, Phe, Teirei, Tut, Tuichhuahen, Tiau, Tuipui, Nongal, Simsang, Ganol, Damring, Waikhrwi, Kwai, Teirei, Khawthlangtuipui, Ngengpui Stream, Vantawng, Sderkariah, Laitryngew, Wahkhlek Khlek, Wahrew, Umngi, Rwiang, Kalipai, Kmai Um, Lukha, Myntdu, Lamu, Lynriang, Thlu Umwi, Simsang, Teesta, Sonai, Ranganadi, Rangit, Ranichu, Kapili, Karola, Kathakal, Kharsang, Kohora, Kolong, Kundli, Kushiara, Manu, Nonbah, Kynshi, Wah Blei, Lohit, Manas, Maney Khola, Ganol Tura, Milak, Namchik, Noa Dihing, Pachin, Pagldia, Panchnoi, Poma, Yomgo And Mora",8.35,345.5,1.85,6.949999999999999,2.8000000000000003,DZU,2022-06-30
2022,1929,"RIVER CHATHE NEAR ICAR, MEDZIPHEMA",NAGALAND,"Tributary Streams - Burhidihing, Dhansiri, Bharalu, Dikrong, Gai Nadi, Digaru, Digboi, Dikhow, Kaljani, Gabharu, Tocklai, Tunia, Larsing, Dhateshwari, Demow, Borsila, Barak, Dibang, Dihing, Senki, Dorika, Subansiri, Siang, Baralia, Tihu, Singra, Damring, Manda, Dikchu, Dzu, Kha Ru, Dzucha, Torsa, Beki, Bereng, Bhogdoi, Jhanji, Jia Bharali, Sankosh, Sanuo Ru, Boginadi, Rilang, Myntang, Tlawng, Tuirial, Serlui, Vaipuanpho, Tuikual, Sakhisih, Damdiai, Chite, Tuirini, Tuivawl, Lawibual, Challui, Mat, Siakah, Chhimtuipui, Tuikum, Sesah, Phe, Teirei, Tut, Tuichhuahen, Tiau, Tuipui, Nongal, Simsang, Ganol, Damring, Waikhrwi, Kwai, Teirei, Khawthlangtuipui, Ngengpui Stream, Vantawng, Sderkariah, Laitryngew, Wahkhlek Khlek, Wahrew, Umngi, Rwiang, Kalipai, Kmai Um, Lukha, Myntdu, Lamu, Lynriang, Thlu Umwi, Simsang, Teesta, Sonai, Ranganadi, Rangit, Ranichu, Kapili, Karola, Kathakal, Kharsang, Kohora, Kolong, Kundli, Kushiara, Manu, Nonbah, Kynshi, Wah Blei, Lohit, Manas, Maney Khola, Ganol Tura, Milak, Namchik, Noa Dihing, Pachin, Pagldia, Panchnoi, Poma, Yomgo And Mora",8.2,290.0,1.6,6.949999999999999,3.25,CHATHE,2022-06-30
2022,2888,RIVER CHATHE AT BRIDGE NEAR CIHSR,NAGALAND,"Tributary Streams - Burhidihing, Dhansiri, Bharalu, Dikrong, Gai Nadi, Digaru, Digboi, Dikhow, Kaljani, Gabharu, Tocklai, Tunia, Larsing, Dhateshwari, Demow, Borsila, Barak, Dibang, Dihing, Senki, Dorika, Subansiri, Siang, Baralia, Tihu, Singra, Damring, Manda, Dikchu, Dzu, Kha Ru, Dzucha, Torsa, Beki, Bereng, Bhogdoi, Jhanji, Jia Bharali, Sankosh, Sanuo Ru, Boginadi, Rilang, Myntang, Tlawng, Tuirial, Serlui, Vaipuanpho, Tuikual, Sakhisih, Damdiai, Chite, Tuirini, Tuivawl, Lawibual, Challui, Mat, Siakah, Chhimtuipui, Tuikum, Sesah, Phe, Teirei, Tut, Tuichhuahen, Tiau, Tuipui, Nongal, Simsang, Ganol, Damring, Waikhrwi, Kwai, Teirei, Khawthlangtuipui, Ngengpui Stream, Vantawng, Sderkariah, Laitryngew, Wahkhlek Khlek, Wahrew, Umngi, Rwiang, Kalipai, Kmai Um, Lukha, Myntdu, Lamu, Lynriang, Thlu Umwi, Simsang, Teesta, Sonai, Ranganadi, Rangit, Ranichu, Kapili, Karola, Kathakal, Kharsang, Kohora, Kolong, Kundli, Kushiara, Manu, Nonbah, Kynshi, Wah Blei, Lohit, Manas, Maney Khola, Ganol Tura, Milak, Namchik, Noa Dihing, Pachin, Pagldia, Panchnoi, Poma, Yomgo And Mora",7.95,147.5,1.6500000000000001,7.199999999999999,1.5,CHATHE,2022-06-30
2022,2891,DZUCHA RU,NAGALAND,"Tributary Streams - Burhidihing, Dhansiri, Bharalu, Dikrong, Gai Nadi, Digaru, Digboi, Dikhow, Kaljani, Gabharu, Tocklai, Tunia, Larsing, Dhateshwari, Demow, Borsila, Barak, Dibang, Dihing, Senki, Dorika, Subansiri, Siang, Baralia, Tihu, Singra, Damring, Manda, Dikchu, Dzu, Kha Ru, Dzucha, Torsa, Beki, Bereng, Bhogdoi, Jhanji, Jia Bharali, Sankosh, Sanuo Ru, Boginadi, Rilang, Myntang, Tlawng, Tuirial, Serlui, Vaipuanpho, Tuikual, Sakhisih, Damdiai, Chite, Tuirini, Tuivawl, Lawibual, Challui, Mat, Siakah, Chhimtuipui, Tuikum, Sesah, Phe, Teirei, Tut, Tuichhuahen, Tiau, Tuipui, Nongal, Simsang, Ganol, Damring, Waikhrwi, Kwai, Teirei, Khawthlangtuipui, Ngengpui Stream, Vantawng, Sderkariah, Laitryngew, Wahkhlek Khlek, Wahrew, Umngi, Rwiang, Kalipai, Kmai Um, Lukha, Myntdu, Lamu, Lynriang, Thlu Umwi, Simsang, Teesta, Sonai, Ranganadi, Rangit, Ranichu, Kapili, Karola, Kathakal, Kharsang, Kohora, Kolong, Kundli, Kushiara, Manu, Nonbah, Kynshi, Wah Blei, Lohit, Manas, Maney Khola, Ganol Tura, Milak, Namchik, Noa Dihing, Pachin, Pagldia, Panchnoi, Poma, Yomgo And Mora",7.7,507.0,1.8,6.5,1.05,"Burhidihing, Dhansiri, Bharalu, Dikrong, Gai Nadi, Digaru, Digboi, Dikhow, Kaljani, Gabharu, Tocklai, Tunia, Larsing, Dhateshwari, Demow, Borsila, Barak, Dibang, Dihing, Senki, Dorika, Subansiri, Siang, Baralia, Tihu, Singra, Damring, Manda, Dikchu, Dzu, Kha Ru, Dzucha, Torsa, Beki, Bereng, Bhogdoi, Jhanji, Jia Bharali, Sankosh, Sanuo Ru, Boginadi, Rilang, Myntang, Tlawng, Tuirial, Serlui, Vaipuanpho, Tuikual, Sakhisih, Damdiai, Chite, Tuirini, Tuivawl, Lawibual, Challui, Mat, Siakah, Chhimtuipui, Tuikum, Sesah, Phe, Teirei, Tut, Tuichhuahen, Tiau, Tuipui, Nongal, Simsang, Ganol, Damring, Waikhrwi, Kwai, Teirei, Khawthlangtuipui, Ngengpui Stream, Vantawng, Sderkariah, Laitryngew, Wahkhlek Khlek, Wahrew, Umngi, Rwiang, Kalipai, Kmai Um, Lukha, Myntdu, Lamu, Lynriang, Thlu Umwi, Simsang, Teesta, Sonai, Ranganadi, Rangit, Ranichu, Kapili, Karola, Kathakal, Kharsang, Kohora, Kolong, Kundli, Kushiara, Manu, Nonbah, Kynshi, Wah Blei, Lohit, Manas, Maney Khola, Ganol Tura, Milak, Namchik, Noa Dihing, Pachin, Pagldia, Panchnoi, Poma, Yomgo And Mora",2022-06-30
2022,2889,DZUDZA RU BELOW HYDRO PROJECT STATION,NAGALAND,"Tributary Streams - Burhidihing, Dhansiri, Bharalu, Dikrong, Gai Nadi, Digaru, Digboi, Dikhow, Kaljani, Gabharu, Tocklai, Tunia, Larsing, Dhateshwari, Demow, Borsila, Barak, Dibang, Dihing, Senki, Dorika, Subansiri, Siang, Baralia, Tihu, Singra, Damring, Manda, Dikchu, Dzu, Kha Ru, Dzucha, Torsa, Beki, Bereng, Bhogdoi, Jhanji, Jia Bharali, Sankosh, Sanuo Ru, Boginadi, Rilang, Myntang, Tlawng, Tuirial, Serlui, Vaipuanpho, Tuikual, Sakhisih, Damdiai, Chite, Tuirini, Tuivawl, Lawibual, Challui, Mat, Siakah, Chhimtuipui, Tuikum, Sesah, Phe, Teirei, Tut, Tuichhuahen, Tiau, Tuipui, Nongal, Simsang, Ganol, Damring, Waikhrwi, Kwai, Teirei, Khawthlangtuipui, Ngengpui Stream, Vantawng, Sderkariah, Laitryngew, Wahkhlek Khlek, Wahrew, Umngi, Rwiang, Kalipai, Kmai Um, Lukha, Myntdu, Lamu, Lynriang, Thlu Umwi, Simsang, Teesta, Sonai, Ranganadi, Rangit, Ranichu, Kapili, Karola, Kathakal, Kharsang, Kohora, Kolong, Kundli, Kushiara, Manu, Nonbah, Kynshi, Wah Blei, Lohit, Manas, Maney Khola, Ganol Tura, Milak, Namchik, Noa Dihing, Pachin, Pagldia, Panchnoi, Poma, Yomgo And Mora",8.399999999999999,151.5,1.5,7.3,,"Burhidihing, Dhansiri, Bharalu, Dikrong, Gai Nadi, Digaru, Digboi, Dikhow, Kaljani, Gabharu, Tocklai, Tunia, Larsing, Dhateshwari, Demow, Borsila, Barak, Dibang, Dihing, Senki, Dorika, Subansiri, Siang, Baralia, Tihu, Singra, Damring, Manda, Dikchu, Dzu, Kha Ru, Dzucha, Torsa, Beki, Bereng, Bhogdoi, Jhanji, Jia Bharali, Sankosh, Sanuo Ru, Boginadi, Rilang, Myntang, Tlawng, Tuirial, Serlui, Vaipuanpho, Tuikual, Sakhisih, Damdiai, Chite, Tuirini, Tuivawl, Lawibual, Challui, Mat, Siakah, Chhimtuipui, Tuikum, Sesah, Phe, Teirei, Tut, Tuichhuahen, Tiau, Tuipui, Nongal, Simsang, Ganol, Damring, Waikhrwi, Kwai, Teirei, Khawthlangtuipui, Ngengpui Stream, Vantawng, Sderkariah, Laitryngew, Wahkhlek Khlek, Wahrew, Umngi, Rwiang, Kalipai, Kmai Um, Lukha, Myntdu, Lamu, Lynriang, Thlu Umwi, Simsang, Teesta, Sonai, Ranganadi, Rangit, Ranichu, Kapili, Karola, Kathakal, Kharsang, Kohora, Kolong, Kundli, Kushiara, Manu, Nonbah, Kynshi, Wah Blei, Lohit, Manas, Maney Khola, Ganol Tura, Milak, Namchik, Noa Dihing, Pachin, Pagldia, Panchnoi, Poma, Yomgo And Mora",2022-06-30
2022,2892,KHA RU ADJOINING MUNICIPAL COUNCIL SWM SITE,NAGALAND,"Tributary Streams - Burhidihing, Dhansiri, Bharalu, Dikrong, Gai Nadi, Digaru, Digboi, Dikhow, Kaljani, Gabharu, Tocklai, Tunia, Larsing, Dhateshwari, Demow, Borsila, Barak, Dibang, Dihing, Senki, Dorika, Subansiri, Siang, Baralia, Tihu, Singra, Damring, Manda, Dikchu, Dzu, Kha Ru, Dzucha, Torsa, Beki, Bereng, Bhogdoi, Jhanji, Jia Bharali, Sankosh, Sanuo Ru, Boginadi, Rilang, Myntang, Tlawng, Tuirial, Serlui, Vaipuanpho, Tuikual, Sakhisih, Damdiai, Chite, Tuirini, Tuivawl, Lawibual, Challui, Mat, Siakah, Chhimtuipui, Tuikum, Sesah, Phe, Teirei, Tut, Tuichhuahen, Tiau, Tuipui, Nongal, Simsang, Ganol, Damring, Waikhrwi, Kwai, Teirei, Khawthlangtuipui, Ngengpui Stream, Vantawng, Sderkariah, Laitryngew, Wahkhlek Khlek, Wahrew, Umngi, Rwiang, Kalipai, Kmai Um, Lukha, Myntdu, Lamu, Lynriang, Thlu Umwi, Simsang, Teesta, Sonai, Ranganadi, Rangit, Ranichu, Kapili, Karola, Kathakal, Kharsang, Kohora, Kolong, Kundli, Kushiara, Manu, Nonbah, Kynshi, Wah Blei, Lohit, Manas, Maney Khola, Ganol Tura, Milak, Namchik, Noa Dihing, Pachin, Pagldia, Panchnoi, Poma, Yomgo And Mora",7.55,599.5,1.7999999999999998,6.3,,"Burhidihing, Dhansiri, Bharalu, Dikrong, Gai Nadi, Digaru, Digboi, Dikhow, Kaljani, Gabharu, Tocklai, Tunia, Larsing, Dhateshwari, Demow, Borsila, Barak, Dibang, Dihing, Senki, Dorika, Subansiri, Siang, Baralia, Tihu, Singra, Damring, Manda, Dikchu, Dzu, Kha Ru, Dzucha, Torsa, Beki, Bereng, Bhogdoi, Jhanji, Jia Bharali, Sankosh, Sanuo Ru, Boginadi, Rilang, Myntang, Tlawng, Tuirial, Serlui, Vaipuanpho, Tuikual, Sakhisih, Damdiai, Chite, Tuirini, Tuivawl, Lawibual, Challui, Mat, Siakah, Chhimtuipui, Tuikum, Sesah, Phe, Teirei, Tut, Tuichhuahen, Tiau, Tuipui, Nongal, Simsang, Ganol, Damring, Waikhrwi, Kwai, Teirei, Khawthlangtuipui, Ngengpui Stream, Vantawng, Sderkariah, Laitryngew, Wahkhlek Khlek, Wahrew, Umngi, Rwiang, Kalipai, Kmai Um, Lukha, Myntdu, Lamu, Lynriang, Thlu Umwi, Simsang, Teesta, Sonai, Ranganadi, Rangit, Ranichu, Kapili, Karola, Kathakal, Kharsang, Kohora, Kolong, Kundli, Kushiara, Manu, Nonbah, Kynshi, Wah Blei, Lohit, Manas, Maney Khola, Ganol Tura, Milak, Namchik, Noa Dihing, Pachin, Pagldia, Panchnoi, Poma, Yomgo And Mora",2022-06-30
2022,2893,RIVER DZUCHA CONFLUENCE OF DZUCHA AND KHA RU,NAGALAND,"Tributary Streams - Burhidihing, Dhansiri, Bharalu, Dikrong, Gai Nadi, Digaru, Digboi, Dikhow, Kaljani, Gabharu, Tocklai, Tunia, Larsing, Dhateshwari, Demow, Borsila, Barak, Dibang, Dihing, Senki, Dorika, Subansiri, Siang, Baralia, Tihu, Singra, Damring, Manda, Dikchu, Dzu, Kha Ru, Dzucha, Torsa, Beki, Bereng, Bhogdoi, Jhanji, Jia Bharali, Sankosh, Sanuo Ru, Boginadi, Rilang, Myntang, Tlawng, Tuirial, Serlui, Vaipuanpho, Tuikual, Sakhisih, Damdiai, Chite, Tuirini, Tuivawl, Lawibual, Challui, Mat, Siakah, Chhimtuipui, Tuikum, Sesah, Phe, Teirei, Tut, Tuichhuahen, Tiau, Tuipui, Nongal, Simsang, Ganol, Damring, Waikhrwi, Kwai, Teirei, Khawthlangtuipui, Ngengpui Stream, Vantawng, Sderkariah, Laitryngew, Wahkhlek Khlek, Wahrew, Umngi, Rwiang, Kalipai, Kmai Um, Lukha, Myntdu, Lamu, Lynriang, Thlu Umwi, Simsang, Teesta, Sonai, Ranganadi, Rangit, Ranichu, Kapili, Karola, Kathakal, Kharsang, Kohora, Kolong, Kundli, Kushiara, Manu, Nonbah, Kynshi, Wah Blei, Lohit, Manas, Maney Khola, Ganol Tura, Milak, Namchik, Noa Dihing, Pachin, Pagldia, Panchnoi, Poma, Yomgo And Mora",7.300000000000001,501.0,1.95,5.85,1.6500000000000001,"Burhidihing, Dhansiri, Bharalu, Dikrong, Gai Nadi, Digaru, Digboi, Dikhow, Kaljani, Gabharu, Tocklai, Tunia, Larsing, Dhateshwari, Demow, Borsila, Barak, Dibang, Dihing, Senki, Dorika, Subansiri, Siang, Baralia, Tihu, Singra, Damring, Manda, Dikchu, Dzu, Kha Ru, Dzucha, Torsa, Beki, Bereng, Bhogdoi, Jhanji, Jia Bharali, Sankosh, Sanuo Ru, Boginadi, Rilang, Myntang, Tlawng, Tuirial, Serlui, Vaipuanpho, Tuikual, Sakhisih, Damdiai, Chite, Tuirini, Tuivawl, Lawibual, Challui, Mat, Siakah, Chhimtuipui, Tuikum, Sesah, Phe, Teirei, Tut, Tuichhuahen, Tiau, Tuipui, Nongal, Simsang, Ganol, Damring, Waikhrwi, Kwai, Teirei, Khawthlangtuipui, Ngengpui Stream, Vantawng, Sderkariah, Laitryngew, Wahkhlek Khlek, Wahrew, Umngi, Rwiang, Kalipai, Kmai Um, Lukha, Myntdu, Lamu, Lynriang, Thlu Umwi, Simsang, Teesta, Sonai, Ranganadi, Rangit, Ranichu, Kapili, Karola, Kathakal, Kharsang, Kohora, Kolong, Kundli, Kushiara, Manu, Nonbah, Kynshi, Wah Blei, Lohit, Manas, Maney Khola, Ganol Tura, Milak, Namchik, Noa Dihing, Pachin, Pagldia, Panchnoi, Poma, Yomgo And Mora",2022-06-30
2022,4719,RIVER TORSA D/S OF GHUGHUMARI,WEST BENGAL,"Tributary Streams - Burhidihing, Dhansiri, Bharalu, Dikrong, Gai Nadi, Digaru, Digboi, Dikhow, Kaljani, Gabharu, Tocklai, Tunia, Larsing, Dhateshwari, Demow, Borsila, Barak, Dibang, Dihing, Senki, Dorika, Subansiri, Siang, Baralia, Tihu, Singra, Damring, Manda, Dikchu, Dzu, Kha Ru, Dzucha, Torsa, Beki, Bereng, Bhogdoi, Jhanji, Jia Bharali, Sankosh, Sanuo Ru, Boginadi, Rilang, Myntang, Tlawng, Tuirial, Serlui, Vaipuanpho, Tuikual, Sakhisih, Damdiai, Chite, Tuirini, Tuivawl, Lawibual, Challui, Mat, Siakah, Chhimtuipui, Tuikum, Sesah, Phe, Teirei, Tut, Tuichhuahen, Tiau, Tuipui, Nongal, Simsang, Ganol, Damring, Waikhrwi, Kwai, Teirei, Khawthlangtuipui, Ngengpui Stream, Vantawng, Sderkariah, Laitryngew, Wahkhlek Khlek, Wahrew, Umngi, Rwiang, Kalipai, Kmai Um, Lukha, Myntdu, Lamu, Lynriang, Thlu Umwi, Simsang, Teesta, Sonai, Ranganadi, Rangit, Ranichu, Kapili, Karola, Kathakal, Kharsang, Kohora, Kolong, Kundli, Kushiara, Manu, Nonbah, Kynshi, Wah Blei, Lohit, Manas, Maney Khola, Ganol Tura, Milak, Namchik, Noa Dihing, Pachin, Pagldia, Panchnoi, Poma, Yomgo And Mora",7.26,141.0,1.6500000000000001,7.25,,TORSA,2022-06-30
2022,4724,RIVER TORSA AT HASIMARA,WEST BENGAL,"Tributary Streams - Burhidihing, Dhansiri, Bharalu, Dikrong, Gai Nadi, Digaru, Digboi, Dikhow, Kaljani, Gabharu, Tocklai, Tunia, Larsing, Dhateshwari, Demow, Borsila, Barak, Dibang, Dihing, Senki, Dorika, Subansiri, Siang, Baralia, Tihu, Singra, Damring, Manda, Dikchu, Dzu, Kha Ru, Dzucha, Torsa, Beki, Bereng, Bhogdoi, Jhanji, Jia Bharali, Sankosh, Sanuo Ru, Boginadi, Rilang, Myntang, Tlawng, Tuirial, Serlui, Vaipuanpho, Tuikual, Sakhisih, Damdiai, Chite, Tuirini, Tuivawl, Lawibual, Challui, Mat, Siakah, Chhimtuipui, Tuikum, Sesah, Phe, Teirei, Tut, Tuichhuahen, Tiau, Tuipui, Nongal, Simsang, Ganol, Damring, Waikhrwi, Kwai, Teirei, Khawthlangtuipui, Ngengpui Stream, Vantawng, Sderkariah, Laitryngew, Wahkhlek Khlek, Wahrew, Umngi, Rwiang, Kalipai, Kmai Um, Lukha, Myntdu, Lamu, Lynriang, Thlu Umwi, Simsang, Teesta, Sonai, Ranganadi, Rangit, Ranichu, Kapili, Karola, Kathakal, Kharsang, Kohora, Kolong, Kundli, Kushiara, Manu, Nonbah, Kynshi, Wah Blei, Lohit, Manas, Maney Khola, Ganol Tura, Milak, Namchik, Noa Dihing, Pachin, Pagldia, Panchnoi, Poma, Yomgo And Mora",7.385,92.5,1.6,7.8999999999999995,,TORSA,2022-06-30
2022,2238,"RIVER BEKI AT NH-37 CROSSING AT BARPETA ROAD, ASSAM",ASSAM,"Tributary Streams - Burhidihing, Dhansiri, Bharalu, Dikrong, Gai Nadi, Digaru, Digboi, Dikhow, Kaljani, Gabharu, Tocklai, Tunia, Larsing, Dhateshwari, Demow, Borsila, Barak, Dibang, Dihing, Senki, Dorika, Subansiri, Siang, Baralia, Tihu, Singra, Damring, Manda, Dikchu, Dzu, Kha Ru, Dzucha, Torsa, Beki, Bereng, Bhogdoi, Jhanji, Jia Bharali, Sankosh, Sanuo Ru, Boginadi, Rilang, Myntang, Tlawng, Tuirial, Serlui, Vaipuanpho, Tuikual, Sakhisih, Damdiai, Chite, Tuirini, Tuivawl, Lawibual, Challui, Mat, Siakah, Chhimtuipui, Tuikum, Sesah, Phe, Teirei, Tut, Tuichhuahen, Tiau, Tuipui, Nongal, Simsang, Ganol, Damring, Waikhrwi, Kwai, Teirei, Khawthlangtuipui, Ngengpui Stream, Vantawng, Sderkariah, Laitryngew, Wahkhlek Khlek, Wahrew, Umngi, Rwiang, Kalipai, Kmai Um, Lukha, Myntdu, Lamu, Lynriang, Thlu Umwi, Simsang, Teesta, Sonai, Ranganadi, Rangit, Ranichu, Kapili, Karola, Kathakal, Kharsang, Kohora, Kolong, Kundli, Kushiara, Manu, Nonbah, Kynshi, Wah Blei, Lohit, Manas, Maney Khola, Ganol Tura, Milak, Namchik, Noa Dihing, Pachin, Pagldia, Panchnoi, Poma, Yomgo And Mora",7.45,178.0,2.5,5.35,4.35,BEKI,2022-06-30
2022,3108,RIVER BERENG AT CHOWKHAM,ARUNACHAL PRADESH,"Tributary Streams - Burhidihing, Dhansiri, Bharalu, Dikrong, Gai Nadi, Digaru, Digboi, Dikhow, Kaljani, Gabharu, Tocklai, Tunia, Larsing, Dhateshwari, Demow, Borsila, Barak, Dibang, Dihing, Senki, Dorika, Subansiri, Siang, Baralia, Tihu, Singra, Damring, Manda, Dikchu, Dzu, Kha Ru, Dzucha, Torsa, Beki, Bereng, Bhogdoi, Jhanji, Jia Bharali, Sankosh, Sanuo Ru, Boginadi, Rilang, Myntang, Tlawng, Tuirial, Serlui, Vaipuanpho, Tuikual, Sakhisih, Damdiai, Chite, Tuirini, Tuivawl, Lawibual, Challui, Mat, Siakah, Chhimtuipui, Tuikum, Sesah, Phe, Teirei, Tut, Tuichhuahen, Tiau, Tuipui, Nongal, Simsang, Ganol, Damring, Waikhrwi, Kwai, Teirei, Khawthlangtuipui, Ngengpui Stream, Vantawng, Sderkariah, Laitryngew, Wahkhlek Khlek, Wahrew, Umngi, Rwiang, Kalipai, Kmai Um, Lukha, Myntdu, Lamu, Lynriang, Thlu Umwi, Simsang, Teesta, Sonai, Ranganadi, Rangit, Ranichu, Kapili, Karola, Kathakal, Kharsang, Kohora, Kolong, Kundli, Kushiara, Manu, Nonbah, Kynshi, Wah Blei, Lohit, Manas, Maney Khola, Ganol Tura, Milak, Namchik, Noa Dihing, Pachin, Pagldia, Panchnoi, Poma, Yomgo And Mora",7.435,298.5,1.95,8.35,,BERENG,2022-06-30
2022,1527,"RIVER BHOGDOI AT JORHAT , ASSAM",ASSAM,"Tributary Streams - Burhidihing, Dhansiri, Bharalu, Dikrong, Gai Nadi, Digaru, Digboi, Dikhow, Kaljani, Gabharu, Tocklai, Tunia, Larsing, Dhateshwari, Demow, Borsila, Barak, Dibang, Dihing, Senki, Dorika, Subansiri, Siang, Baralia, Tihu, Singra, Damring, Manda, Dikchu, Dzu, Kha Ru, Dzucha, Torsa, Beki, Bereng, Bhogdoi, Jhanji, Jia Bharali, Sankosh, Sanuo Ru, Boginadi, Rilang, Myntang, Tlawng, Tuirial, Serlui, Vaipuanpho, Tuikual, Sakhisih, Damdiai, Chite, Tuirini, Tuivawl, Lawibual, Challui, Mat, Siakah, Chhimtuipui, Tuikum, Sesah, Phe, Teirei, Tut, Tuichhuahen, Tiau, Tuipui, Nongal, Simsang, Ganol, Damring, Waikhrwi, Kwai, Teirei, Khawthlangtuipui, Ngengpui Stream, Vantawng, Sderkariah, Laitryngew, Wahkhlek Khlek, Wahrew, Umngi, Rwiang, Kalipai, Kmai Um, Lukha, Myntdu, Lamu, Lynriang, Thlu Umwi, Simsang, Teesta, Sonai, Ranganadi, Rangit, Ranichu, Kapili, Karola, Kathakal, Kharsang, Kohora, Kolong, Kundli, Kushiara, Manu, Nonbah, Kynshi, Wah Blei, Lohit, Manas, Maney Khola, Ganol Tura, Milak, Namchik, Noa Dihing, Pachin, Pagldia, Panchnoi, Poma, Yomgo And Mora",7.1,242.5,2.45,6.75,1.05,BHOGDOI,2022-06-30
2022,3769,"RIVER BHOGDOI (PUJADUBI GHAT) INTAKE POINT OF URBAN WATER SUPPLY, JORHAT",ASSAM,"Tributary Streams - Burhidihing, Dhansiri, Bharalu, Dikrong, Gai Nadi, Digaru, Digboi, Dikhow, Kaljani, Gabharu, Tocklai, Tunia, Larsing, Dhateshwari, Demow, Borsila, Barak, Dibang, Dihing, Senki, Dorika, Subansiri, Siang, Baralia, Tihu, Singra, Damring, Manda, Dikchu, Dzu, Kha Ru, Dzucha, Torsa, Beki, Bereng, Bhogdoi, Jhanji, Jia Bharali, Sankosh, Sanuo Ru, Boginadi, Rilang, Myntang, Tlawng, Tuirial, Serlui, Vaipuanpho, Tuikual, Sakhisih, Damdiai, Chite, Tuirini, Tuivawl, Lawibual, Challui, Mat, Siakah, Chhimtuipui, Tuikum, Sesah, Phe, Teirei, Tut, Tuichhuahen, Tiau, Tuipui, Nongal, Simsang, Ganol, Damring, Waikhrwi, Kwai, Teirei, Khawthlangtuipui, Ngengpui Stream, Vantawng, Sderkariah, Laitryngew, Wahkhlek Khlek, Wahrew, Umngi, Rwiang, Kalipai, Kmai Um, Lukha, Myntdu, Lamu, Lynriang, Thlu Umwi, Simsang, Teesta, Sonai, Ranganadi, Rangit, Ranichu, Kapili, Karola, Kathakal, Kharsang, Kohora, Kolong, Kundli, Kushiara, Manu, Nonbah, Kynshi, Wah Blei, Lohit, Manas, Maney Khola, Ganol Tura, Milak, Namchik, Noa Dihing, Pachin, Pagldia, Panchnoi, Poma, Yomgo And Mora",6.85,231.0,2.45,7.0,1.0,"Burhidihing, Dhansiri, Bharalu, Dikrong, Gai Nadi, Digaru, Digboi, Dikhow, Kaljani, Gabharu, Tocklai, Tunia, Larsing, Dhateshwari, Demow, Borsila, Barak, Dibang, Dihing, Senki, Dorika, Subansiri, Siang, Baralia, Tihu, Singra, Damring, Manda, Dikchu, Dzu, Kha Ru, Dzucha, Torsa, Beki, Bereng, Bhogdoi, Jhanji, Jia Bharali, Sankosh, Sanuo Ru, Boginadi, Rilang, Myntang, Tlawng, Tuirial, Serlui, Vaipuanpho, Tuikual, Sakhisih, Damdiai, Chite, Tuirini, Tuivawl, Lawibual, Challui, Mat, Siakah, Chhimtuipui, Tuikum, Sesah, Phe, Teirei, Tut, Tuichhuahen, Tiau, Tuipui, Nongal, Simsang, Ganol, Damring, Waikhrwi, Kwai, Teirei, Khawthlangtuipui, Ngengpui Stream, Vantawng, Sderkariah, Laitryngew, Wahkhlek Khlek, Wahrew, Umngi, Rwiang, Kalipai, Kmai Um, Lukha, Myntdu, Lamu, Lynriang, Thlu Umwi, Simsang, Teesta, Sonai, Ranganadi, Rangit, Ranichu, Kapili, Karola, Kathakal, Kharsang, Kohora, Kolong, Kundli, Kushiara, Manu, Nonbah, Kynshi, Wah Blei, Lohit, Manas, Maney Khola, Ganol Tura, Milak, Namchik, Noa Dihing, Pachin, Pagldia, Panchnoi, Poma, Yomgo And Mora",2022-06-30
2022,1258,"RIVER JHANJI AT N.H. CROSSING JORHAT, ASSAM",ASSAM,"Tributary Streams - Burhidihing, Dhansiri, Bharalu, Dikrong, Gai Nadi, Digaru, Digboi, Dikhow, Kaljani, Gabharu, Tocklai, Tunia, Larsing, Dhateshwari, Demow, Borsila, Barak, Dibang, Dihing, Senki, Dorika, Subansiri, Siang, Baralia, Tihu, Singra, Damring, Manda, Dikchu, Dzu, Kha Ru, Dzucha, Torsa, Beki, Bereng, Bhogdoi, Jhanji, Jia Bharali, Sankosh, Sanuo Ru, Boginadi, Rilang, Myntang, Tlawng, Tuirial, Serlui, Vaipuanpho, Tuikual, Sakhisih, Damdiai, Chite, Tuirini, Tuivawl, Lawibual, Challui, Mat, Siakah, Chhimtuipui, Tuikum, Sesah, Phe, Teirei, Tut, Tuichhuahen, Tiau, Tuipui, Nongal, Simsang, Ganol, Damring, Waikhrwi, Kwai, Teirei, Khawthlangtuipui, Ngengpui Stream, Vantawng, Sderkariah, Laitryngew, Wahkhlek Khlek, Wahrew, Umngi, Rwiang, Kalipai, Kmai Um, Lukha, Myntdu, Lamu, Lynriang, Thlu Umwi, Simsang, Teesta, Sonai, Ranganadi, Rangit, Ranichu, Kapili, Karola, Kathakal, Kharsang, Kohora, Kolong, Kundli, Kushiara, Manu, Nonbah, Kynshi, Wah Blei, Lohit, Manas, Maney Khola, Ganol Tura, Milak, Namchik, Noa Dihing, Pachin, Pagldia, Panchnoi, Poma, Yomgo And Mora",7.15,158.5,2.35,6.9,0.9500000000000001,JHANJI,2022-06-30
2022,2063,"RIVER JIA BHARALI AT BISWANATH CHARALI, SONITPUR",ASSAM,"Tributary Streams - Burhidihing, Dhansiri, Bharalu, Dikrong, Gai Nadi, Digaru, Digboi, Dikhow, Kaljani, Gabharu, Tocklai, Tunia, Larsing, Dhateshwari, Demow, Borsila, Barak, Dibang, Dihing, Senki, Dorika, Subansiri, Siang, Baralia, Tihu, Singra, Damring, Manda, Dikchu, Dzu, Kha Ru, Dzucha, Torsa, Beki, Bereng, Bhogdoi, Jhanji, Jia Bharali, Sankosh, Sanuo Ru, Boginadi, Rilang, Myntang, Tlawng, Tuirial, Serlui, Vaipuanpho, Tuikual, Sakhisih, Damdiai, Chite, Tuirini, Tuivawl, Lawibual, Challui, Mat, Siakah, Chhimtuipui, Tuikum, Sesah, Phe, Teirei, Tut, Tuichhuahen, Tiau, Tuipui, Nongal, Simsang, Ganol, Damring, Waikhrwi, Kwai, Teirei, Khawthlangtuipui, Ngengpui Stream, Vantawng, Sderkariah, Laitryngew, Wahkhlek Khlek, Wahrew, Umngi, Rwiang, Kalipai, Kmai Um, Lukha, Myntdu, Lamu, Lynriang, Thlu Umwi, Simsang, Teesta, Sonai, Ranganadi, Rangit, Ranichu, Kapili, Karola, Kathakal, Kharsang, Kohora, Kolong, Kundli, Kushiara, Manu, Nonbah, Kynshi, Wah Blei, Lohit, Manas, Maney Khola, Ganol Tura, Milak, Namchik, Noa Dihing, Pachin, Pagldia, Panchnoi, Poma, Yomgo And Mora",7.199999999999999,117.0,2.35,6.95,0.95,JIA BHARALI,2022-06-30
2022,2239,"RIVER SANKOSH DHUBRI, ASSAM",ASSAM,"Tributary Streams - Burhidihing, Dhansiri, Bharalu, Dikrong, Gai Nadi, Digaru, Digboi, Dikhow, Kaljani, Gabharu, Tocklai, Tunia, Larsing, Dhateshwari, Demow, Borsila, Barak, Dibang, Dihing, Senki, Dorika, Subansiri, Siang, Baralia, Tihu, Singra, Damring, Manda, Dikchu, Dzu, Kha Ru, Dzucha, Torsa, Beki, Bereng, Bhogdoi, Jhanji, Jia Bharali, Sankosh, Sanuo Ru, Boginadi, Rilang, Myntang, Tlawng, Tuirial, Serlui, Vaipuanpho, Tuikual, Sakhisih, Damdiai, Chite, Tuirini, Tuivawl, Lawibual, Challui, Mat, Siakah, Chhimtuipui, Tuikum, Sesah, Phe, Teirei, Tut, Tuichhuahen, Tiau, Tuipui, Nongal, Simsang, Ganol, Damring, Waikhrwi, Kwai, Teirei, Khawthlangtuipui, Ngengpui Stream, Vantawng, Sderkariah, Laitryngew, Wahkhlek Khlek, Wahrew, Umngi, Rwiang, Kalipai, Kmai Um, Lukha, Myntdu, Lamu, Lynriang, Thlu Umwi, Simsang, Teesta, Sonai, Ranganadi, Rangit, Ranichu, Kapili, Karola, Kathakal, Kharsang, Kohora, Kolong, Kundli, Kushiara, Manu, Nonbah, Kynshi, Wah Blei, Lohit, Manas, Maney Khola, Ganol Tura, Milak, Namchik, Noa Dihing, Pachin, Pagldia, Panchnoi, Poma, Yomgo And Mora",7.35,140.5,2.35,5.35,1.3,"Burhidihing, Dhansiri, Bharalu, Dikrong, Gai Nadi, Digaru, Digboi, Dikhow, Kaljani, Gabharu, Tocklai, Tunia, Larsing, Dhateshwari, Demow, Borsila, Barak, Dibang, Dihing, Senki, Dorika, Subansiri, Siang, Baralia, Tihu, Singra, Damring, Manda, Dikchu, Dzu, Kha Ru, Dzucha, Torsa, Beki, Bereng, Bhogdoi, Jhanji, Jia Bharali, Sankosh, Sanuo Ru, Boginadi, Rilang, Myntang, Tlawng, Tuirial, Serlui, Vaipuanpho, Tuikual, Sakhisih, Damdiai, Chite, Tuirini, Tuivawl, Lawibual, Challui, Mat, Siakah, Chhimtuipui, Tuikum, Sesah, Phe, Teirei, Tut, Tuichhuahen, Tiau, Tuipui, Nongal, Simsang, Ganol, Damring, Waikhrwi, Kwai, Teirei, Khawthlangtuipui, Ngengpui Stream, Vantawng, Sderkariah, Laitryngew, Wahkhlek Khlek, Wahrew, Umngi, Rwiang, Kalipai, Kmai Um, Lukha, Myntdu, Lamu, Lynriang, Thlu Umwi, Simsang, Teesta, Sonai, Ranganadi, Rangit, Ranichu, Kapili, Karola, Kathakal, Kharsang, Kohora, Kolong, Kundli, Kushiara, Manu, Nonbah, Kynshi, Wah Blei, Lohit, Manas, Maney Khola, Ganol Tura, Milak, Namchik, Noa Dihing, Pachin, Pagldia, Panchnoi, Poma, Yomgo And Mora",2022-06-30
2022,2890,SANUO RU BELOW NEW SECRETARIAT,NAGALAND,"Tributary Streams - Burhidihing, Dhansiri, Bharalu, Dikrong, Gai Nadi, Digaru, Digboi, Dikhow, Kaljani, Gabharu, Tocklai, Tunia, Larsing, Dhateshwari, Demow, Borsila, Barak, Dibang, Dihing, Senki, Dorika, Subansiri, Siang, Baralia, Tihu, Singra, Damring, Manda, Dikchu, Dzu, Kha Ru, Dzucha, Torsa, Beki, Bereng, Bhogdoi, Jhanji, Jia Bharali, Sankosh, Sanuo Ru, Boginadi, Rilang, Myntang, Tlawng, Tuirial, Serlui, Vaipuanpho, Tuikual, Sakhisih, Damdiai, Chite, Tuirini, Tuivawl, Lawibual, Challui, Mat, Siakah, Chhimtuipui, Tuikum, Sesah, Phe, Teirei, Tut, Tuichhuahen, Tiau, Tuipui, Nongal, Simsang, Ganol, Damring, Waikhrwi, Kwai, Teirei, Khawthlangtuipui, Ngengpui Stream, Vantawng, Sderkariah, Laitryngew, Wahkhlek Khlek, Wahrew, Umngi, Rwiang, Kalipai, Kmai Um, Lukha, Myntdu, Lamu, Lynriang, Thlu Umwi, Simsang, Teesta, Sonai, Ranganadi, Rangit, Ranichu, Kapili, Karola, Kathakal, Kharsang, Kohora, Kolong, Kundli, Kushiara, Manu, Nonbah, Kynshi, Wah Blei, Lohit, Manas, Maney Khola, Ganol Tura, Milak, Namchik, Noa Dihing, Pachin, Pagldia, Panchnoi, Poma, Yomgo And Mora",8.3,484.0,2.3,7.35,4.6,"Burhidihing, Dhansiri, Bharalu, Dikrong, Gai Nadi, Digaru, Digboi, Dikhow, Kaljani, Gabharu, Tocklai, Tunia, Larsing, Dhateshwari, Demow, Borsila, Barak, Dibang, Dihing, Senki, Dorika, Subansiri, Siang, Baralia, Tihu, Singra, Damring, Manda, Dikchu, Dzu, Kha Ru, Dzucha, Torsa, Beki, Bereng, Bhogdoi, Jhanji, Jia Bharali, Sankosh, Sanuo Ru, Boginadi, Rilang, Myntang, Tlawng, Tuirial, Serlui, Vaipuanpho, Tuikual, Sakhisih, Damdiai, Chite, Tuirini, Tuivawl, Lawibual, Challui, Mat, Siakah, Chhimtuipui, Tuikum, Sesah, Phe, Teirei, Tut, Tuichhuahen, Tiau, Tuipui, Nongal, Simsang, Ganol, Damring, Waikhrwi, Kwai, Teirei, Khawthlangtuipui, Ngengpui Stream, Vantawng, Sderkariah, Laitryngew, Wahkhlek Khlek, Wahrew, Umngi, Rwiang, Kalipai, Kmai Um, Lukha, Myntdu, Lamu, Lynriang, Thlu Umwi, Simsang, Teesta, Sonai, Ranganadi, Rangit, Ranichu, Kapili, Karola, Kathakal, Kharsang, Kohora, Kolong, Kundli, Kushiara, Manu, Nonbah, Kynshi, Wah Blei, Lohit, Manas, Maney Khola, Ganol Tura, Milak, Namchik, Noa Dihing, Pachin, Pagldia, Panchnoi, Poma, Yomgo And Mora",2022-06-30
2022,2233,"RIVER BOGINADI NEAR BRIDGE NH-52, LAKHIMPUR, ASSAM",ASSAM,"Tributary Streams - Burhidihing, Dhansiri, Bharalu, Dikrong, Gai Nadi, Digaru, Digboi, Dikhow, Kaljani, Gabharu, Tocklai, Tunia, Larsing, Dhateshwari, Demow, Borsila, Barak, Dibang, Dihing, Senki, Dorika, Subansiri, Siang, Baralia, Tihu, Singra, Damring, Manda, Dikchu, Dzu, Kha Ru, Dzucha, Torsa, Beki, Bereng, Bhogdoi, Jhanji, Jia Bharali, Sankosh, Sanuo Ru, Boginadi, Rilang, Myntang, Tlawng, Tuirial, Serlui, Vaipuanpho, Tuikual, Sakhisih, Damdiai, Chite, Tuirini, Tuivawl, Lawibual, Challui, Mat, Siakah, Chhimtuipui, Tuikum, Sesah, Phe, Teirei, Tut, Tuichhuahen, Tiau, Tuipui, Nongal, Simsang, Ganol, Damring, Waikhrwi, Kwai, Teirei, Khawthlangtuipui, Ngengpui Stream, Vantawng, Sderkariah, Laitryngew, Wahkhlek Khlek, Wahrew, Umngi, Rwiang, Kalipai, Kmai Um, Lukha, Myntdu, Lamu, Lynriang, Thlu Umwi, Simsang, Teesta, Sonai, Ranganadi, Rangit, Ranichu, Kapili, Karola, Kathakal, Kharsang, Kohora, Kolong, Kundli, Kushiara, Manu, Nonbah, Kynshi, Wah Blei, Lohit, Manas, Maney Khola, Ganol Tura, Milak, Namchik, Noa Dihing, Pachin, Pagldia, Panchnoi, Poma, Yomgo And Mora",7.4,128.5,2.25,6.35,1.1,BOGINADI,2022-06-30
2022,3372,"RIVER RILANG AT MAWKYRWAT,",MEGHALAYA,"Tributary Streams - Burhidihing, Dhansiri, Bharalu, Dikrong, Gai Nadi, Digaru, Digboi, Dikhow, Kaljani, Gabharu, Tocklai, Tunia, Larsing, Dhateshwari, Demow, Borsila, Barak, Dibang, Dihing, Senki, Dorika, Subansiri, Siang, Baralia, Tihu, Singra, Damring, Manda, Dikchu, Dzu, Kha Ru, Dzucha, Torsa, Beki, Bereng, Bhogdoi, Jhanji, Jia Bharali, Sankosh, Sanuo Ru, Boginadi, Rilang, Myntang, Tlawng, Tuirial, Serlui, Vaipuanpho, Tuikual, Sakhisih, Damdiai, Chite, Tuirini, Tuivawl, Lawibual, Challui, Mat, Siakah, Chhimtuipui, Tuikum, Sesah, Phe, Teirei, Tut, Tuichhuahen, Tiau, Tuipui, Nongal, Simsang, Ganol, Damring, Waikhrwi, Kwai, Teirei, Khawthlangtuipui, Ngengpui Stream, Vantawng, Sderkariah, Laitryngew, Wahkhlek Khlek, Wahrew, Umngi, Rwiang, Kalipai, Kmai Um, Lukha, Myntdu, Lamu, Lynriang, Thlu Umwi, Simsang, Teesta, Sonai, Ranganadi, Rangit, Ranichu, Kapili, Karola, Kathakal, Kharsang, Kohora, Kolong, Kundli, Kushiara, Manu, Nonbah, Kynshi, Wah Blei, Lohit, Manas, Maney Khola, Ganol Tura, Milak, Namchik, Noa Dihing, Pachin, Pagldia, Panchnoi, Poma, Yomgo And Mora",7.0,41.5,1.15,7.85,0.37,RILANG,2022-06-30
2022,3377,RIVER MYNTANG AT NARTIANG,MEGHALAYA,"Tributary Streams - Burhidihing, Dhansiri, Bharalu, Dikrong, Gai Nadi, Digaru, Digboi, Dikhow, Kaljani, Gabharu, Tocklai, Tunia, Larsing, Dhateshwari, Demow, Borsila, Barak, Dibang, Dihing, Senki, Dorika, Subansiri, Siang, Baralia, Tihu, Singra, Damring, Manda, Dikchu, Dzu, Kha Ru, Dzucha, Torsa, Beki, Bereng, Bhogdoi, Jhanji, Jia Bharali, Sankosh, Sanuo Ru, Boginadi, Rilang, Myntang, Tlawng, Tuirial, Serlui, Vaipuanpho, Tuikual, Sakhisih, Damdiai, Chite, Tuirini, Tuivawl, Lawibual, Challui, Mat, Siakah, Chhimtuipui, Tuikum, Sesah, Phe, Teirei, Tut, Tuichhuahen, Tiau, Tuipui, Nongal, Simsang, Ganol, Damring, Waikhrwi, Kwai, Teirei, Khawthlangtuipui, Ngengpui Stream, Vantawng, Sderkariah, Laitryngew, Wahkhlek Khlek, Wahrew, Umngi, Rwiang, Kalipai, Kmai Um, Lukha, Myntdu, Lamu, Lynriang, Thlu Umwi, Simsang, Teesta, Sonai, Ranganadi, Rangit, Ranichu, Kapili, Karola, Kathakal, Kharsang, Kohora, Kolong, Kundli, Kushiara, Manu, Nonbah, Kynshi, Wah Blei, Lohit, Manas, Maney Khola, Ganol Tura, Milak, Namchik, Noa Dihing, Pachin, Pagldia, Panchnoi, Poma, Yomgo And Mora",6.949999999999999,40.0,1.4500000000000002,7.6,0.45499999999999996,MYNTANG,2022-06-30
2022,3378,RIVER MYNTANG AT MYNSO,MEGHALAYA,"Tributary Streams - Burhidihing, Dhansiri, Bharalu, Dikrong, Gai Nadi, Digaru, Digboi, Dikhow, Kaljani, Gabharu, Tocklai, Tunia, Larsing, Dhateshwari, Demow, Borsila, Barak, Dibang, Dihing, Senki, Dorika, Subansiri, Siang, Baralia, Tihu, Singra, Damring, Manda, Dikchu, Dzu, Kha Ru, Dzucha, Torsa, Beki, Bereng, Bhogdoi, Jhanji, Jia Bharali, Sankosh, Sanuo Ru, Boginadi, Rilang, Myntang, Tlawng, Tuirial, Serlui, Vaipuanpho, Tuikual, Sakhisih, Damdiai, Chite, Tuirini, Tuivawl, Lawibual, Challui, Mat, Siakah, Chhimtuipui, Tuikum, Sesah, Phe, Teirei, Tut, Tuichhuahen, Tiau, Tuipui, Nongal, Simsang, Ganol, Damring, Waikhrwi, Kwai, Teirei, Khawthlangtuipui, Ngengpui Stream, Vantawng, Sderkariah, Laitryngew, Wahkhlek Khlek, Wahrew, Umngi, Rwiang, Kalipai, Kmai Um, Lukha, Myntdu, Lamu, Lynriang, Thlu Umwi, Simsang, Teesta, Sonai, Ranganadi, Rangit, Ranichu, Kapili, Karola, Kathakal, Kharsang, Kohora, Kolong, Kundli, Kushiara, Manu, Nonbah, Kynshi, Wah Blei, Lohit, Manas, Maney Khola, Ganol Tura, Milak, Namchik, Noa Dihing, Pachin, Pagldia, Panchnoi, Poma, Yomgo And Mora",6.949999999999999,42.0,1.15,7.6499999999999995,0.365,MYNTANG,2022-06-30
2022,3709,"RIVER, TLAWNG SAIRANG",MIZORAM,"Tributary Streams - Burhidihing, Dhansiri, Bharalu, Dikrong, Gai Nadi, Digaru, Digboi, Dikhow, Kaljani, Gabharu, Tocklai, Tunia, Larsing, Dhateshwari, Demow, Borsila, Barak, Dibang, Dihing, Senki, Dorika, Subansiri, Siang, Baralia, Tihu, Singra, Damring, Manda, Dikchu, Dzu, Kha Ru, Dzucha, Torsa, Beki, Bereng, Bhogdoi, Jhanji, Jia Bharali, Sankosh, Sanuo Ru, Boginadi, Rilang, Myntang, Tlawng, Tuirial, Serlui, Vaipuanpho, Tuikual, Sakhisih, Damdiai, Chite, Tuirini, Tuivawl, Lawibual, Challui, Mat, Siakah, Chhimtuipui, Tuikum, Sesah, Phe, Teirei, Tut, Tuichhuahen, Tiau, Tuipui, Nongal, Simsang, Ganol, Damring, Waikhrwi, Kwai, Teirei, Khawthlangtuipui, Ngengpui Stream, Vantawng, Sderkariah, Laitryngew, Wahkhlek Khlek, Wahrew, Umngi, Rwiang, Kalipai, Kmai Um, Lukha, Myntdu, Lamu, Lynriang, Thlu Umwi, Simsang, Teesta, Sonai, Ranganadi, Rangit, Ranichu, Kapili, Karola, Kathakal, Kharsang, Kohora, Kolong, Kundli, Kushiara, Manu, Nonbah, Kynshi, Wah Blei, Lohit, Manas, Maney Khola, Ganol Tura, Milak, Namchik, Noa Dihing, Pachin, Pagldia, Panchnoi, Poma, Yomgo And Mora",7.050000000000001,179.0,1.5,7.5,,"Burhidihing, Dhansiri, Bharalu, Dikrong, Gai Nadi, Digaru, Digboi, Dikhow, Kaljani, Gabharu, Tocklai, Tunia, Larsing, Dhateshwari, Demow, Borsila, Barak, Dibang, Dihing, Senki, Dorika, Subansiri, Siang, Baralia, Tihu, Singra, Damring, Manda, Dikchu, Dzu, Kha Ru, Dzucha, Torsa, Beki, Bereng, Bhogdoi, Jhanji, Jia Bharali, Sankosh, Sanuo Ru, Boginadi, Rilang, Myntang, Tlawng, Tuirial, Serlui, Vaipuanpho, Tuikual, Sakhisih, Damdiai, Chite, Tuirini, Tuivawl, Lawibual, Challui, Mat, Siakah, Chhimtuipui, Tuikum, Sesah, Phe, Teirei, Tut, Tuichhuahen, Tiau, Tuipui, Nongal, Simsang, Ganol, Damring, Waikhrwi, Kwai, Teirei, Khawthlangtuipui, Ngengpui Stream, Vantawng, Sderkariah, Laitryngew, Wahkhlek Khlek, Wahrew, Umngi, Rwiang, Kalipai, Kmai Um, Lukha, Myntdu, Lamu, Lynriang, Thlu Umwi, Simsang, Teesta, Sonai, Ranganadi, Rangit, Ranichu, Kapili, Karola, Kathakal, Kharsang, Kohora, Kolong, Kundli, Kushiara, Manu, Nonbah, Kynshi, Wah Blei, Lohit, Manas, Maney Khola, Ganol Tura, Milak, Namchik, Noa Dihing, Pachin, Pagldia, Panchnoi, Poma, Yomgo And Mora",2022-06-30
2022,2050,"RIVER TLAWNG MID STREAM, REIEK KAI, AIZAWL, U/S OF TLAWNG BRIDGE",MIZORAM,"Tributary Streams - Burhidihing, Dhansiri, Bharalu, Dikrong, Gai Nadi, Digaru, Digboi, Dikhow, Kaljani, Gabharu, Tocklai, Tunia, Larsing, Dhateshwari, Demow, Borsila, Barak, Dibang, Dihing, Senki, Dorika, Subansiri, Siang, Baralia, Tihu, Singra, Damring, Manda, Dikchu, Dzu, Kha Ru, Dzucha, Torsa, Beki, Bereng, Bhogdoi, Jhanji, Jia Bharali, Sankosh, Sanuo Ru, Boginadi, Rilang, Myntang, Tlawng, Tuirial, Serlui, Vaipuanpho, Tuikual, Sakhisih, Damdiai, Chite, Tuirini, Tuivawl, Lawibual, Challui, Mat, Siakah, Chhimtuipui, Tuikum, Sesah, Phe, Teirei, Tut, Tuichhuahen, Tiau, Tuipui, Nongal, Simsang, Ganol, Damring, Waikhrwi, Kwai, Teirei, Khawthlangtuipui, Ngengpui Stream, Vantawng, Sderkariah, Laitryngew, Wahkhlek Khlek, Wahrew, Umngi, Rwiang, Kalipai, Kmai Um, Lukha, Myntdu, Lamu, Lynriang, Thlu Umwi, Simsang, Teesta, Sonai, Ranganadi, Rangit, Ranichu, Kapili, Karola, Kathakal, Kharsang, Kohora, Kolong, Kundli, Kushiara, Manu, Nonbah, Kynshi, Wah Blei, Lohit, Manas, Maney Khola, Ganol Tura, Milak, Namchik, Noa Dihing, Pachin, Pagldia, Panchnoi, Poma, Yomgo And Mora",8.1,141.0,1.4500000000000002,7.15,,"Burhidihing, Dhansiri, Bharalu, Dikrong, Gai Nadi, Digaru, Digboi, Dikhow, Kaljani, Gabharu, Tocklai, Tunia, Larsing, Dhateshwari, Demow, Borsila, Barak, Dibang, Dihing, Senki, Dorika, Subansiri, Siang, Baralia, Tihu, Singra, Damring, Manda, Dikchu, Dzu, Kha Ru, Dzucha, Torsa, Beki, Bereng, Bhogdoi, Jhanji, Jia Bharali, Sankosh, Sanuo Ru, Boginadi, Rilang, Myntang, Tlawng, Tuirial, Serlui, Vaipuanpho, Tuikual, Sakhisih, Damdiai, Chite, Tuirini, Tuivawl, Lawibual, Challui, Mat, Siakah, Chhimtuipui, Tuikum, Sesah, Phe, Teirei, Tut, Tuichhuahen, Tiau, Tuipui, Nongal, Simsang, Ganol, Damring, Waikhrwi, Kwai, Teirei, Khawthlangtuipui, Ngengpui Stream, Vantawng, Sderkariah, Laitryngew, Wahkhlek Khlek, Wahrew, Umngi, Rwiang, Kalipai, Kmai Um, Lukha, Myntdu, Lamu, Lynriang, Thlu Umwi, Simsang, Teesta, Sonai, Ranganadi, Rangit, Ranichu, Kapili, Karola, Kathakal, Kharsang, Kohora, Kolong, Kundli, Kushiara, Manu, Nonbah, Kynshi, Wah Blei, Lohit, Manas, Maney Khola, Ganol Tura, Milak, Namchik, Noa Dihing, Pachin, Pagldia, Panchnoi, Poma, Yomgo And Mora",2022-06-30
2022,2051,"RIVER, TLAWNG MID STREAM, REIEK KAI, AIZAWL, D/S OF TLAWNG BRIDGE",MIZORAM,"Tributary Streams - Burhidihing, Dhansiri, Bharalu, Dikrong, Gai Nadi, Digaru, Digboi, Dikhow, Kaljani, Gabharu, Tocklai, Tunia, Larsing, Dhateshwari, Demow, Borsila, Barak, Dibang, Dihing, Senki, Dorika, Subansiri, Siang, Baralia, Tihu, Singra, Damring, Manda, Dikchu, Dzu, Kha Ru, Dzucha, Torsa, Beki, Bereng, Bhogdoi, Jhanji, Jia Bharali, Sankosh, Sanuo Ru, Boginadi, Rilang, Myntang, Tlawng, Tuirial, Serlui, Vaipuanpho, Tuikual, Sakhisih, Damdiai, Chite, Tuirini, Tuivawl, Lawibual, Challui, Mat, Siakah, Chhimtuipui, Tuikum, Sesah, Phe, Teirei, Tut, Tuichhuahen, Tiau, Tuipui, Nongal, Simsang, Ganol, Damring, Waikhrwi, Kwai, Teirei, Khawthlangtuipui, Ngengpui Stream, Vantawng, Sderkariah, Laitryngew, Wahkhlek Khlek, Wahrew, Umngi, Rwiang, Kalipai, Kmai Um, Lukha, Myntdu, Lamu, Lynriang, Thlu Umwi, Simsang, Teesta, Sonai, Ranganadi, Rangit, Ranichu, Kapili, Karola, Kathakal, Kharsang, Kohora, Kolong, Kundli, Kushiara, Manu, Nonbah, Kynshi, Wah Blei, Lohit, Manas, Maney Khola, Ganol Tura, Milak, Namchik, Noa Dihing, Pachin, Pagldia, Panchnoi, Poma, Yomgo And Mora",7.4,165.5,1.5,7.1499999999999995,,"Burhidihing, Dhansiri, Bharalu, Dikrong, Gai Nadi, Digaru, Digboi, Dikhow, Kaljani, Gabharu, Tocklai, Tunia, Larsing, Dhateshwari, Demow, Borsila, Barak, Dibang, Dihing, Senki, Dorika, Subansiri, Siang, Baralia, Tihu, Singra, Damring, Manda, Dikchu, Dzu, Kha Ru, Dzucha, Torsa, Beki, Bereng, Bhogdoi, Jhanji, Jia Bharali, Sankosh, Sanuo Ru, Boginadi, Rilang, Myntang, Tlawng, Tuirial, Serlui, Vaipuanpho, Tuikual, Sakhisih, Damdiai, Chite, Tuirini, Tuivawl, Lawibual, Challui, Mat, Siakah, Chhimtuipui, Tuikum, Sesah, Phe, Teirei, Tut, Tuichhuahen, Tiau, Tuipui, Nongal, Simsang, Ganol, Damring, Waikhrwi, Kwai, Teirei, Khawthlangtuipui, Ngengpui Stream, Vantawng, Sderkariah, Laitryngew, Wahkhlek Khlek, Wahrew, Umngi, Rwiang, Kalipai, Kmai Um, Lukha, Myntdu, Lamu, Lynriang, Thlu Umwi, Simsang, Teesta, Sonai, Ranganadi, Rangit, Ranichu, Kapili, Karola, Kathakal, Kharsang, Kohora, Kolong, Kundli, Kushiara, Manu, Nonbah, Kynshi, Wah Blei, Lohit, Manas, Maney Khola, Ganol Tura, Milak, Namchik, Noa Dihing, Pachin, Pagldia, Panchnoi, Poma, Yomgo And Mora",2022-06-30
2022,3736,"TLAWNG RIVER, U/S, PIALTHLENG ZOTLANG, LUNGLEI",MIZORAM,"Tributary Streams - Burhidihing, Dhansiri, Bharalu, Dikrong, Gai Nadi, Digaru, Digboi, Dikhow, Kaljani, Gabharu, Tocklai, Tunia, Larsing, Dhateshwari, Demow, Borsila, Barak, Dibang, Dihing, Senki, Dorika, Subansiri, Siang, Baralia, Tihu, Singra, Damring, Manda, Dikchu, Dzu, Kha Ru, Dzucha, Torsa, Beki, Bereng, Bhogdoi, Jhanji, Jia Bharali, Sankosh, Sanuo Ru, Boginadi, Rilang, Myntang, Tlawng, Tuirial, Serlui, Vaipuanpho, Tuikual, Sakhisih, Damdiai, Chite, Tuirini, Tuivawl, Lawibual, Challui, Mat, Siakah, Chhimtuipui, Tuikum, Sesah, Phe, Teirei, Tut, Tuichhuahen, Tiau, Tuipui, Nongal, Simsang, Ganol, Damring, Waikhrwi, Kwai, Teirei, Khawthlangtuipui, Ngengpui Stream, Vantawng, Sderkariah, Laitryngew, Wahkhlek Khlek, Wahrew, Umngi, Rwiang, Kalipai, Kmai Um, Lukha, Myntdu, Lamu, Lynriang, Thlu Umwi, Simsang, Teesta, Sonai, Ranganadi, Rangit, Ranichu, Kapili, Karola, Kathakal, Kharsang, Kohora, Kolong, Kundli, Kushiara, Manu, Nonbah, Kynshi, Wah Blei, Lohit, Manas, Maney Khola, Ganol Tura, Milak, Namchik, Noa Dihing, Pachin, Pagldia, Panchnoi, Poma, Yomgo And Mora",7.1,279.0,1.4,7.35,,"Burhidihing, Dhansiri, Bharalu, Dikrong, Gai Nadi, Digaru, Digboi, Dikhow, Kaljani, Gabharu, Tocklai, Tunia, Larsing, Dhateshwari, Demow, Borsila, Barak, Dibang, Dihing, Senki, Dorika, Subansiri, Siang, Baralia, Tihu, Singra, Damring, Manda, Dikchu, Dzu, Kha Ru, Dzucha, Torsa, Beki, Bereng, Bhogdoi, Jhanji, Jia Bharali, Sankosh, Sanuo Ru, Boginadi, Rilang, Myntang, Tlawng, Tuirial, Serlui, Vaipuanpho, Tuikual, Sakhisih, Damdiai, Chite, Tuirini, Tuivawl, Lawibual, Challui, Mat, Siakah, Chhimtuipui, Tuikum, Sesah, Phe, Teirei, Tut, Tuichhuahen, Tiau, Tuipui, Nongal, Simsang, Ganol, Damring, Waikhrwi, Kwai, Teirei, Khawthlangtuipui, Ngengpui Stream, Vantawng, Sderkariah, Laitryngew, Wahkhlek Khlek, Wahrew, Umngi, Rwiang, Kalipai, Kmai Um, Lukha, Myntdu, Lamu, Lynriang, Thlu Umwi, Simsang, Teesta, Sonai, Ranganadi, Rangit, Ranichu, Kapili, Karola, Kathakal, Kharsang, Kohora, Kolong, Kundli, Kushiara, Manu, Nonbah, Kynshi, Wah Blei, Lohit, Manas, Maney Khola, Ganol Tura, Milak, Namchik, Noa Dihing, Pachin, Pagldia, Panchnoi, Poma, Yomgo And Mora",2022-06-30
2022,3754,"RIVER TLAWNG D/S, RIMAWI VENG, BAIRABI,KOLASIB DIST.",MIZORAM,"Tributary Streams - Burhidihing, Dhansiri, Bharalu, Dikrong, Gai Nadi, Digaru, Digboi, Dikhow, Kaljani, Gabharu, Tocklai, Tunia, Larsing, Dhateshwari, Demow, Borsila, Barak, Dibang, Dihing, Senki, Dorika, Subansiri, Siang, Baralia, Tihu, Singra, Damring, Manda, Dikchu, Dzu, Kha Ru, Dzucha, Torsa, Beki, Bereng, Bhogdoi, Jhanji, Jia Bharali, Sankosh, Sanuo Ru, Boginadi, Rilang, Myntang, Tlawng, Tuirial, Serlui, Vaipuanpho, Tuikual, Sakhisih, Damdiai, Chite, Tuirini, Tuivawl, Lawibual, Challui, Mat, Siakah, Chhimtuipui, Tuikum, Sesah, Phe, Teirei, Tut, Tuichhuahen, Tiau, Tuipui, Nongal, Simsang, Ganol, Damring, Waikhrwi, Kwai, Teirei, Khawthlangtuipui, Ngengpui Stream, Vantawng, Sderkariah, Laitryngew, Wahkhlek Khlek, Wahrew, Umngi, Rwiang, Kalipai, Kmai Um, Lukha, Myntdu, Lamu, Lynriang, Thlu Umwi, Simsang, Teesta, Sonai, Ranganadi, Rangit, Ranichu, Kapili, Karola, Kathakal, Kharsang, Kohora, Kolong, Kundli, Kushiara, Manu, Nonbah, Kynshi, Wah Blei, Lohit, Manas, Maney Khola, Ganol Tura, Milak, Namchik, Noa Dihing, Pachin, Pagldia, Panchnoi, Poma, Yomgo And Mora",7.699999999999999,164.0,1.35,6.75,,TLAWNG,2022-06-30
2022,4121,"RIVER TLAWNG D/S, SUARPUI, BAIRABI HEPP DAM SITE, BAIRABI,KOLASIB DIST.",MIZORAM,"Tributary Streams - Burhidihing, Dhansiri, Bharalu, Dikrong, Gai Nadi, Digaru, Digboi, Dikhow, Kaljani, Gabharu, Tocklai, Tunia, Larsing, Dhateshwari, Demow, Borsila, Barak, Dibang, Dihing, Senki, Dorika, Subansiri, Siang, Baralia, Tihu, Singra, Damring, Manda, Dikchu, Dzu, Kha Ru, Dzucha, Torsa, Beki, Bereng, Bhogdoi, Jhanji, Jia Bharali, Sankosh, Sanuo Ru, Boginadi, Rilang, Myntang, Tlawng, Tuirial, Serlui, Vaipuanpho, Tuikual, Sakhisih, Damdiai, Chite, Tuirini, Tuivawl, Lawibual, Challui, Mat, Siakah, Chhimtuipui, Tuikum, Sesah, Phe, Teirei, Tut, Tuichhuahen, Tiau, Tuipui, Nongal, Simsang, Ganol, Damring, Waikhrwi, Kwai, Teirei, Khawthlangtuipui, Ngengpui Stream, Vantawng, Sderkariah, Laitryngew, Wahkhlek Khlek, Wahrew, Umngi, Rwiang, Kalipai, Kmai Um, Lukha, Myntdu, Lamu, Lynriang, Thlu Umwi, Simsang, Teesta, Sonai, Ranganadi, Rangit, Ranichu, Kapili, Karola, Kathakal, Kharsang, Kohora, Kolong, Kundli, Kushiara, Manu, Nonbah, Kynshi, Wah Blei, Lohit, Manas, Maney Khola, Ganol Tura, Milak, Namchik, Noa Dihing, Pachin, Pagldia, Panchnoi, Poma, Yomgo And Mora",7.75,167.5,1.4500000000000002,6.65,,TLAWNG,2022-06-30
2022,2052,"RIVER TUIRIAL MID STREAM, TUIRIAL VILLAGE, U/S OF TUIRIAL BRIDGE",MIZORAM,"Tributary Streams - Burhidihing, Dhansiri, Bharalu, Dikrong, Gai Nadi, Digaru, Digboi, Dikhow, Kaljani, Gabharu, Tocklai, Tunia, Larsing, Dhateshwari, Demow, Borsila, Barak, Dibang, Dihing, Senki, Dorika, Subansiri, Siang, Baralia, Tihu, Singra, Damring, Manda, Dikchu, Dzu, Kha Ru, Dzucha, Torsa, Beki, Bereng, Bhogdoi, Jhanji, Jia Bharali, Sankosh, Sanuo Ru, Boginadi, Rilang, Myntang, Tlawng, Tuirial, Serlui, Vaipuanpho, Tuikual, Sakhisih, Damdiai, Chite, Tuirini, Tuivawl, Lawibual, Challui, Mat, Siakah, Chhimtuipui, Tuikum, Sesah, Phe, Teirei, Tut, Tuichhuahen, Tiau, Tuipui, Nongal, Simsang, Ganol, Damring, Waikhrwi, Kwai, Teirei, Khawthlangtuipui, Ngengpui Stream, Vantawng, Sderkariah, Laitryngew, Wahkhlek Khlek, Wahrew, Umngi, Rwiang, Kalipai, Kmai Um, Lukha, Myntdu, Lamu, Lynriang, Thlu Umwi, Simsang, Teesta, Sonai, Ranganadi, Rangit, Ranichu, Kapili, Karola, Kathakal, Kharsang, Kohora, Kolong, Kundli, Kushiara, Manu, Nonbah, Kynshi, Wah Blei, Lohit, Manas, Maney Khola, Ganol Tura, Milak, Namchik, Noa Dihing, Pachin, Pagldia, Panchnoi, Poma, Yomgo And Mora",7.92,238.5,1.5,7.5,,"Burhidihing, Dhansiri, Bharalu, Dikrong, Gai Nadi, Digaru, Digboi, Dikhow, Kaljani, Gabharu, Tocklai, Tunia, Larsing, Dhateshwari, Demow, Borsila, Barak, Dibang, Dihing, Senki, Dorika, Subansiri, Siang, Baralia, Tihu, Singra, Damring, Manda, Dikchu, Dzu, Kha Ru, Dzucha, Torsa, Beki, Bereng, Bhogdoi, Jhanji, Jia Bharali, Sankosh, Sanuo Ru, Boginadi, Rilang, Myntang, Tlawng, Tuirial, Serlui, Vaipuanpho, Tuikual, Sakhisih, Damdiai, Chite, Tuirini, Tuivawl, Lawibual, Challui, Mat, Siakah, Chhimtuipui, Tuikum, Sesah, Phe, Teirei, Tut, Tuichhuahen, Tiau, Tuipui, Nongal, Simsang, Ganol, Damring, Waikhrwi, Kwai, Teirei, Khawthlangtuipui, Ngengpui Stream, Vantawng, Sderkariah, Laitryngew, Wahkhlek Khlek, Wahrew, Umngi, Rwiang, Kalipai, Kmai Um, Lukha, Myntdu, Lamu, Lynriang, Thlu Umwi, Simsang, Teesta, Sonai, Ranganadi, Rangit, Ranichu, Kapili, Karola, Kathakal, Kharsang, Kohora, Kolong, Kundli, Kushiara, Manu, Nonbah, Kynshi, Wah Blei, Lohit, Manas, Maney Khola, Ganol Tura, Milak, Namchik, Noa Dihing, Pachin, Pagldia, Panchnoi, Poma, Yomgo And Mora",2022-06-30
2022,2053,"RIVER, TUIRIAL MID STREAM, TUIRIAL VILLAGE, D/S OF TUIRIAL BRIDGE",MIZORAM,"Tributary Streams - Burhidihing, Dhansiri, Bharalu, Dikrong, Gai Nadi, Digaru, Digboi, Dikhow, Kaljani, Gabharu, Tocklai, Tunia, Larsing, Dhateshwari, Demow, Borsila, Barak, Dibang, Dihing, Senki, Dorika, Subansiri, Siang, Baralia, Tihu, Singra, Damring, Manda, Dikchu, Dzu, Kha Ru, Dzucha, Torsa, Beki, Bereng, Bhogdoi, Jhanji, Jia Bharali, Sankosh, Sanuo Ru, Boginadi, Rilang, Myntang, Tlawng, Tuirial, Serlui, Vaipuanpho, Tuikual, Sakhisih, Damdiai, Chite, Tuirini, Tuivawl, Lawibual, Challui, Mat, Siakah, Chhimtuipui, Tuikum, Sesah, Phe, Teirei, Tut, Tuichhuahen, Tiau, Tuipui, Nongal, Simsang, Ganol, Damring, Waikhrwi, Kwai, Teirei, Khawthlangtuipui, Ngengpui Stream, Vantawng, Sderkariah, Laitryngew, Wahkhlek Khlek, Wahrew, Umngi, Rwiang, Kalipai, Kmai Um, Lukha, Myntdu, Lamu, Lynriang, Thlu Umwi, Simsang, Teesta, Sonai, Ranganadi, Rangit, Ranichu, Kapili, Karola, Kathakal, Kharsang, Kohora, Kolong, Kundli, Kushiara, Manu, Nonbah, Kynshi, Wah Blei, Lohit, Manas, Maney Khola, Ganol Tura, Milak, Namchik, Noa Dihing, Pachin, Pagldia, Panchnoi, Poma, Yomgo And Mora",7.9,202.5,1.3,7.300000000000001,,"Burhidihing, Dhansiri, Bharalu, Dikrong, Gai Nadi, Digaru, Digboi, Dikhow, Kaljani, Gabharu, Tocklai, Tunia, Larsing, Dhateshwari, Demow, Borsila, Barak, Dibang, Dihing, Senki, Dorika, Subansiri, Siang, Baralia, Tihu, Singra, Damring, Manda, Dikchu, Dzu, Kha Ru, Dzucha, Torsa, Beki, Bereng, Bhogdoi, Jhanji, Jia Bharali, Sankosh, Sanuo Ru, Boginadi, Rilang, Myntang, Tlawng, Tuirial, Serlui, Vaipuanpho, Tuikual, Sakhisih, Damdiai, Chite, Tuirini, Tuivawl, Lawibual, Challui, Mat, Siakah, Chhimtuipui, Tuikum, Sesah, Phe, Teirei, Tut, Tuichhuahen, Tiau, Tuipui, Nongal, Simsang, Ganol, Damring, Waikhrwi, Kwai, Teirei, Khawthlangtuipui, Ngengpui Stream, Vantawng, Sderkariah, Laitryngew, Wahkhlek Khlek, Wahrew, Umngi, Rwiang, Kalipai, Kmai Um, Lukha, Myntdu, Lamu, Lynriang, Thlu Umwi, Simsang, Teesta, Sonai, Ranganadi, Rangit, Ranichu, Kapili, Karola, Kathakal, Kharsang, Kohora, Kolong, Kundli, Kushiara, Manu, Nonbah, Kynshi, Wah Blei, Lohit, Manas, Maney Khola, Ganol Tura, Milak, Namchik, Noa Dihing, Pachin, Pagldia, Panchnoi, Poma, Yomgo And Mora",2022-06-30
2022,3714,"TUIRIAL RIVER, UPSTREAM, SUMSUIH,AIZAWL DIST",MIZORAM,"Tributary Streams - Burhidihing, Dhansiri, Bharalu, Dikrong, Gai Nadi, Digaru, Digboi, Dikhow, Kaljani, Gabharu, Tocklai, Tunia, Larsing, Dhateshwari, Demow, Borsila, Barak, Dibang, Dihing, Senki, Dorika, Subansiri, Siang, Baralia, Tihu, Singra, Damring, Manda, Dikchu, Dzu, Kha Ru, Dzucha, Torsa, Beki, Bereng, Bhogdoi, Jhanji, Jia Bharali, Sankosh, Sanuo Ru, Boginadi, Rilang, Myntang, Tlawng, Tuirial, Serlui, Vaipuanpho, Tuikual, Sakhisih, Damdiai, Chite, Tuirini, Tuivawl, Lawibual, Challui, Mat, Siakah, Chhimtuipui, Tuikum, Sesah, Phe, Teirei, Tut, Tuichhuahen, Tiau, Tuipui, Nongal, Simsang, Ganol, Damring, Waikhrwi, Kwai, Teirei, Khawthlangtuipui, Ngengpui Stream, Vantawng, Sderkariah, Laitryngew, Wahkhlek Khlek, Wahrew, Umngi, Rwiang, Kalipai, Kmai Um, Lukha, Myntdu, Lamu, Lynriang, Thlu Umwi, Simsang, Teesta, Sonai, Ranganadi, Rangit, Ranichu, Kapili, Karola, Kathakal, Kharsang, Kohora, Kolong, Kundli, Kushiara, Manu, Nonbah, Kynshi, Wah Blei, Lohit, Manas, Maney Khola, Ganol Tura, Milak, Namchik, Noa Dihing, Pachin, Pagldia, Panchnoi, Poma, Yomgo And Mora",6.8,243.0,1.2000000000000002,6.85,,"Burhidihing, Dhansiri, Bharalu, Dikrong, Gai Nadi, Digaru, Digboi, Dikhow, Kaljani, Gabharu, Tocklai, Tunia, Larsing, Dhateshwari, Demow, Borsila, Barak, Dibang, Dihing, Senki, Dorika, Subansiri, Siang, Baralia, Tihu, Singra, Damring, Manda, Dikchu, Dzu, Kha Ru, Dzucha, Torsa, Beki, Bereng, Bhogdoi, Jhanji, Jia Bharali, Sankosh, Sanuo Ru, Boginadi, Rilang, Myntang, Tlawng, Tuirial, Serlui, Vaipuanpho, Tuikual, Sakhisih, Damdiai, Chite, Tuirini, Tuivawl, Lawibual, Challui, Mat, Siakah, Chhimtuipui, Tuikum, Sesah, Phe, Teirei, Tut, Tuichhuahen, Tiau, Tuipui, Nongal, Simsang, Ganol, Damring, Waikhrwi, Kwai, Teirei, Khawthlangtuipui, Ngengpui Stream, Vantawng, Sderkariah, Laitryngew, Wahkhlek Khlek, Wahrew, Umngi, Rwiang, Kalipai, Kmai Um, Lukha, Myntdu, Lamu, Lynriang, Thlu Umwi, Simsang, Teesta, Sonai, Ranganadi, Rangit, Ranichu, Kapili, Karola, Kathakal, Kharsang, Kohora, Kolong, Kundli, Kushiara, Manu, Nonbah, Kynshi, Wah Blei, Lohit, Manas, Maney Khola, Ganol Tura, Milak, Namchik, Noa Dihing, Pachin, Pagldia, Panchnoi, Poma, Yomgo And Mora",2022-06-30
2022,3715,"TUIRIAL RIVER, MID STREAM, AIRFIELD, U/S OF TUIRIAL WASTE MANAGEMENT CENTRE, AIZAWL DIST.",MIZORAM,"Tributary Streams - Burhidihing, Dhansiri, Bharalu, Dikrong, Gai Nadi, Digaru, Digboi, Dikhow, Kaljani, Gabharu, Tocklai, Tunia, Larsing, Dhateshwari, Demow, Borsila, Barak, Dibang, Dihing, Senki, Dorika, Subansiri, Siang, Baralia, Tihu, Singra, Damring, Manda, Dikchu, Dzu, Kha Ru, Dzucha, Torsa, Beki, Bereng, Bhogdoi, Jhanji, Jia Bharali, Sankosh, Sanuo Ru, Boginadi, Rilang, Myntang, Tlawng, Tuirial, Serlui, Vaipuanpho, Tuikual, Sakhisih, Damdiai, Chite, Tuirini, Tuivawl, Lawibual, Challui, Mat, Siakah, Chhimtuipui, Tuikum, Sesah, Phe, Teirei, Tut, Tuichhuahen, Tiau, Tuipui, Nongal, Simsang, Ganol, Damring, Waikhrwi, Kwai, Teirei, Khawthlangtuipui, Ngengpui Stream, Vantawng, Sderkariah, Laitryngew, Wahkhlek Khlek, Wahrew, Umngi, Rwiang, Kalipai, Kmai Um, Lukha, Myntdu, Lamu, Lynriang, Thlu Umwi, Simsang, Teesta, Sonai, Ranganadi, Rangit, Ranichu, Kapili, Karola, Kathakal, Kharsang, Kohora, Kolong, Kundli, Kushiara, Manu, Nonbah, Kynshi, Wah Blei, Lohit, Manas, Maney Khola, Ganol Tura, Milak, Namchik, Noa Dihing, Pachin, Pagldia, Panchnoi, Poma, Yomgo And Mora",7.9,224.5,1.4500000000000002,7.1,,"Burhidihing, Dhansiri, Bharalu, Dikrong, Gai Nadi, Digaru, Digboi, Dikhow, Kaljani, Gabharu, Tocklai, Tunia, Larsing, Dhateshwari, Demow, Borsila, Barak, Dibang, Dihing, Senki, Dorika, Subansiri, Siang, Baralia, Tihu, Singra, Damring, Manda, Dikchu, Dzu, Kha Ru, Dzucha, Torsa, Beki, Bereng, Bhogdoi, Jhanji, Jia Bharali, Sankosh, Sanuo Ru, Boginadi, Rilang, Myntang, Tlawng, Tuirial, Serlui, Vaipuanpho, Tuikual, Sakhisih, Damdiai, Chite, Tuirini, Tuivawl, Lawibual, Challui, Mat, Siakah, Chhimtuipui, Tuikum, Sesah, Phe, Teirei, Tut, Tuichhuahen, Tiau, Tuipui, Nongal, Simsang, Ganol, Damring, Waikhrwi, Kwai, Teirei, Khawthlangtuipui, Ngengpui Stream, Vantawng, Sderkariah, Laitryngew, Wahkhlek Khlek, Wahrew, Umngi, Rwiang, Kalipai, Kmai Um, Lukha, Myntdu, Lamu, Lynriang, Thlu Umwi, Simsang, Teesta, Sonai, Ranganadi, Rangit, Ranichu, Kapili, Karola, Kathakal, Kharsang, Kohora, Kolong, Kundli, Kushiara, Manu, Nonbah, Kynshi, Wah Blei, Lohit, Manas, Maney Khola, Ganol Tura, Milak, Namchik, Noa Dihing, Pachin, Pagldia, Panchnoi, Poma, Yomgo And Mora",2022-06-30
2022,3717,"TUIRIAL RIVER, MID STREAM, AIRFIELD, D/S OF TUIRIAL WASTE MANAGEMENT CENTRE, AIZAWL DIST",MIZORAM,"Tributary Streams - Burhidihing, Dhansiri, Bharalu, Dikrong, Gai Nadi, Digaru, Digboi, Dikhow, Kaljani, Gabharu, Tocklai, Tunia, Larsing, Dhateshwari, Demow, Borsila, Barak, Dibang, Dihing, Senki, Dorika, Subansiri, Siang, Baralia, Tihu, Singra, Damring, Manda, Dikchu, Dzu, Kha Ru, Dzucha, Torsa, Beki, Bereng, Bhogdoi, Jhanji, Jia Bharali, Sankosh, Sanuo Ru, Boginadi, Rilang, Myntang, Tlawng, Tuirial, Serlui, Vaipuanpho, Tuikual, Sakhisih, Damdiai, Chite, Tuirini, Tuivawl, Lawibual, Challui, Mat, Siakah, Chhimtuipui, Tuikum, Sesah, Phe, Teirei, Tut, Tuichhuahen, Tiau, Tuipui, Nongal, Simsang, Ganol, Damring, Waikhrwi, Kwai, Teirei, Khawthlangtuipui, Ngengpui Stream, Vantawng, Sderkariah, Laitryngew, Wahkhlek Khlek, Wahrew, Umngi, Rwiang, Kalipai, Kmai Um, Lukha, Myntdu, Lamu, Lynriang, Thlu Umwi, Simsang, Teesta, Sonai, Ranganadi, Rangit, Ranichu, Kapili, Karola, Kathakal, Kharsang, Kohora, Kolong, Kundli, Kushiara, Manu, Nonbah, Kynshi, Wah Blei, Lohit, Manas, Maney Khola, Ganol Tura, Milak, Namchik, Noa Dihing, Pachin, Pagldia, Panchnoi, Poma, Yomgo And Mora",8.0,229.5,2.0,5.199999999999999,,"Burhidihing, Dhansiri, Bharalu, Dikrong, Gai Nadi, Digaru, Digboi, Dikhow, Kaljani, Gabharu, Tocklai, Tunia, Larsing, Dhateshwari, Demow, Borsila, Barak, Dibang, Dihing, Senki, Dorika, Subansiri, Siang, Baralia, Tihu, Singra, Damring, Manda, Dikchu, Dzu, Kha Ru, Dzucha, Torsa, Beki, Bereng, Bhogdoi, Jhanji, Jia Bharali, Sankosh, Sanuo Ru, Boginadi, Rilang, Myntang, Tlawng, Tuirial, Serlui, Vaipuanpho, Tuikual, Sakhisih, Damdiai, Chite, Tuirini, Tuivawl, Lawibual, Challui, Mat, Siakah, Chhimtuipui, Tuikum, Sesah, Phe, Teirei, Tut, Tuichhuahen, Tiau, Tuipui, Nongal, Simsang, Ganol, Damring, Waikhrwi, Kwai, Teirei, Khawthlangtuipui, Ngengpui Stream, Vantawng, Sderkariah, Laitryngew, Wahkhlek Khlek, Wahrew, Umngi, Rwiang, Kalipai, Kmai Um, Lukha, Myntdu, Lamu, Lynriang, Thlu Umwi, Simsang, Teesta, Sonai, Ranganadi, Rangit, Ranichu, Kapili, Karola, Kathakal, Kharsang, Kohora, Kolong, Kundli, Kushiara, Manu, Nonbah, Kynshi, Wah Blei, Lohit, Manas, Maney Khola, Ganol Tura, Milak, Namchik, Noa Dihing, Pachin, Pagldia, Panchnoi, Poma, Yomgo And Mora",2022-06-30
2022,4118,"RIVER TUIRIAL D/S, HEPP DAM, SAIPUM, KOLASIB DIST.",MIZORAM,"Tributary Streams - Burhidihing, Dhansiri, Bharalu, Dikrong, Gai Nadi, Digaru, Digboi, Dikhow, Kaljani, Gabharu, Tocklai, Tunia, Larsing, Dhateshwari, Demow, Borsila, Barak, Dibang, Dihing, Senki, Dorika, Subansiri, Siang, Baralia, Tihu, Singra, Damring, Manda, Dikchu, Dzu, Kha Ru, Dzucha, Torsa, Beki, Bereng, Bhogdoi, Jhanji, Jia Bharali, Sankosh, Sanuo Ru, Boginadi, Rilang, Myntang, Tlawng, Tuirial, Serlui, Vaipuanpho, Tuikual, Sakhisih, Damdiai, Chite, Tuirini, Tuivawl, Lawibual, Challui, Mat, Siakah, Chhimtuipui, Tuikum, Sesah, Phe, Teirei, Tut, Tuichhuahen, Tiau, Tuipui, Nongal, Simsang, Ganol, Damring, Waikhrwi, Kwai, Teirei, Khawthlangtuipui, Ngengpui Stream, Vantawng, Sderkariah, Laitryngew, Wahkhlek Khlek, Wahrew, Umngi, Rwiang, Kalipai, Kmai Um, Lukha, Myntdu, Lamu, Lynriang, Thlu Umwi, Simsang, Teesta, Sonai, Ranganadi, Rangit, Ranichu, Kapili, Karola, Kathakal, Kharsang, Kohora, Kolong, Kundli, Kushiara, Manu, Nonbah, Kynshi, Wah Blei, Lohit, Manas, Maney Khola, Ganol Tura, Milak, Namchik, Noa Dihing, Pachin, Pagldia, Panchnoi, Poma, Yomgo And Mora",6.9,138.5,1.35,8.0,,TUIRIAL,2022-06-30
2022,3710,"RIVER, SERLUI STREAM, REIEK KAI, NEAR PHE WATER TREATMENT PLANT, AIZAWL",MIZORAM,"Tributary Streams - Burhidihing, Dhansiri, Bharalu, Dikrong, Gai Nadi, Digaru, Digboi, Dikhow, Kaljani, Gabharu, Tocklai, Tunia, Larsing, Dhateshwari, Demow, Borsila, Barak, Dibang, Dihing, Senki, Dorika, Subansiri, Siang, Baralia, Tihu, Singra, Damring, Manda, Dikchu, Dzu, Kha Ru, Dzucha, Torsa, Beki, Bereng, Bhogdoi, Jhanji, Jia Bharali, Sankosh, Sanuo Ru, Boginadi, Rilang, Myntang, Tlawng, Tuirial, Serlui, Vaipuanpho, Tuikual, Sakhisih, Damdiai, Chite, Tuirini, Tuivawl, Lawibual, Challui, Mat, Siakah, Chhimtuipui, Tuikum, Sesah, Phe, Teirei, Tut, Tuichhuahen, Tiau, Tuipui, Nongal, Simsang, Ganol, Damring, Waikhrwi, Kwai, Teirei, Khawthlangtuipui, Ngengpui Stream, Vantawng, Sderkariah, Laitryngew, Wahkhlek Khlek, Wahrew, Umngi, Rwiang, Kalipai, Kmai Um, Lukha, Myntdu, Lamu, Lynriang, Thlu Umwi, Simsang, Teesta, Sonai, Ranganadi, Rangit, Ranichu, Kapili, Karola, Kathakal, Kharsang, Kohora, Kolong, Kundli, Kushiara, Manu, Nonbah, Kynshi, Wah Blei, Lohit, Manas, Maney Khola, Ganol Tura, Milak, Namchik, Noa Dihing, Pachin, Pagldia, Panchnoi, Poma, Yomgo And Mora",7.9,273.5,1.35,7.5,,"Burhidihing, Dhansiri, Bharalu, Dikrong, Gai Nadi, Digaru, Digboi, Dikhow, Kaljani, Gabharu, Tocklai, Tunia, Larsing, Dhateshwari, Demow, Borsila, Barak, Dibang, Dihing, Senki, Dorika, Subansiri, Siang, Baralia, Tihu, Singra, Damring, Manda, Dikchu, Dzu, Kha Ru, Dzucha, Torsa, Beki, Bereng, Bhogdoi, Jhanji, Jia Bharali, Sankosh, Sanuo Ru, Boginadi, Rilang, Myntang, Tlawng, Tuirial, Serlui, Vaipuanpho, Tuikual, Sakhisih, Damdiai, Chite, Tuirini, Tuivawl, Lawibual, Challui, Mat, Siakah, Chhimtuipui, Tuikum, Sesah, Phe, Teirei, Tut, Tuichhuahen, Tiau, Tuipui, Nongal, Simsang, Ganol, Damring, Waikhrwi, Kwai, Teirei, Khawthlangtuipui, Ngengpui Stream, Vantawng, Sderkariah, Laitryngew, Wahkhlek Khlek, Wahrew, Umngi, Rwiang, Kalipai, Kmai Um, Lukha, Myntdu, Lamu, Lynriang, Thlu Umwi, Simsang, Teesta, Sonai, Ranganadi, Rangit, Ranichu, Kapili, Karola, Kathakal, Kharsang, Kohora, Kolong, Kundli, Kushiara, Manu, Nonbah, Kynshi, Wah Blei, Lohit, Manas, Maney Khola, Ganol Tura, Milak, Namchik, Noa Dihing, Pachin, Pagldia, Panchnoi, Poma, Yomgo And Mora",2022-06-30
2022,3711,"VAIPUANPHO STREAM, AILAWNG, MAMIT DIST.",MIZORAM,"Tributary Streams - Burhidihing, Dhansiri, Bharalu, Dikrong, Gai Nadi, Digaru, Digboi, Dikhow, Kaljani, Gabharu, Tocklai, Tunia, Larsing, Dhateshwari, Demow, Borsila, Barak, Dibang, Dihing, Senki, Dorika, Subansiri, Siang, Baralia, Tihu, Singra, Damring, Manda, Dikchu, Dzu, Kha Ru, Dzucha, Torsa, Beki, Bereng, Bhogdoi, Jhanji, Jia Bharali, Sankosh, Sanuo Ru, Boginadi, Rilang, Myntang, Tlawng, Tuirial, Serlui, Vaipuanpho, Tuikual, Sakhisih, Damdiai, Chite, Tuirini, Tuivawl, Lawibual, Challui, Mat, Siakah, Chhimtuipui, Tuikum, Sesah, Phe, Teirei, Tut, Tuichhuahen, Tiau, Tuipui, Nongal, Simsang, Ganol, Damring, Waikhrwi, Kwai, Teirei, Khawthlangtuipui, Ngengpui Stream, Vantawng, Sderkariah, Laitryngew, Wahkhlek Khlek, Wahrew, Umngi, Rwiang, Kalipai, Kmai Um, Lukha, Myntdu, Lamu, Lynriang, Thlu Umwi, Simsang, Teesta, Sonai, Ranganadi, Rangit, Ranichu, Kapili, Karola, Kathakal, Kharsang, Kohora, Kolong, Kundli, Kushiara, Manu, Nonbah, Kynshi, Wah Blei, Lohit, Manas, Maney Khola, Ganol Tura, Milak, Namchik, Noa Dihing, Pachin, Pagldia, Panchnoi, Poma, Yomgo And Mora",7.65,108.5,1.5,6.3,,"Burhidihing, Dhansiri, Bharalu, Dikrong, Gai Nadi, Digaru, Digboi, Dikhow, Kaljani, Gabharu, Tocklai, Tunia, Larsing, Dhateshwari, Demow, Borsila, Barak, Dibang, Dihing, Senki, Dorika, Subansiri, Siang, Baralia, Tihu, Singra, Damring, Manda, Dikchu, Dzu, Kha Ru, Dzucha, Torsa, Beki, Bereng, Bhogdoi, Jhanji, Jia Bharali, Sankosh, Sanuo Ru, Boginadi, Rilang, Myntang, Tlawng, Tuirial, Serlui, Vaipuanpho, Tuikual, Sakhisih, Damdiai, Chite, Tuirini, Tuivawl, Lawibual, Challui, Mat, Siakah, Chhimtuipui, Tuikum, Sesah, Phe, Teirei, Tut, Tuichhuahen, Tiau, Tuipui, Nongal, Simsang, Ganol, Damring, Waikhrwi, Kwai, Teirei, Khawthlangtuipui, Ngengpui Stream, Vantawng, Sderkariah, Laitryngew, Wahkhlek Khlek, Wahrew, Umngi, Rwiang, Kalipai, Kmai Um, Lukha, Myntdu, Lamu, Lynriang, Thlu Umwi, Simsang, Teesta, Sonai, Ranganadi, Rangit, Ranichu, Kapili, Karola, Kathakal, Kharsang, Kohora, Kolong, Kundli, Kushiara, Manu, Nonbah, Kynshi, Wah Blei, Lohit, Manas, Maney Khola, Ganol Tura, Milak, Namchik, Noa Dihing, Pachin, Pagldia, Panchnoi, Poma, Yomgo And Mora",2022-06-30
2022,4115,"RIVER TUIKUAL STREAM, U/S, MIZORAM NEW CAPITAL COMPLEX , DINTHAR, AIZAWL",MIZORAM,"Tributary Streams - Burhidihing, Dhansiri, Bharalu, Dikrong, Gai Nadi, Digaru, Digboi, Dikhow, Kaljani, Gabharu, Tocklai, Tunia, Larsing, Dhateshwari, Demow, Borsila, Barak, Dibang, Dihing, Senki, Dorika, Subansiri, Siang, Baralia, Tihu, Singra, Damring, Manda, Dikchu, Dzu, Kha Ru, Dzucha, Torsa, Beki, Bereng, Bhogdoi, Jhanji, Jia Bharali, Sankosh, Sanuo Ru, Boginadi, Rilang, Myntang, Tlawng, Tuirial, Serlui, Vaipuanpho, Tuikual, Sakhisih, Damdiai, Chite, Tuirini, Tuivawl, Lawibual, Challui, Mat, Siakah, Chhimtuipui, Tuikum, Sesah, Phe, Teirei, Tut, Tuichhuahen, Tiau, Tuipui, Nongal, Simsang, Ganol, Damring, Waikhrwi, Kwai, Teirei, Khawthlangtuipui, Ngengpui Stream, Vantawng, Sderkariah, Laitryngew, Wahkhlek Khlek, Wahrew, Umngi, Rwiang, Kalipai, Kmai Um, Lukha, Myntdu, Lamu, Lynriang, Thlu Umwi, Simsang, Teesta, Sonai, Ranganadi, Rangit, Ranichu, Kapili, Karola, Kathakal, Kharsang, Kohora, Kolong, Kundli, Kushiara, Manu, Nonbah, Kynshi, Wah Blei, Lohit, Manas, Maney Khola, Ganol Tura, Milak, Namchik, Noa Dihing, Pachin, Pagldia, Panchnoi, Poma, Yomgo And Mora",7.3500000000000005,439.0,6.050000000000001,3.4000000000000004,,"Burhidihing, Dhansiri, Bharalu, Dikrong, Gai Nadi, Digaru, Digboi, Dikhow, Kaljani, Gabharu, Tocklai, Tunia, Larsing, Dhateshwari, Demow, Borsila, Barak, Dibang, Dihing, Senki, Dorika, Subansiri, Siang, Baralia, Tihu, Singra, Damring, Manda, Dikchu, Dzu, Kha Ru, Dzucha, Torsa, Beki, Bereng, Bhogdoi, Jhanji, Jia Bharali, Sankosh, Sanuo Ru, Boginadi, Rilang, Myntang, Tlawng, Tuirial, Serlui, Vaipuanpho, Tuikual, Sakhisih, Damdiai, Chite, Tuirini, Tuivawl, Lawibual, Challui, Mat, Siakah, Chhimtuipui, Tuikum, Sesah, Phe, Teirei, Tut, Tuichhuahen, Tiau, Tuipui, Nongal, Simsang, Ganol, Damring, Waikhrwi, Kwai, Teirei, Khawthlangtuipui, Ngengpui Stream, Vantawng, Sderkariah, Laitryngew, Wahkhlek Khlek, Wahrew, Umngi, Rwiang, Kalipai, Kmai Um, Lukha, Myntdu, Lamu, Lynriang, Thlu Umwi, Simsang, Teesta, Sonai, Ranganadi, Rangit, Ranichu, Kapili, Karola, Kathakal, Kharsang, Kohora, Kolong, Kundli, Kushiara, Manu, Nonbah, Kynshi, Wah Blei, Lohit, Manas, Maney Khola, Ganol Tura, Milak, Namchik, Noa Dihing, Pachin, Pagldia, Panchnoi, Poma, Yomgo And Mora",2022-06-30
2022,3712,"TUIKUAL STREAM, D/S, REIEK KAI, NEAR PHE WATER TREATMENT PLANT, AIZAWL",MIZORAM,"Tributary Streams - Burhidihing, Dhansiri, Bharalu, Dikrong, Gai Nadi, Digaru, Digboi, Dikhow, Kaljani, Gabharu, Tocklai, Tunia, Larsing, Dhateshwari, Demow, Borsila, Barak, Dibang, Dihing, Senki, Dorika, Subansiri, Siang, Baralia, Tihu, Singra, Damring, Manda, Dikchu, Dzu, Kha Ru, Dzucha, Torsa, Beki, Bereng, Bhogdoi, Jhanji, Jia Bharali, Sankosh, Sanuo Ru, Boginadi, Rilang, Myntang, Tlawng, Tuirial, Serlui, Vaipuanpho, Tuikual, Sakhisih, Damdiai, Chite, Tuirini, Tuivawl, Lawibual, Challui, Mat, Siakah, Chhimtuipui, Tuikum, Sesah, Phe, Teirei, Tut, Tuichhuahen, Tiau, Tuipui, Nongal, Simsang, Ganol, Damring, Waikhrwi, Kwai, Teirei, Khawthlangtuipui, Ngengpui Stream, Vantawng, Sderkariah, Laitryngew, Wahkhlek Khlek, Wahrew, Umngi, Rwiang, Kalipai, Kmai Um, Lukha, Myntdu, Lamu, Lynriang, Thlu Umwi, Simsang, Teesta, Sonai, Ranganadi, Rangit, Ranichu, Kapili, Karola, Kathakal, Kharsang, Kohora, Kolong, Kundli, Kushiara, Manu, Nonbah, Kynshi, Wah Blei, Lohit, Manas, Maney Khola, Ganol Tura, Milak, Namchik, Noa Dihing, Pachin, Pagldia, Panchnoi, Poma, Yomgo And Mora",8.0,244.5,1.85,6.7,,"Burhidihing, Dhansiri, Bharalu, Dikrong, Gai Nadi, Digaru, Digboi, Dikhow, Kaljani, Gabharu, Tocklai, Tunia, Larsing, Dhateshwari, Demow, Borsila, Barak, Dibang, Dihing, Senki, Dorika, Subansiri, Siang, Baralia, Tihu, Singra, Damring, Manda, Dikchu, Dzu, Kha Ru, Dzucha, Torsa, Beki, Bereng, Bhogdoi, Jhanji, Jia Bharali, Sankosh, Sanuo Ru, Boginadi, Rilang, Myntang, Tlawng, Tuirial, Serlui, Vaipuanpho, Tuikual, Sakhisih, Damdiai, Chite, Tuirini, Tuivawl, Lawibual, Challui, Mat, Siakah, Chhimtuipui, Tuikum, Sesah, Phe, Teirei, Tut, Tuichhuahen, Tiau, Tuipui, Nongal, Simsang, Ganol, Damring, Waikhrwi, Kwai, Teirei, Khawthlangtuipui, Ngengpui Stream, Vantawng, Sderkariah, Laitryngew, Wahkhlek Khlek, Wahrew, Umngi, Rwiang, Kalipai, Kmai Um, Lukha, Myntdu, Lamu, Lynriang, Thlu Umwi, Simsang, Teesta, Sonai, Ranganadi, Rangit, Ranichu, Kapili, Karola, Kathakal, Kharsang, Kohora, Kolong, Kundli, Kushiara, Manu, Nonbah, Kynshi, Wah Blei, Lohit, Manas, Maney Khola, Ganol Tura, Milak, Namchik, Noa Dihing, Pachin, Pagldia, Panchnoi, Poma, Yomgo And Mora",2022-06-30
2022,3713,"SAKHISIH STREAM, MISSION VENGTHLANG, AIZAWL",MIZORAM,"Tributary Streams - Burhidihing, Dhansiri, Bharalu, Dikrong, Gai Nadi, Digaru, Digboi, Dikhow, Kaljani, Gabharu, Tocklai, Tunia, Larsing, Dhateshwari, Demow, Borsila, Barak, Dibang, Dihing, Senki, Dorika, Subansiri, Siang, Baralia, Tihu, Singra, Damring, Manda, Dikchu, Dzu, Kha Ru, Dzucha, Torsa, Beki, Bereng, Bhogdoi, Jhanji, Jia Bharali, Sankosh, Sanuo Ru, Boginadi, Rilang, Myntang, Tlawng, Tuirial, Serlui, Vaipuanpho, Tuikual, Sakhisih, Damdiai, Chite, Tuirini, Tuivawl, Lawibual, Challui, Mat, Siakah, Chhimtuipui, Tuikum, Sesah, Phe, Teirei, Tut, Tuichhuahen, Tiau, Tuipui, Nongal, Simsang, Ganol, Damring, Waikhrwi, Kwai, Teirei, Khawthlangtuipui, Ngengpui Stream, Vantawng, Sderkariah, Laitryngew, Wahkhlek Khlek, Wahrew, Umngi, Rwiang, Kalipai, Kmai Um, Lukha, Myntdu, Lamu, Lynriang, Thlu Umwi, Simsang, Teesta, Sonai, Ranganadi, Rangit, Ranichu, Kapili, Karola, Kathakal, Kharsang, Kohora, Kolong, Kundli, Kushiara, Manu, Nonbah, Kynshi, Wah Blei, Lohit, Manas, Maney Khola, Ganol Tura, Milak, Namchik, Noa Dihing, Pachin, Pagldia, Panchnoi, Poma, Yomgo And Mora",7.444999999999999,440.5,1.4500000000000002,7.35,,"Burhidihing, Dhansiri, Bharalu, Dikrong, Gai Nadi, Digaru, Digboi, Dikhow, Kaljani, Gabharu, Tocklai, Tunia, Larsing, Dhateshwari, Demow, Borsila, Barak, Dibang, Dihing, Senki, Dorika, Subansiri, Siang, Baralia, Tihu, Singra, Damring, Manda, Dikchu, Dzu, Kha Ru, Dzucha, Torsa, Beki, Bereng, Bhogdoi, Jhanji, Jia Bharali, Sankosh, Sanuo Ru, Boginadi, Rilang, Myntang, Tlawng, Tuirial, Serlui, Vaipuanpho, Tuikual, Sakhisih, Damdiai, Chite, Tuirini, Tuivawl, Lawibual, Challui, Mat, Siakah, Chhimtuipui, Tuikum, Sesah, Phe, Teirei, Tut, Tuichhuahen, Tiau, Tuipui, Nongal, Simsang, Ganol, Damring, Waikhrwi, Kwai, Teirei, Khawthlangtuipui, Ngengpui Stream, Vantawng, Sderkariah, Laitryngew, Wahkhlek Khlek, Wahrew, Umngi, Rwiang, Kalipai, Kmai Um, Lukha, Myntdu, Lamu, Lynriang, Thlu Umwi, Simsang, Teesta, Sonai, Ranganadi, Rangit, Ranichu, Kapili, Karola, Kathakal, Kharsang, Kohora, Kolong, Kundli, Kushiara, Manu, Nonbah, Kynshi, Wah Blei, Lohit, Manas, Maney Khola, Ganol Tura, Milak, Namchik, Noa Dihing, Pachin, Pagldia, Panchnoi, Poma, Yomgo And Mora",2022-06-30
2022,3716,"DAMDIAI STREAM, AIRFIELD, NEAR TUIRIAL WASTE MANAGEMENT CENTRE, AIZAWL DIST",MIZORAM,"Tributary Streams - Burhidihing, Dhansiri, Bharalu, Dikrong, Gai Nadi, Digaru, Digboi, Dikhow, Kaljani, Gabharu, Tocklai, Tunia, Larsing, Dhateshwari, Demow, Borsila, Barak, Dibang, Dihing, Senki, Dorika, Subansiri, Siang, Baralia, Tihu, Singra, Damring, Manda, Dikchu, Dzu, Kha Ru, Dzucha, Torsa, Beki, Bereng, Bhogdoi, Jhanji, Jia Bharali, Sankosh, Sanuo Ru, Boginadi, Rilang, Myntang, Tlawng, Tuirial, Serlui, Vaipuanpho, Tuikual, Sakhisih, Damdiai, Chite, Tuirini, Tuivawl, Lawibual, Challui, Mat, Siakah, Chhimtuipui, Tuikum, Sesah, Phe, Teirei, Tut, Tuichhuahen, Tiau, Tuipui, Nongal, Simsang, Ganol, Damring, Waikhrwi, Kwai, Teirei, Khawthlangtuipui, Ngengpui Stream, Vantawng, Sderkariah, Laitryngew, Wahkhlek Khlek, Wahrew, Umngi, Rwiang, Kalipai, Kmai Um, Lukha, Myntdu, Lamu, Lynriang, Thlu Umwi, Simsang, Teesta, Sonai, Ranganadi, Rangit, Ranichu, Kapili, Karola, Kathakal, Kharsang, Kohora, Kolong, Kundli, Kushiara, Manu, Nonbah, Kynshi, Wah Blei, Lohit, Manas, Maney Khola, Ganol Tura, Milak, Namchik, Noa Dihing, Pachin, Pagldia, Panchnoi, Poma, Yomgo And Mora",7.85,210.0,1.2000000000000002,6.65,,"Burhidihing, Dhansiri, Bharalu, Dikrong, Gai Nadi, Digaru, Digboi, Dikhow, Kaljani, Gabharu, Tocklai, Tunia, Larsing, Dhateshwari, Demow, Borsila, Barak, Dibang, Dihing, Senki, Dorika, Subansiri, Siang, Baralia, Tihu, Singra, Damring, Manda, Dikchu, Dzu, Kha Ru, Dzucha, Torsa, Beki, Bereng, Bhogdoi, Jhanji, Jia Bharali, Sankosh, Sanuo Ru, Boginadi, Rilang, Myntang, Tlawng, Tuirial, Serlui, Vaipuanpho, Tuikual, Sakhisih, Damdiai, Chite, Tuirini, Tuivawl, Lawibual, Challui, Mat, Siakah, Chhimtuipui, Tuikum, Sesah, Phe, Teirei, Tut, Tuichhuahen, Tiau, Tuipui, Nongal, Simsang, Ganol, Damring, Waikhrwi, Kwai, Teirei, Khawthlangtuipui, Ngengpui Stream, Vantawng, Sderkariah, Laitryngew, Wahkhlek Khlek, Wahrew, Umngi, Rwiang, Kalipai, Kmai Um, Lukha, Myntdu, Lamu, Lynriang, Thlu Umwi, Simsang, Teesta, Sonai, Ranganadi, Rangit, Ranichu, Kapili, Karola, Kathakal, Kharsang, Kohora, Kolong, Kundli, Kushiara, Manu, Nonbah, Kynshi, Wah Blei, Lohit, Manas, Maney Khola, Ganol Tura, Milak, Namchik, Noa Dihing, Pachin, Pagldia, Panchnoi, Poma, Yomgo And Mora",2022-06-30
2022,3718,"CHITE STREAM, ARMED VENG, NEAR MINI SPORTS COMPLEX, AIZAWL",MIZORAM,"Tributary Streams - Burhidihing, Dhansiri, Bharalu, Dikrong, Gai Nadi, Digaru, Digboi, Dikhow, Kaljani, Gabharu, Tocklai, Tunia, Larsing, Dhateshwari, Demow, Borsila, Barak, Dibang, Dihing, Senki, Dorika, Subansiri, Siang, Baralia, Tihu, Singra, Damring, Manda, Dikchu, Dzu, Kha Ru, Dzucha, Torsa, Beki, Bereng, Bhogdoi, Jhanji, Jia Bharali, Sankosh, Sanuo Ru, Boginadi, Rilang, Myntang, Tlawng, Tuirial, Serlui, Vaipuanpho, Tuikual, Sakhisih, Damdiai, Chite, Tuirini, Tuivawl, Lawibual, Challui, Mat, Siakah, Chhimtuipui, Tuikum, Sesah, Phe, Teirei, Tut, Tuichhuahen, Tiau, Tuipui, Nongal, Simsang, Ganol, Damring, Waikhrwi, Kwai, Teirei, Khawthlangtuipui, Ngengpui Stream, Vantawng, Sderkariah, Laitryngew, Wahkhlek Khlek, Wahrew, Umngi, Rwiang, Kalipai, Kmai Um, Lukha, Myntdu, Lamu, Lynriang, Thlu Umwi, Simsang, Teesta, Sonai, Ranganadi, Rangit, Ranichu, Kapili, Karola, Kathakal, Kharsang, Kohora, Kolong, Kundli, Kushiara, Manu, Nonbah, Kynshi, Wah Blei, Lohit, Manas, Maney Khola, Ganol Tura, Milak, Namchik, Noa Dihing, Pachin, Pagldia, Panchnoi, Poma, Yomgo And Mora",7.65,457.5,5.5,4.85,,"Burhidihing, Dhansiri, Bharalu, Dikrong, Gai Nadi, Digaru, Digboi, Dikhow, Kaljani, Gabharu, Tocklai, Tunia, Larsing, Dhateshwari, Demow, Borsila, Barak, Dibang, Dihing, Senki, Dorika, Subansiri, Siang, Baralia, Tihu, Singra, Damring, Manda, Dikchu, Dzu, Kha Ru, Dzucha, Torsa, Beki, Bereng, Bhogdoi, Jhanji, Jia Bharali, Sankosh, Sanuo Ru, Boginadi, Rilang, Myntang, Tlawng, Tuirial, Serlui, Vaipuanpho, Tuikual, Sakhisih, Damdiai, Chite, Tuirini, Tuivawl, Lawibual, Challui, Mat, Siakah, Chhimtuipui, Tuikum, Sesah, Phe, Teirei, Tut, Tuichhuahen, Tiau, Tuipui, Nongal, Simsang, Ganol, Damring, Waikhrwi, Kwai, Teirei, Khawthlangtuipui, Ngengpui Stream, Vantawng, Sderkariah, Laitryngew, Wahkhlek Khlek, Wahrew, Umngi, Rwiang, Kalipai, Kmai Um, Lukha, Myntdu, Lamu, Lynriang, Thlu Umwi, Simsang, Teesta, Sonai, Ranganadi, Rangit, Ranichu, Kapili, Karola, Kathakal, Kharsang, Kohora, Kolong, Kundli, Kushiara, Manu, Nonbah, Kynshi, Wah Blei, Lohit, Manas, Maney Khola, Ganol Tura, Milak, Namchik, Noa Dihing, Pachin, Pagldia, Panchnoi, Poma, Yomgo And Mora",2022-06-30
2022,3719,"TUIRINI RIVER, SELING, SAITUAL DIST",MIZORAM,"Tributary Streams - Burhidihing, Dhansiri, Bharalu, Dikrong, Gai Nadi, Digaru, Digboi, Dikhow, Kaljani, Gabharu, Tocklai, Tunia, Larsing, Dhateshwari, Demow, Borsila, Barak, Dibang, Dihing, Senki, Dorika, Subansiri, Siang, Baralia, Tihu, Singra, Damring, Manda, Dikchu, Dzu, Kha Ru, Dzucha, Torsa, Beki, Bereng, Bhogdoi, Jhanji, Jia Bharali, Sankosh, Sanuo Ru, Boginadi, Rilang, Myntang, Tlawng, Tuirial, Serlui, Vaipuanpho, Tuikual, Sakhisih, Damdiai, Chite, Tuirini, Tuivawl, Lawibual, Challui, Mat, Siakah, Chhimtuipui, Tuikum, Sesah, Phe, Teirei, Tut, Tuichhuahen, Tiau, Tuipui, Nongal, Simsang, Ganol, Damring, Waikhrwi, Kwai, Teirei, Khawthlangtuipui, Ngengpui Stream, Vantawng, Sderkariah, Laitryngew, Wahkhlek Khlek, Wahrew, Umngi, Rwiang, Kalipai, Kmai Um, Lukha, Myntdu, Lamu, Lynriang, Thlu Umwi, Simsang, Teesta, Sonai, Ranganadi, Rangit, Ranichu, Kapili, Karola, Kathakal, Kharsang, Kohora, Kolong, Kundli, Kushiara, Manu, Nonbah, Kynshi, Wah Blei, Lohit, Manas, Maney Khola, Ganol Tura, Milak, Namchik, Noa Dihing, Pachin, Pagldia, Panchnoi, Poma, Yomgo And Mora",6.6,123.5,1.35,8.0,,"Burhidihing, Dhansiri, Bharalu, Dikrong, Gai Nadi, Digaru, Digboi, Dikhow, Kaljani, Gabharu, Tocklai, Tunia, Larsing, Dhateshwari, Demow, Borsila, Barak, Dibang, Dihing, Senki, Dorika, Subansiri, Siang, Baralia, Tihu, Singra, Damring, Manda, Dikchu, Dzu, Kha Ru, Dzucha, Torsa, Beki, Bereng, Bhogdoi, Jhanji, Jia Bharali, Sankosh, Sanuo Ru, Boginadi, Rilang, Myntang, Tlawng, Tuirial, Serlui, Vaipuanpho, Tuikual, Sakhisih, Damdiai, Chite, Tuirini, Tuivawl, Lawibual, Challui, Mat, Siakah, Chhimtuipui, Tuikum, Sesah, Phe, Teirei, Tut, Tuichhuahen, Tiau, Tuipui, Nongal, Simsang, Ganol, Damring, Waikhrwi, Kwai, Teirei, Khawthlangtuipui, Ngengpui Stream, Vantawng, Sderkariah, Laitryngew, Wahkhlek Khlek, Wahrew, Umngi, Rwiang, Kalipai, Kmai Um, Lukha, Myntdu, Lamu, Lynriang, Thlu Umwi, Simsang, Teesta, Sonai, Ranganadi, Rangit, Ranichu, Kapili, Karola, Kathakal, Kharsang, Kohora, Kolong, Kundli, Kushiara, Manu, Nonbah, Kynshi, Wah Blei, Lohit, Manas, Maney Khola, Ganol Tura, Milak, Namchik, Noa Dihing, Pachin, Pagldia, Panchnoi, Poma, Yomgo And Mora",2022-06-30
2022,3720,"TUIVAWL RIVER, KEIFANG VILLAGE, NEAR TUIVAWL BRIDGE,SAITUAL DIST",MIZORAM,"Tributary Streams - Burhidihing, Dhansiri, Bharalu, Dikrong, Gai Nadi, Digaru, Digboi, Dikhow, Kaljani, Gabharu, Tocklai, Tunia, Larsing, Dhateshwari, Demow, Borsila, Barak, Dibang, Dihing, Senki, Dorika, Subansiri, Siang, Baralia, Tihu, Singra, Damring, Manda, Dikchu, Dzu, Kha Ru, Dzucha, Torsa, Beki, Bereng, Bhogdoi, Jhanji, Jia Bharali, Sankosh, Sanuo Ru, Boginadi, Rilang, Myntang, Tlawng, Tuirial, Serlui, Vaipuanpho, Tuikual, Sakhisih, Damdiai, Chite, Tuirini, Tuivawl, Lawibual, Challui, Mat, Siakah, Chhimtuipui, Tuikum, Sesah, Phe, Teirei, Tut, Tuichhuahen, Tiau, Tuipui, Nongal, Simsang, Ganol, Damring, Waikhrwi, Kwai, Teirei, Khawthlangtuipui, Ngengpui Stream, Vantawng, Sderkariah, Laitryngew, Wahkhlek Khlek, Wahrew, Umngi, Rwiang, Kalipai, Kmai Um, Lukha, Myntdu, Lamu, Lynriang, Thlu Umwi, Simsang, Teesta, Sonai, Ranganadi, Rangit, Ranichu, Kapili, Karola, Kathakal, Kharsang, Kohora, Kolong, Kundli, Kushiara, Manu, Nonbah, Kynshi, Wah Blei, Lohit, Manas, Maney Khola, Ganol Tura, Milak, Namchik, Noa Dihing, Pachin, Pagldia, Panchnoi, Poma, Yomgo And Mora",7.35,122.5,1.4500000000000002,7.75,,"Burhidihing, Dhansiri, Bharalu, Dikrong, Gai Nadi, Digaru, Digboi, Dikhow, Kaljani, Gabharu, Tocklai, Tunia, Larsing, Dhateshwari, Demow, Borsila, Barak, Dibang, Dihing, Senki, Dorika, Subansiri, Siang, Baralia, Tihu, Singra, Damring, Manda, Dikchu, Dzu, Kha Ru, Dzucha, Torsa, Beki, Bereng, Bhogdoi, Jhanji, Jia Bharali, Sankosh, Sanuo Ru, Boginadi, Rilang, Myntang, Tlawng, Tuirial, Serlui, Vaipuanpho, Tuikual, Sakhisih, Damdiai, Chite, Tuirini, Tuivawl, Lawibual, Challui, Mat, Siakah, Chhimtuipui, Tuikum, Sesah, Phe, Teirei, Tut, Tuichhuahen, Tiau, Tuipui, Nongal, Simsang, Ganol, Damring, Waikhrwi, Kwai, Teirei, Khawthlangtuipui, Ngengpui Stream, Vantawng, Sderkariah, Laitryngew, Wahkhlek Khlek, Wahrew, Umngi, Rwiang, Kalipai, Kmai Um, Lukha, Myntdu, Lamu, Lynriang, Thlu Umwi, Simsang, Teesta, Sonai, Ranganadi, Rangit, Ranichu, Kapili, Karola, Kathakal, Kharsang, Kohora, Kolong, Kundli, Kushiara, Manu, Nonbah, Kynshi, Wah Blei, Lohit, Manas, Maney Khola, Ganol Tura, Milak, Namchik, Noa Dihing, Pachin, Pagldia, Panchnoi, Poma, Yomgo And Mora",2022-06-30
2022,3721,"LAWIBUAL STREAM, I.T.I VENG, AIZAWL",MIZORAM,"Tributary Streams - Burhidihing, Dhansiri, Bharalu, Dikrong, Gai Nadi, Digaru, Digboi, Dikhow, Kaljani, Gabharu, Tocklai, Tunia, Larsing, Dhateshwari, Demow, Borsila, Barak, Dibang, Dihing, Senki, Dorika, Subansiri, Siang, Baralia, Tihu, Singra, Damring, Manda, Dikchu, Dzu, Kha Ru, Dzucha, Torsa, Beki, Bereng, Bhogdoi, Jhanji, Jia Bharali, Sankosh, Sanuo Ru, Boginadi, Rilang, Myntang, Tlawng, Tuirial, Serlui, Vaipuanpho, Tuikual, Sakhisih, Damdiai, Chite, Tuirini, Tuivawl, Lawibual, Challui, Mat, Siakah, Chhimtuipui, Tuikum, Sesah, Phe, Teirei, Tut, Tuichhuahen, Tiau, Tuipui, Nongal, Simsang, Ganol, Damring, Waikhrwi, Kwai, Teirei, Khawthlangtuipui, Ngengpui Stream, Vantawng, Sderkariah, Laitryngew, Wahkhlek Khlek, Wahrew, Umngi, Rwiang, Kalipai, Kmai Um, Lukha, Myntdu, Lamu, Lynriang, Thlu Umwi, Simsang, Teesta, Sonai, Ranganadi, Rangit, Ranichu, Kapili, Karola, Kathakal, Kharsang, Kohora, Kolong, Kundli, Kushiara, Manu, Nonbah, Kynshi, Wah Blei, Lohit, Manas, Maney Khola, Ganol Tura, Milak, Namchik, Noa Dihing, Pachin, Pagldia, Panchnoi, Poma, Yomgo And Mora",7.45,537.0,3.8499999999999996,5.2,,"Burhidihing, Dhansiri, Bharalu, Dikrong, Gai Nadi, Digaru, Digboi, Dikhow, Kaljani, Gabharu, Tocklai, Tunia, Larsing, Dhateshwari, Demow, Borsila, Barak, Dibang, Dihing, Senki, Dorika, Subansiri, Siang, Baralia, Tihu, Singra, Damring, Manda, Dikchu, Dzu, Kha Ru, Dzucha, Torsa, Beki, Bereng, Bhogdoi, Jhanji, Jia Bharali, Sankosh, Sanuo Ru, Boginadi, Rilang, Myntang, Tlawng, Tuirial, Serlui, Vaipuanpho, Tuikual, Sakhisih, Damdiai, Chite, Tuirini, Tuivawl, Lawibual, Challui, Mat, Siakah, Chhimtuipui, Tuikum, Sesah, Phe, Teirei, Tut, Tuichhuahen, Tiau, Tuipui, Nongal, Simsang, Ganol, Damring, Waikhrwi, Kwai, Teirei, Khawthlangtuipui, Ngengpui Stream, Vantawng, Sderkariah, Laitryngew, Wahkhlek Khlek, Wahrew, Umngi, Rwiang, Kalipai, Kmai Um, Lukha, Myntdu, Lamu, Lynriang, Thlu Umwi, Simsang, Teesta, Sonai, Ranganadi, Rangit, Ranichu, Kapili, Karola, Kathakal, Kharsang, Kohora, Kolong, Kundli, Kushiara, Manu, Nonbah, Kynshi, Wah Blei, Lohit, Manas, Maney Khola, Ganol Tura, Milak, Namchik, Noa Dihing, Pachin, Pagldia, Panchnoi, Poma, Yomgo And Mora",2022-06-30
2022,3724,"CHALLUI STREAM, LENGPUI, AIZAWL DIST",MIZORAM,"Tributary Streams - Burhidihing, Dhansiri, Bharalu, Dikrong, Gai Nadi, Digaru, Digboi, Dikhow, Kaljani, Gabharu, Tocklai, Tunia, Larsing, Dhateshwari, Demow, Borsila, Barak, Dibang, Dihing, Senki, Dorika, Subansiri, Siang, Baralia, Tihu, Singra, Damring, Manda, Dikchu, Dzu, Kha Ru, Dzucha, Torsa, Beki, Bereng, Bhogdoi, Jhanji, Jia Bharali, Sankosh, Sanuo Ru, Boginadi, Rilang, Myntang, Tlawng, Tuirial, Serlui, Vaipuanpho, Tuikual, Sakhisih, Damdiai, Chite, Tuirini, Tuivawl, Lawibual, Challui, Mat, Siakah, Chhimtuipui, Tuikum, Sesah, Phe, Teirei, Tut, Tuichhuahen, Tiau, Tuipui, Nongal, Simsang, Ganol, Damring, Waikhrwi, Kwai, Teirei, Khawthlangtuipui, Ngengpui Stream, Vantawng, Sderkariah, Laitryngew, Wahkhlek Khlek, Wahrew, Umngi, Rwiang, Kalipai, Kmai Um, Lukha, Myntdu, Lamu, Lynriang, Thlu Umwi, Simsang, Teesta, Sonai, Ranganadi, Rangit, Ranichu, Kapili, Karola, Kathakal, Kharsang, Kohora, Kolong, Kundli, Kushiara, Manu, Nonbah, Kynshi, Wah Blei, Lohit, Manas, Maney Khola, Ganol Tura, Milak, Namchik, Noa Dihing, Pachin, Pagldia, Panchnoi, Poma, Yomgo And Mora",7.0,251.5,1.95,7.6,,"Burhidihing, Dhansiri, Bharalu, Dikrong, Gai Nadi, Digaru, Digboi, Dikhow, Kaljani, Gabharu, Tocklai, Tunia, Larsing, Dhateshwari, Demow, Borsila, Barak, Dibang, Dihing, Senki, Dorika, Subansiri, Siang, Baralia, Tihu, Singra, Damring, Manda, Dikchu, Dzu, Kha Ru, Dzucha, Torsa, Beki, Bereng, Bhogdoi, Jhanji, Jia Bharali, Sankosh, Sanuo Ru, Boginadi, Rilang, Myntang, Tlawng, Tuirial, Serlui, Vaipuanpho, Tuikual, Sakhisih, Damdiai, Chite, Tuirini, Tuivawl, Lawibual, Challui, Mat, Siakah, Chhimtuipui, Tuikum, Sesah, Phe, Teirei, Tut, Tuichhuahen, Tiau, Tuipui, Nongal, Simsang, Ganol, Damring, Waikhrwi, Kwai, Teirei, Khawthlangtuipui, Ngengpui Stream, Vantawng, Sderkariah, Laitryngew, Wahkhlek Khlek, Wahrew, Umngi, Rwiang, Kalipai, Kmai Um, Lukha, Myntdu, Lamu, Lynriang, Thlu Umwi, Simsang, Teesta, Sonai, Ranganadi, Rangit, Ranichu, Kapili, Karola, Kathakal, Kharsang, Kohora, Kolong, Kundli, Kushiara, Manu, Nonbah, Kynshi, Wah Blei, Lohit, Manas, Maney Khola, Ganol Tura, Milak, Namchik, Noa Dihing, Pachin, Pagldia, Panchnoi, Poma, Yomgo And Mora",2022-06-30
2022,3734,"TLAWNG RIVER, U/S, ZOBAWK VILLAGE, LUNGLEI DIST.",MIZORAM,"Tributary Streams - Burhidihing, Dhansiri, Bharalu, Dikrong, Gai Nadi, Digaru, Digboi, Dikhow, Kaljani, Gabharu, Tocklai, Tunia, Larsing, Dhateshwari, Demow, Borsila, Barak, Dibang, Dihing, Senki, Dorika, Subansiri, Siang, Baralia, Tihu, Singra, Damring, Manda, Dikchu, Dzu, Kha Ru, Dzucha, Torsa, Beki, Bereng, Bhogdoi, Jhanji, Jia Bharali, Sankosh, Sanuo Ru, Boginadi, Rilang, Myntang, Tlawng, Tuirial, Serlui, Vaipuanpho, Tuikual, Sakhisih, Damdiai, Chite, Tuirini, Tuivawl, Lawibual, Challui, Mat, Siakah, Chhimtuipui, Tuikum, Sesah, Phe, Teirei, Tut, Tuichhuahen, Tiau, Tuipui, Nongal, Simsang, Ganol, Damring, Waikhrwi, Kwai, Teirei, Khawthlangtuipui, Ngengpui Stream, Vantawng, Sderkariah, Laitryngew, Wahkhlek Khlek, Wahrew, Umngi, Rwiang, Kalipai, Kmai Um, Lukha, Myntdu, Lamu, Lynriang, Thlu Umwi, Simsang, Teesta, Sonai, Ranganadi, Rangit, Ranichu, Kapili, Karola, Kathakal, Kharsang, Kohora, Kolong, Kundli, Kushiara, Manu, Nonbah, Kynshi, Wah Blei, Lohit, Manas, Maney Khola, Ganol Tura, Milak, Namchik, Noa Dihing, Pachin, Pagldia, Panchnoi, Poma, Yomgo And Mora",6.62,204.5,1.35,7.1,,"Burhidihing, Dhansiri, Bharalu, Dikrong, Gai Nadi, Digaru, Digboi, Dikhow, Kaljani, Gabharu, Tocklai, Tunia, Larsing, Dhateshwari, Demow, Borsila, Barak, Dibang, Dihing, Senki, Dorika, Subansiri, Siang, Baralia, Tihu, Singra, Damring, Manda, Dikchu, Dzu, Kha Ru, Dzucha, Torsa, Beki, Bereng, Bhogdoi, Jhanji, Jia Bharali, Sankosh, Sanuo Ru, Boginadi, Rilang, Myntang, Tlawng, Tuirial, Serlui, Vaipuanpho, Tuikual, Sakhisih, Damdiai, Chite, Tuirini, Tuivawl, Lawibual, Challui, Mat, Siakah, Chhimtuipui, Tuikum, Sesah, Phe, Teirei, Tut, Tuichhuahen, Tiau, Tuipui, Nongal, Simsang, Ganol, Damring, Waikhrwi, Kwai, Teirei, Khawthlangtuipui, Ngengpui Stream, Vantawng, Sderkariah, Laitryngew, Wahkhlek Khlek, Wahrew, Umngi, Rwiang, Kalipai, Kmai Um, Lukha, Myntdu, Lamu, Lynriang, Thlu Umwi, Simsang, Teesta, Sonai, Ranganadi, Rangit, Ranichu, Kapili, Karola, Kathakal, Kharsang, Kohora, Kolong, Kundli, Kushiara, Manu, Nonbah, Kynshi, Wah Blei, Lohit, Manas, Maney Khola, Ganol Tura, Milak, Namchik, Noa Dihing, Pachin, Pagldia, Panchnoi, Poma, Yomgo And Mora",2022-06-30
2022,3735,"MAT RIVER, DAWN VILLAGE, NEAR MAT BRIDGE,LUNGLEI DIST.",MIZORAM,"Tributary Streams - Burhidihing, Dhansiri, Bharalu, Dikrong, Gai Nadi, Digaru, Digboi, Dikhow, Kaljani, Gabharu, Tocklai, Tunia, Larsing, Dhateshwari, Demow, Borsila, Barak, Dibang, Dihing, Senki, Dorika, Subansiri, Siang, Baralia, Tihu, Singra, Damring, Manda, Dikchu, Dzu, Kha Ru, Dzucha, Torsa, Beki, Bereng, Bhogdoi, Jhanji, Jia Bharali, Sankosh, Sanuo Ru, Boginadi, Rilang, Myntang, Tlawng, Tuirial, Serlui, Vaipuanpho, Tuikual, Sakhisih, Damdiai, Chite, Tuirini, Tuivawl, Lawibual, Challui, Mat, Siakah, Chhimtuipui, Tuikum, Sesah, Phe, Teirei, Tut, Tuichhuahen, Tiau, Tuipui, Nongal, Simsang, Ganol, Damring, Waikhrwi, Kwai, Teirei, Khawthlangtuipui, Ngengpui Stream, Vantawng, Sderkariah, Laitryngew, Wahkhlek Khlek, Wahrew, Umngi, Rwiang, Kalipai, Kmai Um, Lukha, Myntdu, Lamu, Lynriang, Thlu Umwi, Simsang, Teesta, Sonai, Ranganadi, Rangit, Ranichu, Kapili, Karola, Kathakal, Kharsang, Kohora, Kolong, Kundli, Kushiara, Manu, Nonbah, Kynshi, Wah Blei, Lohit, Manas, Maney Khola, Ganol Tura, Milak, Namchik, Noa Dihing, Pachin, Pagldia, Panchnoi, Poma, Yomgo And Mora",6.51,237.5,1.25,7.1,,"Burhidihing, Dhansiri, Bharalu, Dikrong, Gai Nadi, Digaru, Digboi, Dikhow, Kaljani, Gabharu, Tocklai, Tunia, Larsing, Dhateshwari, Demow, Borsila, Barak, Dibang, Dihing, Senki, Dorika, Subansiri, Siang, Baralia, Tihu, Singra, Damring, Manda, Dikchu, Dzu, Kha Ru, Dzucha, Torsa, Beki, Bereng, Bhogdoi, Jhanji, Jia Bharali, Sankosh, Sanuo Ru, Boginadi, Rilang, Myntang, Tlawng, Tuirial, Serlui, Vaipuanpho, Tuikual, Sakhisih, Damdiai, Chite, Tuirini, Tuivawl, Lawibual, Challui, Mat, Siakah, Chhimtuipui, Tuikum, Sesah, Phe, Teirei, Tut, Tuichhuahen, Tiau, Tuipui, Nongal, Simsang, Ganol, Damring, Waikhrwi, Kwai, Teirei, Khawthlangtuipui, Ngengpui Stream, Vantawng, Sderkariah, Laitryngew, Wahkhlek Khlek, Wahrew, Umngi, Rwiang, Kalipai, Kmai Um, Lukha, Myntdu, Lamu, Lynriang, Thlu Umwi, Simsang, Teesta, Sonai, Ranganadi, Rangit, Ranichu, Kapili, Karola, Kathakal, Kharsang, Kohora, Kolong, Kundli, Kushiara, Manu, Nonbah, Kynshi, Wah Blei, Lohit, Manas, Maney Khola, Ganol Tura, Milak, Namchik, Noa Dihing, Pachin, Pagldia, Panchnoi, Poma, Yomgo And Mora",2022-06-30
2022,3740,"SAIKAH STREAM, LAWNGTLAI",MIZORAM,"Tributary Streams - Burhidihing, Dhansiri, Bharalu, Dikrong, Gai Nadi, Digaru, Digboi, Dikhow, Kaljani, Gabharu, Tocklai, Tunia, Larsing, Dhateshwari, Demow, Borsila, Barak, Dibang, Dihing, Senki, Dorika, Subansiri, Siang, Baralia, Tihu, Singra, Damring, Manda, Dikchu, Dzu, Kha Ru, Dzucha, Torsa, Beki, Bereng, Bhogdoi, Jhanji, Jia Bharali, Sankosh, Sanuo Ru, Boginadi, Rilang, Myntang, Tlawng, Tuirial, Serlui, Vaipuanpho, Tuikual, Sakhisih, Damdiai, Chite, Tuirini, Tuivawl, Lawibual, Challui, Mat, Siakah, Chhimtuipui, Tuikum, Sesah, Phe, Teirei, Tut, Tuichhuahen, Tiau, Tuipui, Nongal, Simsang, Ganol, Damring, Waikhrwi, Kwai, Teirei, Khawthlangtuipui, Ngengpui Stream, Vantawng, Sderkariah, Laitryngew, Wahkhlek Khlek, Wahrew, Umngi, Rwiang, Kalipai, Kmai Um, Lukha, Myntdu, Lamu, Lynriang, Thlu Umwi, Simsang, Teesta, Sonai, Ranganadi, Rangit, Ranichu, Kapili, Karola, Kathakal, Kharsang, Kohora, Kolong, Kundli, Kushiara, Manu, Nonbah, Kynshi, Wah Blei, Lohit, Manas, Maney Khola, Ganol Tura, Milak, Namchik, Noa Dihing, Pachin, Pagldia, Panchnoi, Poma, Yomgo And Mora",7.449999999999999,164.0,1.4,7.5,,"Burhidihing, Dhansiri, Bharalu, Dikrong, Gai Nadi, Digaru, Digboi, Dikhow, Kaljani, Gabharu, Tocklai, Tunia, Larsing, Dhateshwari, Demow, Borsila, Barak, Dibang, Dihing, Senki, Dorika, Subansiri, Siang, Baralia, Tihu, Singra, Damring, Manda, Dikchu, Dzu, Kha Ru, Dzucha, Torsa, Beki, Bereng, Bhogdoi, Jhanji, Jia Bharali, Sankosh, Sanuo Ru, Boginadi, Rilang, Myntang, Tlawng, Tuirial, Serlui, Vaipuanpho, Tuikual, Sakhisih, Damdiai, Chite, Tuirini, Tuivawl, Lawibual, Challui, Mat, Siakah, Chhimtuipui, Tuikum, Sesah, Phe, Teirei, Tut, Tuichhuahen, Tiau, Tuipui, Nongal, Simsang, Ganol, Damring, Waikhrwi, Kwai, Teirei, Khawthlangtuipui, Ngengpui Stream, Vantawng, Sderkariah, Laitryngew, Wahkhlek Khlek, Wahrew, Umngi, Rwiang, Kalipai, Kmai Um, Lukha, Myntdu, Lamu, Lynriang, Thlu Umwi, Simsang, Teesta, Sonai, Ranganadi, Rangit, Ranichu, Kapili, Karola, Kathakal, Kharsang, Kohora, Kolong, Kundli, Kushiara, Manu, Nonbah, Kynshi, Wah Blei, Lohit, Manas, Maney Khola, Ganol Tura, Milak, Namchik, Noa Dihing, Pachin, Pagldia, Panchnoi, Poma, Yomgo And Mora",2022-06-30
2022,3744,"CHHIMTUIPUI RIVER, KAWLCHAW, NEAR CHHIMTUPUI BRIDGE, SAIHA DIST.",MIZORAM,"Tributary Streams - Burhidihing, Dhansiri, Bharalu, Dikrong, Gai Nadi, Digaru, Digboi, Dikhow, Kaljani, Gabharu, Tocklai, Tunia, Larsing, Dhateshwari, Demow, Borsila, Barak, Dibang, Dihing, Senki, Dorika, Subansiri, Siang, Baralia, Tihu, Singra, Damring, Manda, Dikchu, Dzu, Kha Ru, Dzucha, Torsa, Beki, Bereng, Bhogdoi, Jhanji, Jia Bharali, Sankosh, Sanuo Ru, Boginadi, Rilang, Myntang, Tlawng, Tuirial, Serlui, Vaipuanpho, Tuikual, Sakhisih, Damdiai, Chite, Tuirini, Tuivawl, Lawibual, Challui, Mat, Siakah, Chhimtuipui, Tuikum, Sesah, Phe, Teirei, Tut, Tuichhuahen, Tiau, Tuipui, Nongal, Simsang, Ganol, Damring, Waikhrwi, Kwai, Teirei, Khawthlangtuipui, Ngengpui Stream, Vantawng, Sderkariah, Laitryngew, Wahkhlek Khlek, Wahrew, Umngi, Rwiang, Kalipai, Kmai Um, Lukha, Myntdu, Lamu, Lynriang, Thlu Umwi, Simsang, Teesta, Sonai, Ranganadi, Rangit, Ranichu, Kapili, Karola, Kathakal, Kharsang, Kohora, Kolong, Kundli, Kushiara, Manu, Nonbah, Kynshi, Wah Blei, Lohit, Manas, Maney Khola, Ganol Tura, Milak, Namchik, Noa Dihing, Pachin, Pagldia, Panchnoi, Poma, Yomgo And Mora",6.95,172.5,1.4500000000000002,9.3,,"Burhidihing, Dhansiri, Bharalu, Dikrong, Gai Nadi, Digaru, Digboi, Dikhow, Kaljani, Gabharu, Tocklai, Tunia, Larsing, Dhateshwari, Demow, Borsila, Barak, Dibang, Dihing, Senki, Dorika, Subansiri, Siang, Baralia, Tihu, Singra, Damring, Manda, Dikchu, Dzu, Kha Ru, Dzucha, Torsa, Beki, Bereng, Bhogdoi, Jhanji, Jia Bharali, Sankosh, Sanuo Ru, Boginadi, Rilang, Myntang, Tlawng, Tuirial, Serlui, Vaipuanpho, Tuikual, Sakhisih, Damdiai, Chite, Tuirini, Tuivawl, Lawibual, Challui, Mat, Siakah, Chhimtuipui, Tuikum, Sesah, Phe, Teirei, Tut, Tuichhuahen, Tiau, Tuipui, Nongal, Simsang, Ganol, Damring, Waikhrwi, Kwai, Teirei, Khawthlangtuipui, Ngengpui Stream, Vantawng, Sderkariah, Laitryngew, Wahkhlek Khlek, Wahrew, Umngi, Rwiang, Kalipai, Kmai Um, Lukha, Myntdu, Lamu, Lynriang, Thlu Umwi, Simsang, Teesta, Sonai, Ranganadi, Rangit, Ranichu, Kapili, Karola, Kathakal, Kharsang, Kohora, Kolong, Kundli, Kushiara, Manu, Nonbah, Kynshi, Wah Blei, Lohit, Manas, Maney Khola, Ganol Tura, Milak, Namchik, Noa Dihing, Pachin, Pagldia, Panchnoi, Poma, Yomgo And Mora",2022-06-30
2022,3746,"TUIKUM RIVER, NEAR PHE WATER TREATMENT PLANT, SERCHHIP",MIZORAM,"Tributary Streams - Burhidihing, Dhansiri, Bharalu, Dikrong, Gai Nadi, Digaru, Digboi, Dikhow, Kaljani, Gabharu, Tocklai, Tunia, Larsing, Dhateshwari, Demow, Borsila, Barak, Dibang, Dihing, Senki, Dorika, Subansiri, Siang, Baralia, Tihu, Singra, Damring, Manda, Dikchu, Dzu, Kha Ru, Dzucha, Torsa, Beki, Bereng, Bhogdoi, Jhanji, Jia Bharali, Sankosh, Sanuo Ru, Boginadi, Rilang, Myntang, Tlawng, Tuirial, Serlui, Vaipuanpho, Tuikual, Sakhisih, Damdiai, Chite, Tuirini, Tuivawl, Lawibual, Challui, Mat, Siakah, Chhimtuipui, Tuikum, Sesah, Phe, Teirei, Tut, Tuichhuahen, Tiau, Tuipui, Nongal, Simsang, Ganol, Damring, Waikhrwi, Kwai, Teirei, Khawthlangtuipui, Ngengpui Stream, Vantawng, Sderkariah, Laitryngew, Wahkhlek Khlek, Wahrew, Umngi, Rwiang, Kalipai, Kmai Um, Lukha, Myntdu, Lamu, Lynriang, Thlu Umwi, Simsang, Teesta, Sonai, Ranganadi, Rangit, Ranichu, Kapili, Karola, Kathakal, Kharsang, Kohora, Kolong, Kundli, Kushiara, Manu, Nonbah, Kynshi, Wah Blei, Lohit, Manas, Maney Khola, Ganol Tura, Milak, Namchik, Noa Dihing, Pachin, Pagldia, Panchnoi, Poma, Yomgo And Mora",6.734999999999999,279.5,1.4,6.199999999999999,,"Burhidihing, Dhansiri, Bharalu, Dikrong, Gai Nadi, Digaru, Digboi, Dikhow, Kaljani, Gabharu, Tocklai, Tunia, Larsing, Dhateshwari, Demow, Borsila, Barak, Dibang, Dihing, Senki, Dorika, Subansiri, Siang, Baralia, Tihu, Singra, Damring, Manda, Dikchu, Dzu, Kha Ru, Dzucha, Torsa, Beki, Bereng, Bhogdoi, Jhanji, Jia Bharali, Sankosh, Sanuo Ru, Boginadi, Rilang, Myntang, Tlawng, Tuirial, Serlui, Vaipuanpho, Tuikual, Sakhisih, Damdiai, Chite, Tuirini, Tuivawl, Lawibual, Challui, Mat, Siakah, Chhimtuipui, Tuikum, Sesah, Phe, Teirei, Tut, Tuichhuahen, Tiau, Tuipui, Nongal, Simsang, Ganol, Damring, Waikhrwi, Kwai, Teirei, Khawthlangtuipui, Ngengpui Stream, Vantawng, Sderkariah, Laitryngew, Wahkhlek Khlek, Wahrew, Umngi, Rwiang, Kalipai, Kmai Um, Lukha, Myntdu, Lamu, Lynriang, Thlu Umwi, Simsang, Teesta, Sonai, Ranganadi, Rangit, Ranichu, Kapili, Karola, Kathakal, Kharsang, Kohora, Kolong, Kundli, Kushiara, Manu, Nonbah, Kynshi, Wah Blei, Lohit, Manas, Maney Khola, Ganol Tura, Milak, Namchik, Noa Dihing, Pachin, Pagldia, Panchnoi, Poma, Yomgo And Mora",2022-06-30
2022,3747,"SESAH STREAM, DINTHAR, SERCHHIP",MIZORAM,"Tributary Streams - Burhidihing, Dhansiri, Bharalu, Dikrong, Gai Nadi, Digaru, Digboi, Dikhow, Kaljani, Gabharu, Tocklai, Tunia, Larsing, Dhateshwari, Demow, Borsila, Barak, Dibang, Dihing, Senki, Dorika, Subansiri, Siang, Baralia, Tihu, Singra, Damring, Manda, Dikchu, Dzu, Kha Ru, Dzucha, Torsa, Beki, Bereng, Bhogdoi, Jhanji, Jia Bharali, Sankosh, Sanuo Ru, Boginadi, Rilang, Myntang, Tlawng, Tuirial, Serlui, Vaipuanpho, Tuikual, Sakhisih, Damdiai, Chite, Tuirini, Tuivawl, Lawibual, Challui, Mat, Siakah, Chhimtuipui, Tuikum, Sesah, Phe, Teirei, Tut, Tuichhuahen, Tiau, Tuipui, Nongal, Simsang, Ganol, Damring, Waikhrwi, Kwai, Teirei, Khawthlangtuipui, Ngengpui Stream, Vantawng, Sderkariah, Laitryngew, Wahkhlek Khlek, Wahrew, Umngi, Rwiang, Kalipai, Kmai Um, Lukha, Myntdu, Lamu, Lynriang, Thlu Umwi, Simsang, Teesta, Sonai, Ranganadi, Rangit, Ranichu, Kapili, Karola, Kathakal, Kharsang, Kohora, Kolong, Kundli, Kushiara, Manu, Nonbah, Kynshi, Wah Blei, Lohit, Manas, Maney Khola, Ganol Tura, Milak, Namchik, Noa Dihing, Pachin, Pagldia, Panchnoi, Poma, Yomgo And Mora",7.35,139.5,1.4,6.85,,"Burhidihing, Dhansiri, Bharalu, Dikrong, Gai Nadi, Digaru, Digboi, Dikhow, Kaljani, Gabharu, Tocklai, Tunia, Larsing, Dhateshwari, Demow, Borsila, Barak, Dibang, Dihing, Senki, Dorika, Subansiri, Siang, Baralia, Tihu, Singra, Damring, Manda, Dikchu, Dzu, Kha Ru, Dzucha, Torsa, Beki, Bereng, Bhogdoi, Jhanji, Jia Bharali, Sankosh, Sanuo Ru, Boginadi, Rilang, Myntang, Tlawng, Tuirial, Serlui, Vaipuanpho, Tuikual, Sakhisih, Damdiai, Chite, Tuirini, Tuivawl, Lawibual, Challui, Mat, Siakah, Chhimtuipui, Tuikum, Sesah, Phe, Teirei, Tut, Tuichhuahen, Tiau, Tuipui, Nongal, Simsang, Ganol, Damring, Waikhrwi, Kwai, Teirei, Khawthlangtuipui, Ngengpui Stream, Vantawng, Sderkariah, Laitryngew, Wahkhlek Khlek, Wahrew, Umngi, Rwiang, Kalipai, Kmai Um, Lukha, Myntdu, Lamu, Lynriang, Thlu Umwi, Simsang, Teesta, Sonai, Ranganadi, Rangit, Ranichu, Kapili, Karola, Kathakal, Kharsang, Kohora, Kolong, Kundli, Kushiara, Manu, Nonbah, Kynshi, Wah Blei, Lohit, Manas, Maney Khola, Ganol Tura, Milak, Namchik, Noa Dihing, Pachin, Pagldia, Panchnoi, Poma, Yomgo And Mora",2022-06-30
2022,3749,"RIVER PHE RESERVIOR (LAHMUN RIVER), MIZO VENG, MAMIT",MIZORAM,"Tributary Streams - Burhidihing, Dhansiri, Bharalu, Dikrong, Gai Nadi, Digaru, Digboi, Dikhow, Kaljani, Gabharu, Tocklai, Tunia, Larsing, Dhateshwari, Demow, Borsila, Barak, Dibang, Dihing, Senki, Dorika, Subansiri, Siang, Baralia, Tihu, Singra, Damring, Manda, Dikchu, Dzu, Kha Ru, Dzucha, Torsa, Beki, Bereng, Bhogdoi, Jhanji, Jia Bharali, Sankosh, Sanuo Ru, Boginadi, Rilang, Myntang, Tlawng, Tuirial, Serlui, Vaipuanpho, Tuikual, Sakhisih, Damdiai, Chite, Tuirini, Tuivawl, Lawibual, Challui, Mat, Siakah, Chhimtuipui, Tuikum, Sesah, Phe, Teirei, Tut, Tuichhuahen, Tiau, Tuipui, Nongal, Simsang, Ganol, Damring, Waikhrwi, Kwai, Teirei, Khawthlangtuipui, Ngengpui Stream, Vantawng, Sderkariah, Laitryngew, Wahkhlek Khlek, Wahrew, Umngi, Rwiang, Kalipai, Kmai Um, Lukha, Myntdu, Lamu, Lynriang, Thlu Umwi, Simsang, Teesta, Sonai, Ranganadi, Rangit, Ranichu, Kapili, Karola, Kathakal, Kharsang, Kohora, Kolong, Kundli, Kushiara, Manu, Nonbah, Kynshi, Wah Blei, Lohit, Manas, Maney Khola, Ganol Tura, Milak, Namchik, Noa Dihing, Pachin, Pagldia, Panchnoi, Poma, Yomgo And Mora",7.47,144.0,1.4,7.300000000000001,,"Burhidihing, Dhansiri, Bharalu, Dikrong, Gai Nadi, Digaru, Digboi, Dikhow, Kaljani, Gabharu, Tocklai, Tunia, Larsing, Dhateshwari, Demow, Borsila, Barak, Dibang, Dihing, Senki, Dorika, Subansiri, Siang, Baralia, Tihu, Singra, Damring, Manda, Dikchu, Dzu, Kha Ru, Dzucha, Torsa, Beki, Bereng, Bhogdoi, Jhanji, Jia Bharali, Sankosh, Sanuo Ru, Boginadi, Rilang, Myntang, Tlawng, Tuirial, Serlui, Vaipuanpho, Tuikual, Sakhisih, Damdiai, Chite, Tuirini, Tuivawl, Lawibual, Challui, Mat, Siakah, Chhimtuipui, Tuikum, Sesah, Phe, Teirei, Tut, Tuichhuahen, Tiau, Tuipui, Nongal, Simsang, Ganol, Damring, Waikhrwi, Kwai, Teirei, Khawthlangtuipui, Ngengpui Stream, Vantawng, Sderkariah, Laitryngew, Wahkhlek Khlek, Wahrew, Umngi, Rwiang, Kalipai, Kmai Um, Lukha, Myntdu, Lamu, Lynriang, Thlu Umwi, Simsang, Teesta, Sonai, Ranganadi, Rangit, Ranichu, Kapili, Karola, Kathakal, Kharsang, Kohora, Kolong, Kundli, Kushiara, Manu, Nonbah, Kynshi, Wah Blei, Lohit, Manas, Maney Khola, Ganol Tura, Milak, Namchik, Noa Dihing, Pachin, Pagldia, Panchnoi, Poma, Yomgo And Mora",2022-06-30
2022,3750,"RIVER TEIREI BAWNGVA, MAMIT DIST.",MIZORAM,"Tributary Streams - Burhidihing, Dhansiri, Bharalu, Dikrong, Gai Nadi, Digaru, Digboi, Dikhow, Kaljani, Gabharu, Tocklai, Tunia, Larsing, Dhateshwari, Demow, Borsila, Barak, Dibang, Dihing, Senki, Dorika, Subansiri, Siang, Baralia, Tihu, Singra, Damring, Manda, Dikchu, Dzu, Kha Ru, Dzucha, Torsa, Beki, Bereng, Bhogdoi, Jhanji, Jia Bharali, Sankosh, Sanuo Ru, Boginadi, Rilang, Myntang, Tlawng, Tuirial, Serlui, Vaipuanpho, Tuikual, Sakhisih, Damdiai, Chite, Tuirini, Tuivawl, Lawibual, Challui, Mat, Siakah, Chhimtuipui, Tuikum, Sesah, Phe, Teirei, Tut, Tuichhuahen, Tiau, Tuipui, Nongal, Simsang, Ganol, Damring, Waikhrwi, Kwai, Teirei, Khawthlangtuipui, Ngengpui Stream, Vantawng, Sderkariah, Laitryngew, Wahkhlek Khlek, Wahrew, Umngi, Rwiang, Kalipai, Kmai Um, Lukha, Myntdu, Lamu, Lynriang, Thlu Umwi, Simsang, Teesta, Sonai, Ranganadi, Rangit, Ranichu, Kapili, Karola, Kathakal, Kharsang, Kohora, Kolong, Kundli, Kushiara, Manu, Nonbah, Kynshi, Wah Blei, Lohit, Manas, Maney Khola, Ganol Tura, Milak, Namchik, Noa Dihing, Pachin, Pagldia, Panchnoi, Poma, Yomgo And Mora",7.0,234.0,1.4,8.15,,"Burhidihing, Dhansiri, Bharalu, Dikrong, Gai Nadi, Digaru, Digboi, Dikhow, Kaljani, Gabharu, Tocklai, Tunia, Larsing, Dhateshwari, Demow, Borsila, Barak, Dibang, Dihing, Senki, Dorika, Subansiri, Siang, Baralia, Tihu, Singra, Damring, Manda, Dikchu, Dzu, Kha Ru, Dzucha, Torsa, Beki, Bereng, Bhogdoi, Jhanji, Jia Bharali, Sankosh, Sanuo Ru, Boginadi, Rilang, Myntang, Tlawng, Tuirial, Serlui, Vaipuanpho, Tuikual, Sakhisih, Damdiai, Chite, Tuirini, Tuivawl, Lawibual, Challui, Mat, Siakah, Chhimtuipui, Tuikum, Sesah, Phe, Teirei, Tut, Tuichhuahen, Tiau, Tuipui, Nongal, Simsang, Ganol, Damring, Waikhrwi, Kwai, Teirei, Khawthlangtuipui, Ngengpui Stream, Vantawng, Sderkariah, Laitryngew, Wahkhlek Khlek, Wahrew, Umngi, Rwiang, Kalipai, Kmai Um, Lukha, Myntdu, Lamu, Lynriang, Thlu Umwi, Simsang, Teesta, Sonai, Ranganadi, Rangit, Ranichu, Kapili, Karola, Kathakal, Kharsang, Kohora, Kolong, Kundli, Kushiara, Manu, Nonbah, Kynshi, Wah Blei, Lohit, Manas, Maney Khola, Ganol Tura, Milak, Namchik, Noa Dihing, Pachin, Pagldia, Panchnoi, Poma, Yomgo And Mora",2022-06-30
2022,3751,"RIVER TUT DAPCHHUAH, MAMIT DIST.",MIZORAM,"Tributary Streams - Burhidihing, Dhansiri, Bharalu, Dikrong, Gai Nadi, Digaru, Digboi, Dikhow, Kaljani, Gabharu, Tocklai, Tunia, Larsing, Dhateshwari, Demow, Borsila, Barak, Dibang, Dihing, Senki, Dorika, Subansiri, Siang, Baralia, Tihu, Singra, Damring, Manda, Dikchu, Dzu, Kha Ru, Dzucha, Torsa, Beki, Bereng, Bhogdoi, Jhanji, Jia Bharali, Sankosh, Sanuo Ru, Boginadi, Rilang, Myntang, Tlawng, Tuirial, Serlui, Vaipuanpho, Tuikual, Sakhisih, Damdiai, Chite, Tuirini, Tuivawl, Lawibual, Challui, Mat, Siakah, Chhimtuipui, Tuikum, Sesah, Phe, Teirei, Tut, Tuichhuahen, Tiau, Tuipui, Nongal, Simsang, Ganol, Damring, Waikhrwi, Kwai, Teirei, Khawthlangtuipui, Ngengpui Stream, Vantawng, Sderkariah, Laitryngew, Wahkhlek Khlek, Wahrew, Umngi, Rwiang, Kalipai, Kmai Um, Lukha, Myntdu, Lamu, Lynriang, Thlu Umwi, Simsang, Teesta, Sonai, Ranganadi, Rangit, Ranichu, Kapili, Karola, Kathakal, Kharsang, Kohora, Kolong, Kundli, Kushiara, Manu, Nonbah, Kynshi, Wah Blei, Lohit, Manas, Maney Khola, Ganol Tura, Milak, Namchik, Noa Dihing, Pachin, Pagldia, Panchnoi, Poma, Yomgo And Mora",7.5,230.5,1.3,8.35,,"Burhidihing, Dhansiri, Bharalu, Dikrong, Gai Nadi, Digaru, Digboi, Dikhow, Kaljani, Gabharu, Tocklai, Tunia, Larsing, Dhateshwari, Demow, Borsila, Barak, Dibang, Dihing, Senki, Dorika, Subansiri, Siang, Baralia, Tihu, Singra, Damring, Manda, Dikchu, Dzu, Kha Ru, Dzucha, Torsa, Beki, Bereng, Bhogdoi, Jhanji, Jia Bharali, Sankosh, Sanuo Ru, Boginadi, Rilang, Myntang, Tlawng, Tuirial, Serlui, Vaipuanpho, Tuikual, Sakhisih, Damdiai, Chite, Tuirini, Tuivawl, Lawibual, Challui, Mat, Siakah, Chhimtuipui, Tuikum, Sesah, Phe, Teirei, Tut, Tuichhuahen, Tiau, Tuipui, Nongal, Simsang, Ganol, Damring, Waikhrwi, Kwai, Teirei, Khawthlangtuipui, Ngengpui Stream, Vantawng, Sderkariah, Laitryngew, Wahkhlek Khlek, Wahrew, Umngi, Rwiang, Kalipai, Kmai Um, Lukha, Myntdu, Lamu, Lynriang, Thlu Umwi, Simsang, Teesta, Sonai, Ranganadi, Rangit, Ranichu, Kapili, Karola, Kathakal, Kharsang, Kohora, Kolong, Kundli, Kushiara, Manu, Nonbah, Kynshi, Wah Blei, Lohit, Manas, Maney Khola, Ganol Tura, Milak, Namchik, Noa Dihing, Pachin, Pagldia, Panchnoi, Poma, Yomgo And Mora",2022-06-30
2022,3752,"RIVER TUICHHUAHEN STREAM, NEAR PHE WATER TREATMENT PLANT, KOLASIB",MIZORAM,"Tributary Streams - Burhidihing, Dhansiri, Bharalu, Dikrong, Gai Nadi, Digaru, Digboi, Dikhow, Kaljani, Gabharu, Tocklai, Tunia, Larsing, Dhateshwari, Demow, Borsila, Barak, Dibang, Dihing, Senki, Dorika, Subansiri, Siang, Baralia, Tihu, Singra, Damring, Manda, Dikchu, Dzu, Kha Ru, Dzucha, Torsa, Beki, Bereng, Bhogdoi, Jhanji, Jia Bharali, Sankosh, Sanuo Ru, Boginadi, Rilang, Myntang, Tlawng, Tuirial, Serlui, Vaipuanpho, Tuikual, Sakhisih, Damdiai, Chite, Tuirini, Tuivawl, Lawibual, Challui, Mat, Siakah, Chhimtuipui, Tuikum, Sesah, Phe, Teirei, Tut, Tuichhuahen, Tiau, Tuipui, Nongal, Simsang, Ganol, Damring, Waikhrwi, Kwai, Teirei, Khawthlangtuipui, Ngengpui Stream, Vantawng, Sderkariah, Laitryngew, Wahkhlek Khlek, Wahrew, Umngi, Rwiang, Kalipai, Kmai Um, Lukha, Myntdu, Lamu, Lynriang, Thlu Umwi, Simsang, Teesta, Sonai, Ranganadi, Rangit, Ranichu, Kapili, Karola, Kathakal, Kharsang, Kohora, Kolong, Kundli, Kushiara, Manu, Nonbah, Kynshi, Wah Blei, Lohit, Manas, Maney Khola, Ganol Tura, Milak, Namchik, Noa Dihing, Pachin, Pagldia, Panchnoi, Poma, Yomgo And Mora",7.15,408.0,1.5499999999999998,7.3,,"Burhidihing, Dhansiri, Bharalu, Dikrong, Gai Nadi, Digaru, Digboi, Dikhow, Kaljani, Gabharu, Tocklai, Tunia, Larsing, Dhateshwari, Demow, Borsila, Barak, Dibang, Dihing, Senki, Dorika, Subansiri, Siang, Baralia, Tihu, Singra, Damring, Manda, Dikchu, Dzu, Kha Ru, Dzucha, Torsa, Beki, Bereng, Bhogdoi, Jhanji, Jia Bharali, Sankosh, Sanuo Ru, Boginadi, Rilang, Myntang, Tlawng, Tuirial, Serlui, Vaipuanpho, Tuikual, Sakhisih, Damdiai, Chite, Tuirini, Tuivawl, Lawibual, Challui, Mat, Siakah, Chhimtuipui, Tuikum, Sesah, Phe, Teirei, Tut, Tuichhuahen, Tiau, Tuipui, Nongal, Simsang, Ganol, Damring, Waikhrwi, Kwai, Teirei, Khawthlangtuipui, Ngengpui Stream, Vantawng, Sderkariah, Laitryngew, Wahkhlek Khlek, Wahrew, Umngi, Rwiang, Kalipai, Kmai Um, Lukha, Myntdu, Lamu, Lynriang, Thlu Umwi, Simsang, Teesta, Sonai, Ranganadi, Rangit, Ranichu, Kapili, Karola, Kathakal, Kharsang, Kohora, Kolong, Kundli, Kushiara, Manu, Nonbah, Kynshi, Wah Blei, Lohit, Manas, Maney Khola, Ganol Tura, Milak, Namchik, Noa Dihing, Pachin, Pagldia, Panchnoi, Poma, Yomgo And Mora",2022-06-30
2022,3756,"RIVER TIAU, ZOKHAWTHAR, NEAR TIAU BRIDGE,CHAMPHAI DIST.",MIZORAM,"Tributary Streams - Burhidihing, Dhansiri, Bharalu, Dikrong, Gai Nadi, Digaru, Digboi, Dikhow, Kaljani, Gabharu, Tocklai, Tunia, Larsing, Dhateshwari, Demow, Borsila, Barak, Dibang, Dihing, Senki, Dorika, Subansiri, Siang, Baralia, Tihu, Singra, Damring, Manda, Dikchu, Dzu, Kha Ru, Dzucha, Torsa, Beki, Bereng, Bhogdoi, Jhanji, Jia Bharali, Sankosh, Sanuo Ru, Boginadi, Rilang, Myntang, Tlawng, Tuirial, Serlui, Vaipuanpho, Tuikual, Sakhisih, Damdiai, Chite, Tuirini, Tuivawl, Lawibual, Challui, Mat, Siakah, Chhimtuipui, Tuikum, Sesah, Phe, Teirei, Tut, Tuichhuahen, Tiau, Tuipui, Nongal, Simsang, Ganol, Damring, Waikhrwi, Kwai, Teirei, Khawthlangtuipui, Ngengpui Stream, Vantawng, Sderkariah, Laitryngew, Wahkhlek Khlek, Wahrew, Umngi, Rwiang, Kalipai, Kmai Um, Lukha, Myntdu, Lamu, Lynriang, Thlu Umwi, Simsang, Teesta, Sonai, Ranganadi, Rangit, Ranichu, Kapili, Karola, Kathakal, Kharsang, Kohora, Kolong, Kundli, Kushiara, Manu, Nonbah, Kynshi, Wah Blei, Lohit, Manas, Maney Khola, Ganol Tura, Milak, Namchik, Noa Dihing, Pachin, Pagldia, Panchnoi, Poma, Yomgo And Mora",7.85,178.5,1.85,5.3,,"Burhidihing, Dhansiri, Bharalu, Dikrong, Gai Nadi, Digaru, Digboi, Dikhow, Kaljani, Gabharu, Tocklai, Tunia, Larsing, Dhateshwari, Demow, Borsila, Barak, Dibang, Dihing, Senki, Dorika, Subansiri, Siang, Baralia, Tihu, Singra, Damring, Manda, Dikchu, Dzu, Kha Ru, Dzucha, Torsa, Beki, Bereng, Bhogdoi, Jhanji, Jia Bharali, Sankosh, Sanuo Ru, Boginadi, Rilang, Myntang, Tlawng, Tuirial, Serlui, Vaipuanpho, Tuikual, Sakhisih, Damdiai, Chite, Tuirini, Tuivawl, Lawibual, Challui, Mat, Siakah, Chhimtuipui, Tuikum, Sesah, Phe, Teirei, Tut, Tuichhuahen, Tiau, Tuipui, Nongal, Simsang, Ganol, Damring, Waikhrwi, Kwai, Teirei, Khawthlangtuipui, Ngengpui Stream, Vantawng, Sderkariah, Laitryngew, Wahkhlek Khlek, Wahrew, Umngi, Rwiang, Kalipai, Kmai Um, Lukha, Myntdu, Lamu, Lynriang, Thlu Umwi, Simsang, Teesta, Sonai, Ranganadi, Rangit, Ranichu, Kapili, Karola, Kathakal, Kharsang, Kohora, Kolong, Kundli, Kushiara, Manu, Nonbah, Kynshi, Wah Blei, Lohit, Manas, Maney Khola, Ganol Tura, Milak, Namchik, Noa Dihing, Pachin, Pagldia, Panchnoi, Poma, Yomgo And Mora",2022-06-30
2022,3757,"RIVER TUIPUI NEAR PHE WATER TREATMENT PLANT, CHAMPHAI DIST.",MIZORAM,"Tributary Streams - Burhidihing, Dhansiri, Bharalu, Dikrong, Gai Nadi, Digaru, Digboi, Dikhow, Kaljani, Gabharu, Tocklai, Tunia, Larsing, Dhateshwari, Demow, Borsila, Barak, Dibang, Dihing, Senki, Dorika, Subansiri, Siang, Baralia, Tihu, Singra, Damring, Manda, Dikchu, Dzu, Kha Ru, Dzucha, Torsa, Beki, Bereng, Bhogdoi, Jhanji, Jia Bharali, Sankosh, Sanuo Ru, Boginadi, Rilang, Myntang, Tlawng, Tuirial, Serlui, Vaipuanpho, Tuikual, Sakhisih, Damdiai, Chite, Tuirini, Tuivawl, Lawibual, Challui, Mat, Siakah, Chhimtuipui, Tuikum, Sesah, Phe, Teirei, Tut, Tuichhuahen, Tiau, Tuipui, Nongal, Simsang, Ganol, Damring, Waikhrwi, Kwai, Teirei, Khawthlangtuipui, Ngengpui Stream, Vantawng, Sderkariah, Laitryngew, Wahkhlek Khlek, Wahrew, Umngi, Rwiang, Kalipai, Kmai Um, Lukha, Myntdu, Lamu, Lynriang, Thlu Umwi, Simsang, Teesta, Sonai, Ranganadi, Rangit, Ranichu, Kapili, Karola, Kathakal, Kharsang, Kohora, Kolong, Kundli, Kushiara, Manu, Nonbah, Kynshi, Wah Blei, Lohit, Manas, Maney Khola, Ganol Tura, Milak, Namchik, Noa Dihing, Pachin, Pagldia, Panchnoi, Poma, Yomgo And Mora",7.65,382.0,2.9000000000000004,5.25,,TUIPUI,2022-06-30
2022,4110,RIVER NONGAL AT NANGALBIBRA,MEGHALAYA,"Tributary Streams - Burhidihing, Dhansiri, Bharalu, Dikrong, Gai Nadi, Digaru, Digboi, Dikhow, Kaljani, Gabharu, Tocklai, Tunia, Larsing, Dhateshwari, Demow, Borsila, Barak, Dibang, Dihing, Senki, Dorika, Subansiri, Siang, Baralia, Tihu, Singra, Damring, Manda, Dikchu, Dzu, Kha Ru, Dzucha, Torsa, Beki, Bereng, Bhogdoi, Jhanji, Jia Bharali, Sankosh, Sanuo Ru, Boginadi, Rilang, Myntang, Tlawng, Tuirial, Serlui, Vaipuanpho, Tuikual, Sakhisih, Damdiai, Chite, Tuirini, Tuivawl, Lawibual, Challui, Mat, Siakah, Chhimtuipui, Tuikum, Sesah, Phe, Teirei, Tut, Tuichhuahen, Tiau, Tuipui, Nongal, Simsang, Ganol, Damring, Waikhrwi, Kwai, Teirei, Khawthlangtuipui, Ngengpui Stream, Vantawng, Sderkariah, Laitryngew, Wahkhlek Khlek, Wahrew, Umngi, Rwiang, Kalipai, Kmai Um, Lukha, Myntdu, Lamu, Lynriang, Thlu Umwi, Simsang, Teesta, Sonai, Ranganadi, Rangit, Ranichu, Kapili, Karola, Kathakal, Kharsang, Kohora, Kolong, Kundli, Kushiara, Manu, Nonbah, Kynshi, Wah Blei, Lohit, Manas, Maney Khola, Ganol Tura, Milak, Namchik, Noa Dihing, Pachin, Pagldia, Panchnoi, Poma, Yomgo And Mora",4.449999999999999,133.0,1.3,7.55,0.445,NONGAL,2022-06-30
2022,4111,RIVER SIMSANG AT NANGALBIBRA BRIDGE,MEGHALAYA,"Tributary Streams - Burhidihing, Dhansiri, Bharalu, Dikrong, Gai Nadi, Digaru, Digboi, Dikhow, Kaljani, Gabharu, Tocklai, Tunia, Larsing, Dhateshwari, Demow, Borsila, Barak, Dibang, Dihing, Senki, Dorika, Subansiri, Siang, Baralia, Tihu, Singra, Damring, Manda, Dikchu, Dzu, Kha Ru, Dzucha, Torsa, Beki, Bereng, Bhogdoi, Jhanji, Jia Bharali, Sankosh, Sanuo Ru, Boginadi, Rilang, Myntang, Tlawng, Tuirial, Serlui, Vaipuanpho, Tuikual, Sakhisih, Damdiai, Chite, Tuirini, Tuivawl, Lawibual, Challui, Mat, Siakah, Chhimtuipui, Tuikum, Sesah, Phe, Teirei, Tut, Tuichhuahen, Tiau, Tuipui, Nongal, Simsang, Ganol, Damring, Waikhrwi, Kwai, Teirei, Khawthlangtuipui, Ngengpui Stream, Vantawng, Sderkariah, Laitryngew, Wahkhlek Khlek, Wahrew, Umngi, Rwiang, Kalipai, Kmai Um, Lukha, Myntdu, Lamu, Lynriang, Thlu Umwi, Simsang, Teesta, Sonai, Ranganadi, Rangit, Ranichu, Kapili, Karola, Kathakal, Kharsang, Kohora, Kolong, Kundli, Kushiara, Manu, Nonbah, Kynshi, Wah Blei, Lohit, Manas, Maney Khola, Ganol Tura, Milak, Namchik, Noa Dihing, Pachin, Pagldia, Panchnoi, Poma, Yomgo And Mora",6.95,74.5,1.25,7.550000000000001,1.44,SIMSANG,2022-06-30
2022,4112,RIVER GANOL AT GAROBADHA,MEGHALAYA,"Tributary Streams - Burhidihing, Dhansiri, Bharalu, Dikrong, Gai Nadi, Digaru, Digboi, Dikhow, Kaljani, Gabharu, Tocklai, Tunia, Larsing, Dhateshwari, Demow, Borsila, Barak, Dibang, Dihing, Senki, Dorika, Subansiri, Siang, Baralia, Tihu, Singra, Damring, Manda, Dikchu, Dzu, Kha Ru, Dzucha, Torsa, Beki, Bereng, Bhogdoi, Jhanji, Jia Bharali, Sankosh, Sanuo Ru, Boginadi, Rilang, Myntang, Tlawng, Tuirial, Serlui, Vaipuanpho, Tuikual, Sakhisih, Damdiai, Chite, Tuirini, Tuivawl, Lawibual, Challui, Mat, Siakah, Chhimtuipui, Tuikum, Sesah, Phe, Teirei, Tut, Tuichhuahen, Tiau, Tuipui, Nongal, Simsang, Ganol, Damring, Waikhrwi, Kwai, Teirei, Khawthlangtuipui, Ngengpui Stream, Vantawng, Sderkariah, Laitryngew, Wahkhlek Khlek, Wahrew, Umngi, Rwiang, Kalipai, Kmai Um, Lukha, Myntdu, Lamu, Lynriang, Thlu Umwi, Simsang, Teesta, Sonai, Ranganadi, Rangit, Ranichu, Kapili, Karola, Kathakal, Kharsang, Kohora, Kolong, Kundli, Kushiara, Manu, Nonbah, Kynshi, Wah Blei, Lohit, Manas, Maney Khola, Ganol Tura, Milak, Namchik, Noa Dihing, Pachin, Pagldia, Panchnoi, Poma, Yomgo And Mora",7.05,67.5,1.7000000000000002,7.2,0.51,GANOL,2022-06-30
2022,4113,RIVER DAMRING AT BOLDAMGRE,MEGHALAYA,"Tributary Streams - Burhidihing, Dhansiri, Bharalu, Dikrong, Gai Nadi, Digaru, Digboi, Dikhow, Kaljani, Gabharu, Tocklai, Tunia, Larsing, Dhateshwari, Demow, Borsila, Barak, Dibang, Dihing, Senki, Dorika, Subansiri, Siang, Baralia, Tihu, Singra, Damring, Manda, Dikchu, Dzu, Kha Ru, Dzucha, Torsa, Beki, Bereng, Bhogdoi, Jhanji, Jia Bharali, Sankosh, Sanuo Ru, Boginadi, Rilang, Myntang, Tlawng, Tuirial, Serlui, Vaipuanpho, Tuikual, Sakhisih, Damdiai, Chite, Tuirini, Tuivawl, Lawibual, Challui, Mat, Siakah, Chhimtuipui, Tuikum, Sesah, Phe, Teirei, Tut, Tuichhuahen, Tiau, Tuipui, Nongal, Simsang, Ganol, Damring, Waikhrwi, Kwai, Teirei, Khawthlangtuipui, Ngengpui Stream, Vantawng, Sderkariah, Laitryngew, Wahkhlek Khlek, Wahrew, Umngi, Rwiang, Kalipai, Kmai Um, Lukha, Myntdu, Lamu, Lynriang, Thlu Umwi, Simsang, Teesta, Sonai, Ranganadi, Rangit, Ranichu, Kapili, Karola, Kathakal, Kharsang, Kohora, Kolong, Kundli, Kushiara, Manu, Nonbah, Kynshi, Wah Blei, Lohit, Manas, Maney Khola, Ganol Tura, Milak, Namchik, Noa Dihing, Pachin, Pagldia, Panchnoi, Poma, Yomgo And Mora",7.4,304.5,1.35,7.2,0.51,DAMRING,2022-06-30
2022,4313,RIVER WAIKHRWI AT MOOPALA,MEGHALAYA,"Tributary Streams - Burhidihing, Dhansiri, Bharalu, Dikrong, Gai Nadi, Digaru, Digboi, Dikhow, Kaljani, Gabharu, Tocklai, Tunia, Larsing, Dhateshwari, Demow, Borsila, Barak, Dibang, Dihing, Senki, Dorika, Subansiri, Siang, Baralia, Tihu, Singra, Damring, Manda, Dikchu, Dzu, Kha Ru, Dzucha, Torsa, Beki, Bereng, Bhogdoi, Jhanji, Jia Bharali, Sankosh, Sanuo Ru, Boginadi, Rilang, Myntang, Tlawng, Tuirial, Serlui, Vaipuanpho, Tuikual, Sakhisih, Damdiai, Chite, Tuirini, Tuivawl, Lawibual, Challui, Mat, Siakah, Chhimtuipui, Tuikum, Sesah, Phe, Teirei, Tut, Tuichhuahen, Tiau, Tuipui, Nongal, Simsang, Ganol, Damring, Waikhrwi, Kwai, Teirei, Khawthlangtuipui, Ngengpui Stream, Vantawng, Sderkariah, Laitryngew, Wahkhlek Khlek, Wahrew, Umngi, Rwiang, Kalipai, Kmai Um, Lukha, Myntdu, Lamu, Lynriang, Thlu Umwi, Simsang, Teesta, Sonai, Ranganadi, Rangit, Ranichu, Kapili, Karola, Kathakal, Kharsang, Kohora, Kolong, Kundli, Kushiara, Manu, Nonbah, Kynshi, Wah Blei, Lohit, Manas, Maney Khola, Ganol Tura, Milak, Namchik, Noa Dihing, Pachin, Pagldia, Panchnoi, Poma, Yomgo And Mora",2.95,715.0,1.4,6.9,0.365,WAIKHRWI,2022-06-30
2022,4314,"RIVER KWAI AT SUTNGA, JALAPHET",MEGHALAYA,"Tributary Streams - Burhidihing, Dhansiri, Bharalu, Dikrong, Gai Nadi, Digaru, Digboi, Dikhow, Kaljani, Gabharu, Tocklai, Tunia, Larsing, Dhateshwari, Demow, Borsila, Barak, Dibang, Dihing, Senki, Dorika, Subansiri, Siang, Baralia, Tihu, Singra, Damring, Manda, Dikchu, Dzu, Kha Ru, Dzucha, Torsa, Beki, Bereng, Bhogdoi, Jhanji, Jia Bharali, Sankosh, Sanuo Ru, Boginadi, Rilang, Myntang, Tlawng, Tuirial, Serlui, Vaipuanpho, Tuikual, Sakhisih, Damdiai, Chite, Tuirini, Tuivawl, Lawibual, Challui, Mat, Siakah, Chhimtuipui, Tuikum, Sesah, Phe, Teirei, Tut, Tuichhuahen, Tiau, Tuipui, Nongal, Simsang, Ganol, Damring, Waikhrwi, Kwai, Teirei, Khawthlangtuipui, Ngengpui Stream, Vantawng, Sderkariah, Laitryngew, Wahkhlek Khlek, Wahrew, Umngi, Rwiang, Kalipai, Kmai Um, Lukha, Myntdu, Lamu, Lynriang, Thlu Umwi, Simsang, Teesta, Sonai, Ranganadi, Rangit, Ranichu, Kapili, Karola, Kathakal, Kharsang, Kohora, Kolong, Kundli, Kushiara, Manu, Nonbah, Kynshi, Wah Blei, Lohit, Manas, Maney Khola, Ganol Tura, Milak, Namchik, Noa Dihing, Pachin, Pagldia, Panchnoi, Poma, Yomgo And Mora",4.1,269.5,1.35,7.300000000000001,0.35,KWAI,2022-06-30
2022,4114,"RIVER CHITE STREAM, NEAR SIPMIU'S STP, BETHLEHEM",MIZORAM,"Tributary Streams - Burhidihing, Dhansiri, Bharalu, Dikrong, Gai Nadi, Digaru, Digboi, Dikhow, Kaljani, Gabharu, Tocklai, Tunia, Larsing, Dhateshwari, Demow, Borsila, Barak, Dibang, Dihing, Senki, Dorika, Subansiri, Siang, Baralia, Tihu, Singra, Damring, Manda, Dikchu, Dzu, Kha Ru, Dzucha, Torsa, Beki, Bereng, Bhogdoi, Jhanji, Jia Bharali, Sankosh, Sanuo Ru, Boginadi, Rilang, Myntang, Tlawng, Tuirial, Serlui, Vaipuanpho, Tuikual, Sakhisih, Damdiai, Chite, Tuirini, Tuivawl, Lawibual, Challui, Mat, Siakah, Chhimtuipui, Tuikum, Sesah, Phe, Teirei, Tut, Tuichhuahen, Tiau, Tuipui, Nongal, Simsang, Ganol, Damring, Waikhrwi, Kwai, Teirei, Khawthlangtuipui, Ngengpui Stream, Vantawng, Sderkariah, Laitryngew, Wahkhlek Khlek, Wahrew, Umngi, Rwiang, Kalipai, Kmai Um, Lukha, Myntdu, Lamu, Lynriang, Thlu Umwi, Simsang, Teesta, Sonai, Ranganadi, Rangit, Ranichu, Kapili, Karola, Kathakal, Kharsang, Kohora, Kolong, Kundli, Kushiara, Manu, Nonbah, Kynshi, Wah Blei, Lohit, Manas, Maney Khola, Ganol Tura, Milak, Namchik, Noa Dihing, Pachin, Pagldia, Panchnoi, Poma, Yomgo And Mora",7.7,462.0,4.25,5.05,,"Burhidihing, Dhansiri, Bharalu, Dikrong, Gai Nadi, Digaru, Digboi, Dikhow, Kaljani, Gabharu, Tocklai, Tunia, Larsing, Dhateshwari, Demow, Borsila, Barak, Dibang, Dihing, Senki, Dorika, Subansiri, Siang, Baralia, Tihu, Singra, Damring, Manda, Dikchu, Dzu, Kha Ru, Dzucha, Torsa, Beki, Bereng, Bhogdoi, Jhanji, Jia Bharali, Sankosh, Sanuo Ru, Boginadi, Rilang, Myntang, Tlawng, Tuirial, Serlui, Vaipuanpho, Tuikual, Sakhisih, Damdiai, Chite, Tuirini, Tuivawl, Lawibual, Challui, Mat, Siakah, Chhimtuipui, Tuikum, Sesah, Phe, Teirei, Tut, Tuichhuahen, Tiau, Tuipui, Nongal, Simsang, Ganol, Damring, Waikhrwi, Kwai, Teirei, Khawthlangtuipui, Ngengpui Stream, Vantawng, Sderkariah, Laitryngew, Wahkhlek Khlek, Wahrew, Umngi, Rwiang, Kalipai, Kmai Um, Lukha, Myntdu, Lamu, Lynriang, Thlu Umwi, Simsang, Teesta, Sonai, Ranganadi, Rangit, Ranichu, Kapili, Karola, Kathakal, Kharsang, Kohora, Kolong, Kundli, Kushiara, Manu, Nonbah, Kynshi, Wah Blei, Lohit, Manas, Maney Khola, Ganol Tura, Milak, Namchik, Noa Dihing, Pachin, Pagldia, Panchnoi, Poma, Yomgo And Mora",2022-06-30
2022,4119,"RIVER SERLUI D/S, SERLUI 'B' HEPP DAM, BILKHAWTHLIR, KOLASIB DIST.",MIZORAM,"Tributary Streams - Burhidihing, Dhansiri, Bharalu, Dikrong, Gai Nadi, Digaru, Digboi, Dikhow, Kaljani, Gabharu, Tocklai, Tunia, Larsing, Dhateshwari, Demow, Borsila, Barak, Dibang, Dihing, Senki, Dorika, Subansiri, Siang, Baralia, Tihu, Singra, Damring, Manda, Dikchu, Dzu, Kha Ru, Dzucha, Torsa, Beki, Bereng, Bhogdoi, Jhanji, Jia Bharali, Sankosh, Sanuo Ru, Boginadi, Rilang, Myntang, Tlawng, Tuirial, Serlui, Vaipuanpho, Tuikual, Sakhisih, Damdiai, Chite, Tuirini, Tuivawl, Lawibual, Challui, Mat, Siakah, Chhimtuipui, Tuikum, Sesah, Phe, Teirei, Tut, Tuichhuahen, Tiau, Tuipui, Nongal, Simsang, Ganol, Damring, Waikhrwi, Kwai, Teirei, Khawthlangtuipui, Ngengpui Stream, Vantawng, Sderkariah, Laitryngew, Wahkhlek Khlek, Wahrew, Umngi, Rwiang, Kalipai, Kmai Um, Lukha, Myntdu, Lamu, Lynriang, Thlu Umwi, Simsang, Teesta, Sonai, Ranganadi, Rangit, Ranichu, Kapili, Karola, Kathakal, Kharsang, Kohora, Kolong, Kundli, Kushiara, Manu, Nonbah, Kynshi, Wah Blei, Lohit, Manas, Maney Khola, Ganol Tura, Milak, Namchik, Noa Dihing, Pachin, Pagldia, Panchnoi, Poma, Yomgo And Mora",7.25,128.0,1.4,7.7,,SERLUI,2022-06-30
2022,4120,"RIVER TEIREI D/S NR CONFLUENCE PT WITH TLAWNG RIVER, SAPMARA, BAIRABI,KOLASIB",MIZORAM,"Tributary Streams - Burhidihing, Dhansiri, Bharalu, Dikrong, Gai Nadi, Digaru, Digboi, Dikhow, Kaljani, Gabharu, Tocklai, Tunia, Larsing, Dhateshwari, Demow, Borsila, Barak, Dibang, Dihing, Senki, Dorika, Subansiri, Siang, Baralia, Tihu, Singra, Damring, Manda, Dikchu, Dzu, Kha Ru, Dzucha, Torsa, Beki, Bereng, Bhogdoi, Jhanji, Jia Bharali, Sankosh, Sanuo Ru, Boginadi, Rilang, Myntang, Tlawng, Tuirial, Serlui, Vaipuanpho, Tuikual, Sakhisih, Damdiai, Chite, Tuirini, Tuivawl, Lawibual, Challui, Mat, Siakah, Chhimtuipui, Tuikum, Sesah, Phe, Teirei, Tut, Tuichhuahen, Tiau, Tuipui, Nongal, Simsang, Ganol, Damring, Waikhrwi, Kwai, Teirei, Khawthlangtuipui, Ngengpui Stream, Vantawng, Sderkariah, Laitryngew, Wahkhlek Khlek, Wahrew, Umngi, Rwiang, Kalipai, Kmai Um, Lukha, Myntdu, Lamu, Lynriang, Thlu Umwi, Simsang, Teesta, Sonai, Ranganadi, Rangit, Ranichu, Kapili, Karola, Kathakal, Kharsang, Kohora, Kolong, Kundli, Kushiara, Manu, Nonbah, Kynshi, Wah Blei, Lohit, Manas, Maney Khola, Ganol Tura, Milak, Namchik, Noa Dihing, Pachin, Pagldia, Panchnoi, Poma, Yomgo And Mora",7.6,190.5,1.3,6.45,,TEIREI,2022-06-30
2022,4122,"RIVER KHAWTHLANGTUIPUI ,TLABUNG, LUNGLEI",MIZORAM,"Tributary Streams - Burhidihing, Dhansiri, Bharalu, Dikrong, Gai Nadi, Digaru, Digboi, Dikhow, Kaljani, Gabharu, Tocklai, Tunia, Larsing, Dhateshwari, Demow, Borsila, Barak, Dibang, Dihing, Senki, Dorika, Subansiri, Siang, Baralia, Tihu, Singra, Damring, Manda, Dikchu, Dzu, Kha Ru, Dzucha, Torsa, Beki, Bereng, Bhogdoi, Jhanji, Jia Bharali, Sankosh, Sanuo Ru, Boginadi, Rilang, Myntang, Tlawng, Tuirial, Serlui, Vaipuanpho, Tuikual, Sakhisih, Damdiai, Chite, Tuirini, Tuivawl, Lawibual, Challui, Mat, Siakah, Chhimtuipui, Tuikum, Sesah, Phe, Teirei, Tut, Tuichhuahen, Tiau, Tuipui, Nongal, Simsang, Ganol, Damring, Waikhrwi, Kwai, Teirei, Khawthlangtuipui, Ngengpui Stream, Vantawng, Sderkariah, Laitryngew, Wahkhlek Khlek, Wahrew, Umngi, Rwiang, Kalipai, Kmai Um, Lukha, Myntdu, Lamu, Lynriang, Thlu Umwi, Simsang, Teesta, Sonai, Ranganadi, Rangit, Ranichu, Kapili, Karola, Kathakal, Kharsang, Kohora, Kolong, Kundli, Kushiara, Manu, Nonbah, Kynshi, Wah Blei, Lohit, Manas, Maney Khola, Ganol Tura, Milak, Namchik, Noa Dihing, Pachin, Pagldia, Panchnoi, Poma, Yomgo And Mora",6.855,226.5,1.35,7.0,,"Burhidihing, Dhansiri, Bharalu, Dikrong, Gai Nadi, Digaru, Digboi, Dikhow, Kaljani, Gabharu, Tocklai, Tunia, Larsing, Dhateshwari, Demow, Borsila, Barak, Dibang, Dihing, Senki, Dorika, Subansiri, Siang, Baralia, Tihu, Singra, Damring, Manda, Dikchu, Dzu, Kha Ru, Dzucha, Torsa, Beki, Bereng, Bhogdoi, Jhanji, Jia Bharali, Sankosh, Sanuo Ru, Boginadi, Rilang, Myntang, Tlawng, Tuirial, Serlui, Vaipuanpho, Tuikual, Sakhisih, Damdiai, Chite, Tuirini, Tuivawl, Lawibual, Challui, Mat, Siakah, Chhimtuipui, Tuikum, Sesah, Phe, Teirei, Tut, Tuichhuahen, Tiau, Tuipui, Nongal, Simsang, Ganol, Damring, Waikhrwi, Kwai, Teirei, Khawthlangtuipui, Ngengpui Stream, Vantawng, Sderkariah, Laitryngew, Wahkhlek Khlek, Wahrew, Umngi, Rwiang, Kalipai, Kmai Um, Lukha, Myntdu, Lamu, Lynriang, Thlu Umwi, Simsang, Teesta, Sonai, Ranganadi, Rangit, Ranichu, Kapili, Karola, Kathakal, Kharsang, Kohora, Kolong, Kundli, Kushiara, Manu, Nonbah, Kynshi, Wah Blei, Lohit, Manas, Maney Khola, Ganol Tura, Milak, Namchik, Noa Dihing, Pachin, Pagldia, Panchnoi, Poma, Yomgo And Mora",2022-06-30
2022,4123,"RIVER, TUIPUI D DARZOKAI, HNAHTHIAL DIST.",MIZORAM,"Tributary Streams - Burhidihing, Dhansiri, Bharalu, Dikrong, Gai Nadi, Digaru, Digboi, Dikhow, Kaljani, Gabharu, Tocklai, Tunia, Larsing, Dhateshwari, Demow, Borsila, Barak, Dibang, Dihing, Senki, Dorika, Subansiri, Siang, Baralia, Tihu, Singra, Damring, Manda, Dikchu, Dzu, Kha Ru, Dzucha, Torsa, Beki, Bereng, Bhogdoi, Jhanji, Jia Bharali, Sankosh, Sanuo Ru, Boginadi, Rilang, Myntang, Tlawng, Tuirial, Serlui, Vaipuanpho, Tuikual, Sakhisih, Damdiai, Chite, Tuirini, Tuivawl, Lawibual, Challui, Mat, Siakah, Chhimtuipui, Tuikum, Sesah, Phe, Teirei, Tut, Tuichhuahen, Tiau, Tuipui, Nongal, Simsang, Ganol, Damring, Waikhrwi, Kwai, Teirei, Khawthlangtuipui, Ngengpui Stream, Vantawng, Sderkariah, Laitryngew, Wahkhlek Khlek, Wahrew, Umngi, Rwiang, Kalipai, Kmai Um, Lukha, Myntdu, Lamu, Lynriang, Thlu Umwi, Simsang, Teesta, Sonai, Ranganadi, Rangit, Ranichu, Kapili, Karola, Kathakal, Kharsang, Kohora, Kolong, Kundli, Kushiara, Manu, Nonbah, Kynshi, Wah Blei, Lohit, Manas, Maney Khola, Ganol Tura, Milak, Namchik, Noa Dihing, Pachin, Pagldia, Panchnoi, Poma, Yomgo And Mora",6.5600000000000005,185.5,1.2000000000000002,7.2,,"Burhidihing, Dhansiri, Bharalu, Dikrong, Gai Nadi, Digaru, Digboi, Dikhow, Kaljani, Gabharu, Tocklai, Tunia, Larsing, Dhateshwari, Demow, Borsila, Barak, Dibang, Dihing, Senki, Dorika, Subansiri, Siang, Baralia, Tihu, Singra, Damring, Manda, Dikchu, Dzu, Kha Ru, Dzucha, Torsa, Beki, Bereng, Bhogdoi, Jhanji, Jia Bharali, Sankosh, Sanuo Ru, Boginadi, Rilang, Myntang, Tlawng, Tuirial, Serlui, Vaipuanpho, Tuikual, Sakhisih, Damdiai, Chite, Tuirini, Tuivawl, Lawibual, Challui, Mat, Siakah, Chhimtuipui, Tuikum, Sesah, Phe, Teirei, Tut, Tuichhuahen, Tiau, Tuipui, Nongal, Simsang, Ganol, Damring, Waikhrwi, Kwai, Teirei, Khawthlangtuipui, Ngengpui Stream, Vantawng, Sderkariah, Laitryngew, Wahkhlek Khlek, Wahrew, Umngi, Rwiang, Kalipai, Kmai Um, Lukha, Myntdu, Lamu, Lynriang, Thlu Umwi, Simsang, Teesta, Sonai, Ranganadi, Rangit, Ranichu, Kapili, Karola, Kathakal, Kharsang, Kohora, Kolong, Kundli, Kushiara, Manu, Nonbah, Kynshi, Wah Blei, Lohit, Manas, Maney Khola, Ganol Tura, Milak, Namchik, Noa Dihing, Pachin, Pagldia, Panchnoi, Poma, Yomgo And Mora",2022-06-30
2022,4125,"RIVER TUIPUI U/S, NR CONFLUENCE PT KEILUNGLIAH STREAM, VENGTHAR, CHAMPHAI",MIZORAM,"Tributary Streams - Burhidihing, Dhansiri, Bharalu, Dikrong, Gai Nadi, Digaru, Digboi, Dikhow, Kaljani, Gabharu, Tocklai, Tunia, Larsing, Dhateshwari, Demow, Borsila, Barak, Dibang, Dihing, Senki, Dorika, Subansiri, Siang, Baralia, Tihu, Singra, Damring, Manda, Dikchu, Dzu, Kha Ru, Dzucha, Torsa, Beki, Bereng, Bhogdoi, Jhanji, Jia Bharali, Sankosh, Sanuo Ru, Boginadi, Rilang, Myntang, Tlawng, Tuirial, Serlui, Vaipuanpho, Tuikual, Sakhisih, Damdiai, Chite, Tuirini, Tuivawl, Lawibual, Challui, Mat, Siakah, Chhimtuipui, Tuikum, Sesah, Phe, Teirei, Tut, Tuichhuahen, Tiau, Tuipui, Nongal, Simsang, Ganol, Damring, Waikhrwi, Kwai, Teirei, Khawthlangtuipui, Ngengpui Stream, Vantawng, Sderkariah, Laitryngew, Wahkhlek Khlek, Wahrew, Umngi, Rwiang, Kalipai, Kmai Um, Lukha, Myntdu, Lamu, Lynriang, Thlu Umwi, Simsang, Teesta, Sonai, Ranganadi, Rangit, Ranichu, Kapili, Karola, Kathakal, Kharsang, Kohora, Kolong, Kundli, Kushiara, Manu, Nonbah, Kynshi, Wah Blei, Lohit, Manas, Maney Khola, Ganol Tura, Milak, Namchik, Noa Dihing, Pachin, Pagldia, Panchnoi, Poma, Yomgo And Mora",7.65,176.5,1.3,5.1,,TUIPUI,2022-06-30
2022,4130,"RIVER NGENGPUI STREAM, NR KALADAN MULTI MODAL RD, LAWNGTLAI DIST.",MIZORAM,"Tributary Streams - Burhidihing, Dhansiri, Bharalu, Dikrong, Gai Nadi, Digaru, Digboi, Dikhow, Kaljani, Gabharu, Tocklai, Tunia, Larsing, Dhateshwari, Demow, Borsila, Barak, Dibang, Dihing, Senki, Dorika, Subansiri, Siang, Baralia, Tihu, Singra, Damring, Manda, Dikchu, Dzu, Kha Ru, Dzucha, Torsa, Beki, Bereng, Bhogdoi, Jhanji, Jia Bharali, Sankosh, Sanuo Ru, Boginadi, Rilang, Myntang, Tlawng, Tuirial, Serlui, Vaipuanpho, Tuikual, Sakhisih, Damdiai, Chite, Tuirini, Tuivawl, Lawibual, Challui, Mat, Siakah, Chhimtuipui, Tuikum, Sesah, Phe, Teirei, Tut, Tuichhuahen, Tiau, Tuipui, Nongal, Simsang, Ganol, Damring, Waikhrwi, Kwai, Teirei, Khawthlangtuipui, Ngengpui Stream, Vantawng, Sderkariah, Laitryngew, Wahkhlek Khlek, Wahrew, Umngi, Rwiang, Kalipai, Kmai Um, Lukha, Myntdu, Lamu, Lynriang, Thlu Umwi, Simsang, Teesta, Sonai, Ranganadi, Rangit, Ranichu, Kapili, Karola, Kathakal, Kharsang, Kohora, Kolong, Kundli, Kushiara, Manu, Nonbah, Kynshi, Wah Blei, Lohit, Manas, Maney Khola, Ganol Tura, Milak, Namchik, Noa Dihing, Pachin, Pagldia, Panchnoi, Poma, Yomgo And Mora",6.300000000000001,98.0,1.4,7.45,,"Burhidihing, Dhansiri, Bharalu, Dikrong, Gai Nadi, Digaru, Digboi, Dikhow, Kaljani, Gabharu, Tocklai, Tunia, Larsing, Dhateshwari, Demow, Borsila, Barak, Dibang, Dihing, Senki, Dorika, Subansiri, Siang, Baralia, Tihu, Singra, Damring, Manda, Dikchu, Dzu, Kha Ru, Dzucha, Torsa, Beki, Bereng, Bhogdoi, Jhanji, Jia Bharali, Sankosh, Sanuo Ru, Boginadi, Rilang, Myntang, Tlawng, Tuirial, Serlui, Vaipuanpho, Tuikual, Sakhisih, Damdiai, Chite, Tuirini, Tuivawl, Lawibual, Challui, Mat, Siakah, Chhimtuipui, Tuikum, Sesah, Phe, Teirei, Tut, Tuichhuahen, Tiau, Tuipui, Nongal, Simsang, Ganol, Damring, Waikhrwi, Kwai, Teirei, Khawthlangtuipui, Ngengpui Stream, Vantawng, Sderkariah, Laitryngew, Wahkhlek Khlek, Wahrew, Umngi, Rwiang, Kalipai, Kmai Um, Lukha, Myntdu, Lamu, Lynriang, Thlu Umwi, Simsang, Teesta, Sonai, Ranganadi, Rangit, Ranichu, Kapili, Karola, Kathakal, Kharsang, Kohora, Kolong, Kundli, Kushiara, Manu, Nonbah, Kynshi, Wah Blei, Lohit, Manas, Maney Khola, Ganol Tura, Milak, Namchik, Noa Dihing, Pachin, Pagldia, Panchnoi, Poma, Yomgo And Mora",2022-06-30
2022,4132,"RIVER VANTAWNG WATER FALL, THENZAWL, SERCHHIP DIST.",MIZORAM,"Tributary Streams - Burhidihing, Dhansiri, Bharalu, Dikrong, Gai Nadi, Digaru, Digboi, Dikhow, Kaljani, Gabharu, Tocklai, Tunia, Larsing, Dhateshwari, Demow, Borsila, Barak, Dibang, Dihing, Senki, Dorika, Subansiri, Siang, Baralia, Tihu, Singra, Damring, Manda, Dikchu, Dzu, Kha Ru, Dzucha, Torsa, Beki, Bereng, Bhogdoi, Jhanji, Jia Bharali, Sankosh, Sanuo Ru, Boginadi, Rilang, Myntang, Tlawng, Tuirial, Serlui, Vaipuanpho, Tuikual, Sakhisih, Damdiai, Chite, Tuirini, Tuivawl, Lawibual, Challui, Mat, Siakah, Chhimtuipui, Tuikum, Sesah, Phe, Teirei, Tut, Tuichhuahen, Tiau, Tuipui, Nongal, Simsang, Ganol, Damring, Waikhrwi, Kwai, Teirei, Khawthlangtuipui, Ngengpui Stream, Vantawng, Sderkariah, Laitryngew, Wahkhlek Khlek, Wahrew, Umngi, Rwiang, Kalipai, Kmai Um, Lukha, Myntdu, Lamu, Lynriang, Thlu Umwi, Simsang, Teesta, Sonai, Ranganadi, Rangit, Ranichu, Kapili, Karola, Kathakal, Kharsang, Kohora, Kolong, Kundli, Kushiara, Manu, Nonbah, Kynshi, Wah Blei, Lohit, Manas, Maney Khola, Ganol Tura, Milak, Namchik, Noa Dihing, Pachin, Pagldia, Panchnoi, Poma, Yomgo And Mora",6.365,173.0,1.3,8.45,,"Burhidihing, Dhansiri, Bharalu, Dikrong, Gai Nadi, Digaru, Digboi, Dikhow, Kaljani, Gabharu, Tocklai, Tunia, Larsing, Dhateshwari, Demow, Borsila, Barak, Dibang, Dihing, Senki, Dorika, Subansiri, Siang, Baralia, Tihu, Singra, Damring, Manda, Dikchu, Dzu, Kha Ru, Dzucha, Torsa, Beki, Bereng, Bhogdoi, Jhanji, Jia Bharali, Sankosh, Sanuo Ru, Boginadi, Rilang, Myntang, Tlawng, Tuirial, Serlui, Vaipuanpho, Tuikual, Sakhisih, Damdiai, Chite, Tuirini, Tuivawl, Lawibual, Challui, Mat, Siakah, Chhimtuipui, Tuikum, Sesah, Phe, Teirei, Tut, Tuichhuahen, Tiau, Tuipui, Nongal, Simsang, Ganol, Damring, Waikhrwi, Kwai, Teirei, Khawthlangtuipui, Ngengpui Stream, Vantawng, Sderkariah, Laitryngew, Wahkhlek Khlek, Wahrew, Umngi, Rwiang, Kalipai, Kmai Um, Lukha, Myntdu, Lamu, Lynriang, Thlu Umwi, Simsang, Teesta, Sonai, Ranganadi, Rangit, Ranichu, Kapili, Karola, Kathakal, Kharsang, Kohora, Kolong, Kundli, Kushiara, Manu, Nonbah, Kynshi, Wah Blei, Lohit, Manas, Maney Khola, Ganol Tura, Milak, Namchik, Noa Dihing, Pachin, Pagldia, Panchnoi, Poma, Yomgo And Mora",2022-06-30
2022,4304,RIVER SDERKARIAH AT SOHRA (CHERRAPUNJEE),MEGHALAYA,"Tributary Streams - Burhidihing, Dhansiri, Bharalu, Dikrong, Gai Nadi, Digaru, Digboi, Dikhow, Kaljani, Gabharu, Tocklai, Tunia, Larsing, Dhateshwari, Demow, Borsila, Barak, Dibang, Dihing, Senki, Dorika, Subansiri, Siang, Baralia, Tihu, Singra, Damring, Manda, Dikchu, Dzu, Kha Ru, Dzucha, Torsa, Beki, Bereng, Bhogdoi, Jhanji, Jia Bharali, Sankosh, Sanuo Ru, Boginadi, Rilang, Myntang, Tlawng, Tuirial, Serlui, Vaipuanpho, Tuikual, Sakhisih, Damdiai, Chite, Tuirini, Tuivawl, Lawibual, Challui, Mat, Siakah, Chhimtuipui, Tuikum, Sesah, Phe, Teirei, Tut, Tuichhuahen, Tiau, Tuipui, Nongal, Simsang, Ganol, Damring, Waikhrwi, Kwai, Teirei, Khawthlangtuipui, Ngengpui Stream, Vantawng, Sderkariah, Laitryngew, Wahkhlek Khlek, Wahrew, Umngi, Rwiang, Kalipai, Kmai Um, Lukha, Myntdu, Lamu, Lynriang, Thlu Umwi, Simsang, Teesta, Sonai, Ranganadi, Rangit, Ranichu, Kapili, Karola, Kathakal, Kharsang, Kohora, Kolong, Kundli, Kushiara, Manu, Nonbah, Kynshi, Wah Blei, Lohit, Manas, Maney Khola, Ganol Tura, Milak, Namchik, Noa Dihing, Pachin, Pagldia, Panchnoi, Poma, Yomgo And Mora",4.6,120.0,1.35,7.5,0.4,SDERKARIAH,2022-06-30
2022,4305,RIVER LAITRYNGEW AT LAITRYNGEW,MEGHALAYA,"Tributary Streams - Burhidihing, Dhansiri, Bharalu, Dikrong, Gai Nadi, Digaru, Digboi, Dikhow, Kaljani, Gabharu, Tocklai, Tunia, Larsing, Dhateshwari, Demow, Borsila, Barak, Dibang, Dihing, Senki, Dorika, Subansiri, Siang, Baralia, Tihu, Singra, Damring, Manda, Dikchu, Dzu, Kha Ru, Dzucha, Torsa, Beki, Bereng, Bhogdoi, Jhanji, Jia Bharali, Sankosh, Sanuo Ru, Boginadi, Rilang, Myntang, Tlawng, Tuirial, Serlui, Vaipuanpho, Tuikual, Sakhisih, Damdiai, Chite, Tuirini, Tuivawl, Lawibual, Challui, Mat, Siakah, Chhimtuipui, Tuikum, Sesah, Phe, Teirei, Tut, Tuichhuahen, Tiau, Tuipui, Nongal, Simsang, Ganol, Damring, Waikhrwi, Kwai, Teirei, Khawthlangtuipui, Ngengpui Stream, Vantawng, Sderkariah, Laitryngew, Wahkhlek Khlek, Wahrew, Umngi, Rwiang, Kalipai, Kmai Um, Lukha, Myntdu, Lamu, Lynriang, Thlu Umwi, Simsang, Teesta, Sonai, Ranganadi, Rangit, Ranichu, Kapili, Karola, Kathakal, Kharsang, Kohora, Kolong, Kundli, Kushiara, Manu, Nonbah, Kynshi, Wah Blei, Lohit, Manas, Maney Khola, Ganol Tura, Milak, Namchik, Noa Dihing, Pachin, Pagldia, Panchnoi, Poma, Yomgo And Mora",4.4,67.5,1.5,7.3,0.355,LAITRYNGEW,2022-06-30
2022,4306,RIVER WAHKHLEK KHLEK AT SAITSOHPEN,MEGHALAYA,"Tributary Streams - Burhidihing, Dhansiri, Bharalu, Dikrong, Gai Nadi, Digaru, Digboi, Dikhow, Kaljani, Gabharu, Tocklai, Tunia, Larsing, Dhateshwari, Demow, Borsila, Barak, Dibang, Dihing, Senki, Dorika, Subansiri, Siang, Baralia, Tihu, Singra, Damring, Manda, Dikchu, Dzu, Kha Ru, Dzucha, Torsa, Beki, Bereng, Bhogdoi, Jhanji, Jia Bharali, Sankosh, Sanuo Ru, Boginadi, Rilang, Myntang, Tlawng, Tuirial, Serlui, Vaipuanpho, Tuikual, Sakhisih, Damdiai, Chite, Tuirini, Tuivawl, Lawibual, Challui, Mat, Siakah, Chhimtuipui, Tuikum, Sesah, Phe, Teirei, Tut, Tuichhuahen, Tiau, Tuipui, Nongal, Simsang, Ganol, Damring, Waikhrwi, Kwai, Teirei, Khawthlangtuipui, Ngengpui Stream, Vantawng, Sderkariah, Laitryngew, Wahkhlek Khlek, Wahrew, Umngi, Rwiang, Kalipai, Kmai Um, Lukha, Myntdu, Lamu, Lynriang, Thlu Umwi, Simsang, Teesta, Sonai, Ranganadi, Rangit, Ranichu, Kapili, Karola, Kathakal, Kharsang, Kohora, Kolong, Kundli, Kushiara, Manu, Nonbah, Kynshi, Wah Blei, Lohit, Manas, Maney Khola, Ganol Tura, Milak, Namchik, Noa Dihing, Pachin, Pagldia, Panchnoi, Poma, Yomgo And Mora",7.0,103.5,1.4500000000000002,7.75,0.665,WAHKHLEK KHLEK,2022-06-30
2022,4307,RIVER WAHREW AT MAJAI,MEGHALAYA,"Tributary Streams - Burhidihing, Dhansiri, Bharalu, Dikrong, Gai Nadi, Digaru, Digboi, Dikhow, Kaljani, Gabharu, Tocklai, Tunia, Larsing, Dhateshwari, Demow, Borsila, Barak, Dibang, Dihing, Senki, Dorika, Subansiri, Siang, Baralia, Tihu, Singra, Damring, Manda, Dikchu, Dzu, Kha Ru, Dzucha, Torsa, Beki, Bereng, Bhogdoi, Jhanji, Jia Bharali, Sankosh, Sanuo Ru, Boginadi, Rilang, Myntang, Tlawng, Tuirial, Serlui, Vaipuanpho, Tuikual, Sakhisih, Damdiai, Chite, Tuirini, Tuivawl, Lawibual, Challui, Mat, Siakah, Chhimtuipui, Tuikum, Sesah, Phe, Teirei, Tut, Tuichhuahen, Tiau, Tuipui, Nongal, Simsang, Ganol, Damring, Waikhrwi, Kwai, Teirei, Khawthlangtuipui, Ngengpui Stream, Vantawng, Sderkariah, Laitryngew, Wahkhlek Khlek, Wahrew, Umngi, Rwiang, Kalipai, Kmai Um, Lukha, Myntdu, Lamu, Lynriang, Thlu Umwi, Simsang, Teesta, Sonai, Ranganadi, Rangit, Ranichu, Kapili, Karola, Kathakal, Kharsang, Kohora, Kolong, Kundli, Kushiara, Manu, Nonbah, Kynshi, Wah Blei, Lohit, Manas, Maney Khola, Ganol Tura, Milak, Namchik, Noa Dihing, Pachin, Pagldia, Panchnoi, Poma, Yomgo And Mora",7.0,53.0,1.15,4.65,0.495,WAHREW,2022-06-30
2022,4308,RIVER UMNGI AT JAKREM,MEGHALAYA,"Tributary Streams - Burhidihing, Dhansiri, Bharalu, Dikrong, Gai Nadi, Digaru, Digboi, Dikhow, Kaljani, Gabharu, Tocklai, Tunia, Larsing, Dhateshwari, Demow, Borsila, Barak, Dibang, Dihing, Senki, Dorika, Subansiri, Siang, Baralia, Tihu, Singra, Damring, Manda, Dikchu, Dzu, Kha Ru, Dzucha, Torsa, Beki, Bereng, Bhogdoi, Jhanji, Jia Bharali, Sankosh, Sanuo Ru, Boginadi, Rilang, Myntang, Tlawng, Tuirial, Serlui, Vaipuanpho, Tuikual, Sakhisih, Damdiai, Chite, Tuirini, Tuivawl, Lawibual, Challui, Mat, Siakah, Chhimtuipui, Tuikum, Sesah, Phe, Teirei, Tut, Tuichhuahen, Tiau, Tuipui, Nongal, Simsang, Ganol, Damring, Waikhrwi, Kwai, Teirei, Khawthlangtuipui, Ngengpui Stream, Vantawng, Sderkariah, Laitryngew, Wahkhlek Khlek, Wahrew, Umngi, Rwiang, Kalipai, Kmai Um, Lukha, Myntdu, Lamu, Lynriang, Thlu Umwi, Simsang, Teesta, Sonai, Ranganadi, Rangit, Ranichu, Kapili, Karola, Kathakal, Kharsang, Kohora, Kolong, Kundli, Kushiara, Manu, Nonbah, Kynshi, Wah Blei, Lohit, Manas, Maney Khola, Ganol Tura, Milak, Namchik, Noa Dihing, Pachin, Pagldia, Panchnoi, Poma, Yomgo And Mora",6.95,52.5,1.4,8.3,0.445,UMNGI,2022-06-30
2022,4309,RIVER UMNGI AT UMPUNG,MEGHALAYA,"Tributary Streams - Burhidihing, Dhansiri, Bharalu, Dikrong, Gai Nadi, Digaru, Digboi, Dikhow, Kaljani, Gabharu, Tocklai, Tunia, Larsing, Dhateshwari, Demow, Borsila, Barak, Dibang, Dihing, Senki, Dorika, Subansiri, Siang, Baralia, Tihu, Singra, Damring, Manda, Dikchu, Dzu, Kha Ru, Dzucha, Torsa, Beki, Bereng, Bhogdoi, Jhanji, Jia Bharali, Sankosh, Sanuo Ru, Boginadi, Rilang, Myntang, Tlawng, Tuirial, Serlui, Vaipuanpho, Tuikual, Sakhisih, Damdiai, Chite, Tuirini, Tuivawl, Lawibual, Challui, Mat, Siakah, Chhimtuipui, Tuikum, Sesah, Phe, Teirei, Tut, Tuichhuahen, Tiau, Tuipui, Nongal, Simsang, Ganol, Damring, Waikhrwi, Kwai, Teirei, Khawthlangtuipui, Ngengpui Stream, Vantawng, Sderkariah, Laitryngew, Wahkhlek Khlek, Wahrew, Umngi, Rwiang, Kalipai, Kmai Um, Lukha, Myntdu, Lamu, Lynriang, Thlu Umwi, Simsang, Teesta, Sonai, Ranganadi, Rangit, Ranichu, Kapili, Karola, Kathakal, Kharsang, Kohora, Kolong, Kundli, Kushiara, Manu, Nonbah, Kynshi, Wah Blei, Lohit, Manas, Maney Khola, Ganol Tura, Milak, Namchik, Noa Dihing, Pachin, Pagldia, Panchnoi, Poma, Yomgo And Mora",6.9,46.0,1.15,8.05,0.47000000000000003,UMNGI,2022-06-30
2022,4310,RIVER RWIANG AT RWIANG,MEGHALAYA,"Tributary Streams - Burhidihing, Dhansiri, Bharalu, Dikrong, Gai Nadi, Digaru, Digboi, Dikhow, Kaljani, Gabharu, Tocklai, Tunia, Larsing, Dhateshwari, Demow, Borsila, Barak, Dibang, Dihing, Senki, Dorika, Subansiri, Siang, Baralia, Tihu, Singra, Damring, Manda, Dikchu, Dzu, Kha Ru, Dzucha, Torsa, Beki, Bereng, Bhogdoi, Jhanji, Jia Bharali, Sankosh, Sanuo Ru, Boginadi, Rilang, Myntang, Tlawng, Tuirial, Serlui, Vaipuanpho, Tuikual, Sakhisih, Damdiai, Chite, Tuirini, Tuivawl, Lawibual, Challui, Mat, Siakah, Chhimtuipui, Tuikum, Sesah, Phe, Teirei, Tut, Tuichhuahen, Tiau, Tuipui, Nongal, Simsang, Ganol, Damring, Waikhrwi, Kwai, Teirei, Khawthlangtuipui, Ngengpui Stream, Vantawng, Sderkariah, Laitryngew, Wahkhlek Khlek, Wahrew, Umngi, Rwiang, Kalipai, Kmai Um, Lukha, Myntdu, Lamu, Lynriang, Thlu Umwi, Simsang, Teesta, Sonai, Ranganadi, Rangit, Ranichu, Kapili, Karola, Kathakal, Kharsang, Kohora, Kolong, Kundli, Kushiara, Manu, Nonbah, Kynshi, Wah Blei, Lohit, Manas, Maney Khola, Ganol Tura, Milak, Namchik, Noa Dihing, Pachin, Pagldia, Panchnoi, Poma, Yomgo And Mora",7.300000000000001,48.0,1.3,7.800000000000001,0.53,RWIANG,2022-06-30
2022,4311,RIVER KALIPAI AT RYMBAI,MEGHALAYA,"Tributary Streams - Burhidihing, Dhansiri, Bharalu, Dikrong, Gai Nadi, Digaru, Digboi, Dikhow, Kaljani, Gabharu, Tocklai, Tunia, Larsing, Dhateshwari, Demow, Borsila, Barak, Dibang, Dihing, Senki, Dorika, Subansiri, Siang, Baralia, Tihu, Singra, Damring, Manda, Dikchu, Dzu, Kha Ru, Dzucha, Torsa, Beki, Bereng, Bhogdoi, Jhanji, Jia Bharali, Sankosh, Sanuo Ru, Boginadi, Rilang, Myntang, Tlawng, Tuirial, Serlui, Vaipuanpho, Tuikual, Sakhisih, Damdiai, Chite, Tuirini, Tuivawl, Lawibual, Challui, Mat, Siakah, Chhimtuipui, Tuikum, Sesah, Phe, Teirei, Tut, Tuichhuahen, Tiau, Tuipui, Nongal, Simsang, Ganol, Damring, Waikhrwi, Kwai, Teirei, Khawthlangtuipui, Ngengpui Stream, Vantawng, Sderkariah, Laitryngew, Wahkhlek Khlek, Wahrew, Umngi, Rwiang, Kalipai, Kmai Um, Lukha, Myntdu, Lamu, Lynriang, Thlu Umwi, Simsang, Teesta, Sonai, Ranganadi, Rangit, Ranichu, Kapili, Karola, Kathakal, Kharsang, Kohora, Kolong, Kundli, Kushiara, Manu, Nonbah, Kynshi, Wah Blei, Lohit, Manas, Maney Khola, Ganol Tura, Milak, Namchik, Noa Dihing, Pachin, Pagldia, Panchnoi, Poma, Yomgo And Mora",3.0,614.5,1.4,7.15,0.41000000000000003,KALIPAI,2022-06-30
2022,4312,RIVER KMAI UM AT RYMBAI,MEGHALAYA,"Tributary Streams - Burhidihing, Dhansiri, Bharalu, Dikrong, Gai Nadi, Digaru, Digboi, Dikhow, Kaljani, Gabharu, Tocklai, Tunia, Larsing, Dhateshwari, Demow, Borsila, Barak, Dibang, Dihing, Senki, Dorika, Subansiri, Siang, Baralia, Tihu, Singra, Damring, Manda, Dikchu, Dzu, Kha Ru, Dzucha, Torsa, Beki, Bereng, Bhogdoi, Jhanji, Jia Bharali, Sankosh, Sanuo Ru, Boginadi, Rilang, Myntang, Tlawng, Tuirial, Serlui, Vaipuanpho, Tuikual, Sakhisih, Damdiai, Chite, Tuirini, Tuivawl, Lawibual, Challui, Mat, Siakah, Chhimtuipui, Tuikum, Sesah, Phe, Teirei, Tut, Tuichhuahen, Tiau, Tuipui, Nongal, Simsang, Ganol, Damring, Waikhrwi, Kwai, Teirei, Khawthlangtuipui, Ngengpui Stream, Vantawng, Sderkariah, Laitryngew, Wahkhlek Khlek, Wahrew, Umngi, Rwiang, Kalipai, Kmai Um, Lukha, Myntdu, Lamu, Lynriang, Thlu Umwi, Simsang, Teesta, Sonai, Ranganadi, Rangit, Ranichu, Kapili, Karola, Kathakal, Kharsang, Kohora, Kolong, Kundli, Kushiara, Manu, Nonbah, Kynshi, Wah Blei, Lohit, Manas, Maney Khola, Ganol Tura, Milak, Namchik, Noa Dihing, Pachin, Pagldia, Panchnoi, Poma, Yomgo And Mora",2.65,1537.5,1.55,7.3,0.425,KMAI UM,2022-06-30
2022,4315,RIVER LUKHA AT KHADDUM,MEGHALAYA,"Tributary Streams - Burhidihing, Dhansiri, Bharalu, Dikrong, Gai Nadi, Digaru, Digboi, Dikhow, Kaljani, Gabharu, Tocklai, Tunia, Larsing, Dhateshwari, Demow, Borsila, Barak, Dibang, Dihing, Senki, Dorika, Subansiri, Siang, Baralia, Tihu, Singra, Damring, Manda, Dikchu, Dzu, Kha Ru, Dzucha, Torsa, Beki, Bereng, Bhogdoi, Jhanji, Jia Bharali, Sankosh, Sanuo Ru, Boginadi, Rilang, Myntang, Tlawng, Tuirial, Serlui, Vaipuanpho, Tuikual, Sakhisih, Damdiai, Chite, Tuirini, Tuivawl, Lawibual, Challui, Mat, Siakah, Chhimtuipui, Tuikum, Sesah, Phe, Teirei, Tut, Tuichhuahen, Tiau, Tuipui, Nongal, Simsang, Ganol, Damring, Waikhrwi, Kwai, Teirei, Khawthlangtuipui, Ngengpui Stream, Vantawng, Sderkariah, Laitryngew, Wahkhlek Khlek, Wahrew, Umngi, Rwiang, Kalipai, Kmai Um, Lukha, Myntdu, Lamu, Lynriang, Thlu Umwi, Simsang, Teesta, Sonai, Ranganadi, Rangit, Ranichu, Kapili, Karola, Kathakal, Kharsang, Kohora, Kolong, Kundli, Kushiara, Manu, Nonbah, Kynshi, Wah Blei, Lohit, Manas, Maney Khola, Ganol Tura, Milak, Namchik, Noa Dihing, Pachin, Pagldia, Panchnoi, Poma, Yomgo And Mora",5.65,356.0,1.35,7.75,0.375,LUKHA,2022-06-30
2022,4316,RIVER MYNTDU AT MIHMYNTDU,MEGHALAYA,"Tributary Streams - Burhidihing, Dhansiri, Bharalu, Dikrong, Gai Nadi, Digaru, Digboi, Dikhow, Kaljani, Gabharu, Tocklai, Tunia, Larsing, Dhateshwari, Demow, Borsila, Barak, Dibang, Dihing, Senki, Dorika, Subansiri, Siang, Baralia, Tihu, Singra, Damring, Manda, Dikchu, Dzu, Kha Ru, Dzucha, Torsa, Beki, Bereng, Bhogdoi, Jhanji, Jia Bharali, Sankosh, Sanuo Ru, Boginadi, Rilang, Myntang, Tlawng, Tuirial, Serlui, Vaipuanpho, Tuikual, Sakhisih, Damdiai, Chite, Tuirini, Tuivawl, Lawibual, Challui, Mat, Siakah, Chhimtuipui, Tuikum, Sesah, Phe, Teirei, Tut, Tuichhuahen, Tiau, Tuipui, Nongal, Simsang, Ganol, Damring, Waikhrwi, Kwai, Teirei, Khawthlangtuipui, Ngengpui Stream, Vantawng, Sderkariah, Laitryngew, Wahkhlek Khlek, Wahrew, Umngi, Rwiang, Kalipai, Kmai Um, Lukha, Myntdu, Lamu, Lynriang, Thlu Umwi, Simsang, Teesta, Sonai, Ranganadi, Rangit, Ranichu, Kapili, Karola, Kathakal, Kharsang, Kohora, Kolong, Kundli, Kushiara, Manu, Nonbah, Kynshi, Wah Blei, Lohit, Manas, Maney Khola, Ganol Tura, Milak, Namchik, Noa Dihing, Pachin, Pagldia, Panchnoi, Poma, Yomgo And Mora",6.75,57.0,1.4,7.199999999999999,0.395,MYNTDU,2022-06-30
2022,4317,RIVER LAMU AT LESHKA,MEGHALAYA,"Tributary Streams - Burhidihing, Dhansiri, Bharalu, Dikrong, Gai Nadi, Digaru, Digboi, Dikhow, Kaljani, Gabharu, Tocklai, Tunia, Larsing, Dhateshwari, Demow, Borsila, Barak, Dibang, Dihing, Senki, Dorika, Subansiri, Siang, Baralia, Tihu, Singra, Damring, Manda, Dikchu, Dzu, Kha Ru, Dzucha, Torsa, Beki, Bereng, Bhogdoi, Jhanji, Jia Bharali, Sankosh, Sanuo Ru, Boginadi, Rilang, Myntang, Tlawng, Tuirial, Serlui, Vaipuanpho, Tuikual, Sakhisih, Damdiai, Chite, Tuirini, Tuivawl, Lawibual, Challui, Mat, Siakah, Chhimtuipui, Tuikum, Sesah, Phe, Teirei, Tut, Tuichhuahen, Tiau, Tuipui, Nongal, Simsang, Ganol, Damring, Waikhrwi, Kwai, Teirei, Khawthlangtuipui, Ngengpui Stream, Vantawng, Sderkariah, Laitryngew, Wahkhlek Khlek, Wahrew, Umngi, Rwiang, Kalipai, Kmai Um, Lukha, Myntdu, Lamu, Lynriang, Thlu Umwi, Simsang, Teesta, Sonai, Ranganadi, Rangit, Ranichu, Kapili, Karola, Kathakal, Kharsang, Kohora, Kolong, Kundli, Kushiara, Manu, Nonbah, Kynshi, Wah Blei, Lohit, Manas, Maney Khola, Ganol Tura, Milak, Namchik, Noa Dihing, Pachin, Pagldia, Panchnoi, Poma, Yomgo And Mora",6.85,295.0,1.2000000000000002,7.55,0.45,LAMU,2022-06-30
2022,4318,RIVER LYNRIANG AT LESHKA POWER HOUSE,MEGHALAYA,"Tributary Streams - Burhidihing, Dhansiri, Bharalu, Dikrong, Gai Nadi, Digaru, Digboi, Dikhow, Kaljani, Gabharu, Tocklai, Tunia, Larsing, Dhateshwari, Demow, Borsila, Barak, Dibang, Dihing, Senki, Dorika, Subansiri, Siang, Baralia, Tihu, Singra, Damring, Manda, Dikchu, Dzu, Kha Ru, Dzucha, Torsa, Beki, Bereng, Bhogdoi, Jhanji, Jia Bharali, Sankosh, Sanuo Ru, Boginadi, Rilang, Myntang, Tlawng, Tuirial, Serlui, Vaipuanpho, Tuikual, Sakhisih, Damdiai, Chite, Tuirini, Tuivawl, Lawibual, Challui, Mat, Siakah, Chhimtuipui, Tuikum, Sesah, Phe, Teirei, Tut, Tuichhuahen, Tiau, Tuipui, Nongal, Simsang, Ganol, Damring, Waikhrwi, Kwai, Teirei, Khawthlangtuipui, Ngengpui Stream, Vantawng, Sderkariah, Laitryngew, Wahkhlek Khlek, Wahrew, Umngi, Rwiang, Kalipai, Kmai Um, Lukha, Myntdu, Lamu, Lynriang, Thlu Umwi, Simsang, Teesta, Sonai, Ranganadi, Rangit, Ranichu, Kapili, Karola, Kathakal, Kharsang, Kohora, Kolong, Kundli, Kushiara, Manu, Nonbah, Kynshi, Wah Blei, Lohit, Manas, Maney Khola, Ganol Tura, Milak, Namchik, Noa Dihing, Pachin, Pagldia, Panchnoi, Poma, Yomgo And Mora",2.85,737.5,1.5499999999999998,7.199999999999999,0.38,LYNRIANG,2022-06-30
2022,4322,RIVER THLU UMWI AT THLU UMWI,MEGHALAYA,"Tributary Streams - Burhidihing, Dhansiri, Bharalu, Dikrong, Gai Nadi, Digaru, Digboi, Dikhow, Kaljani, Gabharu, Tocklai, Tunia, Larsing, Dhateshwari, Demow, Borsila, Barak, Dibang, Dihing, Senki, Dorika, Subansiri, Siang, Baralia, Tihu, Singra, Damring, Manda, Dikchu, Dzu, Kha Ru, Dzucha, Torsa, Beki, Bereng, Bhogdoi, Jhanji, Jia Bharali, Sankosh, Sanuo Ru, Boginadi, Rilang, Myntang, Tlawng, Tuirial, Serlui, Vaipuanpho, Tuikual, Sakhisih, Damdiai, Chite, Tuirini, Tuivawl, Lawibual, Challui, Mat, Siakah, Chhimtuipui, Tuikum, Sesah, Phe, Teirei, Tut, Tuichhuahen, Tiau, Tuipui, Nongal, Simsang, Ganol, Damring, Waikhrwi, Kwai, Teirei, Khawthlangtuipui, Ngengpui Stream, Vantawng, Sderkariah, Laitryngew, Wahkhlek Khlek, Wahrew, Umngi, Rwiang, Kalipai, Kmai Um, Lukha, Myntdu, Lamu, Lynriang, Thlu Umwi, Simsang, Teesta, Sonai, Ranganadi, Rangit, Ranichu, Kapili, Karola, Kathakal, Kharsang, Kohora, Kolong, Kundli, Kushiara, Manu, Nonbah, Kynshi, Wah Blei, Lohit, Manas, Maney Khola, Ganol Tura, Milak, Namchik, Noa Dihing, Pachin, Pagldia, Panchnoi, Poma, Yomgo And Mora",4.65,69.0,1.2000000000000002,7.5,0.47000000000000003,THLU UMWI,2022-06-30
2022,4326,RIVER SIMSANG AT BAGHMARA,MEGHALAYA,"Tributary Streams - Burhidihing, Dhansiri, Bharalu, Dikrong, Gai Nadi, Digaru, Digboi, Dikhow, Kaljani, Gabharu, Tocklai, Tunia, Larsing, Dhateshwari, Demow, Borsila, Barak, Dibang, Dihing, Senki, Dorika, Subansiri, Siang, Baralia, Tihu, Singra, Damring, Manda, Dikchu, Dzu, Kha Ru, Dzucha, Torsa, Beki, Bereng, Bhogdoi, Jhanji, Jia Bharali, Sankosh, Sanuo Ru, Boginadi, Rilang, Myntang, Tlawng, Tuirial, Serlui, Vaipuanpho, Tuikual, Sakhisih, Damdiai, Chite, Tuirini, Tuivawl, Lawibual, Challui, Mat, Siakah, Chhimtuipui, Tuikum, Sesah, Phe, Teirei, Tut, Tuichhuahen, Tiau, Tuipui, Nongal, Simsang, Ganol, Damring, Waikhrwi, Kwai, Teirei, Khawthlangtuipui, Ngengpui Stream, Vantawng, Sderkariah, Laitryngew, Wahkhlek Khlek, Wahrew, Umngi, Rwiang, Kalipai, Kmai Um, Lukha, Myntdu, Lamu, Lynriang, Thlu Umwi, Simsang, Teesta, Sonai, Ranganadi, Rangit, Ranichu, Kapili, Karola, Kathakal, Kharsang, Kohora, Kolong, Kundli, Kushiara, Manu, Nonbah, Kynshi, Wah Blei, Lohit, Manas, Maney Khola, Ganol Tura, Milak, Namchik, Noa Dihing, Pachin, Pagldia, Panchnoi, Poma, Yomgo And Mora",7.0,67.0,1.35,7.55,0.47000000000000003,SIMSANG,2022-06-30
2022,1801,RIVER TEESTA AFTER CONFLUENCS OF RIVERS LACHENCHU AND LACHUNGCHU AT CHUNGTHANG,SIKKIM,"Tributary Streams - Burhidihing, Dhansiri, Bharalu, Dikrong, Gai Nadi, Digaru, Digboi, Dikhow, Kaljani, Gabharu, Tocklai, Tunia, Larsing, Dhateshwari, Demow, Borsila, Barak, Dibang, Dihing, Senki, Dorika, Subansiri, Siang, Baralia, Tihu, Singra, Damring, Manda, Dikchu, Dzu, Kha Ru, Dzucha, Torsa, Beki, Bereng, Bhogdoi, Jhanji, Jia Bharali, Sankosh, Sanuo Ru, Boginadi, Rilang, Myntang, Tlawng, Tuirial, Serlui, Vaipuanpho, Tuikual, Sakhisih, Damdiai, Chite, Tuirini, Tuivawl, Lawibual, Challui, Mat, Siakah, Chhimtuipui, Tuikum, Sesah, Phe, Teirei, Tut, Tuichhuahen, Tiau, Tuipui, Nongal, Simsang, Ganol, Damring, Waikhrwi, Kwai, Teirei, Khawthlangtuipui, Ngengpui Stream, Vantawng, Sderkariah, Laitryngew, Wahkhlek Khlek, Wahrew, Umngi, Rwiang, Kalipai, Kmai Um, Lukha, Myntdu, Lamu, Lynriang, Thlu Umwi, Simsang, Teesta, Sonai, Ranganadi, Rangit, Ranichu, Kapili, Karola, Kathakal, Kharsang, Kohora, Kolong, Kundli, Kushiara, Manu, Nonbah, Kynshi, Wah Blei, Lohit, Manas, Maney Khola, Ganol Tura, Milak, Namchik, Noa Dihing, Pachin, Pagldia, Panchnoi, Poma, Yomgo And Mora",7.25,192.5,1.85,8.649999999999999,2.1,TEESTA AFTER CONFLUENCS OF RIVERS LACHENCHU AND LACHUNGCHU,2022-06-30
2022,1807,RIVER TEESTA AFTER CONFLUENCS WITH RANICHU AT SINGTAM,SIKKIM,"Tributary Streams - Burhidihing, Dhansiri, Bharalu, Dikrong, Gai Nadi, Digaru, Digboi, Dikhow, Kaljani, Gabharu, Tocklai, Tunia, Larsing, Dhateshwari, Demow, Borsila, Barak, Dibang, Dihing, Senki, Dorika, Subansiri, Siang, Baralia, Tihu, Singra, Damring, Manda, Dikchu, Dzu, Kha Ru, Dzucha, Torsa, Beki, Bereng, Bhogdoi, Jhanji, Jia Bharali, Sankosh, Sanuo Ru, Boginadi, Rilang, Myntang, Tlawng, Tuirial, Serlui, Vaipuanpho, Tuikual, Sakhisih, Damdiai, Chite, Tuirini, Tuivawl, Lawibual, Challui, Mat, Siakah, Chhimtuipui, Tuikum, Sesah, Phe, Teirei, Tut, Tuichhuahen, Tiau, Tuipui, Nongal, Simsang, Ganol, Damring, Waikhrwi, Kwai, Teirei, Khawthlangtuipui, Ngengpui Stream, Vantawng, Sderkariah, Laitryngew, Wahkhlek Khlek, Wahrew, Umngi, Rwiang, Kalipai, Kmai Um, Lukha, Myntdu, Lamu, Lynriang, Thlu Umwi, Simsang, Teesta, Sonai, Ranganadi, Rangit, Ranichu, Kapili, Karola, Kathakal, Kharsang, Kohora, Kolong, Kundli, Kushiara, Manu, Nonbah, Kynshi, Wah Blei, Lohit, Manas, Maney Khola, Ganol Tura, Milak, Namchik, Noa Dihing, Pachin, Pagldia, Panchnoi, Poma, Yomgo And Mora",7.1,191.5,2.2,8.95,3.3499999999999996,TEESTA AFTER CONFLUENCS WITH RANICHU,2022-06-30
2022,1808,RIVER TEESTA AFTER CONFLUENCS WITH RONGPOCHU AFTER MEETING THE INDUSTRIAL EFFLUENTS FROM THE TOWN RANGPO,SIKKIM,"Tributary Streams - Burhidihing, Dhansiri, Bharalu, Dikrong, Gai Nadi, Digaru, Digboi, Dikhow, Kaljani, Gabharu, Tocklai, Tunia, Larsing, Dhateshwari, Demow, Borsila, Barak, Dibang, Dihing, Senki, Dorika, Subansiri, Siang, Baralia, Tihu, Singra, Damring, Manda, Dikchu, Dzu, Kha Ru, Dzucha, Torsa, Beki, Bereng, Bhogdoi, Jhanji, Jia Bharali, Sankosh, Sanuo Ru, Boginadi, Rilang, Myntang, Tlawng, Tuirial, Serlui, Vaipuanpho, Tuikual, Sakhisih, Damdiai, Chite, Tuirini, Tuivawl, Lawibual, Challui, Mat, Siakah, Chhimtuipui, Tuikum, Sesah, Phe, Teirei, Tut, Tuichhuahen, Tiau, Tuipui, Nongal, Simsang, Ganol, Damring, Waikhrwi, Kwai, Teirei, Khawthlangtuipui, Ngengpui Stream, Vantawng, Sderkariah, Laitryngew, Wahkhlek Khlek, Wahrew, Umngi, Rwiang, Kalipai, Kmai Um, Lukha, Myntdu, Lamu, Lynriang, Thlu Umwi, Simsang, Teesta, Sonai, Ranganadi, Rangit, Ranichu, Kapili, Karola, Kathakal, Kharsang, Kohora, Kolong, Kundli, Kushiara, Manu, Nonbah, Kynshi, Wah Blei, Lohit, Manas, Maney Khola, Ganol Tura, Milak, Namchik, Noa Dihing, Pachin, Pagldia, Panchnoi, Poma, Yomgo And Mora",7.2,181.0,2.25,8.65,3.3499999999999996,"Burhidihing, Dhansiri, Bharalu, Dikrong, Gai Nadi, Digaru, Digboi, Dikhow, Kaljani, Gabharu, Tocklai, Tunia, Larsing, Dhateshwari, Demow, Borsila, Barak, Dibang, Dihing, Senki, Dorika, Subansiri, Siang, Baralia, Tihu, Singra, Damring, Manda, Dikchu, Dzu, Kha Ru, Dzucha, Torsa, Beki, Bereng, Bhogdoi, Jhanji, Jia Bharali, Sankosh, Sanuo Ru, Boginadi, Rilang, Myntang, Tlawng, Tuirial, Serlui, Vaipuanpho, Tuikual, Sakhisih, Damdiai, Chite, Tuirini, Tuivawl, Lawibual, Challui, Mat, Siakah, Chhimtuipui, Tuikum, Sesah, Phe, Teirei, Tut, Tuichhuahen, Tiau, Tuipui, Nongal, Simsang, Ganol, Damring, Waikhrwi, Kwai, Teirei, Khawthlangtuipui, Ngengpui Stream, Vantawng, Sderkariah, Laitryngew, Wahkhlek Khlek, Wahrew, Umngi, Rwiang, Kalipai, Kmai Um, Lukha, Myntdu, Lamu, Lynriang, Thlu Umwi, Simsang, Teesta, Sonai, Ranganadi, Rangit, Ranichu, Kapili, Karola, Kathakal, Kharsang, Kohora, Kolong, Kundli, Kushiara, Manu, Nonbah, Kynshi, Wah Blei, Lohit, Manas, Maney Khola, Ganol Tura, Milak, Namchik, Noa Dihing, Pachin, Pagldia, Panchnoi, Poma, Yomgo And Mora",2022-06-30
2022,1809,RIVER TEESTA AT MELLI DOWNSTREAM MELLI,SIKKIM,"Tributary Streams - Burhidihing, Dhansiri, Bharalu, Dikrong, Gai Nadi, Digaru, Digboi, Dikhow, Kaljani, Gabharu, Tocklai, Tunia, Larsing, Dhateshwari, Demow, Borsila, Barak, Dibang, Dihing, Senki, Dorika, Subansiri, Siang, Baralia, Tihu, Singra, Damring, Manda, Dikchu, Dzu, Kha Ru, Dzucha, Torsa, Beki, Bereng, Bhogdoi, Jhanji, Jia Bharali, Sankosh, Sanuo Ru, Boginadi, Rilang, Myntang, Tlawng, Tuirial, Serlui, Vaipuanpho, Tuikual, Sakhisih, Damdiai, Chite, Tuirini, Tuivawl, Lawibual, Challui, Mat, Siakah, Chhimtuipui, Tuikum, Sesah, Phe, Teirei, Tut, Tuichhuahen, Tiau, Tuipui, Nongal, Simsang, Ganol, Damring, Waikhrwi, Kwai, Teirei, Khawthlangtuipui, Ngengpui Stream, Vantawng, Sderkariah, Laitryngew, Wahkhlek Khlek, Wahrew, Umngi, Rwiang, Kalipai, Kmai Um, Lukha, Myntdu, Lamu, Lynriang, Thlu Umwi, Simsang, Teesta, Sonai, Ranganadi, Rangit, Ranichu, Kapili, Karola, Kathakal, Kharsang, Kohora, Kolong, Kundli, Kushiara, Manu, Nonbah, Kynshi, Wah Blei, Lohit, Manas, Maney Khola, Ganol Tura, Milak, Namchik, Noa Dihing, Pachin, Pagldia, Panchnoi, Poma, Yomgo And Mora",7.15,192.0,2.2,8.95,3.55,TEESTA,2022-06-30
2022,1947,"RIVER TEESTA AT SEVOKE, SILIGURI, DARJEELING",WEST BENGAL,"Tributary Streams - Burhidihing, Dhansiri, Bharalu, Dikrong, Gai Nadi, Digaru, Digboi, Dikhow, Kaljani, Gabharu, Tocklai, Tunia, Larsing, Dhateshwari, Demow, Borsila, Barak, Dibang, Dihing, Senki, Dorika, Subansiri, Siang, Baralia, Tihu, Singra, Damring, Manda, Dikchu, Dzu, Kha Ru, Dzucha, Torsa, Beki, Bereng, Bhogdoi, Jhanji, Jia Bharali, Sankosh, Sanuo Ru, Boginadi, Rilang, Myntang, Tlawng, Tuirial, Serlui, Vaipuanpho, Tuikual, Sakhisih, Damdiai, Chite, Tuirini, Tuivawl, Lawibual, Challui, Mat, Siakah, Chhimtuipui, Tuikum, Sesah, Phe, Teirei, Tut, Tuichhuahen, Tiau, Tuipui, Nongal, Simsang, Ganol, Damring, Waikhrwi, Kwai, Teirei, Khawthlangtuipui, Ngengpui Stream, Vantawng, Sderkariah, Laitryngew, Wahkhlek Khlek, Wahrew, Umngi, Rwiang, Kalipai, Kmai Um, Lukha, Myntdu, Lamu, Lynriang, Thlu Umwi, Simsang, Teesta, Sonai, Ranganadi, Rangit, Ranichu, Kapili, Karola, Kathakal, Kharsang, Kohora, Kolong, Kundli, Kushiara, Manu, Nonbah, Kynshi, Wah Blei, Lohit, Manas, Maney Khola, Ganol Tura, Milak, Namchik, Noa Dihing, Pachin, Pagldia, Panchnoi, Poma, Yomgo And Mora",7.244999999999999,63.0,1.4500000000000002,7.8999999999999995,,TEESTA,2022-06-30
2022,2241,"RIVER SONAI AT SONAI, ASSAM",ASSAM,"Tributary Streams - Burhidihing, Dhansiri, Bharalu, Dikrong, Gai Nadi, Digaru, Digboi, Dikhow, Kaljani, Gabharu, Tocklai, Tunia, Larsing, Dhateshwari, Demow, Borsila, Barak, Dibang, Dihing, Senki, Dorika, Subansiri, Siang, Baralia, Tihu, Singra, Damring, Manda, Dikchu, Dzu, Kha Ru, Dzucha, Torsa, Beki, Bereng, Bhogdoi, Jhanji, Jia Bharali, Sankosh, Sanuo Ru, Boginadi, Rilang, Myntang, Tlawng, Tuirial, Serlui, Vaipuanpho, Tuikual, Sakhisih, Damdiai, Chite, Tuirini, Tuivawl, Lawibual, Challui, Mat, Siakah, Chhimtuipui, Tuikum, Sesah, Phe, Teirei, Tut, Tuichhuahen, Tiau, Tuipui, Nongal, Simsang, Ganol, Damring, Waikhrwi, Kwai, Teirei, Khawthlangtuipui, Ngengpui Stream, Vantawng, Sderkariah, Laitryngew, Wahkhlek Khlek, Wahrew, Umngi, Rwiang, Kalipai, Kmai Um, Lukha, Myntdu, Lamu, Lynriang, Thlu Umwi, Simsang, Teesta, Sonai, Ranganadi, Rangit, Ranichu, Kapili, Karola, Kathakal, Kharsang, Kohora, Kolong, Kundli, Kushiara, Manu, Nonbah, Kynshi, Wah Blei, Lohit, Manas, Maney Khola, Ganol Tura, Milak, Namchik, Noa Dihing, Pachin, Pagldia, Panchnoi, Poma, Yomgo And Mora",7.3,105.0,2.45,5.3,0.9,SONAI,2022-06-30
2022,2234,"RIVER RANGA NADI D/S OF HYDEL PROJECT, ASSAM",ASSAM,"Tributary Streams - Burhidihing, Dhansiri, Bharalu, Dikrong, Gai Nadi, Digaru, Digboi, Dikhow, Kaljani, Gabharu, Tocklai, Tunia, Larsing, Dhateshwari, Demow, Borsila, Barak, Dibang, Dihing, Senki, Dorika, Subansiri, Siang, Baralia, Tihu, Singra, Damring, Manda, Dikchu, Dzu, Kha Ru, Dzucha, Torsa, Beki, Bereng, Bhogdoi, Jhanji, Jia Bharali, Sankosh, Sanuo Ru, Boginadi, Rilang, Myntang, Tlawng, Tuirial, Serlui, Vaipuanpho, Tuikual, Sakhisih, Damdiai, Chite, Tuirini, Tuivawl, Lawibual, Challui, Mat, Siakah, Chhimtuipui, Tuikum, Sesah, Phe, Teirei, Tut, Tuichhuahen, Tiau, Tuipui, Nongal, Simsang, Ganol, Damring, Waikhrwi, Kwai, Teirei, Khawthlangtuipui, Ngengpui Stream, Vantawng, Sderkariah, Laitryngew, Wahkhlek Khlek, Wahrew, Umngi, Rwiang, Kalipai, Kmai Um, Lukha, Myntdu, Lamu, Lynriang, Thlu Umwi, Simsang, Teesta, Sonai, Ranganadi, Rangit, Ranichu, Kapili, Karola, Kathakal, Kharsang, Kohora, Kolong, Kundli, Kushiara, Manu, Nonbah, Kynshi, Wah Blei, Lohit, Manas, Maney Khola, Ganol Tura, Milak, Namchik, Noa Dihing, Pachin, Pagldia, Panchnoi, Poma, Yomgo And Mora",7.3,135.0,2.35,6.05,0.9500000000000001,RANGA NADI,2022-06-30
2022,2034,RIVER RANGIT AT DAM SITE (NHPC),SIKKIM,"Tributary Streams - Burhidihing, Dhansiri, Bharalu, Dikrong, Gai Nadi, Digaru, Digboi, Dikhow, Kaljani, Gabharu, Tocklai, Tunia, Larsing, Dhateshwari, Demow, Borsila, Barak, Dibang, Dihing, Senki, Dorika, Subansiri, Siang, Baralia, Tihu, Singra, Damring, Manda, Dikchu, Dzu, Kha Ru, Dzucha, Torsa, Beki, Bereng, Bhogdoi, Jhanji, Jia Bharali, Sankosh, Sanuo Ru, Boginadi, Rilang, Myntang, Tlawng, Tuirial, Serlui, Vaipuanpho, Tuikual, Sakhisih, Damdiai, Chite, Tuirini, Tuivawl, Lawibual, Challui, Mat, Siakah, Chhimtuipui, Tuikum, Sesah, Phe, Teirei, Tut, Tuichhuahen, Tiau, Tuipui, Nongal, Simsang, Ganol, Damring, Waikhrwi, Kwai, Teirei, Khawthlangtuipui, Ngengpui Stream, Vantawng, Sderkariah, Laitryngew, Wahkhlek Khlek, Wahrew, Umngi, Rwiang, Kalipai, Kmai Um, Lukha, Myntdu, Lamu, Lynriang, Thlu Umwi, Simsang, Teesta, Sonai, Ranganadi, Rangit, Ranichu, Kapili, Karola, Kathakal, Kharsang, Kohora, Kolong, Kundli, Kushiara, Manu, Nonbah, Kynshi, Wah Blei, Lohit, Manas, Maney Khola, Ganol Tura, Milak, Namchik, Noa Dihing, Pachin, Pagldia, Panchnoi, Poma, Yomgo And Mora",7.2,210.0,1.9000000000000001,9.1,2.95,RANGIT,2022-06-30
2022,2035,RIVER RANGIT AT LEGSHIP,SIKKIM,"Tributary Streams - Burhidihing, Dhansiri, Bharalu, Dikrong, Gai Nadi, Digaru, Digboi, Dikhow, Kaljani, Gabharu, Tocklai, Tunia, Larsing, Dhateshwari, Demow, Borsila, Barak, Dibang, Dihing, Senki, Dorika, Subansiri, Siang, Baralia, Tihu, Singra, Damring, Manda, Dikchu, Dzu, Kha Ru, Dzucha, Torsa, Beki, Bereng, Bhogdoi, Jhanji, Jia Bharali, Sankosh, Sanuo Ru, Boginadi, Rilang, Myntang, Tlawng, Tuirial, Serlui, Vaipuanpho, Tuikual, Sakhisih, Damdiai, Chite, Tuirini, Tuivawl, Lawibual, Challui, Mat, Siakah, Chhimtuipui, Tuikum, Sesah, Phe, Teirei, Tut, Tuichhuahen, Tiau, Tuipui, Nongal, Simsang, Ganol, Damring, Waikhrwi, Kwai, Teirei, Khawthlangtuipui, Ngengpui Stream, Vantawng, Sderkariah, Laitryngew, Wahkhlek Khlek, Wahrew, Umngi, Rwiang, Kalipai, Kmai Um, Lukha, Myntdu, Lamu, Lynriang, Thlu Umwi, Simsang, Teesta, Sonai, Ranganadi, Rangit, Ranichu, Kapili, Karola, Kathakal, Kharsang, Kohora, Kolong, Kundli, Kushiara, Manu, Nonbah, Kynshi, Wah Blei, Lohit, Manas, Maney Khola, Ganol Tura, Milak, Namchik, Noa Dihing, Pachin, Pagldia, Panchnoi, Poma, Yomgo And Mora",7.2,194.5,1.9,9.0,2.8,RANGIT,2022-06-30
2022,2036,RIVER RANGIT AT RESHI,SIKKIM,"Tributary Streams - Burhidihing, Dhansiri, Bharalu, Dikrong, Gai Nadi, Digaru, Digboi, Dikhow, Kaljani, Gabharu, Tocklai, Tunia, Larsing, Dhateshwari, Demow, Borsila, Barak, Dibang, Dihing, Senki, Dorika, Subansiri, Siang, Baralia, Tihu, Singra, Damring, Manda, Dikchu, Dzu, Kha Ru, Dzucha, Torsa, Beki, Bereng, Bhogdoi, Jhanji, Jia Bharali, Sankosh, Sanuo Ru, Boginadi, Rilang, Myntang, Tlawng, Tuirial, Serlui, Vaipuanpho, Tuikual, Sakhisih, Damdiai, Chite, Tuirini, Tuivawl, Lawibual, Challui, Mat, Siakah, Chhimtuipui, Tuikum, Sesah, Phe, Teirei, Tut, Tuichhuahen, Tiau, Tuipui, Nongal, Simsang, Ganol, Damring, Waikhrwi, Kwai, Teirei, Khawthlangtuipui, Ngengpui Stream, Vantawng, Sderkariah, Laitryngew, Wahkhlek Khlek, Wahrew, Umngi, Rwiang, Kalipai, Kmai Um, Lukha, Myntdu, Lamu, Lynriang, Thlu Umwi, Simsang, Teesta, Sonai, Ranganadi, Rangit, Ranichu, Kapili, Karola, Kathakal, Kharsang, Kohora, Kolong, Kundli, Kushiara, Manu, Nonbah, Kynshi, Wah Blei, Lohit, Manas, Maney Khola, Ganol Tura, Milak, Namchik, Noa Dihing, Pachin, Pagldia, Panchnoi, Poma, Yomgo And Mora",6.8,192.5,2.1,8.75,2.9,RANGIT,2022-06-30
2022,2037,RIVER RANGIT AT JORETHANG,SIKKIM,"Tributary Streams - Burhidihing, Dhansiri, Bharalu, Dikrong, Gai Nadi, Digaru, Digboi, Dikhow, Kaljani, Gabharu, Tocklai, Tunia, Larsing, Dhateshwari, Demow, Borsila, Barak, Dibang, Dihing, Senki, Dorika, Subansiri, Siang, Baralia, Tihu, Singra, Damring, Manda, Dikchu, Dzu, Kha Ru, Dzucha, Torsa, Beki, Bereng, Bhogdoi, Jhanji, Jia Bharali, Sankosh, Sanuo Ru, Boginadi, Rilang, Myntang, Tlawng, Tuirial, Serlui, Vaipuanpho, Tuikual, Sakhisih, Damdiai, Chite, Tuirini, Tuivawl, Lawibual, Challui, Mat, Siakah, Chhimtuipui, Tuikum, Sesah, Phe, Teirei, Tut, Tuichhuahen, Tiau, Tuipui, Nongal, Simsang, Ganol, Damring, Waikhrwi, Kwai, Teirei, Khawthlangtuipui, Ngengpui Stream, Vantawng, Sderkariah, Laitryngew, Wahkhlek Khlek, Wahrew, Umngi, Rwiang, Kalipai, Kmai Um, Lukha, Myntdu, Lamu, Lynriang, Thlu Umwi, Simsang, Teesta, Sonai, Ranganadi, Rangit, Ranichu, Kapili, Karola, Kathakal, Kharsang, Kohora, Kolong, Kundli, Kushiara, Manu, Nonbah, Kynshi, Wah Blei, Lohit, Manas, Maney Khola, Ganol Tura, Milak, Namchik, Noa Dihing, Pachin, Pagldia, Panchnoi, Poma, Yomgo And Mora",7.0,157.5,1.9500000000000002,8.9,3.0,RANGIT,2022-06-30
2022,2038,RIVER RANGIT AT TRIVENI MELLI,SIKKIM,"Tributary Streams - Burhidihing, Dhansiri, Bharalu, Dikrong, Gai Nadi, Digaru, Digboi, Dikhow, Kaljani, Gabharu, Tocklai, Tunia, Larsing, Dhateshwari, Demow, Borsila, Barak, Dibang, Dihing, Senki, Dorika, Subansiri, Siang, Baralia, Tihu, Singra, Damring, Manda, Dikchu, Dzu, Kha Ru, Dzucha, Torsa, Beki, Bereng, Bhogdoi, Jhanji, Jia Bharali, Sankosh, Sanuo Ru, Boginadi, Rilang, Myntang, Tlawng, Tuirial, Serlui, Vaipuanpho, Tuikual, Sakhisih, Damdiai, Chite, Tuirini, Tuivawl, Lawibual, Challui, Mat, Siakah, Chhimtuipui, Tuikum, Sesah, Phe, Teirei, Tut, Tuichhuahen, Tiau, Tuipui, Nongal, Simsang, Ganol, Damring, Waikhrwi, Kwai, Teirei, Khawthlangtuipui, Ngengpui Stream, Vantawng, Sderkariah, Laitryngew, Wahkhlek Khlek, Wahrew, Umngi, Rwiang, Kalipai, Kmai Um, Lukha, Myntdu, Lamu, Lynriang, Thlu Umwi, Simsang, Teesta, Sonai, Ranganadi, Rangit, Ranichu, Kapili, Karola, Kathakal, Kharsang, Kohora, Kolong, Kundli, Kushiara, Manu, Nonbah, Kynshi, Wah Blei, Lohit, Manas, Maney Khola, Ganol Tura, Milak, Namchik, Noa Dihing, Pachin, Pagldia, Panchnoi, Poma, Yomgo And Mora",7.199999999999999,195.0,1.85,8.3,3.0,RANGIT,2022-06-30
2022,1805,RIVER AFTER CONFLUENCE OF RANICHU AND RORACHU AT RANIPOOL,SIKKIM,"Tributary Streams - Burhidihing, Dhansiri, Bharalu, Dikrong, Gai Nadi, Digaru, Digboi, Dikhow, Kaljani, Gabharu, Tocklai, Tunia, Larsing, Dhateshwari, Demow, Borsila, Barak, Dibang, Dihing, Senki, Dorika, Subansiri, Siang, Baralia, Tihu, Singra, Damring, Manda, Dikchu, Dzu, Kha Ru, Dzucha, Torsa, Beki, Bereng, Bhogdoi, Jhanji, Jia Bharali, Sankosh, Sanuo Ru, Boginadi, Rilang, Myntang, Tlawng, Tuirial, Serlui, Vaipuanpho, Tuikual, Sakhisih, Damdiai, Chite, Tuirini, Tuivawl, Lawibual, Challui, Mat, Siakah, Chhimtuipui, Tuikum, Sesah, Phe, Teirei, Tut, Tuichhuahen, Tiau, Tuipui, Nongal, Simsang, Ganol, Damring, Waikhrwi, Kwai, Teirei, Khawthlangtuipui, Ngengpui Stream, Vantawng, Sderkariah, Laitryngew, Wahkhlek Khlek, Wahrew, Umngi, Rwiang, Kalipai, Kmai Um, Lukha, Myntdu, Lamu, Lynriang, Thlu Umwi, Simsang, Teesta, Sonai, Ranganadi, Rangit, Ranichu, Kapili, Karola, Kathakal, Kharsang, Kohora, Kolong, Kundli, Kushiara, Manu, Nonbah, Kynshi, Wah Blei, Lohit, Manas, Maney Khola, Ganol Tura, Milak, Namchik, Noa Dihing, Pachin, Pagldia, Panchnoi, Poma, Yomgo And Mora",7.0,185.0,5.4,8.9,3.5,AFTER CONFLUENCE OF RANICHU AND RORACHU,2022-06-30
2022,1806,RIVER RANICHU BEFORE CONFLUENCE WITH TEESTA AT SINGTAM,SIKKIM,"Tributary Streams - Burhidihing, Dhansiri, Bharalu, Dikrong, Gai Nadi, Digaru, Digboi, Dikhow, Kaljani, Gabharu, Tocklai, Tunia, Larsing, Dhateshwari, Demow, Borsila, Barak, Dibang, Dihing, Senki, Dorika, Subansiri, Siang, Baralia, Tihu, Singra, Damring, Manda, Dikchu, Dzu, Kha Ru, Dzucha, Torsa, Beki, Bereng, Bhogdoi, Jhanji, Jia Bharali, Sankosh, Sanuo Ru, Boginadi, Rilang, Myntang, Tlawng, Tuirial, Serlui, Vaipuanpho, Tuikual, Sakhisih, Damdiai, Chite, Tuirini, Tuivawl, Lawibual, Challui, Mat, Siakah, Chhimtuipui, Tuikum, Sesah, Phe, Teirei, Tut, Tuichhuahen, Tiau, Tuipui, Nongal, Simsang, Ganol, Damring, Waikhrwi, Kwai, Teirei, Khawthlangtuipui, Ngengpui Stream, Vantawng, Sderkariah, Laitryngew, Wahkhlek Khlek, Wahrew, Umngi, Rwiang, Kalipai, Kmai Um, Lukha, Myntdu, Lamu, Lynriang, Thlu Umwi, Simsang, Teesta, Sonai, Ranganadi, Rangit, Ranichu, Kapili, Karola, Kathakal, Kharsang, Kohora, Kolong, Kundli, Kushiara, Manu, Nonbah, Kynshi, Wah Blei, Lohit, Manas, Maney Khola, Ganol Tura, Milak, Namchik, Noa Dihing, Pachin, Pagldia, Panchnoi, Poma, Yomgo And Mora",7.0,193.0,2.25,8.75,3.25,RANICHU BEFORE CONFLUENCE WITH TEESTA,2022-06-30
2022,2236,"RIVER KAPILI AT DHARMTUL BRIDGE, NH-31, MORIGAON",ASSAM,"Tributary Streams - Burhidihing, Dhansiri, Bharalu, Dikrong, Gai Nadi, Digaru, Digboi, Dikhow, Kaljani, Gabharu, Tocklai, Tunia, Larsing, Dhateshwari, Demow, Borsila, Barak, Dibang, Dihing, Senki, Dorika, Subansiri, Siang, Baralia, Tihu, Singra, Damring, Manda, Dikchu, Dzu, Kha Ru, Dzucha, Torsa, Beki, Bereng, Bhogdoi, Jhanji, Jia Bharali, Sankosh, Sanuo Ru, Boginadi, Rilang, Myntang, Tlawng, Tuirial, Serlui, Vaipuanpho, Tuikual, Sakhisih, Damdiai, Chite, Tuirini, Tuivawl, Lawibual, Challui, Mat, Siakah, Chhimtuipui, Tuikum, Sesah, Phe, Teirei, Tut, Tuichhuahen, Tiau, Tuipui, Nongal, Simsang, Ganol, Damring, Waikhrwi, Kwai, Teirei, Khawthlangtuipui, Ngengpui Stream, Vantawng, Sderkariah, Laitryngew, Wahkhlek Khlek, Wahrew, Umngi, Rwiang, Kalipai, Kmai Um, Lukha, Myntdu, Lamu, Lynriang, Thlu Umwi, Simsang, Teesta, Sonai, Ranganadi, Rangit, Ranichu, Kapili, Karola, Kathakal, Kharsang, Kohora, Kolong, Kundli, Kushiara, Manu, Nonbah, Kynshi, Wah Blei, Lohit, Manas, Maney Khola, Ganol Tura, Milak, Namchik, Noa Dihing, Pachin, Pagldia, Panchnoi, Poma, Yomgo And Mora",7.35,140.0,2.45,6.6,1.3,KAPILI,2022-06-30
2022,2523,"RIVER KAROLA, D/S OF JALPAIGURI, NEAR MIN BHAWAN, JALPAIGURI",WEST BENGAL,"Tributary Streams - Burhidihing, Dhansiri, Bharalu, Dikrong, Gai Nadi, Digaru, Digboi, Dikhow, Kaljani, Gabharu, Tocklai, Tunia, Larsing, Dhateshwari, Demow, Borsila, Barak, Dibang, Dihing, Senki, Dorika, Subansiri, Siang, Baralia, Tihu, Singra, Damring, Manda, Dikchu, Dzu, Kha Ru, Dzucha, Torsa, Beki, Bereng, Bhogdoi, Jhanji, Jia Bharali, Sankosh, Sanuo Ru, Boginadi, Rilang, Myntang, Tlawng, Tuirial, Serlui, Vaipuanpho, Tuikual, Sakhisih, Damdiai, Chite, Tuirini, Tuivawl, Lawibual, Challui, Mat, Siakah, Chhimtuipui, Tuikum, Sesah, Phe, Teirei, Tut, Tuichhuahen, Tiau, Tuipui, Nongal, Simsang, Ganol, Damring, Waikhrwi, Kwai, Teirei, Khawthlangtuipui, Ngengpui Stream, Vantawng, Sderkariah, Laitryngew, Wahkhlek Khlek, Wahrew, Umngi, Rwiang, Kalipai, Kmai Um, Lukha, Myntdu, Lamu, Lynriang, Thlu Umwi, Simsang, Teesta, Sonai, Ranganadi, Rangit, Ranichu, Kapili, Karola, Kathakal, Kharsang, Kohora, Kolong, Kundli, Kushiara, Manu, Nonbah, Kynshi, Wah Blei, Lohit, Manas, Maney Khola, Ganol Tura, Milak, Namchik, Noa Dihing, Pachin, Pagldia, Panchnoi, Poma, Yomgo And Mora",7.154999999999999,96.5,1.75,7.2,,"Burhidihing, Dhansiri, Bharalu, Dikrong, Gai Nadi, Digaru, Digboi, Dikhow, Kaljani, Gabharu, Tocklai, Tunia, Larsing, Dhateshwari, Demow, Borsila, Barak, Dibang, Dihing, Senki, Dorika, Subansiri, Siang, Baralia, Tihu, Singra, Damring, Manda, Dikchu, Dzu, Kha Ru, Dzucha, Torsa, Beki, Bereng, Bhogdoi, Jhanji, Jia Bharali, Sankosh, Sanuo Ru, Boginadi, Rilang, Myntang, Tlawng, Tuirial, Serlui, Vaipuanpho, Tuikual, Sakhisih, Damdiai, Chite, Tuirini, Tuivawl, Lawibual, Challui, Mat, Siakah, Chhimtuipui, Tuikum, Sesah, Phe, Teirei, Tut, Tuichhuahen, Tiau, Tuipui, Nongal, Simsang, Ganol, Damring, Waikhrwi, Kwai, Teirei, Khawthlangtuipui, Ngengpui Stream, Vantawng, Sderkariah, Laitryngew, Wahkhlek Khlek, Wahrew, Umngi, Rwiang, Kalipai, Kmai Um, Lukha, Myntdu, Lamu, Lynriang, Thlu Umwi, Simsang, Teesta, Sonai, Ranganadi, Rangit, Ranichu, Kapili, Karola, Kathakal, Kharsang, Kohora, Kolong, Kundli, Kushiara, Manu, Nonbah, Kynshi, Wah Blei, Lohit, Manas, Maney Khola, Ganol Tura, Milak, Namchik, Noa Dihing, Pachin, Pagldia, Panchnoi, Poma, Yomgo And Mora",2022-06-30
2022,2068,"RIVER KATHAKAL U/S AT MATIJURI, DIST. HAILAKANDI, ASSAM",ASSAM,"Tributary Streams - Burhidihing, Dhansiri, Bharalu, Dikrong, Gai Nadi, Digaru, Digboi, Dikhow, Kaljani, Gabharu, Tocklai, Tunia, Larsing, Dhateshwari, Demow, Borsila, Barak, Dibang, Dihing, Senki, Dorika, Subansiri, Siang, Baralia, Tihu, Singra, Damring, Manda, Dikchu, Dzu, Kha Ru, Dzucha, Torsa, Beki, Bereng, Bhogdoi, Jhanji, Jia Bharali, Sankosh, Sanuo Ru, Boginadi, Rilang, Myntang, Tlawng, Tuirial, Serlui, Vaipuanpho, Tuikual, Sakhisih, Damdiai, Chite, Tuirini, Tuivawl, Lawibual, Challui, Mat, Siakah, Chhimtuipui, Tuikum, Sesah, Phe, Teirei, Tut, Tuichhuahen, Tiau, Tuipui, Nongal, Simsang, Ganol, Damring, Waikhrwi, Kwai, Teirei, Khawthlangtuipui, Ngengpui Stream, Vantawng, Sderkariah, Laitryngew, Wahkhlek Khlek, Wahrew, Umngi, Rwiang, Kalipai, Kmai Um, Lukha, Myntdu, Lamu, Lynriang, Thlu Umwi, Simsang, Teesta, Sonai, Ranganadi, Rangit, Ranichu, Kapili, Karola, Kathakal, Kharsang, Kohora, Kolong, Kundli, Kushiara, Manu, Nonbah, Kynshi, Wah Blei, Lohit, Manas, Maney Khola, Ganol Tura, Milak, Namchik, Noa Dihing, Pachin, Pagldia, Panchnoi, Poma, Yomgo And Mora",7.1,109.0,2.35,5.6,1.0,KATHAKAL,2022-06-30
2022,2061,"RIVER KHARSANG B/C WITH BURIDIHING NEAR KHARSANG (ASSAM-ARUNANCHAL BORDER), ASSAM",ASSAM,"Tributary Streams - Burhidihing, Dhansiri, Bharalu, Dikrong, Gai Nadi, Digaru, Digboi, Dikhow, Kaljani, Gabharu, Tocklai, Tunia, Larsing, Dhateshwari, Demow, Borsila, Barak, Dibang, Dihing, Senki, Dorika, Subansiri, Siang, Baralia, Tihu, Singra, Damring, Manda, Dikchu, Dzu, Kha Ru, Dzucha, Torsa, Beki, Bereng, Bhogdoi, Jhanji, Jia Bharali, Sankosh, Sanuo Ru, Boginadi, Rilang, Myntang, Tlawng, Tuirial, Serlui, Vaipuanpho, Tuikual, Sakhisih, Damdiai, Chite, Tuirini, Tuivawl, Lawibual, Challui, Mat, Siakah, Chhimtuipui, Tuikum, Sesah, Phe, Teirei, Tut, Tuichhuahen, Tiau, Tuipui, Nongal, Simsang, Ganol, Damring, Waikhrwi, Kwai, Teirei, Khawthlangtuipui, Ngengpui Stream, Vantawng, Sderkariah, Laitryngew, Wahkhlek Khlek, Wahrew, Umngi, Rwiang, Kalipai, Kmai Um, Lukha, Myntdu, Lamu, Lynriang, Thlu Umwi, Simsang, Teesta, Sonai, Ranganadi, Rangit, Ranichu, Kapili, Karola, Kathakal, Kharsang, Kohora, Kolong, Kundli, Kushiara, Manu, Nonbah, Kynshi, Wah Blei, Lohit, Manas, Maney Khola, Ganol Tura, Milak, Namchik, Noa Dihing, Pachin, Pagldia, Panchnoi, Poma, Yomgo And Mora",7.199999999999999,161.5,2.25,7.15,0.95,KHARSANG B/C WITH BURIDIHING,2022-06-30
2022,2232,"RIVER KOHORA AT N.H. CROSSING, KOHORA, ASSAM (BRAHMAPUTRA)",ASSAM,"Tributary Streams - Burhidihing, Dhansiri, Bharalu, Dikrong, Gai Nadi, Digaru, Digboi, Dikhow, Kaljani, Gabharu, Tocklai, Tunia, Larsing, Dhateshwari, Demow, Borsila, Barak, Dibang, Dihing, Senki, Dorika, Subansiri, Siang, Baralia, Tihu, Singra, Damring, Manda, Dikchu, Dzu, Kha Ru, Dzucha, Torsa, Beki, Bereng, Bhogdoi, Jhanji, Jia Bharali, Sankosh, Sanuo Ru, Boginadi, Rilang, Myntang, Tlawng, Tuirial, Serlui, Vaipuanpho, Tuikual, Sakhisih, Damdiai, Chite, Tuirini, Tuivawl, Lawibual, Challui, Mat, Siakah, Chhimtuipui, Tuikum, Sesah, Phe, Teirei, Tut, Tuichhuahen, Tiau, Tuipui, Nongal, Simsang, Ganol, Damring, Waikhrwi, Kwai, Teirei, Khawthlangtuipui, Ngengpui Stream, Vantawng, Sderkariah, Laitryngew, Wahkhlek Khlek, Wahrew, Umngi, Rwiang, Kalipai, Kmai Um, Lukha, Myntdu, Lamu, Lynriang, Thlu Umwi, Simsang, Teesta, Sonai, Ranganadi, Rangit, Ranichu, Kapili, Karola, Kathakal, Kharsang, Kohora, Kolong, Kundli, Kushiara, Manu, Nonbah, Kynshi, Wah Blei, Lohit, Manas, Maney Khola, Ganol Tura, Milak, Namchik, Noa Dihing, Pachin, Pagldia, Panchnoi, Poma, Yomgo And Mora",7.0,190.0,2.4,5.699999999999999,1.4,KOHORA,2022-06-30
2022,2059,"RIVER KOLONG AT MARIGAON, ASSAM",ASSAM,"Tributary Streams - Burhidihing, Dhansiri, Bharalu, Dikrong, Gai Nadi, Digaru, Digboi, Dikhow, Kaljani, Gabharu, Tocklai, Tunia, Larsing, Dhateshwari, Demow, Borsila, Barak, Dibang, Dihing, Senki, Dorika, Subansiri, Siang, Baralia, Tihu, Singra, Damring, Manda, Dikchu, Dzu, Kha Ru, Dzucha, Torsa, Beki, Bereng, Bhogdoi, Jhanji, Jia Bharali, Sankosh, Sanuo Ru, Boginadi, Rilang, Myntang, Tlawng, Tuirial, Serlui, Vaipuanpho, Tuikual, Sakhisih, Damdiai, Chite, Tuirini, Tuivawl, Lawibual, Challui, Mat, Siakah, Chhimtuipui, Tuikum, Sesah, Phe, Teirei, Tut, Tuichhuahen, Tiau, Tuipui, Nongal, Simsang, Ganol, Damring, Waikhrwi, Kwai, Teirei, Khawthlangtuipui, Ngengpui Stream, Vantawng, Sderkariah, Laitryngew, Wahkhlek Khlek, Wahrew, Umngi, Rwiang, Kalipai, Kmai Um, Lukha, Myntdu, Lamu, Lynriang, Thlu Umwi, Simsang, Teesta, Sonai, Ranganadi, Rangit, Ranichu, Kapili, Karola, Kathakal, Kharsang, Kohora, Kolong, Kundli, Kushiara, Manu, Nonbah, Kynshi, Wah Blei, Lohit, Manas, Maney Khola, Ganol Tura, Milak, Namchik, Noa Dihing, Pachin, Pagldia, Panchnoi, Poma, Yomgo And Mora",7.0,178.0,2.5,6.7,1.1,KOLONG,2022-06-30
2022,2237,"RIVER KOLONG AT U/S OF ANANDARAM DEKIAL PHUKAN BRIDGE, NAGAON",ASSAM,"Tributary Streams - Burhidihing, Dhansiri, Bharalu, Dikrong, Gai Nadi, Digaru, Digboi, Dikhow, Kaljani, Gabharu, Tocklai, Tunia, Larsing, Dhateshwari, Demow, Borsila, Barak, Dibang, Dihing, Senki, Dorika, Subansiri, Siang, Baralia, Tihu, Singra, Damring, Manda, Dikchu, Dzu, Kha Ru, Dzucha, Torsa, Beki, Bereng, Bhogdoi, Jhanji, Jia Bharali, Sankosh, Sanuo Ru, Boginadi, Rilang, Myntang, Tlawng, Tuirial, Serlui, Vaipuanpho, Tuikual, Sakhisih, Damdiai, Chite, Tuirini, Tuivawl, Lawibual, Challui, Mat, Siakah, Chhimtuipui, Tuikum, Sesah, Phe, Teirei, Tut, Tuichhuahen, Tiau, Tuipui, Nongal, Simsang, Ganol, Damring, Waikhrwi, Kwai, Teirei, Khawthlangtuipui, Ngengpui Stream, Vantawng, Sderkariah, Laitryngew, Wahkhlek Khlek, Wahrew, Umngi, Rwiang, Kalipai, Kmai Um, Lukha, Myntdu, Lamu, Lynriang, Thlu Umwi, Simsang, Teesta, Sonai, Ranganadi, Rangit, Ranichu, Kapili, Karola, Kathakal, Kharsang, Kohora, Kolong, Kundli, Kushiara, Manu, Nonbah, Kynshi, Wah Blei, Lohit, Manas, Maney Khola, Ganol Tura, Milak, Namchik, Noa Dihing, Pachin, Pagldia, Panchnoi, Poma, Yomgo And Mora",7.199999999999999,156.5,2.3,6.75,1.3,KOLONG,2022-06-30
2022,2229,"RIVER KUNDLI AT KUNDLI/ SAPAKHOWA, SADIA, ASSAM",ASSAM,"Tributary Streams - Burhidihing, Dhansiri, Bharalu, Dikrong, Gai Nadi, Digaru, Digboi, Dikhow, Kaljani, Gabharu, Tocklai, Tunia, Larsing, Dhateshwari, Demow, Borsila, Barak, Dibang, Dihing, Senki, Dorika, Subansiri, Siang, Baralia, Tihu, Singra, Damring, Manda, Dikchu, Dzu, Kha Ru, Dzucha, Torsa, Beki, Bereng, Bhogdoi, Jhanji, Jia Bharali, Sankosh, Sanuo Ru, Boginadi, Rilang, Myntang, Tlawng, Tuirial, Serlui, Vaipuanpho, Tuikual, Sakhisih, Damdiai, Chite, Tuirini, Tuivawl, Lawibual, Challui, Mat, Siakah, Chhimtuipui, Tuikum, Sesah, Phe, Teirei, Tut, Tuichhuahen, Tiau, Tuipui, Nongal, Simsang, Ganol, Damring, Waikhrwi, Kwai, Teirei, Khawthlangtuipui, Ngengpui Stream, Vantawng, Sderkariah, Laitryngew, Wahkhlek Khlek, Wahrew, Umngi, Rwiang, Kalipai, Kmai Um, Lukha, Myntdu, Lamu, Lynriang, Thlu Umwi, Simsang, Teesta, Sonai, Ranganadi, Rangit, Ranichu, Kapili, Karola, Kathakal, Kharsang, Kohora, Kolong, Kundli, Kushiara, Manu, Nonbah, Kynshi, Wah Blei, Lohit, Manas, Maney Khola, Ganol Tura, Milak, Namchik, Noa Dihing, Pachin, Pagldia, Panchnoi, Poma, Yomgo And Mora",7.45,185.0,2.4000000000000004,8.4,1.25,KUNDLI,2022-06-30
2022,2242,"RIVER KUSHIARA AT KARIMGANJ, ASSAM",ASSAM,"Tributary Streams - Burhidihing, Dhansiri, Bharalu, Dikrong, Gai Nadi, Digaru, Digboi, Dikhow, Kaljani, Gabharu, Tocklai, Tunia, Larsing, Dhateshwari, Demow, Borsila, Barak, Dibang, Dihing, Senki, Dorika, Subansiri, Siang, Baralia, Tihu, Singra, Damring, Manda, Dikchu, Dzu, Kha Ru, Dzucha, Torsa, Beki, Bereng, Bhogdoi, Jhanji, Jia Bharali, Sankosh, Sanuo Ru, Boginadi, Rilang, Myntang, Tlawng, Tuirial, Serlui, Vaipuanpho, Tuikual, Sakhisih, Damdiai, Chite, Tuirini, Tuivawl, Lawibual, Challui, Mat, Siakah, Chhimtuipui, Tuikum, Sesah, Phe, Teirei, Tut, Tuichhuahen, Tiau, Tuipui, Nongal, Simsang, Ganol, Damring, Waikhrwi, Kwai, Teirei, Khawthlangtuipui, Ngengpui Stream, Vantawng, Sderkariah, Laitryngew, Wahkhlek Khlek, Wahrew, Umngi, Rwiang, Kalipai, Kmai Um, Lukha, Myntdu, Lamu, Lynriang, Thlu Umwi, Simsang, Teesta, Sonai, Ranganadi, Rangit, Ranichu, Kapili, Karola, Kathakal, Kharsang, Kohora, Kolong, Kundli, Kushiara, Manu, Nonbah, Kynshi, Wah Blei, Lohit, Manas, Maney Khola, Ganol Tura, Milak, Namchik, Noa Dihing, Pachin, Pagldia, Panchnoi, Poma, Yomgo And Mora",7.15,108.5,2.3,5.95,0.8,KUSHIARA,2022-06-30
2022,3417,"RIVER MANU AT MANUGHAT, CONFL POINT OF CHAWMANU CHARRA & MANU RIVER, DHALAI",TRIPURA,"Tributary Streams - Burhidihing, Dhansiri, Bharalu, Dikrong, Gai Nadi, Digaru, Digboi, Dikhow, Kaljani, Gabharu, Tocklai, Tunia, Larsing, Dhateshwari, Demow, Borsila, Barak, Dibang, Dihing, Senki, Dorika, Subansiri, Siang, Baralia, Tihu, Singra, Damring, Manda, Dikchu, Dzu, Kha Ru, Dzucha, Torsa, Beki, Bereng, Bhogdoi, Jhanji, Jia Bharali, Sankosh, Sanuo Ru, Boginadi, Rilang, Myntang, Tlawng, Tuirial, Serlui, Vaipuanpho, Tuikual, Sakhisih, Damdiai, Chite, Tuirini, Tuivawl, Lawibual, Challui, Mat, Siakah, Chhimtuipui, Tuikum, Sesah, Phe, Teirei, Tut, Tuichhuahen, Tiau, Tuipui, Nongal, Simsang, Ganol, Damring, Waikhrwi, Kwai, Teirei, Khawthlangtuipui, Ngengpui Stream, Vantawng, Sderkariah, Laitryngew, Wahkhlek Khlek, Wahrew, Umngi, Rwiang, Kalipai, Kmai Um, Lukha, Myntdu, Lamu, Lynriang, Thlu Umwi, Simsang, Teesta, Sonai, Ranganadi, Rangit, Ranichu, Kapili, Karola, Kathakal, Kharsang, Kohora, Kolong, Kundli, Kushiara, Manu, Nonbah, Kynshi, Wah Blei, Lohit, Manas, Maney Khola, Ganol Tura, Milak, Namchik, Noa Dihing, Pachin, Pagldia, Panchnoi, Poma, Yomgo And Mora",7.375,161.5,1.5499999999999998,5.9,1.25,MANU,2022-06-30
2022,3418,"RIVER MANU AT KAILASHAHAR D/S, NORTH TRIPURA",TRIPURA,"Tributary Streams - Burhidihing, Dhansiri, Bharalu, Dikrong, Gai Nadi, Digaru, Digboi, Dikhow, Kaljani, Gabharu, Tocklai, Tunia, Larsing, Dhateshwari, Demow, Borsila, Barak, Dibang, Dihing, Senki, Dorika, Subansiri, Siang, Baralia, Tihu, Singra, Damring, Manda, Dikchu, Dzu, Kha Ru, Dzucha, Torsa, Beki, Bereng, Bhogdoi, Jhanji, Jia Bharali, Sankosh, Sanuo Ru, Boginadi, Rilang, Myntang, Tlawng, Tuirial, Serlui, Vaipuanpho, Tuikual, Sakhisih, Damdiai, Chite, Tuirini, Tuivawl, Lawibual, Challui, Mat, Siakah, Chhimtuipui, Tuikum, Sesah, Phe, Teirei, Tut, Tuichhuahen, Tiau, Tuipui, Nongal, Simsang, Ganol, Damring, Waikhrwi, Kwai, Teirei, Khawthlangtuipui, Ngengpui Stream, Vantawng, Sderkariah, Laitryngew, Wahkhlek Khlek, Wahrew, Umngi, Rwiang, Kalipai, Kmai Um, Lukha, Myntdu, Lamu, Lynriang, Thlu Umwi, Simsang, Teesta, Sonai, Ranganadi, Rangit, Ranichu, Kapili, Karola, Kathakal, Kharsang, Kohora, Kolong, Kundli, Kushiara, Manu, Nonbah, Kynshi, Wah Blei, Lohit, Manas, Maney Khola, Ganol Tura, Milak, Namchik, Noa Dihing, Pachin, Pagldia, Panchnoi, Poma, Yomgo And Mora",7.385,169.0,1.5499999999999998,5.85,1.5999999999999999,MANU,2022-06-30
2022,3419,"RIVER MANU AT KUMARGHAT, NORTH TRIPURA",TRIPURA,"Tributary Streams - Burhidihing, Dhansiri, Bharalu, Dikrong, Gai Nadi, Digaru, Digboi, Dikhow, Kaljani, Gabharu, Tocklai, Tunia, Larsing, Dhateshwari, Demow, Borsila, Barak, Dibang, Dihing, Senki, Dorika, Subansiri, Siang, Baralia, Tihu, Singra, Damring, Manda, Dikchu, Dzu, Kha Ru, Dzucha, Torsa, Beki, Bereng, Bhogdoi, Jhanji, Jia Bharali, Sankosh, Sanuo Ru, Boginadi, Rilang, Myntang, Tlawng, Tuirial, Serlui, Vaipuanpho, Tuikual, Sakhisih, Damdiai, Chite, Tuirini, Tuivawl, Lawibual, Challui, Mat, Siakah, Chhimtuipui, Tuikum, Sesah, Phe, Teirei, Tut, Tuichhuahen, Tiau, Tuipui, Nongal, Simsang, Ganol, Damring, Waikhrwi, Kwai, Teirei, Khawthlangtuipui, Ngengpui Stream, Vantawng, Sderkariah, Laitryngew, Wahkhlek Khlek, Wahrew, Umngi, Rwiang, Kalipai, Kmai Um, Lukha, Myntdu, Lamu, Lynriang, Thlu Umwi, Simsang, Teesta, Sonai, Ranganadi, Rangit, Ranichu, Kapili, Karola, Kathakal, Kharsang, Kohora, Kolong, Kundli, Kushiara, Manu, Nonbah, Kynshi, Wah Blei, Lohit, Manas, Maney Khola, Ganol Tura, Milak, Namchik, Noa Dihing, Pachin, Pagldia, Panchnoi, Poma, Yomgo And Mora",7.425,170.0,1.6,5.800000000000001,1.4500000000000002,MANU,2022-06-30
2022,3367,RIVER NONBAH AT NANGSTOIN MARKET,MEGHALAYA,"Tributary Streams - Burhidihing, Dhansiri, Bharalu, Dikrong, Gai Nadi, Digaru, Digboi, Dikhow, Kaljani, Gabharu, Tocklai, Tunia, Larsing, Dhateshwari, Demow, Borsila, Barak, Dibang, Dihing, Senki, Dorika, Subansiri, Siang, Baralia, Tihu, Singra, Damring, Manda, Dikchu, Dzu, Kha Ru, Dzucha, Torsa, Beki, Bereng, Bhogdoi, Jhanji, Jia Bharali, Sankosh, Sanuo Ru, Boginadi, Rilang, Myntang, Tlawng, Tuirial, Serlui, Vaipuanpho, Tuikual, Sakhisih, Damdiai, Chite, Tuirini, Tuivawl, Lawibual, Challui, Mat, Siakah, Chhimtuipui, Tuikum, Sesah, Phe, Teirei, Tut, Tuichhuahen, Tiau, Tuipui, Nongal, Simsang, Ganol, Damring, Waikhrwi, Kwai, Teirei, Khawthlangtuipui, Ngengpui Stream, Vantawng, Sderkariah, Laitryngew, Wahkhlek Khlek, Wahrew, Umngi, Rwiang, Kalipai, Kmai Um, Lukha, Myntdu, Lamu, Lynriang, Thlu Umwi, Simsang, Teesta, Sonai, Ranganadi, Rangit, Ranichu, Kapili, Karola, Kathakal, Kharsang, Kohora, Kolong, Kundli, Kushiara, Manu, Nonbah, Kynshi, Wah Blei, Lohit, Manas, Maney Khola, Ganol Tura, Milak, Namchik, Noa Dihing, Pachin, Pagldia, Panchnoi, Poma, Yomgo And Mora",7.0,49.5,1.95,7.5,0.64,NONBAH,2022-06-30
2022,3368,RIVER NONBAH AT PHOTSOHSAT,MEGHALAYA,"Tributary Streams - Burhidihing, Dhansiri, Bharalu, Dikrong, Gai Nadi, Digaru, Digboi, Dikhow, Kaljani, Gabharu, Tocklai, Tunia, Larsing, Dhateshwari, Demow, Borsila, Barak, Dibang, Dihing, Senki, Dorika, Subansiri, Siang, Baralia, Tihu, Singra, Damring, Manda, Dikchu, Dzu, Kha Ru, Dzucha, Torsa, Beki, Bereng, Bhogdoi, Jhanji, Jia Bharali, Sankosh, Sanuo Ru, Boginadi, Rilang, Myntang, Tlawng, Tuirial, Serlui, Vaipuanpho, Tuikual, Sakhisih, Damdiai, Chite, Tuirini, Tuivawl, Lawibual, Challui, Mat, Siakah, Chhimtuipui, Tuikum, Sesah, Phe, Teirei, Tut, Tuichhuahen, Tiau, Tuipui, Nongal, Simsang, Ganol, Damring, Waikhrwi, Kwai, Teirei, Khawthlangtuipui, Ngengpui Stream, Vantawng, Sderkariah, Laitryngew, Wahkhlek Khlek, Wahrew, Umngi, Rwiang, Kalipai, Kmai Um, Lukha, Myntdu, Lamu, Lynriang, Thlu Umwi, Simsang, Teesta, Sonai, Ranganadi, Rangit, Ranichu, Kapili, Karola, Kathakal, Kharsang, Kohora, Kolong, Kundli, Kushiara, Manu, Nonbah, Kynshi, Wah Blei, Lohit, Manas, Maney Khola, Ganol Tura, Milak, Namchik, Noa Dihing, Pachin, Pagldia, Panchnoi, Poma, Yomgo And Mora",6.949999999999999,40.0,1.15,7.65,0.495,NONBAH,2022-06-30
2022,3369,RIVER KYNSHI AT SOHIONG,MEGHALAYA,"Tributary Streams - Burhidihing, Dhansiri, Bharalu, Dikrong, Gai Nadi, Digaru, Digboi, Dikhow, Kaljani, Gabharu, Tocklai, Tunia, Larsing, Dhateshwari, Demow, Borsila, Barak, Dibang, Dihing, Senki, Dorika, Subansiri, Siang, Baralia, Tihu, Singra, Damring, Manda, Dikchu, Dzu, Kha Ru, Dzucha, Torsa, Beki, Bereng, Bhogdoi, Jhanji, Jia Bharali, Sankosh, Sanuo Ru, Boginadi, Rilang, Myntang, Tlawng, Tuirial, Serlui, Vaipuanpho, Tuikual, Sakhisih, Damdiai, Chite, Tuirini, Tuivawl, Lawibual, Challui, Mat, Siakah, Chhimtuipui, Tuikum, Sesah, Phe, Teirei, Tut, Tuichhuahen, Tiau, Tuipui, Nongal, Simsang, Ganol, Damring, Waikhrwi, Kwai, Teirei, Khawthlangtuipui, Ngengpui Stream, Vantawng, Sderkariah, Laitryngew, Wahkhlek Khlek, Wahrew, Umngi, Rwiang, Kalipai, Kmai Um, Lukha, Myntdu, Lamu, Lynriang, Thlu Umwi, Simsang, Teesta, Sonai, Ranganadi, Rangit, Ranichu, Kapili, Karola, Kathakal, Kharsang, Kohora, Kolong, Kundli, Kushiara, Manu, Nonbah, Kynshi, Wah Blei, Lohit, Manas, Maney Khola, Ganol Tura, Milak, Namchik, Noa Dihing, Pachin, Pagldia, Panchnoi, Poma, Yomgo And Mora",6.9,38.0,1.35,7.7,0.595,KYNSHI,2022-06-30
2022,3370,RIVER KYNSHI AT NANGKHNUM,MEGHALAYA,"Tributary Streams - Burhidihing, Dhansiri, Bharalu, Dikrong, Gai Nadi, Digaru, Digboi, Dikhow, Kaljani, Gabharu, Tocklai, Tunia, Larsing, Dhateshwari, Demow, Borsila, Barak, Dibang, Dihing, Senki, Dorika, Subansiri, Siang, Baralia, Tihu, Singra, Damring, Manda, Dikchu, Dzu, Kha Ru, Dzucha, Torsa, Beki, Bereng, Bhogdoi, Jhanji, Jia Bharali, Sankosh, Sanuo Ru, Boginadi, Rilang, Myntang, Tlawng, Tuirial, Serlui, Vaipuanpho, Tuikual, Sakhisih, Damdiai, Chite, Tuirini, Tuivawl, Lawibual, Challui, Mat, Siakah, Chhimtuipui, Tuikum, Sesah, Phe, Teirei, Tut, Tuichhuahen, Tiau, Tuipui, Nongal, Simsang, Ganol, Damring, Waikhrwi, Kwai, Teirei, Khawthlangtuipui, Ngengpui Stream, Vantawng, Sderkariah, Laitryngew, Wahkhlek Khlek, Wahrew, Umngi, Rwiang, Kalipai, Kmai Um, Lukha, Myntdu, Lamu, Lynriang, Thlu Umwi, Simsang, Teesta, Sonai, Ranganadi, Rangit, Ranichu, Kapili, Karola, Kathakal, Kharsang, Kohora, Kolong, Kundli, Kushiara, Manu, Nonbah, Kynshi, Wah Blei, Lohit, Manas, Maney Khola, Ganol Tura, Milak, Namchik, Noa Dihing, Pachin, Pagldia, Panchnoi, Poma, Yomgo And Mora",7.050000000000001,39.5,1.2000000000000002,7.9,0.61,KYNSHI,2022-06-30
2022,3371,RIVER KYNSHI AT RANIKOR,MEGHALAYA,"Tributary Streams - Burhidihing, Dhansiri, Bharalu, Dikrong, Gai Nadi, Digaru, Digboi, Dikhow, Kaljani, Gabharu, Tocklai, Tunia, Larsing, Dhateshwari, Demow, Borsila, Barak, Dibang, Dihing, Senki, Dorika, Subansiri, Siang, Baralia, Tihu, Singra, Damring, Manda, Dikchu, Dzu, Kha Ru, Dzucha, Torsa, Beki, Bereng, Bhogdoi, Jhanji, Jia Bharali, Sankosh, Sanuo Ru, Boginadi, Rilang, Myntang, Tlawng, Tuirial, Serlui, Vaipuanpho, Tuikual, Sakhisih, Damdiai, Chite, Tuirini, Tuivawl, Lawibual, Challui, Mat, Siakah, Chhimtuipui, Tuikum, Sesah, Phe, Teirei, Tut, Tuichhuahen, Tiau, Tuipui, Nongal, Simsang, Ganol, Damring, Waikhrwi, Kwai, Teirei, Khawthlangtuipui, Ngengpui Stream, Vantawng, Sderkariah, Laitryngew, Wahkhlek Khlek, Wahrew, Umngi, Rwiang, Kalipai, Kmai Um, Lukha, Myntdu, Lamu, Lynriang, Thlu Umwi, Simsang, Teesta, Sonai, Ranganadi, Rangit, Ranichu, Kapili, Karola, Kathakal, Kharsang, Kohora, Kolong, Kundli, Kushiara, Manu, Nonbah, Kynshi, Wah Blei, Lohit, Manas, Maney Khola, Ganol Tura, Milak, Namchik, Noa Dihing, Pachin, Pagldia, Panchnoi, Poma, Yomgo And Mora",6.65,74.0,1.4500000000000002,7.75,0.37,KYNSHI,2022-06-30
2022,3373,"RIVER WAH BLEI AT RIANGDO,",MEGHALAYA,"Tributary Streams - Burhidihing, Dhansiri, Bharalu, Dikrong, Gai Nadi, Digaru, Digboi, Dikhow, Kaljani, Gabharu, Tocklai, Tunia, Larsing, Dhateshwari, Demow, Borsila, Barak, Dibang, Dihing, Senki, Dorika, Subansiri, Siang, Baralia, Tihu, Singra, Damring, Manda, Dikchu, Dzu, Kha Ru, Dzucha, Torsa, Beki, Bereng, Bhogdoi, Jhanji, Jia Bharali, Sankosh, Sanuo Ru, Boginadi, Rilang, Myntang, Tlawng, Tuirial, Serlui, Vaipuanpho, Tuikual, Sakhisih, Damdiai, Chite, Tuirini, Tuivawl, Lawibual, Challui, Mat, Siakah, Chhimtuipui, Tuikum, Sesah, Phe, Teirei, Tut, Tuichhuahen, Tiau, Tuipui, Nongal, Simsang, Ganol, Damring, Waikhrwi, Kwai, Teirei, Khawthlangtuipui, Ngengpui Stream, Vantawng, Sderkariah, Laitryngew, Wahkhlek Khlek, Wahrew, Umngi, Rwiang, Kalipai, Kmai Um, Lukha, Myntdu, Lamu, Lynriang, Thlu Umwi, Simsang, Teesta, Sonai, Ranganadi, Rangit, Ranichu, Kapili, Karola, Kathakal, Kharsang, Kohora, Kolong, Kundli, Kushiara, Manu, Nonbah, Kynshi, Wah Blei, Lohit, Manas, Maney Khola, Ganol Tura, Milak, Namchik, Noa Dihing, Pachin, Pagldia, Panchnoi, Poma, Yomgo And Mora",6.85,47.5,1.25,7.55,0.565,WAH BLEI,2022-06-30
2022,3374,"RIVER WAH BLEI AT SDAD DKHAR,",MEGHALAYA,"Tributary Streams - Burhidihing, Dhansiri, Bharalu, Dikrong, Gai Nadi, Digaru, Digboi, Dikhow, Kaljani, Gabharu, Tocklai, Tunia, Larsing, Dhateshwari, Demow, Borsila, Barak, Dibang, Dihing, Senki, Dorika, Subansiri, Siang, Baralia, Tihu, Singra, Damring, Manda, Dikchu, Dzu, Kha Ru, Dzucha, Torsa, Beki, Bereng, Bhogdoi, Jhanji, Jia Bharali, Sankosh, Sanuo Ru, Boginadi, Rilang, Myntang, Tlawng, Tuirial, Serlui, Vaipuanpho, Tuikual, Sakhisih, Damdiai, Chite, Tuirini, Tuivawl, Lawibual, Challui, Mat, Siakah, Chhimtuipui, Tuikum, Sesah, Phe, Teirei, Tut, Tuichhuahen, Tiau, Tuipui, Nongal, Simsang, Ganol, Damring, Waikhrwi, Kwai, Teirei, Khawthlangtuipui, Ngengpui Stream, Vantawng, Sderkariah, Laitryngew, Wahkhlek Khlek, Wahrew, Umngi, Rwiang, Kalipai, Kmai Um, Lukha, Myntdu, Lamu, Lynriang, Thlu Umwi, Simsang, Teesta, Sonai, Ranganadi, Rangit, Ranichu, Kapili, Karola, Kathakal, Kharsang, Kohora, Kolong, Kundli, Kushiara, Manu, Nonbah, Kynshi, Wah Blei, Lohit, Manas, Maney Khola, Ganol Tura, Milak, Namchik, Noa Dihing, Pachin, Pagldia, Panchnoi, Poma, Yomgo And Mora",6.7,102.5,1.3,7.9,0.665,WAH BLEI,2022-06-30
2022,3099,RIVER LOHIT AT ALUBARI (D/S),ARUNACHAL PRADESH,"Tributary Streams - Burhidihing, Dhansiri, Bharalu, Dikrong, Gai Nadi, Digaru, Digboi, Dikhow, Kaljani, Gabharu, Tocklai, Tunia, Larsing, Dhateshwari, Demow, Borsila, Barak, Dibang, Dihing, Senki, Dorika, Subansiri, Siang, Baralia, Tihu, Singra, Damring, Manda, Dikchu, Dzu, Kha Ru, Dzucha, Torsa, Beki, Bereng, Bhogdoi, Jhanji, Jia Bharali, Sankosh, Sanuo Ru, Boginadi, Rilang, Myntang, Tlawng, Tuirial, Serlui, Vaipuanpho, Tuikual, Sakhisih, Damdiai, Chite, Tuirini, Tuivawl, Lawibual, Challui, Mat, Siakah, Chhimtuipui, Tuikum, Sesah, Phe, Teirei, Tut, Tuichhuahen, Tiau, Tuipui, Nongal, Simsang, Ganol, Damring, Waikhrwi, Kwai, Teirei, Khawthlangtuipui, Ngengpui Stream, Vantawng, Sderkariah, Laitryngew, Wahkhlek Khlek, Wahrew, Umngi, Rwiang, Kalipai, Kmai Um, Lukha, Myntdu, Lamu, Lynriang, Thlu Umwi, Simsang, Teesta, Sonai, Ranganadi, Rangit, Ranichu, Kapili, Karola, Kathakal, Kharsang, Kohora, Kolong, Kundli, Kushiara, Manu, Nonbah, Kynshi, Wah Blei, Lohit, Manas, Maney Khola, Ganol Tura, Milak, Namchik, Noa Dihing, Pachin, Pagldia, Panchnoi, Poma, Yomgo And Mora",7.359999999999999,329.5,1.6,8.850000000000001,,LOHIT,2022-06-30
2022,3797,RIVER MANAS (SANTOSHPUR) NEAR LENGTISINGA,ASSAM,"Tributary Streams - Burhidihing, Dhansiri, Bharalu, Dikrong, Gai Nadi, Digaru, Digboi, Dikhow, Kaljani, Gabharu, Tocklai, Tunia, Larsing, Dhateshwari, Demow, Borsila, Barak, Dibang, Dihing, Senki, Dorika, Subansiri, Siang, Baralia, Tihu, Singra, Damring, Manda, Dikchu, Dzu, Kha Ru, Dzucha, Torsa, Beki, Bereng, Bhogdoi, Jhanji, Jia Bharali, Sankosh, Sanuo Ru, Boginadi, Rilang, Myntang, Tlawng, Tuirial, Serlui, Vaipuanpho, Tuikual, Sakhisih, Damdiai, Chite, Tuirini, Tuivawl, Lawibual, Challui, Mat, Siakah, Chhimtuipui, Tuikum, Sesah, Phe, Teirei, Tut, Tuichhuahen, Tiau, Tuipui, Nongal, Simsang, Ganol, Damring, Waikhrwi, Kwai, Teirei, Khawthlangtuipui, Ngengpui Stream, Vantawng, Sderkariah, Laitryngew, Wahkhlek Khlek, Wahrew, Umngi, Rwiang, Kalipai, Kmai Um, Lukha, Myntdu, Lamu, Lynriang, Thlu Umwi, Simsang, Teesta, Sonai, Ranganadi, Rangit, Ranichu, Kapili, Karola, Kathakal, Kharsang, Kohora, Kolong, Kundli, Kushiara, Manu, Nonbah, Kynshi, Wah Blei, Lohit, Manas, Maney Khola, Ganol Tura, Milak, Namchik, Noa Dihing, Pachin, Pagldia, Panchnoi, Poma, Yomgo And Mora",7.65,145.0,2.45,5.449999999999999,1.0,"Burhidihing, Dhansiri, Bharalu, Dikrong, Gai Nadi, Digaru, Digboi, Dikhow, Kaljani, Gabharu, Tocklai, Tunia, Larsing, Dhateshwari, Demow, Borsila, Barak, Dibang, Dihing, Senki, Dorika, Subansiri, Siang, Baralia, Tihu, Singra, Damring, Manda, Dikchu, Dzu, Kha Ru, Dzucha, Torsa, Beki, Bereng, Bhogdoi, Jhanji, Jia Bharali, Sankosh, Sanuo Ru, Boginadi, Rilang, Myntang, Tlawng, Tuirial, Serlui, Vaipuanpho, Tuikual, Sakhisih, Damdiai, Chite, Tuirini, Tuivawl, Lawibual, Challui, Mat, Siakah, Chhimtuipui, Tuikum, Sesah, Phe, Teirei, Tut, Tuichhuahen, Tiau, Tuipui, Nongal, Simsang, Ganol, Damring, Waikhrwi, Kwai, Teirei, Khawthlangtuipui, Ngengpui Stream, Vantawng, Sderkariah, Laitryngew, Wahkhlek Khlek, Wahrew, Umngi, Rwiang, Kalipai, Kmai Um, Lukha, Myntdu, Lamu, Lynriang, Thlu Umwi, Simsang, Teesta, Sonai, Ranganadi, Rangit, Ranichu, Kapili, Karola, Kathakal, Kharsang, Kohora, Kolong, Kundli, Kushiara, Manu, Nonbah, Kynshi, Wah Blei, Lohit, Manas, Maney Khola, Ganol Tura, Milak, Namchik, Noa Dihing, Pachin, Pagldia, Panchnoi, Poma, Yomgo And Mora",2022-06-30
2022,2060,"RIVER MANAS AT NH-31 CROSSING, BARPETA DISTRICT, ASSAM",ASSAM,"Tributary Streams - Burhidihing, Dhansiri, Bharalu, Dikrong, Gai Nadi, Digaru, Digboi, Dikhow, Kaljani, Gabharu, Tocklai, Tunia, Larsing, Dhateshwari, Demow, Borsila, Barak, Dibang, Dihing, Senki, Dorika, Subansiri, Siang, Baralia, Tihu, Singra, Damring, Manda, Dikchu, Dzu, Kha Ru, Dzucha, Torsa, Beki, Bereng, Bhogdoi, Jhanji, Jia Bharali, Sankosh, Sanuo Ru, Boginadi, Rilang, Myntang, Tlawng, Tuirial, Serlui, Vaipuanpho, Tuikual, Sakhisih, Damdiai, Chite, Tuirini, Tuivawl, Lawibual, Challui, Mat, Siakah, Chhimtuipui, Tuikum, Sesah, Phe, Teirei, Tut, Tuichhuahen, Tiau, Tuipui, Nongal, Simsang, Ganol, Damring, Waikhrwi, Kwai, Teirei, Khawthlangtuipui, Ngengpui Stream, Vantawng, Sderkariah, Laitryngew, Wahkhlek Khlek, Wahrew, Umngi, Rwiang, Kalipai, Kmai Um, Lukha, Myntdu, Lamu, Lynriang, Thlu Umwi, Simsang, Teesta, Sonai, Ranganadi, Rangit, Ranichu, Kapili, Karola, Kathakal, Kharsang, Kohora, Kolong, Kundli, Kushiara, Manu, Nonbah, Kynshi, Wah Blei, Lohit, Manas, Maney Khola, Ganol Tura, Milak, Namchik, Noa Dihing, Pachin, Pagldia, Panchnoi, Poma, Yomgo And Mora",7.65,145.0,2.45,5.35,1.1,MANAS,2022-06-30
2022,1803,"RIVER MANEY KHOLA AT BURTUK NEAR ARMY BASE CAMP, 4 KM U/S OF GANGTOK",SIKKIM,"Tributary Streams - Burhidihing, Dhansiri, Bharalu, Dikrong, Gai Nadi, Digaru, Digboi, Dikhow, Kaljani, Gabharu, Tocklai, Tunia, Larsing, Dhateshwari, Demow, Borsila, Barak, Dibang, Dihing, Senki, Dorika, Subansiri, Siang, Baralia, Tihu, Singra, Damring, Manda, Dikchu, Dzu, Kha Ru, Dzucha, Torsa, Beki, Bereng, Bhogdoi, Jhanji, Jia Bharali, Sankosh, Sanuo Ru, Boginadi, Rilang, Myntang, Tlawng, Tuirial, Serlui, Vaipuanpho, Tuikual, Sakhisih, Damdiai, Chite, Tuirini, Tuivawl, Lawibual, Challui, Mat, Siakah, Chhimtuipui, Tuikum, Sesah, Phe, Teirei, Tut, Tuichhuahen, Tiau, Tuipui, Nongal, Simsang, Ganol, Damring, Waikhrwi, Kwai, Teirei, Khawthlangtuipui, Ngengpui Stream, Vantawng, Sderkariah, Laitryngew, Wahkhlek Khlek, Wahrew, Umngi, Rwiang, Kalipai, Kmai Um, Lukha, Myntdu, Lamu, Lynriang, Thlu Umwi, Simsang, Teesta, Sonai, Ranganadi, Rangit, Ranichu, Kapili, Karola, Kathakal, Kharsang, Kohora, Kolong, Kundli, Kushiara, Manu, Nonbah, Kynshi, Wah Blei, Lohit, Manas, Maney Khola, Ganol Tura, Milak, Namchik, Noa Dihing, Pachin, Pagldia, Panchnoi, Poma, Yomgo And Mora",6.7,187.0,2.4000000000000004,8.6,3.15,MANEY KHOLA,2022-06-30
2022,1804,"RIVER MANEY KHOLA AFTER CONFLUENCS WITH RAY KHOLA AT ADAMPOOL AFTER MEETING WASTE OF STP, GANGTOK",SIKKIM,"Tributary Streams - Burhidihing, Dhansiri, Bharalu, Dikrong, Gai Nadi, Digaru, Digboi, Dikhow, Kaljani, Gabharu, Tocklai, Tunia, Larsing, Dhateshwari, Demow, Borsila, Barak, Dibang, Dihing, Senki, Dorika, Subansiri, Siang, Baralia, Tihu, Singra, Damring, Manda, Dikchu, Dzu, Kha Ru, Dzucha, Torsa, Beki, Bereng, Bhogdoi, Jhanji, Jia Bharali, Sankosh, Sanuo Ru, Boginadi, Rilang, Myntang, Tlawng, Tuirial, Serlui, Vaipuanpho, Tuikual, Sakhisih, Damdiai, Chite, Tuirini, Tuivawl, Lawibual, Challui, Mat, Siakah, Chhimtuipui, Tuikum, Sesah, Phe, Teirei, Tut, Tuichhuahen, Tiau, Tuipui, Nongal, Simsang, Ganol, Damring, Waikhrwi, Kwai, Teirei, Khawthlangtuipui, Ngengpui Stream, Vantawng, Sderkariah, Laitryngew, Wahkhlek Khlek, Wahrew, Umngi, Rwiang, Kalipai, Kmai Um, Lukha, Myntdu, Lamu, Lynriang, Thlu Umwi, Simsang, Teesta, Sonai, Ranganadi, Rangit, Ranichu, Kapili, Karola, Kathakal, Kharsang, Kohora, Kolong, Kundli, Kushiara, Manu, Nonbah, Kynshi, Wah Blei, Lohit, Manas, Maney Khola, Ganol Tura, Milak, Namchik, Noa Dihing, Pachin, Pagldia, Panchnoi, Poma, Yomgo And Mora",7.050000000000001,177.5,5.45,8.65,3.55,MANEY KHOLA AFTER CONFLUENCS WITH RAY KHOLA,2022-06-30
2022,1632,RIVER GANOL TURA,MEGHALAYA,"Tributary Streams - Burhidihing, Dhansiri, Bharalu, Dikrong, Gai Nadi, Digaru, Digboi, Dikhow, Kaljani, Gabharu, Tocklai, Tunia, Larsing, Dhateshwari, Demow, Borsila, Barak, Dibang, Dihing, Senki, Dorika, Subansiri, Siang, Baralia, Tihu, Singra, Damring, Manda, Dikchu, Dzu, Kha Ru, Dzucha, Torsa, Beki, Bereng, Bhogdoi, Jhanji, Jia Bharali, Sankosh, Sanuo Ru, Boginadi, Rilang, Myntang, Tlawng, Tuirial, Serlui, Vaipuanpho, Tuikual, Sakhisih, Damdiai, Chite, Tuirini, Tuivawl, Lawibual, Challui, Mat, Siakah, Chhimtuipui, Tuikum, Sesah, Phe, Teirei, Tut, Tuichhuahen, Tiau, Tuipui, Nongal, Simsang, Ganol, Damring, Waikhrwi, Kwai, Teirei, Khawthlangtuipui, Ngengpui Stream, Vantawng, Sderkariah, Laitryngew, Wahkhlek Khlek, Wahrew, Umngi, Rwiang, Kalipai, Kmai Um, Lukha, Myntdu, Lamu, Lynriang, Thlu Umwi, Simsang, Teesta, Sonai, Ranganadi, Rangit, Ranichu, Kapili, Karola, Kathakal, Kharsang, Kohora, Kolong, Kundli, Kushiara, Manu, Nonbah, Kynshi, Wah Blei, Lohit, Manas, Maney Khola, Ganol Tura, Milak, Namchik, Noa Dihing, Pachin, Pagldia, Panchnoi, Poma, Yomgo And Mora",7.1,70.5,1.55,7.35,0.45,"Burhidihing, Dhansiri, Bharalu, Dikrong, Gai Nadi, Digaru, Digboi, Dikhow, Kaljani, Gabharu, Tocklai, Tunia, Larsing, Dhateshwari, Demow, Borsila, Barak, Dibang, Dihing, Senki, Dorika, Subansiri, Siang, Baralia, Tihu, Singra, Damring, Manda, Dikchu, Dzu, Kha Ru, Dzucha, Torsa, Beki, Bereng, Bhogdoi, Jhanji, Jia Bharali, Sankosh, Sanuo Ru, Boginadi, Rilang, Myntang, Tlawng, Tuirial, Serlui, Vaipuanpho, Tuikual, Sakhisih, Damdiai, Chite, Tuirini, Tuivawl, Lawibual, Challui, Mat, Siakah, Chhimtuipui, Tuikum, Sesah, Phe, Teirei, Tut, Tuichhuahen, Tiau, Tuipui, Nongal, Simsang, Ganol, Damring, Waikhrwi, Kwai, Teirei, Khawthlangtuipui, Ngengpui Stream, Vantawng, Sderkariah, Laitryngew, Wahkhlek Khlek, Wahrew, Umngi, Rwiang, Kalipai, Kmai Um, Lukha, Myntdu, Lamu, Lynriang, Thlu Umwi, Simsang, Teesta, Sonai, Ranganadi, Rangit, Ranichu, Kapili, Karola, Kathakal, Kharsang, Kohora, Kolong, Kundli, Kushiara, Manu, Nonbah, Kynshi, Wah Blei, Lohit, Manas, Maney Khola, Ganol Tura, Milak, Namchik, Noa Dihing, Pachin, Pagldia, Panchnoi, Poma, Yomgo And Mora",2022-06-30
2022,2894,"RIVER MILAK AT BORBORA WARD, TULI",NAGALAND,"Tributary Streams - Burhidihing, Dhansiri, Bharalu, Dikrong, Gai Nadi, Digaru, Digboi, Dikhow, Kaljani, Gabharu, Tocklai, Tunia, Larsing, Dhateshwari, Demow, Borsila, Barak, Dibang, Dihing, Senki, Dorika, Subansiri, Siang, Baralia, Tihu, Singra, Damring, Manda, Dikchu, Dzu, Kha Ru, Dzucha, Torsa, Beki, Bereng, Bhogdoi, Jhanji, Jia Bharali, Sankosh, Sanuo Ru, Boginadi, Rilang, Myntang, Tlawng, Tuirial, Serlui, Vaipuanpho, Tuikual, Sakhisih, Damdiai, Chite, Tuirini, Tuivawl, Lawibual, Challui, Mat, Siakah, Chhimtuipui, Tuikum, Sesah, Phe, Teirei, Tut, Tuichhuahen, Tiau, Tuipui, Nongal, Simsang, Ganol, Damring, Waikhrwi, Kwai, Teirei, Khawthlangtuipui, Ngengpui Stream, Vantawng, Sderkariah, Laitryngew, Wahkhlek Khlek, Wahrew, Umngi, Rwiang, Kalipai, Kmai Um, Lukha, Myntdu, Lamu, Lynriang, Thlu Umwi, Simsang, Teesta, Sonai, Ranganadi, Rangit, Ranichu, Kapili, Karola, Kathakal, Kharsang, Kohora, Kolong, Kundli, Kushiara, Manu, Nonbah, Kynshi, Wah Blei, Lohit, Manas, Maney Khola, Ganol Tura, Milak, Namchik, Noa Dihing, Pachin, Pagldia, Panchnoi, Poma, Yomgo And Mora",7.949999999999999,147.5,1.6,7.5,,MILAK,2022-06-30
2022,2895,"RIVER MILAK AT PAPER NAGAR, TULI",NAGALAND,"Tributary Streams - Burhidihing, Dhansiri, Bharalu, Dikrong, Gai Nadi, Digaru, Digboi, Dikhow, Kaljani, Gabharu, Tocklai, Tunia, Larsing, Dhateshwari, Demow, Borsila, Barak, Dibang, Dihing, Senki, Dorika, Subansiri, Siang, Baralia, Tihu, Singra, Damring, Manda, Dikchu, Dzu, Kha Ru, Dzucha, Torsa, Beki, Bereng, Bhogdoi, Jhanji, Jia Bharali, Sankosh, Sanuo Ru, Boginadi, Rilang, Myntang, Tlawng, Tuirial, Serlui, Vaipuanpho, Tuikual, Sakhisih, Damdiai, Chite, Tuirini, Tuivawl, Lawibual, Challui, Mat, Siakah, Chhimtuipui, Tuikum, Sesah, Phe, Teirei, Tut, Tuichhuahen, Tiau, Tuipui, Nongal, Simsang, Ganol, Damring, Waikhrwi, Kwai, Teirei, Khawthlangtuipui, Ngengpui Stream, Vantawng, Sderkariah, Laitryngew, Wahkhlek Khlek, Wahrew, Umngi, Rwiang, Kalipai, Kmai Um, Lukha, Myntdu, Lamu, Lynriang, Thlu Umwi, Simsang, Teesta, Sonai, Ranganadi, Rangit, Ranichu, Kapili, Karola, Kathakal, Kharsang, Kohora, Kolong, Kundli, Kushiara, Manu, Nonbah, Kynshi, Wah Blei, Lohit, Manas, Maney Khola, Ganol Tura, Milak, Namchik, Noa Dihing, Pachin, Pagldia, Panchnoi, Poma, Yomgo And Mora",8.15,144.0,1.75,7.4,,MILAK,2022-06-30
2022,3100,RIVER NAMCHIK AT KHARSANG,ARUNACHAL PRADESH,"Tributary Streams - Burhidihing, Dhansiri, Bharalu, Dikrong, Gai Nadi, Digaru, Digboi, Dikhow, Kaljani, Gabharu, Tocklai, Tunia, Larsing, Dhateshwari, Demow, Borsila, Barak, Dibang, Dihing, Senki, Dorika, Subansiri, Siang, Baralia, Tihu, Singra, Damring, Manda, Dikchu, Dzu, Kha Ru, Dzucha, Torsa, Beki, Bereng, Bhogdoi, Jhanji, Jia Bharali, Sankosh, Sanuo Ru, Boginadi, Rilang, Myntang, Tlawng, Tuirial, Serlui, Vaipuanpho, Tuikual, Sakhisih, Damdiai, Chite, Tuirini, Tuivawl, Lawibual, Challui, Mat, Siakah, Chhimtuipui, Tuikum, Sesah, Phe, Teirei, Tut, Tuichhuahen, Tiau, Tuipui, Nongal, Simsang, Ganol, Damring, Waikhrwi, Kwai, Teirei, Khawthlangtuipui, Ngengpui Stream, Vantawng, Sderkariah, Laitryngew, Wahkhlek Khlek, Wahrew, Umngi, Rwiang, Kalipai, Kmai Um, Lukha, Myntdu, Lamu, Lynriang, Thlu Umwi, Simsang, Teesta, Sonai, Ranganadi, Rangit, Ranichu, Kapili, Karola, Kathakal, Kharsang, Kohora, Kolong, Kundli, Kushiara, Manu, Nonbah, Kynshi, Wah Blei, Lohit, Manas, Maney Khola, Ganol Tura, Milak, Namchik, Noa Dihing, Pachin, Pagldia, Panchnoi, Poma, Yomgo And Mora",7.15,180.5,2.85,9.149999999999999,,NAMCHIK,2022-06-30
2022,3109,"RIVER NOA DIHING AT NAMSAI, (D/S OF DIHING)",ARUNACHAL PRADESH,"Tributary Streams - Imphal, Iril, Nambul, Khuga",7.32,233.5,1.75,8.75,,NOA DIHING,2022-06-30
2022,3103,"RIVER PACHIN AT NAHARLAGUN (BELOW BARAPANI BRIDGE), (D/S OF RIVER SENKI)",ARUNACHAL PRADESH,"Tributary Streams - Imphal, Iril, Nambul, Khuga",7.485,700.0,2.3,5.25,,PACHIN,2022-06-30
2022,2065,"RIVER PAGLDIA NEAR NALBARI TOWN, DIST. NALBARI, ASSAM",ASSAM,"Tributary Streams - Imphal, Iril, Nambul, Khuga",7.45,233.0,2.5999999999999996,7.8999999999999995,1.4,PAGLDIA,2022-06-30
2022,2235,"RIVER PANCHNOI AT NH-52 CROSSING, ORANG, ASSAM",ASSAM,"Tributary Streams - Imphal, Iril, Nambul, Khuga",7.5,123.5,2.5,5.6,0.9,PANCHNOI,2022-06-30
2022,1531,"RIVER MORA BHARALI AT TEZPUR, ASSAM",ASSAM,"Tributary Streams - Imphal, Iril, Nambul, Khuga",7.15,256.0,3.3,4.65,1.05,MORA BHARALI,2022-06-30
2022,1424,RIVER IMPHAL AT MAHABALI,MANIPUR,"Tributary Streams - Imphal, Iril, Nambul, Khuga",7.35,190.0,3.25,7.0,,IMPHAL,2022-06-30
2022,1457,RIVER IMPHAL AT KOIRENGEI,MANIPUR,"Tributary Streams - Imphal, Iril, Nambul, Khuga",7.300000000000001,180.0,3.05,7.300000000000001,,IMPHAL,2022-06-30
2022,1627,RIVER IMPHAL AT KIYAMGI,MANIPUR,"Tributary Streams - Imphal, Iril, Nambul, Khuga",7.25,295.0,3.0999999999999996,7.1,,IMPHAL,2022-06-30
2022,1628,RIVER IMPHAL AT MINUTHONG,MANIPUR,"Tributary Streams - Imphal, Iril, Nambul, Khuga",7.4,188.5,3.25,7.15,,IMPHAL,2022-06-30
2022,2862,RIVER IMPHAL AT SAMUROU,MANIPUR,"Tributary Streams - Imphal, Iril, Nambul, Khuga",7.35,190.0,3.25,7.300000000000001,,IMPHAL,2022-06-30
2022,2864,"RIVER IMPHAL NEAR LEIKINTHABI ROAD, AWANG SEKMAI",MANIPUR,"Tributary Streams - Imphal, Iril, Nambul, Khuga",7.4,230.0,3.25,7.15,,IMPHAL,2022-06-30
2022,1458,RIVER IRIL AT PORAMPET,MANIPUR,"Tributary Streams - Imphal, Iril, Nambul, Khuga",7.449999999999999,260.0,3.05,7.3,,IRIL,2022-06-30
2022,1624,RIVER IRIL AT LILONG,MANIPUR,"Tributary Streams - Imphal, Iril, Nambul, Khuga",7.35,240.0,3.25,7.25,,IRIL,2022-06-30
2022,2863,RIVER IRIL AT KANGLA SIPHAI,MANIPUR,"Tributary Streams - Imphal, Iril, Nambul, Khuga",7.4,222.5,3.0,7.4,,IRIL,2022-06-30
2022,2873,RIVER IRIL AT LILONG,MANIPUR,"Tributary Streams - Imphal, Iril, Nambul, Khuga",7.35,275.0,3.0999999999999996,7.1,,IRIL,2022-06-30
2022,1625,RIVER NAMBUL AT HUMP BRIDGE,MANIPUR,"Tributary Streams - Imphal, Iril, Nambul, Khuga",6.7,478.0,4.8,5.9,,NAMBUL,2022-06-30
2022,1626,RIVER NAMBUL AT HEIRANGOITHONG,MANIPUR,"Tributary Streams - Imphal, Iril, Nambul, Khuga",7.050000000000001,525.0,4.3,6.25,,NAMBUL,2022-06-30
2022,2858,RIVER NAMBUL AT SAMUSANG (U.K. ROAD),MANIPUR,"Tributary Streams - Imphal, Iril, Nambul, Khuga",6.9,275.0,4.25,6.55,,NAMBUL,2022-06-30
2022,2859,RIVER NAMBUL AT SINGDA DAM,MANIPUR,"Tributary Streams - Imphal, Iril, Nambul, Khuga",7.449999999999999,138.5,3.15,7.6,,NAMBUL,2022-06-30
2022,2860,RIVER NAMBUL AT NAOREMTHONG,MANIPUR,"Tributary Streams - Imphal, Iril, Nambul, Khuga",7.050000000000001,245.0,4.15,6.55,,NAMBUL,2022-06-30
2022,1925,"RIVER KHUGA (TUITHA) AT RENGKAI, CHURACHANDPUR",MANIPUR,"Tributary Streams - Imphal, Iril, Nambul, Khuga",7.300000000000001,265.0,3.3,7.25,,"Imphal, Iril, Nambul, Khuga",2022-06-30
2022,1926,"RIVER KHUJAIROK NEAR ELORA HOTEL ROAD, MOREH",MANIPUR,"Tributary Streams - Imphal, Iril, Nambul, Khuga",7.2,389.0,3.4000000000000004,7.15,,KHUJAIROK,2022-06-30
2022,1927,"RIVER SEKMAI RIVER, KAKCHING",MANIPUR,"Tributary Streams - Imphal, Iril, Nambul, Khuga",7.4,186.5,3.35,7.25,,"Imphal, Iril, Nambul, Khuga",2022-06-30
2022,2852,RIVER MANIPUR AT SEKMAIJIN,MANIPUR,"Tributary Streams - Imphal, Iril, Nambul, Khuga",7.449999999999999,180.5,3.2,7.35,,MANIPUR,2022-06-30
2022,2853,RIVER THOUBAL ON MAPITHEL DAM,MANIPUR,"Tributary Streams - Imphal, Iril, Nambul, Khuga",7.449999999999999,182.5,3.2,7.300000000000001,,"Imphal, Iril, Nambul, Khuga",2022-06-30
2022,2854,RIVER THOUBAL AT PHADOM,MANIPUR,"Tributary Streams - Imphal, Iril, Nambul, Khuga",7.4,180.5,3.15,7.25,,THOUBAL,2022-06-30
2022,2856,RIVER THOUBAL AT YAIRIPOK,MANIPUR,"Tributary Streams - Imphal, Iril, Nambul, Khuga",7.199999999999999,245.0,3.25,7.15,,THOUBAL,2022-06-30
2022,2870,RIVER THOUBAL AT SHONG KONG,MANIPUR,"Tributary Streams - Imphal, Iril, Nambul, Khuga",7.35,234.5,3.8,7.45,,THOUBAL,2022-06-30
2022,2871,RIVER THOUBAL KONG NEAR YAOLEN VILLAGE,MANIPUR,"Tributary Streams - Imphal, Iril, Nambul, Khuga",7.25,265.0,3.5,6.45,,THOUBAL KONG,2022-06-30
2022,2872,RIVER THOUBAL AT LITAN BRIDGE,MANIPUR,"Tributary Streams - Imphal, Iril, Nambul, Khuga",7.45,220.0,3.0999999999999996,7.25,,THOUBAL,2022-06-30
2022,2855,RIVER WANGJING AT HEIROK,MANIPUR,"Tributary Streams - Imphal, Iril, Nambul, Khuga",7.15,190.0,3.3,7.1,,WANGJING,2022-06-30
2022,2857,RIVER MANIPUR AT THOUBAL,MANIPUR,"Tributary Streams - Imphal, Iril, Nambul, Khuga",7.199999999999999,272.5,3.8499999999999996,7.0,,MANIPUR,2022-06-30
2022,2867,RIVER MAHA NEAR KOMLATHABI BAZAR,MANIPUR,"Tributary Streams - Imphal, Iril, Nambul, Khuga",7.35,240.0,3.25,7.1,,MAHA,2022-06-30
2022,2868,RIVER CHAKPI AT CHAKPIKARONG,MANIPUR,"Tributary Streams - Imphal, Iril, Nambul, Khuga",7.449999999999999,205.0,3.0999999999999996,7.4,,CHAKPI,2022-06-30
2022,2876,RIVER WANGJING AT WANGJING,MANIPUR,"Tributary Streams - Imphal, Iril, Nambul, Khuga",7.199999999999999,235.0,3.25,7.25,,WANGJING,2022-06-30
2022,2877,RIVER KHUGA (TUITHA) DAM ON KHUGA RIVER,MANIPUR,"Tributary Streams - Imphal, Iril, Nambul, Khuga",7.4,198.5,3.2,7.35,,"Imphal, Iril, Nambul, Khuga",2022-06-30
2022,2878,RIVER THONGJAOROK AT THONGJAOROK BRIDGE,MANIPUR,"Tributary Streams - Imphal, Iril, Nambul, Khuga",7.300000000000001,190.0,3.3,7.2,,THONGJAOROK,2022-06-30
2022,2879,RIVER ETHAI BARRAGE ON MANIPUR RIVER,MANIPUR,"Tributary Streams - Imphal, Iril, Nambul, Khuga",7.25,185.0,3.2,7.300000000000001,,"Imphal, Iril, Nambul, Khuga",2022-06-30
2022,2880,RIVER NAMBOL AT BISHNUPUR,MANIPUR,"Tributary Streams - Imphal, Iril, Nambul, Khuga",7.2,190.0,3.3,7.25,,NAMBOL,2022-06-30
2022,2874,RIVER IRANG AT TAMENGLONG,MANIPUR,"Tributary Streams - Imphal, Iril, Nambul, Khuga",7.5,185.0,3.2,6.65,,IRANG,2022-06-30
2022,3359,"RIVER UMKHRAH AT DEMTHRING, SHILLONG",MEGHALAYA,"Tributary Streams - Imphal, Iril, Nambul, Khuga",7.05,568.5,28.5,2.7,2.9,UMKHRAH,2022-06-30
2022,3360,"RIVER UMKHRAH AT UMKALIAR, SHILLONG",MEGHALAYA,"Tributary Streams - Imphal, Iril, Nambul, Khuga",7.199999999999999,295.0,14.9,5.449999999999999,2.46,UMKHRAH,2022-06-30
2022,3361,"RIVER UMKHRAH AT MAWLAI, NEAR SLAUGHTER HOUSE",MEGHALAYA,"Tributary Streams - Imphal, Iril, Nambul, Khuga",6.95,402.5,32.0,2.35,1.93,UMKHRAH,2022-06-30
2022,3362,"RIVER UMKHRAH AT MAWPDANG, MAWLAI",MEGHALAYA,"Tributary Streams - Imphal, Iril, Nambul, Khuga",7.1,556.5,35.5,2.3,1.71,UMKHRAH,2022-06-30
2022,3363,RIVER UMSHYRPI AT RISA COLONY,MEGHALAYA,"Tributary Streams - Imphal, Iril, Nambul, Khuga",7.15,44.5,1.4500000000000002,7.800000000000001,0.42000000000000004,UMSHYRPI,2022-06-30
2022,3364,"RIVER UMSHYRPI AT LAW COLLEGE, DHANKETI,",MEGHALAYA,"Tributary Streams - Imphal, Iril, Nambul, Khuga",7.1,354.0,29.0,2.1,0.7050000000000001,UMSHYRPI,2022-06-30
2022,3365,RIVER UMSHYRPI AT UMSHYRPI BRIDGE,MEGHALAYA,"Tributary Streams - Imphal, Iril, Nambul, Khuga",6.95,226.5,12.1,5.1,0.975,UMSHYRPI,2022-06-30
2022,3366,"RIVER UMTREW AT UMRAN,",MEGHALAYA,"Tributary Streams - Imphal, Iril, Nambul, Khuga",7.0,88.0,1.5,7.3,0.48,UMTREW,2022-06-30
2022,3810,RIVER KULSI AT CHAYGAON NEAR NH37 CROSSING,ASSAM,"Tributary Streams - Imphal, Iril, Nambul, Khuga",7.1,99.5,2.3,7.0,1.35,KULSI,2022-06-30
2022,3811,RIVER PUTHIMARI NEAR PUTHIMARI CHOWK AT NH CROSSING,ASSAM,"Tributary Streams - Imphal, Iril, Nambul, Khuga",7.699999999999999,196.0,2.45,7.1,0.95,PUTHIMARI,2022-06-30
2022,1423,RIVER BARAK RIVER AT PANCHAGRAM,ASSAM,"Tributary Streams - Imphal, Iril, Nambul, Khuga",7.199999999999999,106.0,2.25,5.449999999999999,1.05,BARAK RIVER,2022-06-30
2022,1427,RIVER UMTREW AT BYRNIHAT EAST,MEGHALAYA,"Tributary Streams - Imphal, Iril, Nambul, Khuga",7.05,68.0,1.9,7.4,0.465,UMTREW,2022-06-30
2022,2228,"GELA BEEL AT DERGAON, ASSAM",ASSAM,"Tributary Streams - Imphal, Iril, Nambul, Khuga",7.15,106.0,2.3,7.449999999999999,1.3,BEEL,2022-06-30
2022,2240,RIVER BARAK AT D/S OF SILCHAR,ASSAM,"Tributary Streams - Imphal, Iril, Nambul, Khuga",7.25,108.5,2.3,5.199999999999999,0.9,BARAK,2022-06-30
2022,3350,"RIVER UMKHEN AT WAH KDAIT,",MEGHALAYA,"Tributary Streams - Imphal, Iril, Nambul, Khuga",6.9,59.5,1.7000000000000002,7.1,1.5550000000000002,UMKHEN,2022-06-30
2022,3351,"RIVER UMKHEN AT KSEHPONGDENG,",MEGHALAYA,"Tributary Streams - Imphal, Iril, Nambul, Khuga",6.9,48.0,1.2000000000000002,7.6,0.45499999999999996,UMKHEN,2022-06-30
2022,3352,RIVER UMKHEN AT DIENGPASOH,MEGHALAYA,"Tributary Streams - Imphal, Iril, Nambul, Khuga",7.2,46.5,1.4,7.5,0.615,UMKHEN,2022-06-30
2022,3768,RIVER KAKODONGA AT NH-37 CROSSING,ASSAM,"Tributary Streams - Imphal, Iril, Nambul, Khuga",7.199999999999999,164.0,2.3,5.3,0.95,KAKODONGA,2022-06-30
2022,3784,"RIVER TINGRAI NEAR TINSUKIA MSW DUMPING SITE, ITAKHOLA",ASSAM,"Tributary Streams - Imphal, Iril, Nambul, Khuga",7.3,183.0,2.45,7.3,1.25,TINGRAI,2022-06-30
2022,3791,"RIVER KALIANI NEAR KANAIGHAT BRIDGE, KANAIGHAT",ASSAM,"Tributary Streams - Imphal, Iril, Nambul, Khuga",7.2,137.0,2.5999999999999996,7.800000000000001,1.4500000000000002,KALIANI,2022-06-30
2022,3792,RIVER DHANSIRI AT JAHAIGHAT,ASSAM,"Tributary Streams - Imphal, Iril, Nambul, Khuga",7.3,127.0,2.4000000000000004,7.25,1.35,DHANSIRI,2022-06-30
2022,4319,RIVER UMIUREM AT LALE,MEGHALAYA,"Tributary Streams - Imphal, Iril, Nambul, Khuga",3.7,503.0,1.45,7.300000000000001,0.45499999999999996,UMIUREM,2022-06-30
2022,4320,RIVER KUPLI AT LOOSKI,MEGHALAYA,"Tributary Streams - Imphal, Iril, Nambul, Khuga",4.1,205.0,1.4500000000000002,7.15,0.395,KUPLI,2022-06-30
2022,4321,RIVER KUPLI AT KHANDONG,MEGHALAYA,"Tributary Streams - Imphal, Iril, Nambul, Khuga",4.65,210.5,1.35,7.05,0.425,KUPLI,2022-06-30
2022,4723,RIVER TEESTA AT JALPESH,WEST BENGAL,"Tributary Streams - Imphal, Iril, Nambul, Khuga",7.18,64.5,1.65,7.800000000000001,,TEESTA,2022-06-30
2022,4717,RIVER JALDHAKA AT DHUPGURI,WEST BENGAL,"Tributary Streams - Imphal, Iril, Nambul, Khuga",7.1,122.0,1.55,7.35,,JALDHAKA,2022-06-30
2022,4718,RIVER SILTORSA AT HASIMARA,WEST BENGAL,"Tributary Streams - Imphal, Iril, Nambul, Khuga",7.09,108.5,1.55,7.45,,SILTORSA,2022-06-30
2022,4728,RIVER RAIDAK AT ALIPURDUAR,WEST BENGAL,"Tributary Streams - Imphal, Iril, Nambul, Khuga",7.09,155.0,2.0,7.75,,RAIDAK,2022-06-30
2022,4645,RIVER CHELIKHOLA D/S OF BURIGAON BURIGAON RIVER,TRIPURA,"Tributary Streams - Imphal, Iril, Nambul, Khuga",7.42,161.0,1.75,5.949999999999999,1.65,CHELIKHOLA,2022-06-30
2022,4646,RIVER GOLAGHATI U/S OF BURIGAON RIVER,TRIPURA,"Tributary Streams - Imphal, Iril, Nambul, Khuga",7.6,163.0,1.7000000000000002,6.199999999999999,1.55,GOLAGHATI,2022-06-30
2022,1428,RIVER KYRHUHKHLA KHLIEHRIAT,MEGHALAYA,"Tributary Streams - Imphal, Iril, Nambul, Khuga",3.95,371.0,2.0,7.0,0.625,"Imphal, Iril, Nambul, Khuga",2022-06-30
2022,1631,RIVER MYNTDU JOWAI,MEGHALAYA,"Tributary Streams - Imphal, Iril, Nambul, Khuga",6.9,54.5,1.85,7.050000000000001,0.475,"Imphal, Iril, Nambul, Khuga",2022-06-30
2022,1633,RIVER SIMSANG WILLIAMNAGAR,MEGHALAYA,"Tributary Streams - Imphal, Iril, Nambul, Khuga",7.1,68.5,1.35,7.4,0.495,"Imphal, Iril, Nambul, Khuga",2022-06-30
2022,3353,RIVER UMIAM MAWPHLANG AT NONGKREM,MEGHALAYA,"Tributary Streams - Imphal, Iril, Nambul, Khuga",6.9,71.0,1.6,7.4,1.1099999999999999,UMIAM MAWPHLANG,2022-06-30
2022,3354,RIVER UMIAM MAWPHLANG AT UMTYNGNGAR,MEGHALAYA,"Tributary Streams - Imphal, Iril, Nambul, Khuga",6.9,48.5,1.75,7.25,0.51,UMIAM MAWPHLANG,2022-06-30
2022,3355,RIVER UMIAM MAWPHLANG AT MAWPHLANG,MEGHALAYA,"Tributary Streams - Imphal, Iril, Nambul, Khuga",6.9,39.0,1.6,7.5,1.1600000000000001,UMIAM MAWPHLANG,2022-06-30
2022,3356,RIVER UMIAM MAWPHLANG AT SHELLA,MEGHALAYA,"Tributary Streams - Imphal, Iril, Nambul, Khuga",7.6,148.5,1.15,8.1,0.5700000000000001,UMIAM MAWPHLANG,2022-06-30
2022,3357,"RIVER UMNGOT AT SMIT,",MEGHALAYA,"Tributary Streams - Imphal, Iril, Nambul, Khuga",7.1,44.5,1.65,7.300000000000001,0.58,UMNGOT,2022-06-30
2022,3358,RIVER UMNGOT AT DAWKI,MEGHALAYA,"Tributary Streams - Imphal, Iril, Nambul, Khuga",7.1,49.0,1.25,7.95,0.4,UMNGOT,2022-06-30
2022,3375,RIVER LUNAR AT MYNDIHATI (TRIBUTARY OF LUKHA),MEGHALAYA,"Tributary Streams - Imphal, Iril, Nambul, Khuga",4.949999999999999,651.0,1.8,7.0,0.655,LUNAR,2022-06-30
2022,3376,RIVER LUKHA AT SONAPUR,MEGHALAYA,"Tributary Streams - Imphal, Iril, Nambul, Khuga",6.800000000000001,274.0,1.4,7.5,0.505,LUKHA,2022-06-30
2022,3379,RIVER MYNTDU AT LESHKA,MEGHALAYA,"Tributary Streams - Imphal, Iril, Nambul, Khuga",5.65,57.5,1.45,7.35,0.42000000000000004,MYNTDU,2022-06-30
2022,3383,RIVER BUGI AT MIBONPARA,MEGHALAYA,"Tributary Streams - Imphal, Iril, Nambul, Khuga",7.2,96.5,1.35,7.3,0.455,BUGI,2022-06-30
2022,3384,RIVER BUGI AT DALU,MEGHALAYA,"Tributary Streams - Imphal, Iril, Nambul, Khuga",7.3,97.5,1.5,7.15,0.47,BUGI,2022-06-30
2022,3760,"RIVER BAROI NEAR BRIDGE AT NH-52, BISWANATH DISTRICT",ASSAM,"Tributary Streams - Imphal, Iril, Nambul, Khuga",7.3,146.0,2.4,5.75,0.95,BAROI,2022-06-30
2022,3765,"RIVER BEGA MG ROAD, MANGALDOI",ASSAM,"Tributary Streams - Imphal, Iril, Nambul, Khuga",7.4,121.5,3.4,5.5,1.1,"Imphal, Iril, Nambul, Khuga",2022-06-30
2022,3767,"RIVER NUWA NOI NEAR BRIDGE OVER BOINAOJA PARA, MANGALDOI",ASSAM,"Tributary Streams - Imphal, Iril, Nambul, Khuga",7.55,111.0,2.5,5.85,0.95,NUWA NOI,2022-06-30
2022,3773,RIVER TOWKAK AT SONARI,ASSAM,"Tributary Streams - Imphal, Iril, Nambul, Khuga",6.95,116.5,2.4000000000000004,6.75,1.0,TOWKAK,2022-06-30
2022,3774,RIVER SUFFRY AT MAIBELLA,ASSAM,"Tributary Streams - Imphal, Iril, Nambul, Khuga",7.3,274.5,2.4000000000000004,6.95,1.0,SUFFRY,2022-06-30
2022,3780,"RIVER SESSA NEAR SESSA TINIALI, NH BRIDGE, DIBRUGARH",ASSAM,"Tributary Streams - Imphal, Iril, Nambul, Khuga",7.199999999999999,182.5,2.35,6.85,1.35,SESSA,2022-06-30
2022,3788,"RIVER JIADHAL KUMOTIYA RIVER NEAR JIADHAL BRIDGE, DHEMAJI",ASSAM,"Tributary Streams - Imphal, Iril, Nambul, Khuga",7.6,218.5,2.4,7.85,1.4,JIADHAL KUMOTIYA RIVER,2022-06-30
2022,3796,RIVER KUJI (NEAR NEW BOGAGIGAON) NEAR WATER INTAKE POINT FOR NF RAILWAY,ASSAM,"Tributary Streams - Imphal, Iril, Nambul, Khuga",7.35,158.5,2.5,5.4,1.0499999999999998,"Imphal, Iril, Nambul, Khuga",2022-06-30
2022,3799,RIVER KILLING IN MORIGAON DISTRICT,ASSAM,"Tributary Streams - Imphal, Iril, Nambul, Khuga",7.35,101.5,2.4,6.7,1.4500000000000002,"Imphal, Iril, Nambul, Khuga",2022-06-30
2022,3803,"RIVER MADHURA AT MADHURAGHAT, CACHAR",ASSAM,"Tributary Streams - Imphal, Iril, Nambul, Khuga",7.3,106.0,2.35,5.35,0.9,MADHURA,2022-06-30
2022,5135,"RIVER AIE NEAR RAKHALDUBI DIST., BONGAIGAON, ASSAM",ASSAM,"Tributary Streams - Imphal, Iril, Nambul, Khuga",7.35,185.0,2.4000000000000004,5.35,1.1,AIE,2022-06-30
2022,5138,"RIVER, TUNIA U/S BRPL, DHALIGAON, DIST. CHIRANG",ASSAM,"Tributary Streams - Imphal, Iril, Nambul, Khuga",7.3,164.5,2.5,5.35,1.5499999999999998,TUNIA,2022-06-30
2022,5139,"RIVER JAMUNA AT DOBOKA NEAR BRIDGE, DIST. HOJAI",ASSAM,"Tributary Streams - Imphal, Iril, Nambul, Khuga",7.15,139.5,2.45,6.35,1.2000000000000002,JAMUNA,2022-06-30
2022,5140,"RIVER BONDANJAN, SLUICE GATE, BIRKUCHI NARENGI TINIALI, KHARGHULI, NO. 2",ASSAM,"Tributary Streams - Imphal, Iril, Nambul, Khuga",7.15,206.0,2.35,4.1,1.35,"Imphal, Iril, Nambul, Khuga",2022-06-30
2022,5141,"RIVER BASISTHA BASISTHA CHARIALI, NUTAN BAZAAR,",ASSAM,"Tributary Streams - Imphal, Iril, Nambul, Khuga",7.0,193.0,2.45,5.75,1.1,"Imphal, Iril, Nambul, Khuga",2022-06-30
2022,5142,"RIVER PAMOHI GACHUK, PAMOHI ROAD, GUWAHATI",ASSAM,"Tributary Streams - Imphal, Iril, Nambul, Khuga",7.15,239.0,3.25,4.0,1.7,"Imphal, Iril, Nambul, Khuga",2022-06-30
2022,5144,RIVER KALANADI NEAR BAMUNJULI BRIDGE CROSSING AT MANGALDOI BHUTIACHANG,ASSAM,"Tributary Streams - Imphal, Iril, Nambul, Khuga",7.0,202.0,1.9,8.4,0.8,KALANADI,2022-06-30
2022,5281,RIVER RANGPO U/S DAM SITE,SIKKIM,"Tributary Streams - Imphal, Iril, Nambul, Khuga",7.3,182.0,1.75,8.65,3.5500000000000003,RANGPO,2022-06-30
2022,5282,RIVER RANGPO D/S DAM SITE,SIKKIM,"Tributary Streams - Imphal, Iril, Nambul, Khuga",6.9,174.0,11.7,5.45,3.5,RANGPO,2022-06-30
2022,5283,RIVER RONGLI U/S DAM SITE,SIKKIM,"Tributary Streams - Imphal, Iril, Nambul, Khuga",7.15,145.0,1.8499999999999999,8.55,3.3,RONGLI,2022-06-30
2022,5284,RIVER RONGLI D/S DAM SITE,SIKKIM,"Tributary Streams - Imphal, Iril, Nambul, Khuga",6.95,114.5,1.95,9.05,3.75,RONGLI,2022-06-30
2022,5285,RIVER RANGPO AT POWER HOUSE D/S OF GATI INFRA PVT. LTD.,SIKKIM,"Tributary Streams - Imphal, Iril, Nambul, Khuga",6.9,106.0,5.1499999999999995,9.1,3.45,RANGPO,2022-06-30
2022,5286,RIVER RANGPO AT U/S OF RORATHANG BAZAR (ABOVE SWISS GARNIER),SIKKIM,"Tributary Streams - Imphal, Iril, Nambul, Khuga",6.800000000000001,92.0,1.95,8.05,3.55,RANGPO,2022-06-30
2022,5287,RIVER RANGPO AT D/S OF RORATHANG BRIDGE,SIKKIM,"Tributary Streams - Imphal, Iril, Nambul, Khuga",6.95,89.0,2.0,9.0,3.5,RANGPO,2022-06-30
2022,5288,RIVER RANGPO AT D/S OF PHARMA PLANT KUMREK,SIKKIM,"Tributary Streams - Imphal, Iril, Nambul, Khuga",7.05,108.0,2.4000000000000004,8.1,3.4000000000000004,RANGPO,2022-06-30
2022,5289,RIVER RANGPO AT D/S OF POWER HOUSE OF MADHYA BHARAT,SIKKIM,"Tributary Streams - Imphal, Iril, Nambul, Khuga",6.85,92.5,2.4000000000000004,8.350000000000001,3.5,RANGPO,2022-06-30
2022,4219,RIVER DEO AT SANTIPUR,TRIPURA,"Tributary Streams - Imphal, Iril, Nambul, Khuga",7.355,168.0,1.5,6.1,1.3,DEO,2022-06-30
2022,4220,RIVER DEO AT SUBASH NAGAR,TRIPURA,"Tributary Streams - Imphal, Iril, Nambul, Khuga",7.17,155.5,1.4,6.0,1.35,DEO,2022-06-30
2022,4655,RIVER DEO AT KANCHANPUR,TRIPURA,"Tributary Streams - Imphal, Iril, Nambul, Khuga",7.46,170.0,1.7999999999999998,5.65,1.85,DEO,2022-06-30
2022,4640,"RIVER AT BORDOWALI, HAORA",TRIPURA,"Tributary Streams - Imphal, Iril, Nambul, Khuga",7.515,200.5,2.1500000000000004,6.300000000000001,2.4,RIVER,2022-06-30
2022,4654,RIVER JURI AT CHAMTALI,TRIPURA,"Tributary Streams - Imphal, Iril, Nambul, Khuga",7.37,166.0,1.5,6.1,1.4,JURI,2022-06-30
2022,4649,RIVER MANU AT MANUBAZAR,TRIPURA,"Tributary Streams - Imphal, Iril, Nambul, Khuga",7.35,160.0,1.5499999999999998,5.949999999999999,1.75,MANU,2022-06-30
2022,4650,RIVER MANU AT CHAILENGTA,TRIPURA,"Tributary Streams - Imphal, Iril, Nambul, Khuga",7.175000000000001,162.5,1.5,5.75,1.6,MANU,2022-06-30
2022,1232,RIVER MAHI (D/S) CONF WITH R. CHAP (UNDER SAGWARA-SARHI RD. BDG.),RAJASTHAN,"Tributary Streams - Mahi, Anas, Malei, Panam, Shivna, Chillar, Jammer And Ajab Bourali",7.73,447.0,1.85,5.85,1.95,"Mahi, Anas, Malei, Panam, Shivna, Chillar, Jammer And Ajab Bourali",2022-06-30
2022,30061,"RIVER MAHI AT GAMMON BRIDGE NEAR PADLA CHOWKI, BANSWARA (MP & RJASTHAN)",RAJASTHAN,"Tributary Streams - Mahi, Anas, Malei, Panam, Shivna, Chillar, Jammer And Ajab Bourali",7.470000000000001,250.0,4.15,7.85,,MAHI,2022-06-30
2022,1229,"RIVER MAHI NEAR RAJASTHAN BORDER AT KADANA DAM,",GUJARAT,"Tributary Streams - Mahi, Anas, Malei, Panam, Shivna, Chillar, Jammer And Ajab Bourali",8.07,482.0,,6.800000000000001,1.09,MAHI,2022-06-30
2022,1230,"RIVER MAHI AFTER CONF. WITH ANAS AT PARDI (BANASWADA),",GUJARAT,"Tributary Streams - Mahi, Anas, Malei, Panam, Shivna, Chillar, Jammer And Ajab Bourali",8.14,468.0,,7.6499999999999995,1.085,ANAS,2022-06-30
2022,1231,"RIVER MAHI AT VIRPUR,",GUJARAT,"Tributary Streams - Mahi, Anas, Malei, Panam, Shivna, Chillar, Jammer And Ajab Bourali",8.04,472.0,,7.55,1.09,MAHI,2022-06-30
2022,1863,RIVER MAHI AT UMETA BRIDGE,GUJARAT,"Tributary Streams - Mahi, Anas, Malei, Panam, Shivna, Chillar, Jammer And Ajab Bourali",8.585,471.0,,7.7,,MAHI,2022-06-30
2022,1864,RIVER MAHI AT MUJPUR,GUJARAT,"Tributary Streams - Mahi, Anas, Malei, Panam, Shivna, Chillar, Jammer And Ajab Bourali",8.355,12385.5,,7.6,1.1099999999999999,MAHI,2022-06-30
2022,3206,RIVER MAHI AT SHERKHI BRIDGESINDHROT BRIDGE-VADODARA,GUJARAT,"Tributary Streams - Mahi, Anas, Malei, Panam, Shivna, Chillar, Jammer And Ajab Bourali",8.27,702.5,,7.75,1.1649999999999998,MAHI,2022-06-30
2022,4415,RIVER MAHI AT DODKAVILLAGE : PRATHAMPURA,GUJARAT,"Tributary Streams - Mahi, Anas, Malei, Panam, Shivna, Chillar, Jammer And Ajab Bourali",8.45,601.5,,8.3,1.115,MAHI,2022-06-30
2022,30050,"RIVER MAHI ABOUT 500 METERS D/S OF KADANA DAM NEAR BRIDGE, PANCHMAHAL, GUJARAT (RAJASTHAN AND GUJARAT)",GUJARAT,"Tributary Streams - Mahi, Anas, Malei, Panam, Shivna, Chillar, Jammer And Ajab Bourali",8.04,446.0,3.9,7.0,1.2,METERS,2022-06-30
2022,1233,"RIVER MAHI AT BADNAWAR, M.P.",MADHYA PRADESH,"Tributary Streams - Mahi, Anas, Malei, Panam, Shivna, Chillar, Jammer And Ajab Bourali",8.065,378.0,1.25,7.65,0.875,MAHI,2022-06-30
2022,3318,"RIVER MAHI AT RANISINGH VILLAGE, RATLAM, UJJAIN",MADHYA PRADESH,"Tributary Streams - Mahi, Anas, Malei, Panam, Shivna, Chillar, Jammer And Ajab Bourali",7.73,456.5,1.85,7.3,0.57,MAHI,2022-06-30
2022,4608,RIVER MAHI FOREST GUEST HOUSE RAJAPUR MATAJI SHIVGARH RATLAM.,MADHYA PRADESH,"Tributary Streams - Mahi, Anas, Malei, Panam, Shivna, Chillar, Jammer And Ajab Bourali",7.69,439.5,1.9,7.4,0.63,"Mahi, Anas, Malei, Panam, Shivna, Chillar, Jammer And Ajab Bourali",2022-06-30
2022,30058,RIVER MAHI AT VILLAGE BAJNA (MP & RJASTHAN),MADHYA PRADESH,"Tributary Streams - Mahi, Anas, Malei, Panam, Shivna, Chillar, Jammer And Ajab Bourali",7.8100000000000005,283.0,4.05,8.7,,MAHI,2022-06-30
2022,3848,RIVER ANAS RIVER NEAR ROAD BRIDGE JHABUA,MADHYA PRADESH,"Tributary Streams - Mahi, Anas, Malei, Panam, Shivna, Chillar, Jammer And Ajab Bourali",8.18,385.0,,7.1,0.865,ANAS RIVER,2022-06-30
2022,1228,"RIVER ANAS AT DAHOD, (KUSHALGARH), DIST. PANCHMAHAL",GUJARAT,"Tributary Streams - Mahi, Anas, Malei, Panam, Shivna, Chillar, Jammer And Ajab Bourali",8.305,520.0,,7.55,1.5,ANAS,2022-06-30
2022,2104,RIVER MALEI AT JAORA,MADHYA PRADESH,"Tributary Streams - Mahi, Anas, Malei, Panam, Shivna, Chillar, Jammer And Ajab Bourali",7.71,507.0,1.9,7.449999999999999,0.97,MALEI,2022-06-30
2022,1227,"RIVER PANAM AT LUNAWADA,",GUJARAT,"Tributary Streams - Mahi, Anas, Malei, Panam, Shivna, Chillar, Jammer And Ajab Bourali",7.95,509.0,,6.85,0.485,PANAM,2022-06-30
2022,4805,"BHANWAR SEMLA DAM NEAR VILLAGE- DHOPAL,PRATAPGARH",RAJASTHAN,"Tributary Streams - Mahi, Anas, Malei, Panam, Shivna, Chillar, Jammer And Ajab Bourali",7.765,1460.5,2.05,6.05,3.42,DAM,2022-06-30
2022,2102,"RIVER SHIVNA AT RAMGHAT, MANDSAUR",MADHYA PRADESH,"Tributary Streams - Mahi, Anas, Malei, Panam, Shivna, Chillar, Jammer And Ajab Bourali",7.76,441.5,1.9,7.4,0.915,SHIVNA,2022-06-30
2022,2105,RIVER CHILLAR AT SHAJAPUR,MADHYA PRADESH,Sabarmati,7.605,366.0,2.0,7.3,0.6699999999999999,CHILLAR,2022-06-30
2022,2103,"RIVER JAMMER AT DHOLABAD, RATLAM",MADHYA PRADESH,Sabarmati,7.57,344.0,1.9,7.45,0.575,JAMMER,2022-06-30
2022,4620,"RIVER AJAB BOURALI AT PETLAWAD DAM PETLAVAD, JHABUA",MADHYA PRADESH,Sabarmati,7.955,360.0,1.2000000000000002,6.199999999999999,0.765,AJAB BOURALI,2022-06-30
2022,1221,"RIVER SABARMATI AT KHEROJ BRIDGE,",GUJARAT,Sabarmati,7.68,759.5,1.4500000000000002,6.449999999999999,0.45999999999999996,SABARMATI,2022-06-30
2022,1223,"RIVER SABARMATI AFTER CONF. WITH MESHWA AT VAUTHA (NEAR DHOKLA),",GUJARAT,Sabarmati,7.734999999999999,1713.0,41.45,2.95,0.575,MESHWA,2022-06-30
2022,1409,"RIVER SABARMATI AT RAILWAY BRIDGE AHMEDABAD,",GUJARAT,Sabarmati,7.68,690.0,14.55,4.1,0.635,SABARMATI,2022-06-30
2022,1866,"RIVER SABARMATI AT HANSAOL BRIDGE,",GUJARAT,Sabarmati,7.675,367.5,1.6,6.85,0.56,SABARMATI,2022-06-30
2022,1407,"RIVER SABARMATI AT GANDHI NAGAR CHILODA BRIDGE, LEKAWADA,",GUJARAT,Sabarmati,7.945,440.0,2.3,6.2,0.44499999999999995,SABARMATI,2022-06-30
2022,1408,"RIVER SABARMATI AT VILL. MIROLI TALUKA DASCROI, AHMEDABAD,",GUJARAT,Sabarmati,7.58,1743.0,33.65,3.65,0.47,SABARMATI,2022-06-30
2022,2075,"RIVER SABARMATI AT DHAROI DAM, DIST. MEHSANA.RIVER SABARMATI TA DHAROI DAM, TAL : SATALASANA, DIST : MEHSANA",GUJARAT,Sabarmati,7.935,798.5,,6.45,0.54,SABARMATI,2022-06-30
2022,10014,"RIVER SABARMATI AT AHMEDABAD U/SHANSOL, AHMEDABAD",GUJARAT,Sabarmati,7.675,367.5,1.6,6.85,0.5650000000000001,SABARMATI,2022-06-30
2022,30042,"RIVER SABARMAATI AT KHEROJ BRIDGE, SABARKANTHA, AMBAJI HIGHWAY, KHEROJ, GUJARAT (RAJASTHAN AND GUJARAT)",GUJARAT,Sabarmati,8.53,593.0,1.2,10.9,0.38,SABARMAATI,2022-06-30
2022,10015,"RIVER SABARMATI AT AHMEDABAD D/SVILL: MIROLI,TALUKA DASCROI, AHMEDABAD,",GUJARAT,Sabarmati,7.58,1746.0,38.65,3.65,0.56,SABARMATI,2022-06-30
2022,1482,"RIVER SABARMATI AT MAHUDI JAIN TEMPLE, 150 KM. FORM ORIGIN,",GUJARAT,Sabarmati,7.65,502.5,1.85,5.95,0.45499999999999996,SABARMATI,2022-06-30
2022,1222,"RIVER SHEDHI AT KHEDA,",GUJARAT,Sabarmati,8.095,1813.5,5.6,5.2,2.105,SHEDHI,2022-06-30
2022,1437,"RIVER KHARI AT LALI VILLAGE NEAR AHMEDABAD,",GUJARAT,Sabarmati,7.475,1789.0,32.5,1.75,0.7999999999999999,KHARI,2022-06-30
2022,1224,"RIVER MESHWA NEAR RAJASTHAN BORDER D/S AT SAMLAJI,DIST: ARVALI",GUJARAT,Sabarmati,7.59,706.5,1.4,6.45,0.54,MESHWA,2022-06-30
2022,3321,"RIVER NARMADA AT AMARKANTAK FROM ORIGIN POINT,",MADHYA PRADESH,Narmada,8.115,428.0,1.95,7.7,0.41000000000000003,NARMADA,2022-06-30
2022,1242,RIVER NARMADA NEAR ORIGIN POINT AT AMARKANTAK,MADHYA PRADESH,Narmada,7.44,1204.5,1.85,6.35,0.33999999999999997,NARMADA,2022-06-30
2022,4578,RIVER NARMADA AT PUSKAR DAM AMARKANTAK,MADHYA PRADESH,Narmada,7.455,262.0,2.1,7.6,0.41000000000000003,NARMADA,2022-06-30
2022,1241,RIVER NARMADA AT MANDLA NEAR ROAD BRIDGE. M.P.,MADHYA PRADESH,Narmada,7.754999999999999,267.5,1.5,7.6,0.605,NARMADA,2022-06-30
2022,1240,"RIVER NARMADA AT BARMANGHAT, NARSINGHPUR M.P.",MADHYA PRADESH,Narmada,7.895,259.5,1.5,8.15,0.6900000000000001,NARMADA,2022-06-30
2022,2106,RIVER NARMADA AT NEMAWAR,MADHYA PRADESH,Narmada,7.8100000000000005,553.0,1.7,4.2,1.5950000000000002,NARMADA,2022-06-30
2022,4594,RIVER NARMADA AT BEFOR CONFLU. OF RIVER JAMNER VILL. NEMAWAR,MADHYA PRADESH,Narmada,7.550000000000001,330.0,1.8,7.5,1.03,NARMADA,2022-06-30
2022,4595,RIVER NARMADA 500 M.D/S NEAR JAIN MANDER VILLAGE NEMAWAR,MADHYA PRADESH,Narmada,7.59,339.5,1.9,7.35,0.67,Narmada,2022-06-30
2022,1239,"RIVER NARMADA AT BADWANI, M.P.",MADHYA PRADESH,Narmada,7.9,1817.0,1.2000000000000002,7.1,5.4350000000000005,NARMADA,2022-06-30
2022,1431,"RIVER NARMADA AT MAHESHWAR, M. P.",MADHYA PRADESH,Narmada,8.15,368.0,1.15,7.6000000000000005,0.775,NARMADA,2022-06-30
2022,1234,RIVER NARMADA NEAR SHAHGANJ GUEST HOUSE DISTRICT SEHORE,MADHYA PRADESH,Narmada,7.83,1160.5,1.35,7.1,5.175,NARMADA,2022-06-30
2022,2112,"RIVER NARMADA NEAR MORTAKKA BRIDGE, BADWAH",MADHYA PRADESH,Narmada,8.08,334.0,1.15,7.4,0.8700000000000001,NARMADA,2022-06-30
2022,1235,RIVER NARMADA AT HOSHANGABAD 100 METER D/ S AFTER CONFLUENCE OF SPM NALLA M.P.,MADHYA PRADESH,Narmada,7.699999999999999,311.0,1.65,7.95,1.93,NARMADA,2022-06-30
2022,2113,"RIVER NARMADA NEAR PUNASA DAM, PUNASA",MADHYA PRADESH,Narmada,8.455,273.5,1.1,7.75,0.81,NARMADA,2022-06-30
2022,1430,RIVER NARMADA AT D/S OF OMKARESHWAR M.P.,MADHYA PRADESH,Narmada,8.09,286.5,1.15,4.6499999999999995,0.8300000000000001,NARMADA,2022-06-30
2022,3322,"RIVER NARMADA AT MANDLA, NEAR SHAMSHANGHAT, JABALPUR",MADHYA PRADESH,Narmada,7.904999999999999,245.0,1.35,7.8500000000000005,,NARMADA,2022-06-30
2022,2099,"RIVER NARMADA AT LALPUR, JABALPUR",MADHYA PRADESH,Narmada,7.745,295.0,1.5499999999999998,7.65,0.67,NARMADA,2022-06-30
2022,3323,"RIVER NARMADA AT TILWARAGHAT,",MADHYA PRADESH,Narmada,7.755000000000001,293.5,1.5,7.55,0.605,NARMADA,2022-06-30
2022,3324,"RIVER NARMADA AT PANCHWATIGHAT, BEFORE MIXING WITH BAWANGANGA RIVER, JABALPUR",MADHYA PRADESH,Narmada,7.744999999999999,271.0,1.5,7.7,0.935,NARMADA,2022-06-30
2022,3325,"RIVER NARMADA AT SARSWATIGHAT, AFTER MIXING WITH BAWANGANGA RIVER, JABALPUR",MADHYA PRADESH,Narmada,7.8100000000000005,266.5,1.5499999999999998,7.8,0.53,NARMADA,2022-06-30
2022,2118,RIVER NARMADA RIVER AT D/S OF KAPILDHARA,MADHYA PRADESH,Narmada,7.41,269.5,1.7,7.25,0.43000000000000005,NARMADA RIVER,2022-06-30
2022,2123,RIVER NARMADA AT KORIGHAT HOSHANGABAD,MADHYA PRADESH,Narmada,7.76,263.5,1.5,7.7,1.8199999999999998,NARMADA,2022-06-30
2022,3847,RIVER NARMADA AT DHARAMPURI,MADHYA PRADESH,Narmada,8.05,322.0,1.15,7.7,0.8800000000000001,NARMADA,2022-06-30
2022,4577,"RIVER NARMADA AT CHANDANGHAT NEAR ROAD BRIDGE, DINDORI",MADHYA PRADESH,Narmada,8.005,462.0,1.3,7.65,,NARMADA,2022-06-30
2022,4579,RIVER NARMADA AT DINDORI D/S AFTER MIXING TO CITY DOMESTIC NEAR JOGOTIKARIA GHAT,MADHYA PRADESH,Narmada,8.04,1962.0,1.7,7.699999999999999,0.48,NARMADA,2022-06-30
2022,4580,RIVER NARMADA NEAR BHAIRAV TAMPLE AT SHHASTRADHARA MANDLA,MADHYA PRADESH,Narmada,7.765000000000001,259.5,1.55,7.85,0.635,NARMADA,2022-06-30
2022,4581,RIVER NARMADA NEAR ROAD BRIDGE (D/S BARGI DAM) JABALPUR,MADHYA PRADESH,Narmada,7.935,302.5,1.5,7.65,,NARMADA,2022-06-30
2022,4582,"RIVER NARMADA AT JAMTARA, NEAR RAILWAY BRIDGE",MADHYA PRADESH,Narmada,7.725,303.5,1.4500000000000002,7.65,0.5700000000000001,NARMADA,2022-06-30
2022,4583,RIVER NARMADA NEAR ROAD BRIDGE JHANSINGHAT JABALPUR,MADHYA PRADESH,Narmada,7.875,269.0,1.5,7.85,0.8150000000000001,NARMADA,2022-06-30
2022,4584,RIVER NARMADA N.H. 44 NEAR ROAD BRIDGE AT BARMAN. JABALPUR,MADHYA PRADESH,Narmada,8.05,257.0,1.5,7.949999999999999,0.635,BRIDGE,2022-06-30
2022,4585,"RIVER NARMADA, BARMANGHAT, 100 MDS OF MAINGHAT",MADHYA PRADESH,Narmada,7.949999999999999,271.5,1.55,7.75,0.84,Narmada,2022-06-30
2022,4586,RIVER NARMADA S.N. 44 NEAR ROAD BRIDGE NEAR JHILKOLI NARSINGPUR,MADHYA PRADESH,Narmada,7.75,255.0,1.5,7.65,0.9450000000000001,BRIDGE,2022-06-30
2022,4587,"RIVER NARMADA AT NEAR ROAD BRIDGE, SANDIA",MADHYA PRADESH,Narmada,7.949999999999999,259.0,1.35,7.9,1.63,NARMADA,2022-06-30
2022,4588,RIVER NARMADA AT UP- STREAM OF VILLAGE JAIT NEAR NARYANAPURA DISTRICT SEHORE,MADHYA PRADESH,Narmada,7.880000000000001,271.5,1.4500000000000002,7.449999999999999,5.33,NARMADA,2022-06-30
2022,4589,RIVER NARMADA AT D/S OF VILL. JAIT,MADHYA PRADESH,Narmada,7.795,272.5,1.7,7.199999999999999,6.885,NARMADA,2022-06-30
2022,4590,RIVER NARMADA AT UP-STREAM BEFORE CONFLUENCE OF RIVER TAWA NEAR BANDRABHAN DISTRICT SEHORE,MADHYA PRADESH,Narmada,7.725,274.5,1.4,7.5,6.885,NARMADA,2022-06-30
2022,4591,"RIVER NARMADA AT DOWN-STREAM AFTER CONFLUENCE OF RIVER TAWA NEAR RAMNAGAR,DISTRICT SEHORE (M.P.)",MADHYA PRADESH,Narmada,7.745,266.5,1.35,7.8999999999999995,5.2299999999999995,NARMADA,2022-06-30
2022,4592,"RIVER NARMADA AT BUDHNIGHAT, BUDHNI DISTRICT SEHORE( M.P.)",MADHYA PRADESH,Narmada,7.74,294.0,1.35,7.55,8.444999999999999,NARMADA,2022-06-30
2022,4593,RIVER NARMADA AT DOWN-STREAM OF TEXTILE UNIT VILLAGE. HOLIPURA BUDNI DISTRICT SEHORE (M.P.),MADHYA PRADESH,Narmada,7.795,284.5,1.4,7.85,4.675,NARMADA,2022-06-30
2022,4596,RIVER NARMADA AT HANUWANTIA DIST. KHANDWA,MADHYA PRADESH,Narmada,8.27,264.0,1.1,7.7,0.885,NARMADA,2022-06-30
2022,4597,RIVER NARMADA AT U/S OMKAREWHWAR DAM KHANDWA,MADHYA PRADESH,Narmada,8.08,263.5,1.1,7.6,0.74,NARMADA,2022-06-30
2022,4598,RIVER NARMADA RIVER AT DHARESHWAR,MADHYA PRADESH,Narmada,8.225,281.0,1.15,7.65,0.74,NARMADA RIVER,2022-06-30
2022,4599,RIVER NARMADA NEAR W/S INTAKE JALLOD,MADHYA PRADESH,Narmada,8.25,303.5,,7.7,0.76,NARMADA,2022-06-30
2022,4600,RIVER NARMADA RIVER AT SHAHASTRADHARA (JALKOTI),MADHYA PRADESH,Narmada,8.01,342.0,1.1,7.5,0.7150000000000001,NARMADA RIVER,2022-06-30
2022,4601,RIVER NARMADA AT KHALGHAT,MADHYA PRADESH,Narmada,8.155000000000001,263.0,1.1,5.5,0.905,NARMADA,2022-06-30
2022,4602,RIVER NARMADA RIVER AT SEMALDA U/S OF BARWANI,MADHYA PRADESH,Narmada,8.125,309.0,1.15,7.55,0.865,NARMADA RIVER,2022-06-30
2022,4603,RIVER NARMADA AT KOTESHWAR,MADHYA PRADESH,Narmada,8.325,333.0,1.1,7.6000000000000005,0.8899999999999999,NARMADA,2022-06-30
2022,4605,"RIVER NARMADA AT KAKRANA, INTERSTATE BOUNDRY, ALIRAJPUR",MADHYA PRADESH,Narmada,8.25,553.0,1.15,7.9,,NARMADA,2022-06-30
2022,30048,"RIVER NARMADA AT NAVAGAM, NEAR GORA COLONY, KEVADIA, GUJARAT (GUJARAT AND MADHYA PRADESH)",GUJARAT,Narmada,7.95,285.0,,7.1,0.34,NARMADA,2022-06-30
2022,1244,"RIVER NARMADA AT PANETHA,",GUJARAT,Narmada,8.2,419.0,5.0,7.75,,NARMADA,2022-06-30
2022,1245,"RIVER NARMADA AT CHANDOD,",GUJARAT,Narmada,7.965,418.5,,8.1,0.8400000000000001,NARMADA,2022-06-30
2022,1981,"RIVER NARMADA AT ZANOR (NTPC), BHARUCHRIVER NARMADA AT ZANOR (NTPC), BHARUCH",GUJARAT,Narmada,7.970000000000001,425.5,,7.55,,NARMADA,2022-06-30
2022,1243,"RIVER NARMADA AT BHARUCH, ZADESHVAR,",GUJARAT,Narmada,8.05,3141.0,,7.15,,NARMADA,2022-06-30
2022,1236,"RIVER CHOTA TAWA BEFORE CONFL. WITH RIVER NARMADA, M.P.",MADHYA PRADESH,"Tributary Streams - Chota Tawa, Gour, Katni, Kunda, Simrar, Banjar And Hiran",8.22,457.0,1.2000000000000002,7.5,0.9450000000000001,"Chota Tawa, Gour, Katni, Kunda, Simrar, Banjar And Hiran",2022-06-30
2022,2100,RIVER GOUR NEAR BHOGDWAR WSS INTAKE POINT,MADHYA PRADESH,"Tributary Streams - Chota Tawa, Gour, Katni, Kunda, Simrar, Banjar And Hiran",7.7700000000000005,350.5,2.3,7.800000000000001,0.5900000000000001,GOUR,2022-06-30
2022,2101,RIVER KATNI NEAR NAGAR NIGAM,MADHYA PRADESH,"Tributary Streams - Chota Tawa, Gour, Katni, Kunda, Simrar, Banjar And Hiran",7.67,301.0,1.4500000000000002,7.550000000000001,0.825,KATNI,2022-06-30
2022,2114,RIVER KUNDA AT KHARGONE,MADHYA PRADESH,"Tributary Streams - Chota Tawa, Gour, Katni, Kunda, Simrar, Banjar And Hiran",7.955,693.0,4.55,4.3,2.2649999999999997,KUNDA,2022-06-30
2022,3326,"RIVER SIMRAR AT KATNI NEAR ACC W/S INTAKE POINT,",MADHYA PRADESH,"Tributary Streams - Chota Tawa, Gour, Katni, Kunda, Simrar, Banjar And Hiran",7.73,334.0,1.5,7.5,0.6399999999999999,SIMRAR,2022-06-30
2022,3828,"RIVER HIRAN, NH 7 ROAD BRIDGE, SIHORA,",MADHYA PRADESH,"Tributary Streams - Chota Tawa, Gour, Katni, Kunda, Simrar, Banjar And Hiran",7.83,301.0,1.9500000000000002,7.6,,"Chota Tawa, Gour, Katni, Kunda, Simrar, Banjar And Hiran",2022-06-30
2022,3829,"RIVER HIRAN, NH -12 ROAD BRIDGE VIL VIKRAMPUR ,DIST NARSINGPUR",MADHYA PRADESH,"Tributary Streams - Chota Tawa, Gour, Katni, Kunda, Simrar, Banjar And Hiran",7.83,292.5,1.6,7.1,1.2200000000000002,"Chota Tawa, Gour, Katni, Kunda, Simrar, Banjar And Hiran",2022-06-30
2022,4613,"RIVER HIRAN AFTER MIXING PARIYAT RIVER NEAR ROAD BRIDGE AT VILL GANIYARI,",MADHYA PRADESH,"Tributary Streams - Chota Tawa, Gour, Katni, Kunda, Simrar, Banjar And Hiran",7.470000000000001,442.0,7.7,6.55,,HIRAN AFTER MIXING PARIYAT RIVER,2022-06-30
2022,3305,"RIVER BANJAR AT MALANJKHAND NEAR W/S INTAKE POINT, JABALPUR",MADHYA PRADESH,"Tributary Streams - Chota Tawa, Gour, Katni, Kunda, Simrar, Banjar And Hiran",7.734999999999999,2418.0,1.6,7.75,0.5800000000000001,BANJAR,2022-06-30
2022,4616,"RIVER BANJAR RIVER NEAR ROAD BRIDGE, VILL. KHARRADHAR MALANJKHAND.",MADHYA PRADESH,"Tributary Streams - Chota Tawa, Gour, Katni, Kunda, Simrar, Banjar And Hiran",7.734999999999999,299.5,1.65,7.65,0.935,BANJAR RIVER,2022-06-30
2022,2115,RIVER TAPTI AT NEPA NAGAR 100 METRE D/S AFTER MIXING PANDHAR NALLA,MADHYA PRADESH,Tapi,7.875,380.5,1.2999999999999998,7.15,0.945,TAPTI,2022-06-30
2022,1250,RIVER TAPI AT HATNUR,MADHYA PRADESH,Tapi,8.05,676.0,2.55,5.95,1.28,TAPI,2022-06-30
2022,1466,"RIVER TAPI AT VILLAGE KHEDI, NEAR AMARAWATI ROAD BRIDGE , BETUL",MADHYA PRADESH,Tapi,8.035,713.5,1.6,7.2,2.9,TAPI,2022-06-30
2022,1247,"RIVER TAPI AT MANDAVI,",GUJARAT,Tapi,8.265,1952.0,,7.4,,TAPI,2022-06-30
2022,1983,"RIVER TAPI NEAR BARDOLI (KAPP BRIDGE) BARDOLIKAKRAPAR,SURAT",GUJARAT,Tapi,7.834999999999999,2620.0,,7.05,,TAPI,2022-06-30
2022,1248,"RIVER TAPI AT SURAT U/S KATHORE,RIVER TAPI NEAR LIMDESHWAR MAHDEV AT KATHOR",GUJARAT,Tapi,8.11,2393.5,1.15,6.95,,TAPI,2022-06-30
2022,1982,"RIVER TAPI AT RANDER BRIDGE, SURATRANDER,SURAT",GUJARAT,Tapi,8.2,575.0,1.15,7.1,,TAPI,2022-06-30
2022,2071,"RIVER TAPI AT ONGC BRIDGE AT SURAT, DIST. SURATHAZIRA,SURAT",GUJARAT,Tapi,7.879999999999999,25628.5,1.95,6.199999999999999,,TAPI,2022-06-30
2022,30045,"RIVER TAPI AT KUKURMUNDA BRIDGE, NIZHAR ROAD, NEAR VILLAGE KUKURMUNDA, GUJARAT (MAHARASHTRA AND GUJARAT)",GUJARAT,Tapi,7.89,430.0,1.5,6.6,1.27,TAPI,2022-06-30
2022,30043,"RIVER TAPI AT AJNAD, (MAHARASHTRA)",MAHARASHTRA,Tapi,8.5,463.0,3.8,5.8,4.08,TAPI,2022-06-30
2022,1251,"RIVER TAPI AT U/S, BHUSAWAL,VILLAGE. BHUSAWAL RAILWAY COLONY, TALUKA. BHUSAWAL, DISTRICT. JALGAON.",MAHARASHTRA,Tapi,7.6,589.5,3.4000000000000004,5.7,,TAPI,2022-06-30
2022,1313,"RIVER TAPI AT AJNAD VILLAGE, VILLAGE.AJNAD , TALUKA. RAVER, DISTRICT.JALGAON.",MAHARASHTRA,Tapi,7.65,587.5,3.5,5.7,,TAPI,2022-06-30
2022,1314,"RIVER TAPI AT UBAD VILLAGE NEAR GUJRATBORDER, VILLAGE. UBAD, TALUKA. SHAHADA, DISTRICT. NANDURBAR.",MAHARASHTRA,Tapi,7.65,573.0,2.9000000000000004,5.800000000000001,,TAPI,2022-06-30
2022,3203,"RIVER AMRAVATI AT VILLAGE DADHAL , TA ANKLESHWAR, BHARUCHNR RAILWAY BRIDGE, AT VILLAGE DHADHAL , TA: ANKLESHWAR, DIST BHARUCH",GUJARAT,Tributary Streams - Amravati At Village Dadhal,7.93,697.0,3.1,5.65,,AMRAVATI,2022-06-30
2022,2666,"RIVER GOMAI D/S. OF SHAHADA, VILLAGE- SHAHADA,TALUKA- DHULE,DISTRICT- DHULE.",MAHARASHTRA,Tributary Streams - Amravati At Village Dadhal,7.550000000000001,604.5,3.5,5.65,,GOMAI,2022-06-30
2022,2659,"RIVER BURAI BEFORE CONFLUENCE TO TAPI RIVER, VILLAGE- MUKUDAS, TALUKA- DHULE,",MAHARASHTRA,Tributary Streams - Amravati At Village Dadhal,7.65,396.5,3.3,6.05,,Amravati At Village Dadhal,2022-06-30
2022,2070,"RIVER KIM AT SAHOL BRIDGE, OLPAD HANSOT ROAD, DIST. SURATSAHOL, OLPAD HANSOT ROAD, SAHOL BRIDGE,SURAT",GUJARAT,Tributary Streams - Amravati At Village Dadhal,8.18,4020.0,2.3,6.15,,KIM,2022-06-30
2022,2127,"RIVER DENWA NEAR SARNI, ROAD BRIDGE",MADHYA PRADESH,Tributary Streams - Amravati At Village Dadhal,8.14,715.0,1.5,7.2,2.9,DENWA,2022-06-30
2022,1252,"RIVER GIRNA AT JALGAON AT INTAKE OF GIRNA PUMP HUOSE, VILLAGE- GIRNA PUMP HOUSE AREA, TALUKA- JALGAON, DISTRICT- JALGAON.",MAHARASHTRA,Tributary Streams - Amravati At Village Dadhal,7.5,613.5,3.4,5.65,,GIRNA,2022-06-30
2022,1253,"RIVER GIRNA AT MALEGAON ROAD BRIDGE, VILLAGE. MALEGAON, TALUKA. MALEGAON, DISTRICT. NASHIK.",MAHARASHTRA,Tributary Streams - Amravati At Village Dadhal,7.550000000000001,651.0,4.0,5.3,,GIRNA,2022-06-30
2022,1907,"RIVER RANGAVALI AT D/S OF NAVAPUR NEAR RANGAVALI BRIDGE, VILLAGE- NAVAPUR, TALUKA- NAVAPUR, DISTRICT- NANDURBAR.",MAHARASHTRA,Tributary Streams - Amravati At Village Dadhal,7.6,2560.5,3.4,5.550000000000001,,RANGAVALI,2022-06-30
2022,2658,"RIVER BORI D/S OF AMALNER, VILLAGE- AMALNER, TALUKA- JALGAON, DISTRICT- JALGAON.",MAHARASHTRA,Tributary Streams - Amravati At Village Dadhal,7.75,580.5,3.7,5.449999999999999,,BORI,2022-06-30
2022,2667,"RIVER HIWARA AT D/S OF PACHORA, VILLAGE- PACHORA,TALUKA- JALGAON,DISTRICT- JALGAON.",MAHARASHTRA,Tributary Streams - Amravati At Village Dadhal,7.65,458.0,4.0,5.15,,HIWARA,2022-06-30
2022,2674,"RIVER MOR NEAR PADALASHE, VILLAGE- PADALASHE,TALUKA- JALGAON, DISTRICT- JALGAON.",MAHARASHTRA,Tributary Streams - Amravati At Village Dadhal,7.550000000000001,519.5,3.5,5.55,,MOR,2022-06-30
2022,2710,"RIVER TITUR AT D/S OF CHALISGAON, VILLAGE. CHALISGAON,TALUKA. JALGAON,DISTRICT. JALGAON.",MAHARASHTRA,Tributary Streams - Amravati At Village Dadhal,7.6,1047.5,3.6,5.45,,TITUR,2022-06-30
2022,2718,"RIVER WAGHUR AT- SAKEGAON BEFORE CONFLUENCE WITH TAPI RIVER, VILLAGE- SAKEGAON, TALUKA- JALGAON,",MAHARASHTRA,Tributary Streams - Amravati At Village Dadhal,7.4,428.0,3.3,5.800000000000001,,WAGHUR,2022-06-30
2022,2684,"RIVER PANZARA NEAR PANZARAKAN SSK LTD, VILLAGE- PANZARA,TALUKA- DHULE,",MAHARASHTRA,Tributary Streams - Amravati At Village Dadhal,7.7,698.0,3.6,5.5,,PANZARA,2022-06-30
2022,1913,"RIVER PURNA AT DHUPESHWAR AT U/S OF MALKAPUR WATER WORKS, MALKAPUR,",MAHARASHTRA,Tributary Streams - Amravati At Village Dadhal,8.0,6345.0,4.0,5.65,,PURNA,2022-06-30
2022,2155,"RIVER PURNA AT D/S OF CONFLUENCE OF MORNA & PURNA RIVER AT ANDURA VILLAGE, VILLAGE-ANDURA, TALUKA- BALAPUR, DISTRICT - AKOLA.",MAHARASHTRA,Tributary Streams - Amravati At Village Dadhal,8.3,5263.0,4.35,5.6,,PURNA,2022-06-30
2022,2695,"RIVER PEDHI NEAR ROAD BRIDGE AT DADHI- PEDHI VILLAGE, VILLAGE- DADHI- PEDHI, TALUKA- BHATKULI, DISTRICT- AMRAVATI.",MAHARASHTRA,Tributary Streams - Amravati At Village Dadhal,8.05,6956.5,7.75,4.2,,PEDHI,2022-06-30
2022,2700,"RIVER PURNA NEAR ACHALPUR- AMRAVATI ROAD BRIDGE, VILLAGE- ASEGAON,TALUKA- CHANDUR BAZAR, DISTRICT- AMRAVATI.",MAHARASHTRA,Tributary Streams - Amravati At Village Dadhal,8.05,6440.5,3.7,6.45,,PURNA,2022-06-30
2022,1851,"RIVER MAHANADI AT SIHAWA, ORIGIN POINT OF RIVER MAHANADI",CHHATTISGARH,Mahanadi,7.36,323.0,2.2,7.199999999999999,,MAHANADI,2022-06-30
2022,1264,"RIVER MAHANADI AT RUDRI RESERVOIR U/S AT RUDRI,DHAMTARI",CHHATTISGARH,Mahanadi,7.495,312.0,2.1,7.3,,MAHANADI,2022-06-30
2022,1099,"RIVER MAHANADI AT RAJIM,NEAR ROAD BRIDGE.",CHHATTISGARH,Mahanadi,7.4350000000000005,413.0,2.5,6.5,,MAHANADI,2022-06-30
2022,1852,"RIVER MAHANADI AT ARRANG, NEAR GANDHI BRIDGE",CHHATTISGARH,Mahanadi,7.375,344.0,2.5,7.05,,MAHANADI,2022-06-30
2022,1100,RIVER MAHANADI AT KHAROD,CHHATTISGARH,Mahanadi,7.795,299.5,8.9,7.35,2.85,MAHANADI,2022-06-30
2022,1282,RIVER MAHANADI AT SHEORINARAYAN VILLAGE D/S NEAR ROAD BRIDGE,CHHATTISGARH,Mahanadi,8.015,442.0,10.0,6.75,4.0,MAHANADI,2022-06-30
2022,1467,"RIVER MAHANADI AFTER CONFL. OF RIVER MAND,NEAR BALPUR VILLAGE.",CHHATTISGARH,Mahanadi,7.95,275.5,7.55,7.85,3.3,Mahanadi,2022-06-30
2022,1101,"RIVER MAHANADI AT INTERSTATE BOUNDRY, NEAR SURJGARH VILLAGE",CHHATTISGARH,Mahanadi,7.5,238.0,1.75,7.199999999999999,1.03,MAHANADI,2022-06-30
2022,4623,"RIVER MAHANADI NEAR ROAD BRIDGE, BARHI ROAD KATNI.",MADHYA PRADESH,Mahanadi,8.295,281.0,1.5,8.65,0.8899999999999999,MAHANADI,2022-06-30
2022,1281,RIVER MAHANADI AT HIRAKUD RESERVOIR,ODISHA,Mahanadi,7.55,221.5,1.25,7.6,0.685,MAHANADI,2022-06-30
2022,30063,RIVER MAHANADI AT HIRAKUND (ODISHA),ODISHA,Mahanadi,7.4,224.5,,8.4,0.44499999999999995,MAHANADI,2022-06-30
2022,1270,RIVER MAHANADI AT SAMBALPUR U/S,ODISHA,Mahanadi,7.6000000000000005,196.5,1.35,6.9,0.8300000000000001,MAHANADI,2022-06-30
2022,1271,RIVER MAHANADI AT SAMBALPUR D/S,ODISHA,Mahanadi,7.8,191.0,1.9500000000000002,7.1,0.7200000000000001,MAHANADI,2022-06-30
2022,2405,RIVER MAHANADI AT SAMBALPUR FD/S AT HUMA,ODISHA,Mahanadi,7.75,208.0,1.35,7.3,0.57,MAHANADI,2022-06-30
2022,1272,RIVER MAHANADI (AFTER CONFL. WITH R. ONG ) AT SONEPUR U/S,ODISHA,Mahanadi,7.800000000000001,224.0,1.6,7.2,0.92,SONEPUR,2022-06-30
2022,1274,RIVER MAHANADI (AFTER CONFL. WITH R. TEL) AT SONEPUR D/S,ODISHA,Mahanadi,7.9,225.0,1.85,7.1,1.3199999999999998,SONEPUR,2022-06-30
2022,2404,RIVER MAHANADI AT POWER CHANNEL D/S NEAR BURLA,ODISHA,Mahanadi,7.65,305.5,1.7000000000000002,7.199999999999999,3.1500000000000004,MAHANADI,2022-06-30
2022,2406,RIVER MAHANADI AT MUNDALI (WATER INTAKE POINT OF BHUBANESWAR CITY),ODISHA,Mahanadi,7.6,196.0,1.2000000000000002,8.100000000000001,0.8200000000000001,MAHANADI,2022-06-30
2022,3887,RIVER MAHANADI AT SAMBALPUR FD/S AT SHANKARMATH,ODISHA,Mahanadi,7.55,221.0,1.4500000000000002,5.9,1.17,MAHANADI,2022-06-30
2022,1275,RIVER MAHANADI AT TIKARPADA,-,Mahanadi,7.45,206.0,1.15,6.8,1.1199999999999999,MAHANADI,2022-06-30
2022,1276,RIVER MAHANADI AT NARSINGHPUR,ODIS-HA,Mahanadi,7.35,203.0,1.25,8.4,2.17,MAHANADI,2022-06-30
2022,1277,RIVER MAHANADI AT CUTTACK U/S,ODISHA,Mahanadi,7.550000000000001,195.5,1.4500000000000002,8.3,0.7200000000000001,MAHANADI,2022-06-30
2022,1278,RIVER MAHANADI AT CUTTACK D/S,ODISHA,Mahanadi,7.6,199.0,1.9,8.0,2.67,MAHANADI,2022-06-30
2022,3888,RIVER MAHANADI AT POWER CHANNEL U/S NEAR BURLA,ODISHA,Mahanadi,7.6,194.0,1.2000000000000002,7.0,0.625,MAHANADI,2022-06-30
2022,3890,RIVER MAHANADI AT CUTTACK FD/S AT GATIRAUTAPATNA,ODISHA,Mahanadi,7.75,192.5,1.8,7.9,1.52,MAHANADI,2022-06-30
2022,2407,RIVER MAHANADI AT PARADEEP U/S (BEFORE INDUSTRIAL ACTIVITY AT PARADEEP),ODISHA,Mahanadi,7.4,8463.5,1.6,7.699999999999999,3.02,MAHANADI,2022-06-30
2022,1639,RIVER MAHANADI AT PARADEEP D/S,ODISHA,Mahanadi,7.45,21599.5,1.6500000000000001,7.0,0.775,MAHANADI,2022-06-30
2022,4990,MAHANADI MUHANA NORTH (5 KM FROM SHORE),ODISHA,Mahanadi,8.455,,1.6,6.8,,Mahanadi,2022-06-30
2022,4991,MAHANADI MUHANA SOUTH (5 KM FROM SHORE),ODISHA,Mahanadi,8.5,,,6.800000000000001,,Mahanadi,2022-06-30
2022,4992,MAHANADI MUHANA / ESTUARY,ODISHA,Mahanadi,7.9,,1.25,6.95,,Mahanadi,2022-06-30
2022,4993,HUKITOLA,ODISHA,Mahanadi,8.485,,,5.65,,Mahanadi,2022-06-30
2022,4994,MAHANADI MUHANA (5 KM FROM SHORE),ODISHA,Mahanadi,8.1,,1.5,6.15,,Mahanadi,2022-06-30
2022,1107,"RIVER SEONATH AT U/S RAJNANDGAON,",CHHATTISGARH,"Tributary Streams - Seonath, Bheden, Kharoon, Hasdeo, Ib, Serua, Kuakhai, Daya, Birupa, Arpa, Kelo, Kathajodi, Gobari, Devi, Gangua, Kushabhadra, Mangala, Bhargavi, Kansari, Badasankha, Ratnachira, Nuna Nadi, Kusumi Nadi, Sabulia Nadi, Rushikulya, Tel, Budhabalanga, Ong, Russelkunda Reservoir And Bada Nadi",7.635,,2.1,7.0,15.385,SEONATH,2022-06-30
2022,1266,RIVER SEONATH AT SHIMGA NEAR ROAD BRIDGE,CHHATTISGARH,"Tributary Streams - Seonath, Bheden, Kharoon, Hasdeo, Ib, Serua, Kuakhai, Daya, Birupa, Arpa, Kelo, Kathajodi, Gobari, Devi, Gangua, Kushabhadra, Mangala, Bhargavi, Kansari, Badasankha, Ratnachira, Nuna Nadi, Kusumi Nadi, Sabulia Nadi, Rushikulya, Tel, Budhabalanga, Ong, Russelkunda Reservoir And Bada Nadi",7.5600000000000005,427.5,2.4,7.3,,SEONATH,2022-06-30
2022,1845,"RIVER SEONATH WATER SUPPLY WELL, DURG, CHHATISGARH.",CHHATTISGARH,"Tributary Streams - Seonath, Bheden, Kharoon, Hasdeo, Ib, Serua, Kuakhai, Daya, Birupa, Arpa, Kelo, Kathajodi, Gobari, Devi, Gangua, Kushabhadra, Mangala, Bhargavi, Kansari, Badasankha, Ratnachira, Nuna Nadi, Kusumi Nadi, Sabulia Nadi, Rushikulya, Tel, Budhabalanga, Ong, Russelkunda Reservoir And Bada Nadi",7.609999999999999,,2.1,7.0,17.68,"Seonath, Bheden, Kharoon, Hasdeo, Ib, Serua, Kuakhai, Daya, Birupa, Arpa, Kelo, Kathajodi, Gobari, Devi, Gangua, Kushabhadra, Mangala, Bhargavi, Kansari, Badasankha, Ratnachira, Nuna Nadi, Kusumi Nadi, Sabulia Nadi, Rushikulya, Tel, Budhabalanga, Ong, Russelkunda Reservoir And Bada Nadi",2022-06-30
2022,3166,"RIVER SEONATH AT JHINGHRI VILLAGE, A/C OF SAMODA NALLA, CHHATISGARH.",CHHATTISGARH,"Tributary Streams - Seonath, Bheden, Kharoon, Hasdeo, Ib, Serua, Kuakhai, Daya, Birupa, Arpa, Kelo, Kathajodi, Gobari, Devi, Gangua, Kushabhadra, Mangala, Bhargavi, Kansari, Badasankha, Ratnachira, Nuna Nadi, Kusumi Nadi, Sabulia Nadi, Rushikulya, Tel, Budhabalanga, Ong, Russelkunda Reservoir And Bada Nadi",7.42,,2.9,5.45,0.8300000000000001,SEONATH,2022-06-30
2022,3167,"RIVER SEONATH AT MOHAD, RAJNANDGAON",CHHATTISGARH,"Tributary Streams - Seonath, Bheden, Kharoon, Hasdeo, Ib, Serua, Kuakhai, Daya, Birupa, Arpa, Kelo, Kathajodi, Gobari, Devi, Gangua, Kushabhadra, Mangala, Bhargavi, Kansari, Badasankha, Ratnachira, Nuna Nadi, Kusumi Nadi, Sabulia Nadi, Rushikulya, Tel, Budhabalanga, Ong, Russelkunda Reservoir And Bada Nadi",7.765,1912.0,2.25,6.9,,SEONATH,2022-06-30
2022,2403,RIVER BHEDEN BEFORE CONFLUENCE WITH IB RIVER,ODISHA,"Tributary Streams - Seonath, Bheden, Kharoon, Hasdeo, Ib, Serua, Kuakhai, Daya, Birupa, Arpa, Kelo, Kathajodi, Gobari, Devi, Gangua, Kushabhadra, Mangala, Bhargavi, Kansari, Badasankha, Ratnachira, Nuna Nadi, Kusumi Nadi, Sabulia Nadi, Rushikulya, Tel, Budhabalanga, Ong, Russelkunda Reservoir And Bada Nadi",7.5,342.5,1.6500000000000001,7.95,1.02,"Seonath, Bheden, Kharoon, Hasdeo, Ib, Serua, Kuakhai, Daya, Birupa, Arpa, Kelo, Kathajodi, Gobari, Devi, Gangua, Kushabhadra, Mangala, Bhargavi, Kansari, Badasankha, Ratnachira, Nuna Nadi, Kusumi Nadi, Sabulia Nadi, Rushikulya, Tel, Budhabalanga, Ong, Russelkunda Reservoir And Bada Nadi",2022-06-30
2022,1265,RIVER KHAROON AT BHATAGAON NEAR WATER SUPPLY INTAKEWELL RAIPUR,CHHATTISGARH,"Tributary Streams - Seonath, Bheden, Kharoon, Hasdeo, Ib, Serua, Kuakhai, Daya, Birupa, Arpa, Kelo, Kathajodi, Gobari, Devi, Gangua, Kushabhadra, Mangala, Bhargavi, Kansari, Badasankha, Ratnachira, Nuna Nadi, Kusumi Nadi, Sabulia Nadi, Rushikulya, Tel, Budhabalanga, Ong, Russelkunda Reservoir And Bada Nadi",7.495,305.5,2.5,7.1,,KHAROON,2022-06-30
2022,1846,"RIVER KHAROON B/C KHAPRI NAHLA RAIPUR ROAD,CHHATTISGARH",CHHATTISGARH,"Tributary Streams - Seonath, Bheden, Kharoon, Hasdeo, Ib, Serua, Kuakhai, Daya, Birupa, Arpa, Kelo, Kathajodi, Gobari, Devi, Gangua, Kushabhadra, Mangala, Bhargavi, Kansari, Badasankha, Ratnachira, Nuna Nadi, Kusumi Nadi, Sabulia Nadi, Rushikulya, Tel, Budhabalanga, Ong, Russelkunda Reservoir And Bada Nadi",7.555,,2.65,6.4,,"Seonath, Bheden, Kharoon, Hasdeo, Ib, Serua, Kuakhai, Daya, Birupa, Arpa, Kelo, Kathajodi, Gobari, Devi, Gangua, Kushabhadra, Mangala, Bhargavi, Kansari, Badasankha, Ratnachira, Nuna Nadi, Kusumi Nadi, Sabulia Nadi, Rushikulya, Tel, Budhabalanga, Ong, Russelkunda Reservoir And Bada Nadi",2022-06-30
2022,1847,"RIVER KHAROON A/C KHAPRI NAHLA,CHHATTISGARH",CHHATTISGARH,"Tributary Streams - Seonath, Bheden, Kharoon, Hasdeo, Ib, Serua, Kuakhai, Daya, Birupa, Arpa, Kelo, Kathajodi, Gobari, Devi, Gangua, Kushabhadra, Mangala, Bhargavi, Kansari, Badasankha, Ratnachira, Nuna Nadi, Kusumi Nadi, Sabulia Nadi, Rushikulya, Tel, Budhabalanga, Ong, Russelkunda Reservoir And Bada Nadi",7.53,5821.0,2.9000000000000004,6.5,0.78,"Seonath, Bheden, Kharoon, Hasdeo, Ib, Serua, Kuakhai, Daya, Birupa, Arpa, Kelo, Kathajodi, Gobari, Devi, Gangua, Kushabhadra, Mangala, Bhargavi, Kansari, Badasankha, Ratnachira, Nuna Nadi, Kusumi Nadi, Sabulia Nadi, Rushikulya, Tel, Budhabalanga, Ong, Russelkunda Reservoir And Bada Nadi",2022-06-30
2022,1853,"RIVER KHAROON AT VILLAGE BENDRI, NEAR WATER SUPPLY INTAKEWELL",CHHATTISGARH,"Tributary Streams - Seonath, Bheden, Kharoon, Hasdeo, Ib, Serua, Kuakhai, Daya, Birupa, Arpa, Kelo, Kathajodi, Gobari, Devi, Gangua, Kushabhadra, Mangala, Bhargavi, Kansari, Badasankha, Ratnachira, Nuna Nadi, Kusumi Nadi, Sabulia Nadi, Rushikulya, Tel, Budhabalanga, Ong, Russelkunda Reservoir And Bada Nadi",7.46,386.0,2.5,6.800000000000001,,KHAROON,2022-06-30
2022,1105,RIVER HASDEO UP STREAM OF HASDEO BANGO HYDEL POWER STATION STATION MACHADOLI KORBA,CHHATTISGARH,"Tributary Streams - Seonath, Bheden, Kharoon, Hasdeo, Ib, Serua, Kuakhai, Daya, Birupa, Arpa, Kelo, Kathajodi, Gobari, Devi, Gangua, Kushabhadra, Mangala, Bhargavi, Kansari, Badasankha, Ratnachira, Nuna Nadi, Kusumi Nadi, Sabulia Nadi, Rushikulya, Tel, Budhabalanga, Ong, Russelkunda Reservoir And Bada Nadi",7.205,5003.0,,7.9,17.29,"Seonath, Bheden, Kharoon, Hasdeo, Ib, Serua, Kuakhai, Daya, Birupa, Arpa, Kelo, Kathajodi, Gobari, Devi, Gangua, Kushabhadra, Mangala, Bhargavi, Kansari, Badasankha, Ratnachira, Nuna Nadi, Kusumi Nadi, Sabulia Nadi, Rushikulya, Tel, Budhabalanga, Ong, Russelkunda Reservoir And Bada Nadi",2022-06-30
2022,1106,RIVER HASDEO AT U/S OF CHAMPA,CHHATTISGARH,"Tributary Streams - Seonath, Bheden, Kharoon, Hasdeo, Ib, Serua, Kuakhai, Daya, Birupa, Arpa, Kelo, Kathajodi, Gobari, Devi, Gangua, Kushabhadra, Mangala, Bhargavi, Kansari, Badasankha, Ratnachira, Nuna Nadi, Kusumi Nadi, Sabulia Nadi, Rushikulya, Tel, Budhabalanga, Ong, Russelkunda Reservoir And Bada Nadi",7.805000000000001,409.5,7.0,7.25,2.5949999999999998,HASDEO,2022-06-30
2022,3165,"RIVER HASDEO 100 METER DOWNSTREAM AFTER CONFLUENCE OF DENGUR NALLAH NERA C.S.E.B. EAST GUEST HOUSE, KORBA",CHHATTISGARH,"Tributary Streams - Seonath, Bheden, Kharoon, Hasdeo, Ib, Serua, Kuakhai, Daya, Birupa, Arpa, Kelo, Kathajodi, Gobari, Devi, Gangua, Kushabhadra, Mangala, Bhargavi, Kansari, Badasankha, Ratnachira, Nuna Nadi, Kusumi Nadi, Sabulia Nadi, Rushikulya, Tel, Budhabalanga, Ong, Russelkunda Reservoir And Bada Nadi",7.31,962.5,1.7000000000000002,7.4,19.79,"Seonath, Bheden, Kharoon, Hasdeo, Ib, Serua, Kuakhai, Daya, Birupa, Arpa, Kelo, Kathajodi, Gobari, Devi, Gangua, Kushabhadra, Mangala, Bhargavi, Kansari, Badasankha, Ratnachira, Nuna Nadi, Kusumi Nadi, Sabulia Nadi, Rushikulya, Tel, Budhabalanga, Ong, Russelkunda Reservoir And Bada Nadi",2022-06-30
2022,3169,"RIVER HASDEO AT DRINKING WATER INTANK WELL OF MUNICIPAL CO. KORBA (BEFORE TREATMENT ) AT LOHADIA VILLAGE,",CHHATTISGARH,"Tributary Streams - Seonath, Bheden, Kharoon, Hasdeo, Ib, Serua, Kuakhai, Daya, Birupa, Arpa, Kelo, Kathajodi, Gobari, Devi, Gangua, Kushabhadra, Mangala, Bhargavi, Kansari, Badasankha, Ratnachira, Nuna Nadi, Kusumi Nadi, Sabulia Nadi, Rushikulya, Tel, Budhabalanga, Ong, Russelkunda Reservoir And Bada Nadi",7.275,4923.0,1.55,7.3,17.415,HASDEO,2022-06-30
2022,3170,RIVER HASDEO DRINKING WATER INTAKE WELL OF MUNICIPAL CO. KORBA AFTER TREATMENT PLANT AT VILLAGE KOHADIA KORBA,CHHATTISGARH,"Tributary Streams - Seonath, Bheden, Kharoon, Hasdeo, Ib, Serua, Kuakhai, Daya, Birupa, Arpa, Kelo, Kathajodi, Gobari, Devi, Gangua, Kushabhadra, Mangala, Bhargavi, Kansari, Badasankha, Ratnachira, Nuna Nadi, Kusumi Nadi, Sabulia Nadi, Rushikulya, Tel, Budhabalanga, Ong, Russelkunda Reservoir And Bada Nadi",7.305,5128.5,,7.7,17.745,PLANT,2022-06-30
2022,1267,RIVER IB AT SUNDARGARH,ODISHA,"Tributary Streams - Seonath, Bheden, Kharoon, Hasdeo, Ib, Serua, Kuakhai, Daya, Birupa, Arpa, Kelo, Kathajodi, Gobari, Devi, Gangua, Kushabhadra, Mangala, Bhargavi, Kansari, Badasankha, Ratnachira, Nuna Nadi, Kusumi Nadi, Sabulia Nadi, Rushikulya, Tel, Budhabalanga, Ong, Russelkunda Reservoir And Bada Nadi",7.5,146.0,1.4,7.35,0.8200000000000001,IB,2022-06-30
2022,1268,RIVER IB AT JHARSUGUDA (INTAKE),ODISHA,"Tributary Streams - Seonath, Bheden, Kharoon, Hasdeo, Ib, Serua, Kuakhai, Daya, Birupa, Arpa, Kelo, Kathajodi, Gobari, Devi, Gangua, Kushabhadra, Mangala, Bhargavi, Kansari, Badasankha, Ratnachira, Nuna Nadi, Kusumi Nadi, Sabulia Nadi, Rushikulya, Tel, Budhabalanga, Ong, Russelkunda Reservoir And Bada Nadi",7.5,173.5,1.4500000000000002,8.2,0.57,IB,2022-06-30
2022,1269,RIVER IB AT BRAJARAJNAGAR (INTAKE) D/S,ODISHA,"Tributary Streams - Seonath, Bheden, Kharoon, Hasdeo, Ib, Serua, Kuakhai, Daya, Birupa, Arpa, Kelo, Kathajodi, Gobari, Devi, Gangua, Kushabhadra, Mangala, Bhargavi, Kansari, Badasankha, Ratnachira, Nuna Nadi, Kusumi Nadi, Sabulia Nadi, Rushikulya, Tel, Budhabalanga, Ong, Russelkunda Reservoir And Bada Nadi",7.449999999999999,221.0,1.5,7.699999999999999,0.52,IB,2022-06-30
2022,1300,RIVER IB AT BRAJARAJNAGAR U/S,ODISHA,"Tributary Streams - Seonath, Bheden, Kharoon, Hasdeo, Ib, Serua, Kuakhai, Daya, Birupa, Arpa, Kelo, Kathajodi, Gobari, Devi, Gangua, Kushabhadra, Mangala, Bhargavi, Kansari, Badasankha, Ratnachira, Nuna Nadi, Kusumi Nadi, Sabulia Nadi, Rushikulya, Tel, Budhabalanga, Ong, Russelkunda Reservoir And Bada Nadi",7.550000000000001,184.5,1.4500000000000002,8.0,0.43500000000000005,IB,2022-06-30
2022,2409,RIVER SERUA AT CUTTACK FD/S (SERUA) AT SANKHATRASA,ODISHA,"Tributary Streams - Seonath, Bheden, Kharoon, Hasdeo, Ib, Serua, Kuakhai, Daya, Birupa, Arpa, Kelo, Kathajodi, Gobari, Devi, Gangua, Kushabhadra, Mangala, Bhargavi, Kansari, Badasankha, Ratnachira, Nuna Nadi, Kusumi Nadi, Sabulia Nadi, Rushikulya, Tel, Budhabalanga, Ong, Russelkunda Reservoir And Bada Nadi",7.75,240.0,2.55,7.15,3.8449999999999998,SERUA,2022-06-30
2022,1279,RIVER KUAKHAI AT BHUBANESWAR U/S,ODISHA,"Tributary Streams - Seonath, Bheden, Kharoon, Hasdeo, Ib, Serua, Kuakhai, Daya, Birupa, Arpa, Kelo, Kathajodi, Gobari, Devi, Gangua, Kushabhadra, Mangala, Bhargavi, Kansari, Badasankha, Ratnachira, Nuna Nadi, Kusumi Nadi, Sabulia Nadi, Rushikulya, Tel, Budhabalanga, Ong, Russelkunda Reservoir And Bada Nadi",7.6,251.0,1.5,7.8999999999999995,1.4549999999999998,KUAKHAI,2022-06-30
2022,2410,RIVER KUAKHAI AT BHUBANESWAR FU/S,ODISHA,"Tributary Streams - Seonath, Bheden, Kharoon, Hasdeo, Ib, Serua, Kuakhai, Daya, Birupa, Arpa, Kelo, Kathajodi, Gobari, Devi, Gangua, Kushabhadra, Mangala, Bhargavi, Kansari, Badasankha, Ratnachira, Nuna Nadi, Kusumi Nadi, Sabulia Nadi, Rushikulya, Tel, Budhabalanga, Ong, Russelkunda Reservoir And Bada Nadi",7.6,204.0,1.5,7.7,1.04,KUAKHAI,2022-06-30
2022,1640,RIVER BIRUPA AT CHOUDWAR D/S,ODISHA,"Tributary Streams - Seonath, Bheden, Kharoon, Hasdeo, Ib, Serua, Kuakhai, Daya, Birupa, Arpa, Kelo, Kathajodi, Gobari, Devi, Gangua, Kushabhadra, Mangala, Bhargavi, Kansari, Badasankha, Ratnachira, Nuna Nadi, Kusumi Nadi, Sabulia Nadi, Rushikulya, Tel, Budhabalanga, Ong, Russelkunda Reservoir And Bada Nadi",7.699999999999999,194.0,1.85,7.8,0.9700000000000001,BIRUPA,2022-06-30
2022,1280,RIVER DAYA AT BHUBANESWAR D/S,ODISHA,"Tributary Streams - Seonath, Bheden, Kharoon, Hasdeo, Ib, Serua, Kuakhai, Daya, Birupa, Arpa, Kelo, Kathajodi, Gobari, Devi, Gangua, Kushabhadra, Mangala, Bhargavi, Kansari, Badasankha, Ratnachira, Nuna Nadi, Kusumi Nadi, Sabulia Nadi, Rushikulya, Tel, Budhabalanga, Ong, Russelkunda Reservoir And Bada Nadi",7.25,257.0,4.6,6.25,4.085,DAYA,2022-06-30
2022,1848,"RIVER ARPA D/S OF BILASPUR CITY AT CHECK DAM OUTLET NEAR DEORI KHURD, BILASPUR",CHHATTISGARH,"Tributary Streams - Seonath, Bheden, Kharoon, Hasdeo, Ib, Serua, Kuakhai, Daya, Birupa, Arpa, Kelo, Kathajodi, Gobari, Devi, Gangua, Kushabhadra, Mangala, Bhargavi, Kansari, Badasankha, Ratnachira, Nuna Nadi, Kusumi Nadi, Sabulia Nadi, Rushikulya, Tel, Budhabalanga, Ong, Russelkunda Reservoir And Bada Nadi",8.24,701.5,3.2,6.35,5.1,ARPA,2022-06-30
2022,1849,RIVER KELO U/S URDANA VILLAGE,CHHATTISGARH,"Tributary Streams - Seonath, Bheden, Kharoon, Hasdeo, Ib, Serua, Kuakhai, Daya, Birupa, Arpa, Kelo, Kathajodi, Gobari, Devi, Gangua, Kushabhadra, Mangala, Bhargavi, Kansari, Badasankha, Ratnachira, Nuna Nadi, Kusumi Nadi, Sabulia Nadi, Rushikulya, Tel, Budhabalanga, Ong, Russelkunda Reservoir And Bada Nadi",7.85,244.5,1.8,7.449999999999999,1.385,KELO,2022-06-30
2022,1850,RIVER KELO D/S LAHANGAPALI BRIDGE MIDMIDA VILLAGE,CHHATTISGARH,"Tributary Streams - Seonath, Bheden, Kharoon, Hasdeo, Ib, Serua, Kuakhai, Daya, Birupa, Arpa, Kelo, Kathajodi, Gobari, Devi, Gangua, Kushabhadra, Mangala, Bhargavi, Kansari, Badasankha, Ratnachira, Nuna Nadi, Kusumi Nadi, Sabulia Nadi, Rushikulya, Tel, Budhabalanga, Ong, Russelkunda Reservoir And Bada Nadi",7.5,265.0,2.15,8.05,1.025,KELO,2022-06-30
2022,2411,RIVER DAYA AT BHUBANESWAR FD/S ( 2 KM AFTER CONFLUENCE OF GANGUA NALLAH WITH DAYA),ODISHA,"Tributary Streams - Seonath, Bheden, Kharoon, Hasdeo, Ib, Serua, Kuakhai, Daya, Birupa, Arpa, Kelo, Kathajodi, Gobari, Devi, Gangua, Kushabhadra, Mangala, Bhargavi, Kansari, Badasankha, Ratnachira, Nuna Nadi, Kusumi Nadi, Sabulia Nadi, Rushikulya, Tel, Budhabalanga, Ong, Russelkunda Reservoir And Bada Nadi",7.3,268.5,3.75,6.6,3.9949999999999997,DAYA,2022-06-30
2022,3894,RIVER DAYA AT GELAPUR,ODISHA,"Tributary Streams - Seonath, Bheden, Kharoon, Hasdeo, Ib, Serua, Kuakhai, Daya, Birupa, Arpa, Kelo, Kathajodi, Gobari, Devi, Gangua, Kushabhadra, Mangala, Bhargavi, Kansari, Badasankha, Ratnachira, Nuna Nadi, Kusumi Nadi, Sabulia Nadi, Rushikulya, Tel, Budhabalanga, Ong, Russelkunda Reservoir And Bada Nadi",7.7,188.0,1.6500000000000001,6.75,0.625,DAYA,2022-06-30
2022,3895,RIVER DAYA AT KANAS,ODISHA,"Tributary Streams - Seonath, Bheden, Kharoon, Hasdeo, Ib, Serua, Kuakhai, Daya, Birupa, Arpa, Kelo, Kathajodi, Gobari, Devi, Gangua, Kushabhadra, Mangala, Bhargavi, Kansari, Badasankha, Ratnachira, Nuna Nadi, Kusumi Nadi, Sabulia Nadi, Rushikulya, Tel, Budhabalanga, Ong, Russelkunda Reservoir And Bada Nadi",7.050000000000001,342.0,2.0999999999999996,6.300000000000001,4.13,DAYA,2022-06-30
2022,3891,RIVER KATHAJODI AT CUTTACK U/S,ODISHA,"Tributary Streams - Seonath, Bheden, Kharoon, Hasdeo, Ib, Serua, Kuakhai, Daya, Birupa, Arpa, Kelo, Kathajodi, Gobari, Devi, Gangua, Kushabhadra, Mangala, Bhargavi, Kansari, Badasankha, Ratnachira, Nuna Nadi, Kusumi Nadi, Sabulia Nadi, Rushikulya, Tel, Budhabalanga, Ong, Russelkunda Reservoir And Bada Nadi",7.65,187.5,1.6,8.3,0.92,KATHAJODI,2022-06-30
2022,1301,RIVER KATHAJODI AT CUTTACK D/S,ODISHA,"Tributary Streams - Seonath, Bheden, Kharoon, Hasdeo, Ib, Serua, Kuakhai, Daya, Birupa, Arpa, Kelo, Kathajodi, Gobari, Devi, Gangua, Kushabhadra, Mangala, Bhargavi, Kansari, Badasankha, Ratnachira, Nuna Nadi, Kusumi Nadi, Sabulia Nadi, Rushikulya, Tel, Budhabalanga, Ong, Russelkunda Reservoir And Bada Nadi",7.85,245.0,3.0,6.1,3.8800000000000003,KATHAJODI,2022-06-30
2022,3892,RIVER KATHAJODI AT CUTTACK FD/S AT MATTAGAJPUR,ODISHA,"Tributary Streams - Seonath, Bheden, Kharoon, Hasdeo, Ib, Serua, Kuakhai, Daya, Birupa, Arpa, Kelo, Kathajodi, Gobari, Devi, Gangua, Kushabhadra, Mangala, Bhargavi, Kansari, Badasankha, Ratnachira, Nuna Nadi, Kusumi Nadi, Sabulia Nadi, Rushikulya, Tel, Budhabalanga, Ong, Russelkunda Reservoir And Bada Nadi",7.85,226.0,2.8,6.0,4.17,KATHAJODI,2022-06-30
2022,3893,RIVER KATHAJODI AT CUTTACK FD/S AT KAMASASAN,ODISHA,"Tributary Streams - Seonath, Bheden, Kharoon, Hasdeo, Ib, Serua, Kuakhai, Daya, Birupa, Arpa, Kelo, Kathajodi, Gobari, Devi, Gangua, Kushabhadra, Mangala, Bhargavi, Kansari, Badasankha, Ratnachira, Nuna Nadi, Kusumi Nadi, Sabulia Nadi, Rushikulya, Tel, Budhabalanga, Ong, Russelkunda Reservoir And Bada Nadi",7.699999999999999,209.0,1.5,7.4,0.87,KATHAJODI,2022-06-30
2022,3900,RIVER GOBARI AT KENDRAPARA U/S,ODISHA,"Tributary Streams - Seonath, Bheden, Kharoon, Hasdeo, Ib, Serua, Kuakhai, Daya, Birupa, Arpa, Kelo, Kathajodi, Gobari, Devi, Gangua, Kushabhadra, Mangala, Bhargavi, Kansari, Badasankha, Ratnachira, Nuna Nadi, Kusumi Nadi, Sabulia Nadi, Rushikulya, Tel, Budhabalanga, Ong, Russelkunda Reservoir And Bada Nadi",7.449999999999999,1114.0,1.35,5.9,0.725,GOBARI,2022-06-30
2022,3901,RIVER GOBARI AT KENDRAPARA D/S,ODISHA,"Tributary Streams - Seonath, Bheden, Kharoon, Hasdeo, Ib, Serua, Kuakhai, Daya, Birupa, Arpa, Kelo, Kathajodi, Gobari, Devi, Gangua, Kushabhadra, Mangala, Bhargavi, Kansari, Badasankha, Ratnachira, Nuna Nadi, Kusumi Nadi, Sabulia Nadi, Rushikulya, Tel, Budhabalanga, Ong, Russelkunda Reservoir And Bada Nadi",7.65,1583.0,2.05,4.5,1.66,GOBARI,2022-06-30
2022,3902,RIVER DEVI AT MACCHGAON,ODISHA,"Tributary Streams - Seonath, Bheden, Kharoon, Hasdeo, Ib, Serua, Kuakhai, Daya, Birupa, Arpa, Kelo, Kathajodi, Gobari, Devi, Gangua, Kushabhadra, Mangala, Bhargavi, Kansari, Badasankha, Ratnachira, Nuna Nadi, Kusumi Nadi, Sabulia Nadi, Rushikulya, Tel, Budhabalanga, Ong, Russelkunda Reservoir And Bada Nadi",7.5,16412.5,1.75,7.4,0.77,DEVI,2022-06-30
2022,3896,RIVER GANGUA NEAR RAJDHANI ENGINEERING COLLEGE,ODISHA,"Tributary Streams - Seonath, Bheden, Kharoon, Hasdeo, Ib, Serua, Kuakhai, Daya, Birupa, Arpa, Kelo, Kathajodi, Gobari, Devi, Gangua, Kushabhadra, Mangala, Bhargavi, Kansari, Badasankha, Ratnachira, Nuna Nadi, Kusumi Nadi, Sabulia Nadi, Rushikulya, Tel, Budhabalanga, Ong, Russelkunda Reservoir And Bada Nadi",6.95,328.0,7.0,2.15,6.04,GANGUA,2022-06-30
2022,3897,RIVER GANGUA AT PALASUNI,ODISHA,"Tributary Streams - Seonath, Bheden, Kharoon, Hasdeo, Ib, Serua, Kuakhai, Daya, Birupa, Arpa, Kelo, Kathajodi, Gobari, Devi, Gangua, Kushabhadra, Mangala, Bhargavi, Kansari, Badasankha, Ratnachira, Nuna Nadi, Kusumi Nadi, Sabulia Nadi, Rushikulya, Tel, Budhabalanga, Ong, Russelkunda Reservoir And Bada Nadi",6.9,758.0,8.5,1.8,8.040000000000001,GANGUA,2022-06-30
2022,3898,RIVER GANGUA AT SAMANTARAPUR,ODISHA,"Tributary Streams - Seonath, Bheden, Kharoon, Hasdeo, Ib, Serua, Kuakhai, Daya, Birupa, Arpa, Kelo, Kathajodi, Gobari, Devi, Gangua, Kushabhadra, Mangala, Bhargavi, Kansari, Badasankha, Ratnachira, Nuna Nadi, Kusumi Nadi, Sabulia Nadi, Rushikulya, Tel, Budhabalanga, Ong, Russelkunda Reservoir And Bada Nadi",6.9,362.0,10.35,1.7,8.290000000000001,GANGUA,2022-06-30
2022,3899,RIVER GANGUA AT VADIMULA,ODISHA,"Tributary Streams - Seonath, Bheden, Kharoon, Hasdeo, Ib, Serua, Kuakhai, Daya, Birupa, Arpa, Kelo, Kathajodi, Gobari, Devi, Gangua, Kushabhadra, Mangala, Bhargavi, Kansari, Badasankha, Ratnachira, Nuna Nadi, Kusumi Nadi, Sabulia Nadi, Rushikulya, Tel, Budhabalanga, Ong, Russelkunda Reservoir And Bada Nadi",7.05,353.0,6.25,4.3,7.44,GANGUA,2022-06-30
2022,3903,RIVER KUSHABHADRA AT BHINGARPUR,ODISHA,"Tributary Streams - Seonath, Bheden, Kharoon, Hasdeo, Ib, Serua, Kuakhai, Daya, Birupa, Arpa, Kelo, Kathajodi, Gobari, Devi, Gangua, Kushabhadra, Mangala, Bhargavi, Kansari, Badasankha, Ratnachira, Nuna Nadi, Kusumi Nadi, Sabulia Nadi, Rushikulya, Tel, Budhabalanga, Ong, Russelkunda Reservoir And Bada Nadi",7.25,246.0,1.6500000000000001,8.15,0.52,KUSHABHADRA,2022-06-30
2022,3904,RIVER KUSHABHADRA AT NIMAPARA,ODISHA,"Tributary Streams - Seonath, Bheden, Kharoon, Hasdeo, Ib, Serua, Kuakhai, Daya, Birupa, Arpa, Kelo, Kathajodi, Gobari, Devi, Gangua, Kushabhadra, Mangala, Bhargavi, Kansari, Badasankha, Ratnachira, Nuna Nadi, Kusumi Nadi, Sabulia Nadi, Rushikulya, Tel, Budhabalanga, Ong, Russelkunda Reservoir And Bada Nadi",7.25,253.0,1.9,7.9,0.52,KUSHABHADRA,2022-06-30
2022,3905,RIVER KUSHABHADRA AT GOP,ODISHA,"Tributary Streams - Seonath, Bheden, Kharoon, Hasdeo, Ib, Serua, Kuakhai, Daya, Birupa, Arpa, Kelo, Kathajodi, Gobari, Devi, Gangua, Kushabhadra, Mangala, Bhargavi, Kansari, Badasankha, Ratnachira, Nuna Nadi, Kusumi Nadi, Sabulia Nadi, Rushikulya, Tel, Budhabalanga, Ong, Russelkunda Reservoir And Bada Nadi",7.25,270.0,1.7,8.35,0.67,KUSHABHADRA,2022-06-30
2022,3906,RIVER MANGALA AT PURI U/S MALATIPATPUR,ODISHA,"Tributary Streams - Seonath, Bheden, Kharoon, Hasdeo, Ib, Serua, Kuakhai, Daya, Birupa, Arpa, Kelo, Kathajodi, Gobari, Devi, Gangua, Kushabhadra, Mangala, Bhargavi, Kansari, Badasankha, Ratnachira, Nuna Nadi, Kusumi Nadi, Sabulia Nadi, Rushikulya, Tel, Budhabalanga, Ong, Russelkunda Reservoir And Bada Nadi",7.3999999999999995,1027.0,1.6500000000000001,8.0,4.1049999999999995,MANGALA,2022-06-30
2022,3907,RIVER MANGALA AT PURI D/S GOLASAHI,ODISHA,"Tributary Streams - Seonath, Bheden, Kharoon, Hasdeo, Ib, Serua, Kuakhai, Daya, Birupa, Arpa, Kelo, Kathajodi, Gobari, Devi, Gangua, Kushabhadra, Mangala, Bhargavi, Kansari, Badasankha, Ratnachira, Nuna Nadi, Kusumi Nadi, Sabulia Nadi, Rushikulya, Tel, Budhabalanga, Ong, Russelkunda Reservoir And Bada Nadi",7.550000000000001,13079.0,3.0,9.05,4.205,MANGALA,2022-06-30
2022,3908,RIVER BHARGAVI AT CHANDANPUR,ODISHA,"Tributary Streams - Seonath, Bheden, Kharoon, Hasdeo, Ib, Serua, Kuakhai, Daya, Birupa, Arpa, Kelo, Kathajodi, Gobari, Devi, Gangua, Kushabhadra, Mangala, Bhargavi, Kansari, Badasankha, Ratnachira, Nuna Nadi, Kusumi Nadi, Sabulia Nadi, Rushikulya, Tel, Budhabalanga, Ong, Russelkunda Reservoir And Bada Nadi",7.9,341.5,1.4500000000000002,7.55,0.8,BHARGAVI,2022-06-30
2022,3909,RIVER KANSARI AT BANAPUR ROAD NEAR PURUSHOTTAMPUR,ODISHA,"Tributary Streams - Seonath, Bheden, Kharoon, Hasdeo, Ib, Serua, Kuakhai, Daya, Birupa, Arpa, Kelo, Kathajodi, Gobari, Devi, Gangua, Kushabhadra, Mangala, Bhargavi, Kansari, Badasankha, Ratnachira, Nuna Nadi, Kusumi Nadi, Sabulia Nadi, Rushikulya, Tel, Budhabalanga, Ong, Russelkunda Reservoir And Bada Nadi",7.15,233.5,1.75,6.85,0.77,KANSARI,2022-06-30
2022,3910,RIVER BADASANKHA NADI NEAR LANGALESWAR,ODISHA,"Tributary Streams - Seonath, Bheden, Kharoon, Hasdeo, Ib, Serua, Kuakhai, Daya, Birupa, Arpa, Kelo, Kathajodi, Gobari, Devi, Gangua, Kushabhadra, Mangala, Bhargavi, Kansari, Badasankha, Ratnachira, Nuna Nadi, Kusumi Nadi, Sabulia Nadi, Rushikulya, Tel, Budhabalanga, Ong, Russelkunda Reservoir And Bada Nadi",7.2,8434.5,1.9000000000000001,8.0,0.92,BADASANKHA NADI,2022-06-30
2022,3911,RIVER RATNACHIRA NAADI AT KUMARADIHI,ODISHA,"Tributary Streams - Seonath, Bheden, Kharoon, Hasdeo, Ib, Serua, Kuakhai, Daya, Birupa, Arpa, Kelo, Kathajodi, Gobari, Devi, Gangua, Kushabhadra, Mangala, Bhargavi, Kansari, Badasankha, Ratnachira, Nuna Nadi, Kusumi Nadi, Sabulia Nadi, Rushikulya, Tel, Budhabalanga, Ong, Russelkunda Reservoir And Bada Nadi",7.75,359.5,1.75,6.4,0.47,RATNACHIRA NAADI,2022-06-30
2022,3912,RIVER NUNA NADI AT BIJIPUR,ODISHA,"Tributary Streams - Seonath, Bheden, Kharoon, Hasdeo, Ib, Serua, Kuakhai, Daya, Birupa, Arpa, Kelo, Kathajodi, Gobari, Devi, Gangua, Kushabhadra, Mangala, Bhargavi, Kansari, Badasankha, Ratnachira, Nuna Nadi, Kusumi Nadi, Sabulia Nadi, Rushikulya, Tel, Budhabalanga, Ong, Russelkunda Reservoir And Bada Nadi",7.199999999999999,315.0,1.7,6.1,0.67,NUNA NADI,2022-06-30
2022,3913,RIVER KUSUMI NADI NEAR TANGI (LAXMIDHARA PUR),ODISHA,"Tributary Streams - Seonath, Bheden, Kharoon, Hasdeo, Ib, Serua, Kuakhai, Daya, Birupa, Arpa, Kelo, Kathajodi, Gobari, Devi, Gangua, Kushabhadra, Mangala, Bhargavi, Kansari, Badasankha, Ratnachira, Nuna Nadi, Kusumi Nadi, Sabulia Nadi, Rushikulya, Tel, Budhabalanga, Ong, Russelkunda Reservoir And Bada Nadi",7.2,211.0,1.35,7.5,0.62,KUSUMI NADI,2022-06-30
2022,3914,RIVER SABULIA NADI NEAR RAMBHA (AT JAGANNATHPATNA),ODISHA,"Tributary Streams - Seonath, Bheden, Kharoon, Hasdeo, Ib, Serua, Kuakhai, Daya, Birupa, Arpa, Kelo, Kathajodi, Gobari, Devi, Gangua, Kushabhadra, Mangala, Bhargavi, Kansari, Badasankha, Ratnachira, Nuna Nadi, Kusumi Nadi, Sabulia Nadi, Rushikulya, Tel, Budhabalanga, Ong, Russelkunda Reservoir And Bada Nadi",7.35,455.5,1.4500000000000002,6.05,1.67,SABULIA NADI,2022-06-30
2022,1455,"RIVER RUSHIKULYA AT GANJAM U/S (NEAR BABA TOLEKESWAR TEMPLE, KARAPADA) MADHOPUR",ODISHA,"Tributary Streams - Seonath, Bheden, Kharoon, Hasdeo, Ib, Serua, Kuakhai, Daya, Birupa, Arpa, Kelo, Kathajodi, Gobari, Devi, Gangua, Kushabhadra, Mangala, Bhargavi, Kansari, Badasankha, Ratnachira, Nuna Nadi, Kusumi Nadi, Sabulia Nadi, Rushikulya, Tel, Budhabalanga, Ong, Russelkunda Reservoir And Bada Nadi",7.7,3810.0,1.55,7.5,0.77,RUSHIKULYA,2022-06-30
2022,1456,RIVER RUSHIKULYA AT GANJAM D/S (NEAR POTTAGARH PORT),ODISHA,"Tributary Streams - Seonath, Bheden, Kharoon, Hasdeo, Ib, Serua, Kuakhai, Daya, Birupa, Arpa, Kelo, Kathajodi, Gobari, Devi, Gangua, Kushabhadra, Mangala, Bhargavi, Kansari, Badasankha, Ratnachira, Nuna Nadi, Kusumi Nadi, Sabulia Nadi, Rushikulya, Tel, Budhabalanga, Ong, Russelkunda Reservoir And Bada Nadi",7.6,17840.0,1.6,7.25,1.72,RUSHIKULYA,2022-06-30
2022,2408,"RIVER TEL (OVER ROAD BRIDGE STATE HIGHWAY -41, MANAMUNDA)",ODISHA,"Tributary Streams - Seonath, Bheden, Kharoon, Hasdeo, Ib, Serua, Kuakhai, Daya, Birupa, Arpa, Kelo, Kathajodi, Gobari, Devi, Gangua, Kushabhadra, Mangala, Bhargavi, Kansari, Badasankha, Ratnachira, Nuna Nadi, Kusumi Nadi, Sabulia Nadi, Rushikulya, Tel, Budhabalanga, Ong, Russelkunda Reservoir And Bada Nadi",7.65,196.0,1.3,6.8,0.76,"Seonath, Bheden, Kharoon, Hasdeo, Ib, Serua, Kuakhai, Daya, Birupa, Arpa, Kelo, Kathajodi, Gobari, Devi, Gangua, Kushabhadra, Mangala, Bhargavi, Kansari, Badasankha, Ratnachira, Nuna Nadi, Kusumi Nadi, Sabulia Nadi, Rushikulya, Tel, Budhabalanga, Ong, Russelkunda Reservoir And Bada Nadi",2022-06-30
2022,2423,RIVER BUDHABALANGA AT D/S OF BARIPADA TOWN,ODISHA,"Tributary Streams - Seonath, Bheden, Kharoon, Hasdeo, Ib, Serua, Kuakhai, Daya, Birupa, Arpa, Kelo, Kathajodi, Gobari, Devi, Gangua, Kushabhadra, Mangala, Bhargavi, Kansari, Badasankha, Ratnachira, Nuna Nadi, Kusumi Nadi, Sabulia Nadi, Rushikulya, Tel, Budhabalanga, Ong, Russelkunda Reservoir And Bada Nadi",7.55,225.0,1.55,7.4,0.62,BUDHABALANGA,2022-06-30
2022,3889,RIVER ONG AT DHARUAKHAMMA,ODISHA,"Tributary Streams - Seonath, Bheden, Kharoon, Hasdeo, Ib, Serua, Kuakhai, Daya, Birupa, Arpa, Kelo, Kathajodi, Gobari, Devi, Gangua, Kushabhadra, Mangala, Bhargavi, Kansari, Badasankha, Ratnachira, Nuna Nadi, Kusumi Nadi, Sabulia Nadi, Rushikulya, Tel, Budhabalanga, Ong, Russelkunda Reservoir And Bada Nadi",7.75,283.0,1.6,7.0,0.52,ONG,2022-06-30
2022,3944,RUSSELKUNDA RESERVOIR,ODISHA,Baitarni,7.65,630.5,1.7,6.75,1.1199999999999999,Baitarni,2022-06-30
2022,3945,RIVER RUSHIKULYA AT ASKA,ODISHA,Baitarni,7.6499999999999995,267.5,1.6,8.1,0.7200000000000001,RUSHIKULYA,2022-06-30
2022,3946,RIVER BADA NADI AT ASKA,ODISHA,Baitarni,7.8,235.0,1.35,7.35,0.62,BADA NADI,2022-06-30
2022,3947,RIVER RUSHIKULYA AT NALABANTA,ODISHA,Baitarni,7.85,285.0,1.35,8.0,1.6649999999999998,RUSHIKULYA,2022-06-30
2022,3168,RIVER HASDEO DOWN STREAM OF HASDEO RIVER NEAR VILLAGE URGA KORBA,CHHATTISGARH,Baitarni,7.375,1548.0,1.9,7.1,18.175,HASDEO DOWN STREAM OF HASDEO RIVER,2022-06-30
2022,1081,RIVER BAITARNI AT JODA,ODISHA,Baitarni,7.55,127.5,1.3,7.050000000000001,0.62,BAITARNI,2022-06-30
2022,1082,RIVER BAITARNI AT ANANDPUR,ODISHA,Baitarni,7.45,188.0,1.35,8.45,0.62,BAITARNI,2022-06-30
2022,1083,RIVER BAITARNI AT JAJPUR,ODISHA,Baitarni,7.55,192.5,1.5,7.4,1.6199999999999999,BAITARNI,2022-06-30
2022,3935,RIVER BAITARNI AT NAIGARH,ODISHA,Baitarni,7.449999999999999,121.0,1.4500000000000002,6.7,0.59,BAITARNI,2022-06-30
2022,3936,RIVER BAITARNI AT UNCHABALI,ODISHA,Baitarni,7.4,114.5,1.6,6.8,0.63,BAITARNI,2022-06-30
2022,1085,RIVER DHAMRA AT DHAMRA,ODISHA,Brahmani,7.4,20786.0,1.35,6.4,0.545,DHAMRA,2022-06-30
2022,3938,RIVER BAITARNI AT TRIBINDHA,ODISHA,Brahmani,7.300000000000001,141.0,1.5,6.65,0.625,BAITARNI,2022-06-30
2022,3937,RIVER BAITARNI AT CHAMPUA,ODISHA,Brahmani,7.3,137.0,1.4,6.8,0.92,BAITARNI,2022-06-30
2022,1084,RIVER BAITARNI AT CHANDBALI U/S,ODISHA,Brahmani,7.2,6972.0,1.5,6.800000000000001,0.7200000000000001,BAITARNI,2022-06-30
2022,10018,RIVER BAITARNI AT CHANDBALI D/S,ODISHA,Brahmani,7.3,10444.5,1.7000000000000002,6.6,0.7200000000000001,BAITARNI,2022-06-30
2022,3940,RIVER SALANDI AT BHADRAK U/S,ODISHA,Brahmani,7.45,144.5,1.4500000000000002,6.6,0.67,SALANDI,2022-06-30
2022,3941,RIVER SALANDI AT BHADRAK D/S,ODISHA,Brahmani,7.35,156.5,1.7000000000000002,6.4,0.7200000000000001,SALANDI,2022-06-30
2022,2421,"RIVER KUSEI BEFORE JOINING WITH BAITARANI AT ANANDPUR, DEOGAON",ODISHA,Brahmani,7.7,224.5,1.5,8.5,0.67,KUSEI BEFORE JOINING WITH BAITARANI,2022-06-30
2022,1037,RIVER BRAHMANI AT U/S PANPOSH,ODISHA,Brahmani,7.6,173.5,1.5,6.8500000000000005,0.52,BRAHMANI,2022-06-30
2022,1038,RIVER BRAHMANI AT D/S PANPOSH AT DEOGAN,ODISHA,Brahmani,7.449999999999999,3195.5,3.6,6.5,5.635,BRAHMANI,2022-06-30
2022,1302,RIVER BRAHMANI AT ROURKELA D/S AT JALDA,ODISHA,Brahmani,7.4,207.5,3.8,6.1,4.495,BRAHMANI,2022-06-30
2022,1303,RIVER BRAHMANI AT TALCHER U/S,ODISHA,Brahmani,7.25,152.5,1.3,8.0,0.57,BRAHMANI,2022-06-30
2022,2414,RIVER BRAHMANI AT ROURKELA FD/S AT BIRITOLA,ODISHA,Brahmani,7.65,200.0,1.95,8.35,1.72,BRAHMANI,2022-06-30
2022,1039,RIVER BRAHMANI AT BONAIGARH,ODISHA,Brahmani,7.65,165.0,1.6500000000000001,7.4,2.57,BRAHMANI,2022-06-30
2022,1040,RIVER BRAHMANI AT RENGALI,ODISHA,Brahmani,7.4,142.5,1.7,7.5,0.8200000000000001,BRAHMANI,2022-06-30
2022,1041,RIVER BRAHMANI AT SAMAL,ODISHA,Brahmani,7.35,142.5,1.85,8.1,0.62,BRAHMANI,2022-06-30
2022,2415,"RIVER BRAHMANI AT TALCHER FU/S (INTAKE WELL OF MCL, TALCHER)",ODISHA,Brahmani,7.15,146.0,1.2000000000000002,8.6,0.7200000000000001,BRAHMANI,2022-06-30
2022,2416,RIVER BRAHMANI AT TALCHER FD/S,ODISHA,Brahmani,7.25,216.5,1.65,8.4,0.47,BRAHMANI,2022-06-30
2022,1042,RIVER BRAHMANI AT KAMALANGA (TALCHER D/S),ODISHA,Brahmani,7.4,199.0,2.0,7.199999999999999,0.52,BRAHMANI,2022-06-30
2022,2417,"RIVER BRAHAMNI AT DHENKANAL D/S,",ODISHA,Brahmani,7.300000000000001,184.5,1.7000000000000002,7.4,0.52,BRAHAMNI,2022-06-30
2022,1043,RIVER BRAHMANI AT BHUBAN,ODISHA,Brahmani,7.4,175.0,1.75,6.9,0.52,BRAHMANI,2022-06-30
2022,2418,RIVER BRAHMANI AT KABATABANDHA (BEFORE IMPACT OF INDUSTRIAL ACTIVITY IN KALINGANAGAR),ODISHA,Brahmani,7.45,149.0,1.35,7.75,0.745,BRAHMANI,2022-06-30
2022,10019,RIVER BRAHMANI AT DHARAMSHALA U/S,ODISHA,"Tributary Streams - Kharasrota, Kisindajhor, Bangurusingada Jhor, Karo, Badajhor, Damasala, Tikira, Singda Jhor, Ramiala, Koel, North Koel, Sankha, Nandira, Lingira And Banguru Nallah",7.550000000000001,199.0,1.5,7.35,2.47,BRAHMANI,2022-06-30
2022,1044,RIVER BRAHMANI AT DHARMASHALA U/S,ODISHA,"Tributary Streams - Kharasrota, Kisindajhor, Bangurusingada Jhor, Karo, Badajhor, Damasala, Tikira, Singda Jhor, Ramiala, Koel, North Koel, Sankha, Nandira, Lingira And Banguru Nallah",7.5,160.5,1.5,7.5,0.64,BRAHMANI,2022-06-30
2022,1045,RIVER BRAHMANI AT PATTAMUNDAI,ODISHA,"Tributary Streams - Kharasrota, Kisindajhor, Bangurusingada Jhor, Karo, Badajhor, Damasala, Tikira, Singda Jhor, Ramiala, Koel, North Koel, Sankha, Nandira, Lingira And Banguru Nallah",7.550000000000001,292.0,1.4,7.2,0.7200000000000001,BRAHMANI,2022-06-30
2022,3916,RIVER BRAHMANI AT ROURKELA FD/S AT ATTAGHAT,ODISHA,"Tributary Streams - Kharasrota, Kisindajhor, Bangurusingada Jhor, Karo, Badajhor, Damasala, Tikira, Singda Jhor, Ramiala, Koel, North Koel, Sankha, Nandira, Lingira And Banguru Nallah",7.300000000000001,268.0,2.5999999999999996,7.55,4.85,BRAHMANI,2022-06-30
2022,3917,RIVER BRAHMANI AT MANDAPAL,ODISHA,"Tributary Streams - Kharasrota, Kisindajhor, Bangurusingada Jhor, Karo, Badajhor, Damasala, Tikira, Singda Jhor, Ramiala, Koel, North Koel, Sankha, Nandira, Lingira And Banguru Nallah",7.3,155.5,1.5,8.7,0.52,BRAHMANI,2022-06-30
2022,3918,RIVER BRAHMANI AT DHENKANAL U/S,ODISHA,"Tributary Streams - Kharasrota, Kisindajhor, Bangurusingada Jhor, Karo, Badajhor, Damasala, Tikira, Singda Jhor, Ramiala, Koel, North Koel, Sankha, Nandira, Lingira And Banguru Nallah",7.5,170.0,1.3,7.75,0.8200000000000001,BRAHMANI,2022-06-30
2022,2419,RIVER KHARASROTA AT KHANDITARA (D/S OF INDUSTRIAL ACTIVITIES AT KALINGA NAGAR),ODISHA,"Tributary Streams - Kharasrota, Kisindajhor, Bangurusingada Jhor, Karo, Badajhor, Damasala, Tikira, Singda Jhor, Ramiala, Koel, North Koel, Sankha, Nandira, Lingira And Banguru Nallah",7.65,165.0,1.25,7.95,1.3699999999999999,KHARASROTA,2022-06-30
2022,2420,RIVER KHARASROTA AT AUL,ODISHA,"Tributary Streams - Kharasrota, Kisindajhor, Bangurusingada Jhor, Karo, Badajhor, Damasala, Tikira, Singda Jhor, Ramiala, Koel, North Koel, Sankha, Nandira, Lingira And Banguru Nallah",7.65,513.0,1.4500000000000002,7.5,0.57,KHARASROTA,2022-06-30
2022,3922,RIVER KHARASROTA AT BINJHARPUR,ODISHA,"Tributary Streams - Kharasrota, Kisindajhor, Bangurusingada Jhor, Karo, Badajhor, Damasala, Tikira, Singda Jhor, Ramiala, Koel, North Koel, Sankha, Nandira, Lingira And Banguru Nallah",7.699999999999999,166.5,1.35,7.8,1.22,KHARASROTA,2022-06-30
2022,3921,RIVER KISINDAJHOR AT KHARAGPRASAD,ODISHA,"Tributary Streams - Kharasrota, Kisindajhor, Bangurusingada Jhor, Karo, Badajhor, Damasala, Tikira, Singda Jhor, Ramiala, Koel, North Koel, Sankha, Nandira, Lingira And Banguru Nallah",7.8,543.5,1.6,7.4,1.07,KISINDAJHOR,2022-06-30
2022,3931,RIVER BANGURUSINGADA JHOR,ODISHA,"Tributary Streams - Kharasrota, Kisindajhor, Bangurusingada Jhor, Karo, Badajhor, Damasala, Tikira, Singda Jhor, Ramiala, Koel, North Koel, Sankha, Nandira, Lingira And Banguru Nallah",7.699999999999999,339.0,1.4,5.5,2.37,"Kharasrota, Kisindajhor, Bangurusingada Jhor, Karo, Badajhor, Damasala, Tikira, Singda Jhor, Ramiala, Koel, North Koel, Sankha, Nandira, Lingira And Banguru Nallah",2022-06-30
2022,1035,"RIVER KARO AT LOHOJIMI U/S, JHARKAND",JHARKHAND,"Tributary Streams - Kharasrota, Kisindajhor, Bangurusingada Jhor, Karo, Badajhor, Damasala, Tikira, Singda Jhor, Ramiala, Koel, North Koel, Sankha, Nandira, Lingira And Banguru Nallah",7.300000000000001,,1.5,7.8,,KARO,2022-06-30
2022,3915,RIVER KARO AT BADBIL,ODISHA,"Tributary Streams - Kharasrota, Kisindajhor, Bangurusingada Jhor, Karo, Badajhor, Damasala, Tikira, Singda Jhor, Ramiala, Koel, North Koel, Sankha, Nandira, Lingira And Banguru Nallah",7.35,313.0,1.35,6.85,2.54,KARO,2022-06-30
2022,3924,RIVER BADAJHOR (AT DHENKANAL),ODISHA,"Tributary Streams - Kharasrota, Kisindajhor, Bangurusingada Jhor, Karo, Badajhor, Damasala, Tikira, Singda Jhor, Ramiala, Koel, North Koel, Sankha, Nandira, Lingira And Banguru Nallah",7.6,304.0,1.6500000000000001,7.3999999999999995,0.725,"Kharasrota, Kisindajhor, Bangurusingada Jhor, Karo, Badajhor, Damasala, Tikira, Singda Jhor, Ramiala, Koel, North Koel, Sankha, Nandira, Lingira And Banguru Nallah",2022-06-30
2022,3933,RIVER DAMASALA AT DAYANABIL,ODISHA,"Tributary Streams - Kharasrota, Kisindajhor, Bangurusingada Jhor, Karo, Badajhor, Damasala, Tikira, Singda Jhor, Ramiala, Koel, North Koel, Sankha, Nandira, Lingira And Banguru Nallah",7.55,143.0,1.25,7.75,2.125,DAMASALA,2022-06-30
2022,3927,RIVER TIKIRA AT KANIHA U/S,ODISHA,"Tributary Streams - Kharasrota, Kisindajhor, Bangurusingada Jhor, Karo, Badajhor, Damasala, Tikira, Singda Jhor, Ramiala, Koel, North Koel, Sankha, Nandira, Lingira And Banguru Nallah",7.95,214.0,1.2000000000000002,7.2,0.595,TIKIRA,2022-06-30
2022,3928,RIVER TIKIRA AT KANIHA D/S,ODISHA,"Tributary Streams - Kharasrota, Kisindajhor, Bangurusingada Jhor, Karo, Badajhor, Damasala, Tikira, Singda Jhor, Ramiala, Koel, North Koel, Sankha, Nandira, Lingira And Banguru Nallah",7.800000000000001,248.5,2.05,7.4,0.52,TIKIRA,2022-06-30
2022,3929,"RIVER SINGDA JHOR (TALCHER KANIHA ROAD BRIDGE, BALANGI)",ODISHA,"Tributary Streams - Kharasrota, Kisindajhor, Bangurusingada Jhor, Karo, Badajhor, Damasala, Tikira, Singda Jhor, Ramiala, Koel, North Koel, Sankha, Nandira, Lingira And Banguru Nallah",7.6000000000000005,379.0,1.3,7.0,0.66,"Kharasrota, Kisindajhor, Bangurusingada Jhor, Karo, Badajhor, Damasala, Tikira, Singda Jhor, Ramiala, Koel, North Koel, Sankha, Nandira, Lingira And Banguru Nallah",2022-06-30
2022,3932,RIVER RAMIALA NEAR KAMAKHYANAGAR,ODISHA,"Tributary Streams - Kharasrota, Kisindajhor, Bangurusingada Jhor, Karo, Badajhor, Damasala, Tikira, Singda Jhor, Ramiala, Koel, North Koel, Sankha, Nandira, Lingira And Banguru Nallah",7.699999999999999,165.0,1.2000000000000002,6.8,2.17,RAMIALA,2022-06-30
2022,1033,"RIVER KOEL AT BASIA, DAM U/S, JHARKHAND",JHARKHAND,"Tributary Streams - Kharasrota, Kisindajhor, Bangurusingada Jhor, Karo, Badajhor, Damasala, Tikira, Singda Jhor, Ramiala, Koel, North Koel, Sankha, Nandira, Lingira And Banguru Nallah",7.35,,1.75,7.75,,KOEL,2022-06-30
2022,1036,"RIVER KOEL AT MANOHARPUR AFTER MEETING KOINA RIVER D/S,",JHARKHAND,"Tributary Streams - Kharasrota, Kisindajhor, Bangurusingada Jhor, Karo, Badajhor, Damasala, Tikira, Singda Jhor, Ramiala, Koel, North Koel, Sankha, Nandira, Lingira And Banguru Nallah",7.4,225.5,1.95,6.7,,KOEL,2022-06-30
2022,2376,RIVER NORTH KOEL U/S DALTANGANJ,JHARKHAND,"Tributary Streams - Kharasrota, Kisindajhor, Bangurusingada Jhor, Karo, Badajhor, Damasala, Tikira, Singda Jhor, Ramiala, Koel, North Koel, Sankha, Nandira, Lingira And Banguru Nallah",7.0,,1.9000000000000001,7.699999999999999,,NORTH KOEL,2022-06-30
2022,2377,"RIVER NORTH KOEL D/S BCCL, REHLA",JHARKHAND,Godavari,7.4,,2.0,7.95,,NORTH KOEL,2022-06-30
2022,2412,RIVER SANKHA U/S ( D/S OF MANDIRA DAM),ODISHA,Godavari,7.5,137.5,1.5,8.65,0.57,SANKHA,2022-06-30
2022,2413,RIVER KOEL U/S (AFTER CONFLUENCE OF KARO),ODISHA,Godavari,7.5,166.0,1.3,9.1,0.52,KOEL,2022-06-30
2022,3919,RIVER NANDIRA U/S AT KUKUDANGA,ODISHA,Godavari,7.6000000000000005,502.5,1.3,7.5,1.07,NANDIRA,2022-06-30
2022,3920,RIVER NANDIRA D/S AT DASNALI,ODISHA,Godavari,7.8,523.0,1.5,7.0,0.67,NANDIRA,2022-06-30
2022,3925,RIVER LINGIRA U/S OF ANGUL,ODISHA,Godavari,7.8,424.5,1.3,6.9,0.67,LINGIRA,2022-06-30
2022,3926,RIVER LINGIRA D/S OF ANGUL,ODISHA,Godavari,8.0,377.5,1.75,7.7,0.755,LINGIRA,2022-06-30
2022,3930,"BANGURU NALLAH (OVER BRIDGE TALCHER RENGALI DAM ROAD, SARKISOREPAL)",ODISHA,Godavari,7.35,804.5,1.55,7.1,2.9699999999999998,Godavari,2022-06-30
2022,1095,"RIVER GODAVARI AT U/S OF GANGAPUR DAM, VILLAGE- GANGAPUR, NASHIK,",MAHARASHTRA,Godavari,7.55,1802.0,3.5,5.949999999999999,,GODAVARI,2022-06-30
2022,1096,"RIVER GODAVARI AT RAMKUND, VILLAGE- PANCHAVATI, NASHIK,",MAHARASHTRA,Godavari,7.800000000000001,445.0,4.3,5.8,,GODAVARI,2022-06-30
2022,1209,"RIVER GODAVARI AT RAHER, VILLAGE.RAHER, TALUKA. NAYAGAON, DISTRICT. NANDED.",MAHARASHTRA,Godavari,8.2,612.5,4.7,5.8,1.525,GODAVARI,2022-06-30
2022,1210,"RIVER GODAVARI NEAR INTAKE WATER PUMP HOUSE, VILLAGE- VISHNUPURI, TALUKA- NANDED,",MAHARASHTRA,Godavari,8.33,588.0,4.9,5.75,1.45,GODAVARI,2022-06-30
2022,1211,"RIVER GODAVARI AT D/S OF NASHIK NEAR AMARDHAM, VILLAGE- GADGEBABAMAHARAJ NAGAR, NASHIK,",MAHARASHTRA,Godavari,7.75,490.0,5.0,5.3,,GODAVARI,2022-06-30
2022,1312,"RIVER GODAVARI AT JAIKWADI DAM, VILLAGE- PAITHAN, TALUKA- PAITHAN",MAHARASHTRA,Godavari,8.3,650.5,3.0999999999999996,6.85,1.67,GODAVARI,2022-06-30
2022,2157,"RIVER GODAVARI AT LATUR WATER INTAKE NEAR PUMP HOUSE. VILLAGE. DHAMEGAON, TALUKA. KALUMB, DISTRICT. OSMANABAD.",MAHARASHTRA,Godavari,7.75,492.0,4.1,6.4,1.105,GODAVARI,2022-06-30
2022,2158,"RIVER GODAVARI AT U/S OF PAITHAN AT PAITHAN INTAKE PUMP HOUSE, VILLAGE- JAYAKWADI, TALUKA- PAITHAN,",MAHARASHTRA,Godavari,8.055,3237.5,4.6,5.55,1.505,GODAVARI,2022-06-30
2022,2159,"RIVER GODAVARI AT D/S OF PAITHAN AT PATHEGAON BRIDGE, VILLAGE- PATHEGAON, TALUKA- PAITHAN, DISTRICT- AURANGABAD.",MAHARASHTRA,Godavari,8.45,595.0,4.1,6.45,,GODAVARI,2022-06-30
2022,2160,"RIVER GODAVARI AT U/S OF AURANGABAD RESERVOIR,KAIGAON TOKKA NEAR KAIGAON BRIDGE,VILLAGE- KAIGAON,TALUKA- GANGAPUR, DISTRICT- AURANGABAD.",MAHARASHTRA,Godavari,8.190000000000001,591.0,3.9000000000000004,6.35,1.535,GODAVARI,2022-06-30
2022,2161,"RIVER GODAVARI AT JALNA INTAKE WATER PUMP HOUSE, VILLAGE- SHAHABAD, TALUKA- AMBAD, DISTRICT- JALNA.",MAHARASHTRA,Godavari,8.35,980.5,4.3,6.199999999999999,,GODAVARI,2022-06-30
2022,2177,"RIVER GODAVARI NEAR SOMESHWAR TEMPLE, VILLAGE- SOMESHWAR, TALUKA- NASHIK, DISTRICT- NASHIK.",MAHARASHTRA,Godavari,7.45,402.5,3.6,5.85,,GODAVARI,2022-06-30
2022,2179,"RIVER GODAVARI AT HANUMAN GHAT, VILLAGE- NASHIK CITY, TALUKA- NASHIK, DISTRICT- NASHIK.",MAHARASHTRA,Godavari,7.7,515.0,4.5,5.25,,GODAVARI,2022-06-30
2022,2180,"RIVER GODAVARI AT TAPOVAN,VILLAGE- TAPOVAN, TALUKA- NASHIK, DISTRICT- NASHIK.",MAHARASHTRA,Godavari,7.75,514.0,4.3,4.85,,GODAVARI,2022-06-30
2022,2181,"RIVER GODAVARI AT KAPILA- GODAVARI CONFLUENCE POINT, VILLAGE- TAPOVAN,",MAHARASHTRA,Godavari,7.800000000000001,510.5,4.3,5.2,,GODAVARI,2022-06-30
2022,2182,"RIVER GODAVARI AT SAIKHEDA VILLAGE, VILLAGE- SAIKHEDA, TALUKA- NIPHAD,",MAHARASHTRA,Godavari,7.65,536.0,3.4,5.7,,GODAVARI,2022-06-30
2022,2183,"RIVER GODAVARI AT NANDUR-MADHMESHWAR DAM, VILLAGE- NANDUR, TALUKA- NIPHAD",MAHARASHTRA,Godavari,7.6,509.0,3.3,5.9,,GODAVARI,2022-06-30
2022,30049,"RIVER GODAVARI AT BELUR,DHARMADABAD, NANDED",MAHARASHTRA,Godavari,7.9,568.0,8.6,4.9,1.61,GODAVARI,2022-06-30
2022,30051,RIVER GODAVARI AT BASER(BANGALORE),KARNATAKA,Godavari,7.48,710.0,2.4,6.9,7.0,GODAVARI,2022-06-30
2022,2360,"RIVER GODAVARI AT BASARA (V & M), NIRMAL (D)",TELANGANA,Godavari,7.705,745.5,1.65,6.75,6.5600000000000005,GODAVARI,2022-06-30
2022,2361,"RIVER GODAVARI-RIVER GODAVARI AT MANCHERIAL, NEAR RAIL WAY BRIDGE B/C OF RALLAVAGU, MANCHERIAL (D)",TELANGANA,Godavari,8.02,509.0,1.55,5.75,,GODAVARI-RIVER GODAVARI,2022-06-30
2022,2362,"RIVER GODAVARI-D/S AT RAMAGUNDAM NEAR FCI INTAKE WELL, PEDDAPALLI",TELANGANA,Godavari,8.15,519.5,1.6500000000000001,5.7,,GODAVARI-D/S,2022-06-30
2022,2363,"RIVER GODAVARI AT GODAVARIKHANI NEAR BATHING GHAT , PEDDAPALLI",TELANGANA,Godavari,7.975,573.0,2.0,5.6,,GODAVARI,2022-06-30
2022,2364,"RIVER GODAVARI AT RAMAGUNDAM UPSTREAM NEAR DAM, PEDDAPALLI",TELANGANA,Godavari,7.98,520.5,1.55,6.0,,GODAVARI,2022-06-30
2022,2365,"RIVER GODAVARI - U/S AT KAMALAPUR ,AT M/S.AP RAYONS LTD., INTAKE WELL , KAMALAPUR (V), MANGAPET (M), MULUGU (D)",TELANGANA,Godavari,8.14,1236.0,1.6,5.9,,GODAVARI -,2022-06-30
2022,2367,"RIVER GODAVARI - U/S AT BHADRACHALAM BATHING GHAT, BHADRADRI KOTHAGUDEM",TELANGANA,Godavari,8.03,324.5,1.6,5.6,,GODAVARI -,2022-06-30
2022,2369,"RIVER GODAVARI AT BURGAMPAHAD , BHADRADRI KOTHAGUDEM",TELANGANA,Godavari,7.8950000000000005,380.0,1.7000000000000002,5.6,4.21,GODAVARI,2022-06-30
2022,2366,"RIVER GODAVARI - D/S AT KAMALAPUR ,AT M/S.AP RAYONS LTD., DISCHARGE POINT , MANGAPET (V&M), MULUGU (D)",TELANGANA,Godavari,8.07,289.5,1.55,6.1,,GODAVARI -,2022-06-30
2022,2368,"RIVER GODAVARI - D/S AT BHADRACHALAM BATHING GHAT , BHADRADRI KOTHAGUDEM",TELANGANA,Godavari,7.975,322.0,1.9000000000000001,5.6,1.67,GODAVARI -,2022-06-30
2022,2356,"RIVER GODAVARI D/S OF RAMAGUNDAM AT MANTHANI, PEDDAPALLI",TELANGANA,Godavari,7.87,583.5,1.55,5.65,,GODAVARI,2022-06-30
2022,4227,"RIVER GODAVARI- POCHERA WATER FALLS, POCHERA (V), BOATH (M), ADILABAD",TELANGANA,Godavari,7.91,828.0,2.65,6.5,6.08,Godavari,2022-06-30
2022,4662,"RIVER GODAVARI AT KALESHWARAM, 500 MTS. BEFORE BATHING GHAT, KALESHWARAM (V), MAHADEVPUR (M),JAYASHANKAR BHUPALAPALLY",TELANGANA,Godavari,7.875,437.5,1.4500000000000002,5.95,,GODAVARI,2022-06-30
2022,5105,"RIVER GODAVARI PUSHKAR GHAT , MANCHERIAL (V&M), MANCHERIAL (D)",TELANGANA,Godavari,7.6899999999999995,728.5,2.2,6.45,7.055,Godavari,2022-06-30
2022,4359,RIVER GODAVARI AFTER CONFLUENCE WITH SABARI TRIBUTARY (KUNAVARAM) AT WADDIGUDEM(V) V.R. PURAM (M),ANDHRA PRADESH,Godavari,7.945,383.0,1.8,7.199999999999999,2.575,Godavari,2022-06-30
2022,1218,"RIVER GODAVARI AT RAJAHMUNDRY U/S, KUMARADEVAM (V), KOVVUR (M)",ANDHRA PRADESH,Godavari,7.845,257.0,1.8,7.3,1.5699999999999998,GODAVARI,2022-06-30
2022,1219,"RIVER GODAVARI AT RAJAHMUNDRY D/S, DOWLESWARAM (V), RAJAHMUNDRY (M)",ANDHRA PRADESH,Godavari,7.73,252.5,2.2,7.1,1.1199999999999999,GODAVARI,2022-06-30
2022,2370,"RIVER GODAVARI AT RAJAMUNDRY U/S OF NALLA CHANNEL,RAJAMUNDRY",ANDHRA PRADESH,Godavari,7.785,343.0,1.9,6.9,1.4,GODAVARI,2022-06-30
2022,2371,"RIVER GODAVARI AT RAJAMUNDRY D/S OF NALLA CHANNEL, RAJAMUNDRY",ANDHRA PRADESH,Godavari,7.945,268.0,2.05,6.95,1.39,GODAVARI,2022-06-30
2022,4367,"RIVER GODAVARI KOUNDINYA MUKTHI (V), KUKUNUR (M), BORDER POINT BETWEEN ANDHRA PRADESH & TELANGANA STATES",ANDHRA PRADESH,"Tributary Streams - Indravati, Shankni, Manjeera, Maneru, Waingang, Wardha, Kinnerasani, Sabari, Pench, Kolar, Kanhan, Bindusara, Darna, Manjra, Morna, Penganga, Wena, Gostani, Indrawati, Gautami- Godavari And Coringa",8.205,330.5,2.1,7.25,1.52,"Indravati, Shankni, Manjeera, Maneru, Waingang, Wardha, Kinnerasani, Sabari, Pench, Kolar, Kanhan, Bindusara, Darna, Manjra, Morna, Penganga, Wena, Gostani, Indrawati, Gautami- Godavari And Coringa",2022-06-30
2022,3067,"RIVER GODAVARI D/S DOWLEISWARAM AFTER CONFLUENCE OF STP OUTLET, DOWLEISWARAM (V)",ANDHRA PRADESH,"Tributary Streams - Indravati, Shankni, Manjeera, Maneru, Waingang, Wardha, Kinnerasani, Sabari, Pench, Kolar, Kanhan, Bindusara, Darna, Manjra, Morna, Penganga, Wena, Gostani, Indrawati, Gautami- Godavari And Coringa",7.925,1109.5,2.3,6.95,1.19,GODAVARI,2022-06-30
2022,1854,"RIVER INDRAVATI NELSONNAR,A/C OF DANTEWADA",CHHATTISGARH,"Tributary Streams - Indravati, Shankni, Manjeera, Maneru, Waingang, Wardha, Kinnerasani, Sabari, Pench, Kolar, Kanhan, Bindusara, Darna, Manjra, Morna, Penganga, Wena, Gostani, Indrawati, Gautami- Godavari And Coringa",7.45,,2.2,7.6,,"Indravati, Shankni, Manjeera, Maneru, Waingang, Wardha, Kinnerasani, Sabari, Pench, Kolar, Kanhan, Bindusara, Darna, Manjra, Morna, Penganga, Wena, Gostani, Indrawati, Gautami- Godavari And Coringa",2022-06-30
2022,1855,"RIVER INDRAVATI,PANDEMURGA B/C OF GODAVARI RIVER",CHHATTISGARH,"Tributary Streams - Indravati, Shankni, Manjeera, Maneru, Waingang, Wardha, Kinnerasani, Sabari, Pench, Kolar, Kanhan, Bindusara, Darna, Manjra, Morna, Penganga, Wena, Gostani, Indrawati, Gautami- Godavari And Coringa",7.45,,2.4000000000000004,7.5,,"Indravati, Shankni, Manjeera, Maneru, Waingang, Wardha, Kinnerasani, Sabari, Pench, Kolar, Kanhan, Bindusara, Darna, Manjra, Morna, Penganga, Wena, Gostani, Indrawati, Gautami- Godavari And Coringa",2022-06-30
2022,3948,RIVER INDRAVATI AT NAWARANGPUR,ODISHA,"Tributary Streams - Indravati, Shankni, Manjeera, Maneru, Waingang, Wardha, Kinnerasani, Sabari, Pench, Kolar, Kanhan, Bindusara, Darna, Manjra, Morna, Penganga, Wena, Gostani, Indrawati, Gautami- Godavari And Coringa",7.35,147.0,1.4500000000000002,7.2,0.625,INDRAVATI,2022-06-30
2022,1856,"RIVER SHANKNI DANTEWADA,A/C OF DANKANI RIVER",CHHATTISGARH,"Tributary Streams - Indravati, Shankni, Manjeera, Maneru, Waingang, Wardha, Kinnerasani, Sabari, Pench, Kolar, Kanhan, Bindusara, Darna, Manjra, Morna, Penganga, Wena, Gostani, Indrawati, Gautami- Godavari And Coringa",7.5,,2.5,7.45,,"Indravati, Shankni, Manjeera, Maneru, Waingang, Wardha, Kinnerasani, Sabari, Pench, Kolar, Kanhan, Bindusara, Darna, Manjra, Morna, Penganga, Wena, Gostani, Indrawati, Gautami- Godavari And Coringa",2022-06-30
2022,2374,"RIVER MANJEERA (TRIBUTARY OF GODAVARI) - U/S OF RIVER MANJEERA AT GOWDICHERLA BEFORE CONFLUENCE WITH NAKKAVAGU, SANGAREDY",TELANGANA,"Tributary Streams - Indravati, Shankni, Manjeera, Maneru, Waingang, Wardha, Kinnerasani, Sabari, Pench, Kolar, Kanhan, Bindusara, Darna, Manjra, Morna, Penganga, Wena, Gostani, Indrawati, Gautami- Godavari And Coringa",7.529999999999999,803.0,2.7,6.15,9.105,MANJEERA,2022-06-30
2022,2375,"RIVER MANJEERA (TRIBUTARY OF GODAVARI) - D/S OF RIVER MANJEERA AT GOWDICHERLA ATFTER CONFLUENCE WITH NAKKAVAGU, SANGAREDDY",TELANGANA,"Tributary Streams - Indravati, Shankni, Manjeera, Maneru, Waingang, Wardha, Kinnerasani, Sabari, Pench, Kolar, Kanhan, Bindusara, Darna, Manjra, Morna, Penganga, Wena, Gostani, Indrawati, Gautami- Godavari And Coringa",7.295,1022.0,2.9,5.949999999999999,10.115,MANJEERA,2022-06-30
2022,1781,"RIVER MANJEERA (TRIBUTARY OF GODAVARI) - AT GANAPATHI SUGARS, SANGAREDDY",TELANGANA,"Tributary Streams - Indravati, Shankni, Manjeera, Maneru, Waingang, Wardha, Kinnerasani, Sabari, Pench, Kolar, Kanhan, Bindusara, Darna, Manjra, Morna, Penganga, Wena, Gostani, Indrawati, Gautami- Godavari And Coringa",7.555,599.5,2.5,6.2,4.640000000000001,"Indravati, Shankni, Manjeera, Maneru, Waingang, Wardha, Kinnerasani, Sabari, Pench, Kolar, Kanhan, Bindusara, Darna, Manjra, Morna, Penganga, Wena, Gostani, Indrawati, Gautami- Godavari And Coringa",2022-06-30
2022,1157,"RIVER MANJEERA (TRIBUTARY OF GODAVARI) - AT RAIPALLY, SANGAREEDY",TELANGANA,"Tributary Streams - Indravati, Shankni, Manjeera, Maneru, Waingang, Wardha, Kinnerasani, Sabari, Pench, Kolar, Kanhan, Bindusara, Darna, Manjra, Morna, Penganga, Wena, Gostani, Indrawati, Gautami- Godavari And Coringa",7.720000000000001,510.0,2.4,6.4,3.6,"Indravati, Shankni, Manjeera, Maneru, Waingang, Wardha, Kinnerasani, Sabari, Pench, Kolar, Kanhan, Bindusara, Darna, Manjra, Morna, Penganga, Wena, Gostani, Indrawati, Gautami- Godavari And Coringa",2022-06-30
2022,2349,"RIVER MANJEERA (TRIBUTARY OF GODAVARI) - NAKKA VAGU AT BACHUGUDEM, SANGAREEDY",TELANGANA,"Tributary Streams - Indravati, Shankni, Manjeera, Maneru, Waingang, Wardha, Kinnerasani, Sabari, Pench, Kolar, Kanhan, Bindusara, Darna, Manjra, Morna, Penganga, Wena, Gostani, Indrawati, Gautami- Godavari And Coringa",7.355,1378.5,8.0,3.1,11.125,VAGU,2022-06-30
2022,1891,RIVER MANJEERA AT D/S INTAKE POINT TO BIDAR CITY,KARNATAKA,"Tributary Streams - Indravati, Shankni, Manjeera, Maneru, Waingang, Wardha, Kinnerasani, Sabari, Pench, Kolar, Kanhan, Bindusara, Darna, Manjra, Morna, Penganga, Wena, Gostani, Indrawati, Gautami- Godavari And Coringa",8.05,577.5,2.1,6.3,,MANJEERA,2022-06-30
2022,4226,"RIVER MANJEERA (TRIBUTARY OF GODAVARI) - RIVER MANJEERA AT YEDU PAYALA TEMPLE, NAGSAMPALLI (V), PAPANNAPET (M), MEDAK",TELANGANA,"Tributary Streams - Indravati, Shankni, Manjeera, Maneru, Waingang, Wardha, Kinnerasani, Sabari, Pench, Kolar, Kanhan, Bindusara, Darna, Manjra, Morna, Penganga, Wena, Gostani, Indrawati, Gautami- Godavari And Coringa",7.43,760.0,2.2,6.5,7.114999999999999,MANJEERA,2022-06-30
2022,30055,RIVER MANJEERA AT JANWADA(BANGALORE),KARNATAKA,"Tributary Streams - Indravati, Shankni, Manjeera, Maneru, Waingang, Wardha, Kinnerasani, Sabari, Pench, Kolar, Kanhan, Bindusara, Darna, Manjra, Morna, Penganga, Wena, Gostani, Indrawati, Gautami- Godavari And Coringa",7.6000000000000005,532.0,2.1,8.1,,MANJEERA,2022-06-30
2022,1158,"RIVER MANERU (TRIBUTARY OF GODAVARI) - AT SOMANPALLY , PEDDAPALLI",TELANGANA,"Tributary Streams - Indravati, Shankni, Manjeera, Maneru, Waingang, Wardha, Kinnerasani, Sabari, Pench, Kolar, Kanhan, Bindusara, Darna, Manjra, Morna, Penganga, Wena, Gostani, Indrawati, Gautami- Godavari And Coringa",8.205,561.0,1.55,5.9,1.28,"Indravati, Shankni, Manjeera, Maneru, Waingang, Wardha, Kinnerasani, Sabari, Pench, Kolar, Kanhan, Bindusara, Darna, Manjra, Morna, Penganga, Wena, Gostani, Indrawati, Gautami- Godavari And Coringa",2022-06-30
2022,4257,"RIVER MANERU (TRIBUTARY OF GODAVARI) - AT D/S OF MUNICIPAL DUMP SITE, KARIMNAGAR",TELANGANA,"Tributary Streams - Indravati, Shankni, Manjeera, Maneru, Waingang, Wardha, Kinnerasani, Sabari, Pench, Kolar, Kanhan, Bindusara, Darna, Manjra, Morna, Penganga, Wena, Gostani, Indrawati, Gautami- Godavari And Coringa",7.904999999999999,1410.0,3.9,3.9,4.8999999999999995,"Indravati, Shankni, Manjeera, Maneru, Waingang, Wardha, Kinnerasani, Sabari, Pench, Kolar, Kanhan, Bindusara, Darna, Manjra, Morna, Penganga, Wena, Gostani, Indrawati, Gautami- Godavari And Coringa",2022-06-30
2022,4664,"RIVER MANERU (TRIBUTARY OF GODAVARI) - AT GHATTEPALLI (V) NEAR SULTHANABAD, KARIMNAGAR",TELANGANA,"Tributary Streams - Indravati, Shankni, Manjeera, Maneru, Waingang, Wardha, Kinnerasani, Sabari, Pench, Kolar, Kanhan, Bindusara, Darna, Manjra, Morna, Penganga, Wena, Gostani, Indrawati, Gautami- Godavari And Coringa",8.095,833.5,2.55,5.3,2.8699999999999997,"Indravati, Shankni, Manjeera, Maneru, Waingang, Wardha, Kinnerasani, Sabari, Pench, Kolar, Kanhan, Bindusara, Darna, Manjra, Morna, Penganga, Wena, Gostani, Indrawati, Gautami- Godavari And Coringa",2022-06-30
2022,4617,"RIVER WAINGANGA RIVER NEAR VILL. BUDUNDA MALANJKHAND, BALAGHAT",MADHYA PRADESH,"Tributary Streams - Indravati, Shankni, Manjeera, Maneru, Waingang, Wardha, Kinnerasani, Sabari, Pench, Kolar, Kanhan, Bindusara, Darna, Manjra, Morna, Penganga, Wena, Gostani, Indrawati, Gautami- Godavari And Coringa",7.66,327.0,1.5,7.75,0.55,WAINGANGA RIVER,2022-06-30
2022,2172,"RIVER WAINGANGA AT D/S OF ELLORA PAPER MILLS, VILLAGE. TUMSAR, TALUKA. TUMSAR, BHANDARA.",MAHARASHTRA,"Tributary Streams - Indravati, Shankni, Manjeera, Maneru, Waingang, Wardha, Kinnerasani, Sabari, Pench, Kolar, Kanhan, Bindusara, Darna, Manjra, Morna, Penganga, Wena, Gostani, Indrawati, Gautami- Godavari And Coringa",8.25,1227.0,4.0,5.75,,WAINGANGA,2022-06-30
2022,2173,"RIVER WAINGANGA AT U/S OF ELLORA PAPER MILLS, VILLAGE. TUMSAR, TALUKA. TUMSAR, BHANDARA.",MAHARASHTRA,"Tributary Streams - Indravati, Shankni, Manjeera, Maneru, Waingang, Wardha, Kinnerasani, Sabari, Pench, Kolar, Kanhan, Bindusara, Darna, Manjra, Morna, Penganga, Wena, Gostani, Indrawati, Gautami- Godavari And Coringa",8.0,866.5,4.1,5.75,,WAINGANGA,2022-06-30
2022,2175,"RIVER WAINGANGA AT U/S OF GAURAV PAPER MILLS, NEAR JACKWELL, VILLAGE. BRAMHPURI, TALUKA. CHANDRAPUR,",MAHARASHTRA,"Tributary Streams - Indravati, Shankni, Manjeera, Maneru, Waingang, Wardha, Kinnerasani, Sabari, Pench, Kolar, Kanhan, Bindusara, Darna, Manjra, Morna, Penganga, Wena, Gostani, Indrawati, Gautami- Godavari And Coringa",7.8999999999999995,4750.0,3.65,6.199999999999999,,WAINGANGA,2022-06-30
2022,2176,"RIVER WAINGANGA AT D/S OF GAURAV PAPER MILLS, NEAR JACKWELL, VILLAGE. BRAMHPURI, TALUKA. CHANDRAPUR,",MAHARASHTRA,"Tributary Streams - Indravati, Shankni, Manjeera, Maneru, Waingang, Wardha, Kinnerasani, Sabari, Pench, Kolar, Kanhan, Bindusara, Darna, Manjra, Morna, Penganga, Wena, Gostani, Indrawati, Gautami- Godavari And Coringa",8.1,4492.0,3.95,5.8,,WAINGANGA,2022-06-30
2022,1910,"RIVER WAINGANGA AFTER CONFLUENCE WITH KANHAN RIVER, VILLAGE- AMBHORA,TALUKA- KUHI, DISTRICT- NAGPUR.",MAHARASHTRA,"Tributary Streams - Indravati, Shankni, Manjeera, Maneru, Waingang, Wardha, Kinnerasani, Sabari, Pench, Kolar, Kanhan, Bindusara, Darna, Manjra, Morna, Penganga, Wena, Gostani, Indrawati, Gautami- Godavari And Coringa",8.0,818.0,4.5,5.95,,"Indravati, Shankni, Manjeera, Maneru, Waingang, Wardha, Kinnerasani, Sabari, Pench, Kolar, Kanhan, Bindusara, Darna, Manjra, Morna, Penganga, Wena, Gostani, Indrawati, Gautami- Godavari And Coringa",2022-06-30
2022,1213,"RIVER WAINGANGA AT BALAGHAT, M.P.",MADHYA PRADESH,"Tributary Streams - Indravati, Shankni, Manjeera, Maneru, Waingang, Wardha, Kinnerasani, Sabari, Pench, Kolar, Kanhan, Bindusara, Darna, Manjra, Morna, Penganga, Wena, Gostani, Indrawati, Gautami- Godavari And Coringa",7.75,302.5,1.5499999999999998,7.75,0.6100000000000001,WAINGANGA,2022-06-30
2022,3330,"RIVER RIVER WAINGANGA AT CHHAPARA , SEONI, NEAR WSS INTAKE POINT",MADHYA PRADESH,"Tributary Streams - Indravati, Shankni, Manjeera, Maneru, Waingang, Wardha, Kinnerasani, Sabari, Pench, Kolar, Kanhan, Bindusara, Darna, Manjra, Morna, Penganga, Wena, Gostani, Indrawati, Gautami- Godavari And Coringa",7.765,335.5,1.5,7.45,0.6900000000000001,RIVER WAINGANGA,2022-06-30
2022,3331,"RIVER WAINGANGA AT CHHAPARA, NEAR ROAD BRIDGE AFTER MIXING MOTI & CHAMARIYA NALLA, JABALPUR",MADHYA PRADESH,"Tributary Streams - Indravati, Shankni, Manjeera, Maneru, Waingang, Wardha, Kinnerasani, Sabari, Pench, Kolar, Kanhan, Bindusara, Darna, Manjra, Morna, Penganga, Wena, Gostani, Indrawati, Gautami- Godavari And Coringa",7.785,434.0,1.6,7.4,1.065,WAINGANGA,2022-06-30
2022,30041,"RIVER WAINGANGA AT BAPERA, BHANDARA, (MAHARASHTRA)",MAHARASHTRA,"Tributary Streams - Indravati, Shankni, Manjeera, Maneru, Waingang, Wardha, Kinnerasani, Sabari, Pench, Kolar, Kanhan, Bindusara, Darna, Manjra, Morna, Penganga, Wena, Gostani, Indrawati, Gautami- Godavari And Coringa",8.4,780.0,3.0,7.0,0.32,WAINGANGA,2022-06-30
2022,2174,"RIVER WARDHA AT D/S OF ACC LTD. GHUGGUS NEAR WCL PUMP HOUSE, VILLAGE- GHUGGUS, TALUKA- CHANDRAPUR,",MAHARASHTRA,"Tributary Streams - Indravati, Shankni, Manjeera, Maneru, Waingang, Wardha, Kinnerasani, Sabari, Pench, Kolar, Kanhan, Bindusara, Darna, Manjra, Morna, Penganga, Wena, Gostani, Indrawati, Gautami- Godavari And Coringa",8.25,5158.5,4.1,5.7,,WARDHA,2022-06-30
2022,1212,"RIVER WARDHA AT RAJURA BRIDGE, VILLAGE- RAJURA, TALUKA- CHANDRAPUR",MAHARASHTRA,"Tributary Streams - Indravati, Shankni, Manjeera, Maneru, Waingang, Wardha, Kinnerasani, Sabari, Pench, Kolar, Kanhan, Bindusara, Darna, Manjra, Morna, Penganga, Wena, Gostani, Indrawati, Gautami- Godavari And Coringa",8.15,805.5,4.2,5.95,,WARDHA,2022-06-30
2022,1315,"RIVER WARDHA AT PULGAON RAILWAY BRIDGE, VILLAGE- PULGAON,TALUKA - WARDHA, DISTRICT- WARDHA.",MAHARASHTRA,"Tributary Streams - Indravati, Shankni, Manjeera, Maneru, Waingang, Wardha, Kinnerasani, Sabari, Pench, Kolar, Kanhan, Bindusara, Darna, Manjra, Morna, Penganga, Wena, Gostani, Indrawati, Gautami- Godavari And Coringa",8.399999999999999,967.5,3.8499999999999996,6.050000000000001,,WARDHA,2022-06-30
2022,2156,"RIVER WARDHA AT CONFLUENCE POINT OF PENGANGA & WARDHA. VILLAGE. JUGAD, TALUKA. WANI, DISTRICT. YAVATMAL.",MAHARASHTRA,"Tributary Streams - Indravati, Shankni, Manjeera, Maneru, Waingang, Wardha, Kinnerasani, Sabari, Pench, Kolar, Kanhan, Bindusara, Darna, Manjra, Morna, Penganga, Wena, Gostani, Indrawati, Gautami- Godavari And Coringa",8.25,5543.0,4.1,5.6,,WARDHA,2022-06-30
2022,2719,"RIVER WARDHA AT D/S OF ERAI RIVER AT HADASTI NEAR ARUN ENGG. WORKS, VILLAGE- HADASTI, TALUKA- CHANDRAPUR,",MAHARASHTRA,"Tributary Streams - Indravati, Shankni, Manjeera, Maneru, Waingang, Wardha, Kinnerasani, Sabari, Pench, Kolar, Kanhan, Bindusara, Darna, Manjra, Morna, Penganga, Wena, Gostani, Indrawati, Gautami- Godavari And Coringa",7.75,1083.0,3.8,6.05,,WARDHA,2022-06-30
2022,2720,"RIVER WARDHA AT U/S OF ERAI RIVER AT HADASTI NEAR ARUN ENGG. WORKS, VILLAGE- HADASTI, TALUKA- CHANDRAPUR,",MAHARASHTRA,"Tributary Streams - Indravati, Shankni, Manjeera, Maneru, Waingang, Wardha, Kinnerasani, Sabari, Pench, Kolar, Kanhan, Bindusara, Darna, Manjra, Morna, Penganga, Wena, Gostani, Indrawati, Gautami- Godavari And Coringa",7.85,984.5,3.5,6.3,,WARDHA,2022-06-30
2022,2721,"RIVER WARDHA AT U/S OF ACC LTD. GHUGGUS NEAR WCL PUMP HOUSE, VILLAGE- GHUGGUS, TALUKA- CHANDRAPUR,",MAHARASHTRA,"Tributary Streams - Indravati, Shankni, Manjeera, Maneru, Waingang, Wardha, Kinnerasani, Sabari, Pench, Kolar, Kanhan, Bindusara, Darna, Manjra, Morna, Penganga, Wena, Gostani, Indrawati, Gautami- Godavari And Coringa",8.2,849.5,4.0,5.95,,WARDHA,2022-06-30
2022,30059,RIVER WARDHA AT VILLAGE BANGAON NEAR PANDHURNA (MP & MAHARASHTRA),MADHYA PRADESH,"Tributary Streams - Indravati, Shankni, Manjeera, Maneru, Waingang, Wardha, Kinnerasani, Sabari, Pench, Kolar, Kanhan, Bindusara, Darna, Manjra, Morna, Penganga, Wena, Gostani, Indrawati, Gautami- Godavari And Coringa",7.655,324.0,2.8499999999999996,7.1499999999999995,,WARDHA,2022-06-30
2022,2372,"RIVER KINNERASANI (TRIBUTRARY OF GODAVARI) - KINNERASANI AFTER CONFLUENCE OF KTPS ASH POND EFFLUENTS ,BHADRADRI KOTHAGUDEM",TELANGANA,"Tributary Streams - Indravati, Shankni, Manjeera, Maneru, Waingang, Wardha, Kinnerasani, Sabari, Pench, Kolar, Kanhan, Bindusara, Darna, Manjra, Morna, Penganga, Wena, Gostani, Indrawati, Gautami- Godavari And Coringa",8.06,467.0,1.55,5.0,,"Indravati, Shankni, Manjeera, Maneru, Waingang, Wardha, Kinnerasani, Sabari, Pench, Kolar, Kanhan, Bindusara, Darna, Manjra, Morna, Penganga, Wena, Gostani, Indrawati, Gautami- Godavari And Coringa",2022-06-30
2022,3080,"RIVER KINNERASANI (TRIBUTRARY OF GODAVARI) - U/S OF KARAKAVAGU AT PALONCHA , BHADRADRI KOTHAGUDEM",TELANGANA,"Tributary Streams - Indravati, Shankni, Manjeera, Maneru, Waingang, Wardha, Kinnerasani, Sabari, Pench, Kolar, Kanhan, Bindusara, Darna, Manjra, Morna, Penganga, Wena, Gostani, Indrawati, Gautami- Godavari And Coringa",7.970000000000001,591.5,1.85,5.0,1.3699999999999999,KARAKAVAGU,2022-06-30
2022,3081,"RIVER KINNERASANI (TRIBUTRARY OF GODAVARI) - D/S OF KARAKAVAGU AT PALONCHA, BHADRADRI KOTHAGUDEM",TELANGANA,"Tributary Streams - Indravati, Shankni, Manjeera, Maneru, Waingang, Wardha, Kinnerasani, Sabari, Pench, Kolar, Kanhan, Bindusara, Darna, Manjra, Morna, Penganga, Wena, Gostani, Indrawati, Gautami- Godavari And Coringa",8.005,526.5,1.55,5.45,1.72,KARAKAVAGU,2022-06-30
2022,2373,"RIVER SABARI AT KUNAVARAM, EAST GODAVARI DIST",ANDHRA PRADESH,"Tributary Streams - Indravati, Shankni, Manjeera, Maneru, Waingang, Wardha, Kinnerasani, Sabari, Pench, Kolar, Kanhan, Bindusara, Darna, Manjra, Morna, Penganga, Wena, Gostani, Indrawati, Gautami- Godavari And Coringa",7.985,802.5,1.7,7.25,2.33,SABARI,2022-06-30
2022,1214,"RIVER PENCH AT CHHINDWARA ,NEAR SINGORI ROAD BRIDGE, CHHINDWARA",MADHYA PRADESH,"Tributary Streams - Indravati, Shankni, Manjeera, Maneru, Waingang, Wardha, Kinnerasani, Sabari, Pench, Kolar, Kanhan, Bindusara, Darna, Manjra, Morna, Penganga, Wena, Gostani, Indrawati, Gautami- Godavari And Coringa",8.14,716.0,1.8,7.4,2.9,PENCH,2022-06-30
2022,1908,"RIVER KOLAR BEFORE CONFLUENCE WITH KANHAN RIVER AT WAREGAON BRIDGE, VILLAGE- WAREGAON, TALUKA-KAMPTEE, NAGPUR.",MAHARASHTRA,"Tributary Streams - Indravati, Shankni, Manjeera, Maneru, Waingang, Wardha, Kinnerasani, Sabari, Pench, Kolar, Kanhan, Bindusara, Darna, Manjra, Morna, Penganga, Wena, Gostani, Indrawati, Gautami- Godavari And Coringa",8.25,1341.0,4.75,5.75,,KOLAR BEFORE CONFLUENCE WITH KANHAN RIVER,2022-06-30
2022,1909,"RIVER KANHAN AT D/S OF NAGPUR, VILLAGE- AGARGAON, TALUKA- KUHI, DISTRICT- NAGPUR.",MAHARASHTRA,"Tributary Streams - Indravati, Shankni, Manjeera, Maneru, Waingang, Wardha, Kinnerasani, Sabari, Pench, Kolar, Kanhan, Bindusara, Darna, Manjra, Morna, Penganga, Wena, Gostani, Indrawati, Gautami- Godavari And Coringa",7.8500000000000005,7526.0,6.2,4.65,,KANHAN,2022-06-30
2022,2170,"RIVER KANHAN AT U/S OF M/S VIDARBHA PAPER MILLS, VILLAGE- SINORA, TALUKA- PARSEONI, NAGPUR.",MAHARASHTRA,"Tributary Streams - Indravati, Shankni, Manjeera, Maneru, Waingang, Wardha, Kinnerasani, Sabari, Pench, Kolar, Kanhan, Bindusara, Darna, Manjra, Morna, Penganga, Wena, Gostani, Indrawati, Gautami- Godavari And Coringa",8.3,935.5,4.4,5.75,,KANHAN,2022-06-30
2022,2171,"RIVER KANHAN AT D/S OF M/S VIDARBHA PAPER MILLS, VILLAGE- SINORA, TALUKA- PARSEONI, NAGPUR.",MAHARASHTRA,"Tributary Streams - Indravati, Shankni, Manjeera, Maneru, Waingang, Wardha, Kinnerasani, Sabari, Pench, Kolar, Kanhan, Bindusara, Darna, Manjra, Morna, Penganga, Wena, Gostani, Indrawati, Gautami- Godavari And Coringa",8.1,930.5,4.85,5.3,,KANHAN,2022-06-30
2022,3312,"RIVER KANHAN AT CHINDWARA BEFORE MIXING BOREGAON GROWTH CENTRE NALLA, JABALPUR",MADHYA PRADESH,"Tributary Streams - Indravati, Shankni, Manjeera, Maneru, Waingang, Wardha, Kinnerasani, Sabari, Pench, Kolar, Kanhan, Bindusara, Darna, Manjra, Morna, Penganga, Wena, Gostani, Indrawati, Gautami- Godavari And Coringa",7.85,766.0,1.8,7.550000000000001,2.9000000000000004,KANHAN,2022-06-30
2022,2657,"RIVER BINDUSARA AT BEED, NEAR INTAKE WATER PUMP HOUSE AT DAM, VILLAGE- PALIGAON, TALUKA- BEED,",MAHARASHTRA,"Tributary Streams - Indravati, Shankni, Manjeera, Maneru, Waingang, Wardha, Kinnerasani, Sabari, Pench, Kolar, Kanhan, Bindusara, Darna, Manjra, Morna, Penganga, Wena, Gostani, Indrawati, Gautami- Godavari And Coringa",8.4,985.5,4.4,6.050000000000001,,BINDUSARA,2022-06-30
2022,2660,"RIVER DARNA AT CHEHEDI WATER WORKS (PUMPING STATION), VILLAGE- CHEHEDI, TALUKA- NASHIK,",MAHARASHTRA,"Tributary Streams - Indravati, Shankni, Manjeera, Maneru, Waingang, Wardha, Kinnerasani, Sabari, Pench, Kolar, Kanhan, Bindusara, Darna, Manjra, Morna, Penganga, Wena, Gostani, Indrawati, Gautami- Godavari And Coringa",7.8,323.5,3.4,5.75,,DARNA,2022-06-30
2022,2661,"RIVER DARNA AT ASWALI ( DARNA DAM),VILLAGE- ASWALI,TALUKA- IGATPURI,DISTRICT- NASHIK.",MAHARASHTRA,"Tributary Streams - Indravati, Shankni, Manjeera, Maneru, Waingang, Wardha, Kinnerasani, Sabari, Pench, Kolar, Kanhan, Bindusara, Darna, Manjra, Morna, Penganga, Wena, Gostani, Indrawati, Gautami- Godavari And Coringa",7.65,683.5,3.3,5.95,,DARNA,2022-06-30
2022,2662,"RIVER DARNA AT MES SITE PUMPING STATION, VILLAGE- BHAGUR, TALUKA- NASHIK,",MAHARASHTRA,"Tributary Streams - Indravati, Shankni, Manjeera, Maneru, Waingang, Wardha, Kinnerasani, Sabari, Pench, Kolar, Kanhan, Bindusara, Darna, Manjra, Morna, Penganga, Wena, Gostani, Indrawati, Gautami- Godavari And Coringa",7.65,264.0,3.5,5.7,,DARNA,2022-06-30
2022,2663,"RIVER DARNA AT BHAGUR PUMPING STATION NEAR PANDHURLI BRIDGE, VILLAGE- BHAGUR, TALUKA-NASHIK,",MAHARASHTRA,"Tributary Streams - Indravati, Shankni, Manjeera, Maneru, Waingang, Wardha, Kinnerasani, Sabari, Pench, Kolar, Kanhan, Bindusara, Darna, Manjra, Morna, Penganga, Wena, Gostani, Indrawati, Gautami- Godavari And Coringa",7.6,275.0,3.4,5.6,,DARNA,2022-06-30
2022,2664,"RIVER DARNA AT SANSARI, VILLAGE- SANSARI,TALUKA- NASHIK, DISTRICT- NASHIK.",MAHARASHTRA,"Tributary Streams - Indravati, Shankni, Manjeera, Maneru, Waingang, Wardha, Kinnerasani, Sabari, Pench, Kolar, Kanhan, Bindusara, Darna, Manjra, Morna, Penganga, Wena, Gostani, Indrawati, Gautami- Godavari And Coringa",7.55,340.5,3.5999999999999996,5.75,,DARNA,2022-06-30
2022,2673,"RIVER MANJRA AT D/S OF LATUR, NEAR LATUR- NANDED BRIDGE, VILLAGE- BHATKHEDA, TALUKA- LATUR,",MAHARASHTRA,"Tributary Streams - Indravati, Shankni, Manjeera, Maneru, Waingang, Wardha, Kinnerasani, Sabari, Pench, Kolar, Kanhan, Bindusara, Darna, Manjra, Morna, Penganga, Wena, Gostani, Indrawati, Gautami- Godavari And Coringa",8.2,539.0,5.0,6.0,1.43,MANJRA,2022-06-30
2022,2675,RIVER MORNA D/S OF RAILWAY BRIDGE AKOLA,MAHARASHTRA,"Tributary Streams - Indravati, Shankni, Manjeera, Maneru, Waingang, Wardha, Kinnerasani, Sabari, Pench, Kolar, Kanhan, Bindusara, Darna, Manjra, Morna, Penganga, Wena, Gostani, Indrawati, Gautami- Godavari And Coringa",7.699999999999999,4622.5,5.2,5.65,,MORNA,2022-06-30
2022,2697,"RIVER PENGANGA NEAR WATER SUPPLY SCHEME OF UMARKHED M.C., VILLAGE. BELKHED, TALUKA. UMARKHED, YAVATMAL.",MAHARASHTRA,"Tributary Streams - Indravati, Shankni, Manjeera, Maneru, Waingang, Wardha, Kinnerasani, Sabari, Pench, Kolar, Kanhan, Bindusara, Darna, Manjra, Morna, Penganga, Wena, Gostani, Indrawati, Gautami- Godavari And Coringa",8.0,3335.5,3.8,6.0,,PENGANGA,2022-06-30
2022,2698,"RIVER PENGANGA D/S OF ISAPUR DAM, VILLAGE- ISAPUR,TALUKA- PUSAD, DISTRICT- YAVATMAL.",MAHARASHTRA,"Tributary Streams - Indravati, Shankni, Manjeera, Maneru, Waingang, Wardha, Kinnerasani, Sabari, Pench, Kolar, Kanhan, Bindusara, Darna, Manjra, Morna, Penganga, Wena, Gostani, Indrawati, Gautami- Godavari And Coringa",8.15,1000.0,4.1,5.65,,PENGANGA,2022-06-30
2022,2699,"RIVER PENGANGA AT MEHKAR -BULDANA ROAD BRIDGE, VILLAGE-MEHKAR, TALUKA-MEHKAR, AKOLA.",MAHARASHTRA,"Tributary Streams - Indravati, Shankni, Manjeera, Maneru, Waingang, Wardha, Kinnerasani, Sabari, Pench, Kolar, Kanhan, Bindusara, Darna, Manjra, Morna, Penganga, Wena, Gostani, Indrawati, Gautami- Godavari And Coringa",8.3,1033.5,4.6,5.85,,PENGANGA,2022-06-30
2022,2722,"RIVER WENA AT U/S OF MOHATA MILLS, NEAR RAILWAY BRIDGE ON WARDHA, CHANDRAPUR RAILWAY LINE, VILLAGE- HINGANGHAT, TALUKA- HINGANGHAT, WARDHA.",MAHARASHTRA,"Tributary Streams - Indravati, Shankni, Manjeera, Maneru, Waingang, Wardha, Kinnerasani, Sabari, Pench, Kolar, Kanhan, Bindusara, Darna, Manjra, Morna, Penganga, Wena, Gostani, Indrawati, Gautami- Godavari And Coringa",7.949999999999999,876.0,3.6,6.35,,WENA,2022-06-30
2022,2723,"RIVER WENA AT D/S OF MOHATA MILLS, NEAR BRIDGE ON HINGANGHAT- WADNER ROAD, VILLAGE- HINGANGHAT, TALUKA- HINGANGHAT, WARDHA.",MAHARASHTRA,"Tributary Streams - Indravati, Shankni, Manjeera, Maneru, Waingang, Wardha, Kinnerasani, Sabari, Pench, Kolar, Kanhan, Bindusara, Darna, Manjra, Morna, Penganga, Wena, Gostani, Indrawati, Gautami- Godavari And Coringa",8.05,3728.0,4.0,6.15,,WENA,2022-06-30
2022,4372,"RIVER GOSTANI SAMPLE BEFORE CONFLUENCE WITH M/S DELTA PAPER MILL EFFLUENTS, VENDRA (V), PALAKODERU (M)",ANDHRA PRADESH,"Tributary Streams - Indravati, Shankni, Manjeera, Maneru, Waingang, Wardha, Kinnerasani, Sabari, Pench, Kolar, Kanhan, Bindusara, Darna, Manjra, Morna, Penganga, Wena, Gostani, Indrawati, Gautami- Godavari And Coringa",7.995,10569.0,5.2,4.05,1.7,"Indravati, Shankni, Manjeera, Maneru, Waingang, Wardha, Kinnerasani, Sabari, Pench, Kolar, Kanhan, Bindusara, Darna, Manjra, Morna, Penganga, Wena, Gostani, Indrawati, Gautami- Godavari And Coringa",2022-06-30
2022,4373,"RIVER GOSTANI SAMPLE AFTER CONFLUENCE WITH M/S DELTA PAPEER MILL EFFLUENTS, BENDRA, PALAKODERU (M), BUT BEFORE CONFLUENCE WITH YANAMADURRU DRAIN",ANDHRA PRADESH,"Tributary Streams - Indravati, Shankni, Manjeera, Maneru, Waingang, Wardha, Kinnerasani, Sabari, Pench, Kolar, Kanhan, Bindusara, Darna, Manjra, Morna, Penganga, Wena, Gostani, Indrawati, Gautami- Godavari And Coringa",7.6850000000000005,10585.0,6.1,3.6500000000000004,1.83,"Indravati, Shankni, Manjeera, Maneru, Waingang, Wardha, Kinnerasani, Sabari, Pench, Kolar, Kanhan, Bindusara, Darna, Manjra, Morna, Penganga, Wena, Gostani, Indrawati, Gautami- Godavari And Coringa",2022-06-30
2022,30062,RIVER INDRAWATI AT NOWRANGPUR (ODISHA),ODISHA,"Tributary Streams - Indravati, Shankni, Manjeera, Maneru, Waingang, Wardha, Kinnerasani, Sabari, Pench, Kolar, Kanhan, Bindusara, Darna, Manjra, Morna, Penganga, Wena, Gostani, Indrawati, Gautami- Godavari And Coringa",7.37,102.0,,7.6,0.32,INDRAWATI,2022-06-30
2022,2442,"GAUTAMI-GODAVARI RIVER NEAR BALAYOGI BRIDGE, YANAM, U.T OF PUDUCHERRY.",PUDUCHERRY,"Tributary Streams - Indravati, Shankni, Manjeera, Maneru, Waingang, Wardha, Kinnerasani, Sabari, Pench, Kolar, Kanhan, Bindusara, Darna, Manjra, Morna, Penganga, Wena, Gostani, Indrawati, Gautami- Godavari And Coringa",8.29,9800.0,,8.5,0.32,RIVER,2022-06-30
2022,2443,"GAUTAMI-GODAVARI RIVER NEAR ADAVIPOLAM, YANAM, U.T OF PUDUCHERRY.",PUDUCHERRY,"Tributary Streams - Indravati, Shankni, Manjeera, Maneru, Waingang, Wardha, Kinnerasani, Sabari, Pench, Kolar, Kanhan, Bindusara, Darna, Manjra, Morna, Penganga, Wena, Gostani, Indrawati, Gautami- Godavari And Coringa",7.99,16600.0,,7.3,0.32,RIVER,2022-06-30
2022,2444,"CORINGA RIVER (TIDAL LOCK) LE CAFE RESTAURANT, YANAM, U.T OF PUDUCHERRY",PUDUCHERRY,"Tributary Streams - Indravati, Shankni, Manjeera, Maneru, Waingang, Wardha, Kinnerasani, Sabari, Pench, Kolar, Kanhan, Bindusara, Darna, Manjra, Morna, Penganga, Wena, Gostani, Indrawati, Gautami- Godavari And Coringa",8.03,10460.0,,7.0,0.32,"Indravati, Shankni, Manjeera, Maneru, Waingang, Wardha, Kinnerasani, Sabari, Pench, Kolar, Kanhan, Bindusara, Darna, Manjra, Morna, Penganga, Wena, Gostani, Indrawati, Gautami- Godavari And Coringa",2022-06-30
2022,1906,"RIVER KRISHNA AT WALWA, D/S OF ISLAMPUR NEAR VITHAL TEMPLE, VILLAGE- WALWA, TALUKA- WALWA, DISTRICT- SANGLI.",MAHARASHTRA,Krishna,8.1,642.0,1.9000000000000001,6.6,2.655,KRISHNA,2022-06-30
2022,2187,"RIVER KRISHNA AT KSHETRA MAHULI, VILLAGE- KSHETRA-MAHULI,TALUKA- MAHULI, DISTRICT- SATARA.",MAHARASHTRA,Krishna,8.149999999999999,401.0,4.6,5.6,3.04,KRISHNA,2022-06-30
2022,2188,"RIVER KRISHNA AT KRISHNA- VENNA SANGAM MAHULI , VILLAGE- MAHULI,TALUKA- MAHULI, DISTRICT- SATARA.",MAHARASHTRA,Krishna,8.2,440.5,4.800000000000001,5.449999999999999,2.79,KRISHNA,2022-06-30
2022,2190,"RIEVR KRISHNA AT GANPATI GHAT, WAI, VILLAGE- WAI,TALUKA- WAI,DISTRICT- SATARA.",MAHARASHTRA,Krishna,8.05,366.0,4.85,5.6,2.925,KRISHNA,2022-06-30
2022,1153,"RIVER KRISHNA AT RAJAPUR WEIR, VILLAGE. RAJAPUR, TALUKA. SHIROL, DISTRICT. KOLHAPUR.",MAHARASHTRA,Krishna,7.699999999999999,460.0,1.9000000000000001,6.4,2.61,KRISHNA,2022-06-30
2022,1194,"RIVER KRISHNA AT DHOM DAM, VILLAGE- WAI, TALUKA-MAHABALESHWAR, SATARA.",MAHARASHTRA,Krishna,7.85,116.0,2.5,6.35,,KRISHNA,2022-06-30
2022,1889,RIVER KRISHNA - ANKALI BRIDGE ALONG CHIKKODI KAGWAD ROAD,KARNATAKA,Krishna,8.205,576.0,1.7,7.3,23.835,Krishna,2022-06-30
2022,1182,RIVER KRISHNA AT U/S OF UGARKHURD BARRAGE,KARNATAKA,Krishna,8.285,546.0,1.75,7.699999999999999,23.150000000000002,KRISHNA,2022-06-30
2022,2781,RIVER KRISHNA AT D/S OF ALAMATTI DAM,KARNATAKA,Krishna,8.15,731.0,2.0,6.6,2.675,KRISHNA,2022-06-30
2022,1028,RIVER KRISHNA AT TINTINI BRIDGE,KARNATAKA,Krishna,7.85,846.0,4.0,7.699999999999999,,KRISHNA,2022-06-30
2022,1170,RIVER KRISHNA AT D/S OF DEVASAGAR BDG.,KARNATAKA,Krishna,7.925000000000001,927.0,4.5,7.9,,KRISHNA,2022-06-30
2022,1465,"RIVER KRISHNA - CONFLUENCE OF RIVER KRISHNA & RIVER MUSI AT WADAPALLY (V), DAMARCHARLA (M), NALGONDA DISTRICT",TELANGANA,Krishna,8.115,1011.0,2.5,6.2,5.235,MUSI,2022-06-30
2022,1784,"RIVER KRISHNA AT THANGADI, THANGADI(V), KRISHNA(M), NARAYANAPET(D)",TELANGANA,Krishna,7.994999999999999,912.5,2.05,5.85,5.2299999999999995,KRISHNA,2022-06-30
2022,4663,"RIVER KRISHNA AT MATTEPALLY, 500 MTS. BEFORE BATHING GHAT, SURYAPET",TELANGANA,Krishna,7.995,1023.5,2.95,6.050000000000001,6.18,KRISHNA,2022-06-30
2022,1175,"RIVER KRISHNA A/C WITH TUNGABHADRA, SANGAMESHWARAM (V), KOTTAPALLE (M)",ANDHRA PRADESH,Krishna,7.5,907.0,1.9,5.95,1.825,Krishna,2022-06-30
2022,1786,"RIVER KRISHNA AT VEDADRI (V), JAGGAYYAPETA (M)",ANDHRA PRADESH,Krishna,7.61,835.0,2.65,7.05,1.4300000000000002,KRISHNA,2022-06-30
2022,3083,"RIVER KRISHNA D/S OF SRISHAILAM, SRISHAILAM",ANDHRA PRADESH,Krishna,7.5,601.0,1.65,5.95,0.86,KRISHNA,2022-06-30
2022,3079,"RIVER KRISHNA D/S OF RAMALINGESHWARNAGAR A/C WITH TREATED SEWAGE DISCHARGING FROM 10MLD STP LOCATED AT RAMALINGESHWARNAGAR, VIJAYAWADA, KRISHNA",ANDHRA PRADESH,Krishna,7.82,826.0,2.6,7.4,1.46,KRISHNA,2022-06-30
2022,1787,"RIVER KRISHNA AT AMARAVATI, AMARAVATI (V & M)",ANDHRA PRADESH,Krishna,7.7,757.5,2.65,7.300000000000001,1.6,KRISHNA,2022-06-30
2022,1782,RIVER KRISHNA AT HAMSALADEEVI PULIGADDA AQUEDUCT NEAR AVANIGADDA (V),ANDHRA PRADESH,Krishna,7.7,22700.0,2.75,6.5,1.38,KRISHNA,2022-06-30
2022,4375,"RIVER KRISHNA, PAVITHRA SANGAMAM, AFTER CONFLUENCE WITH RIVER GODAVARI WATER, FERRY (V), IBRAHIMPATNAM (M)",ANDHRA PRADESH,Krishna,7.8999999999999995,665.0,2.5999999999999996,7.2,1.095,Krishna,2022-06-30
2022,4381,"RIVER KRISHNA AFTER CONFLUENCE WITH RIVER MUSI AT VADAPALLI (V), DACHEPALLI (M) BETWEEN ANDHRA PRADESH & TELANGANA",ANDHRA PRADESH,Krishna,7.92,830.0,2.65,7.2,1.725,KRISHNA AFTER CONFLUENCE WITH RIVER MUSI,2022-06-30
2022,4225,"RIVER KRISHNA AT JOGULAMBA TEMPLE, ALAMPUR(V&M), JOGULAMBA GADWAL(D)",TELANGANA,Krishna,8.07,876.0,2.05,5.550000000000001,4.12,KRISHNA,2022-06-30
2022,5108,"RIVER KRISHNA BEFORE CONFLUENCE OF RIVER MUSI AT WADAPALLY (V), DAMARACHARLA (M), NALGONDA (D)",TELANGANA,Krishna,7.91,943.5,2.55,5.9,5.6,KRISHNA BEFORE CONFLUENCE OF RIVER MUSI,2022-06-30
2022,5109,"RIVER KRISHNA AFTER CONFLUENCE OF RIVER MUSI AT WADAPALLY (V), DAMARACHARLA (M), NALGONDA(D)",TELANGANA,Krishna,7.94,982.5,2.5,5.800000000000001,5.5649999999999995,KRISHNA AFTER CONFLUENCE OF RIVER MUSI,2022-06-30
2022,5110,"RIVER KRISHNA AT PULICHINTALA RESERVOIR AT CHINTHALAPALEM (V&M), SURYAPET (D)",TELANGANA,Krishna,7.92,1250.5,2.2,6.25,5.53,KRISHNA,2022-06-30
2022,2763,RIVER KRISHNA AT ASANGI VILLAGE (JAMAKANDI VILLAGE),KARNATAKA,Krishna,8.47,642.5,2.0,8.55,19.43,KRISHNA,2022-06-30
2022,30056,RIVER KRISHNA AT DEODURGA (BANGALORE),KARNATAKA,Krishna,8.325,782.0,2.0,8.9,,KRISHNA,2022-06-30
2022,1310,"RIVER KRISHNA AT KURUNDWAD NEAR SANTAJI GHORPADE GHAT, VILLAGE.NARSHINGWADI, KURUNDWAD, TALUKA. SHIROL, KOLHAPUR.",MAHARASHTRA,Krishna,7.75,2011.5,1.8,6.199999999999999,2.8850000000000002,KRISHNA,2022-06-30
2022,4251,"RIVER KRISHNA - D/S OF MUNNERU RIVER, PRAKASH NAGAR, KHAMMAM",TELANGANA,Krishna,7.984999999999999,609.5,1.75,5.0,1.34,KRISHNA -,2022-06-30
2022,1311,"RIVER PANCHAGANGA AT ICHALKARANJI NEAR MIDC INTAKE WELL. VILLAGE. SHIRADHWAD (ICHALKARANJI GHAT), TALUKA.HATKANANGALE,",MAHARASHTRA,Krishna,7.55,454.0,2.2,5.9,3.56,PANCHAGANGA,2022-06-30
2022,2163,"RIVER PANCHAGANGA AT SHIROL NEAR SHIROL INTAKE WELL, VILLAGE- SHIROL, TALUKA- SHIROL,",MAHARASHTRA,Krishna,7.6,636.5,1.9,6.15,,PANCHAGANGA,2022-06-30
2022,1904,"RIVER PANCHAGANGA AT U/S OF KOLHAPUR TOWN NEAR BALINGA PUMPING STATION, VILLAGE-BALINGA, TALUKA- KARVIR, KOLHAPUR.",MAHARASHTRA,Krishna,7.7,1874.5,2.0,6.5,1.625,PANCHAGANGA,2022-06-30
2022,1905,"RIVER PANCHAGANGA AT D/S OF KOLHAPUR TOWN AT GANDHI NAGAR NEAR NH.4 BRIDGE AND MIDC, VILLAGE. UCHEGAON, TALUKA. KOLHAPUR,",MAHARASHTRA,Krishna,7.5,599.5,2.1,6.05,1.6099999999999999,PANCHAGANGA,2022-06-30
2022,1189,"RIVER BHIMA AT PUNE (MUTHA RIVER) AT U/S OF VITHALWADI NEAR SHANKAR MANDIR, VILLAGE. VITHALWADI, TALUKA. HAWELI, DISTRICT. PUNE.",MAHARASHTRA,Krishna,7.75,556.5,11.299999999999999,4.699999999999999,2.855,BHIMA,2022-06-30
2022,2655,"RIVER BHIMA AT KOREGAON NEAR KOREGAON BRIDGE, VILLAGE- KOREGAON,TALUKA- SHIRUR, DISTRICT- PUNE.",MAHARASHTRA,Krishna,7.95,758.5,5.25,5.4,3.37,BHIMA,2022-06-30
2022,1190,"RIVER BHIMA AT D/S OF BUNDGARDEN, VILLAGE . YERWADA,TALUKA. HAWELI, DISTRICT. PUNE.",MAHARASHTRA,Krishna,7.75,572.0,10.7,4.4,4.91,BHIMA,2022-06-30
2022,1191,"RIVER BHIMA AFTER CONFLUENCE WITH MULA-MUTHA AT PARGAON NEAR VASANT BANDARA,VILLAGE- PARGAON,TALUKA- DAUND, DISTRICT- PUNE.",MAHARASHTRA,Krishna,7.85,4722.5,7.35,5.05,4.545,BHIMA AFTER CONFLUENCE WITH MULA-MUTHA,2022-06-30
2022,1192,"RIVER BHIMA AT DAUND NEAR MAHADEV TEMPLE,VILLAGE- DAUND, TALUKA- DAUND,",MAHARASHTRA,Krishna,7.85,1063.5,7.35,5.05,4.77,BHIMA,2022-06-30
2022,1188,"RIVER BHIMA AT NARSINGPUR NEAR SANGAM BRIDGE AFTER CONFLUENCE WITH NIRA, VILLAGE- NARSINGPUR, TALUKA-MALSHIRAS, DISTRICT- SOLAPUR.",MAHARASHTRA,Krishna,8.35,5277.0,8.6,5.449999999999999,2.81,BHIMA,2022-06-30
2022,30057,RIVER BHIMA AT GANGAPUR (BANGALORE),KARNATAKA,Krishna,7.9,1276.5,2.5,8.9,,BHIMA,2022-06-30
2022,30046,"RIVER BHIMA AT TAKLI, SOLAPUR, (MAHARASHTRA)",MAHARASHTRA,Krishna,7.6,1187.0,8.5,4.8,3.66,BHIMA,2022-06-30
2022,1183,RIVER BHIMA AT D/S OF ROAD BRIDGE AT GANGAPUR VILLAGE,KARNATAKA,Krishna,7.949999999999999,1506.0,11.0,7.5,,BHIMA,2022-06-30
2022,1184,RIVER BHIMA AT FEROZABAD VILLAGE (D/S),KARNATAKA,"Tributary Streams - Ghataprabha, Malprabha, Tungabhadra, Tunga, Bhadra, Musi, Palleru, Muneru, Kagina, Hundri, Mula, Mutha, Nira, Chandrabhaga, Venna, Koyna, Pawana, Indrayani, Ghod, Sina, Urmodi, Vel, And Upputeru",7.835,1435.5,5.0,7.4,,BHIMA,2022-06-30
2022,1167,RIVER BHIMA AT D/S OF BDG. NEAR YADGIR,KARNATAKA,"Tributary Streams - Ghataprabha, Malprabha, Tungabhadra, Tunga, Bhadra, Musi, Palleru, Muneru, Kagina, Hundri, Mula, Mutha, Nira, Chandrabhaga, Venna, Koyna, Pawana, Indrayani, Ghod, Sina, Urmodi, Vel, And Upputeru",8.35,1106.5,2.5,6.85,0.35,BHIMA,2022-06-30
2022,1888,RIVER BHIMA AT CONFLUENCE OF JEWARGI TOWN SEWAGE DISPOSAL POINT,KARNATAKA,"Tributary Streams - Ghataprabha, Malprabha, Tungabhadra, Tunga, Bhadra, Musi, Palleru, Muneru, Kagina, Hundri, Mula, Mutha, Nira, Chandrabhaga, Venna, Koyna, Pawana, Indrayani, Ghod, Sina, Urmodi, Vel, And Upputeru",7.97,1030.5,3.0,7.6000000000000005,,BHIMA,2022-06-30
2022,2656,"RIVER BHIMA BACKWATER OF UJANI DAM, NEAR RAW WATER PUMP HOUSE, VILLAGE- KUMBARGAON, TALUKA- INDAPUR, DISTRICT- PUNE.",MAHARASHTRA,"Tributary Streams - Ghataprabha, Malprabha, Tungabhadra, Tunga, Bhadra, Musi, Palleru, Muneru, Kagina, Hundri, Mula, Mutha, Nira, Chandrabhaga, Venna, Koyna, Pawana, Indrayani, Ghod, Sina, Urmodi, Vel, And Upputeru",8.2,987.5,6.4,5.45,2.655,"Ghataprabha, Malprabha, Tungabhadra, Tunga, Bhadra, Musi, Palleru, Muneru, Kagina, Hundri, Mula, Mutha, Nira, Chandrabhaga, Venna, Koyna, Pawana, Indrayani, Ghod, Sina, Urmodi, Vel, And Upputeru",2022-06-30
2022,1185,RIVER GHATAPRABHA AT D/S OF MUDHOL ROAD CROSS BDG.,KARNATAKA,"Tributary Streams - Ghataprabha, Malprabha, Tungabhadra, Tunga, Bhadra, Musi, Palleru, Muneru, Kagina, Hundri, Mula, Mutha, Nira, Chandrabhaga, Venna, Koyna, Pawana, Indrayani, Ghod, Sina, Urmodi, Vel, And Upputeru",7.915000000000001,952.0,2.0,8.6,22.96,GHATAPRABHA,2022-06-30
2022,1163,RIVER GHATAPRABHA AT W.A. POINT TO GOKAK TOWN,KARNATAKA,"Tributary Streams - Ghataprabha, Malprabha, Tungabhadra, Tunga, Bhadra, Musi, Palleru, Muneru, Kagina, Hundri, Mula, Mutha, Nira, Chandrabhaga, Venna, Koyna, Pawana, Indrayani, Ghod, Sina, Urmodi, Vel, And Upputeru",7.99,425.0,2.0,7.0,22.465000000000003,GHATAPRABHA,2022-06-30
2022,4104,RIVER GHATPRABHA DAVALSHWAR BARRAGE JACKWELL FOR DRINKING WATER SUPPLY,KARNATAKA,"Tributary Streams - Ghataprabha, Malprabha, Tungabhadra, Tunga, Bhadra, Musi, Palleru, Muneru, Kagina, Hundri, Mula, Mutha, Nira, Chandrabhaga, Venna, Koyna, Pawana, Indrayani, Ghod, Sina, Urmodi, Vel, And Upputeru",8.375,674.0,2.05,7.6499999999999995,24.080000000000002,"Ghataprabha, Malprabha, Tungabhadra, Tunga, Bhadra, Musi, Palleru, Muneru, Kagina, Hundri, Mula, Mutha, Nira, Chandrabhaga, Venna, Koyna, Pawana, Indrayani, Ghod, Sina, Urmodi, Vel, And Upputeru",2022-06-30
2022,1187,RIVER MALPRABHA AT D/S OF KHANAPUR VILLAGE,KARNATAKA,"Tributary Streams - Ghataprabha, Malprabha, Tungabhadra, Tunga, Bhadra, Musi, Palleru, Muneru, Kagina, Hundri, Mula, Mutha, Nira, Chandrabhaga, Venna, Koyna, Pawana, Indrayani, Ghod, Sina, Urmodi, Vel, And Upputeru",8.05,266.0,2.0,6.5,11.785,MALPRABHA,2022-06-30
2022,1164,"RIVER MALAPRABHA AT WATER ABSTRACTION POINT TO HUBLI, DHARWAD",KARNATAKA,"Tributary Streams - Ghataprabha, Malprabha, Tungabhadra, Tunga, Bhadra, Musi, Palleru, Muneru, Kagina, Hundri, Mula, Mutha, Nira, Chandrabhaga, Venna, Koyna, Pawana, Indrayani, Ghod, Sina, Urmodi, Vel, And Upputeru",8.299999999999999,370.0,1.5,6.800000000000001,9.435,MALAPRABHA,2022-06-30
2022,1186,RIVER MALAPRABHA AT D/S OF AIHOLE TOWN,KARNATAKA,"Tributary Streams - Ghataprabha, Malprabha, Tungabhadra, Tunga, Bhadra, Musi, Palleru, Muneru, Kagina, Hundri, Mula, Mutha, Nira, Chandrabhaga, Venna, Koyna, Pawana, Indrayani, Ghod, Sina, Urmodi, Vel, And Upputeru",8.23,853.0,2.3,7.8,19.53,MALAPRABHA,2022-06-30
2022,2764,RIVER MALAPRABHA AT BADAMI BRIDGE,KARNATAKA,"Tributary Streams - Ghataprabha, Malprabha, Tungabhadra, Tunga, Bhadra, Musi, Palleru, Muneru, Kagina, Hundri, Mula, Mutha, Nira, Chandrabhaga, Venna, Koyna, Pawana, Indrayani, Ghod, Sina, Urmodi, Vel, And Upputeru",8.21,916.5,2.3,8.1,19.54,MALAPRABHA,2022-06-30
2022,1029,RIVER TUNGABHADRA AT HARALAHALLI BRIDGE,KARNATAKA,"Tributary Streams - Ghataprabha, Malprabha, Tungabhadra, Tunga, Bhadra, Musi, Palleru, Muneru, Kagina, Hundri, Mula, Mutha, Nira, Chandrabhaga, Venna, Koyna, Pawana, Indrayani, Ghod, Sina, Urmodi, Vel, And Upputeru",7.789999999999999,419.5,2.75,7.7,,TUNGABHADRA,2022-06-30
2022,3558,RIVER TUNGABHADRA AT DADESUGUR BRIDGE GAUGING STATION,KARNATAKA,"Tributary Streams - Ghataprabha, Malprabha, Tungabhadra, Tunga, Bhadra, Musi, Palleru, Muneru, Kagina, Hundri, Mula, Mutha, Nira, Chandrabhaga, Venna, Koyna, Pawana, Indrayani, Ghod, Sina, Urmodi, Vel, And Upputeru",7.85,1157.0,4.0,7.5,,TUNGABHADRA,2022-06-30
2022,2767,RIVER TUNGABHADRA AT U/S OF HARIHAR POLYFIBERS,KARNATAKA,"Tributary Streams - Ghataprabha, Malprabha, Tungabhadra, Tunga, Bhadra, Musi, Palleru, Muneru, Kagina, Hundri, Mula, Mutha, Nira, Chandrabhaga, Venna, Koyna, Pawana, Indrayani, Ghod, Sina, Urmodi, Vel, And Upputeru",7.625,326.0,2.5,7.35,,TUNGABHADRA,2022-06-30
2022,2768,RIVER TUNGABHADRA AT D/S OF HARIHAR POLYFIBERS,KARNATAKA,"Tributary Streams - Ghataprabha, Malprabha, Tungabhadra, Tunga, Bhadra, Musi, Palleru, Muneru, Kagina, Hundri, Mula, Mutha, Nira, Chandrabhaga, Venna, Koyna, Pawana, Indrayani, Ghod, Sina, Urmodi, Vel, And Upputeru",7.58,740.0,5.5,5.45,,TUNGABHADRA,2022-06-30
2022,2769,RIVER TUNGABHADRA AT JACKWELL POINT,KARNATAKA,"Tributary Streams - Ghataprabha, Malprabha, Tungabhadra, Tunga, Bhadra, Musi, Palleru, Muneru, Kagina, Hundri, Mula, Mutha, Nira, Chandrabhaga, Venna, Koyna, Pawana, Indrayani, Ghod, Sina, Urmodi, Vel, And Upputeru",7.69,392.0,2.7,6.15,,TUNGABHADRA,2022-06-30
2022,2770,RIVER TUNGABHADRA AT HARIHAR WATER SUPPLY INTAKE,KARNATAKA,"Tributary Streams - Ghataprabha, Malprabha, Tungabhadra, Tunga, Bhadra, Musi, Palleru, Muneru, Kagina, Hundri, Mula, Mutha, Nira, Chandrabhaga, Venna, Koyna, Pawana, Indrayani, Ghod, Sina, Urmodi, Vel, And Upputeru",7.414999999999999,404.0,3.7,6.05,,TUNGABHADRA,2022-06-30
2022,2776,RIVER TUNGABHADRA AT D/S OF GANGAWATHI,KARNATAKA,"Tributary Streams - Ghataprabha, Malprabha, Tungabhadra, Tunga, Bhadra, Musi, Palleru, Muneru, Kagina, Hundri, Mula, Mutha, Nira, Chandrabhaga, Venna, Koyna, Pawana, Indrayani, Ghod, Sina, Urmodi, Vel, And Upputeru",8.165,464.0,11.0,5.949999999999999,,TUNGABHADRA,2022-06-30
2022,2766,RIVER TUNGABHADRA AT NEW BRIDGE,KARNATAKA,"Tributary Streams - Ghataprabha, Malprabha, Tungabhadra, Tunga, Bhadra, Musi, Palleru, Muneru, Kagina, Hundri, Mula, Mutha, Nira, Chandrabhaga, Venna, Koyna, Pawana, Indrayani, Ghod, Sina, Urmodi, Vel, And Upputeru",7.629999999999999,347.5,2.2,7.1,,TUNGABHADRA,2022-06-30
2022,30054,RIVER TUNGABHADRA AT HOCHECHALLI (BANGALORE),KARNATAKA,"Tributary Streams - Ghataprabha, Malprabha, Tungabhadra, Tunga, Bhadra, Musi, Palleru, Muneru, Kagina, Hundri, Mula, Mutha, Nira, Chandrabhaga, Venna, Koyna, Pawana, Indrayani, Ghod, Sina, Urmodi, Vel, And Upputeru",8.3,749.0,2.5,9.05,,TUNGABHADRA,2022-06-30
2022,1174,"RIVER TUNGABHADRA AT KURNOOL U/S, BHAVAPURAM (V), KURNOOL (M)",ANDHRA PRADESH,"Tributary Streams - Ghataprabha, Malprabha, Tungabhadra, Tunga, Bhadra, Musi, Palleru, Muneru, Kagina, Hundri, Mula, Mutha, Nira, Chandrabhaga, Venna, Koyna, Pawana, Indrayani, Ghod, Sina, Urmodi, Vel, And Upputeru",7.4,942.5,2.55,5.65,1.09,TUNGABHADRA,2022-06-30
2022,1785,RIVER TUNGABHADRA AT MANTHRALAYAM (V & M),ANDHRA PRADESH,"Tributary Streams - Ghataprabha, Malprabha, Tungabhadra, Tunga, Bhadra, Musi, Palleru, Muneru, Kagina, Hundri, Mula, Mutha, Nira, Chandrabhaga, Venna, Koyna, Pawana, Indrayani, Ghod, Sina, Urmodi, Vel, And Upputeru",7.550000000000001,1133.0,2.75,5.5,0.885,TUNGABHADRA,2022-06-30
2022,4388,"RIVER TUNGABHADRA, UPSTREAM OF KURNOOL TOWN BEFORE JOINING CITY DOMESTIC SEWAGE AND AFTER M/S RAYALASEEMA ALKALIES INDUSTRIES NEAR SIVALAYAM TEMPLE, GONDIPARLA (V), KURNOOL (M)",ANDHRA PRADESH,"Tributary Streams - Ghataprabha, Malprabha, Tungabhadra, Tunga, Bhadra, Musi, Palleru, Muneru, Kagina, Hundri, Mula, Mutha, Nira, Chandrabhaga, Venna, Koyna, Pawana, Indrayani, Ghod, Sina, Urmodi, Vel, And Upputeru",7.35,1031.0,2.6,5.449999999999999,1.13,INDUSTRIES,2022-06-30
2022,4495,RIVER TUNGABHADRA AT ARAVI,KARNATAKA,"Tributary Streams - Ghataprabha, Malprabha, Tungabhadra, Tunga, Bhadra, Musi, Palleru, Muneru, Kagina, Hundri, Mula, Mutha, Nira, Chandrabhaga, Venna, Koyna, Pawana, Indrayani, Ghod, Sina, Urmodi, Vel, And Upputeru",7.845000000000001,408.0,2.85,7.7,,TUNGABHADRA,2022-06-30
2022,4389,"RIVER TUNGABHADRA, DOWNSTREAM OF KURNOOL TOWN AFTER JOINING CITY DOMESTIC SEWAGE, PADIDEMPADU (V),",ANDHRA PRADESH,"Tributary Streams - Ghataprabha, Malprabha, Tungabhadra, Tunga, Bhadra, Musi, Palleru, Muneru, Kagina, Hundri, Mula, Mutha, Nira, Chandrabhaga, Venna, Koyna, Pawana, Indrayani, Ghod, Sina, Urmodi, Vel, And Upputeru",7.25,971.0,2.5,5.300000000000001,1.59,"Ghataprabha, Malprabha, Tungabhadra, Tunga, Bhadra, Musi, Palleru, Muneru, Kagina, Hundri, Mula, Mutha, Nira, Chandrabhaga, Venna, Koyna, Pawana, Indrayani, Ghod, Sina, Urmodi, Vel, And Upputeru",2022-06-30
2022,4494,RIVER TUNGABHADRA AT MYLARA,KARNATAKA,"Tributary Streams - Ghataprabha, Malprabha, Tungabhadra, Tunga, Bhadra, Musi, Palleru, Muneru, Kagina, Hundri, Mula, Mutha, Nira, Chandrabhaga, Venna, Koyna, Pawana, Indrayani, Ghod, Sina, Urmodi, Vel, And Upputeru",7.744999999999999,405.0,2.35,7.5,,TUNGABHADRA,2022-06-30
2022,1896,RIVER TUNGABHADRA AT CONFLUENCE POINT OF TUNGA AND BHADRA AT KUDLI,KARNATAKA,"Tributary Streams - Ghataprabha, Malprabha, Tungabhadra, Tunga, Bhadra, Musi, Palleru, Muneru, Kagina, Hundri, Mula, Mutha, Nira, Chandrabhaga, Venna, Koyna, Pawana, Indrayani, Ghod, Sina, Urmodi, Vel, And Upputeru",7.529999999999999,203.0,2.05,7.25,,TUNGABHADRA,2022-06-30
2022,1168,RIVER TUNGA AT D/S OF SHIMOGA TOWN,KARNATAKA,"Tributary Streams - Ghataprabha, Malprabha, Tungabhadra, Tunga, Bhadra, Musi, Palleru, Muneru, Kagina, Hundri, Mula, Mutha, Nira, Chandrabhaga, Venna, Koyna, Pawana, Indrayani, Ghod, Sina, Urmodi, Vel, And Upputeru",7.449999999999999,181.0,3.0,5.85,,TUNGA,2022-06-30
2022,1091,RIVER BHADRA AT MALLESWARAM D/S OF KIOCL,KARNATAKA,"Tributary Streams - Ghataprabha, Malprabha, Tungabhadra, Tunga, Bhadra, Musi, Palleru, Muneru, Kagina, Hundri, Mula, Mutha, Nira, Chandrabhaga, Venna, Koyna, Pawana, Indrayani, Ghod, Sina, Urmodi, Vel, And Upputeru",7.35,109.0,1.6,7.0,,BHADRA,2022-06-30
2022,1387,RIVER BHADRA AT D/S OF BHADRAVATHI,KARNATAKA,"Tributary Streams - Ghataprabha, Malprabha, Tungabhadra, Tunga, Bhadra, Musi, Palleru, Muneru, Kagina, Hundri, Mula, Mutha, Nira, Chandrabhaga, Venna, Koyna, Pawana, Indrayani, Ghod, Sina, Urmodi, Vel, And Upputeru",7.4350000000000005,241.0,2.5999999999999996,7.15,,BHADRA,2022-06-30
2022,1169,"RIVER BHADRA AT D/S OF KIOCL ROAD BRIDGE, NEAR HOLEHUNNUR",KARNATAKA,"Tributary Streams - Ghataprabha, Malprabha, Tungabhadra, Tunga, Bhadra, Musi, Palleru, Muneru, Kagina, Hundri, Mula, Mutha, Nira, Chandrabhaga, Venna, Koyna, Pawana, Indrayani, Ghod, Sina, Urmodi, Vel, And Upputeru",7.56,228.5,2.2,7.1,,BHADRA,2022-06-30
2022,2765,RIVER BHADRA AT U/S OF MPM,KARNATAKA,"Tributary Streams - Ghataprabha, Malprabha, Tungabhadra, Tunga, Bhadra, Musi, Palleru, Muneru, Kagina, Hundri, Mula, Mutha, Nira, Chandrabhaga, Venna, Koyna, Pawana, Indrayani, Ghod, Sina, Urmodi, Vel, And Upputeru",7.584999999999999,190.0,1.95,6.55,,BHADRA,2022-06-30
2022,2771,RIVER BHADRA AT U/S OF KIOCL,KARNATAKA,"Tributary Streams - Ghataprabha, Malprabha, Tungabhadra, Tunga, Bhadra, Musi, Palleru, Muneru, Kagina, Hundri, Mula, Mutha, Nira, Chandrabhaga, Venna, Koyna, Pawana, Indrayani, Ghod, Sina, Urmodi, Vel, And Upputeru",7.3,99.5,1.5,7.15,,BHADRA,2022-06-30
2022,1173,"RIVER MUSI - D/S AT PRATAPASINGARAM , SHAMSHABAD",TELANGANA,"Tributary Streams - Ghataprabha, Malprabha, Tungabhadra, Tunga, Bhadra, Musi, Palleru, Muneru, Kagina, Hundri, Mula, Mutha, Nira, Chandrabhaga, Venna, Koyna, Pawana, Indrayani, Ghod, Sina, Urmodi, Vel, And Upputeru",7.255,1025.5,6.9,2.5,7.6000000000000005,MUSI -,2022-06-30
2022,2339,"RIVER MUSI AT NAGOLE, RANGA REDDY",TELANGANA,"Tributary Streams - Ghataprabha, Malprabha, Tungabhadra, Tunga, Bhadra, Musi, Palleru, Muneru, Kagina, Hundri, Mula, Mutha, Nira, Chandrabhaga, Venna, Koyna, Pawana, Indrayani, Ghod, Sina, Urmodi, Vel, And Upputeru",7.595000000000001,963.0,15.4,2.05,6.4,MUSI,2022-06-30
2022,3082,"RIVER MUSI AT SOLIPET (KASANIGUDA), NALGONDA",TELANGANA,"Tributary Streams - Ghataprabha, Malprabha, Tungabhadra, Tunga, Bhadra, Musi, Palleru, Muneru, Kagina, Hundri, Mula, Mutha, Nira, Chandrabhaga, Venna, Koyna, Pawana, Indrayani, Ghod, Sina, Urmodi, Vel, And Upputeru",7.985,1380.0,4.0,6.25,10.075,MUSI,2022-06-30
2022,4656,"RIVER MUSI AT MOOSARAMBAGH BRIDGE, HYDERABAD",TELANGANA,"Tributary Streams - Ghataprabha, Malprabha, Tungabhadra, Tunga, Bhadra, Musi, Palleru, Muneru, Kagina, Hundri, Mula, Mutha, Nira, Chandrabhaga, Venna, Koyna, Pawana, Indrayani, Ghod, Sina, Urmodi, Vel, And Upputeru",7.455,1063.5,13.6,2.75,6.1000000000000005,MUSI,2022-06-30
2022,4657,"RIVER MUSI AT PILLAIPALLI, RANGAREDDY",TELANGANA,"Tributary Streams - Ghataprabha, Malprabha, Tungabhadra, Tunga, Bhadra, Musi, Palleru, Muneru, Kagina, Hundri, Mula, Mutha, Nira, Chandrabhaga, Venna, Koyna, Pawana, Indrayani, Ghod, Sina, Urmodi, Vel, And Upputeru",7.27,1085.5,6.9,2.7,5.3,MUSI,2022-06-30
2022,4658,"RIVER MUSI AT VALIGONDA BRIDGE, NALGONDA DIST",TELANGANA,"Tributary Streams - Ghataprabha, Malprabha, Tungabhadra, Tunga, Bhadra, Musi, Palleru, Muneru, Kagina, Hundri, Mula, Mutha, Nira, Chandrabhaga, Venna, Koyna, Pawana, Indrayani, Ghod, Sina, Urmodi, Vel, And Upputeru",7.615,1466.0,5.85,6.0,4.02,MUSI,2022-06-30
2022,4659,"RIVER MUSI - OUTLET OF NALLA CHERUVU, PEERAJADIGUDA, RANGAREDDY",TELANGANA,"Tributary Streams - Ghataprabha, Malprabha, Tungabhadra, Tunga, Bhadra, Musi, Palleru, Muneru, Kagina, Hundri, Mula, Mutha, Nira, Chandrabhaga, Venna, Koyna, Pawana, Indrayani, Ghod, Sina, Urmodi, Vel, And Upputeru",7.640000000000001,1517.0,12.0,0.0,7.8,"Ghataprabha, Malprabha, Tungabhadra, Tunga, Bhadra, Musi, Palleru, Muneru, Kagina, Hundri, Mula, Mutha, Nira, Chandrabhaga, Venna, Koyna, Pawana, Indrayani, Ghod, Sina, Urmodi, Vel, And Upputeru",2022-06-30
2022,4660,"RIVER MUSI AT PEERAJADIGUDA, RANGA REDDY",TELANGANA,"Tributary Streams - Ghataprabha, Malprabha, Tungabhadra, Tunga, Bhadra, Musi, Palleru, Muneru, Kagina, Hundri, Mula, Mutha, Nira, Chandrabhaga, Venna, Koyna, Pawana, Indrayani, Ghod, Sina, Urmodi, Vel, And Upputeru",7.585,1087.5,11.05,2.1,6.6,MUSI,2022-06-30
2022,4253,"RIVER MUSI AT BAPUGHAT SANGAM, HYDERABAD",TELANGANA,"Tributary Streams - Ghataprabha, Malprabha, Tungabhadra, Tunga, Bhadra, Musi, Palleru, Muneru, Kagina, Hundri, Mula, Mutha, Nira, Chandrabhaga, Venna, Koyna, Pawana, Indrayani, Ghod, Sina, Urmodi, Vel, And Upputeru",7.395,1124.0,9.0,3.4,5.1,MUSI,2022-06-30
2022,4254,"RIVER MUSI AT RUDRAVELLY BRIDGE,YADADRI",TELANGANA,"Tributary Streams - Ghataprabha, Malprabha, Tungabhadra, Tunga, Bhadra, Musi, Palleru, Muneru, Kagina, Hundri, Mula, Mutha, Nira, Chandrabhaga, Venna, Koyna, Pawana, Indrayani, Ghod, Sina, Urmodi, Vel, And Upputeru",7.515000000000001,1388.5,5.25,5.699999999999999,15.645,MUSI,2022-06-30
2022,5106,"RIVER MUSI AT BHEEMARAM BRIDGE, BHEEMARAM (V), KETHEPALLY (M), NALGONDA (D)",TELANGANA,"Tributary Streams - Ghataprabha, Malprabha, Tungabhadra, Tunga, Bhadra, Musi, Palleru, Muneru, Kagina, Hundri, Mula, Mutha, Nira, Chandrabhaga, Venna, Koyna, Pawana, Indrayani, Ghod, Sina, Urmodi, Vel, And Upputeru",7.945,1440.0,3.9,6.1,10.68,MUSI,2022-06-30
2022,5107,"RIVER MUSI BEFORE CONFLUENCE OF RIVER KRISHNA AT WADAPALLY (V), DAMARACHARLA (M), NALGONDA(D)",TELANGANA,"Tributary Streams - Ghataprabha, Malprabha, Tungabhadra, Tunga, Bhadra, Musi, Palleru, Muneru, Kagina, Hundri, Mula, Mutha, Nira, Chandrabhaga, Venna, Koyna, Pawana, Indrayani, Ghod, Sina, Urmodi, Vel, And Upputeru",7.925,1063.5,3.1,6.300000000000001,6.13,MUSI BEFORE CONFLUENCE OF RIVER KRISHNA,2022-06-30
2022,1178,"RIVER PALLERU B/C WITH KRISHNA, JAGGAIAPET (V &M)",ANDHRA PRADESH,"Tributary Streams - Ghataprabha, Malprabha, Tungabhadra, Tunga, Bhadra, Musi, Palleru, Muneru, Kagina, Hundri, Mula, Mutha, Nira, Chandrabhaga, Venna, Koyna, Pawana, Indrayani, Ghod, Sina, Urmodi, Vel, And Upputeru",7.835,973.5,2.75,7.15,1.3399999999999999,"Ghataprabha, Malprabha, Tungabhadra, Tunga, Bhadra, Musi, Palleru, Muneru, Kagina, Hundri, Mula, Mutha, Nira, Chandrabhaga, Venna, Koyna, Pawana, Indrayani, Ghod, Sina, Urmodi, Vel, And Upputeru",2022-06-30
2022,1177,"RIVER MUNERU B/C WITH KRISHNA, KEESARA (V & M)",ANDHRA PRADESH,"Tributary Streams - Ghataprabha, Malprabha, Tungabhadra, Tunga, Bhadra, Musi, Palleru, Muneru, Kagina, Hundri, Mula, Mutha, Nira, Chandrabhaga, Venna, Koyna, Pawana, Indrayani, Ghod, Sina, Urmodi, Vel, And Upputeru",8.06,861.0,2.65,7.050000000000001,1.37,"Ghataprabha, Malprabha, Tungabhadra, Tunga, Bhadra, Musi, Palleru, Muneru, Kagina, Hundri, Mula, Mutha, Nira, Chandrabhaga, Venna, Koyna, Pawana, Indrayani, Ghod, Sina, Urmodi, Vel, And Upputeru",2022-06-30
2022,1895,RIVER KAGINA D/S OF SEWAGE DISPOSAL POINT,KARNATAKA,"Tributary Streams - Ghataprabha, Malprabha, Tungabhadra, Tunga, Bhadra, Musi, Palleru, Muneru, Kagina, Hundri, Mula, Mutha, Nira, Chandrabhaga, Venna, Koyna, Pawana, Indrayani, Ghod, Sina, Urmodi, Vel, And Upputeru",7.9399999999999995,572.5,2.2,7.449999999999999,,KAGINA,2022-06-30
2022,2777,RIVER KAGINA AT SHAHABAD BRIDGE,KARNATAKA,"Tributary Streams - Ghataprabha, Malprabha, Tungabhadra, Tunga, Bhadra, Musi, Palleru, Muneru, Kagina, Hundri, Mula, Mutha, Nira, Chandrabhaga, Venna, Koyna, Pawana, Indrayani, Ghod, Sina, Urmodi, Vel, And Upputeru",7.85,528.5,3.0,7.3,,KAGINA,2022-06-30
2022,4500,"RIVER KAGINA AT D/S OF BRIDGE CUM BARRAGE, SADEM",KARNATAKA,"Tributary Streams - Ghataprabha, Malprabha, Tungabhadra, Tunga, Bhadra, Musi, Palleru, Muneru, Kagina, Hundri, Mula, Mutha, Nira, Chandrabhaga, Venna, Koyna, Pawana, Indrayani, Ghod, Sina, Urmodi, Vel, And Upputeru",7.65,462.5,2.75,6.75,,KAGINA,2022-06-30
2022,2350,"RIVER HUNDRI AT LAXMIPURAM (V), KALLUR",ANDHRA PRADESH,"Tributary Streams - Ghataprabha, Malprabha, Tungabhadra, Tunga, Bhadra, Musi, Palleru, Muneru, Kagina, Hundri, Mula, Mutha, Nira, Chandrabhaga, Venna, Koyna, Pawana, Indrayani, Ghod, Sina, Urmodi, Vel, And Upputeru",7.550000000000001,1158.5,2.0,5.75,1.395,HUNDRI,2022-06-30
2022,2193,"RIVER MULA AT AUNDH BRIDGE, VILLAGE- AUNDHGAON,TALUKA- HAWELI, DISTRICT- PUNE.",MAHARASHTRA,"Tributary Streams - Ghataprabha, Malprabha, Tungabhadra, Tunga, Bhadra, Musi, Palleru, Muneru, Kagina, Hundri, Mula, Mutha, Nira, Chandrabhaga, Venna, Koyna, Pawana, Indrayani, Ghod, Sina, Urmodi, Vel, And Upputeru",7.85,4087.5,9.7,4.95,5.355,MULA,2022-06-30
2022,2194,"RIVER MULA AT HARRISON BRIDGE NEAR MULA-PAWANA SANGAM, VILLAGE- BOPODI,TALUKA- HAWELI, DISTRICT- PUNE.",MAHARASHTRA,"Tributary Streams - Ghataprabha, Malprabha, Tungabhadra, Tunga, Bhadra, Musi, Palleru, Muneru, Kagina, Hundri, Mula, Mutha, Nira, Chandrabhaga, Venna, Koyna, Pawana, Indrayani, Ghod, Sina, Urmodi, Vel, And Upputeru",7.75,2279.5,11.85,4.6,5.31,MULA,2022-06-30
2022,2677,"RIVER MULA-MUTHA AT D/S OF THEUR, VILLAGE. THEUR, TALUKA. HAWELI, DISTRICT. PUNE.",MAHARASHTRA,"Tributary Streams - Ghataprabha, Malprabha, Tungabhadra, Tunga, Bhadra, Musi, Palleru, Muneru, Kagina, Hundri, Mula, Mutha, Nira, Chandrabhaga, Venna, Koyna, Pawana, Indrayani, Ghod, Sina, Urmodi, Vel, And Upputeru",7.75,760.5,6.9,5.0,4.945,MULA-MUTHA,2022-06-30
2022,2192,"RIVER MULA-MUTHA AT MUNDHAWA BRIDGE,VILLAGE- MUNDHAWA,TALUKA- HAWELI,DISTRICT- PUNE.",MAHARASHTRA,"Tributary Streams - Ghataprabha, Malprabha, Tungabhadra, Tunga, Bhadra, Musi, Palleru, Muneru, Kagina, Hundri, Mula, Mutha, Nira, Chandrabhaga, Venna, Koyna, Pawana, Indrayani, Ghod, Sina, Urmodi, Vel, And Upputeru",7.85,550.0,8.5,4.8,4.805,MULA-MUTHA,2022-06-30
2022,2678,"RIVER MUTHA NEAR VEER SAVARKAR BHAVAN, VILLAGE- PUNE M.C, TALUKA- PUNE, DISTRICT -PUNE.",MAHARASHTRA,"Tributary Streams - Ghataprabha, Malprabha, Tungabhadra, Tunga, Bhadra, Musi, Palleru, Muneru, Kagina, Hundri, Mula, Mutha, Nira, Chandrabhaga, Venna, Koyna, Pawana, Indrayani, Ghod, Sina, Urmodi, Vel, And Upputeru",7.7,488.0,12.899999999999999,4.45,2.77,MUTHA,2022-06-30
2022,2679,"RIVER MUTHA AT DECCAN BRIDGE, VILLAGE- DECCAN,TALUKA- PUNE, DISTRICT- PUNE.",MAHARASHTRA,"Tributary Streams - Ghataprabha, Malprabha, Tungabhadra, Tunga, Bhadra, Musi, Palleru, Muneru, Kagina, Hundri, Mula, Mutha, Nira, Chandrabhaga, Venna, Koyna, Pawana, Indrayani, Ghod, Sina, Urmodi, Vel, And Upputeru",7.699999999999999,489.0,13.2,4.4,3.58,MUTHA,2022-06-30
2022,2680,"RIVER MUTHA AT KHADAKVASLA DAM, VILLAGE- KHADAKVASLA,TALUKA- HAWELI, DISTRICT- PUNE.",MAHARASHTRA,"Tributary Streams - Ghataprabha, Malprabha, Tungabhadra, Tunga, Bhadra, Musi, Palleru, Muneru, Kagina, Hundri, Mula, Mutha, Nira, Chandrabhaga, Venna, Koyna, Pawana, Indrayani, Ghod, Sina, Urmodi, Vel, And Upputeru",8.0,115.0,2.7,6.3,,MUTHA,2022-06-30
2022,2191,"RIVER MUTHA AT SANGAM BRIDGE NEAR GANAPATHYGHAT, VILLAGE . SHIVAJI NAGAR, TALUKA. PUNE, DISTRICT. PUNE.",MAHARASHTRA,"Tributary Streams - Ghataprabha, Malprabha, Tungabhadra, Tunga, Bhadra, Musi, Palleru, Muneru, Kagina, Hundri, Mula, Mutha, Nira, Chandrabhaga, Venna, Koyna, Pawana, Indrayani, Ghod, Sina, Urmodi, Vel, And Upputeru",7.800000000000001,518.0,11.0,4.6,3.33,MUTHA,2022-06-30
2022,1463,"RIVER NIRA AT SAROLA BRIDGE, VILLAGE- SAROLA, TALUKA-BHOR, DISTRICT- PUNE.",MAHARASHTRA,"Tributary Streams - Ghataprabha, Malprabha, Tungabhadra, Tunga, Bhadra, Musi, Palleru, Muneru, Kagina, Hundri, Mula, Mutha, Nira, Chandrabhaga, Venna, Koyna, Pawana, Indrayani, Ghod, Sina, Urmodi, Vel, And Upputeru",8.05,508.5,4.7,5.699999999999999,,NIRA,2022-06-30
2022,2681,"RIVER NIRA AT SANGAVI, VILLAGE- SANGAVI, TALUKA- PHALTAN, DISTRICT- SATARA.",MAHARASHTRA,"Tributary Streams - Ghataprabha, Malprabha, Tungabhadra, Tunga, Bhadra, Musi, Palleru, Muneru, Kagina, Hundri, Mula, Mutha, Nira, Chandrabhaga, Venna, Koyna, Pawana, Indrayani, Ghod, Sina, Urmodi, Vel, And Upputeru",8.25,1593.0,9.95,4.949999999999999,2.9699999999999998,NIRA,2022-06-30
2022,2682,"RIVER NIRA AT U/S OF JUBILANT ORGANOSIS, VILLAGE- NIRA (DATTAGHAT),TALUKA- BARAMATI, PUNE.",MAHARASHTRA,"Tributary Streams - Ghataprabha, Malprabha, Tungabhadra, Tunga, Bhadra, Musi, Palleru, Muneru, Kagina, Hundri, Mula, Mutha, Nira, Chandrabhaga, Venna, Koyna, Pawana, Indrayani, Ghod, Sina, Urmodi, Vel, And Upputeru",8.399999999999999,832.0,5.85,5.35,3.535,NIRA,2022-06-30
2022,2683,"RIVER NIRA AT SHINDEWADI, VILLAGE- SHIRVAL, TALUKA- KHANDALA, SATARA.",MAHARASHTRA,"Tributary Streams - Ghataprabha, Malprabha, Tungabhadra, Tunga, Bhadra, Musi, Palleru, Muneru, Kagina, Hundri, Mula, Mutha, Nira, Chandrabhaga, Venna, Koyna, Pawana, Indrayani, Ghod, Sina, Urmodi, Vel, And Upputeru",8.05,810.5,4.1,5.75,,NIRA,2022-06-30
2022,1911,"RIVER CHANDRABHAGA AT U/S OF PANDHARPUR TOWN, VILLAGE. GURSALE, TALUKA. PANDHARPUR, SOLAPUR.",MAHARASHTRA,"Tributary Streams - Ghataprabha, Malprabha, Tungabhadra, Tunga, Bhadra, Musi, Palleru, Muneru, Kagina, Hundri, Mula, Mutha, Nira, Chandrabhaga, Venna, Koyna, Pawana, Indrayani, Ghod, Sina, Urmodi, Vel, And Upputeru",7.9,3272.0,7.15,5.45,2.71,CHANDRABHAGA,2022-06-30
2022,1912,"RIVER CHANDRABHAGA AT D/S OF PANDHARPUR TOWN REAR VISHNUPANT MANDIR, VILLAGE. GOPALPUR, TALUKA. PANDHARPUR, SOLAPUR.",MAHARASHTRA,"Tributary Streams - Ghataprabha, Malprabha, Tungabhadra, Tunga, Bhadra, Musi, Palleru, Muneru, Kagina, Hundri, Mula, Mutha, Nira, Chandrabhaga, Venna, Koyna, Pawana, Indrayani, Ghod, Sina, Urmodi, Vel, And Upputeru",8.3,1290.0,8.95,4.9,2.13,CHANDRABHAGA,2022-06-30
2022,2186,"RIVER VENNA AT VARYE, VILLAGE - VARYE,TALUKA- SATARA,",MAHARASHTRA,"Tributary Streams - Ghataprabha, Malprabha, Tungabhadra, Tunga, Bhadra, Musi, Palleru, Muneru, Kagina, Hundri, Mula, Mutha, Nira, Chandrabhaga, Venna, Koyna, Pawana, Indrayani, Ghod, Sina, Urmodi, Vel, And Upputeru",8.15,355.5,3.8,5.75,,VENNA,2022-06-30
2022,2716,"RIVER VENNA AT MAHABALESHWAR, VILLAGE. MAHABALESHWAR, TALUKA. MAHABALESHWAR,",MAHARASHTRA,"Tributary Streams - Ghataprabha, Malprabha, Tungabhadra, Tunga, Bhadra, Musi, Palleru, Muneru, Kagina, Hundri, Mula, Mutha, Nira, Chandrabhaga, Venna, Koyna, Pawana, Indrayani, Ghod, Sina, Urmodi, Vel, And Upputeru",7.35,234.5,4.4,5.6,0.55,VENNA,2022-06-30
2022,2717,"RIVER VENNA AT MAHULI, VILLAGE- MAHULI, TALUKA- MAHULI, DISTRICT- SATARA.",MAHARASHTRA,"Tributary Streams - Ghataprabha, Malprabha, Tungabhadra, Tunga, Bhadra, Musi, Palleru, Muneru, Kagina, Hundri, Mula, Mutha, Nira, Chandrabhaga, Venna, Koyna, Pawana, Indrayani, Ghod, Sina, Urmodi, Vel, And Upputeru",8.15,377.0,4.6,5.800000000000001,2.585,VENNA,2022-06-30
2022,2189,"RIVER KOYNA AT KARAD, VILLAGE- KARAD,TALUKA- KARAD, DISTRICT- SATARA.",MAHARASHTRA,"Tributary Streams - Ghataprabha, Malprabha, Tungabhadra, Tunga, Bhadra, Musi, Palleru, Muneru, Kagina, Hundri, Mula, Mutha, Nira, Chandrabhaga, Venna, Koyna, Pawana, Indrayani, Ghod, Sina, Urmodi, Vel, And Upputeru",8.149999999999999,196.0,4.35,5.5,,KOYNA,2022-06-30
2022,2195,"RIVER NIRA AT D/S OF JUBILANT ORGANOSIS, VILLAGE- NIMBUT, TALUKA- BARAMATI, PUNE.",MAHARASHTRA,"Tributary Streams - Ghataprabha, Malprabha, Tungabhadra, Tunga, Bhadra, Musi, Palleru, Muneru, Kagina, Hundri, Mula, Mutha, Nira, Chandrabhaga, Venna, Koyna, Pawana, Indrayani, Ghod, Sina, Urmodi, Vel, And Upputeru",8.2,908.0,7.7,5.25,3.55,NIRA,2022-06-30
2022,2196,"RIVER PAWANA AT SANGAVIGAON, VILLAGE- SANGAVIGAON, TALUKA- HAWELI, DISTRICT- PUNE.",MAHARASHTRA,"Tributary Streams - Ghataprabha, Malprabha, Tungabhadra, Tunga, Bhadra, Musi, Palleru, Muneru, Kagina, Hundri, Mula, Mutha, Nira, Chandrabhaga, Venna, Koyna, Pawana, Indrayani, Ghod, Sina, Urmodi, Vel, And Upputeru",7.65,582.5,17.4,4.4,2.16,PAWANA,2022-06-30
2022,2690,"RIVER PAWANA AT KASARWADI, VILLAGE- KASARWADI, TALUKA- HAWELI, DISTRICT- PUNE.",MAHARASHTRA,"Tributary Streams - Ghataprabha, Malprabha, Tungabhadra, Tunga, Bhadra, Musi, Palleru, Muneru, Kagina, Hundri, Mula, Mutha, Nira, Chandrabhaga, Venna, Koyna, Pawana, Indrayani, Ghod, Sina, Urmodi, Vel, And Upputeru",7.75,625.5,16.0,3.95,3.85,PAWANA,2022-06-30
2022,2691,"RIVER PAWANA AT DAPODI BRIDGE, AT PAWANA- MULLA SANGAM, VILLAGE- DAPODI, TALUKA- HAWELI, DISTRICT- PUNE.",MAHARASHTRA,"Tributary Streams - Ghataprabha, Malprabha, Tungabhadra, Tunga, Bhadra, Musi, Palleru, Muneru, Kagina, Hundri, Mula, Mutha, Nira, Chandrabhaga, Venna, Koyna, Pawana, Indrayani, Ghod, Sina, Urmodi, Vel, And Upputeru",7.800000000000001,571.0,12.1,4.1,2.285,PAWANA,2022-06-30
2022,2692,"RIVER PAWANA AT RAVET WEIR, VILLAGE. RAVET, TALUKA. HAWELI, DISTRICT. PUNE.",MAHARASHTRA,"Tributary Streams - Ghataprabha, Malprabha, Tungabhadra, Tunga, Bhadra, Musi, Palleru, Muneru, Kagina, Hundri, Mula, Mutha, Nira, Chandrabhaga, Venna, Koyna, Pawana, Indrayani, Ghod, Sina, Urmodi, Vel, And Upputeru",7.8500000000000005,225.0,3.5,6.0,,PAWANA,2022-06-30
2022,2693,"RIVER PAWANA AT CHINCHWADGAON, VILLAGE. CHINCHWADGAON,TALUKA. HAWELI,DISTRICT. PUNE.",MAHARASHTRA,"Tributary Streams - Ghataprabha, Malprabha, Tungabhadra, Tunga, Bhadra, Musi, Palleru, Muneru, Kagina, Hundri, Mula, Mutha, Nira, Chandrabhaga, Venna, Koyna, Pawana, Indrayani, Ghod, Sina, Urmodi, Vel, And Upputeru",7.800000000000001,426.5,8.75,5.050000000000001,3.1100000000000003,PAWANA,2022-06-30
2022,2694,"RIVER PAWANA AT PIMPRIGAON, VILLAGE- PIMPRIGAON, TALUKA- HAWELI, DISTRICT- PUNE.",MAHARASHTRA,"Tributary Streams - Ghataprabha, Malprabha, Tungabhadra, Tunga, Bhadra, Musi, Palleru, Muneru, Kagina, Hundri, Mula, Mutha, Nira, Chandrabhaga, Venna, Koyna, Pawana, Indrayani, Ghod, Sina, Urmodi, Vel, And Upputeru",7.55,592.5,10.35,4.8,3.425,PAWANA,2022-06-30
2022,2197,"RIVER INDRAYANI AT D/S OF ALANDIGAON, VILLAGE. ALANDIGAON, TALUKA. HAWELI, DISTRICT. PUNE.",MAHARASHTRA,"Tributary Streams - Ghataprabha, Malprabha, Tungabhadra, Tunga, Bhadra, Musi, Palleru, Muneru, Kagina, Hundri, Mula, Mutha, Nira, Chandrabhaga, Venna, Koyna, Pawana, Indrayani, Ghod, Sina, Urmodi, Vel, And Upputeru",7.7,517.0,7.6,4.8,3.91,INDRAYANI,2022-06-30
2022,2668,"RIVER INDRAYANI AT D/S OF MOSHI VILLAGE. VILLAGE- MOSHI, TALUKA- HAWELI, DISTRICT- PUNE.",MAHARASHTRA,"Tributary Streams - Ghataprabha, Malprabha, Tungabhadra, Tunga, Bhadra, Musi, Palleru, Muneru, Kagina, Hundri, Mula, Mutha, Nira, Chandrabhaga, Venna, Koyna, Pawana, Indrayani, Ghod, Sina, Urmodi, Vel, And Upputeru",7.35,496.5,6.65,4.9,4.8,INDRAYANI,2022-06-30
2022,2669,"RIVER INDRAYANI AT U/S OF MOSHIGAON,VILLAGE- MOSHI, TALUKA- HAWELI, DISTRICT- PUNE.",MAHARASHTRA,"Tributary Streams - Ghataprabha, Malprabha, Tungabhadra, Tunga, Bhadra, Musi, Palleru, Muneru, Kagina, Hundri, Mula, Mutha, Nira, Chandrabhaga, Venna, Koyna, Pawana, Indrayani, Ghod, Sina, Urmodi, Vel, And Upputeru",7.85,449.5,5.1,5.65,,INDRAYANI,2022-06-30
2022,2665,"RIVER GHOD AT SHIRUR, VILLAGE. SHIRUR, TALUKA. SHIRUR, DISTRICT. PUNE.",MAHARASHTRA,"Tributary Streams - Ghataprabha, Malprabha, Tungabhadra, Tunga, Bhadra, Musi, Palleru, Muneru, Kagina, Hundri, Mula, Mutha, Nira, Chandrabhaga, Venna, Koyna, Pawana, Indrayani, Ghod, Sina, Urmodi, Vel, And Upputeru",8.0,3607.0,4.9,5.5,3.98,GHOD,2022-06-30
2022,2705,"RIVER SINA NEAR LABOTI TOLL NAKA, VILLAGE. LABOTI, TALUKA. MOHAL, DISTRICT. SOLAPUR.",MAHARASHTRA,"Tributary Streams - Ghataprabha, Malprabha, Tungabhadra, Tunga, Bhadra, Musi, Palleru, Muneru, Kagina, Hundri, Mula, Mutha, Nira, Chandrabhaga, Venna, Koyna, Pawana, Indrayani, Ghod, Sina, Urmodi, Vel, And Upputeru",8.15,4569.0,6.95,4.9,1.875,SINA,2022-06-30
2022,2711,"RIVER URMODI AT NAGTHNE KT WARE, VILLAGE- NAGTHANE,TALUKA- SATARA, DISTRICT- SATARA.",MAHARASHTRA,"Tributary Streams - Ghataprabha, Malprabha, Tungabhadra, Tunga, Bhadra, Musi, Palleru, Muneru, Kagina, Hundri, Mula, Mutha, Nira, Chandrabhaga, Venna, Koyna, Pawana, Indrayani, Ghod, Sina, Urmodi, Vel, And Upputeru",8.05,433.5,4.300000000000001,5.550000000000001,2.395,URMODI,2022-06-30
2022,2715,"RIVER VEL AT SHIKRAPUR, VILLAGE. SHIKRAPUR, TALUKA. SHIRUR, DISTRICT. PUNE.",MAHARASHTRA,"Tributary Streams - Ghataprabha, Malprabha, Tungabhadra, Tunga, Bhadra, Musi, Palleru, Muneru, Kagina, Hundri, Mula, Mutha, Nira, Chandrabhaga, Venna, Koyna, Pawana, Indrayani, Ghod, Sina, Urmodi, Vel, And Upputeru",8.15,591.5,4.699999999999999,5.300000000000001,6.44,VEL,2022-06-30
2022,4379,"RIVER UPPUTERU BEFORE CONFLUENCE WITH SEA, AT CHINNA GOLLAPALEM (V), KRUTHIVENNU (M)",ANDHRA PRADESH,"Tributary Streams - Ghataprabha, Malprabha, Tungabhadra, Tunga, Bhadra, Musi, Palleru, Muneru, Kagina, Hundri, Mula, Mutha, Nira, Chandrabhaga, Venna, Koyna, Pawana, Indrayani, Ghod, Sina, Urmodi, Vel, And Upputeru",7.640000000000001,44775.0,2.75,5.6,1.2,"Ghataprabha, Malprabha, Tungabhadra, Tunga, Bhadra, Musi, Palleru, Muneru, Kagina, Hundri, Mula, Mutha, Nira, Chandrabhaga, Venna, Koyna, Pawana, Indrayani, Ghod, Sina, Urmodi, Vel, And Upputeru",2022-06-30
2022,1255,"RIVER PENNAR B/C WITH CHITRAVATHI, TADIPATRI (M), VENGANUR (V)",ANDHRA PRADESH,Pennar,7.65,783.5,2.0,5.8,0.665,Pennar,2022-06-30
2022,1256,"RIVER PENNAR A/C WITH PAPAGNI, PUSHPAGIRI (V),VALLUR (M)",ANDHRA PRADESH,Pennar,7.75,924.0,2.35,5.65,2.3449999999999998,Pennar,2022-06-30
2022,1257,"RIVER PENNAR A/C WITH CHEYYURU, SOMASILA (V), ANANTHASAGARAM (M)",ANDHRA PRADESH,Pennar,7.754999999999999,841.0,2.7,7.1,1.51,Pennar,2022-06-30
2022,1689,"CHUNNAMBAR RIVER, KILINJIKUPPAM ROAD, NONANKUPPAM, PUDUCHERRY.",PUDUCHERRY,Pennar,8.690000000000001,1232.5,4.25,8.55,0.32,Pennar,2022-06-30
2022,2351,"RIVER KUNDU, NANDYAL, NEAR OVER BDG.,NANDYAL TOWN",ANDHRA PRADESH,Pennar,7.45,962.0,2.6,5.25,3.565,Pennar,2022-06-30
2022,1198,RIVER CAUVERY AT NAPOKULU BDG (D/S),KARNATAKA,Cauvery,7.55,105.5,1.6,7.0,,CAUVERY,2022-06-30
2022,1195,RIVER CAUVERY AT KUSHAL NAGAR U/S (NEAR BAICHANAHALLI),KARNATAKA,Cauvery,7.75,104.0,1.6,6.949999999999999,,CAUVERY,2022-06-30
2022,1171,"RIVER CAUVERY AT SRI RANGAPATTANNA, D/S OF ROAD BDG.",KARNATAKA,Cauvery,8.2,270.5,3.0,6.35,2.02,CAUVERY,2022-06-30
2022,1386,RIVER CAUVERY AT D/S OF KAREKUARA VILLAGE,KARNATAKA,Cauvery,8.2,267.0,2.2,6.7,1.4100000000000001,CAUVERY,2022-06-30
2022,2773,RIVER CAUVERY AT BANNUR BRIDGE,KARNATAKA,Cauvery,8.0,341.5,2.4,6.65,1.29,CAUVERY,2022-06-30
2022,2774,RIVER CAUVERY AT RANGANATHITTU,KARNATAKA,Cauvery,8.2,284.0,2.5,6.45,1.9400000000000002,CAUVERY,2022-06-30
2022,3566,RIVER CAUVERY AT KRS DAM MANDYA,KARNATAKA,Cauvery,8.3,247.0,1.85,6.85,1.205,CAUVERY,2022-06-30
2022,3568,RIVER CAUVERY AT WATER SUPPLY INTAKE POINT TO SRIRANGAPATNA,KARNATAKA,Cauvery,8.25,263.5,2.9,6.4,1.92,CAUVERY,2022-06-30
2022,3569,RIVER CAUVERY AT WATER SUPPLY INTAKE POINT TO MANDYA TOWN,KARNATAKA,Cauvery,8.25,264.5,2.75,6.4,1.83,CAUVERY,2022-06-30
2022,3570,RIVER CAUVERY D/S OF KR NAGAR BRIDGE,KARNATAKA,Cauvery,8.15,255.5,2.25,6.5,,CAUVERY,2022-06-30
2022,3571,RIVER CAUVERY U/S OF KR NAGAR,KARNATAKA,Cauvery,8.15,242.5,1.9,6.800000000000001,,CAUVERY,2022-06-30
2022,3573,RIVER CAUVERY D/S OF KUSHALANAGAR TOWN,KARNATAKA,Cauvery,7.75,116.5,1.65,6.9,,CAUVERY,2022-06-30
2022,3576,RIVER CAUVERY AT WATER SUPPLY INTAKE POINT TO MYSORE,KARNATAKA,Cauvery,8.25,303.5,2.15,6.6,1.77,CAUVERY,2022-06-30
2022,3578,RIVER CAUVERY D/S OF MADDUR WATER SUPPLY TREATMENT PLANT AT BACHALLI,KARNATAKA,Cauvery,8.0,339.5,2.0,6.6,1.63,CAUVERY,2022-06-30
2022,3579,RIVER CAUVERY AT WATER SUPPLY INTAKE POINT AT KOLLEGALA DASANAPURA,KARNATAKA,Cauvery,8.15,344.0,2.15,6.550000000000001,2.0300000000000002,CAUVERY,2022-06-30
2022,3581,RIVER CAUVERY AT WATER SUPPLY INTAKE POINT AT TORE KADANA HALLI,KARNATAKA,Cauvery,8.25,352.0,2.0,6.75,1.9,CAUVERY,2022-06-30
2022,4109,RIVER CAUVERY BEFORE CONFLUENCE AT SANGAM,KARNATAKA,Cauvery,7.65,480.0,5.5,5.3,2.15,CAUVERY BEFORE CONFLUENCE,2022-06-30
2022,30052,RIVER CAUVERY AT AJJIBORE (BANGALORE),KARNATAKA,Cauvery,8.45,478.0,,7.95,0.62,CAUVERY,2022-06-30
2022,1320,"RIVER CAUVERY AT ERODE NEAR VIRAPALAYAM,",TAMIL NADU,Cauvery,7.305,1326.0,3.6500000000000004,5.0,0.41500000000000004,CAUVERY,2022-06-30
2022,1323,RIVER CAUVERY ATPARAMATHY VELORE,TAMIL NADU,Cauvery,7.285,709.0,1.4,6.55,2.225,Cauvery,2022-06-30
2022,4827,RIVER LOCATIONS AT KUMARAPALAYAM,TAMIL NADU,Cauvery,7.32,507.5,1.2,6.15,2.08,LOCATIONS,2022-06-30
2022,10064,RIVER CAUVERY AT BHAWANI D/S,TAMIL NADU,Cauvery,7.375,477.0,2.55,6.4,0.44499999999999995,CAUVERY,2022-06-30
2022,10065,RIVER CAUVERY AT ERODE U/S,TAMIL NADU,Cauvery,7.28,487.0,1.2,6.6,1.03,CAUVERY,2022-06-30
2022,10067,RIVER CAUVERY AT KUMARAPALAYAM U/S,TAMIL NADU,Cauvery,7.49,434.0,1.1,6.45,2.3600000000000003,CAUVERY,2022-06-30
2022,10070,RIVER CAUVERY AT PALLIPALAYAM D/S,TAMIL NADU,Cauvery,7.23,454.5,2.2,6.25,2.15,CAUVERY,2022-06-30
2022,10073,RIVER CAUVERY AT KARUR U/S,TAMIL NADU,Cauvery,7.435,660.0,1.7,6.4,0.7050000000000001,CAUVERY,2022-06-30
2022,10078,RIVER CAUVERY AT MAYILADUTHURAI D/S,TAMIL NADU,Cauvery,7.41,507.0,3.75,4.95,0.43500000000000005,CAUVERY,2022-06-30
2022,3015,"RIVER CAUVERY AT PUGALUR, KARUR,",TAMIL NADU,Cauvery,7.5,672.5,1.9500000000000002,6.4,0.5,CAUVERY,2022-06-30
2022,1324,"RIVER CAUVERY AT MOHANUR NEAR PATTAIPALAYAM,",TAMIL NADU,Cauvery,7.335,718.5,1.4,6.9,2.245,CAUVERY,2022-06-30
2022,1451,"RIVER CAUVERY AT THIRUMUKKUDAL-CONFL. PT.OF R. AMRAVATI,",TAMIL NADU,Cauvery,7.34,686.5,2.1,6.35,0.365,CAUVERY,2022-06-30
2022,3016,"RIVER CAUVERY AT PETTAIVAITHALAI, TRICHY,",TAMIL NADU,Cauvery,7.965,580.5,2.65,7.4,0.615,CAUVERY,2022-06-30
2022,1202,"RIVER CAUVERY AT TIRUCHIRAPPALLI U/S, TAMILNADU",TAMIL NADU,Cauvery,8.045,571.0,2.5,7.45,0.55,CAUVERY,2022-06-30
2022,1325,"RIVER CAUVERY AT TIRUCHIRAPPALLI D/S, TAMILNADU",TAMIL NADU,Cauvery,7.755000000000001,640.5,2.4,7.15,1.08,CAUVERY,2022-06-30
2022,1203,"RIVER CAUVERY AT TRICHY, GRAND ANAICUT,",TAMIL NADU,Cauvery,7.8,658.5,2.45,7.0,0.8,CAUVERY,2022-06-30
2022,1206,"RIVER CAUVERY AT KARUTHATTANUDI THANJAVUR,",TAMIL NADU,Cauvery,7.9350000000000005,660.0,2.4,7.15,0.63,CAUVERY,2022-06-30
2022,3018,"RIVER CAUVERY AT MAYILADUTHURAI, NAGAPATTINAM,",TAMIL NADU,Cauvery,7.4350000000000005,501.5,2.45,6.550000000000001,0.47,CAUVERY,2022-06-30
2022,3012,"RIVER CAUVERY AT KOMARAPALAYAM, NAMAKAL,",TAMIL NADU,Cauvery,7.21,498.5,1.65,6.4,2.5700000000000003,CAUVERY,2022-06-30
2022,3013,"RIVER CAUVERY AT URRACHIKOTTAI, ERODE,",TAMIL NADU,Cauvery,7.25,408.5,1.7,6.65,0.615,CAUVERY,2022-06-30
2022,3014,"RIVER CAUVERY AT SEERAPALAYAM, NAMAKAL,",TAMIL NADU,Cauvery,7.175000000000001,658.0,2.1,6.5,2.42,CAUVERY,2022-06-30
2022,3017,"RIVER CAUVERY AT KUMBAKONAM, THANJAVUR,",TAMIL NADU,Cauvery,7.890000000000001,540.5,13.1,7.2,0.755,CAUVERY,2022-06-30
2022,1326,"RIVER CAUVERY AT COLEROON,",TAMIL NADU,Cauvery,8.485,615.5,3.0,5.75,0.47,CAUVERY,2022-06-30
2022,1327,"RIVER CAUVERY AT PITCHAVARAM,",TAMIL NADU,Cauvery,7.95,2987.0,3.4000000000000004,5.4,0.5,CAUVERY,2022-06-30
2022,4099,"RIVER CAUVERY D/S BHARACHUKI FALLS, SATHEGALA, KOLLEGALA",KARNATAKA,Cauvery,8.05,352.5,2.15,6.800000000000001,2.02,CAUVERY,2022-06-30
2022,4102,RIVER CAUVERY D/S AT BHAGAMANDALA BRIDGE,KARNATAKA,Cauvery,7.6,65.5,1.35,7.05,,CAUVERY,2022-06-30
2022,4103,"RIVER CAUVERY D/S AT KANIVE RAMALINGESWARA TEMPLE BRIDGE, KUSHALANAGAR",KARNATAKA,Cauvery,7.85,120.0,1.6,7.05,,CAUVERY,2022-06-30
2022,1322,"RIVER CAUVERY AT 1KM. D/S OF BHAVANI CONFL.,R.N. PUNDUR,",TAMIL NADU,Cauvery,7.324999999999999,558.5,2.55,6.4,0.42500000000000004,CAUVERY,2022-06-30
2022,1893,"RIVER YAGACHI NEAR PUMPING STATION, HASSAN CITY",KARNATAKA,Cauvery,7.6,425.0,2.05,6.4,,YAGACHI,2022-06-30
2022,1199,RIVER HEMAVATHI AT D/S OF HOLENARASIPURA TOWN AT RAMADEV WEIR,KARNATAKA,Cauvery,7.5,198.0,1.9,7.0,,HEMAVATHI,2022-06-30
2022,1166,"RIVER SHIMSHA AT D/S OF BRIDGE, HALAGUR",KARNATAKA,Cauvery,8.25,489.5,3.4,6.1,2.25,SHIMSHA,2022-06-30
2022,1200,"RIVER SHIMSHA AT D/S OF HIGHWAY BRIDGE, YEDIYUR",KARNATAKA,Cauvery,7.2,480.0,7.0,5.2,2.81,SHIMSHA,2022-06-30
2022,3567,RIVER SHIMSHA D/S NEAR MADDUAR TOWN,KARNATAKA,Cauvery,8.3,519.0,3.25,6.2,2.53,SHIMSHA,2022-06-30
2022,3580,RIVER SHIMSHA AT WATER SUPPLY INTAKE POINT AT SHIVANSAMUDRA,KARNATAKA,Cauvery,8.2,345.0,2.0,6.8,1.865,SHIMSHA,2022-06-30
2022,3022,"RIVER THIRUMANIMUTHAR AT SALEM, D/S OF SAGO & TEXTILE DYING INDUSTRIES,",TAMIL NADU,Cauvery,7.005,1566.0,31.3,4.7,6.0600000000000005,THIRUMANIMUTHAR,2022-06-30
2022,3023,"RIVER VASISTA AT THULUKANNUR AT SALEM, D/S OF SAGO INDUSRIES EFFLUENT,",TAMIL NADU,Cauvery,7.0649999999999995,4012.5,61.75,5.65,0.66,VASISTA,2022-06-30
2022,1319,RIVER AMRAVATI AT 1KM D/S FROM EFF.DIS. PT. AT MADHUTHUKKULAM,TAMIL NADU,Cauvery,7.4399999999999995,219.5,,6.5,0.345,AMRAVATI,2022-06-30
2022,1165,RIVER ARKAVATHI AT D/S OF KANAKAPURA,KARNATAKA,Cauvery,7.199999999999999,966.0,25.0,3.7,9.93,ARKAVATHI,2022-06-30
2022,4108,RIVER AKRAVATHI BEFORE CONFLUENCE AT SANGAM,KARNATAKA,Cauvery,7.8,893.0,8.0,4.5,5.55,AKRAVATHI BEFORE CONFLUENCE,2022-06-30
2022,1197,RIVER KABINI AT SARAGUR VILLAGE D/S,KARNATAKA,Cauvery,8.1,239.0,2.0,6.65,1.6549999999999998,KABINI,2022-06-30
2022,1207,"RIVER KABANI AT MUTHANKARA, WAYANAD",KERALA,Cauvery,6.9,68.0,1.4,7.05,,KABANI,2022-06-30
2022,1445,RIVER KABINI AT WATER INTAKE OF KIADB AT NANJANGUD,KARNATAKA,Cauvery,7.95,281.0,2.2,6.45,1.53,KABINI,2022-06-30
2022,2775,"RIVER KABINI AT BATHING GHAT, NANJANAGUD",KARNATAKA,Cauvery,8.0,309.5,3.2,5.8,1.53,KABINI,2022-06-30
2022,3575,RIVER KABINI U/S INTAKE POINT TO NANJANAGUD & GUNDLUPET AT DEBUR,KARNATAKA,Cauvery,8.1,255.0,2.15,6.45,,KABINI,2022-06-30
2022,3577,RIVER KABINI AT WATER SUPPLY INTAKE POINT TO T. NARASIPURA,KARNATAKA,Cauvery,8.2,358.5,3.0,6.0,1.7799999999999998,KABINI,2022-06-30
2022,1196,RIVER LAKSHMANTIRTHA AT D/S OF HUNSUR TOWN,KARNATAKA,Cauvery,7.9,549.5,4.0,5.6,2.53,LAKSHMANTIRTHA,2022-06-30
2022,2772,RIVER LAKSHMANTIRTHA AT D/S OF KATTEMALAVADI,KARNATAKA,Cauvery,7.9,543.5,4.1,5.5,3.25,LAKSHMANTIRTHA,2022-06-30
2022,3572,RIVER LAKSHMANTIRTHA AT WATER SUPPLY INTAKE POINT TO HUNSUR TOWN,KARNATAKA,Cauvery,7.45,543.5,3.65,5.75,2.4,LAKSHMANTIRTHA,2022-06-30
2022,3024,"RIVER SARABANGA AT EDAPADI AT SALEM, D/S OF TEXTILE DYEING INDUSTRIES EFFLUENT, TAMILNADU",TAMIL NADU,Cauvery,7.52,2217.5,19.0,4.45,0.33,SARABANGA,2022-06-30
2022,1201,"RIVER BHAVANI AT BADTHARAKALIAMMAN KOIL, TAMILNADU",TAMIL NADU,Cauvery,7.279999999999999,228.5,2.0,6.45,0.495,BHAVANI,2022-06-30
2022,1204,"RIVER BHAVANI AT SIRUMUGAI, TAMILNADU",TAMIL NADU,Cauvery,7.125,164.0,2.3,6.5,0.395,BHAVANI,2022-06-30
2022,1208,"RIVER BHAVANI AT ELACHIVAZHY, PALAKKAD",KERALA,Cauvery,7.25,152.5,1.45,7.1,,BHAVANI,2022-06-30
2022,1321,"RIVER BHAVANI AT BHAVANI SAGAR,",TAMIL NADU,Cauvery,7.205,200.0,2.5,6.550000000000001,0.325,BHAVANI,2022-06-30
2022,3019,"RIVER BHAVANI AT D/S OF BHAVANISAGAR, SATHYAMANGALAM, ERODE,",TAMIL NADU,Cauvery,7.035,288.0,2.0,6.5,0.355,BHAVANI,2022-06-30
2022,3020,"RIVER BHAVANI AT U/S OF KALINGARAYAN CANAL (B5), ERODE,",TAMIL NADU,Cauvery,7.245,537.0,2.35,6.45,1.015,BHAVANI,2022-06-30
2022,3021,"RIVER BHAVANI AT D/S OF KALINGARAYAN CANAL (B10), ERODE",TAMIL NADU,Cauvery,7.465,654.0,2.6,6.4,0.395,BHAVANI,2022-06-30
2022,1205,"RIVER BHAVANI AT BHAVANI,",TAMIL NADU,Cauvery,7.255,548.5,,6.65,0.47,BHAVANI,2022-06-30
2022,1685,"ARASALAR RIVER, VIZHUTHIYUR ROAD, ODUDHURAI, KARAIKAL, U.T OF PUDUCHERRY.",PUDUCHERRY,Cauvery,7.79,928.0,1.75,6.4,0.32,Cauvery,2022-06-30
2022,4812,RIVER LOCATED ON THE SOUTHERN BANK OF AMARAVATHI AND DOWNSTREAM SIDE OF KARUR DYEING CLUSTER,TAMIL NADU,Cauvery,7.32,3761.0,,6.35,2.41,Cauvery,2022-06-30
2022,4813,RIVER LOCATED ADJACENT TO KARU MSW DUMP SITE AND ON THE NORTHERN BANK OF AMARAVATHI AND DOWNSTREAM SIDE OF KARU DYEING CLUSTER,TAMIL NADU,Cauvery,7.54,3046.0,2.1,6.35,6.875,Cauvery,2022-06-30
2022,5226,"RIVER PAPANASINI AT THIRUNELLY, WAYANAD",KERALA,Cauvery,7.05,49.5,1.2,7.35,,PAPANASINI,2022-06-30
2022,5227,"RIVER KALINDI AT BAVALI, WAYANAD",KERALA,Cauvery,7.15,83.5,1.2,6.95,,KALINDI,2022-06-30
2022,5228,"RIVER KABANI AT MUTHANGA,WAYANAD",KERALA,Cauvery,7.1,82.5,1.5,7.0,,KABANI,2022-06-30
2022,10034,RIVER ADYAR AT EKKATTUTHANGAL,TAMIL NADU,Cauvery,7.09,1158.5,21.5,5.8,6.745,ADYAR,2022-06-30
2022,10035,RIVER ADYAR AT JAFERKHANPET,TAMIL NADU,Cauvery,7.08,1167.0,20.5,3.45,,ADYAR,2022-06-30
2022,10036,RIVER ADYAR AT MARAIMALAI BRIDGE,TAMIL NADU,Cauvery,6.9399999999999995,1031.5,19.5,3.5,10.15,ADYAR,2022-06-30
2022,10038,RIVER ADYAR AT KOTTURPURAM BRIDGE,TAMIL NADU,Cauvery,6.925,9810.5,33.5,3.3000000000000003,11.61,ADYAR,2022-06-30
2022,10039,RIVER ADYAR NEAR BOAT CLUB,TAMIL NADU,Cauvery,7.045,4992.5,18.0,3.4000000000000004,4.925,ADYAR,2022-06-30
2022,10040,RIVER COOUM AT ANNA NAGAR,TAMIL NADU,Cauvery,7.095,1374.5,64.0,4.8,6.88,COOUM,2022-06-30
2022,10041,RIVER COOUM AT ARUMBAKKAM,TAMIL NADU,Cauvery,7.115,1321.0,93.0,4.3,2.46,COOUM,2022-06-30
2022,10042,RIVER COOUM AT AMANJIKARAI,TAMIL NADU,Cauvery,6.800000000000001,1369.5,82.0,4.0,3.2600000000000002,COOUM,2022-06-30
2022,10043,RIVER COOUM AT POONAMALLE,TAMIL NADU,Cauvery,7.0600000000000005,1459.5,23.5,4.35,15.985,COOUM,2022-06-30
2022,10044,RIVER COOUM AT COLLAGE ROAD,TAMIL NADU,Cauvery,7.24,1350.5,41.5,2.7,2.9000000000000004,COOUM,2022-06-30
2022,10045,RIVER COOUM NEAR CENTRAL JAIL,TAMIL NADU,Cauvery,7.175,1456.0,61.0,0.0,4.7700000000000005,COOUM,2022-06-30
2022,10046,RIVER COOUM AT NAPIER BRIDGE,TAMIL NADU,Cauvery,6.95,11470.0,50.5,0.0,4.32,COOUM,2022-06-30
2022,10057,RIVER VENNAR AT THANJAVUR U/S,TAMIL NADU,Cauvery,7.595000000000001,586.5,,7.65,0.32,VENNAR,2022-06-30
2022,10058,RIVER VENNAR AT THANJAVUR D/S,TAMIL NADU,Cauvery,7.5600000000000005,562.0,2.0,7.35,0.32,VENNAR,2022-06-30
2022,10059,RIVER VAIGAI AT MADURAI U/S,TAMIL NADU,Subarnrekha,7.5600000000000005,492.0,2.0,5.9,0.525,VAIGAI,2022-06-30
2022,10060,RIVER VAIGAI AT MADURAI D/S,TAMIL NADU,Subarnrekha,7.29,600.5,2.0,6.35,0.86,VAIGAI,2022-06-30
2022,2385,RIVER SUBARNAREKHA AT NAMKUM ROAD BRIDGE,JHARKHAND,Subarnrekha,6.65,,4.05,6.1,,SUBARNAREKHA,2022-06-30
2022,2386,RIVER SUBARNAREKHA AT MURI ROAD BRIDGE,JHARKHAND,Subarnrekha,7.1,,2.5,7.3,,SUBARNAREKHA,2022-06-30
2022,2387,RIVER SUBAREKHA AT GHATISLA ROAD BRIDGE,JHARKHAND,Subarnrekha,7.25,220.5,1.6,7.25,,SUBAREKHA,2022-06-30
2022,2397,RIVER SUBARNAREKHA AT GATALSUD DAM,JHARKHAND,Subarnrekha,7.4,,2.1,8.1,,SUBARNAREKHA,2022-06-30
2022,2399,RIVER SUBARNAREKHA AT CHANDIL DAM,JHARKHAND,Subarnrekha,7.15,231.5,,7.25,,SUBARNAREKHA,2022-06-30
2022,4086,"RIVER SWARNREKHA U/S HINDALCO IND LTD, MURLI WORKS, CHHOTAMURI, RANCHI",JHARKHAND,Subarnrekha,7.4,,2.45,8.0,,SWARNREKHA,2022-06-30
2022,4743,"RIVER SWARNREKHA U/S HCL GHATSHILA, E.S",JHARKHAND,Subarnrekha,7.3,212.0,1.4500000000000002,6.6,,SWARNREKHA,2022-06-30
2022,4744,RIVER SWARNREKHA BEFORE MEETING KHARKAI RIVER,JHARKHAND,Subarnrekha,7.3,233.0,1.3,6.4,,Subarnrekha,2022-06-30
2022,4746,RIVER SWARNREKHA AFTER CONFLUENCE OF KHARKAI RIVER,JHARKHAND,Subarnrekha,7.1,202.5,1.4500000000000002,6.5,,Subarnrekha,2022-06-30
2022,4748,"RIVER SWARNKEKHA AT BAHARAGORA ROAD BRIDGE, P.O- BAHARAGORA, E.S",JHARKHAND,Subarnrekha,7.35,227.0,,7.3,,SWARNKEKHA,2022-06-30
2022,4749,"RIVER SWARNREKHA , NEAR RING ROAD BRIDGE SEMBO, NAGRI, RANCHI",JHARKHAND,Subarnrekha,7.0,,2.55,7.699999999999999,,Subarnrekha,2022-06-30
2022,4750,RIVER SWARNREKHA NEAR INTAKE WELL HATIA RAILWAY,JHARKHAND,Subarnrekha,6.65,,2.3,4.15,,SWARNREKHA,2022-06-30
2022,4752,"RIVER SWARNREKHA NEAR OBERIA ROAD BRIDGE, HATIA RANCH",JHARKHAND,Subarnrekha,6.55,,2.35,3.0,,SWARNREKHA,2022-06-30
2022,4756,"RIVER SWARNREKHA AT RUCCA DAM, RUCCA, RANCHI",JHARKHAND,Subarnrekha,7.4,,2.3,8.2,,SWARNREKHA,2022-06-30
2022,30067,RIVER SUBARNAREKHA AT BEHRAGORA ODISHA-JHARKHAND,JHARKHAND,Subarnrekha,8.05,268.0,1.9,7.8,0.32,SUBARNAREKHA,2022-06-30
2022,4753,"RIVER HARMU NEAR HARMU BRIDGE, HARMU, RANCHI",JHARKHAND,Subarnrekha,7.0,,8.15,3.35,,HARMU,2022-06-30
2022,4754,RIVER HARMU BEFORE METTING TO SWARNREKHA RIVER,JHARKHAND,Subarnrekha,6.35,,9.05,3.6,,Subarnrekha,2022-06-30
2022,30069,RIVER SUBARNAREKHA AT LAKHANNATH (ORISSA),ODISHA,Subarnrekha,8.05,819.0,1.6,7.65,0.32,SUBARNAREKHA,2022-06-30
2022,1641,RIVER SUBARNAREKHA AT RAJGHAT (THENGUDIA),ODISHA,Subarnrekha,7.65,254.5,1.6,7.4,0.57,SUBARNAREKHA,2022-06-30
2022,30068,RIVER SUBARNAREKHA AT GOPIBALLAVPUR (WEST BENGAL),WEST BENGAL,Subarnrekha,7.9,303.5,,8.55,0.375,SUBARNAREKHA,2022-06-30
