year,code,station,state,section_title,pH,conductivity_uScm,BOD_mg_L,DO_mg_L,nitrate_mg_L,waterbody,date
2018,1002,"BEAS AT D/S KULU, H.P.",HIMACHAL PRADESH,Beas,8.0,149.0,0.25,8.600000000000001,0.6900000000000001,BEAS,2018-06-30
2018,1003,"BEAS AT D/S AUT, H.P.",HIMACHAL PRADESH,Beas,8.0,125.5,0.8500000000000001,9.15,0.715,BEAS,2018-06-30
2018,1004,"BEAS AT U/S PANDON DAM, H.P.",HIMACHAL PRADESH,Beas,7.9,150.5,0.2,9.8,0.64,BEAS,2018-06-30
2018,1005,"BEAS AT EXIT OF TUNNEL DEHAL POWER HOUSE, H.P.",HIMACHAL PRADESH,Beas,8.15,202.0,0.25,10.05,0.37,BEAS,2018-06-30
2018,1006,"BEAS AT D/S MANDI, H.P.",HIMACHAL PRADESH,Beas,8.0,201.5,0.25,9.45,0.505,BEAS,2018-06-30
2018,1007,"BEAS AT D/S ALAMPUR, H.P.",HIMACHAL PRADESH,Beas,7.6000000000000005,270.0,0.45,7.949999999999999,0.785,BEAS,2018-06-30
2018,1008,"BEAS AT D/S DEHRAGOPIPUR, H.P.",HIMACHAL PRADESH,Beas,7.800000000000001,294.5,0.45,7.699999999999999,1.31,BEAS,2018-06-30
2018,1009,"BEAS AT D/S PONG DAM, H.P.",HIMACHAL PRADESH,Beas,7.55,340.5,0.25,7.8500000000000005,1.475,BEAS,2018-06-30
2018,1550,"U/S MANDI, H.P",HIMACHAL PRADESH,Beas,7.95,148.5,0.1,9.0,0.515,Beas,2018-06-30
2018,2601,BEAS AT D/S MANALI,HIMACHAL PRADESH,Beas,8.05,124.0,0.25,7.85,0.57,BEAS,2018-06-30
2018,2602,BEAS AT U/S KULLU,HIMACHAL PRADESH,Beas,8.05,410.5,0.2,8.65,0.645,BEAS,2018-06-30
2018,2603,BEAS AT D/S PANDOH DAM,HIMACHAL PRADESH,Beas,7.7,147.5,0.25,9.05,0.64,BEAS,2018-06-30
2018,2604,BEAS AT D/S JAISINGHPUR,HIMACHAL PRADESH,Beas,7.6000000000000005,272.5,0.44999999999999996,7.85,0.77,BEAS,2018-06-30
2018,3855,"RIVER BEAS D/S NADAUN BRIDGE, VILL BHADOLI",HIMACHAL PRADESH,Beas,7.95,322.0,0.35,7.6,1.3599999999999999,BEAS,2018-06-30
2018,1010,"BEAS AT MIRTHAL BRIDGE, GURDASPUR, PUNJAB",PUNJAB,Beas,7.699999999999999,278.0,1.2,7.55,0.95,BEAS,2018-06-30
2018,1011,"BEAS AT G.T. ROAD UNDER BDG. NEAR KAPURTHALA, PUNJA",PUNJAB,Beas,7.6,235.0,1.4,7.4,1.1,BEAS,2018-06-30
2018,1012,BEAS AT 100M D/S INDUST. DISCH. GOINDWAL PUNJAB,PUNJAB,Beas,7.550000000000001,239.5,1.45,7.65,1.15,BEAS,2018-06-30
2018,1294,"BEAS AT 1KM.D/S OF EFFL. DISH. POINT AT MUKERIAN ,",PUNJAB,Beas,7.6,267.0,2.05,7.1,1.35,BEAS,2018-06-30
2018,1693,"BEAS AT TALWARA H/W, PUNJAB",PUNJAB,Beas,7.5,226.0,0.55,7.8,0.55,BEAS,2018-06-30
2018,1694,"U/S PATHANKOT, PUNJAB",PUNJAB,Beas,7.65,232.0,0.7,7.45,0.95,Beas,2018-06-30
2018,1695,"D/S PATHANKOT, PUNJAB",PUNJAB,Beas,7.55,254.0,1.55,7.1,1.3,Beas,2018-06-30
2018,1696,"U/S GOINDWAL, PUNJAB",PUNJAB,Beas,7.6,229.0,1.3,7.65,1.1,Beas,2018-06-30
2018,1697,"BEAS AT HARIKE, PUNJAB",PUNJAB,Beas,7.6,251.0,1.5499999999999998,7.5,1.0499999999999998,BEAS,2018-06-30
2018,2913,"KALI BEIN FALLING INTO RIVER BEAS, PUNJAB",PUNJAB,Beas,7.4,425.0,3.85,5.199999999999999,1.6,Beas,2018-06-30
2018,4164,"BEAS RIVER, NR VILL KIRI AFGHANA, TEHSIL BATALA",PUNJAB,Beas,7.6,299.5,1.6,7.25,1.3,Beas,2018-06-30
2018,4165,"BEAS RIVER, NR VILL KIRI AFGHANA, TEHSIL BATALA",PUNJAB,Beas,8.2,1645.0,1.5499999999999998,5.45,2.8,Beas,2018-06-30
2018,2611,SUTLEJ AT KHAB,HIMACHAL PRADESH,Sutlej,7.95,199.5,0.9500000000000001,9.75,0.9400000000000001,SUTLEJ,2018-06-30
2018,1389,"SUTLEJ AT NEPTHA ZAKHAI, H.P",HIMACHAL PRADESH,Sutlej,7.65,148.5,1.1500000000000001,9.2,6.9,SUTLEJ,2018-06-30
2018,1086,"SUTLEJ AT U/S RAMPUR, H.P.",HIMACHAL PRADESH,Sutlej,,147.5,1.05,8.8,6.59,SUTLEJ,2018-06-30
2018,1087,"SUTLEJ AT D/S RAMPUR, H.P.",HIMACHAL PRADESH,Sutlej,7.85,136.5,1.0,8.8,3.565,SUTLEJ,2018-06-30
2018,1013,"SUTLEJ AT U/S TATAPANI, H.P.",HIMACHAL PRADESH,Sutlej,7.8,170.5,0.9,8.5,0.86,SUTLEJ,2018-06-30
2018,1014,"SUTLEJ AT U/S SLAPPER, H.P.",HIMACHAL PRADESH,Sutlej,8.0,217.0,0.1,10.85,0.34,SUTLEJ,2018-06-30
2018,1015,"SUTLEJ AT D/S SLAPPER, H.P.",HIMACHAL PRADESH,Sutlej,8.15,214.5,0.15000000000000002,10.850000000000001,0.305,SUTLEJ,2018-06-30
2018,1016,"SUTLEJ AT D/S BHAKHRA, H.P.",HIMACHAL PRADESH,Sutlej,7.65,227.5,0.25,7.5,0.87,SUTLEJ,2018-06-30
2018,1017,"SUTLEJ AT 100M U/S OF HEADWORKS, NANGAL, PUNJAB",PUNJAB,Sutlej,7.75,256.5,0.6,8.3,0.5,SUTLEJ,2018-06-30
2018,1018,"SUTLEJ AT 100M D/S , NANGAL, PUNJAB",PUNJAB,Sutlej,7.65,272.0,1.0,8.05,0.6000000000000001,SUTLEJ,2018-06-30
2018,1293,"SUTLEJ AT 1 KM. D/S OF ZENITH, PUNJAB",PUNJAB,Sutlej,7.6499999999999995,373.5,1.3,7.85,0.7,SUTLEJ,2018-06-30
2018,1814,"SUTLEJ AT D/S KIRATPUR SAHIB, PUNJAB",PUNJAB,Sutlej,7.949999999999999,324.5,1.0,7.9,0.8,SUTLEJ,2018-06-30
2018,1019,"SUTLEJ AT U/S HEAD WORKS ROPAR, PUNJAB",PUNJAB,Sutlej,7.6499999999999995,313.0,1.0,8.2,0.5,SUTLEJ,2018-06-30
2018,1380,"SUTLEJ AT D/S NFL, PUNJAB",PUNJAB,Sutlej,7.85,307.5,1.0,7.9,1.525,SUTLEJ,2018-06-30
2018,1690,"U/S BUDHA NALLAH (UPPER), PUNJAB",PUNJAB,Sutlej,7.6499999999999995,432.5,2.5,6.7,1.0,Sutlej,2018-06-30
2018,1020,"SUTLEJ AT 100M D/S BUDHA NALA CONFL., LUDHIANA",PUNJAB,Sutlej,7.449999999999999,1199.0,64.5,3.0,4.645,SUTLEJ,2018-06-30
2018,1021,"SUTLEJ AT BOAT BDG. DHARMKOTNAKODAR ROAD, JALANDHA",PUNJAB,Sutlej,7.4,794.0,38.0,5.0,1.9,SUTLEJ,2018-06-30
2018,1381,"SUTLEJ AT D/S EAST BASIN, PUNJAB",PUNJAB,Sutlej,7.5,697.0,17.4,5.25,1.4,SUTLEJ,2018-06-30
2018,1691,"U/S HUSSANIWALA - H/W FEROZEPUR, PUNJAB",PUNJAB,Sutlej,7.75,368.5,1.45,6.45,0.7,Sutlej,2018-06-30
2018,1692,"D/S HUSSANIWALA-H/W FEROZEPUR, PUNJAB",PUNJAB,Sutlej,7.75,366.5,1.5,6.35,0.75,Sutlej,2018-06-30
2018,1022,"SUTLEJ AT BRIDGE HARIKE, AMRITSAR, PUNJAB",PUNJAB,Sutlej,7.699999999999999,380.5,4.0,5.55,1.15,SUTLEJ,2018-06-30
2018,2915,"100 MT. D/S OF PACL, NANGAL, PUNJAB",PUNJAB,Sutlej,7.8,324.0,1.0,7.8500000000000005,1.345,Sutlej,2018-06-30
2018,1307,"CHUNT KOL (MAULANA AZAD BRIDGE), J&K",JAMMU & KASHMIR,Sutlej,7.65,424.0,8.15,3.7,,Sutlej,2018-06-30
2018,2614,RAVI AT CHAMERA RESERVOIR,HIMACHAL PRADESH,Sutlej,7.6499999999999995,164.0,0.25,8.6,0.64,RAVI,2018-06-30
2018,2615,RAVI AT D/S CHAMERA III HEP,HIMACHAL PRADESH,Sutlej,7.6,155.0,0.35,8.8,0.6950000000000001,RAVI,2018-06-30
2018,2613,RAVI AT D/S OF CHAMBA TOWN,HIMACHAL PRADESH,Sutlej,7.55,880.5,0.25,8.65,1.0,RAVI,2018-06-30
2018,1097,"RAVI AT U/S OF MADHOPUR HEADWORKS, GURDASPUR, PUNJ",PUNJAB,Sutlej,7.65,185.0,0.5,7.9,0.55,RAVI,2018-06-30
2018,1290,"PARVATI BEFORE CONF. TO RIVER BEAS, H.P.",HIMACHAL PRADESH,Sutlej,8.0,213.5,0.15000000000000002,8.5,0.6,Sutlej,2018-06-30
2018,2605,PARVATI AT U/S MANIKARAN,HIMACHAL PRADESH,Sutlej,7.65,101.0,0.1,8.4,0.605,PARVATI,2018-06-30
2018,2606,PARVATI AT D/S MANIKARAN,HIMACHAL PRADESH,Sutlej,7.5,108.5,0.1,8.6,0.57,PARVATI,2018-06-30
2018,1090,"LARGI AT D/S, H.P.",HIMACHAL PRADESH,Sutlej,8.1,146.5,0.15000000000000002,9.65,0.6649999999999999,LARGI,2018-06-30
2018,1551,"RIVER SIRSA , U/S SITOMAJRI NALLAHGARH, H.P",HIMACHAL PRADESH,Sutlej,7.65,1186.5,2.4499999999999997,6.2,4.475,Sutlej,2018-06-30
2018,1552,"RIVER SIRSA , D/S NALAGARH BRIDGE, H.P",HIMACHAL PRADESH,Sutlej,8.05,1331.0,6.9,5.550000000000001,7.545,Sutlej,2018-06-30
2018,1868,"RIVER SIRSA AT D/S NALAGARH DISTT. SOLAN, H.P.",HIMACHAL PRADESH,Sutlej,7.9,1492.5,6.6,5.25,4.985,SIRSA,2018-06-30
2018,1869,"RIVER SWAN AT D/S NANGAL DISTT. UNA, H.P.",HIMACHAL PRADESH,Sutlej,8.05,377.0,0.5,6.9,0.975,SWAN,2018-06-30
2018,2616,SIUEL AT D/S SURGANI,HIMACHAL PRADESH,Sutlej,7.35,166.5,0.30000000000000004,8.8,0.545,SIUEL,2018-06-30
2018,2607,SUKETI KHAD AT D/S MANDI,HIMACHAL PRADESH,Sutlej,8.2,265.0,0.39999999999999997,8.2,0.9199999999999999,KHAD,2018-06-30
2018,2608,BINWA AT D/S PAPROLA/BAIJNATH,HIMACHAL PRADESH,Sutlej,7.4,645.5,0.25,8.1,1.045,BINWA,2018-06-30
2018,2609,NEUGAL AT D/S THURAL,HIMACHAL PRADESH,Sutlej,7.9,241.0,0.25,7.6,1.02,NEUGAL,2018-06-30
2018,2610,SPITI AT KHAB,HIMACHAL PRADESH,Sutlej,7.9,198.0,0.95,9.75,0.68,SPITI,2018-06-30
2018,2612,BASPA AT U/S RESERVOIR BASPA PROJECT,HIMACHAL PRADESH,Sutlej,7.8,146.5,0.8,9.55,0.44999999999999996,BASPA,2018-06-30
2018,1306,"GAWKADAL, SRG (SHERGHARI, SRG), J&K",JAMMU & KASHMIR,Sutlej,7.75,274.5,3.05,6.1,,Sutlej,2018-06-30
2018,1304,"JHELUM AT ANANTNAG D/S, J&K",JAMMU & KASHMIR,Sutlej,7.7,305.0,3.6,7.1499999999999995,,JHELUM,2018-06-30
2018,1410,"JHELUM AT DALAGATE (INLET), SRINAGAR, J&K",JAMMU & KASHMIR,Sutlej,7.75,259.5,3.15,7.050000000000001,,JHELUM,2018-06-30
2018,1411,"JHELUM AT CHATTABAL WEIR (OUTLET), J&K",JAMMU & KASHMIR,Sutlej,7.65,276.0,2.55,6.85,,JHELUM,2018-06-30
2018,3272,RIVER JHELUM AT VERINAG,JAMMU & KASHMIR,Sutlej,7.8,249.0,0.7,8.1,,JHELUM,2018-06-30
2018,3273,"RIVER JHELUM AT SANGAM, CONFLUENCE POINT OF VISHAV",JAMMU & KASHMIR,Sutlej,7.550000000000001,240.0,13.75,7.45,,JHELUM,2018-06-30
2018,3276,"JHELUM RIVER ATSPORE, CONFLUENCE POINT OF WULAR LAKE",JAMMU & KASHMIR,Sutlej,7.8,236.5,2.05,6.75,,Sutlej,2018-06-30
2018,3277,JHELUM RIVER ATBARAMULLA D/S,JAMMU & KASHMIR,Sutlej,7.7,246.5,2.5,6.65,,ATBARAMULLA,2018-06-30
2018,3274,JHELUM RIVER AT AWANTIPORA,JAMMU & KASHMIR,Sutlej,7.5,239.5,2.3,7.550000000000001,,RIVER,2018-06-30
2018,3275,JHELUM RIVER AT PAMPORE,JAMMU & KASHMIR,Sutlej,7.55,251.5,2.1,7.0,,RIVER,2018-06-30
2018,2755,"BANGANGA (BATHING GHAT), KATRA, J&K",JAMMU & KASHMIR,Sutlej,8.15,612.5,2.2,6.550000000000001,3.0050000000000003,Sutlej,2018-06-30
2018,2756,BANGANGA (IN FRONT OF PONY SHED NEAR REASI BRIDGE),JAMMU & KASHMIR,Sutlej,8.25,536.0,3.85,6.4,3.585,SHED,2018-06-30
2018,2752,"SAMBA (BELOW NH-1A BRIDGE), BASANTAR US (R.H.S)",JAMMU & KASHMIR,Sutlej,8.600000000000001,444.0,2.0,7.5,1.19,Sutlej,2018-06-30
2018,2753,"SAMBA (AT CHAK MANGA GUJJAR BASANTAR)D/S(R.H.S.),",JAMMU & KASHMIR,Sutlej,7.9,2544.0,3.5,6.5,0.07500000000000001,Sutlej,2018-06-30
2018,2748,"L.H.S.(BELOW BRIDGE CHENAB), J&K",JAMMU & KASHMIR,Sutlej,7.75,174.5,0.95,8.5,0.275,Sutlej,2018-06-30
2018,2749,"BLIND CURVE SHAMSHAN GHAT (1.5 KM U/S FROM SPOT),",JAMMU & KASHMIR,Sutlej,7.8,174.5,0.9,8.65,0.28500000000000003,Sutlej,2018-06-30
2018,2750,"CHADRA GAON VIEW POINT(4 KM U/S FROM SPOT), J&K",JAMMU & KASHMIR,Sutlej,7.7,177.0,0.9,8.4,0.34500000000000003,Sutlej,2018-06-30
2018,2751,JAL PATAN MANDIR AFTER MEETING WITH MAIN DRAIN,JAMMU & KASHMIR,Sutlej,7.8,182.0,1.7,7.6000000000000005,3.24,Sutlej,2018-06-30
2018,2754,RIVER DEVAK UDHAMPUR(NEAR SHIV MANDIRD/S)L.H.S.,JAMMU & KASHMIR,Sutlej,7.8500000000000005,525.0,8.2,6.95,2.115,Sutlej,2018-06-30
2018,2757,"RIVER DEVAK AT UTTERBEHNI, J&K",JAMMU & KASHMIR,Sutlej,7.75,425.0,1.8,6.8,2.3,DEVAK,2018-06-30
2018,3278,LIDDER NALLAH AT LARIPORA,JAMMU & KASHMIR,Sutlej,7.75,145.0,0.6000000000000001,9.1,,NALLAH,2018-06-30
2018,3279,LIDDER NALLAH AT CLUB PARK,JAMMU & KASHMIR,Sutlej,7.8,177.5,0.75,9.100000000000001,,NALLAH,2018-06-30
2018,3280,LIDDER NALLAH AT BUS ADDA,JAMMU & KASHMIR,Sutlej,7.699999999999999,184.5,1.0,9.25,,NALLAH,2018-06-30
2018,3281,"LIDDER NALLAH AT YANEER, D/S OF PHALGUM",JAMMU & KASHMIR,Sutlej,7.95,123.5,0.85,9.0,,NALLAH,2018-06-30
2018,3282,"LIDDER NALLAH NERA BUMZOO, ANANTNAG",JAMMU & KASHMIR,Sutlej,8.05,162.0,1.05,9.25,,Sutlej,2018-06-30
2018,3283,SINDH RIVER AT SONAMARG U/S,JAMMU & KASHMIR,Sutlej,7.75,322.0,0.65,9.15,,AT SONAMARG,2018-06-30
2018,3284,SINDH RIVER AT SONAMARG D/S,JAMMU & KASHMIR,Sutlej,7.75,316.5,0.7,8.5,,AT SONAMARG,2018-06-30
2018,3285,SINDH RIVER AT WAIL BRIDGE,JAMMU & KASHMIR,Sutlej,7.75,230.5,1.0,8.45,,RIVER,2018-06-30
2018,3286,SINDH RIVER AT DUDERHAMA,JAMMU & KASHMIR,Sutlej,7.699999999999999,255.0,1.5,8.55,,RIVER,2018-06-30
2018,3287,"SINDH RIVER AT RANGIL, SRINAGAR",JAMMU & KASHMIR,Sutlej,7.9,250.0,1.05,8.35,,RIVER,2018-06-30
2018,2742,SHETALI LIFTING POINT NAGROTA(5KM U/S TAWI BRIDGE),JAMMU & KASHMIR,Sutlej,8.0,285.0,1.05,7.35,0.515,Sutlej,2018-06-30
2018,2743,BAGH-E-BAHU LIFTING POINT(1 KM U/S TAWI BRIDGE),JAMMU & KASHMIR,Sutlej,8.2,320.0,2.1,8.2,0.055,Sutlej,2018-06-30
2018,2744,"BELOW TAWI BRIDGE, J&K",JAMMU & KASHMIR,Sutlej,8.45,358.5,3.85,6.75,2.775,Sutlej,2018-06-30
2018,2746,"BELICHARANA(4KM D/S TAWI BRIDGE), J&K",JAMMU & KASHMIR,Sutlej,8.15,363.5,4.699999999999999,7.45,0.24,Sutlej,2018-06-30
2018,2745,"BAGHWATI NAGAR (2KM D/S TAWI BRIDGE), J&K",JAMMU & KASHMIR,Sutlej,8.3,490.0,1.0,8.1,0.04,Sutlej,2018-06-30
2018,2742,SHETALI LIFTING POINT NAGROTA(5KM U/S TAWI BRIDGE),JAMMU & KASHMIR,Sutlej,8.0,285.0,1.05,7.35,0.515,Sutlej,2018-06-30
2018,2743,BAGH-E-BAHU LIFTING POINT(1 KM U/S TAWI BRIDGE),JAMMU & KASHMIR,Sutlej,8.2,320.0,2.1,8.2,0.055,Sutlej,2018-06-30
2018,2744,"BELOW TAWI BRIDGE, J&K",JAMMU & KASHMIR,Sutlej,8.45,358.5,3.85,6.75,2.775,Sutlej,2018-06-30
2018,2745,"BAGHWATI NAGAR (2KM D/S TAWI BRIDGE), J&K",JAMMU & KASHMIR,Sutlej,8.3,490.0,1.0,8.1,0.04,Sutlej,2018-06-30
2018,2746,"BELICHARANA(4KM D/S TAWI BRIDGE), J&K",JAMMU & KASHMIR,Sutlej,8.15,363.5,4.699999999999999,7.45,0.24,Sutlej,2018-06-30
2018,2747,SURAJPUR CHATHA(10 KM D/S TAWI BRIDGE)BELOW BRIDGE,JAMMU & KASHMIR,Sutlej,8.100000000000001,349.0,1.8,7.4,0.22499999999999998,Sutlej,2018-06-30
2018,2758,"RIVER UJH AT DAM SITE(L.H.S.), KATHUA, J&K",JAMMU & KASHMIR,Sutlej,8.0,266.0,1.1,8.149999999999999,0.665,UJH,2018-06-30
2018,1491,BHAGIRATHI AT GANGOTARI,UTTARAKHAND,Ganga,7.1,110.0,,8.8,0.55,BHAGIRATHI,2018-06-30
2018,1485,MANDAKINI B/C ALAKLNADA AT RUDRAPRAYAG,UTTARAKHAND,Ganga,7.5,100.0,,9.3,0.3,ALAKLNADA,2018-06-30
2018,1484,ALAKNANDA B/C MANDAKINI AT RUDRA PRAYAG,UTTARAKHAND,Ganga,7.5,151.0,,9.100000000000001,0.2,MANDAKINI,2018-06-30
2018,1486,ALAKNANDA A/C MANDAKINI AT RUDRAPRAYAG,UTTARAKHAND,Ganga,7.65,145.0,1.0,9.2,,MANDAKINI,2018-06-30
2018,1488,BHAGIRATHI B/C WITH ALAKNANDA AT DEVPRAYAG,UTTARAKHAND,Ganga,7.699999999999999,154.0,,8.899999999999999,0.2,ALAKNANDA,2018-06-30
2018,1487,ALAKNANDA B/C TO BHAGIRATHI AT DEVPRAYAG,UTTARAKHAND,Ganga,7.65,145.0,,9.0,0.3,BHAGIRATHI,2018-06-30
2018,1489,ALAKNANDA A/C WITH BHAGIRATHI AT DEVPRAYAG,UTTARAKHAND,Ganga,7.6,152.0,,9.3,0.2,BHAGIRATHI,2018-06-30
2018,20048,SWARG-ASHRAM -1,UTTARAKHAND,Ganga,7.449999999999999,,10.0,,,Ganga,2018-06-30
2018,1060,GANGA AT RISHIKESH U/S,UTTARAKHAND,Ganga,7.55,,1.0,10.0,,GANGA,2018-06-30
2018,20049,LAKKAR GHAT-OXIDATION PONDS,UTTARAKHAND,Ganga,7.800000000000001,,33.0,,,Ganga,2018-06-30
2018,10147,RIVER GANGA D/S RISHIKESH,UTTARAKHAND,Ganga,7.65,,1.0,9.5,,GANGA,2018-06-30
2018,2725,"GANGA AT A/C OF RIVER SONG NEAR SATYANARAYAN TEMPLE D/S RAIWALA, DEHRADUN",UTTARAKHAND,Ganga,7.7,,1.1,8.9,,SONG,2018-06-30
2018,10148,RIVER GANGA AT HAR KI PAURI GHAT,UTTARAKHAND,Ganga,7.9,,1.0,9.4,,GANGA,2018-06-30
2018,1061,GANGA AT HARIDWAR D/S,UTTARAKHAND,Ganga,8.0,,1.1,9.6,,GANGA,2018-06-30
2018,20050,JAGJITPUR,UTTARAKHAND,Ganga,7.699999999999999,,10.4,,,Ganga,2018-06-30
2018,2727,UPPER GANGA RIVER D/S ROORKEE,UTTARAKHAND,Ganga,7.95,,1.0,8.899999999999999,,RIVER,2018-06-30
2018,10150,"MADHYA GANGA BARRAGE, BIJNORE",UTTAR PRADESH,Ganga,7.35,136.0,1.4,8.95,,Ganga,2018-06-30
2018,1062,GANGA AT GARHMUKTESHWAR,UTTAR PRADESH,Ganga,7.3,218.5,2.6500000000000004,8.1,0.56,GANGA,2018-06-30
2018,10149,GHARMUKTESHWAR,UTTAR PRADESH,Ganga,7.25,209.5,2.5,8.4,0.55,Ganga,2018-06-30
2018,2488,"GANGA U/S, ANOOPSHAHAR",UTTAR PRADESH,Ganga,7.3,236.0,2.2,8.5,0.5900000000000001,GANGA,2018-06-30
2018,2489,"GANGA D/S, ANOOPSHAHAR",UTTAR PRADESH,Ganga,7.449999999999999,237.0,2.2,8.65,0.49,GANGA,2018-06-30
2018,1145,GANGA AT NARORA (BULANDSAHAR),UTTAR PRADESH,Ganga,7.4,232.0,2.25,8.6,0.585,GANGA,2018-06-30
2018,2490,"GANGA AT KACHHLA GHAT, ALIGARH",UTTAR PRADESH,Ganga,7.3,234.0,2.25,8.7,0.51,GANGA,2018-06-30
2018,10151,FARRUKABAD,UTTAR PRADESH,Ganga,8.0,247.0,2.45,8.45,,Ganga,2018-06-30
2018,1063,GANGA AT KANNAUJ U/S (RAJGHAT),UTTAR PRADESH,Ganga,8.149999999999999,332.5,3.75,8.8,,GANGA,2018-06-30
2018,1066,GANGA AT KANNAUJ D/S,UTTAR PRADESH,Ganga,8.2,356.0,4.15,8.5,,GANGA,2018-06-30
2018,1146,GANGA AT BITHOOR (KANPUR),UTTAR PRADESH,Ganga,8.25,307.5,3.3,9.15,,GANGA,2018-06-30
2018,1067,GANGA AT KANPUR U/S (RANIGHAT),UTTAR PRADESH,Ganga,8.15,325.0,3.6500000000000004,8.8,,GANGA,2018-06-30
2018,10154,BATHING GHAT (BHARAOGHAT),UTTAR PRADESH,Ganga,8.15,318.0,3.5,8.95,,Ganga,2018-06-30
2018,10155,D/S SHUKLAGANJ,UTTAR PRADESH,Ganga,8.1,331.0,4.1,8.5,,Ganga,2018-06-30
2018,1068,GANGA AT KANPUR D/S (JAJMAU PUMPING STATION),UTTAR PRADESH,Ganga,7.95,395.0,6.35,6.550000000000001,,GANGA,2018-06-30
2018,10157,"BATHING GHAT, JAJMAU BRIDGE",UTTAR PRADESH,Ganga,8.05,350.0,5.2,7.65,,Ganga,2018-06-30
2018,1147,GANGA AT DALMAU (RAI BAREILLY),UTTAR PRADESH,Ganga,7.9,317.0,4.0,8.95,0.86,GANGA,2018-06-30
2018,2498,"GANGA AT KALA KANKAR, RAEBARELI",UTTAR PRADESH,Ganga,7.85,311.5,3.8000000000000003,9.0,0.8300000000000001,GANGA,2018-06-30
2018,1046,GANGA AT ALLAHABAD (RASOOLABAD),UTTAR PRADESH,Ganga,8.1,241.0,3.7,8.9,1.56,GANGA,2018-06-30
2018,2487,"GANGA AT KADAGHAT, ALLAHABAD",UTTAR PRADESH,Ganga,7.35,234.0,3.9000000000000004,8.65,1.6800000000000002,GANGA,2018-06-30
2018,1049,GANGA AT ALLAHABAD D/S (SANGAM),UTTAR PRADESH,Ganga,7.95,293.5,3.65,8.55,1.775,GANGA,2018-06-30
2018,10158,"RIVER GANGA A/C TAMSA, SIRSA, SON BARSA",UTTAR PRADESH,Ganga,8.149999999999999,276.5,3.2,8.5,1.58,Ganga,2018-06-30
2018,2485,"GANGA U/S, VINDHYACHAL, MIRZAPUR",UTTAR PRADESH,Ganga,8.2,425.5,2.95,7.95,0.805,GANGA,2018-06-30
2018,2486,"GANGA D/S, MIRZAPUR",UTTAR PRADESH,Ganga,8.1,432.0,3.15,7.6,0.905,GANGA,2018-06-30
2018,10153,RIVER GANGA AT CHUNAR,UTTAR PRADESH,Ganga,8.15,430.5,3.6,7.7,0.64,GANGA,2018-06-30
2018,1070,GANGA AT VARANASI U-S (ASSIGHAT),UTTAR PRADESH,Ganga,8.3,416.5,2.85,8.3,0.21000000000000002,GANGA,2018-06-30
2018,1071,GANGA AT VARANASI D-S (MALVIYA BRIDGE),UTTAR PRADESH,Ganga,8.2,477.0,5.15,6.949999999999999,0.335,GANGA,2018-06-30
2018,10152,"RIVER GANGA A/C GOMTI RIVER, BHUSAULA",UTTAR PRADESH,Ganga,8.35,425.0,3.5,8.05,0.255,Ganga,2018-06-30
2018,10156,"BATHING GHAT, GOLAGHAT",UTTAR PRADESH,Ganga,8.1,332.5,4.449999999999999,8.25,,Ganga,2018-06-30
2018,1073,GANGA AT TRIGHAT (GHAZIPUR),UTTAR PRADESH,Ganga,8.25,465.0,4.5,7.35,0.31,GANGA,2018-06-30
2018,1074,GANGA AT BUXAR,BIHAR,Ganga,7.6,430.5,1.9,8.7,0.425,GANGA,2018-06-30
2018,10113,RIVER GANGA AT U/S JAIL GHAT,BIHAR,Ganga,7.75,411.0,2.2,8.5,0.39,GANGA,2018-06-30
2018,2551,"GANGA AT BUXAR, RAMREKHAGHAT",BIHAR,Ganga,7.8,403.0,2.25,8.2,0.52,GANGA,2018-06-30
2018,3113,GANGA AT D/S BUXAR NEAR GANGA BRIDGE,BIHAR,Ganga,7.6499999999999995,419.5,2.15,8.3,0.395,GANGA,2018-06-30
2018,10131,RIVER GANGA AT U/S BARAHPUR BINDTOLI,BIHAR,Ganga,7.65,287.0,2.15,8.8,0.365,GANGA,2018-06-30
2018,10162,ARRAH-CHHAPRA ROAD BRIDGE (KOILWER BANURA-CHHAPRA),BIHAR,Ganga,7.8500000000000005,414.5,1.75,8.350000000000001,0.425,Ganga,2018-06-30
2018,2564,GANGA AT THE CONFLUENCE OF SONE RIVER DORIGANJ,BIHAR,Ganga,7.4,343.0,1.85,8.9,0.39499999999999996,GANGA,2018-06-30
2018,10114,RIVER GANGA AT D/S SARIKPUR,BIHAR,Ganga,7.75,321.5,2.05,8.75,0.39,GANGA,2018-06-30
2018,3114,GANGA NEAR DANAPUR (NEAR PIPA PUL),BIHAR,Ganga,7.6000000000000005,321.0,2.05,10.5,0.28,GANGA,2018-06-30
2018,1077,"GANGA AT KHURJI, PATNA U/S",BIHAR,Ganga,7.35,328.5,2.0,10.0,0.315,GANGA,2018-06-30
2018,2552,PATNA TO GANDHI GHAT/NIT GHAT,BIHAR,Ganga,7.300000000000001,354.0,2.35,9.9,1.175,Ganga,2018-06-30
2018,10115,RIVER GANGA AT BARKAGAON,BIHAR,Ganga,7.35,336.0,2.55,9.8,0.34,GANGA,2018-06-30
2018,1079,GANGA AT PATNA D/S (GANGA BRIDGE),BIHAR,Ganga,7.55,341.5,2.5,9.149999999999999,0.365,GANGA,2018-06-30
2018,3122,"GANGA AT MALSALAMI, PATNA",BIHAR,Ganga,7.449999999999999,381.5,2.1,8.55,0.335,GANGA,2018-06-30
2018,4297,"KACHCHI-DARGAH-BIDUPUR ROAD BRIDGE, PATNA",BIHAR,Ganga,7.4,325.5,1.95,8.25,0.4,Ganga,2018-06-30
2018,10122,TRIVENI GHAT,BIHAR,Ganga,7.25,309.5,2.2,8.1,0.28,Ganga,2018-06-30
2018,2553,GANGA AT FATUHA,BIHAR,Ganga,7.15,328.0,2.2,8.8,1.115,GANGA,2018-06-30
2018,4301,"BAKHTIYARPUR-TAJPUR BRIDGE ON GANGA, ATHMALGOLA",BIHAR,Ganga,7.3,307.5,2.0,8.45,0.215,Ganga,2018-06-30
2018,3115,GANGA RIVER AT BARH,BIHAR,Ganga,7.45,291.0,2.0,9.1,0.49,RIVER,2018-06-30
2018,10130,D/S NAWADAGHAT,BIHAR,Ganga,7.550000000000001,306.5,2.05,8.45,0.39499999999999996,Ganga,2018-06-30
2018,1817,GANGA AT MOKAMA (U/S),BIHAR,Ganga,7.75,296.5,2.05,8.25,0.39,GANGA,2018-06-30
2018,1815,GANGA AT MOKAMA (D/S),BIHAR,Ganga,7.75,282.5,2.25,8.45,0.375,GANGA,2018-06-30
2018,3123,GANGA RIVER AT BARAHIA,BIHAR,Ganga,7.75,287.5,2.0,8.3,0.39999999999999997,RIVER,2018-06-30
2018,3116,GANGA AT U/S MUNGER (NEAR INTAKE WELL ON GANGA),BIHAR,Ganga,7.4,313.0,2.1,8.25,9.055,GANGA,2018-06-30
2018,1818,GANGA AT MUNGER,BIHAR,Ganga,7.3999999999999995,301.0,2.2,8.15,0.38,GANGA,2018-06-30
2018,3117,GANGA AT U/S SULATANGANJ,BIHAR,Ganga,7.449999999999999,310.0,1.95,8.55,0.35,GANGA,2018-06-30
2018,2554,"GANGA AT SULTANGANJ, BHAGALPUR",BIHAR,Ganga,7.6000000000000005,342.5,2.3,8.05,0.43,GANGA,2018-06-30
2018,10138,CHAMPANAGAR,BIHAR,Ganga,7.4,302.5,1.9,8.85,0.32,Ganga,2018-06-30
2018,1819,GANGA AT BHAGALPUR,BIHAR,Ganga,7.449999999999999,345.0,1.95,8.7,0.41,GANGA,2018-06-30
2018,3118,GANGA AT U/S BHAGALPUR,BIHAR,Ganga,7.55,379.0,2.4,7.25,0.32,GANGA,2018-06-30
2018,1816,GANGA AT KAHALGAON,BIHAR,Ganga,7.6,327.0,2.1,8.0,0.22499999999999998,GANGA,2018-06-30
2018,10143,D/S NEAR CREMATION GHAT,BIHAR,Ganga,7.55,352.5,2.2,7.5,0.39999999999999997,Ganga,2018-06-30
2018,10144,U/S NEAR LCT GHAT,JHARKHAND,Ganga,8.25,310.0,2.5,8.25,,Ganga,2018-06-30
2018,10145,D/S NEAR JANTA GHAT,JHARKHAND,Ganga,8.1,310.0,2.5999999999999996,8.1,,Ganga,2018-06-30
2018,10146,SANGI DALAN,JHARKHAND,Ganga,8.15,311.0,2.5999999999999996,8.25,,Ganga,2018-06-30
2018,1059,GANGA AT RAJMAHAL,JHARKHAND,Ganga,8.0,316.0,2.5999999999999996,8.3,,GANGA,2018-06-30
2018,1080,GANGA AT BAHARAMPORE,WEST BENGAL,Ganga,7.949999999999999,268.0,3.25,8.25,0.575,GANGA,2018-06-30
2018,10159,KHAGRA,WEST BENGAL,Ganga,7.949999999999999,278.0,3.95,8.2,0.605,Ganga,2018-06-30
2018,10160,GORABAZAR,WEST BENGAL,Ganga,8.05,267.0,2.9,8.35,0.385,Ganga,2018-06-30
2018,2511,"NABADIP ON GANGA, GHOSHPARA NEAR MONIPURGHAT",WEST BENGAL,Ganga,7.949999999999999,272.0,3.2,8.3,0.525,GHOSHPARA,2018-06-30
2018,2506,"TRIBENI ON GANGA, NEAR BURNING GHAT",WEST BENGAL,Ganga,7.949999999999999,341.0,2.85,8.0,0.525,Ganga,2018-06-30
2018,10161,PALTA SHITLATALA,WEST BENGAL,Ganga,8.0,439.5,4.6,7.5,0.855,Ganga,2018-06-30
2018,1054,GANGA AT PALTA,WEST BENGAL,Ganga,7.9,289.0,3.05,7.6,0.6000000000000001,GANGA,2018-06-30
2018,1472,GANGA AT SERAMPORE,WEST BENGAL,Ganga,7.7,322.5,5.3999999999999995,7.35,0.405,GANGA,2018-06-30
2018,1053,GANGA AT DAKSHINESHWAR,WEST BENGAL,Ganga,7.55,416.5,4.15,6.55,0.41000000000000003,GANGA,2018-06-30
2018,1471,GANGA AT HOWRAH-SHIVPUR,WEST BENGAL,Ganga,7.199999999999999,275.5,3.95,5.8999999999999995,0.41000000000000003,GANGA,2018-06-30
2018,1470,GANGA AT GARDEN REACH,WEST BENGAL,Ganga,7.0,382.0,3.3,6.1,0.415,GANGA,2018-06-30
2018,1052,ULUBERIA,WEST BENGAL,Ganga,7.1499999999999995,416.5,2.9499999999999997,6.15,0.41500000000000004,Ganga,2018-06-30
2018,1469,GANGA AT DIAMOND HARBOUR,WEST BENGAL,Ganga,8.15,4914.0,3.35,6.65,0.46,GANGA,2018-06-30
2018,1492,YAMUNA AT YAMUNOTRI,UTTARAKHAND,Yamuna,7.1,60.0,,9.2,0.72,YAMUNA,2018-06-30
2018,1493,YAMUNA AT HANUMANCHATTI,UTTARAKHAND,Yamuna,7.1,107.0,,9.4,0.52,YAMUNA,2018-06-30
2018,1494,YAMUNA AT U/S OF LAKHWAR DAM,UTTARAKHAND,Yamuna,7.65,220.0,1.0,8.5,0.29,YAMUNA,2018-06-30
2018,1490,YAMUNA AT U/S DAK PATTHAR,UTTARAKHAND,Yamuna,7.6499999999999995,,1.0,8.899999999999999,,YAMUNA,2018-06-30
2018,1553,"RIVER YAMUNA , U/S PAONTA SAHIB, H.P",HIMACHAL PRADESH,Yamuna,8.1,529.0,0.9,6.6,0.5800000000000001,Yamuna,2018-06-30
2018,1554,"RIVER YAMUNA , D/S PAONTA SAHIB, H.P",HIMACHAL PRADESH,Yamuna,8.2,412.0,1.2,6.8,0.68,Yamuna,2018-06-30
2018,1117,YAMUNA AT HATHNIKUND HARYANA,HARYANA,Yamuna,7.7,295.5,1.9,9.95,1.66,YAMUNA,2018-06-30
2018,1496,"YAMUNA AT KALANAUR, YAMUNA NAGAR, HARYANA",HARYANA,Yamuna,7.85,446.5,3.0,8.15,0.45,YAMUNA,2018-06-30
2018,10004,RIVE YAMUNA AT KHOJKIPUR PANIPAT,HARYANA,Yamuna,7.5,1647.5,25.5,10.4,1.505,YAMUNA,2018-06-30
2018,1119,"YAMUNA AT SONEPAT, HARYANA",HARYANA,Yamuna,7.550000000000001,898.5,13.5,7.9,1.555,YAMUNA,2018-06-30
2018,1120,"YAMUNA AT WAZIRABAD, DELHI",DELHI,Yamuna,7.9,700.5,2.5,7.7,0.56,YAMUNA,2018-06-30
2018,1121,"YAMUNA AT NIZAMUDDIN, DELHI",DELHI,Yamuna,7.55,1324.0,31.5,3.6,0.11499999999999999,YAMUNA,2018-06-30
2018,1375,"YAMUNA AT OKHLA BRIDGE (INLET OF AGRA CANAL), DELHI",DELHI,Yamuna,7.5,820.0,26.5,2.95,,YAMUNA,2018-06-30
2018,1812,"RIVER YAMUNA AT OKHLA AFTER MEETING OF SHAHDARA DRAIN, DELHI",DELHI,Yamuna,7.550000000000001,1046.5,34.0,3.5,,YAMUNA,2018-06-30
2018,1497,"YAMUNA AT MAZAWALI, U.P",UTTAR PRADESH,Yamuna,7.800000000000001,1309.0,17.0,,0.7150000000000001,YAMUNA,2018-06-30
2018,2493,RIVER YAMUNA AT SHAHPUR,UTTAR PRADESH,Yamuna,7.300000000000001,,13.25,3.8,,YAMUNA,2018-06-30
2018,2495,"YAMUNA AT KESIGHAT, VRINDAVAN",UTTAR PRADESH,Yamuna,7.4,,9.25,5.45,,YAMUNA,2018-06-30
2018,1123,"YAMUNA AT MATHURA U-S , U.P.",UTTAR PRADESH,Yamuna,8.05,1176.5,11.5,5.6,1.09,YAMUNA,2018-06-30
2018,2494,"YAMUNA AT VISHRAMGHAT, MATHURA",UTTAR PRADESH,Yamuna,7.4,,11.0,5.0,,YAMUNA,2018-06-30
2018,1124,"YAMUNA AT MATHURA D-S , U.P.",UTTAR PRADESH,Yamuna,8.1,1290.5,8.6,6.5,0.9650000000000001,YAMUNA,2018-06-30
2018,1125,"YAMUNA AT AGRA U-S, U.P.",UTTAR PRADESH,Yamuna,8.1,1345.0,9.35,6.55,1.25,YAMUNA,2018-06-30
2018,1126,"YAMUNA AT D-S OF AGRA, U.P.",UTTAR PRADESH,Yamuna,7.85,1250.0,15.0,11.3,1.7550000000000001,YAMUNA,2018-06-30
2018,1498,"YAMUNA AT BATESWAR, U.P",UTTAR PRADESH,Yamuna,7.75,1267.5,16.0,13.05,3.3049999999999997,YAMUNA,2018-06-30
2018,1127,"YAMUNA AT ETAWAH, U.P.",UTTAR PRADESH,Yamuna,7.75,1241.5,12.0,10.799999999999999,3.56,YAMUNA,2018-06-30
2018,1499,"YAMUNA AT JUHIKA B-C WITH CHAMBAL, ETAWAH, U.P",UTTAR PRADESH,"Tributary Streams - Tons, Ashwani, Giri, Batta, Pabbar, Bhalla, Dhela, Kalyani, Kosi, Gola, Kichha, Pilkhar And Nandaur",7.800000000000001,1232.5,9.0,8.55,3.6,YAMUNA,2018-06-30
2018,1069,"YAMUNA AT ALLAHABAD D/S (BALUA GHAT), U.P",UTTAR PRADESH,"Tributary Streams - Tons, Ashwani, Giri, Batta, Pabbar, Bhalla, Dhela, Kalyani, Kosi, Gola, Kichha, Pilkhar And Nandaur",7.85,365.0,2.25,8.3,1.345,YAMUNA,2018-06-30
2018,1510,"TONS RIVER, H.P",HIMACHAL PRADESH,"Tributary Streams - Tons, Ashwani, Giri, Batta, Pabbar, Bhalla, Dhela, Kalyani, Kosi, Gola, Kichha, Pilkhar And Nandaur",7.699999999999999,223.0,1.65,8.5,1.725,"Tons, Ashwani, Giri, Batta, Pabbar, Bhalla, Dhela, Kalyani, Kosi, Gola, Kichha, Pilkhar And Nandaur",2018-06-30
2018,2620,ASHWANI AT U/S YASHWANT NAGAR,HIMACHAL PRADESH,"Tributary Streams - Tons, Ashwani, Giri, Batta, Pabbar, Bhalla, Dhela, Kalyani, Kosi, Gola, Kichha, Pilkhar And Nandaur",7.9,554.5,3.0,7.199999999999999,0.47,ASHWANI,2018-06-30
2018,2626,BATTA AT U/S PAONTA,HIMACHAL PRADESH,"Tributary Streams - Tons, Ashwani, Giri, Batta, Pabbar, Bhalla, Dhela, Kalyani, Kosi, Gola, Kichha, Pilkhar And Nandaur",7.95,445.0,0.55,7.2,0.4,BATTA,2018-06-30
2018,2627,BATTA BEFORE CONFLUENCE TO YAMUNA,HIMACHAL PRADESH,"Tributary Streams - Tons, Ashwani, Giri, Batta, Pabbar, Bhalla, Dhela, Kalyani, Kosi, Gola, Kichha, Pilkhar And Nandaur",8.0,466.0,1.0,6.699999999999999,0.445,"Tons, Ashwani, Giri, Batta, Pabbar, Bhalla, Dhela, Kalyani, Kosi, Gola, Kichha, Pilkhar And Nandaur",2018-06-30
2018,2621,GIRI AT D/S YASHWANT NAGAR,HIMACHAL PRADESH,"Tributary Streams - Tons, Ashwani, Giri, Batta, Pabbar, Bhalla, Dhela, Kalyani, Kosi, Gola, Kichha, Pilkhar And Nandaur",7.9,512.5,3.0,7.5,0.25,GIRI,2018-06-30
2018,2622,GIRI AT U/S CCI MINES,HIMACHAL PRADESH,"Tributary Streams - Tons, Ashwani, Giri, Batta, Pabbar, Bhalla, Dhela, Kalyani, Kosi, Gola, Kichha, Pilkhar And Nandaur",8.1,760.0,0.39999999999999997,7.45,0.275,GIRI,2018-06-30
2018,2623,GIRI D/S SATAUN,HIMACHAL PRADESH,"Tributary Streams - Tons, Ashwani, Giri, Batta, Pabbar, Bhalla, Dhela, Kalyani, Kosi, Gola, Kichha, Pilkhar And Nandaur",8.0,746.5,0.5,7.050000000000001,0.29,GIRI,2018-06-30
2018,2617,PABBAR AT U/S DHAMBARI,HIMACHAL PRADESH,"Tributary Streams - Tons, Ashwani, Giri, Batta, Pabbar, Bhalla, Dhela, Kalyani, Kosi, Gola, Kichha, Pilkhar And Nandaur",7.6,100.5,1.5,8.7,0.795,PABBAR,2018-06-30
2018,2618,PABBAR AT U/S ROHRU,HIMACHAL PRADESH,"Tributary Streams - Tons, Ashwani, Giri, Batta, Pabbar, Bhalla, Dhela, Kalyani, Kosi, Gola, Kichha, Pilkhar And Nandaur",7.8,114.5,1.5499999999999998,8.65,0.92,PABBAR,2018-06-30
2018,2619,PABBAR AT D/S SWARAKUDDU,HIMACHAL PRADESH,"Tributary Streams - Tons, Ashwani, Giri, Batta, Pabbar, Bhalla, Dhela, Kalyani, Kosi, Gola, Kichha, Pilkhar And Nandaur",7.7,118.5,1.2,8.5,1.21,PABBAR,2018-06-30
2018,2734,BHALLA RIVER U-S KASHIPUR,UTTARAKHAND,"Tributary Streams - Tons, Ashwani, Giri, Batta, Pabbar, Bhalla, Dhela, Kalyani, Kosi, Gola, Kichha, Pilkhar And Nandaur",7.199999999999999,265.0,4.7,6.5,,"Tons, Ashwani, Giri, Batta, Pabbar, Bhalla, Dhela, Kalyani, Kosi, Gola, Kichha, Pilkhar And Nandaur",2018-06-30
2018,2735,BHALLA RIVER AT LOHIA BRIDGE D-S KASHIPUR,UTTARAKHAND,"Tributary Streams - Tons, Ashwani, Giri, Batta, Pabbar, Bhalla, Dhela, Kalyani, Kosi, Gola, Kichha, Pilkhar And Nandaur",7.35,535.0,35.0,,,RIVER,2018-06-30
2018,2732,DHELA RIVER U-S AT KASHIPUR MORADABAD ROAD BRIDGE,UTTARAKHAND,"Tributary Streams - Tons, Ashwani, Giri, Batta, Pabbar, Bhalla, Dhela, Kalyani, Kosi, Gola, Kichha, Pilkhar And Nandaur",7.25,270.0,8.0,5.5,,U-S,2018-06-30
2018,2733,DHELA RIVER D-S AT THAKURDWARA ALIGANJ ROAD,UTTARAKHAND,"Tributary Streams - Tons, Ashwani, Giri, Batta, Pabbar, Bhalla, Dhela, Kalyani, Kosi, Gola, Kichha, Pilkhar And Nandaur",7.25,515.0,28.0,3.0,,D-S,2018-06-30
2018,2731,KOSI RIVER AT KASHIPUR BAJPUR ROAD BRIDGE,UTTARAKHAND,"Tributary Streams - Tons, Ashwani, Giri, Batta, Pabbar, Bhalla, Dhela, Kalyani, Kosi, Gola, Kichha, Pilkhar And Nandaur",7.199999999999999,390.0,8.1,5.9,,RIVER,2018-06-30
2018,3439,"KALYANI RIVER AT D-S PANTNAGAR INDUSTRIAL AREA, US NAGAR",UTTARAKHAND,"Tributary Streams - Tons, Ashwani, Giri, Batta, Pabbar, Bhalla, Dhela, Kalyani, Kosi, Gola, Kichha, Pilkhar And Nandaur",7.15,425.0,43.0,2.9,,RIVER,2018-06-30
2018,2728,GOLA RIVER AT HALDWANI,UTTARAKHAND,"Tributary Streams - Tons, Ashwani, Giri, Batta, Pabbar, Bhalla, Dhela, Kalyani, Kosi, Gola, Kichha, Pilkhar And Nandaur",7.65,215.0,1.4,7.4,,RIVER,2018-06-30
2018,2729,KICHHA RIVER AT KICHHA U.S. NAGAR,UTTARAKHAND,"Tributary Streams - Tons, Ashwani, Giri, Batta, Pabbar, Bhalla, Dhela, Kalyani, Kosi, Gola, Kichha, Pilkhar And Nandaur",7.75,565.0,22.0,3.5,,RIVER,2018-06-30
2018,2730,PILKHAR RIVER AFTER BILASPUR RAMPUR,UTTARAKHAND,Tributary Streams - Kali East At Kharkhoda- Parikshit Garh Road,7.5,415.0,9.6,5.1,,Kali East At Kharkhoda- Parikshit Garh Road,2018-06-30
2018,2736,"NANDAUR RIVER U/S SITARGANJ INDUSTRIAL AREA, US NAGAR",UTTARAKHAND,Tributary Streams - Kali East At Kharkhoda- Parikshit Garh Road,7.6,390.0,6.0,6.6,,RIVER,2018-06-30
2018,2737,"NANDAUR RIVER D-S SITARGANJ INDUSTRIAL AREA, US NAGAR",UTTARAKHAND,Tributary Streams - Kali East At Kharkhoda- Parikshit Garh Road,7.6,450.0,6.0,6.6,,Kali East At Kharkhoda- Parikshit Garh Road,2018-06-30
2018,1064,"RAMGANGA AT KANNAUJ (BEFORE CONF.), U.P",UTTAR PRADESH,Tributary Streams - Kali East At Kharkhoda- Parikshit Garh Road,8.25,430.0,4.6,7.95,,RAMGANGA,2018-06-30
2018,2497,"RIVER KALI EAST AT KHARKHODA-PARIKSHIT GARH ROAD,",UTTAR PRADESH,Tributary Streams - Kali East At Kharkhoda- Parikshit Garh Road,7.45,1577.0,67.0,,15.4,KALI EAST,2018-06-30
2018,1065,"KALINADI AT KANNAUJ (BEFORE CONF.), U.P",UTTAR PRADESH,Tributary Streams - Kali East At Kharkhoda- Parikshit Garh Road,8.2,573.0,5.95,8.75,,KALINADI,2018-06-30
2018,2496,"RIVER HINDON AT SARDHANA BUDHANA ROAD, VILLAGE BAP",UTTAR PRADESH,Tributary Streams - Kali East At Kharkhoda- Parikshit Garh Road,7.5,910.0,68.0,,18.05,HINDON,2018-06-30
2018,1357,"HINDON AT SAHARANPUR D-S, U.P.",UTTAR PRADESH,Tributary Streams - Kali East At Kharkhoda- Parikshit Garh Road,7.65,770.0,47.0,0.95,0.6,HINDON,2018-06-30
2018,1358,"HINDON AT GHAZIABAD D/S, U.P.",UTTAR PRADESH,Tributary Streams - Kali East At Kharkhoda- Parikshit Garh Road,7.449999999999999,1076.5,62.25,0.0,32.27,HINDON,2018-06-30
2018,2482,"RIVER VARUNA AT RAMESHWAR, VARANASI",UTTAR PRADESH,Tributary Streams - Kali East At Kharkhoda- Parikshit Garh Road,8.15,579.0,28.9,,0.245,VARUNA,2018-06-30
2018,2483,RIVER VARUNA B-C WITH RIVER GANGA AT VARANASI,UTTAR PRADESH,Tributary Streams - Kali East At Kharkhoda- Parikshit Garh Road,8.0,700.0,40.8,,13.15,VARUNA B-C WITH RIVER GANGA,2018-06-30
2018,2502,"SHUKRA TAL, MUZAFFARNAGAR, NEAR GANGA RIVER",UTTAR PRADESH,Tributary Streams - Kali East At Kharkhoda- Parikshit Garh Road,7.95,341.0,3.15,8.0,0.275,Kali East At Kharkhoda- Parikshit Garh Road,2018-06-30
2018,1361,"SAI AT UNNAO AFTER DRAIN OUTFALL, U.P.",UTTAR PRADESH,Tributary Streams - Kali East At Kharkhoda- Parikshit Garh Road,7.7,544.0,4.1,6.75,,SAI,2018-06-30
2018,2484,"RIVER SAI AT JALALPUR, JAUNPUR",UTTAR PRADESH,Tributary Streams - Kali East At Kharkhoda- Parikshit Garh Road,8.4,406.0,3.75,8.0,0.32,SAI,2018-06-30
2018,1350,"GOMTI AT SITAPUR U/S AT WATER INTAKE, U.P.",UTTAR PRADESH,Tributary Streams - Kali East At Kharkhoda- Parikshit Garh Road,8.45,416.5,2.15,10.75,1.1800000000000002,GOMTI,2018-06-30
2018,1351,"GOMTI AT LUCKNOW U/S AT WATER INTAKE POINT, U.P.",UTTAR PRADESH,Tributary Streams - Kali East At Kharkhoda- Parikshit Garh Road,8.05,418.0,3.6,7.199999999999999,1.55,GOMTI,2018-06-30
2018,1352,"GOMTI AT LUCKNOW D/S, U.P.",UTTAR PRADESH,Tributary Streams - Kali East At Kharkhoda- Parikshit Garh Road,7.550000000000001,792.5,16.0,1.75,3.1050000000000004,GOMTI,2018-06-30
2018,1353,"GOMTI AT JAUNPUR D-S, U.P.",UTTAR PRADESH,Tributary Streams - Kali East At Kharkhoda- Parikshit Garh Road,8.35,418.5,4.35,7.25,0.33999999999999997,GOMTI,2018-06-30
2018,1072,"GOMTI AT VARANASI, U.P",UTTAR PRADESH,Tributary Streams - Kali East At Kharkhoda- Parikshit Garh Road,8.4,402.5,3.75,7.800000000000001,1.25,GOMTI,2018-06-30
2018,2491,"RIVER RAPTI AT RAJGHAT, GORAKHPUR",UTTAR PRADESH,Tributary Streams - Kali East At Kharkhoda- Parikshit Garh Road,7.0,353.0,5.35,7.1,,RAPTI,2018-06-30
2018,1363,"RAPTI AFTER CONFL. OF R. HONIN NR. DOMINGARH RLY BRIDGE, GORAKHPUR, U.P.",UTTAR PRADESH,Tributary Streams - Kali East At Kharkhoda- Parikshit Garh Road,7.050000000000001,334.0,5.05,8.3,,HONIN,2018-06-30
2018,1354,"SARYU AT AYODHYA AT MAIN BATHING GHAT, U.P.",UTTAR PRADESH,Tributary Streams - Kali East At Kharkhoda- Parikshit Garh Road,7.800000000000001,268.0,3.0,9.5,0.58,SARYU,2018-06-30
2018,1355,"GHAGHARA AT DEORIA D/S, U.P.",UTTAR PRADESH,Tributary Streams - Kali East At Kharkhoda- Parikshit Garh Road,4.55,441.0,4.85,7.050000000000001,,GHAGHARA,2018-06-30
2018,2492,"RIVER GHAGHARA AT BARHALGANJ, GORAKHPUR",UTTAR PRADESH,Tributary Streams - Kali East At Kharkhoda- Parikshit Garh Road,7.2,365.0,5.15,7.199999999999999,,GHAGHARA,2018-06-30
2018,1076,"GHAGHARA NEAR CHAPRA, BIHAR",BIHAR,Tributary Streams - Kali East At Kharkhoda- Parikshit Garh Road,7.35,307.0,2.05,8.8,0.405,GHAGHARA,2018-06-30
2018,1359,"RIHAND AT RENUKUT U/S, U.P.",UTTAR PRADESH,Tributary Streams - Kali East At Kharkhoda- Parikshit Garh Road,8.0,174.5,1.7000000000000002,8.9,0.85,RIHAND,2018-06-30
2018,1360,"RIHAND AT RENUKUT D/S, U.P.",UTTAR PRADESH,Tributary Streams - Kali East At Kharkhoda- Parikshit Garh Road,8.05,187.5,1.9,9.15,0.9500000000000001,RIHAND,2018-06-30
2018,1075,"SONE AT KOELWAR, BIHAR",BIHAR,Tributary Streams - Near Banzari,7.75,210.5,2.05,8.1,0.31,SONE,2018-06-30
2018,3121,"SONE RIVER NEAR BANZARI, BIHAR",BIHAR,Tributary Streams - Near Banzari,7.75,213.0,1.6,9.1,0.37,RIVER,2018-06-30
2018,3127,"SONE RIVER AT BAHIYARA, BIHAR",BIHAR,Tributary Streams - Near Banzari,7.75,218.0,1.95,8.7,0.305,RIVER,2018-06-30
2018,3128,"SONE RIVER AT NASIRIGANJ DAM, BIHAR",BIHAR,Tributary Streams - Near Banzari,7.8,249.0,2.05,9.25,0.36,RIVER,2018-06-30
2018,1078,"GANDAK AT SONEPUR, PATNA (BEFORE CONFL.), BIHAR",BIHAR,Tributary Streams - Near Banzari,7.4,253.5,2.2,8.45,0.505,GANDAK,2018-06-30
2018,2568,"GANDAK AT REWAGHAT, MUJAFFARPUR, BIHAR",BIHAR,Tributary Streams - Near Banzari,7.7,288.0,1.9500000000000002,8.8,0.385,GANDAK,2018-06-30
2018,2570,"GANDAK AT SAMASTIPUR ROAD BRIDGE, BIHAR",BIHAR,Tributary Streams - Near Banzari,7.1,307.5,2.0999999999999996,9.6,0.275,GANDAK,2018-06-30
2018,3124,"GANDAK RIVER U/S ROAD BRIDGE MUZAFFARPUR (NH), BIHAR",BIHAR,Tributary Streams - Near Banzari,7.55,328.0,1.85,9.45,0.52,RIVER,2018-06-30
2018,3125,GANDAK RIVER GOPALGANJ PIPRAKOTHI ROAD BRIDGE (DUM,BIHAR,Tributary Streams - Near Banzari,7.65,292.5,2.0,8.45,0.46499999999999997,Near Banzari,2018-06-30
2018,2575,"SIKRANA RIVER AT LAL PARSE, BITTIAH, BIHAR",BIHAR,Tributary Streams - Near Banzari,7.6,350.5,3.9,4.9,0.365,RIVER,2018-06-30
2018,1820,"SIKRANA AT CHANPATIYA, BIHAR",BIHAR,Tributary Streams - Near Banzari,7.300000000000001,836.5,48.65,3.95,0.39,SIKRANA,2018-06-30
2018,3134,"SIKRAHNA RIVER AT LAUREA, HARINAGAR ROAD BRIDGE",BIHAR,Tributary Streams - Near Banzari,6.8,1332.5,48.4,4.6,0.87,RIVER,2018-06-30
2018,2562,"BURHI GANDAK AT AKHARAGHAT, MUZAFFARPUR, BIHAR",BIHAR,Tributary Streams - Near Banzari,7.45,351.0,2.25,8.3,0.54,GANDAK,2018-06-30
2018,2558,"HARBORA RIVER AT NARKATIAGANJ, BIHAR",BIHAR,Tributary Streams - Near Banzari,6.6,534.0,63.8,3.4,0.78,RIVER,2018-06-30
2018,3126,"U/S HARBORA RIVER, BIHAR",BIHAR,Tributary Streams - Near Banzari,7.1,386.0,2.1500000000000004,7.95,0.385,Near Banzari,2018-06-30
2018,2567,"KAMALA RIVER AT BENIPATTI (MADHUBANI), BIHAR",BIHAR,Tributary Streams - Near Banzari,7.25,286.0,2.25,8.85,0.45499999999999996,RIVER,2018-06-30
2018,2569,"KAMALA RIVER AT DARBHANGA, BIHAR",BIHAR,Tributary Streams - Near Banzari,7.35,742.5,4.3,5.1499999999999995,0.32999999999999996,RIVER,2018-06-30
2018,3133,"KAMALA RIVER AT JAYNAGAR, BIHAR",BIHAR,Tributary Streams - Near Banzari,7.6000000000000005,315.0,1.9,9.5,0.48,RIVER,2018-06-30
2018,2563,"MANUSMAR RIVER AT RIGA, SITAMARHI, BIHAR",BIHAR,Tributary Streams - Near Banzari,7.0,402.5,2.3,6.949999999999999,0.33999999999999997,RIVER,2018-06-30
2018,3131,"U/S MANUSMAR RIVER (RIGA), BIHAR",BIHAR,Tributary Streams - Near Banzari,7.1,395.5,2.05,8.0,0.305,Near Banzari,2018-06-30
2018,2565,"KOSHI RIVER AT KURSHELA AT KATIHAR, BIHAR",BIHAR,Tributary Streams - Near Banzari,7.85,223.0,2.0,8.0,0.405,AT KURSHELA,2018-06-30
2018,2566,"KOSHI RIVER AT MADHEPURA, BIHAR",BIHAR,Tributary Streams - Near Banzari,7.35,232.5,2.0,9.0,0.39,RIVER,2018-06-30
2018,3137,"KOSHI RIVER AT BEERPUR, BIHAR",BIHAR,Tributary Streams - Near Banzari,7.55,210.5,1.9,8.8,0.305,RIVER,2018-06-30
2018,1821,"DAHA AT SIWAN, BIHAR",BIHAR,Tributary Streams - Near Banzari,7.35,506.5,3.4,4.95,0.98,DAHA,2018-06-30
2018,2560,"D/S DAHA RIVER AT SASAMUSA, BIHAR",BIHAR,Tributary Streams - Near Banzari,7.5,428.5,2.4000000000000004,8.05,0.44499999999999995,RIVER,2018-06-30
2018,2561,"DAHA RIVER AT ITWA BRIDGE, SIWAN, BIHAR",BIHAR,Tributary Streams - Near Banzari,7.55,305.0,2.3,8.95,0.42500000000000004,RIVER,2018-06-30
2018,3129,"DAHA RIVER AT MEERGANJ, BIHAR",BIHAR,Tributary Streams - Near Banzari,7.75,309.5,2.5,8.5,0.43999999999999995,RIVER,2018-06-30
2018,1823,"DHOUS AT MADHUBANI, BIHAR",BIHAR,Tributary Streams - Near Banzari,7.300000000000001,282.0,2.3499999999999996,7.85,0.43999999999999995,DHOUS,2018-06-30
2018,1824,"FARMAR AT JOGBANI, BIHAR",BIHAR,Tributary Streams - Near Banzari,7.550000000000001,272.0,2.1500000000000004,7.75,0.395,FARMAR,2018-06-30
2018,2559,"RAM REKHA RIVER AT HARINAGAR,",BIHAR,Tributary Streams - Near Banzari,6.949999999999999,530.0,3.8,5.15,0.805,RIVER,2018-06-30
2018,3130,"RAMREKHA RIVER AT U/S HARINAGAR, BIHAR",BIHAR,Tributary Streams - Near Banzari,7.2,346.0,3.15,6.0,0.72,AT,2018-06-30
2018,1822,"SIRISWAA AT RUXOL,",BIHAR,Tributary Streams - Near Banzari,7.25,644.0,7.3,3.15,0.98,SIRISWAA,2018-06-30
2018,3136,"SIRISWA RIVER D/S RAXAUL (KOERIA TOLA), BIHAR",BIHAR,Tributary Streams - Near Banzari,7.3,670.0,7.4,2.8,1.305,RIVER,2018-06-30
2018,3132,BAGMATI RIVER AT MUZAFFARPUR-,BIHAR,Tributary Streams - Near Banzari,7.35,276.0,1.95,7.95,0.375,RIVER,2018-06-30
2018,3135,"BAGMATI RIVER AT DARBANGA, SAMASTIPUR ROAD BRIDGE,",BIHAR,Tributary Streams - Near Banzari,7.199999999999999,318.0,2.1500000000000004,9.4,0.47,RIVER,2018-06-30
2018,2572,"MAHANANDA AT THAKURGANJ, KISHANGANJ ROAD BRIDGE",BIHAR,Tributary Streams - Near Banzari,7.5,220.5,2.05,8.75,0.595,MAHANANDA,2018-06-30
2018,3119,"POONPUN RIVER NEAR POONPUN RAIL BRIDGE, BIHAR",BIHAR,Tributary Streams - Near Banzari,7.7,319.5,2.35,9.45,0.485,RIVER,2018-06-30
2018,3120,"POONPUN RIVER NEAR KINZER ROAD BRIDGE, BIHAR",BIHAR,Tributary Streams - Near Banzari,7.9,314.5,2.0,11.05,0.44999999999999996,RIVER,2018-06-30
2018,1143,"TONS AT CHAKGHAT, M.P.",MADHYA PRADESH,Tributary Streams - Near Banzari,7.55,1.0,1.5,8.100000000000001,0.9099999999999999,TONS,2018-06-30
2018,1144,"TONS AT MADHAVGARH, M.P.",MADHYA PRADESH,Tributary Streams - Near Banzari,7.65,,1.7,6.4,,TONS,2018-06-30
2018,3328,"TONS AT MADHAVGARH, NEAR PHED W/S INTAKE POINT, SA",MADHYA PRADESH,Tributary Streams - Near Banzari,7.65,,1.95,6.5,,TONS,2018-06-30
2018,3329,"TONS AT CHAKGHAT NEAR W/S PUMPING STATION, REWA",MADHYA PRADESH,Tributary Streams - Near Banzari,7.550000000000001,,1.35,8.35,0.66,TONS,2018-06-30
2018,1735,"GOVIND SAGAR, U.P",UTTAR PRADESH,Tributary Streams - Near Banzari,8.1,702.0,4.2,7.3500000000000005,,Near Banzari,2018-06-30
2018,1356,"BETWA BEFORE CONF. YAMUNA AT HAMIRPUR, U.P.",UTTAR PRADESH,Tributary Streams - Near Banzari,8.3,634.0,5.199999999999999,7.2,,YAMUNA,2018-06-30
2018,2107,"BETWA U/S, BEENA",MADHYA PRADESH,Tributary Streams - Near Banzari,7.75,363.0,1.1,7.15,0.775,BETWA,2018-06-30
2018,2108,"BETWA D/S, BEENA",MADHYA PRADESH,Tributary Streams - Near Banzari,7.75,338.0,1.15,7.05,0.86,BETWA,2018-06-30
2018,2121,"BETWA NEAR ROAD BRIDGE, BHOJPUR",MADHYA PRADESH,Tributary Streams - Near Banzari,8.0,704.5,2.65,7.2,3.76,BETWA,2018-06-30
2018,1614,"R.BETWA NEAR INTAKE POINT, VIDISHA, M.P",MADHYA PRADESH,Tributary Streams - Near Banzari,7.9,411.0,1.8499999999999999,7.25,5.64,BETWA,2018-06-30
2018,2119,"BETWA AT NAYAPUR D/S MANDIDEEP INDL. AREA NO.1, DI",MADHYA PRADESH,Tributary Streams - Near Banzari,7.6,828.0,2.9,6.45,5.525,BETWA,2018-06-30
2018,2120,"RIVER KALIASOT NEAR ROAD BRIDGE, MANDIDEEP",MADHYA PRADESH,Tributary Streams - Near Banzari,7.9,658.5,3.4,6.9,3.625,KALIASOT,2018-06-30
2018,2122,BETWA NEAR W/S INTAKE WELL POINT RAISEN,MADHYA PRADESH,Tributary Streams - Near Banzari,7.75,449.0,2.45,7.6499999999999995,1.67,BETWA,2018-06-30
2018,2124,"BETWA AT CHARANTIRGHAT, VIDISHA",MADHYA PRADESH,Tributary Streams - Near Banzari,7.9,398.0,6.8,6.6,6.744999999999999,BETWA,2018-06-30
2018,2125,BETWA D/S AFTER MIXING OF RIVER BAIS AT VIDISHA,MADHYA PRADESH,Tributary Streams - Near Banzari,8.05,420.5,2.05,7.4,6.9750000000000005,BAIS,2018-06-30
2018,2953,"RIVER KALI SINDH AT ANICUT OF M/S CFCL GADEPAN, KO",RAJASTHAN,Tributary Streams - Near Banzari,8.1,485.0,1.5499999999999998,5.8,2.43,KALI SINDH,2018-06-30
2018,2956,"RIVER KALI SINDH AT BAROD ROAD BRIDGE, KOTA, RAJAS",RAJASTHAN,Tributary Streams - Near Banzari,8.05,640.0,1.7,6.0,2.455,KALI SINDH,2018-06-30
2018,3308,"CHAMBAL AT JAWNPAWA, FROM ORIGIN POINT, INDORE",MADHYA PRADESH,Tributary Streams - Near Banzari,7.550000000000001,626.0,1.55,6.5,0.785,CHAMBAL,2018-06-30
2018,1365,CHAMBAL AT NAGDA U/S (WATER INTAKE POINT) M.P.,MADHYA PRADESH,Tributary Streams - Near Banzari,7.8,1230.5,2.5,6.75,1.0599999999999998,CHAMBAL,2018-06-30
2018,1366,"CHAMBAL AT NAGDA D/S, M.P.",MADHYA PRADESH,Tributary Streams - Near Banzari,7.6,6141.0,36.0,3.05,1.955,CHAMBAL,2018-06-30
2018,3309,"CHAMBAL AT TAL VILLAGE NEAR BRIDGE, UJJAIN",MADHYA PRADESH,Tributary Streams - Near Banzari,7.8500000000000005,856.0,15.0,6.550000000000001,1.9000000000000001,CHAMBAL,2018-06-30
2018,1418,"CHAMBAL AT GANDHI SAGAR DAM, RAMPURA, MP",MADHYA PRADESH,Tributary Streams - Near Banzari,7.3,509.5,1.9,7.199999999999999,1.065,CHAMBAL,2018-06-30
2018,2955,RIVER CHAMBAL ENTERING IN RAJASTHAN AT GANDHI SAGA,RAJASTHAN,Tributary Streams - Near Banzari,7.8,350.0,1.85,5.45,2.29,CHAMBAL ENTERING IN RAJASTHAN,2018-06-30
2018,1288,"CHAMBAL AT KOTA U/S (INTAKE PT. NEAR BARRAGE), RAJ",RAJASTHAN,Tributary Streams - Near Banzari,7.699999999999999,365.0,1.5,6.1,2.0,CHAMBAL,2018-06-30
2018,1289,"CHAMBAL AT KOTA D/S (2 KM. FROM CITY), RAJASTHAN",RAJASTHAN,Tributary Streams - Near Banzari,7.95,585.0,1.85,5.0,2.565,CHAMBAL,2018-06-30
2018,1413,"CHAMBAL AT RAMESHWARGHAT NR. SAWAIMADHOPUR, RAJAST",RAJASTHAN,Tributary Streams - Near Banzari,8.2,600.0,5.2,4.1,1.6700000000000002,CHAMBAL,2018-06-30
2018,1609,"R. CHAMBAL AT DHOLPUR, M.P",MADHYA PRADESH,Tributary Streams - Near Banzari,7.699999999999999,427.5,1.5,8.0,1.35,CHAMBAL,2018-06-30
2018,2126,"PARVATI A/C OF VINDHYACHAL NALLA, PILUKHEDI",MADHYA PRADESH,Tributary Streams - Near Banzari,8.05,439.0,2.05,7.3,1.3,Near Banzari,2018-06-30
2018,2954,RIVER PARVATI BEFORE MEETING RIVER CHAMBAL AT KHAT,RAJASTHAN,Tributary Streams - Near Banzari,8.1,475.0,2.65,5.699999999999999,2.335,PARVATI BEFORE MEETING RIVER CHAMBAL,2018-06-30
2018,1432,"PARVATI NEAR VILLAGE BATAODAPAR, M.P.",MADHYA PRADESH,Tributary Streams - Near Banzari,8.05,533.5,2.0,7.1,1.4,PARVATI,2018-06-30
2018,1615,PARVATI NEAR INTAKE POINT PILLUKHEDI DISTT. RAJG,MADHYA PRADESH,Tributary Streams - Near Banzari,7.800000000000001,414.0,1.8,7.3,1.25,PARVATI,2018-06-30
2018,2109,"PARVATI RIVER, GUNA",MADHYA PRADESH,Tributary Streams - Near Banzari,8.149999999999999,444.0,2.05,6.8,1.05,Near Banzari,2018-06-30
2018,2950,"DHANARI DAM, NEAR SWAROOPGANJ, SIROHI, RAJASTHAN",RAJASTHAN,Tributary Streams - Near Banzari,8.0,470.0,1.9,5.45,2.7800000000000002,Near Banzari,2018-06-30
2018,2951,"BISULPUR DAM, TONK, RAJASTHAN",RAJASTHAN,Tributary Streams - Near Banzari,7.75,650.0,2.1500000000000004,6.5,2.5700000000000003,Near Banzari,2018-06-30
2018,2952,"NEAR NEWTA DAM, JAIPUR, RAJASTHAN",RAJASTHAN,Tributary Streams - Near Banzari,8.05,2500.0,7.95,2.3,2.89,Near Banzari,2018-06-30
2018,2945,"UPSTREAM OF CHHAPI DAM, JHALAWAR, RAJASTHAN",RAJASTHAN,Tributary Streams - Near Banzari,7.9,300.0,1.6,5.6,2.14,Near Banzari,2018-06-30
2018,3313,KARIYARI U/S BEFORE MIXING WITH WASTE WATER OF M/S,MADHYA PRADESH,Tributary Streams - Near Banzari,7.4,,0.95,7.7,0.46499999999999997,KARIYARI,2018-06-30
2018,3314,KARIYARI 100 MTR. D/S AFTER MIXING WITH WASTE WATE,MADHYA PRADESH,Tributary Streams - Near Banzari,7.7,,1.45,7.25,0.54,Near Banzari,2018-06-30
2018,1607,"GOHAD DAM, GOHAD, M.P",MADHYA PRADESH,Tributary Streams - Near Banzari,7.65,729.5,2.1,7.4,2.1,Near Banzari,2018-06-30
2018,3318,"MAHI AT RANISINGH VILLAGE, RATLAM, UJJAIN",MADHYA PRADESH,Tributary Streams - Near Banzari,7.800000000000001,383.0,2.4,7.3,0.51,MAHI,2018-06-30
2018,2110,"RIVER KHAN AT SAKKAR KHADI, INDORE",MADHYA PRADESH,Tributary Streams - Near Banzari,8.05,1335.5,27.0,,12.165000000000001,KHAN,2018-06-30
2018,2111,RIVER KHAN AT SANWER,MADHYA PRADESH,Tributary Streams - Near Banzari,8.0,923.0,19.4,,9.835,KHAN,2018-06-30
2018,1367,KHAN AT KABIT KHEDI (NEAR INDORE) M.P.,MADHYA PRADESH,Tributary Streams - Near Banzari,7.9,1452.0,31.0,,14.76,KHAN,2018-06-30
2018,3317,"KSHIPRA AT W/S INTAKE POINT OF DEWAS, UJJAIN",MADHYA PRADESH,Tributary Streams - Near Banzari,7.85,319.0,2.3,7.2,0.59,KSHIPRA,2018-06-30
2018,3315,"KSHIPRA AT GAUGHAT, UJJAIN",MADHYA PRADESH,Tributary Streams - Near Banzari,7.550000000000001,855.0,6.4,6.800000000000001,2.24,KSHIPRA,2018-06-30
2018,1369,"KSHIPRA AT RAMGHAT AT UJJAIN, M.P.",MADHYA PRADESH,Tributary Streams - Near Banzari,7.75,1038.0,8.3,6.65,2.38,KSHIPRA,2018-06-30
2018,1370,"KSHIPRA AT TRIVENISANGAM (1 KM. D/S OF SANGAM), M.",MADHYA PRADESH,Tributary Streams - Near Banzari,7.6,815.5,5.0,6.35,2.25,KSHIPRA,2018-06-30
2018,1468,"KSHIPRA AT SIDDHAWAT (D/S) OF UJJAIN., M.P.",MADHYA PRADESH,Tributary Streams - Near Banzari,7.65,1072.0,13.0,6.8,2.66,KSHIPRA,2018-06-30
2018,3316,"KSHIPRA AT U/S OF MAHIDPUR CITY, UJJAIN",MADHYA PRADESH,Tributary Streams - Near Banzari,8.0,908.5,3.5,6.949999999999999,1.495,KSHIPRA,2018-06-30
2018,3306,"RIVER CHOUPAN AT VIJAYPUR U/S NFL NALLA, GUNA",MADHYA PRADESH,Tributary Streams - Near Banzari,7.85,397.0,1.7000000000000002,7.4,1.2,CHOUPAN,2018-06-30
2018,3307,RIVER CHOUPAN AT VIJAYPUR 100 METRE D/S OF NFL NAL,MADHYA PRADESH,Tributary Streams - Near Banzari,8.15,459.5,2.15,6.6,1.3900000000000001,CHOUPAN,2018-06-30
2018,3319,"NEWAJ AT W/S INTAKE POINT, SHUJALPUR, UJJAIN",MADHYA PRADESH,Tributary Streams - Near Banzari,7.6,428.5,2.6,7.0,0.6649999999999999,NEWAJ,2018-06-30
2018,3320,"NEWAJ AT U/S NEAR W/S INTAKE POINT, RAJGARH, GUNA",MADHYA PRADESH,Tributary Streams - Near Banzari,8.0,355.5,1.45,8.0,1.1,NEWAJ,2018-06-30
2018,2117,"RIVER BICHIA, BRIDGE GOVINDGARH ROAD",MADHYA PRADESH,Tributary Streams - Near Banzari,7.75,1.0,2.85,5.800000000000001,1.075,Near Banzari,2018-06-30
2018,1433,"SANKH AT TIGRA RESERVOIR, M.P.",MADHYA PRADESH,Tributary Streams - Near Banzari,7.25,451.5,1.55,7.6,1.15,SANKH,2018-06-30
2018,3310,"CHAMLA AT W/S INTAKE POINT BADNAGAR, UJJAIN",MADHYA PRADESH,Tributary Streams - Near Banzari,7.75,623.0,2.6,6.85,1.245,CHAMLA,2018-06-30
2018,1372,"MANDAKINI AT CHITRAKUT, M.P.",MADHYA PRADESH,Tributary Streams - Near Banzari,7.6,,4.800000000000001,6.25,,MANDAKINI,2018-06-30
2018,3311,"JAMUNI AT BARIYAGHAT U/S NEAR INTAKE POINT, TIKAMG",MADHYA PRADESH,Tributary Streams - Near Banzari,7.8,340.0,0.8999999999999999,7.0,0.635,JAMUNI,2018-06-30
2018,1608,"R. SINDH AT DABRA, M.P",MADHYA PRADESH,Tributary Streams - Near Banzari,8.05,439.0,1.65,7.8500000000000005,1.3,SINDH,2018-06-30
2018,1611,"R.JOHILA NEAR NAROJABAD NEAR UMARIA ROAD BRIDGE, M",MADHYA PRADESH,Tributary Streams - Near Banzari,7.9,411.5,1.4,7.550000000000001,0.61,JOHILA,2018-06-30
2018,2116,RIVER BIHAR D/S NEAR FOREST OFFICE,MADHYA PRADESH,Tributary Streams - Near Banzari,7.7,,1.6,6.7,1.02,BIHAR,2018-06-30
2018,3327,"SONE AT AMLAI, 100 METRE D/S AFTER MIXING OF ATPS",MADHYA PRADESH,Tributary Streams - Near Banzari,8.0,309.0,1.65,7.15,0.87,SONE,2018-06-30
2018,1371,"SONE AT AMLAI, M.P.",MADHYA PRADESH,Tributary Streams - Near Banzari,8.0,391.5,1.55,7.45,0.54,SONE,2018-06-30
2018,1610,"R.SONE AT ORIGINE AMARKANTAK, M.P",MADHYA PRADESH,Tributary Streams - Near Banzari,7.3,160.0,0.4,6.550000000000001,0.16,SONE,2018-06-30
2018,1612,"R.SONE AT DEVLOAD OUT LET OF BANSAGAR DAM, M.P",MADHYA PRADESH,Tributary Streams - Near Banzari,7.85,337.0,0.8999999999999999,7.45,0.32,SONE,2018-06-30
2018,2946,"UPSTREAM OF BHIM SAGAR DAM, JHALAWAR, RAJASTHAN",RAJASTHAN,Tributary Streams - Near Banzari,7.800000000000001,345.0,2.0,6.1,2.17,Near Banzari,2018-06-30
2018,2396,JUMAR AT KANKE DAM,JHARKHAND,Tributary Streams - At Masanjore Dam Barakar At Maithan Dam Barakar At Asansol,7.05,,4.65,6.35,,JUMAR,2018-06-30
2018,2401,AJAY RIVER AT MASANJORE DAM,JHARKHAND,Tributary Streams - At Masanjore Dam Barakar At Maithan Dam Barakar At Asansol,7.0,317.0,2.7,7.55,,RIVER,2018-06-30
2018,2392,BARAKAR AT MAITHAN DAM,JHARKHAND,Tributary Streams - At Masanjore Dam Barakar At Maithan Dam Barakar At Asansol,7.45,,0.9500000000000001,7.65,,BARAKAR,2018-06-30
2018,1336,"BARAKAR AT ASANSOL (WATER INTAKE POINT), WEST BENGAL",WEST BENGAL,Tributary Streams - At Masanjore Dam Barakar At Maithan Dam Barakar At Asansol,7.6,237.0,2.7,8.1,0.55,BARAKAR,2018-06-30
2018,3554,"KONAR RIVER NEAR SWANG COAL WASHERY, BOKARO",JHARKHAND,Tributary Streams - At Masanjore Dam Barakar At Maithan Dam Barakar At Asansol,7.5,,2.25,7.35,,RIVER,2018-06-30
2018,2381,BOKARO AT JARANDI,JHARKHAND,Tributary Streams - At Masanjore Dam Barakar At Maithan Dam Barakar At Asansol,7.4,,2.15,7.300000000000001,,BOKARO,2018-06-30
2018,2390,KONAR AT TENUGHAT DAM,JHARKHAND,Tributary Streams - At Masanjore Dam Barakar At Maithan Dam Barakar At Asansol,7.55,,0.75,7.75,,KONAR,2018-06-30
2018,2391,DAMODAR AT PANCHET DAM,JHARKHAND,Tributary Streams - At Masanjore Dam Barakar At Maithan Dam Barakar At Asansol,7.5,,0.75,7.699999999999999,,DAMODAR,2018-06-30
2018,3553,DAMODAR RIVER NEAR TELMUCHO BRIDGE,JHARKHAND,Tributary Streams - At Masanjore Dam Barakar At Maithan Dam Barakar At Asansol,7.45,,2.0,7.550000000000001,,RIVER,2018-06-30
2018,3557,"DAMODAR RIVER NEAR BERMO RAILWAY STATION, BOKARO",JHARKHAND,Tributary Streams - At Masanjore Dam Barakar At Maithan Dam Barakar At Asansol,7.45,,2.15,7.300000000000001,,RIVER,2018-06-30
2018,3555,"DAMODAR RIVER NEAR ZARANGDIH BRIDGE, BOKARO",JHARKHAND,Tributary Streams - At Masanjore Dam Barakar At Maithan Dam Barakar At Asansol,7.55,,1.8,7.55,,RIVER,2018-06-30
2018,3556,CONFLUENCE OF BOKARO & DAMODAR RIVER NEAR ZARANGDI,JHARKHAND,Tributary Streams - At Masanjore Dam Barakar At Maithan Dam Barakar At Asansol,7.45,,2.05,7.45,,RIVER,2018-06-30
2018,2382,DAMODAR AT PHUSRO ROAD BRIDGE,JHARKHAND,Tributary Streams - At Masanjore Dam Barakar At Maithan Dam Barakar At Asansol,7.5,,2.25,7.25,,DAMODAR,2018-06-30
2018,2383,DAMODAR U/S JAMADOVA,JHARKHAND,Tributary Streams - At Masanjore Dam Barakar At Maithan Dam Barakar At Asansol,7.45,,1.05,7.300000000000001,,DAMODAR,2018-06-30
2018,2384,DAMODAR D/S SINDRI,JHARKHAND,Tributary Streams - At Masanjore Dam Barakar At Maithan Dam Barakar At Asansol,7.5,,0.75,7.35,,DAMODAR,2018-06-30
2018,1332,"DAMODAR AT D/S OF IISCO AFTER 3RD OUTFALL AT DHENNA VILLAGE, WEST BENGAL",WEST BENGAL,Tributary Streams - At Masanjore Dam Barakar At Maithan Dam Barakar At Asansol,7.5,285.5,2.9,6.6,0.5,DAMODAR,2018-06-30
2018,1333,"DAMODAR AT NARAINPUR AFTER CONFL. OF NUNIA NALLAH, WEST BENGAL",WEST BENGAL,Tributary Streams - At Masanjore Dam Barakar At Maithan Dam Barakar At Asansol,7.6,518.0,3.1500000000000004,7.4,0.55,DAMODAR,2018-06-30
2018,1334,"DAMODAR NEAR MUJHER MANA VILLAGE AFTER CONF. OF TAMLA NALLAH, WEST BENGAL",WEST BENGAL,Tributary Streams - At Masanjore Dam Barakar At Maithan Dam Barakar At Asansol,7.5,584.5,4.15,6.3,0.55,DAMODAR,2018-06-30
2018,1335,"DAMODAR AT HALDIA D/S (2 KM AWAY FROM HALDIA TOWN), WEST BENGAL",WEST BENGAL,Tributary Streams - At Masanjore Dam Barakar At Maithan Dam Barakar At Asansol,7.6,8556.0,2.55,5.65,0.4,DAMODAR,2018-06-30
2018,2527,WATER INTAKE POINT FOR BURDWAN TOWN,WEST BENGAL,Tributary Streams - At Masanjore Dam Barakar At Maithan Dam Barakar At Asansol,7.6,319.5,2.4,8.05,0.55,At Masanjore Dam Barakar At Maithan Dam Barakar At Asansol,2018-06-30
2018,2509,"D-S OF RUPNARAYAN AT KOLAGHAT, NEAR KOLAGHAT RAIL BRIDGE NO.3",WEST BENGAL,Tributary Streams - At Masanjore Dam Barakar At Maithan Dam Barakar At Asansol,7.15,1150.5,2.9499999999999997,6.55,0.44999999999999996,RUPNARAYAN,2018-06-30
2018,1337,"RUPNARAYAN BEFORE CONFL. TO RIVER GANGA NEAR GEONKHALI, WEST BENGAL",WEST BENGAL,Tributary Streams - At Masanjore Dam Barakar At Maithan Dam Barakar At Asansol,7.5,3591.0,1.95,6.199999999999999,0.4,GANGA,2018-06-30
2018,2541,WATER INTAKE POINT FOR BANKURA TOWN ON RIVER DWARAKESHWAR,WEST BENGAL,Tributary Streams - At Masanjore Dam Barakar At Maithan Dam Barakar At Asansol,7.6,278.5,2.25,7.6,0.25,At Masanjore Dam Barakar At Maithan Dam Barakar At Asansol,2018-06-30
2018,2531,U-S OF TARAPITH ON RIVER DWARKA AT SADHAK BAMDEB GHAT,WEST BENGAL,Tributary Streams - At Masanjore Dam Barakar At Maithan Dam Barakar At Asansol,7.8,252.5,3.4499999999999997,8.45,0.15,DWARKA,2018-06-30
2018,2532,"D-S OF TARAPITH ON RIVER DWARKA, SATIGHAT",WEST BENGAL,Tributary Streams - At Masanjore Dam Barakar At Maithan Dam Barakar At Asansol,7.3,355.5,3.5,7.45,0.15,At Masanjore Dam Barakar At Maithan Dam Barakar At Asansol,2018-06-30
2018,2508,"D-S OF SILABATI AT GHATAL,",WEST BENGAL,Tributary Streams - At Masanjore Dam Barakar At Maithan Dam Barakar At Asansol,6.7,227.5,2.4,7.0,0.44999999999999996,SILABATI,2018-06-30
2018,2514,"JALANGI, D-S OF KRISHNA NAGAR",WEST BENGAL,Tributary Streams - At Masanjore Dam Barakar At Maithan Dam Barakar At Asansol,7.95,438.5,3.5,6.199999999999999,1.75,At Masanjore Dam Barakar At Maithan Dam Barakar At Asansol,2018-06-30
2018,1764,"CHURNI D-S OF SANTIPUR TOWN, WEST BENGAL",WEST BENGAL,Tributary Streams - At Masanjore Dam Barakar At Maithan Dam Barakar At Asansol,8.0,552.5,4.95,3.1999999999999997,0.9,At Masanjore Dam Barakar At Maithan Dam Barakar At Asansol,2018-06-30
2018,2518,"CHURNI, MAJHADIA",WEST BENGAL,Tributary Streams - At Masanjore Dam Barakar At Maithan Dam Barakar At Asansol,7.85,482.5,3.95,2.55,0.95,At Masanjore Dam Barakar At Maithan Dam Barakar At Asansol,2018-06-30
2018,2517,"MATHA BHANGA, GOBINDAPUR",WEST BENGAL,Tributary Streams - At Masanjore Dam Barakar At Maithan Dam Barakar At Asansol,7.65,475.0,4.55,2.15,0.65,At Masanjore Dam Barakar At Maithan Dam Barakar At Asansol,2018-06-30
2018,2534,WATER INTAKE POINT FOR SURI TOWN ON RIVER MAYURAKSHI,WEST BENGAL,Tributary Streams - At Masanjore Dam Barakar At Maithan Dam Barakar At Asansol,7.6,551.5,1.95,7.65,0.1,At Masanjore Dam Barakar At Maithan Dam Barakar At Asansol,2018-06-30
2018,2507,"D-S OF KANSI AT MIDNAPORE, NEAR NEW HANUMAN MANDIR, GANDHIGHAT",WEST BENGAL,Tributary Streams - At Masanjore Dam Barakar At Maithan Dam Barakar At Asansol,7.4,177.5,5.0,8.15,0.44999999999999996,KANSI,2018-06-30
2018,1946,MAHANANDA AT SILIGURI,WEST BENGAL,Tributary Streams - At Masanjore Dam Barakar At Maithan Dam Barakar At Asansol,7.7,166.0,3.1,6.8999999999999995,0.35,MAHANANDA,2018-06-30
2018,2525,"MAHANANDA D-S, RAMGHAT",WEST BENGAL,Tributary Streams - At Masanjore Dam Barakar At Maithan Dam Barakar At Asansol,7.2,266.5,10.9,5.5,0.35,At Masanjore Dam Barakar At Maithan Dam Barakar At Asansol,2018-06-30
2018,2549,U-S OF VINDYADHARI RIVER AT HAROA BRIDGE,WEST BENGAL,Tributary Streams - At Masanjore Dam Barakar At Maithan Dam Barakar At Asansol,7.5,3841.0,14.6,1.05,1.1,RIVER,2018-06-30
2018,2550,D-S OF VINDYADHARI RIVER AT MALANCHA BURNING GHAT,WEST BENGAL,Tributary Streams - At Masanjore Dam Barakar At Maithan Dam Barakar At Asansol,7.1,11084.5,13.85,2.3,0.6000000000000001,RIVER,2018-06-30
2018,2524,"KALJANI D-S OF ALIPURDWAR, MUNICIPALITY DISCHARGE POINT",WEST BENGAL,Brahamputra,7.9,142.5,2.25,7.05,0.4,Brahamputra,2018-06-30
2018,1030,"BRAHAMPUTRA AT DIBRUGARH, ASSAM",ASSAM,Brahamputra,7.5,131.0,1.6,7.449999999999999,0.5,BRAHAMPUTRA,2018-06-30
2018,1262,"BRAHAMPUTRA AT NIMATIGHAT, ASSAM",ASSAM,Brahamputra,8.1,134.0,1.6500000000000001,6.050000000000001,1.5,BRAHAMPUTRA,2018-06-30
2018,1526,"BRAHMPUTRA RIVER AT DHENUKHAPAHAR, ASSAM",ASSAM,Brahamputra,7.25,167.5,1.75,7.65,1.0,RIVER,2018-06-30
2018,1031,"BRAHAMPUTRA AT PANDU, ASSAM",ASSAM,Brahamputra,7.4,119.0,1.8,8.1,0.5,BRAHAMPUTRA,2018-06-30
2018,1299,"BRAHAMPUTRA AT JOGIJHOGA NEAR BRIDGE, ASSAM",ASSAM,Brahamputra,7.35,131.0,1.4000000000000001,6.45,1.0,BRAHAMPUTRA,2018-06-30
2018,2069,BRAHMPUTRA RIVER NEAR WATER INTAKE POINT AT KACHAR,ASSAM,Brahamputra,7.4,129.5,2.0,7.4,0.5,NEAR WATER INTAKE POINT,2018-06-30
2018,2064,"BRAHMAPUTRA RIVER AT CHANDRAPUR, GUWAHATI, ASSAM",ASSAM,Brahamputra,7.1,123.0,2.0,7.1499999999999995,1.0,RIVER,2018-06-30
2018,2067,"BRAHMPUTRA RIVER AT SUALKUCHI, DIST. KAMRUP, ASSAM",ASSAM,Brahamputra,7.4,138.5,2.1500000000000004,8.1,1.0,RIVER,2018-06-30
2018,2066,"BRAHMAPUTRA RIVER AT DHUBRI, ASSAM",ASSAM,Brahamputra,7.3,144.0,1.6,5.65,1.0,RIVER,2018-06-30
2018,1799,"TOWN BOUNDARY BRIDGE (DIPHU ROAD), NAGALAND",NAGALAND,Brahamputra,7.3,125.0,2.8,5.6000000000000005,0.55,Brahamputra,2018-06-30
2018,1797,"BRIDGE NEAR PURANA BAZAAR, NAGALAND",NAGALAND,Brahamputra,7.25,291.5,3.0,6.3,0.75,BRIDGE,2018-06-30
2018,1800,"NUTON BASTI, NAGALAND",NAGALAND,Brahamputra,6.85,199.5,6.7,2.1,1.05,Brahamputra,2018-06-30
2018,1798,"NEAR CHECK GATE (DIMAPUR KHUTKHUTI ROAD), NAGALAND",NAGALAND,Brahamputra,7.3,189.0,3.0,6.3,0.75,Brahamputra,2018-06-30
2018,1259,"DHANSIRI AT GOLAGHAT, ASSAM",ASSAM,Brahamputra,8.100000000000001,122.0,3.5,6.7,1.0,DHANSIRI,2018-06-30
2018,1928,"DHANSIRI AT NAGALAND-ASSAM BORDER, DIMAPUR",NAGALAND,Brahamputra,7.5,177.5,3.8,5.95,0.65,DHANSIRI,2018-06-30
2018,1930,DZU D/S KOHIMA TOWN,NAGALAND,Brahamputra,8.0,413.0,2.8000000000000003,6.6,4.6000000000000005,DZU,2018-06-30
2018,1929,"CHATHE AT MEDZIPHEMA, DIMAPUR",NAGALAND,Brahamputra,7.5,128.0,2.6,6.0,0.75,CHATHE,2018-06-30
2018,3764,"NEAR BRIDGE OVER DHANSIRI RIVER AT NH-15, DHANSIRI",ASSAM,Brahamputra,7.15,89.0,2.0,7.15,0.7000000000000001,RIVER,2018-06-30
2018,3792,DHANSIRI RIVER AT JAHAIGHAT,ASSAM,Brahamputra,7.05,96.5,2.7,7.05,0.65,RIVER,2018-06-30
2018,3097,"SUBANSIRI AT GERUKAMUKH,",ARUNACHAL PRADESH,Brahamputra,7.5,83.5,,,,SUBANSIRI,2018-06-30
2018,2061,RIVER KHARSANG BEFORE CONFLUENCE WITH BURIDIHING N,ASSAM,Brahamputra,7.050000000000001,82.0,4.0,5.3500000000000005,0.9,Brahamputra,2018-06-30
2018,1422,"BURHIDIHING AT MARGHERITA, ASSAM",ASSAM,Brahamputra,7.3,155.5,1.85,7.1,0.8500000000000001,BURHIDIHING,2018-06-30
2018,2062,"BURIDIHING NEAR DULIAJAN AT D/S, TINSUKIA, ASSAM",ASSAM,Brahamputra,7.15,142.5,1.95,6.75,0.8,BURIDIHING,2018-06-30
2018,2230,BURHIDIHING RIVER AT DULIAJAN (INTAKE POINT OF OIL,ASSAM,Brahamputra,7.25,126.0,2.15,7.55,0.9,RIVER,2018-06-30
2018,2065,"PAGLDIA RIVER NEAR NALBARI TOWN, DIST. NALBARI, AS",ASSAM,Brahamputra,7.6499999999999995,156.0,2.5,6.9,0.8,RIVER,2018-06-30
2018,1530,"DIGBOI RIVER AT LAKHIPATHE, RESERVE FOREST, DIGBOI",ASSAM,Brahamputra,6.800000000000001,318.5,8.55,4.35,1.0,RIVER,2018-06-30
2018,2063,"JAI BHARALI RIVER NEAR BISWANATH CHARALI, SONITPUR",ASSAM,Brahamputra,7.1,57.0,1.95,6.9,0.65,RIVER,2018-06-30
2018,2237,KALONG RIVER AT U/S OF ANANDARAM DEKIAL PHUKAN BRI,ASSAM,Brahamputra,6.85,159.0,2.6500000000000004,4.9,0.75,AT,2018-06-30
2018,2059,"KOLONG RIVER AT MARIGAON, ASSAM",ASSAM,Brahamputra,6.95,63.5,1.5,6.2,1.25,RIVER,2018-06-30
2018,2058,"DISANG RIVER AT DILLIGHAT, DIBRUGARH DIST., ASSAM",ASSAM,Brahamputra,7.45,102.5,2.7,7.85,0.75,RIVER,2018-06-30
2018,1298,"DISANG AT GUNDAMGHAT, ASSAM",ASSAM,Brahamputra,7.0,178.0,1.55,5.800000000000001,3.5999999999999996,DISANG,2018-06-30
2018,1258,"JHANJI AT N.H. CROSSING JORHAT, ASSAM",ASSAM,Brahamputra,7.15,165.5,2.15,,1.1,JHANJI,2018-06-30
2018,1527,"BHOGDOI RIVER AT JORHAT , ASSAM",ASSAM,Brahamputra,7.15,91.5,2.5,5.8,2.35,RIVER,2018-06-30
2018,1531,"*MORA BHARALI AT TEZPUR, ASSAM",ASSAM,Brahamputra,7.3,271.5,2.6,4.0,1.0,BHARALI,2018-06-30
2018,1423,"BORAK AT PANCHAGRAM , ASSAM",ASSAM,Brahamputra,7.199999999999999,115.0,3.05,5.65,0.9500000000000001,BORAK,2018-06-30
2018,1528,"BHARALU RIVER AT GUWAHATI, ASSAM",ASSAM,Brahamputra,7.15,457.0,22.65,,1.1,RIVER,2018-06-30
2018,1529,"DEEPAR BILL, ASSAM*",ASSAM,Brahamputra,7.85,229.5,7.3,8.5,1.0,Brahamputra,2018-06-30
2018,2068,"U/S OF KATHAKAL AT MATIJURI, DIST. HAILAKANDI, ASS",ASSAM,Brahamputra,7.25,99.0,4.0,5.75,1.05,KATHAKAL,2018-06-30
2018,3095,"GANGA RIVER AT CHANDRAPUR, ITANAGAR,",ARUNACHAL PRADESH,Brahamputra,7.85,45.0,,,,RIVER,2018-06-30
2018,3096,"DIKRONG RIVER AT NIRJULI,",ARUNACHAL PRADESH,Brahamputra,7.050000000000001,64.5,,,,RIVER,2018-06-30
2018,3099,"LOHIT RIVER AT ALUBARI,",ARUNACHAL PRADESH,Brahamputra,7.75,81.0,,,,RIVER,2018-06-30
2018,3100,"NAMCHIK RIVER AT KHARSANG,",ARUNACHAL PRADESH,Brahamputra,6.949999999999999,62.5,,,,RIVER,2018-06-30
2018,3098,"SIANG RIVER AT RANAGHAT, NEAR RCC BRIDGE, PASIGHAT,",ARUNACHAL PRADESH,Brahamputra,7.550000000000001,71.5,,,,RIVER,2018-06-30
2018,3101,KAMENG,ARUNACHAL PRADESH,Brahamputra,7.55,70.0,,,,Brahamputra,2018-06-30
2018,3103,"PACHIN RIVER AT NAHARLAGUN (BELOW BARAPANI BRIDGE),",ARUNACHAL PRADESH,Brahamputra,7.3,70.5,,,,RIVER,2018-06-30
2018,3105,"GAI NADI NEAR HSS LIKABALI,",ARUNACHAL PRADESH,Brahamputra,7.7,65.0,,,,NADI,2018-06-30
2018,3106,"DIBANG RIVER AT ROING,",ARUNACHAL PRADESH,Brahamputra,7.800000000000001,97.5,,,,RIVER,2018-06-30
2018,3107,"DIHING RIVER AT MIAO,",ARUNACHAL PRADESH,Brahamputra,7.85,82.0,,,,RIVER,2018-06-30
2018,3108,"BERENG RIVER AT CHOWKHAM,",ARUNACHAL PRADESH,Brahamputra,7.6,79.0,,,,RIVER,2018-06-30
2018,3109,"NAO DIHING RIVER AT NAMSAI,",ARUNACHAL PRADESH,Brahamputra,7.449999999999999,67.0,,,,RIVER,2018-06-30
2018,3110,"YONGO RIVER AT AALO,",ARUNACHAL PRADESH,Brahamputra,6.9,64.0,,,,RIVER,2018-06-30
2018,3769,"INTAKE POINT OF URBAN WATER SUPPLY, BHOGDOI RIVER",ASSAM,Brahamputra,7.199999999999999,132.0,2.05,6.8,1.4500000000000002,Brahamputra,2018-06-30
2018,3776,DIKHOW RIVER AT NAGINI MORA (INTER-STATE BOUNDARIE,ASSAM,Brahamputra,7.199999999999999,153.5,1.35,6.75,1.05,RIVER,2018-06-30
2018,2231,DIKHOW RIVER AT DIKHOW BRIDGE,ASSAM,Brahamputra,6.75,142.0,1.7,6.75,0.8,RIVER,2018-06-30
2018,2232,"KOHORA RIVER AT N.H. CROSSING, KOHORA, ASSAM",ASSAM,Brahamputra,6.65,150.5,4.6,6.7,0.6000000000000001,RIVER,2018-06-30
2018,2233,"BOGINADI NEAR BRIDGE NH-52, LAKHIMPUR, ASSAM",ASSAM,Brahamputra,7.25,85.5,1.9500000000000002,7.15,0.7000000000000001,BOGINADI,2018-06-30
2018,2234,"RANGA NADI D/S OF HYDEL PROJECT, ASSAM",ASSAM,Brahamputra,7.35,87.5,2.2,6.55,0.9,NADI,2018-06-30
2018,2236,"KAPILI RIVER AT DHARMTUL BRIDGE, NH-31, NAGAON, AS",ASSAM,Brahamputra,6.85,50.0,2.0,5.3,0.75,RIVER,2018-06-30
2018,2238,"BEKI RIVER AT NH-37 CROSSING AT BARPETA ROAD, ASSA",ASSAM,Brahamputra,7.3,102.5,1.35,5.25,1.05,RIVER,2018-06-30
2018,2239,"SANKOSH RIVER, DHUBRI, ASSAM",ASSAM,Brahamputra,6.95,48.5,1.3,4.8,0.6000000000000001,Brahamputra,2018-06-30
2018,2240,"BARAK RIVER AT D/S OF SILCHAR, ASSAM",ASSAM,Brahamputra,7.25,111.0,3.4,5.550000000000001,1.2,AT,2018-06-30
2018,2241,"SONAI RIVER AT SONAI, ASSAM",ASSAM,Brahamputra,7.199999999999999,105.5,3.5,5.5,0.9,RIVER,2018-06-30
2018,2242,"KUSHIARA RIVER AT KARIMGANJ, ASSAM",ASSAM,Brahamputra,7.2,100.0,1.75,5.800000000000001,0.9500000000000001,RIVER,2018-06-30
2018,2523,"KAROLA, D-S OF JALPAIGURI, NEAR MIN BHAWAN",WEST BENGAL,Brahamputra,7.2,92.5,2.8,6.9,0.4,Brahamputra,2018-06-30
2018,2524,"KALJANI D-S OF ALIPURDWAR, MUNICIPALITY DISCHARGE POINT",WEST BENGAL,Brahamputra,7.9,142.5,2.25,7.05,0.4,Brahamputra,2018-06-30
2018,2235,"PANCHNAI RIVER AT NH-52 CROSSING, ORANG, ASSAM",ASSAM,Brahamputra,7.25,76.5,1.85,6.55,1.0,RIVER,2018-06-30
2018,2888,CHATHE RIVER NEAR CHRISTIAN INSTITUTE OF HEALTH SC,NAGALAND,Brahamputra,7.5,104.5,2.1,6.1499999999999995,0.6,RIVER,2018-06-30
2018,2889,"DZUDZA RU IN KOHIMA, NAGALAND",NAGALAND,Brahamputra,7.6,179.0,2.0,6.2,1.0,Brahamputra,2018-06-30
2018,2890,"SANO RU IN KOHIMA, NAGALAND",NAGALAND,Brahamputra,7.85,504.0,3.8,6.199999999999999,3.5,Brahamputra,2018-06-30
2018,2891,"DZUCHA RU IN KOHIMA, NAGALAND",NAGALAND,Brahamputra,7.7,565.5,2.65,6.1,2.95,Brahamputra,2018-06-30
2018,2892,"DZUNA RU IN KOHIMA, ADJOINING THE NEW KOHIMA MUNIC",NAGALAND,Brahamputra,7.7,630.0,3.1500000000000004,5.1,5.65,Brahamputra,2018-06-30
2018,2893,DZUNA RU (CONFLUENCE OF DZUCHA & DZUNA RU) IN KOHI,NAGALAND,Brahamputra,7.449999999999999,272.0,2.6,6.199999999999999,1.75,Brahamputra,2018-06-30
2018,2894,"MILAK RIVER AT TULI, MOKOKCHUNG, NAGALAND",NAGALAND,Brahamputra,7.25,110.0,1.7,5.8,1.2,RIVER,2018-06-30
2018,2895,"MILAK RIVER AT PAPER NAGAR, TULI, MOKOKCHUNG, NAGA",NAGALAND,Brahamputra,7.3,114.5,2.5,5.7,1.0999999999999999,RIVER,2018-06-30
2018,3377,"MYNTANG RIVER AT NARTIANG, JAYANTIA HILLS",MEGHALAYA,Brahamputra,7.05,56.5,1.35,7.699999999999999,0.5,RIVER,2018-06-30
2018,3378,"MYNTANG RIVER AT MYNSO, JAYANTIA HILLS",MEGHALAYA,Brahamputra,7.05,44.5,1.5,6.95,0.30000000000000004,RIVER,2018-06-30
2018,3380,"DAMRING RIVER (KRISHNEI RIVER) AT RESUBELPARA, EAS",MEGHALAYA,Brahamputra,7.25,82.0,1.5499999999999998,7.6499999999999995,0.35,Brahamputra,2018-06-30
2018,3381,"MANDA RIVER (DUDHAI RIVER) AT JAMPA, EAST GARO HIL",MEGHALAYA,Brahamputra,7.1,86.5,3.55,7.4,0.45,Brahamputra,2018-06-30
2018,3382,"MANDA RIVER (DUDHAI RIVER) AT WAGAISI, EAST GARO H",MEGHALAYA,Brahamputra,7.4,74.0,1.3,7.75,0.44999999999999996,Brahamputra,2018-06-30
2018,3417,"MANU RIVER AT MANUGHAT, CONFL POINT OF CHAWMANU CH",TRIPURA,Brahamputra,6.949999999999999,106.5,0.5,6.699999999999999,0.30000000000000004,RIVER,2018-06-30
2018,3418,"MANU RIVER AT KAILASHAHAR D/S, NORTH TRIPURA",TRIPURA,Brahamputra,7.65,116.0,0.65,7.0,0.30000000000000004,AT KAILASHAHAR,2018-06-30
2018,3419,"MANU RIVER AT KUMARGHAT, NORTH TRIPURA",TRIPURA,Brahamputra,7.800000000000001,121.5,0.75,7.699999999999999,0.30000000000000004,RIVER,2018-06-30
2018,1229,"MAHI NEAR RAJASTHAN BORDER AT KADANA DAM, GUJARAT",GUJARAT,Tributary Streams - Mahi,8.15,407.0,0.3,7.800000000000001,0.62,MAHI,2018-06-30
2018,1230,"MAHI AFTER CONF. WITH ANAS AT PARDI (BANASWADA), G",GUJARAT,Tributary Streams - Mahi,7.5,404.0,0.55,7.65,0.42000000000000004,ANAS,2018-06-30
2018,1231,"MAHI AT VIRPUR, GUJARAT",GUJARAT,Tributary Streams - Mahi,8.25,401.5,0.4,7.85,0.5900000000000001,MAHI,2018-06-30
2018,1863,MAHI AT UMETA BRIDGE,GUJARAT,Tributary Streams - Mahi,8.15,397.0,0.2,7.800000000000001,0.5900000000000001,MAHI,2018-06-30
2018,1864,MAHI AT MUJPUR,GUJARAT,Tributary Streams - Mahi,8.399999999999999,14698.5,0.55,6.6,0.64,MAHI,2018-06-30
2018,1233,"MAHI AT BADNAWAR, M.P.",MADHYA PRADESH,Tributary Streams - Mahi,8.25,654.5,1.65,7.45,0.525,MAHI,2018-06-30
2018,3206,"RIVER MAHI AT SINDHORT WEIR,GUJARAT",GUJARAT,Tributary Streams - Mahi,8.5,496.0,0.45,7.4,0.53,MAHI,2018-06-30
2018,3318,"MAHI AT RANISINGH VILLAGE, RATLAM, UJJAIN",MADHYA PRADESH,Tributary Streams - Mahi,7.800000000000001,383.0,2.4,7.3,0.5095,MAHI,2018-06-30
2018,2103,"RIVER JAMMER AT DHOLOWAD, RATLAM",MADHYA PRADESH,Sabarmati,7.550000000000001,366.0,1.9,7.45,0.611,JAMMER,2018-06-30
2018,2104,RIVER MALEI AT JAORA,MADHYA PRADESH,Sabarmati,7.85,613.5,4.7,7.3,3.25,MALEI,2018-06-30
2018,2105,RIVER CHILLAR AT SHAJAPUR,MADHYA PRADESH,Sabarmati,7.95,297.5,2.3,6.800000000000001,0.805,CHILLAR,2018-06-30
2018,1228,"ANAS AT DAHOD, (KUSHALGARH), DIST. PANCHMAHAL, GUJ",GUJARAT,Sabarmati,7.9,491.0,0.5,7.2,0.53,ANAS,2018-06-30
2018,3848,ANAS RIVER NEAR ROAD BRIDGE JHABUA,MADHYA PRADESH,Sabarmati,8.2,641.5,1.5,6.7,2.7735000000000003,RIVER,2018-06-30
2018,1407,"SABARMATI AT GANDHI NAGAR CHILODA BRIDGE, LEKAWADA",GUJARAT,Sabarmati,8.7,221.0,4.4,6.45,0.11,SABARMATI,2018-06-30
2018,1408,"SABARMATI AT VILL. MIROLI TALUKA DASCROI, AHMEDABA",GUJARAT,Sabarmati,7.9,2802.5,60.5,,0.16999999999999998,SABARMATI,2018-06-30
2018,1409,"SABARMATI AT RAILWAY BRIDGE AHMEDABAD, GUJARAT",GUJARAT,Sabarmati,8.25,786.5,24.2,6.7,0.155,SABARMATI,2018-06-30
2018,1866,"RIVER SABARMATI AT HANSAOL BRIDGE, GUJARAT",GUJARAT,Sabarmati,8.15,488.0,4.0,6.5,0.125,SABARMATI,2018-06-30
2018,1223,SABARMATI AFTER CONF. WITH MESHWA AT VAUTHA (NEAR,GUJARAT,Sabarmati,8.05,2916.5,37.0,,0.195,MESHWA,2018-06-30
2018,1482,"SABARMATI AT MAHUDI JAIN TEMPLE, 150 KM. FORM ORIG",GUJARAT,Sabarmati,8.7,376.5,3.15,6.35,0.515,SABARMATI,2018-06-30
2018,1222,"SHEDHI AT KHEDA, GUJARAT",GUJARAT,Sabarmati,8.0,2091.5,5.05,4.85,0.66,SHEDHI,2018-06-30
2018,1224,"MESHWA NEAR RAJASTHAN BORDER AT SAMLAJI, GUJARAT",GUJARAT,Sabarmati,7.7,626.0,1.9000000000000001,6.9,0.22,MESHWA,2018-06-30
2018,1437,"KHARI AT LALI VILLAGE NEAR AHMEDABAD, GUJARAT",GUJARAT,Narmada,7.4,3065.0,99.0,0.6,0.98,KHARI,2018-06-30
2018,1227,"PANAM AT LUNAWADA, GUJARAT",GUJARAT,Narmada,8.15,346.5,0.55,5.5,0.6,PANAM,2018-06-30
2018,1240,NARMADA AT NARSINGHPUR M.P.,MADHYA PRADESH,Narmada,7.65,311.5,4.3999999999999995,7.4,0.925,NARMADA,2018-06-30
2018,1234,NARMADA AT HOSHANGABAD U S M.P.,MADHYA PRADESH,Narmada,8.05,324.5,1.5,8.3,2.3649999999999998,NARMADA,2018-06-30
2018,2123,NARMADA AT KORIGHAT HOSHANGABAD,MADHYA PRADESH,Narmada,8.1,275.0,1.9000000000000001,7.35,3.2600000000000002,NARMADA,2018-06-30
2018,2106,RIVER NARMADA AT NEMAWAR,MADHYA PRADESH,Narmada,7.800000000000001,290.0,1.9,7.2,0.72,NARMADA,2018-06-30
2018,2099,"RIVER NARMADA LALPUR, JABALPUR",MADHYA PRADESH,Narmada,7.9,370.0,1.2,7.6,0.91,Narmada,2018-06-30
2018,3322,"NARMADA AT MANDLA, NEAR SHAMSHANGHAT, JABALPUR",MADHYA PRADESH,Narmada,7.7,272.5,1.1,8.7,0.95,NARMADA,2018-06-30
2018,3323,"NARMADA AT LALPUR, NEAR WATER SUPPLY INTAKE POINT,",MADHYA PRADESH,Narmada,7.9,381.5,1.3,6.9,0.9,NARMADA,2018-06-30
2018,3324,"NARMADA AT PANCHWATIGHAT, BEFORE MIXING WITH BAWAN",MADHYA PRADESH,Narmada,7.800000000000001,310.0,1.55,7.95,0.8300000000000001,NARMADA,2018-06-30
2018,3325,"NARMADA AT SARSWATIGHAT, AFTER MIXING WITH BAWANGA",MADHYA PRADESH,Narmada,7.75,291.0,1.25,7.25,0.925,NARMADA,2018-06-30
2018,1430,NARMADA AT D S OF OMKARESHWAR M.P.,MADHYA PRADESH,Narmada,8.3,323.5,1.4500000000000002,7.300000000000001,0.9199999999999999,NARMADA,2018-06-30
2018,1431,"NARMADA AT MAHESHWAR, M. P.",MADHYA PRADESH,Narmada,8.25,380.5,1.25,7.35,0.8500000000000001,NARMADA,2018-06-30
2018,2112,"RIVER NARMADA NEAR MORTAKKA BRIDGE, BADWAH",MADHYA PRADESH,Narmada,7.75,440.0,3.95,7.25,0.7150000000000001,NARMADA,2018-06-30
2018,2113,"RIVER NARMADA NEAR PUNASA DAM, PUNASA",MADHYA PRADESH,Narmada,8.350000000000001,422.0,1.3,7.1,0.835,NARMADA,2018-06-30
2018,2118,NARMADA RIVER AT D/S OF KAPILDHARA,MADHYA PRADESH,Narmada,7.8,360.5,1.65,10.65,0.565,AT,2018-06-30
2018,3321,"NARMADA AT AMARKANTAKE FROM ORIGIN POINT, REWA",MADHYA PRADESH,Narmada,7.9,391.5,1.7,7.699999999999999,0.46,NARMADA,2018-06-30
2018,1235,NARMADA AT HOSHANGABAD D S M.P.,MADHYA PRADESH,Narmada,8.05,306.5,2.05,5.55,8.99,NARMADA,2018-06-30
2018,1239,"NARMADA AT BADWANI, M.P.",MADHYA PRADESH,Narmada,8.4,388.0,1.75,7.15,0.955,NARMADA,2018-06-30
2018,1242,NARMADA NEAR SOURCE AT AMARKANTAK M.P.,MADHYA PRADESH,Narmada,7.45,269.0,0.85,6.9,0.3,NARMADA,2018-06-30
2018,3847,NARMADA RIVER AT DHARAMPURI,MADHYA PRADESH,Narmada,8.35,409.0,1.0,7.25,1.71,RIVER,2018-06-30
2018,1243,"NARMADA AT BHARUCH, ZADESHVAR, GUJARAT",GUJARAT,Narmada,7.949999999999999,6721.5,1.3,6.7,0.27,NARMADA,2018-06-30
2018,1244,"NARMADA AT PANETHA, GUJARAT",GUJARAT,Narmada,7.55,323.5,0.95,6.85,0.545,NARMADA,2018-06-30
2018,1245,"NARMADA AT CHANDOD, GUJARAT",GUJARAT,Narmada,8.1,463.5,0.55,7.8999999999999995,0.46,NARMADA,2018-06-30
2018,1981,"NARMADA AT ZANOR (NTPC), BHARUCH",GUJARAT,Tributary Streams - Bhoga Door,7.8,723.0,0.95,6.95,0.165,NARMADA,2018-06-30
2018,2100,"GOUR RIVER BHOGA DOOR, JABALPUR",MADHYA PRADESH,Tributary Streams - Bhoga Door,7.8999999999999995,292.5,1.45,7.3,3.3,Bhoga Door,2018-06-30
2018,2101,KATNI RIVER NEAR NAGAR NIGAM,MADHYA PRADESH,Tributary Streams - Bhoga Door,7.800000000000001,320.0,1.6,6.050000000000001,1.05,RIVER,2018-06-30
2018,3305,"RIVER BANJAR AT MALANJKHAND NEAR W/S INTAKE POINT,",MADHYA PRADESH,Tributary Streams - Bhoga Door,7.75,305.0,1.6500000000000001,7.1,2.25,BANJAR,2018-06-30
2018,3828,"RIVER HIRAN, NH 7 ROAD BRIDGE, SIHORA, DIST JABALP",MADHYA PRADESH,Tributary Streams - Bhoga Door,8.0,319.5,1.75,8.850000000000001,0.75,Bhoga Door,2018-06-30
2018,3829,"RIVER HIRAN, NH -12 ROAD BRIDGE VIL VIKRAMPUR ,DIS",MADHYA PRADESH,Tributary Streams - Bhoga Door,7.949999999999999,399.0,1.75,7.25,2.3,Bhoga Door,2018-06-30
2018,3326,"SIMRAR AT KATNI NEAR ACC W/S INTAKE POINT, JABLAPU",MADHYA PRADESH,Tapi,7.8500000000000005,364.5,2.0,5.7,1.15,SIMRAR,2018-06-30
2018,1250,TAPI AT HATHNUR M.P.,MADHYA PRADESH,Tapi,8.4,1064.0,12.6,5.75,7.53,TAPI,2018-06-30
2018,2115,RIVER TAPTI AT NEPA NAGAR 100 METRE D/S AFTER MIXI,MADHYA PRADESH,Tapi,8.2,476.0,1.7999999999999998,7.199999999999999,1.9200000000000002,TAPTI,2018-06-30
2018,1251,"TAPI RIVER AT U/S, BHUSAWAL,VILLAGE- BHUSAWAL RAILWAY COLONY, TALUKA- BHUSAWAL, DISTRICT- JALGAON.",MAHARASHTRA,Tapi,8.25,1052.5,8.5,5.949999999999999,1.8299999999999998,AT,2018-06-30
2018,1314,"TAPI RIVER AT UBAD VILLAGE NEAR GUJRATBORDER, VILLAGE- UBAD, TALUKA- SHAHADA, DISTRICT- NANDURBAR.",MAHARASHTRA,Tapi,8.05,531.0,4.4,6.449999999999999,2.13,AT UBAD VILLAGE,2018-06-30
2018,1247,"TAPI AT MANDAVI, GUJARAT",GUJARAT,Tapi,7.85,442.0,1.05,7.35,0.09,TAPI,2018-06-30
2018,1248,"TAPI AT SURAT U/S KATHORE, GUJARAT",GUJARAT,Tapi,7.6000000000000005,689.0,1.1,7.4,0.11,TAPI,2018-06-30
2018,1982,"TAPI AT RANDER BRIDGE, SURAT",GUJARAT,Tapi,7.65,701.0,1.4,7.1,0.115,TAPI,2018-06-30
2018,1983,RIVER TAPI NEAR BARDOLI (KAPP BRIDGE) BARDOLI,GUJARAT,Tapi,7.800000000000001,399.0,0.9,7.25,0.09,TAPI,2018-06-30
2018,2071,"RIVER TAPI AT ONGC BRIDGE AT SURAT, DIST. SURAT",GUJARAT,Tapi,7.5,27086.5,3.1500000000000004,6.3,0.14,TAPI,2018-06-30
2018,2070,"RIVER KIM AT SAHOL BRIDGE, OLPAD HANSOT ROAD, DIST",GUJARAT,Tapi,7.800000000000001,1629.0,2.0,5.949999999999999,0.13,KIM,2018-06-30
2018,1252,"GIRNA RIVER AT JALGAON AT INTAKE OF GIRNA PUMP HUOSE, VILLAGE- GIRNA PUMP HOUSE AREA, TALUKA- JALGAON, DISTRICT- JALGAON.",MAHARASHTRA,Girna,7.75,490.5,5.0,4.45,3.21,AT JALGAON,2018-06-30
2018,1253,"GIRNA RIVER AT MALEGAON ROAD BRIDGE, VILLAGE- MALEGAON, TALUKA- MALEGAON, DISTRICT- NASHIK.",MAHARASHTRA,Girna,7.85,542.0,6.5,5.75,1.9249999999999998,RIVER,2018-06-30
2018,1907,"RANGAVALI RIVER AT D/S OF NAVAPUR NEAR RANGAVALI BRIDGE, VILLAGE- NAVAPUR, TALUKA- NAVAPUR, DISTRICT- NANDURBAR.",MAHARASHTRA,Girna,7.65,30190.5,11.0,4.75,2.88,AT,2018-06-30
2018,2127,"DENWA NEAR SARNI, ROAD BRIDGE",MADHYA PRADESH,Girna,7.949999999999999,465.0,1.7999999999999998,7.6,1.875,DENWA,2018-06-30
2018,2155,"PURNA RIVER AT D/S OF CONFLUENCE OF MORNA AND PURNA, AT ANDURA VILLAGE, VILLAGE- ANDURA, TALUKA- BALAPUR, DISTRICT- AKOLA.",MAHARASHTRA,Girna,7.65,15044.5,8.6,5.15,9.17,AT,2018-06-30
2018,3203,"AMRAVATI AT VILLAGE DADHAL , TA ANKLESHWAR, BHARUCH",GUJARAT,Girna,8.0,1421.5,1.35,5.65,0.305,AMRAVATI,2018-06-30
2018,2658,"BORI RIVER, D/S OF AMALNER, VILLAGE- AMALNER, TALUKA- JALGAON, DISTRICT- JALGAON.",MAHARASHTRA,Girna,7.35,833.5,5.05,4.3,1.6300000000000001,Girna,2018-06-30
2018,2666,"GOMAI RIVER D/S. OF SHAHADA, VILLAGE- SHAHADA,TALUKA- DHULE,DISTRICT- DHULE.",MAHARASHTRA,Girna,8.2,564.0,5.9,4.5,0.7899999999999999,RIVER,2018-06-30
2018,2667,"HIWARA RIVER AT D/S OF PACHORA, VILLAGE- PACHORA,TALUKA- JALGAON,DISTRICT- JALGAON.",MAHARASHTRA,Girna,8.2,637.5,5.55,4.45,1.25,AT,2018-06-30
2018,2674,"MOR RIVER NEAR PADALASHE, VILLAGE- PADALASHE,TALUKA- JALGAON, DISTRICT- JALGAON.",MAHARASHTRA,Girna,7.75,1378.5,5.15,5.25,1.2850000000000001,RIVER,2018-06-30
2018,2675,MORNA RIVER D/S OF RAILWAY BRIDGE AKOLA,MAHARASHTRA,Girna,7.35,4541.5,19.65,3.0,4.675,RIVER,2018-06-30
2018,2684,"PANZARA RIVER, NEAR PANZARAKAN SSK LTD, VILLAGE- PANZARA,TALUKA- DHULE, DISTRICT- DHULE.",MAHARASHTRA,Girna,8.0,563.5,5.8,6.15,3.3400000000000003,Girna,2018-06-30
2018,2695,"PEDHI RIVER NEAR ROAD BRIDGE AT DADHI- PEDHI VILLAGE, VILLAGE- DADHI- PEDHI, TALUKA- BHATKULI, DISTRICT- AMRAVATI.",MAHARASHTRA,Girna,7.6000000000000005,3015.5,15.2,3.9499999999999997,7.8149999999999995,NEAR ROAD BRIDGE,2018-06-30
2018,2710,"TITUR RIVER AT D/S OF CHALISGAON, VILLAGE- CHALISGAON,TALUKA- JALGAON,DISTRICT- JALGAON.",MAHARASHTRA,Girna,8.0,748.0,8.6,5.6,1.3399999999999999,AT,2018-06-30
2018,2718,"WAGHUR RIVER AT- SAKEGAON BEFORE CONFLUENCE WITH TAPI RIVER, VILLAGE- SAKEGAON,TALUKA- JALGAON,DISTRICT- JALGAON.",MAHARASHTRA,Girna,8.1,495.0,4.1,6.1,1.505,RIVER,2018-06-30
2018,1264,"MAHANADI AT RUDRI U/S AT DHAMTORI RESERVOIR, CHHAT",CHHATTISGARH,Mahanadi,7.800000000000001,365.0,,6.800000000000001,,MAHANADI,2018-06-30
2018,1852,"MAHANADI AT ARRANG, RAIPUR, CHHATISGARH.",CHHATTISGARH,Mahanadi,7.65,373.0,,6.4,,MAHANADI,2018-06-30
2018,1100,"MAHANADI AT KHARAD, CHHATISGARH.",CHHATTISGARH,Mahanadi,8.25,257.0,2.0,8.15,3.75,MAHANADI,2018-06-30
2018,1282,"MAHANADI AT SHEORINARAYAN VILLAGE, CHHATISGARH.",CHHATTISGARH,Mahanadi,8.25,276.0,2.1,8.6,4.3,MAHANADI,2018-06-30
2018,1467,"MAHANADI AFTER CONFL. WITH RIVER MAND, CHHATISGARH",CHHATTISGARH,Mahanadi,8.25,295.0,2.1,7.699999999999999,4.1000000000000005,Mahanadi,2018-06-30
2018,1099,"MAHANADI AT U/S OF RAJIM, CHHATISGARH.",CHHATTISGARH,Mahanadi,7.65,347.0,,6.5,,MAHANADI,2018-06-30
2018,1101,"MAHANADI AT INTERSTATE BOUNDRY, CHHATISGARH.",CHHATTISGARH,Mahanadi,7.4,205.0,1.5999999999999999,7.0,0.6100000000000001,MAHANADI,2018-06-30
2018,1281,"MAHANADI AT HIRAKUD RESERVOIR, ODISHA",ODISHA,Mahanadi,7.45,216.5,1.0,7.449999999999999,0.8049999999999999,MAHANADI,2018-06-30
2018,1270,"MAHANADI AT SAMBALPUR U/S, ODISHA",ODISHA,Mahanadi,7.45,198.0,1.15,7.65,0.705,MAHANADI,2018-06-30
2018,1271,"MAHANADI AT SAMBALPUR D/S, ODISHA",ODISHA,Mahanadi,7.800000000000001,213.5,1.4000000000000001,7.550000000000001,0.805,MAHANADI,2018-06-30
2018,2405,SAMBHALPUR FDS AT HUMA,ODISHA,Mahanadi,7.6000000000000005,206.0,0.8999999999999999,7.45,0.945,FDS,2018-06-30
2018,1272,MAHANADI D/S (AFTER CONFL. WITH R. ONG SONEPUR U/S,ODISHA,Mahanadi,7.6000000000000005,204.0,0.85,7.550000000000001,0.6799999999999999,MAHANADI,2018-06-30
2018,1274,"MAHANADI AFTER CONFL. WITH R.TEL (SONEPUR D/S), OR",ODISHA,Mahanadi,7.7,227.5,1.25,6.949999999999999,0.79,SONEPUR,2018-06-30
2018,1275,"MAHANADI AT TIKARPADA, ODISHA",ODISHA,Mahanadi,7.550000000000001,206.5,0.85,8.3,0.48,MAHANADI,2018-06-30
2018,1276,"MAHANADI AT NARSINGHPUR, ODISHA",ODISHA,Mahanadi,7.6,194.0,0.65,8.7,0.45,MAHANADI,2018-06-30
2018,1277,"MAHANADI AT CUTTACK U/S, ODISHA",ODISHA,Mahanadi,7.75,183.0,0.65,8.5,0.62,MAHANADI,2018-06-30
2018,1278,"MAHANADI AT CUTTACK D/S, ODISHA",ODISHA,Mahanadi,7.75,194.0,1.45,8.100000000000001,3.4250000000000003,MAHANADI,2018-06-30
2018,1639,"MAHANADI AT PARADEEPD/S, ODISHA",ODISHA,Mahanadi,7.55,25743.5,1.05,7.5,0.775,MAHANADI,2018-06-30
2018,2404,POWER CHANNEL D/S NEAR BURLA,ODISHA,Mahanadi,7.55,190.0,1.25,6.9,0.695,CHANNEL,2018-06-30
2018,2406,MUNDALI(WATER INTAKE POINT OF BHUBANESWAR CITY,ODISHA,Mahanadi,7.800000000000001,190.5,0.7000000000000001,8.5,0.62,Mahanadi,2018-06-30
2018,2407,PARADEEP U/S (BEFORE INDUSTRIAL ACTIVITY AT PARADE,ODISHA,Mahanadi,7.45,15615.5,0.95,7.4,0.8049999999999999,PARADEEP,2018-06-30
2018,3887,SAMBALPUR FD/S T SHANKARMATH,ODISHA,Mahanadi,7.550000000000001,217.0,1.15,7.1,0.6799999999999999,Mahanadi,2018-06-30
2018,3888,POWER CHANNELU/S,ODISHA,Mahanadi,7.550000000000001,179.5,0.7000000000000001,6.65,0.645,Mahanadi,2018-06-30
2018,3890,CUTTACK FD/S AT GATIRAUTAPATNA,ODISHA,Mahanadi,7.9,197.5,1.15,8.1,0.735,Mahanadi,2018-06-30
2018,1845,"SEONATH RIVER WATER SUPPLY WELL, DURG, CHHATISGARH",CHHATTISGARH,Mahanadi,7.45,,,7.1,,Mahanadi,2018-06-30
2018,3166,"SHEONATH AT JHINGHRI VILLAGE, A/C OF SAMODA NALLA,",CHHATTISGARH,Mahanadi,7.65,,,6.699999999999999,,SHEONATH,2018-06-30
2018,3167,"SHEONATH AT RAJNANDGAON, D/S AT MOHAD, RAJNANDGAON",CHHATTISGARH,Mahanadi,7.5,,,6.85,,SHEONATH,2018-06-30
2018,1847,"KHAROON RIVER B/C KHAPRI DRAIN, DURG, RAIPUR ROAD",CHHATTISGARH,Mahanadi,7.5,,,7.0,,Mahanadi,2018-06-30
2018,1846,"KHAROON RIVER A/C KHAPRI DRAIN, CHHATISGARH.",CHHATTISGARH,Mahanadi,7.4,,,7.1,,Mahanadi,2018-06-30
2018,1853,"KHAROON RIVER BUNDRI, RAIPUR, CHHATISGARH.",CHHATTISGARH,Mahanadi,7.65,400.0,,6.6,,Mahanadi,2018-06-30
2018,1105,"HASDEO AT U/S KORBA, CHHATISGARH.",CHHATTISGARH,Mahanadi,7.15,,7.2,4.6,0.325,HASDEO,2018-06-30
2018,1106,"HASDEO AT U/S OF CHAMPA, CHHATISGARH.",CHHATTISGARH,Mahanadi,8.25,297.5,2.0,7.5,4.65,HASDEO,2018-06-30
2018,3165,HASDEO RIVER 100 METER DOWNSTREAM AFTER CONFLUENCE,CHHATTISGARH,Mahanadi,7.4,,1.3,6.9,0.43499999999999994,Mahanadi,2018-06-30
2018,3168,DOWNSTREAM OF HASDEO RIVER NEAR URGA VILLAGE KORBA,CHHATTISGARH,Mahanadi,7.300000000000001,,1.7999999999999998,6.7,0.5,RIVER,2018-06-30
2018,1848,"ARPA RIVER D/S OF BILASPUR, CHHATISGARH.",CHHATTISGARH,Mahanadi,8.5,221.0,2.15,6.45,2.85,RIVER,2018-06-30
2018,1849,"KELO RIVER U/S OF RAIGARH, CHHATISGARH.",CHHATTISGARH,Mahanadi,7.45,205.5,1.65,6.95,1.0,RIVER,2018-06-30
2018,1850,"KELO RIVER D/S OF RAIGARH, CHHATISGARH.",CHHATTISGARH,Mahanadi,7.6,124.0,2.75,6.8,1.56,RIVER,2018-06-30
2018,3169,DRINKING WATER INTAKE WELL OF MUNICIPAL CO. KORBA,CHHATTISGARH,Mahanadi,7.25,,3.9,7.1,0.42000000000000004,Mahanadi,2018-06-30
2018,3170,DRINKING WATER INTAKE WELL OF MUNICIPAL CO. KORBA,CHHATTISGARH,Mahanadi,7.25,,3.7,7.4,0.37,Mahanadi,2018-06-30
2018,1267,"IB AT SUNDARGARH, ODISHA",ODISHA,Mahanadi,7.25,161.5,1.2,6.949999999999999,0.56,Mahanadi,2018-06-30
2018,1268,"IB AT JHARSUGUDA (INTAKE), ODISHA",ODISHA,Mahanadi,7.55,381.0,1.05,7.6,0.85,Mahanadi,2018-06-30
2018,1300,"IB AT RAJ NAGAR U/S, ODISHA",ODISHA,Mahanadi,7.65,249.5,1.1,7.4,0.51,NAGAR,2018-06-30
2018,1269,"IB AT BRAJRAJNAGAR (INTAKE) D/S, ODISHA",ODISHA,Mahanadi,7.65,322.5,1.7,7.699999999999999,0.8200000000000001,Mahanadi,2018-06-30
2018,2403,BHEDEN RIVER BEFORE CONFLUENCE WITH IB RIVER,ODISHA,Mahanadi,7.800000000000001,220.5,1.7,7.8,1.24,Mahanadi,2018-06-30
2018,1279,"KUAKHAI AT BHUBANESWAR U/S, ODISHA",ODISHA,Mahanadi,7.4,195.5,1.1,7.5,0.78,KUAKHAI,2018-06-30
2018,1280,"KUAKHAI AT BHUBANESWAR D/S, ODISHA",ODISHA,Mahanadi,7.449999999999999,273.5,4.45,4.35,6.675000000000001,KUAKHAI,2018-06-30
2018,2410,BHUBANESWAR FU/S,ODISHA,Mahanadi,7.550000000000001,183.5,0.95,7.1,0.545,Mahanadi,2018-06-30
2018,2411,BHUBANESWAR FD/S ( 2 KM AFTER CONFLUENCE OF GANGUA,ODISHA,Mahanadi,7.449999999999999,275.5,4.3500000000000005,6.1499999999999995,7.96,Mahanadi,2018-06-30
2018,1301,"KATHAJODI AT CUTTACK D/S, ODISHA",ODISHA,Mahanadi,7.6,269.5,3.2,6.5,3.5949999999999998,KATHAJODI,2018-06-30
2018,2412,SANKHA U/S ( D/S OF MANDIRA DAM),ODISHA,Mahanadi,7.4,217.5,1.1,6.5,2.26,SANKHA,2018-06-30
2018,2408,TEL,ODISHA,Mahanadi,7.4,177.0,1.0999999999999999,7.5,0.475,Mahanadi,2018-06-30
2018,1640,"BIRUPA AT CHOUDWAR, ODISHA",ODISHA,Mahanadi,7.449999999999999,217.0,1.1,7.8999999999999995,0.8200000000000001,BIRUPA,2018-06-30
2018,2409,CUTTACK FDS (SERUA) AT SANKHATRASA,ODISHA,Mahanadi,7.8,237.0,29.55,6.699999999999999,0.9550000000000001,Mahanadi,2018-06-30
2018,3887,SAMBALPUR FD/S T SHANKARMATH,ODISHA,Mahanadi,7.550000000000001,217.0,1.15,7.1,0.6799999999999999,Mahanadi,2018-06-30
2018,3889,ONG AT DHARUAKHAMMA,ODISHA,Mahanadi,7.45,269.0,1.4500000000000002,7.550000000000001,1.37,ONG,2018-06-30
2018,3891,KATHJODI U/S,ODISHA,Mahanadi,7.3,180.0,0.8999999999999999,7.65,0.75,KATHJODI,2018-06-30
2018,3892,KATHJODI FD/S AT MATTAGAJPUR,ODISHA,Mahanadi,7.7,254.5,2.35,6.699999999999999,1.07,Mahanadi,2018-06-30
2018,3893,KATHJODI AT KAMASASAN,ODISHA,Mahanadi,7.65,228.5,1.55,7.6,1.945,KATHJODI,2018-06-30
2018,3894,DAYA AT GELAPUR,ODISHA,Mahanadi,7.65,184.5,1.2,7.95,0.56,DAYA,2018-06-30
2018,3895,DAYA AT KANAS,ODISHA,Mahanadi,7.65,261.5,2.6,5.85,2.4600000000000004,DAYA,2018-06-30
2018,3896,GANGUA NEAR RAJDHANI ENGINEERING COLLEGE,ODISHA,Mahanadi,7.05,315.0,17.45,2.5,4.215000000000001,GANGUA,2018-06-30
2018,3897,GANGUA AT PALASUNI,ODISHA,Mahanadi,7.1,310.0,19.2,1.85,4.9750000000000005,GANGUA,2018-06-30
2018,3898,GANGUA AT SAMANTARAPUR,ODISHA,Mahanadi,5.85,495.5,37.199999999999996,1.9,6.5200000000000005,GANGUA,2018-06-30
2018,3899,GANGUA AT VADIMULA,ODISHA,Mahanadi,7.4,348.5,9.85,3.65,0.355,GANGUA,2018-06-30
2018,3900,KENDRAPADA U/S,ODISHA,Mahanadi,7.75,1081.5,1.25,6.4,1.225,KENDRAPADA,2018-06-30
2018,3901,KENDRAPADA D/S,ODISHA,Mahanadi,7.7,1067.5,1.65,6.1,1.125,KENDRAPADA,2018-06-30
2018,3902,DEVI AT MACCHIGAON,ODISHA,Mahanadi,7.699999999999999,20069.0,0.85,6.9,0.7949999999999999,DEVI,2018-06-30
2018,3903,KUSHABHADRA AT BHINGARPUR,ODISHA,Mahanadi,7.65,299.5,1.6,7.55,1.0250000000000001,KUSHABHADRA,2018-06-30
2018,3904,KUSHABHADRA AT NIMAPARA,ODISHA,Mahanadi,7.75,470.5,1.5499999999999998,7.0,0.59,KUSHABHADRA,2018-06-30
2018,3905,KUSHABHADRA AT GOP,ODISHA,Mahanadi,7.75,258.5,1.35,6.699999999999999,0.6699999999999999,KUSHABHADRA,2018-06-30
2018,3906,PURI U/S MALATIPATPUR,ODISHA,Mahanadi,7.5,343.0,1.05,6.699999999999999,0.745,PURI,2018-06-30
2018,3907,PURI AT GOLASAHI,ODISHA,Mahanadi,7.800000000000001,16104.5,3.55,7.4,4.485,PURI,2018-06-30
2018,3908,BHARGAVI AT CHANDANPUR,ODISHA,Mahanadi,7.95,333.0,1.25,7.300000000000001,0.48,BHARGAVI,2018-06-30
2018,3909,KANSARI RIVER AT BANAPUR ROAD NEAR PURUSHOTTAMPUR,ODISHA,Mahanadi,7.550000000000001,350.5,2.1,6.4,0.935,AT BANAPUR ROAD,2018-06-30
2018,3910,BADASANKHA NADI NEAR LANGALESWAR,ODISHA,Mahanadi,7.75,3863.5,3.0,6.699999999999999,3.895,NADI,2018-06-30
2018,3911,RATNACHIRA NAADI AT KUMARADIHI,ODISHA,Mahanadi,7.8,363.0,2.15,6.05,1.295,NAADI,2018-06-30
2018,3912,NUNA NADI AT BIJIPUR,ODISHA,Mahanadi,7.75,259.0,1.4500000000000002,7.0,0.625,NADI,2018-06-30
2018,3913,KUSUMI NADI NEAR TANGI (LAXMIDHARA PUR),ODISHA,Mahanadi,7.800000000000001,220.5,1.05,7.300000000000001,1.135,NADI,2018-06-30
2018,3914,SABULIA NADI NEAR RAMBHA (AT JAGANNATHPATNA),ODISHA,Mahanadi,8.0,458.5,1.6,6.35,1.49,NADI,2018-06-30
2018,3942,SONO RIVER AT KANANDURGA ROD NEAR REMUNA,ODISHA,Mahanadi,7.65,208.0,1.3499999999999999,6.7,0.7200000000000001,AT KANANDURGA ROD,2018-06-30
2018,3943,BALASORE U/S,ODISHA,Mahanadi,7.65,198.5,1.25,7.6000000000000005,0.5850000000000001,BALASORE,2018-06-30
2018,3944,RUSSELKUNDA RESERVOIR,ODISHA,Mahanadi,7.65,165.0,1.4,7.9,0.5700000000000001,Mahanadi,2018-06-30
2018,3945,RUSHIKULYA AT ASKA,ODISHA,Mahanadi,7.7,282.0,0.95,7.3,0.845,RUSHIKULYA,2018-06-30
2018,3946,BADA NADI AT ASKA,ODISHA,Mahanadi,7.9,396.0,1.05,8.0,0.46,NADI,2018-06-30
2018,3947,NALABANTA,ODISHA,Mahanadi,7.95,372.5,1.1,8.0,0.63,Mahanadi,2018-06-30
2018,1081,BAITARNI AT JODA ODISHA,ODISHA,Tributary Streams - Baitarni,7.6000000000000005,132.0,0.8500000000000001,7.449999999999999,0.575,BAITARNI,2018-06-30
2018,1082,"BAITARNI AT ANANDPUR, ODISHA",ODISHA,Tributary Streams - Baitarni,7.7,165.0,1.25,7.449999999999999,0.67,BAITARNI,2018-06-30
2018,1083,BAITARNI AT JAJPUR ODISHA,ODISHA,Tributary Streams - Baitarni,7.9,175.5,0.85,7.45,0.685,BAITARNI,2018-06-30
2018,1084,"BAITARNI AT CHANDBALI, ODISHA",ODISHA,Tributary Streams - Baitarni,7.75,9937.5,1.3,7.3999999999999995,0.9249999999999999,BAITARNI,2018-06-30
2018,1085,BAITARNI AT DHAMRA ODISHA,ODISHA,Tributary Streams - Baitarni,7.5,22717.0,1.15,7.2,0.795,BAITARNI,2018-06-30
2018,3935,BAITARNI RIVER AT NAIGARH,ODISHA,Tributary Streams - Baitarni,7.550000000000001,190.0,1.1,7.550000000000001,0.75,RIVER,2018-06-30
2018,3936,BAITARNI RIVER AT UNCHABALI,ODISHA,Tributary Streams - Baitarni,7.2,115.5,1.05,7.25,0.655,RIVER,2018-06-30
2018,3937,BAITARNI RIVER AT CHAMPUA,ODISHA,Tributary Streams - Baitarni,7.550000000000001,138.0,1.3499999999999999,6.9,0.505,RIVER,2018-06-30
2018,3938,BAITARNI RIVET AT TRIBINDHA,ODISHA,Tributary Streams - Baitarni,7.6000000000000005,156.0,1.3,7.3,0.875,RIVET,2018-06-30
2018,2421,KUSEI BEFORE JOINING WITH BAITARANI RIVER AT ANAND,ODISHA,Tributary Streams - Baitarni,7.75,221.5,1.4500000000000002,8.35,0.56,RIVER,2018-06-30
2018,3939,KUNDRA NALLAH AT JODA,ODISHA,Tributary Streams - Baitarni,7.65,158.0,1.2,7.15,1.165,NALLAH,2018-06-30
2018,3940,BHADRAK U/S,ODISHA,Tributary Streams - Baitarni,7.75,174.0,0.75,7.4,0.81,BHADRAK,2018-06-30
2018,3941,BHADRAK D/S,ODISHA,Tributary Streams - Baitarni,7.4,185.0,1.25,7.6,0.975,BHADRAK,2018-06-30
2018,1038,"BRAHMANI AT D/S PANPOSH, ODISHA",ODISHA,Tributary Streams - Brahmani,7.3999999999999995,350.5,4.55,5.45,6.01,BRAHMANI,2018-06-30
2018,1302,"BRAHMANI AT ROURKELA D/S, ODISHA",ODISHA,Tributary Streams - Brahmani,7.3999999999999995,229.0,3.65,5.85,4.07,BRAHMANI,2018-06-30
2018,2414,ROURKELA FDS AT BIRITOLA,ODISHA,Tributary Streams - Brahmani,7.449999999999999,207.0,1.5999999999999999,6.699999999999999,1.58,FDS,2018-06-30
2018,1039,"BRAHMANI AT BONAIGARH, ODISHA",ODISHA,Tributary Streams - Brahmani,7.6,178.0,2.65,6.95,3.86,BRAHMANI,2018-06-30
2018,1040,"BRAHMANI AT RENGALI, ODISHA",ODISHA,Tributary Streams - Brahmani,7.55,155.0,1.0,7.5,0.5650000000000001,BRAHMANI,2018-06-30
2018,1041,"BRAHMANI AT SAMAL, ODISHA",ODISHA,Tributary Streams - Brahmani,7.7,144.5,1.05,7.0,0.62,BRAHMANI,2018-06-30
2018,1303,"BRAHMANI AT TALCHER U/S, ODISHA",ODISHA,Tributary Streams - Brahmani,7.699999999999999,201.5,0.85,7.5,0.6799999999999999,BRAHMANI,2018-06-30
2018,2415,"TALCHER FU/S (INTAKE WELL OF MCL, TALCHER)",ODISHA,Tributary Streams - Brahmani,7.7,147.0,0.75,8.1,0.45,Brahmani,2018-06-30
2018,2416,TALCHER FD/S,ODISHA,Tributary Streams - Brahmani,7.6,196.0,0.95,7.75,0.55,Brahmani,2018-06-30
2018,1042,"BRAHMANI AT KAMALANGA, ODISHA",ODISHA,Tributary Streams - Brahmani,7.35,186.5,1.5,7.8500000000000005,0.62,BRAHMANI,2018-06-30
2018,2417,"DHENKANAL D/S, DHENKANAL TOWN",ODISHA,Tributary Streams - Brahmani,7.65,170.0,1.45,7.5,0.53,DHENKANAL,2018-06-30
2018,1043,"BRAHMANI AT BHUBAN, ODISHA",ODISHA,Tributary Streams - Brahmani,7.800000000000001,146.0,1.05,7.9,0.465,BRAHMANI,2018-06-30
2018,2418,KABATABANDHA (BEFORE IMPACT OF INDUSTRIAL ACTIVITY,ODISHA,Tributary Streams - Brahmani,7.35,142.5,0.5,7.0,1.05,Brahmani,2018-06-30
2018,1044,"BRAHMANI AT DHARMASHALA, ODISHA",ODISHA,Tributary Streams - Brahmani,7.3,170.0,0.55,7.35,0.865,BRAHMANI,2018-06-30
2018,10018,RIVER BRAHMANI AT CHANDBALI U/S,ODISHA,Tributary Streams - Brahmani,7.75,9979.5,1.15,7.4,0.87,BRAHMANI,2018-06-30
2018,10019,RIVER BRAHMANI AT,ODISHA,Tributary Streams - Brahmani,7.550000000000001,184.5,1.1,7.1,0.775,BRAHMANI,2018-06-30
2018,3917,MANDAPAL,ODISHA,Tributary Streams - Brahmani,7.6,143.0,1.55,7.6,0.5549999999999999,Brahmani,2018-06-30
2018,3918,DHENKANAL U/S,ODISHA,Tributary Streams - Brahmani,7.75,158.0,0.6,8.3,0.43,DHENKANAL,2018-06-30
2018,1045,"BRAHMANI AT PATTAMUNDAI, ODISHA",ODISHA,Tributary Streams - Brahmani,7.7,236.5,1.25,7.6,1.69,BRAHMANI,2018-06-30
2018,3919,NANDIRA U/S AT KUKUDANGA,ODISHA,Tributary Streams - Brahmani,7.800000000000001,449.5,1.55,7.300000000000001,1.46,NANDIRA,2018-06-30
2018,3920,NANDIRA D/S AT DASNALI,ODISHA,Tributary Streams - Brahmani,7.95,444.5,2.15,7.15,1.18,NANDIRA,2018-06-30
2018,3921,KISINDAJHOR AR KHARAGPRASAD,ODISHA,Tributary Streams - Brahmani,7.95,531.0,1.35,6.3999999999999995,3.495,Brahmani,2018-06-30
2018,3922,BINJHARPUR,ODISHA,Tributary Streams - Brahmani,7.7,158.5,0.9500000000000001,7.9,0.525,Brahmani,2018-06-30
2018,1035,"KARO AT LOHOJIMI U/S, JHARKAND",JHARKHAND,Tributary Streams - Brahmani,7.6,,2.3499999999999996,7.95,,KARO,2018-06-30
2018,3915,KARO RIVER T BADBIL,ODISHA,Tributary Streams - Brahmani,7.45,151.0,1.0,6.85,0.7050000000000001,Brahmani,2018-06-30
2018,1036,"KOEL AT MANOHARPUR AFTER MEETING KOINA RIVER D/S,",JHARKHAND,Tributary Streams - Brahmani,7.5,255.0,0.55,7.7,,KOEL,2018-06-30
2018,1033,"KOEL AT BASIA, DAM U/S, JHARKHAND",JHARKHAND,Tributary Streams - Brahmani,7.75,,2.4000000000000004,8.05,,KOEL,2018-06-30
2018,2413,KOEL U/S (AFTER CONFLUENCE OF RIVER KARO),ODISHA,Tributary Streams - Brahmani,7.5,192.0,1.1,6.25,0.625,KOEL,2018-06-30
2018,3916,ROURKELA FD/S AT ATTAGHAT,ODISHA,Tributary Streams - Brahmani,7.55,232.5,3.1,6.6,2.895,Brahmani,2018-06-30
2018,2376,NORTH KOEL U/S DALTANGANJ,JHARKHAND,Tributary Streams - Brahmani,7.199999999999999,,2.7,8.0,,KOEL,2018-06-30
2018,2377,"NORTH KOEL D/S BCCL, REHLA",JHARKHAND,Tributary Streams - Brahmani,7.300000000000001,,2.75,8.0,,KOEL,2018-06-30
2018,1034,"SANKH AT BOLBA, JHARKAND",JHARKHAND,Tributary Streams - Brahmani,7.75,,2.4,8.2,,SANKH,2018-06-30
2018,2419,KHANDITARA (D/S OF INDUSTRIAL ACTIVITIES AT KALING,ODISHA,Tributary Streams - Brahmani,7.449999999999999,153.0,0.85,7.4,0.66,ACTIVITIES,2018-06-30
2018,2420,AUL,ODISHA,Tributary Streams - Brahmani,7.7,3107.5,3.8,5.8,3.1750000000000003,Brahmani,2018-06-30
2018,3923,GURADIHNALLAH AT PANPOSH,ODISHA,Tributary Streams - Brahmani,7.35,438.5,6.699999999999999,4.1000000000000005,7.615,GURADIHNALLAH,2018-06-30
2018,3924,BADAJHOR,ODISHA,Tributary Streams - Brahmani,8.0,282.5,0.95,7.45,0.595,Brahmani,2018-06-30
2018,3925,LINGIRA U/S AT ANGUL,ODISHA,Tributary Streams - Brahmani,8.25,385.0,1.05,7.7,0.6100000000000001,LINGIRA,2018-06-30
2018,3926,LINGIRA D/S AT ANGUL,ODISHA,Tributary Streams - Brahmani,8.3,438.5,1.35,7.3,175.09,LINGIRA,2018-06-30
2018,3927,KANIHA U/S,ODISHA,Tributary Streams - Brahmani,8.100000000000001,241.5,0.95,8.3,0.56,KANIHA,2018-06-30
2018,3928,KANIHA D/S,ODISHA,Tributary Streams - Brahmani,7.550000000000001,318.5,1.55,7.0,0.605,KANIHA,2018-06-30
2018,3929,SINGDA JHOR,ODISHA,Tributary Streams - Brahmani,8.0,337.0,1.4,7.9,1.005,Brahmani,2018-06-30
2018,2182,"GODAVARI RIVER AT SAIKHEDA VILLAGE, VILLAGE- SAIKHEDA, TALUKA- NIPHAD, DISTRICT- NASHIK.",MAHARASHTRA,Godavari,7.75,506.0,4.5,6.1,3.67,RIVER,2018-06-30
2018,2160,"GODAVARI RIVER AT U/S OF AURANGABAD RESERVOIR,KAIGAON TOKKA NEAR KAIGAON BRIDGE,VILLAGE- KAIGAON,TALUKA- GANGAPUR,DISTRICT- AURANGABAD.",MAHARASHTRA,Godavari,7.7,1143.5,5.25,5.7,0.45,AT,2018-06-30
2018,2158,"GODAVARI RIVER AT U/S OF PAITHAN AT PAITHAN INTAKE PUMP HOUSE, VILLAGE- JAYAKWADI, TALUKA- PAITHAN, DISTRICT- AURANGABAD.",MAHARASHTRA,Godavari,7.9,704.0,5.1,5.25,0.33499999999999996,AT,2018-06-30
2018,2159,"GODAVARI RIVER AT D/S OF PAITHAN AT PATHEGAON BRIDGE, VILLAGE- PATHEGAON, TALUKA- PAITHAN, DISTRICT- AURANGABAD.",MAHARASHTRA,Godavari,7.9,707.0,4.4,6.25,0.39999999999999997,AT,2018-06-30
2018,1210,"GODAVARI RIVER NEAR INTAKE WATER PUMP HOUSE, VILLAGE- VISHNUPURI, TALUKA- NANDED, DISTRICT- NANDED.",MAHARASHTRA,Godavari,7.75,603.0,3.8,6.35,0.39999999999999997,RIVER,2018-06-30
2018,1209,"GODAVARI RIVER AT RAHER, VILLAGE-RAHER, TALUKA- NAYAGAON, DISTRICT- NANDED.",MAHARASHTRA,Godavari,7.800000000000001,597.5,4.5,6.1,0.265,RIVER,2018-06-30
2018,1211,"GODAVARI RIVER AT D/S OF NASHIK NEAR AMARDHAM, VILLAGE- GADGEBABAMAHARAJ NAGAR, TALUKA - NASHIK, DISTRICT- NASHIK.",MAHARASHTRA,Godavari,7.8,518.0,9.0,5.95,2.15,AT,2018-06-30
2018,2157,"GODAVARI RIVER AT LATUR WATER INTAKE NEAR PUMP HOUSE. VILLAGE- DHAMEGAON, TALUKA- KALUMB, DISTRICT- OSMANABAD.",MAHARASHTRA,Godavari,7.85,656.5,4.0,6.4,0.39999999999999997,AT LATUR WATER INTAKE,2018-06-30
2018,2161,"GODAVARI RIVER AT JALNA INTAKE WATER PUMP HOUSE, VILLAGE- SHAHABAD, TALUKA- AMBAD, DISTRICT- JALNA.",MAHARASHTRA,Godavari,7.85,860.0,3.9,6.4,0.45,RIVER,2018-06-30
2018,2180,"GODAVARI RIVER AT TAPOVAN,VILLAGE- TAPOVAN, TALUKA- NASHIK, DISTRICT- NASHIK.",MAHARASHTRA,Godavari,7.85,494.5,12.4,4.85,2.86,RIVER,2018-06-30
2018,2181,"GODAVARI RIVER AT KAPILA- GODAVARI CONFLUENCE POINT, VILLAGE- TAPOVAN, TALUKA- NASHIK, DISTRICT- NASHIK.",MAHARASHTRA,Godavari,7.8,565.5,18.2,4.25,2.855,RIVER,2018-06-30
2018,2183,"GODAVARI RIVER AT NANDUR-MADHMESHWAR DAM, VILLAGE- NANDUR, TALUKA- NIPHAD, DISTRICT- NASHIK.",MAHARASHTRA,Godavari,7.85,509.0,5.1,6.4,3.52,RIVER,2018-06-30
2018,2360,"GODAVARI AT BASARA, ADILABAD, A.P",TELANGANA,Godavari,7.699999999999999,256690.0,2.6,6.9,13.290000000000001,GODAVARI,2018-06-30
2018,2361,"GODAVARI AT MANCHERIAL, NEAR RLY BDG B/C OF RALLAV",TELANGANA,Godavari,8.05,511.5,3.5,5.3,1.25,GODAVARI,2018-06-30
2018,2362,"GODAVARI AT RAMAGUNDAM D/S, NEAR FCI INTAKE WELL,",TELANGANA,Godavari,8.1,599.5,3.0,5.1,2.1,GODAVARI,2018-06-30
2018,2356,"GODAVARI, D/S OF RAMANUGUNDAM, A.P",TELANGANA,Godavari,8.0,843.0,3.0,5.5,2.8,Godavari,2018-06-30
2018,2363,"GODAVARI AT GODAVARIKHANI, NEAR BATHING GHAT, KARI",TELANGANA,Godavari,7.75,693.0,4.5,4.4,2.8,GODAVARI,2018-06-30
2018,2364,"GODAVARI AT RAMAGUNDAM U/S , KARIMNAGAR, A.P",TELANGANA,Godavari,8.2,547.0,4.0,5.949999999999999,2.15,GODAVARI,2018-06-30
2018,2365,GODAVARI AT KAMALPUR U/S M/S AP RAYONS LTD. INTAKE,TELANGANA,Godavari,8.0,282.0,2.5,6.65,0.55,GODAVARI,2018-06-30
2018,2366,GODAVARI AT KAMALPUR D/S AT M/S. AP RAYONS LTD. DI,TELANGANA,Godavari,7.95,348.5,3.5,5.95,0.65,GODAVARI,2018-06-30
2018,2367,"GODAVARI AT BHADRACHALAM U/S BATHING GHAT, KHAMMAM",TELANGANA,Godavari,7.75,280.5,2.5,6.05,0.75,GODAVARI,2018-06-30
2018,2368,"GODAVARI AT BHADRACHALAM D/S BATHING GHAT, KHAMMAM",TELANGANA,Godavari,7.8500000000000005,357.5,2.5,5.3,0.9,GODAVARI,2018-06-30
2018,2369,"GODAVARI AT BURGAMPAHAD, KHAMMAM, A.P",TELANGANA,Godavari,7.8500000000000005,399.0,18.5,5.15,0.6,GODAVARI,2018-06-30
2018,2370,"GODAVARI AT RAJAMUNDRY U/S OF NALLA CHANNEL, A.P",ANDHRA PRADESH,Godavari,7.5,311.0,1.8,5.75,3.6399999999999997,GODAVARI,2018-06-30
2018,1218,"GODAVARI AT RAJAHMUNDRY U/S, A.P.",ANDHRA PRADESH,Godavari,7.5,256.0,1.4,6.5,3.335,GODAVARI,2018-06-30
2018,2371,"GODAVARI AT RAJAMUNDRY D/S OF NALLA CHANNEL, A.P",ANDHRA PRADESH,Godavari,7.45,328.5,1.95,5.6,3.5949999999999998,GODAVARI,2018-06-30
2018,1219,"GODAVARI AT RAJAHMUNDRY D/S, A.P.",ANDHRA PRADESH,Godavari,7.449999999999999,258.5,1.5,6.5,4.055,GODAVARI,2018-06-30
2018,1096,"GODAVARI RIVER AT RAMKUND, VILLAGE- PANCHAVATI, TALUKA- NASHIK, DISTRICT- NASHIK.",MAHARASHTRA,Godavari,7.8,537.5,7.3,6.1,2.44,RIVER,2018-06-30
2018,1855,"INDRAVATI RIVER B/C GODAVARI AT BHOPALPATNAM, DANT",CHHATTISGARH,Godavari,7.300000000000001,,,7.45,,B/C GODAVARI,2018-06-30
2018,1856,"SHANKNI RIVER A/C DANKANI RIVER DANTEWADA, CHHATIS",CHHATTISGARH,Godavari,7.3,,,7.449999999999999,,Godavari,2018-06-30
2018,2374,"RIVER MANJEERA AT GOWDICHARLA B/C WITH NAKKAVAGU,",TELANGANA,Godavari,7.75,1209.0,4.0,6.449999999999999,23.05,MANJEERA,2018-06-30
2018,2375,"RIVER MANJEERA AT GOWDICHARLA A/C WITH NAKKAVAGU,",TELANGANA,Godavari,7.3,1420.0,18.8,5.0,27.35,MANJEERA,2018-06-30
2018,1781,"MANJEERA RIVER - NEAR GANAPATHI SUGARS , MEDAK DIS",TELANGANA,Godavari,8.05,716.0,2.5,6.800000000000001,12.8,-,2018-06-30
2018,1157,"MANJERA AT RAIPALLU, A.P.",TELANGANA,Godavari,7.9,364.5,3.0,6.8,11.25,MANJERA,2018-06-30
2018,1215,"MANER AT WARANGAL U/S, A.P.",TELANGANA,Godavari,7.7,310.0,4.0,5.65,1.2,MANER,2018-06-30
2018,1158,"MANER AT SOMNAPALLI, A.P.",TELANGANA,Godavari,7.2,480.0,16.5,4.05,2.15,MANER,2018-06-30
2018,2719,"WARDHA RIVER AT D/S OF ERAI RIVER AT HADASTI NEAR ARUN ENGG. WORKS, VILLAGE- HADASTI, TALUKA- CHANDRAPUR, DISTRICT- CHANDRAPUR.",MAHARASHTRA,Godavari,7.6,1170.0,7.15,5.85,1.1500000000000001,AT,2018-06-30
2018,2720,"WARDHA RIVER AT U/S OF ERAI RIVER AT HADASTI NEAR ARUN ENGG. WORKS, VILLAGE- HADASTI, TALUKA- CHANDRAPUR, DISTRICT- CHANDRAPUR.",MAHARASHTRA,Godavari,7.7,1266.0,5.800000000000001,6.35,1.1500000000000001,AT,2018-06-30
2018,2721,"WARDHA RIVER AT U/S OF ACC LTD. GHUGGUS NEAR WCL PUMP HOUSE, VILLAGE- GHUGGUS, TALUKA- CHANDRAPUR, DISTRICT- CHANDRAPUR.",MAHARASHTRA,Godavari,7.55,971.0,5.55,6.2,4.05,AT,2018-06-30
2018,2174,"WARDHA RIVER AT D/S OF ACC LTD. GHUGGUS NEAR WCL PUMP HOUSE, VILLAGE- GHUGGUS, TALUKA- CHANDRAPUR, DISTRICT- CHANDRAPUR.",MAHARASHTRA,Godavari,7.55,1022.0,7.55,5.95,1.6,AT,2018-06-30
2018,2156,"WARDHA RIVER AT CONFLUENCE POINT OF PENGANGA & WARDHA. VILLAGE- JUGAD, TALUKA- WANI, DISTRICT- YAVATMAL.",MAHARASHTRA,Godavari,7.7,973.5,7.45,5.35,2.65,RIVER,2018-06-30
2018,1213,"WAINGANGA AT BALAGHAT, M.P.",MADHYA PRADESH,Godavari,7.9,430.0,1.4,7.949999999999999,8.1,WAINGANGA,2018-06-30
2018,1214,"WAINGANGA AT CHINDWARA, M.P.",MADHYA PRADESH,Godavari,7.800000000000001,820.0,12.4,7.1,2.45,WAINGANGA,2018-06-30
2018,1910,"WAINGANGA RIVER AFTER CONFLUENCE WITH KANHAN RIVER, VILLAGE- AMBHORA,TALUKA- KUHI, DISTRICT- NAGPUR.",MAHARASHTRA,Godavari,7.6000000000000005,957.5,10.5,5.05,5.6,Godavari,2018-06-30
2018,3330,"WAINGANGA AT CHHAPARA, NEAR W/S INTAKE POINT, JABA",MADHYA PRADESH,Godavari,7.949999999999999,337.0,1.4500000000000002,8.8,1.65,WAINGANGA,2018-06-30
2018,3331,"WAINGANGA AT CHHAPARA, NEAR ROAD BRIDGE AFTER MIXI",MADHYA PRADESH,Godavari,7.85,412.5,3.0,7.85,2.5,WAINGANGA,2018-06-30
2018,2172,"WAINGANGA RIVER AT D/S OF ELLORA PAPER MILLS, VILLAGE- TUMSAR, TALUKA- TUMSAR, DISTRICT- BHANDARA.",MAHARASHTRA,Godavari,7.65,745.5,21.0,5.35,4.65,AT,2018-06-30
2018,2173,"WAINGANGA RIVER AT U/S OF ELLORA PAPER MILLS, VILLAGE- TUMSAR, TALUKA- TUMSAR, DISTRICT- BHANDARA.",MAHARASHTRA,Godavari,7.65,590.0,15.6,4.8,4.05,AT,2018-06-30
2018,2175,"WAINGANGA RIVER AT U/S OF GAURAV PAPER MILLS, NEAR JACKWELL, VILLAGE- BRAMHPURI, TALUKA- CHANDRAPUR, DISTRICT- CHANDRAPUR.",MAHARASHTRA,Godavari,7.55,1041.5,6.9,5.4,3.9,AT,2018-06-30
2018,2176,"WAINGANGA RIVER AT D/S OF GAURAV PAPER MILLS, NEAR JACKWELL, VILLAGE- BRAMHPURI,",MAHARASHTRA,Godavari,7.55,1263.5,6.75,5.6,3.8,AT,2018-06-30
2018,3312,KANHAN AT CHINDWARA BEFORE MIXING BOREGAON GROWTH,MADHYA PRADESH,Godavari,7.7,835.5,3.0,7.25,2.55,KANHAN,2018-06-30
2018,2170,"KANHAN RIVER AT U/S OF M/S VIDARBHA PAPER MILLS, VILLAGE- SINORA, TALUKA- PARSEONI, DISTRICT- NAGPUR.",MAHARASHTRA,Godavari,8.15,630.0,6.5,6.25,1.65,AT,2018-06-30
2018,2171,"KANHAN RIVER AT D/S OF M/S VIDARBHA PAPER MILLS, VILLAGE- SINORA, TALUKA- PARSEONI, DISTRICT- NAGPUR.",MAHARASHTRA,Godavari,8.35,794.0,8.6,5.0,1.6,AT,2018-06-30
2018,1909,"KANHAN RIVER AT D/S OF NAGPUR, VILLAGE- AGARGAON, TALUKA- KUHI, DISTRICT- NAGPUR.",MAHARASHTRA,Godavari,7.550000000000001,863.0,11.9,4.9,4.3999999999999995,AT,2018-06-30
2018,2372,"KINNERASANI A/C OF KTPS ASH POND EFFLUENTS, KHAMMAM",TELANGANA,Godavari,7.75,559.0,3.0,4.95,0.7,Godavari,2018-06-30
2018,2373,"SABARI AT KUNAVARAM, KHAMMAM, A.P",TELANGANA,Godavari,7.5,109.5,1.0,6.45,0.6,SABARI,2018-06-30
2018,2657,"BINDUSARA RIVER AT BEED, NEAR INTAKE WATER PUMP HOUSE AT DAM, VILLAGE- PALIGAON, TALUKA- BEED, DISTRICT- BEED.",MAHARASHTRA,Godavari,7.949999999999999,668.0,4.5,5.949999999999999,0.39999999999999997,RIVER,2018-06-30
2018,2697,"PENGANGA RIVER NEAR WATER SUPPLY SCHEME OF UMARKHED M.C., VILLAGE- BELKHED,TALUKA- UMARKHED, DISTRICT- YAVATMAL.",MAHARASHTRA,Godavari,7.4,950.0,5.65,5.5,5.35,RIVER,2018-06-30
2018,2698,"PENGANGA RIVER D/S OF ISAPUR DAM, VILLAGE- ISAPUR,TALUKA- PUSAD,DISTRICT- YAVATMAL.",MAHARASHTRA,Godavari,7.5,3491.5,6.65,5.85,5.35,RIVER,2018-06-30
2018,2699,PENGANGA RIVER AT MEHKAR -BULDANA BRIDGE-AKOLA,MAHARASHTRA,Godavari,7.9,892.0,6.9,5.15,3.15,RIVER,2018-06-30
2018,2722,"WENA RIVER AT U/S OF MOHATA MILLS, NEAR RAILWAY BRIDGE ON WARDHA – CHANDRAPUR",MAHARASHTRA,Godavari,7.85,939.0,5.0,6.0,4.199999999999999,AT,2018-06-30
2018,2723,"WENA RIVER AT D/S OF MOHATA MILLS, NEAR BRIDGE ON HINGANGHAT- WADNER ROAD, VILLAGE- HINGANGHAT, TALUKA- HINGANGHAT, DISTRICT- WARDHA.",MAHARASHTRA,Godavari,7.800000000000001,975.0,6.0,5.65,4.1000000000000005,AT,2018-06-30
2018,1908,"KOLAR RIVER BEFORE CONFLUENCE WITH KANHAN RIVER AT WAREGAON BRIDGE, VILLAGE- WAREGAON, TALUKA-KAMPTEE, DISTRICT-NAGPUR.",MAHARASHTRA,Godavari,7.85,1190.5,32.1,5.0,6.75,BEFORE CONFLUENCE WITH KANHAN RIVER,2018-06-30
2018,1913,PURNA RIVER AT DHUPESHWAR AT D/S OF MANKAPUR DIST-BULDANA,MAHARASHTRA,Godavari,7.449999999999999,1458.0,7.199999999999999,5.5,4.55,AT DHUPESHWAR,2018-06-30
2018,2660,"DARNA RIVER AT CHEHEDI WATER WORKS (PUMPING STATION), VILLAGE- CHEHEDI, TALUKA- NASHIK, DISTRICT- NASHIK.",MAHARASHTRA,Godavari,7.85,450.0,5.9,6.0,2.4499999999999997,RIVER,2018-06-30
2018,2661,"DARNA RIVER AT ASWALI ( DARNA DAM),VILLAGE- ASWALI,TALUKA- IGATPURI,DISTRICT- NASHIK.",MAHARASHTRA,Godavari,7.8500000000000005,319.5,4.1,6.550000000000001,1.45,RIVER,2018-06-30
2018,2662,"DARNA RIVER AT MES SITE PUMPING STATION, VILLAGE- BHAGUR, TALUKA- NASHIK, DISTRICT- NASHIK.",MAHARASHTRA,Godavari,7.75,359.0,4.199999999999999,6.5,1.4,RIVER,2018-06-30
2018,2663,"DARNA RIVER AT BHAGUR PUMPING STATION NEAR PANDHURLI BRIDGE, VILLAGE- BHAGUR,TALUKA- NASHIK,DISTRICT- NASHIK.",MAHARASHTRA,Godavari,7.800000000000001,342.5,5.3,6.4,1.25,AT BHAGUR PUMPING STATION,2018-06-30
2018,2664,"DARNA RIVER AT SANSARI, VILLAGE- SANSARI,TALUKA- NASHIK,DISTRICT- NASHIK.",MAHARASHTRA,Godavari,7.55,348.5,5.8,6.300000000000001,1.2999999999999998,RIVER,2018-06-30
2018,1153,"KRISHNA RIVER AT RAJAPUR WEIR, VILLAGE- RAJAPUR, TALUKA- SHIROL, DISTRICT- KOLHAPUR.",MAHARASHTRA,Krishna,7.35,478.0,2.5,6.15,1.0999999999999999,RIVER,2018-06-30
2018,1906,"KRISHNA RIVER AT WALWA, D/S OF ISLAMPUR NEAR VITHAL TEMPLE, VILLAGE- WALWA, TALUKA- WALWA, DISTRICT- SANGLI.",MAHARASHTRA,Krishna,7.4,30201.5,7.5,5.75,1.0,RIVER,2018-06-30
2018,1310,"KRISHNA RIVER AT KURUNDWAD NEAR SANTAJI GHORPADE GHAT , VILLAGE-NARSHINGWADI, KURUNDWAD, TALUKA- SHIROL, DISTRICT- KOLHAPUR.",MAHARASHTRA,Krishna,7.300000000000001,443.5,2.5,6.4,1.0,AT KURUNDWAD,2018-06-30
2018,2190,"KRISHNA RIVER AT WAI, VILLAGE- WAI,TALUKA- WAI,DISTRICT- SATARA.",MAHARASHTRA,Krishna,8.05,365.0,5.25,5.0,1.55,RIVER,2018-06-30
2018,2187,"KRISHNA RIVER AT KSHETRA MAHULI, VILLAGE- KSHETRA-MAHULI,TALUKA- MAHULI, DISTRICT- SATARA.",MAHARASHTRA,Krishna,8.1,444.5,4.6,5.25,2.3000000000000003,RIVER,2018-06-30
2018,2188,"KRISHNA RIVER AT KRISHNA- VENNA SANGAM MAHULI , VILLAGE- MAHULI,TALUKA- MAHULI, DISTRICT- SATARA.",MAHARASHTRA,Krishna,8.05,439.5,5.15,5.449999999999999,2.3000000000000003,RIVER,2018-06-30
2018,1181,"KRISHNA AT D/S OF NARAYANPURA DAM, KARNATAKA",KARNATAKA,Krishna,8.05,545.0,4.5,8.35,5.7,KRISHNA,2018-06-30
2018,1182,"KRISHNA AT U/S OF UGARKHURD BARRAGE, KARNATAKA",KARNATAKA,Krishna,7.6,760.0,1.2000000000000002,6.949999999999999,8.549999999999999,KRISHNA,2018-06-30
2018,1889,KRISHNA - ANKALI BRIDGE ALONG CHIKKODI KAGWAD ROAD,KARNATAKA,Krishna,7.65,705.0,1.3,7.15,8.799999999999999,Krishna,2018-06-30
2018,1181,"KRISHNA AT D/S OF NARAYANPURA DAM, KARNATAKA",KARNATAKA,Krishna,8.05,545.0,4.5,8.35,5.7,KRISHNA,2018-06-30
2018,1170,"KRISHNA AT D/S OF DEVASAGAR BDG., KARNATAKA",KARNATAKA,Krishna,8.15,1133.5,2.8,7.699999999999999,0.05,KRISHNA,2018-06-30
2018,1028,"KRISHNA AT TINTINI BRIDGE, KARNATAKA",KARNATAKA,Krishna,8.15,845.0,2.5,7.3,0.1,KRISHNA,2018-06-30
2018,2781,"KRISHNA AT D/S OF ALAMATTI DAM, KARNATAKA",KARNATAKA,Krishna,7.9,545.0,4.0,8.25,5.75,KRISHNA,2018-06-30
2018,1784,"THANGADI , MAHABOOBNAGAR DIST., A.P",TELANGANA,Krishna,7.75,995.0,25.0,5.2,8.15,Krishna,2018-06-30
2018,1175,"KRISHNA AFTER CONFL. WITH TUNGABHADRA, SANGAMESHWA",ANDHRA PRADESH,Krishna,7.55,934.5,1.8,6.6,1.6,Krishna,2018-06-30
2018,1465,"KRISHNA AT WADAPALLY AFTER CONFL. WITH R. MUSI, A.",TELANGANA,Krishna,8.2,1290.0,16.5,6.9,18.75,KRISHNA,2018-06-30
2018,1786,"VEDADRI , GUNTUR DIST., A.P",ANDHRA PRADESH,Krishna,7.9,824.0,1.5,6.95,0.95,Krishna,2018-06-30
2018,1787,"AMARAVATI , GUNTUR DIST., A.P",ANDHRA PRADESH,Krishna,8.0,601.0,1.9000000000000001,6.9,2.5,Krishna,2018-06-30
2018,3083,"KRISHNA D/S OF SRISHAILAM, KURNOOL, A.P.",ANDHRA PRADESH,Krishna,7.75,466.0,1.4,6.699999999999999,3.5500000000000003,KRISHNA,2018-06-30
2018,1782,"HAMSALA DEEVI , GUNTUR DIST, A.P",ANDHRA PRADESH,Krishna,7.65,32010.0,4.4,6.550000000000001,1.7,Krishna,2018-06-30
2018,1904,"PANCHAGANGA RIVER AT U/S OF KOLHAPUR TOWN NEAR BALINGA PUMPING STATION, VILLAGE-BALINGA, TALUKA- KARVIR, DISTRICT- KOLHAPUR.",MAHARASHTRA,Tributary Streams - At U/S Of Kolhapur Town Near Balinga Pumping Station,7.25,457.5,10.5,5.0,1.2650000000000001,AT,2018-06-30
2018,1905,"PANCHAGANGA RIVER AT D/S OF KOLHAPUR TOWN AT GANDHI NAGAR NEAR NH-4 BRIDGE AND MIDC, VILLAGE- UCHEGAON, TALUKA- KOLHAPUR, DISTRICT- KOLHAPUR.",MAHARASHTRA,Tributary Streams - At U/S Of Kolhapur Town Near Balinga Pumping Station,7.05,617.5,11.0,5.1,1.08,AT,2018-06-30
2018,1189,"BHIMA RIVER AT PUNE (MUTHA RIVER) AT U/S OF VITHALWADI NEAR SHANKAR MANDIR, VILLAGE- VITHALWADI, TALUKA- HAWELI, DISTRICT- PUNE.",MAHARASHTRA,Tributary Streams - At U/S Of Kolhapur Town Near Balinga Pumping Station,7.65,401.0,16.5,3.15,4.215,RIVER,2018-06-30
2018,2655,"BHIMA RIVER AT KOREGAON NEAR KOREGAON BRIDGE, VILLAGE- KOREGAON,TALUKA- SHIRUR, DISTRICT- PUNE.",MAHARASHTRA,Tributary Streams - At U/S Of Kolhapur Town Near Balinga Pumping Station,7.85,644.5,8.5,3.9499999999999997,1.665,AT KOREGAON,2018-06-30
2018,2656,"BHIMA RIVER- BACKWATER OF UJANI DAM, NEAR RAW WATER PUMP HOUSE, VILLAGE- KUMBARGAON, TALUKA- INDAPUR, DISTRICT- PUNE.",MAHARASHTRA,Tributary Streams - At U/S Of Kolhapur Town Near Balinga Pumping Station,7.9,547.0,4.0,5.15,1.05,At U/S Of Kolhapur Town Near Balinga Pumping Station,2018-06-30
2018,1190,"BHIMA RIVER AT D/S OF BUNDGARDEN, VILLAGE - YERWADA,TALUKA- HAWELI, DISTRICT- PUNE.",MAHARASHTRA,Tributary Streams - At U/S Of Kolhapur Town Near Balinga Pumping Station,7.75,509.5,12.5,2.3,4.01,AT,2018-06-30
2018,1191,"BHIMA RIVER AFTER CONFLUENCE WITH MULA-MUTHA AT PARGAON NEAR VASANT BANDARA,VILLAGE- PARGAON,TALUKA- DAUND, DISTRICT- PUNE.",MAHARASHTRA,Tributary Streams - At U/S Of Kolhapur Town Near Balinga Pumping Station,7.85,664.0,5.5,5.35,3.8099999999999996,AFTER CONFLUENCE WITH MULA-MUTHA,2018-06-30
2018,1192,"BHIMA RIVER AT DAUND NEAR MAHADEV TEMPLE,VILLAGE-",MAHARASHTRA,Tributary Streams - At U/S Of Kolhapur Town Near Balinga Pumping Station,7.9,657.0,5.0,5.2,3.89,AT DAUND,2018-06-30
2018,1188,"BHIMA RIVER AT NARSINGPUR NEAR SANGAM BRIDGE AFTER CONFLUENCE WITH NIRA, VILLAGE- NARSINGPUR, TALUKA-MALSHIROS, DISTRICT- SOLAPUR.",MAHARASHTRA,Tributary Streams - At U/S Of Kolhapur Town Near Balinga Pumping Station,8.1,740.0,6.0,4.65,0.75,AT NARSINGPUR,2018-06-30
2018,1183,"BHIMA AT D/S OF ROAD BRIDGE AT GANGAPUR VILLAGE, KARNATAKA",KARNATAKA,Tributary Streams - At U/S Of Kolhapur Town Near Balinga Pumping Station,8.2,814.0,3.0,7.35,0.33999999999999997,BHIMA,2018-06-30
2018,1184,"BHIMA AT FEROZABAD VILLAGE (D/S), KARNATAKA",KARNATAKA,Tributary Streams - At U/S Of Kolhapur Town Near Balinga Pumping Station,8.4,805.5,3.0,6.9,,BHIMA,2018-06-30
2018,1167,"BHIMA AT D/S OF BDG. NEAR YADGIR, KARNATAKA",KARNATAKA,Tributary Streams - At U/S Of Kolhapur Town Near Balinga Pumping Station,8.15,763.0,3.0,7.4,0.51,BHIMA,2018-06-30
2018,1888,BHIMA RIVER AT CONFLUENCE OF JEWARGI TOWN SEWAGE DISPOSAL POINT,KARNATAKA,Tributary Streams - At U/S Of Kolhapur Town Near Balinga Pumping Station,8.4,791.0,2.5,6.9,0.315,RIVER,2018-06-30
2018,1177,"MUNERU BEFORE CONFL. WITH KRISHNA, NANDIGAMA, A.P.",ANDHRA PRADESH,Tributary Streams - At U/S Of Kolhapur Town Near Balinga Pumping Station,7.85,692.5,2.5,6.75,0.75,At U/S Of Kolhapur Town Near Balinga Pumping Station,2018-06-30
2018,1178,"PALLERU BEFORE CONFL. WITH KRISHNA, JAGGAYYAPET, A",ANDHRA PRADESH,Tributary Streams - At U/S Of Kolhapur Town Near Balinga Pumping Station,7.85,1009.5,1.5,6.95,1.73,At U/S Of Kolhapur Town Near Balinga Pumping Station,2018-06-30
2018,1163,"GHATPRABHA AT W.A. POINT TO GOKAK TOWN, KARNATAKA",KARNATAKA,Tributary Streams - At U/S Of Kolhapur Town Near Balinga Pumping Station,7.35,509.5,0.85,6.4,9.54,GHATPRABHA,2018-06-30
2018,1187,"MALPRABHA AT D/S OF KHANAPUR VILLAGE, KARNATAKA",KARNATAKA,Tributary Streams - At U/S Of Kolhapur Town Near Balinga Pumping Station,7.35,300.0,2.25,6.95,2.25,MALPRABHA,2018-06-30
2018,1164,"MALPRABHA AT WATER ABSTR. PT. TO HUBLI, DHARWAR, K",KARNATAKA,Tributary Streams - At U/S Of Kolhapur Town Near Balinga Pumping Station,7.6499999999999995,490.0,3.0,7.5,3.025,MALPRABHA,2018-06-30
2018,1186,"MALPRABHA AT D/S OF AIHOLE TOWN, KARNATAKA",KARNATAKA,Tributary Streams - At U/S Of Kolhapur Town Near Balinga Pumping Station,7.6,925.0,2.45,7.3999999999999995,7.4799999999999995,MALPRABHA,2018-06-30
2018,2764,"MALPRABHA AT BADAMI BRIDGE, KARNATAKA",KARNATAKA,Tributary Streams - At U/S Of Kolhapur Town Near Balinga Pumping Station,7.55,933.0,1.95,7.0,4.2,MALPRABHA,2018-06-30
2018,1029,"TUNGHABHADRA AT HARALAHALLI BRIDGE, KARNATAKA",KARNATAKA,Tributary Streams - At U/S Of Kolhapur Town Near Balinga Pumping Station,7.9,266.0,2.65,7.199999999999999,0.325,TUNGHABHADRA,2018-06-30
2018,2767,"TUNGABHADRA AT U/S OF HPF, KARNATAKA",KARNATAKA,Tributary Streams - At U/S Of Kolhapur Town Near Balinga Pumping Station,7.75,307.0,2.75,7.300000000000001,0.535,TUNGABHADRA,2018-06-30
2018,2768,"TUNGABHADRA AT D/S OF HPF, KARNATAKA",KARNATAKA,Tributary Streams - At U/S Of Kolhapur Town Near Balinga Pumping Station,7.6,1422.0,9.5,5.8,0.55,TUNGABHADRA,2018-06-30
2018,2769,"TUNGABHADRA AT JACKWELL POINT, KARNATAKA",KARNATAKA,Tributary Streams - At U/S Of Kolhapur Town Near Balinga Pumping Station,7.85,685.0,3.25,5.8,0.41500000000000004,TUNGABHADRA,2018-06-30
2018,2770,"TUNGABHADRA AT HARIHAR WATER SUPPLY INTAKE, KARNAT",KARNATAKA,Tributary Streams - At U/S Of Kolhapur Town Near Balinga Pumping Station,7.699999999999999,330.0,3.9,6.25,0.7,TUNGABHADRA,2018-06-30
2018,2776,"TUNGABHADRA AT D/S OF GANGAWATHI, KARNATAKA",KARNATAKA,Tributary Streams - At U/S Of Kolhapur Town Near Balinga Pumping Station,7.75,395.0,2.5,7.3,0.23,TUNGABHADRA,2018-06-30
2018,2766,"TUNGABHADRA AT NEW BRIDGE, KARNATAKA",KARNATAKA,Tributary Streams - At U/S Of Kolhapur Town Near Balinga Pumping Station,7.800000000000001,276.0,2.7,7.25,0.4,TUNGABHADRA,2018-06-30
2018,1174,"TUNGHABHADRA AT KURNOOL U/S, BAVAPURAM, A.P.",ANDHRA PRADESH,Tributary Streams - At U/S Of Kolhapur Town Near Balinga Pumping Station,7.199999999999999,1125.0,2.3,6.2,2.15,TUNGHABHADRA,2018-06-30
2018,1785,"MANTHRALAYAM , KURNOOL DIST., A.P",ANDHRA PRADESH,Tributary Streams - At U/S Of Kolhapur Town Near Balinga Pumping Station,7.85,1082.5,2.15,6.45,1.95,At U/S Of Kolhapur Town Near Balinga Pumping Station,2018-06-30
2018,1168,"TUNGHA AT D/S OF SHIMOGA TOWN, KARNATAKA",KARNATAKA,Tributary Streams - At U/S Of Kolhapur Town Near Balinga Pumping Station,7.5,320.0,4.0,7.1,0.7050000000000001,TUNGHA,2018-06-30
2018,2771,"BHADRA AT U/S OF KIOCL, KARNATAKA",KARNATAKA,Tributary Streams - At U/S Of Kolhapur Town Near Balinga Pumping Station,7.199999999999999,89.5,1.35,6.1,0.1,BHADRA,2018-06-30
2018,1896,CONFLUENCE POINT OF TUNGA AND BHADRA AT KUDLI,KARNATAKA,Tributary Streams - At U/S Of Kolhapur Town Near Balinga Pumping Station,7.6,178.0,2.7,7.5,0.505,BHADRA,2018-06-30
2018,1091,BHADRA AT MALLESWARAM,KARNATAKA,Tributary Streams - At U/S Of Kolhapur Town Near Balinga Pumping Station,7.300000000000001,98.0,1.6,6.0,0.1,BHADRA,2018-06-30
2018,1387,"BHADRA AT D/S OF BHADRAVATHI, KARNATAKA",KARNATAKA,Tributary Streams - At U/S Of Kolhapur Town Near Balinga Pumping Station,7.8,235.0,4.1,7.0,0.635,BHADRA,2018-06-30
2018,1169,"BHADRA AT D/S OF KIOCL ROAD BRIDGE, NEAR HOLEHUNNU",KARNATAKA,Tributary Streams - At U/S Of Kolhapur Town Near Balinga Pumping Station,7.6,203.0,3.3,6.9,0.54,BHADRA,2018-06-30
2018,2765,"BHADRA AT U/S OF MPM, KARNATAKA",KARNATAKA,Tributary Streams - At U/S Of Kolhapur Town Near Balinga Pumping Station,7.55,195.0,2.5,7.4,0.58,BHADRA,2018-06-30
2018,2771,"BHADRA AT U/S OF KIOCL, KARNATAKA",KARNATAKA,Tributary Streams - At U/S Of Kolhapur Town Near Balinga Pumping Station,7.199999999999999,89.5,1.35,6.1,0.1,BHADRA,2018-06-30
2018,1173,"MUSI D/S AT HYDERABAD, A.P.",TELANGANA,Tributary Streams - At U/S Of Kolhapur Town Near Balinga Pumping Station,7.35,1384.0,25.5,0.6,13.799999999999999,MUSI,2018-06-30
2018,2339,"RIVER MUSI AT NAGOLE, RANGAREDDY, A.P",TELANGANA,Tributary Streams - At U/S Of Kolhapur Town Near Balinga Pumping Station,7.4,1586.0,34.0,0.05,9.1,MUSI,2018-06-30
2018,3082,"RIVER MUSI RESERVOIR AT KASANIGUDA, NALGONDA, A.P.",TELANGANA,Tributary Streams - At U/S Of Kolhapur Town Near Balinga Pumping Station,8.3,1629.5,5.5,6.45,17.35,MUSI RESERVOIR,2018-06-30
2018,1178,"PALLERU BEFORE CONFL. WITH KRISHNA, JAGGAYYAPET, A.P.",ANDHRA PRADESH,Tributary Streams - At U/S Of Kolhapur Town Near Balinga Pumping Station,7.85,1009.5,1.7999999999999998,6.95,1.73,At U/S Of Kolhapur Town Near Balinga Pumping Station,2018-06-30
2018,1177,"MUNERU BEFORE CONFL. WITH KRISHNA, NANDIGAMA, A.P.",ANDHRA PRADESH,Tributary Streams - At U/S Of Kolhapur Town Near Balinga Pumping Station,7.85,692.5,2.4,6.75,0.8,At U/S Of Kolhapur Town Near Balinga Pumping Station,2018-06-30
2018,2777,KAGINA AT SHAHABAD,KARNATAKA,Tributary Streams - At U/S Of Kolhapur Town Near Balinga Pumping Station,8.05,577.5,2.75,7.25,0.23,KAGINA,2018-06-30
2018,2349,"RIVER NAKKAVAGU, BACHUGUDEM, MEDAK, A.P",TELANGANA,Tributary Streams - At U/S Of Jubilant Organosis,7.35,1450.5,18.0,3.5,36.15,At U/S Of Jubilant Organosis,2018-06-30
2018,2350,"RIVER HUNDRI, JOHARPUR(V), NEAR TEMPLE, KURNOOL, A",ANDHRA PRADESH,Tributary Streams - At U/S Of Jubilant Organosis,7.2,2371.0,2.0,4.9,19.25,At U/S Of Jubilant Organosis,2018-06-30
2018,2682,"NIRA RIVER AT U/S OF JUBILANT ORGANOSIS, VILLAGE- NIRA (DATTAGHAT),TALUKA- BARAMATI, DISTRICT- PUNE.",MAHARASHTRA,Tributary Streams - At U/S Of Jubilant Organosis,8.0,427.0,5.35,4.3,1.4,AT,2018-06-30
2018,1463,"NIRA RIVER AT SAROLA BRIDGE, VILLAGE- SAROLA, TALUKA-BHOR,",MAHARASHTRA,Tributary Streams - At U/S Of Jubilant Organosis,7.8,30049.5,8.4,4.4,1.2,RIVER,2018-06-30
2018,2681,"NIRA RIVER AT SANGAVI, VILLAGE- SANGAVI, TALUKA- PHALTAN, DISTRICT- SATARA.",MAHARASHTRA,Tributary Streams - At U/S Of Jubilant Organosis,8.25,1595.5,4.9,4.949999999999999,1.75,RIVER,2018-06-30
2018,2683,"NIRA RIVER AT SHINDEWADI, VILLAGE- SHIRVAL, TALUKA- KHANDALA,",MAHARASHTRA,Tributary Streams - At U/S Of Jubilant Organosis,7.9,384.5,5.1,5.25,1.5499999999999998,RIVER,2018-06-30
2018,2186,"VENNA RIVER AT VARYE, VILLAGE - VARYE,TALUKA- SATARA,",MAHARASHTRA,Tributary Streams - At U/S Of Jubilant Organosis,8.15,359.5,4.0,5.9,1.65,RIVER,2018-06-30
2018,2716,"VENNA RIVER AT MAHABALESHWAR, VILLAGE-",MAHARASHTRA,Tributary Streams - At U/S Of Jubilant Organosis,7.9,78.0,5.25,5.449999999999999,1.5999999999999999,RIVER,2018-06-30
2018,2717,"VENNA RIVER AT MAHULI, VILLAGE- MAHULI, TALUKA- MAHULI,",MAHARASHTRA,Tributary Streams - At U/S Of Jubilant Organosis,7.800000000000001,450.0,4.9,5.2,2.4499999999999997,RIVER,2018-06-30
2018,2189,"KOYNA RIVER AT KARAD, VILLAGE- KARAD,TALUKA- KARAD, DISTRICT- SATARA.",MAHARASHTRA,Tributary Streams - At U/S Of Jubilant Organosis,8.0,217.5,5.85,5.3,1.65,RIVER,2018-06-30
2018,2194,"MULA RIVER AT HARRISON BRIDGE NEAR MULA-PAWANA SANGAM, VILLAGE- BOPODI,TALUKA- HAWELI, .",MAHARASHTRA,Tributary Streams - At U/S Of Jubilant Organosis,7.7,584.5,11.5,3.0999999999999996,3.725,AT HARRISON BRIDGE,2018-06-30
2018,2193,"MULA RIVER AT AUNDH BRIDGE, VILLAGE- AUNDHGAON,TALUKA- HAWELI,",MAHARASHTRA,Tributary Streams - At U/S Of Jubilant Organosis,7.75,665.5,10.15,3.65,3.625,RIVER,2018-06-30
2018,2192,"MULA - MUTHA RIVER AT MUNDHAWA BRIDGE,VILLAGE- MUNDHAWA,TALUKA- HAWELI,",MAHARASHTRA,Tributary Streams - At U/S Of Jubilant Organosis,7.85,537.0,12.5,3.1,2.62,RIVER,2018-06-30
2018,2677,"MULA-MUTHA RIVER AT D/S OF THEUR, VILLAGE- THEUR, TALUKA- HAWELI,",MAHARASHTRA,Tributary Streams - At U/S Of Jubilant Organosis,7.9,527.5,5.9,4.5,4.445,AT,2018-06-30
2018,2191,"MUTHA RIVER AT SANGAM BRIDGE NEAR GANAPATHYGHAT, VILLAGE - SHIVAJI NAGAR, TALUKA- PUNE, DISTRICT- PUNE.",MAHARASHTRA,Tributary Streams - At U/S Of Jubilant Organosis,7.7,396.5,16.05,3.35,3.8099999999999996,AT SANGAM BRIDGE,2018-06-30
2018,2678,"MUTHA RIVER NEAR VEER SAVARKAR BHAVAN, VILLAGE- PUNE M.C, TALUKA- PUNE, DISTRICT -PUNE.",MAHARASHTRA,Tributary Streams - At U/S Of Jubilant Organosis,7.7,453.0,14.9,2.9000000000000004,4.550000000000001,RIVER,2018-06-30
2018,2679,"MUTHA RIVER AT DECCAN BRIDGE, VILLAGE- DECCAN,TALUKA- PUNE, DISTRICT- PUNE.",MAHARASHTRA,Tributary Streams - At U/S Of Jubilant Organosis,7.65,452.0,16.75,3.0,4.51,RIVER,2018-06-30
2018,2680,"MUTHA RIVER AT KHADAKVASLA DAM, VILLAGE- KHADAKVASLA,TALUKA- HAWELI, DISTRICT- PUNE.",MAHARASHTRA,Tributary Streams - At U/S Of Jubilant Organosis,7.85,103.0,2.7,6.449999999999999,0.55,RIVER,2018-06-30
2018,2196,"PAWANA RIVER AT SANGAVIGAON, VILLAGE- SANGAVIGAON, TALUKA- HAWELI, DISTRICT- PUNE.",MAHARASHTRA,Tributary Streams - At U/S Of Jubilant Organosis,7.75,459.5,10.25,3.5500000000000003,2.955,RIVER,2018-06-30
2018,2690,"PAWANA RIVER AT KASARWADI, VILLAGE- KASARWADI, TALUKA- HAWELI, DISTRICT- PUNE.",MAHARASHTRA,Tributary Streams - At U/S Of Jubilant Organosis,7.85,442.0,13.9,3.5999999999999996,3.53,RIVER,2018-06-30
2018,2691,"PAWANA RIVER AT DAPODI BRIDGE, AT PAWANA- MULLA SANGAM, VILLAGE- DAPODI, TALUKA- HAWELI, DISTRICT- PUNE.",MAHARASHTRA,Tributary Streams - At U/S Of Jubilant Organosis,7.85,463.0,10.5,2.85,1.9749999999999999,RIVER,2018-06-30
2018,2692,"PAWANA RIVER AT RAVET WEIR, VILLAGE- RAVET, TALUKA- HAWELI, DISTRICT- PUNE.",MAHARASHTRA,Tributary Streams - At U/S Of Jubilant Organosis,7.8500000000000005,237.0,3.3,6.35,2.75,RIVER,2018-06-30
2018,2693,"PAWANA RIVER AT CHINCHWADGAON, VILLAGE- CHINCHWADGAON,TALUKA- HAWELI,DISTRICT- PUNE.",MAHARASHTRA,Tributary Streams - At U/S Of Jubilant Organosis,7.8,370.0,10.15,3.5,1.815,RIVER,2018-06-30
2018,2694,"PAWANA RIVER AT PIMPRIGAON, VILLAGE- PIMPRIGAON, TALUKA- HAWELI, DISTRICT- PUNE.",MAHARASHTRA,Tributary Streams - At U/S Of Jubilant Organosis,7.8,413.0,10.75,3.3499999999999996,1.79,RIVER,2018-06-30
2018,2197,"INDRAYANI RIVER AT D/S OF ALANDIGAON, VILLAGE- ALANDIGAON, TALUKA- HAWELI, DISTRICT- PUNE.",MAHARASHTRA,Tributary Streams - At U/S Of Jubilant Organosis,8.0,466.5,7.75,3.8,3.3000000000000003,AT,2018-06-30
2018,2668,"INDRAYANI RIVER AT D/S OF MOSHI VILLAGE. VILLAGE- MOSHI, TALUKA- HAWELI, DISTRICT- PUNE.",MAHARASHTRA,Tributary Streams - At U/S Of Jubilant Organosis,7.95,485.0,9.9,3.5999999999999996,1.25,AT,2018-06-30
2018,2669,"INDRAYANI RIVER AT U/S OF MOSHIGAON,VILLAGE- MOSHI, TALUKA- HAWELI, .",MAHARASHTRA,Tributary Streams - At U/S Of Jubilant Organosis,7.75,463.0,5.9,4.85,2.0,AT,2018-06-30
2018,1911,"CHANDRABHAGA RIVER AT U/S OF PANDHARPUR TOWN, VILLAGE- GURSALE,TALUKA- PANDHARPUR,",MAHARASHTRA,Tributary Streams - At U/S Of Jubilant Organosis,7.949999999999999,9054.0,6.6,4.8,1.35,AT,2018-06-30
2018,1912,"CHANDRABHAGA RIVER AT D/S OF PANDHARPUR TOWN REAR VISHNUPANT MANDIR, VILLAGE- GOPALPUR,TALUKA- PANDHARPUR,DISTRICT- SOLAPUR.",MAHARASHTRA,Tributary Streams - At U/S Of Jubilant Organosis,8.1,11783.5,8.4,3.55,1.6,AT,2018-06-30
2018,2665,"GHOD RIVER AT SHIRUR, VILLAGE- SHIRUR,TALUKA- SHIRUR,DISTRICT- PUNE.",MAHARASHTRA,Tributary Streams - At U/S Of Jubilant Organosis,8.100000000000001,829.5,5.1,4.75,1.4500000000000002,RIVER,2018-06-30
2018,2705,"SINA RIVER NEAR LABOTI TOLL NAKA, VILLAGE- LABOTI,TALUKA- MOHAL, DISTRICT- SOLAPUR.",MAHARASHTRA,Pennar,8.15,1237.5,6.1,5.15,0.85,RIVER,2018-06-30
2018,2711,"URMODI RIVER AT NAGTHNE, VILLAGE- NAGTHANE,TALUKA- SATARA, DISTRICT- SATARA.",MAHARASHTRA,Pennar,8.05,377.0,4.2,5.25,2.45,RIVER,2018-06-30
2018,2715,"VEL RIVER AT SHIKRAPUR, VILLAGE- SHIKRAPUR,TALUKA- SHIRUR, DISTRICT- PUNE.",MAHARASHTRA,Pennar,8.25,291.5,5.1,5.3,0.9,RIVER,2018-06-30
2018,1256,"PENNAR AFTER CONF. WITH PAPAGNI, PUSPAGINI, A.P.",ANDHRA PRADESH,Pennar,7.45,1527.0,1.5,5.800000000000001,2.8000000000000003,Pennar,2018-06-30
2018,1257,"PENNAR AFTER CONF. WITH CHEYYURU, SOMASILE, A.P.",ANDHRA PRADESH,Pennar,7.6,857.5,2.3,7.15,8.775,Pennar,2018-06-30
2018,2351,"RIVER KUNDU, NANDYAL, NEAR OVER BDG., KURNOOL, A.P",ANDHRA PRADESH,Pennar,7.699999999999999,928.5,2.2,5.949999999999999,3.6999999999999997,Pennar,2018-06-30
2018,1195,"CAUVERY AT KUSHAL NAGAR U/S (NEAR BAICHANAHALLI),",KARNATAKA,Cauvery,7.550000000000001,108.0,1.2,7.05,0.455,CAUVERY,2018-06-30
2018,1386,"CAUVERY AT D/S OF KAREKUARA VILLAGE, KARNATAKA",KARNATAKA,Cauvery,7.95,199.0,1.4,8.3,0.5950000000000001,CAUVERY,2018-06-30
2018,1171,"CAUVERY AT SRI RANGAPATTANNA, D/S OF ROAD BDG., KA",KARNATAKA,Cauvery,7.75,242.0,2.1,6.050000000000001,0.525,CAUVERY,2018-06-30
2018,2773,"CAUVERY AT BANNUR BRIDGE, KARNATAKA",KARNATAKA,Cauvery,7.85,339.0,2.05,5.75,37.1,CAUVERY,2018-06-30
2018,3566,KRS DAM MANDYA,KARNATAKA,Cauvery,7.75,202.0,1.7,6.699999999999999,0.5,Cauvery,2018-06-30
2018,3568,WATER SUPPLY INTAKE POINT TO SRIRANGAPATNA TOWN,KARNATAKA,Cauvery,7.800000000000001,229.0,1.85,6.449999999999999,0.56,Cauvery,2018-06-30
2018,3569,WATER SUPPLY INTAKE POINT TO MANDYA TOWN,KARNATAKA,Cauvery,7.800000000000001,237.0,1.9,6.55,0.635,Cauvery,2018-06-30
2018,3570,D/S OF KR NAGAR BRIDGE,KARNATAKA,Cauvery,7.5,251.0,2.1,5.9,0.51,Cauvery,2018-06-30
2018,3571,U/S OF KR NAGAR,KARNATAKA,Cauvery,7.449999999999999,263.0,2.1,6.1,0.49,Cauvery,2018-06-30
2018,3573,D/S OF KUSHALANAGAR TOWN,KARNATAKA,Cauvery,7.5,129.0,1.5,6.7,0.445,Cauvery,2018-06-30
2018,3574,WATER SUPPLY INTAKE POINT TO MADIKERI TOWN,KARNATAKA,Cauvery,7.55,51.0,1.7,6.800000000000001,0.26,Cauvery,2018-06-30
2018,2774,"CAUVERY AT RANGANATHITTU, KARNATAKA",KARNATAKA,Cauvery,7.65,232.0,1.95,5.85,0.6050000000000001,CAUVERY,2018-06-30
2018,3576,WATER SUPPLY INTAKE POINT TO MYSORE PUMP HOUSE,KARNATAKA,Cauvery,7.8,224.0,1.5,6.699999999999999,0.44,Cauvery,2018-06-30
2018,4099,"CAUVERY RIVER D/S BARACHUKI FALLS, SATHEGALA, KOLL",KARNATAKA,Cauvery,7.699999999999999,250.0,1.05,7.1,0.53,RIVER,2018-06-30
2018,4102,D/S OF CAUVERY AT BHAGAMANDALA BRIDGE,KARNATAKA,Cauvery,7.0,69.0,1.2,7.1,0.27,CAUVERY,2018-06-30
2018,4103,D/S OF CAUVERY AT KANIVE RAMALINGESWARA TEMPLE BRI,KARNATAKA,Cauvery,7.199999999999999,127.0,1.25,7.1,0.5,CAUVERY,2018-06-30
2018,4109,CAUVERY RIVER BEFORE CONFLUENCE AT SANGAM,KARNATAKA,Cauvery,7.3,751.5,2.5,7.7,3.7,BEFORE CONFLUENCE,2018-06-30
2018,3578,D/S OF CAUVERY MADDUR WATER SUPPLY TREATMENT PLANT,KARNATAKA,Cauvery,7.7,495.0,2.0,6.35,0.75,Cauvery,2018-06-30
2018,3579,WATER SUPPLY INTAKE POINT AT KOLLEGALA DASANAPURA,KARNATAKA,Cauvery,7.75,279.0,1.85,6.35,0.5950000000000001,POINT,2018-06-30
2018,3581,WATER SUPPLY INTAKE POINT AT T K HALLI,KARNATAKA,Cauvery,7.75,442.0,1.95,6.4,0.6200000000000001,POINT,2018-06-30
2018,30052,CAUVERY AT AJJIBORE (BANGALORE),RD_BANGALORE,Cauvery,8.3,498.5,0.2,7.199999999999999,0.19,CAUVERY,2018-06-30
2018,1322,"CAUVERY AT 1KM. D/S OF BHAVANI RIVER CONFL., TAMIL",TAMIL NADU,Cauvery,7.45,474.0,2.5500000000000003,5.85,0.91,CAUVERY,2018-06-30
2018,1320,"CAUVERY AT ERODE NEAR CHIRAPALAYAM, TAMILNADU",TAMIL NADU,Cauvery,7.65,469.5,2.75,5.5,1.0799999999999998,CAUVERY,2018-06-30
2018,1323,"CAUVERY AT VELORE NEAR KATTIPALAYAM, TAMILNADU",TAMIL NADU,Cauvery,8.100000000000001,988.5,3.9,6.65,0.78,CAUVERY,2018-06-30
2018,3015,"CAUVERY AT PUGALUR, KARUR, TAMILNADU",TAMIL NADU,Cauvery,7.85,601.5,3.05,7.25,0.72,CAUVERY,2018-06-30
2018,1324,"CAUVERY AT MOHANUR NEAR PATTAIPALAYAM, TAMILNADU",TAMIL NADU,Cauvery,8.0,967.0,9.2,6.75,0.73,CAUVERY,2018-06-30
2018,1451,"CAUVERY AT THIRUMUKKUDAL-CONFL. PT.OF R. AMRAVATI,",TAMIL NADU,Cauvery,7.85,686.0,2.65,6.949999999999999,0.67,CAUVERY,2018-06-30
2018,3016,"CAUVERY AT PETTAIVAITHALAI, TRICHY, TAMILNADU",TAMIL NADU,Cauvery,8.100000000000001,513.0,2.1,6.2,0.6950000000000001,CAUVERY,2018-06-30
2018,1202,"CAUVERY AT TIRUCHIRAPPALLI U/S, TAMILNADU",TAMIL NADU,Cauvery,8.1,439.0,2.0,7.2,0.735,CAUVERY,2018-06-30
2018,1325,"CAUVERY AT TIRUCHIRAPPALLI D/S, TAMILNADU",TAMIL NADU,Cauvery,7.9,855.0,4.05,5.800000000000001,0.595,CAUVERY,2018-06-30
2018,1203,"CAUVERY AT TRICHY, GRAND ANAICUT, TAMILNADU",TAMIL NADU,Cauvery,8.05,650.0,5.15,6.050000000000001,0.735,CAUVERY,2018-06-30
2018,1206,"CAUVERY AT THANJAVUR, TAMILNADU",TAMIL NADU,Cauvery,7.8,465.5,1.65,7.4,0.555,CAUVERY,2018-06-30
2018,3018,"CAUVERY AT MAYILADUTHURAI, NAGAPATTINAM, TAMILNADU",TAMIL NADU,Cauvery,7.6,399.0,2.6,5.0,0.08,CAUVERY,2018-06-30
2018,3017,"CAUVERY AT KUMBAKONAM, THANJAVUR, TAMILNADU",TAMIL NADU,Cauvery,7.6,401.5,2.25,7.15,0.545,CAUVERY,2018-06-30
2018,3012,"CAUVERY AT KOMARAPALAYAM, NAMAKAL, TAMILNADU",TAMIL NADU,Cauvery,7.5,477.5,2.9,6.0,2.005,CAUVERY,2018-06-30
2018,3013,"CAUVERY AT URRACHIKOTTAI, ERODE, TAMILNADU",TAMIL NADU,Cauvery,7.85,341.0,2.9000000000000004,6.65,0.6950000000000001,CAUVERY,2018-06-30
2018,3014,"CAUVERY AT VAIRAPALAYAM, NAMAKAL, TAMILNADU",TAMIL NADU,Cauvery,7.550000000000001,450.0,2.35,7.0,1.7149999999999999,CAUVERY,2018-06-30
2018,3017,"CAUVERY AT KUMBAKONAM, THANJAVUR, TAMILNADU",TAMIL NADU,Cauvery,7.6,401.5,2.25,7.15,0.545,CAUVERY,2018-06-30
2018,1326,CAUVERY AT COLEROON,TAMIL NADU,Cauvery,7.699999999999999,13510.5,1.6,6.35,0.6799999999999999,CAUVERY,2018-06-30
2018,1327,CAUVERY AT PITCHAVARAM,TAMIL NADU,Cauvery,7.8999999999999995,879.5,2.6999999999999997,6.95,1.1700000000000002,CAUVERY,2018-06-30
2018,1320,CAUVERY AT ERODE NEAR CHIRAPALAYAM,TAMIL NADU,"Tributary Streams - Bhavani, Shimsa, Akravati, Lakshmantirtha, Kabbani, Bhavani, Kalinganarayan, Dakshin Pinakini, Vasista, Yagachi, Sarabanga & Thirumanimuthar",7.65,469.5,2.75,5.5,1.0799999999999998,CAUVERY,2018-06-30
2018,3018,"CAUVERY AT MAYILADUTHURAI, NAGAPATTINAM, TAMILNADU",TAMIL NADU,"Tributary Streams - Bhavani, Shimsa, Akravati, Lakshmantirtha, Kabbani, Bhavani, Kalinganarayan, Dakshin Pinakini, Vasista, Yagachi, Sarabanga & Thirumanimuthar",7.6,399.0,2.6,5.0,0.08,CAUVERY,2018-06-30
2018,1200,"SHIMSHA AT D/S OF HIGHWAY BRIDGE, YEDIYAR, KARNATA",KARNATAKA,"Tributary Streams - Bhavani, Shimsa, Akravati, Lakshmantirtha, Kabbani, Bhavani, Kalinganarayan, Dakshin Pinakini, Vasista, Yagachi, Sarabanga & Thirumanimuthar",6.85,257.5,3.5,6.15,2.55,SHIMSHA,2018-06-30
2018,1166,"SHIMSHA AT D/S OF BRIDGE, HALAGUR, KARNATAKA",KARNATAKA,"Tributary Streams - Bhavani, Shimsa, Akravati, Lakshmantirtha, Kabbani, Bhavani, Kalinganarayan, Dakshin Pinakini, Vasista, Yagachi, Sarabanga & Thirumanimuthar",7.75,345.0,2.6,5.7,1.105,SHIMSHA,2018-06-30
2018,3567,D/S SHIMSHA NEAR MADDUAR TOWN,KARNATAKA,"Tributary Streams - Bhavani, Shimsa, Akravati, Lakshmantirtha, Kabbani, Bhavani, Kalinganarayan, Dakshin Pinakini, Vasista, Yagachi, Sarabanga & Thirumanimuthar",7.800000000000001,424.0,3.8,4.8,0.96,SHIMSHA,2018-06-30
2018,3580,WATER SUPPLY INTAKE POINT AT MADDUAR,KARNATAKA,"Tributary Streams - Bhavani, Shimsa, Akravati, Lakshmantirtha, Kabbani, Bhavani, Kalinganarayan, Dakshin Pinakini, Vasista, Yagachi, Sarabanga & Thirumanimuthar",7.8,489.0,2.0,6.0,0.665,POINT,2018-06-30
2018,1165,"ARKAVATHI AT D/S OF KANAKAPURA TOWN, KARNATAKA",KARNATAKA,"Tributary Streams - Bhavani, Shimsa, Akravati, Lakshmantirtha, Kabbani, Bhavani, Kalinganarayan, Dakshin Pinakini, Vasista, Yagachi, Sarabanga & Thirumanimuthar",7.15,1256.0,6.25,5.05,8.75,ARKAVATHI,2018-06-30
2018,2778,"ARKAVATHI AT T.G. HALLI RESERVOIR, , KARNATAKA",KARNATAKA,"Tributary Streams - Bhavani, Shimsa, Akravati, Lakshmantirtha, Kabbani, Bhavani, Kalinganarayan, Dakshin Pinakini, Vasista, Yagachi, Sarabanga & Thirumanimuthar",7.9,1047.0,5.0,5.949999999999999,2.75,ARKAVATHI,2018-06-30
2018,2779,"ARKAVATHI AT HESARAGHATTA RESERVOIR, KARNATAKA",KARNATAKA,"Tributary Streams - Bhavani, Shimsa, Akravati, Lakshmantirtha, Kabbani, Bhavani, Kalinganarayan, Dakshin Pinakini, Vasista, Yagachi, Sarabanga & Thirumanimuthar",7.35,1144.5,5.5,5.15,4.55,ARKAVATHI,2018-06-30
2018,4108,AKRAVATHIR RIVER BEFORE CONFLUENCE AT SANGAM,KARNATAKA,"Tributary Streams - Bhavani, Shimsa, Akravati, Lakshmantirtha, Kabbani, Bhavani, Kalinganarayan, Dakshin Pinakini, Vasista, Yagachi, Sarabanga & Thirumanimuthar",7.5,1203.0,7.5,7.0,43.150000000000006,BEFORE CONFLUENCE,2018-06-30
2018,1207,"KABBANI AT MUTHANKARA, KERALA",KERALA,"Tributary Streams - Bhavani, Shimsa, Akravati, Lakshmantirtha, Kabbani, Bhavani, Kalinganarayan, Dakshin Pinakini, Vasista, Yagachi, Sarabanga & Thirumanimuthar",6.85,94.0,0.95,6.6,0.14,KABBANI,2018-06-30
2018,1197,"KABBANI AT SARAGUR VILLAGE D/S, KARNATAKA",KARNATAKA,"Tributary Streams - Bhavani, Shimsa, Akravati, Lakshmantirtha, Kabbani, Bhavani, Kalinganarayan, Dakshin Pinakini, Vasista, Yagachi, Sarabanga & Thirumanimuthar",7.05,174.0,2.2,5.85,0.5850000000000001,KABBANI,2018-06-30
2018,1445,"KABBANI AT WATER INTAKE OF KIADB AT NANJANGUD, KAR",KARNATAKA,"Tributary Streams - Bhavani, Shimsa, Akravati, Lakshmantirtha, Kabbani, Bhavani, Kalinganarayan, Dakshin Pinakini, Vasista, Yagachi, Sarabanga & Thirumanimuthar",7.65,239.0,2.1,5.949999999999999,0.8400000000000001,KABBANI,2018-06-30
2018,2775,"KABBANI AT BATHING GHAT, NANJANAGUD, KARNATAKA",KARNATAKA,"Tributary Streams - Bhavani, Shimsa, Akravati, Lakshmantirtha, Kabbani, Bhavani, Kalinganarayan, Dakshin Pinakini, Vasista, Yagachi, Sarabanga & Thirumanimuthar",7.7,285.0,2.5999999999999996,5.0,0.79,KABBANI,2018-06-30
2018,1208,"BHAVANI AT ELACHIVAZHY, KERALA",KERALA,"Tributary Streams - Bhavani, Shimsa, Akravati, Lakshmantirtha, Kabbani, Bhavani, Kalinganarayan, Dakshin Pinakini, Vasista, Yagachi, Sarabanga & Thirumanimuthar",7.300000000000001,181.5,0.75,7.75,1.315,BHAVANI,2018-06-30
2018,1321,"BHAVANI AT BHAVANI SAGAR, TAMILNADU",TAMIL NADU,"Tributary Streams - Bhavani, Shimsa, Akravati, Lakshmantirtha, Kabbani, Bhavani, Kalinganarayan, Dakshin Pinakini, Vasista, Yagachi, Sarabanga & Thirumanimuthar",7.199999999999999,160.0,2.6999999999999997,7.0,0.9750000000000001,BHAVANI,2018-06-30
2018,1201,"BHAVANI AT PATHIRAKALIAMMAN KOIL, TAMILNADU",TAMIL NADU,"Tributary Streams - Bhavani, Shimsa, Akravati, Lakshmantirtha, Kabbani, Bhavani, Kalinganarayan, Dakshin Pinakini, Vasista, Yagachi, Sarabanga & Thirumanimuthar",6.7,215.0,1.15,7.25,0.56,BHAVANI,2018-06-30
2018,1204,"BHAVANI AT SIRUMUGAI, TAMILNADU",TAMIL NADU,"Tributary Streams - Bhavani, Shimsa, Akravati, Lakshmantirtha, Kabbani, Bhavani, Kalinganarayan, Dakshin Pinakini, Vasista, Yagachi, Sarabanga & Thirumanimuthar",7.2,231.0,1.1,7.300000000000001,0.5750000000000001,BHAVANI,2018-06-30
2018,3019,"BHAVANI AT D/S OF BHAVANISAGAR, SATHYAMANGALAM, ER",TAMIL NADU,"Tributary Streams - Bhavani, Shimsa, Akravati, Lakshmantirtha, Kabbani, Bhavani, Kalinganarayan, Dakshin Pinakini, Vasista, Yagachi, Sarabanga & Thirumanimuthar",7.199999999999999,243.5,1.8,6.949999999999999,0.615,BHAVANI,2018-06-30
2018,3020,"U/S OF KALINGARAYAN CANAL (B5), ERODE, TAMILNADU",TAMIL NADU,"Tributary Streams - Bhavani, Shimsa, Akravati, Lakshmantirtha, Kabbani, Bhavani, Kalinganarayan, Dakshin Pinakini, Vasista, Yagachi, Sarabanga & Thirumanimuthar",7.6499999999999995,467.0,1.25,6.15,0.545,"Bhavani, Shimsa, Akravati, Lakshmantirtha, Kabbani, Bhavani, Kalinganarayan, Dakshin Pinakini, Vasista, Yagachi, Sarabanga & Thirumanimuthar",2018-06-30
2018,3021,"D/S OF KALINGARAYAN CANAL (B10), ERODE, TAMILNADU",TAMIL NADU,"Tributary Streams - Bhavani, Shimsa, Akravati, Lakshmantirtha, Kabbani, Bhavani, Kalinganarayan, Dakshin Pinakini, Vasista, Yagachi, Sarabanga & Thirumanimuthar",5.800000000000001,426.0,1.25,6.65,0.545,"Bhavani, Shimsa, Akravati, Lakshmantirtha, Kabbani, Bhavani, Kalinganarayan, Dakshin Pinakini, Vasista, Yagachi, Sarabanga & Thirumanimuthar",2018-06-30
2018,3024,"SARABANGA AT SALEM, D/S OF TEXTILE DYEING INDUSTRI",TAMIL NADU,"Tributary Streams - Bhavani, Shimsa, Akravati, Lakshmantirtha, Kabbani, Bhavani, Kalinganarayan, Dakshin Pinakini, Vasista, Yagachi, Sarabanga & Thirumanimuthar",7.300000000000001,2072.0,40.0,,3.92,SARABANGA,2018-06-30
2018,3022,"THIRUMANIMUTHAR AT SALEM, D/S OF SAGO & TEXTILE DY",TAMIL NADU,"Tributary Streams - Bhavani, Shimsa, Akravati, Lakshmantirtha, Kabbani, Bhavani, Kalinganarayan, Dakshin Pinakini, Vasista, Yagachi, Sarabanga & Thirumanimuthar",7.5,2154.0,48.0,,3.46,THIRUMANIMUTHAR,2018-06-30
2018,1319,AMRAVATI AT 1KM D/S FROM EFF.DIS. PT. AT MADHUTHUK,TAMIL NADU,"Tributary Streams - Bhavani, Shimsa, Akravati, Lakshmantirtha, Kabbani, Bhavani, Kalinganarayan, Dakshin Pinakini, Vasista, Yagachi, Sarabanga & Thirumanimuthar",7.199999999999999,279.5,1.65,7.9,0.55,AMRAVATI,2018-06-30
2018,1196,"LAKSHMANTIRTHA AT D/S OF HUNSUR TOWN, KARNATAKA",KARNATAKA,"Tributary Streams - Bhavani, Shimsa, Akravati, Lakshmantirtha, Kabbani, Bhavani, Kalinganarayan, Dakshin Pinakini, Vasista, Yagachi, Sarabanga & Thirumanimuthar",7.449999999999999,361.0,6.1,4.4,0.9099999999999999,LAKSHMANTIRTHA,2018-06-30
2018,2772,"LAKSHMANTIRTHA AT D/S OF KATTEMALAVADI, KARNATAKA",KARNATAKA,"Tributary Streams - Bhavani, Shimsa, Akravati, Lakshmantirtha, Kabbani, Bhavani, Kalinganarayan, Dakshin Pinakini, Vasista, Yagachi, Sarabanga & Thirumanimuthar",7.300000000000001,364.0,3.25,5.15,0.9950000000000001,LAKSHMANTIRTHA,2018-06-30
2018,3572,WATER SUPPLY INTAKE POINT TO HUNSUR TOWN,KARNATAKA,"Tributary Streams - Bhavani, Shimsa, Akravati, Lakshmantirtha, Kabbani, Bhavani, Kalinganarayan, Dakshin Pinakini, Vasista, Yagachi, Sarabanga & Thirumanimuthar",7.55,359.0,2.05,5.85,0.785,"Bhavani, Shimsa, Akravati, Lakshmantirtha, Kabbani, Bhavani, Kalinganarayan, Dakshin Pinakini, Vasista, Yagachi, Sarabanga & Thirumanimuthar",2018-06-30
2018,4100,"SUVARANVATHI RESERVOIR, ATTIGULLIPURA CHAMARAJANAG",KARNATAKA,"Tributary Streams - Bhavani, Shimsa, Akravati, Lakshmantirtha, Kabbani, Bhavani, Kalinganarayan, Dakshin Pinakini, Vasista, Yagachi, Sarabanga & Thirumanimuthar",7.35,158.0,1.6,6.800000000000001,0.365,"Bhavani, Shimsa, Akravati, Lakshmantirtha, Kabbani, Bhavani, Kalinganarayan, Dakshin Pinakini, Vasista, Yagachi, Sarabanga & Thirumanimuthar",2018-06-30
2018,4101,"GUNDAL RESERVOIR, GUNDAL KOLLEGALA TQ & CHAMARAJAN",KARNATAKA,"Tributary Streams - Bhavani, Shimsa, Akravati, Lakshmantirtha, Kabbani, Bhavani, Kalinganarayan, Dakshin Pinakini, Vasista, Yagachi, Sarabanga & Thirumanimuthar",7.85,137.0,1.25,7.05,0.64,"Bhavani, Shimsa, Akravati, Lakshmantirtha, Kabbani, Bhavani, Kalinganarayan, Dakshin Pinakini, Vasista, Yagachi, Sarabanga & Thirumanimuthar",2018-06-30
2018,4107,DAKSHINA PINAKINI RIVER NEAR MUGALUR BRIDGE MUGALU,KARNATAKA,"Tributary Streams - Bhavani, Shimsa, Akravati, Lakshmantirtha, Kabbani, Bhavani, Kalinganarayan, Dakshin Pinakini, Vasista, Yagachi, Sarabanga & Thirumanimuthar",6.85,1193.0,7.5,5.8,6.51,RIVER,2018-06-30
2018,3023,"VASISTA AT SALEM, D/S OF SAGO INDUSRIES EFFLUENT,",TAMIL NADU,"Tributary Streams - Bhavani, Shimsa, Akravati, Lakshmantirtha, Kabbani, Bhavani, Kalinganarayan, Dakshin Pinakini, Vasista, Yagachi, Sarabanga & Thirumanimuthar",7.15,2336.0,577.5,,13.045,VASISTA,2018-06-30
2018,1893,YAGACHI RIVER NEAR PUMPING STATION. HASSAN CITY,KARNATAKA,"Tributary Streams - Bhavani, Shimsa, Akravati, Lakshmantirtha, Kabbani, Bhavani, Kalinganarayan, Dakshin Pinakini, Vasista, Yagachi, Sarabanga & Thirumanimuthar",7.6,600.0,2.5,5.699999999999999,0.30000000000000004,RIVER,2018-06-30
2018,2399,SUBARNAREKHA AT CHANDIL DAM,JHARKHAND,Subarnrekha,7.5,176.0,0.30000000000000004,8.05,0.44999999999999996,SUBARNAREKHA,2018-06-30
2018,2387,SUBAREKHA AT GHATISLA ROAD BRIDGE,JHARKHAND,Subarnrekha,7.3,256.0,0.5,7.6,0.85,SUBAREKHA,2018-06-30
2018,2385,SUBARNAREKHA AT NAMKUM ROAD BRIDGE,JHARKHAND,Subarnrekha,6.65,,3.25,6.05,,SUBARNAREKHA,2018-06-30
2018,2386,SUBARNAREKHA AT MURI ROAD BRIDGE,JHARKHAND,Subarnrekha,7.4,,2.7,7.85,,SUBARNAREKHA,2018-06-30
2018,2395,SUBARNAREKHA AT HATIA DAM,JHARKHAND,Subarnrekha,7.300000000000001,,2.25,8.4,,SUBARNAREKHA,2018-06-30
2018,2397,SUBARNAREKHA AT GATALSUD DAM,JHARKHAND,Subarnrekha,7.35,,2.85,8.2,,SUBARNAREKHA,2018-06-30
