year,code,station,state,section_title,pH,conductivity_uScm,BOD_mg_L,DO_mg_L,nitrate_mg_L,waterbody,date
2017,1867,"SATLUJ RIVER B/C WITH RIVER SPITI AT KHAB, DISTT.KINNAUR",HIMACHAL PRADESH,Sutlej,7.4,229.0,0.15000000000000002,9.899999999999999,0.2,B/C WITH RIVER SPITI,2017-06-30
2017,2611,SATLUJ AT KHAB,HIMACHAL PRADESH,Sutlej,7.300000000000001,205.5,0.3,9.899999999999999,0.35,SATLUJ,2017-06-30
2017,1389,SATLUJ AT NEPTHA ZAKHAI,HIMACHAL PRADESH,Sutlej,7.449999999999999,211.0,0.3,9.35,0.30000000000000004,SATLUJ,2017-06-30
2017,1086,SATLUJ AT U/S RAMPUR,HIMACHAL PRADESH,Sutlej,7.475,208.0,0.25,9.3,0.27,SATLUJ,2017-06-30
2017,1087,SATLUJ AT D/S RAMPUR,HIMACHAL PRADESH,Sutlej,7.475,200.0,0.15000000000000002,8.95,0.35650000000000004,SATLUJ,2017-06-30
2017,1013,SATLUJ AT U/S TATAPANI,HIMACHAL PRADESH,Sutlej,7.395,208.5,1.05,8.75,0.2825,SATLUJ,2017-06-30
2017,1014,SATLUJ AT U/S SLAPPER,HIMACHAL PRADESH,Sutlej,7.834999999999999,231.5,0.1,8.85,0.531,SATLUJ,2017-06-30
2017,1015,SATLUJ AT D/S SLAPPER,HIMACHAL PRADESH,Sutlej,7.955,216.5,0.15000000000000002,8.25,0.5655,SATLUJ,2017-06-30
2017,1016,SATLUJ AT D/S BHAKHRA,HIMACHAL PRADESH,Sutlej,7.710000000000001,286.0,0.65,7.15,0.28,SATLUJ,2017-06-30
2017,1017,"SATLUJ AT 100M U/S OF HEADWORKS, NANGAL",PUNJAB,Sutlej,7.8149999999999995,249.0,,8.0,0.4,SATLUJ,2017-06-30
2017,1293,"SATLUJ AT 1 KM. D/S OF ZENITH, PUNJAB",PUNJAB,Sutlej,7.6,315.0,2.0,7.4,0.7,SATLUJ,2017-06-30
2017,1814,"SATLUJ AT D/S KIRATPUR SAHIB, PUNJAB",PUNJAB,Sutlej,7.8,303.5,,7.6,1.1,SATLUJ,2017-06-30
2017,1018,"SATLUJ AT 100M D/S , NANGAL",PUNJAB,Sutlej,7.93,279.0,1.0,7.7,0.6000000000000001,SATLUJ,2017-06-30
2017,1019,SATLUJ AT U/S HEAD WORKS ROPAR,PUNJAB,Sutlej,7.819999999999999,292.0,,7.65,0.7,SATLUJ,2017-06-30
2017,1380,"SATLUJ AT D/S NFL, PUNJAB",PUNJAB,Sutlej,7.85,301.0,,7.65,0.8,SATLUJ,2017-06-30
2017,1690,"SATLUJ AT U/S BUDHA NALLAH (UPPER), PUNJAB",PUNJAB,Sutlej,7.45,463.5,1.5,6.55,0.8,SATLUJ,2017-06-30
2017,1020,"SATLUJ AT 100M D/S BUDHA NALA CONFL., LUDHIANA",PUNJAB,Sutlej,7.38,1232.5,69.0,3.55,7.8,SATLUJ,2017-06-30
2017,1021,"SATLUJ AT BOAT BDG. DHARMKOTNAKODAR ROAD, JALANDHAR",PUNJAB,Sutlej,7.725,782.5,21.0,4.95,2.0,SATLUJ,2017-06-30
2017,1381,"SATLUJ AT D/S EAST BASIN, PUNJAB",PUNJAB,Sutlej,7.2,550.0,15.0,2.1,1.7000000000000002,SATLUJ,2017-06-30
2017,1691,"SATLUJ AT U/S HUSSANIWALA H/W FEROZEPUR, PUNJAB",PUNJAB,Sutlej,7.8,317.0,1.1,7.5,0.6000000000000001,SATLUJ,2017-06-30
2017,1692,"SATLUJ AT D/S HUSSANIWALAH/W FEROZEPUR, PUNJAB",PUNJAB,Sutlej,7.65,340.0,1.15,7.35,0.8,SATLUJ,2017-06-30
2017,1022,"SATLUJ AT BRIDGE HARIKE, AMRITSAR",PUNJAB,Sutlej,7.1,336.5,3.05,5.2,1.9,SATLUJ,2017-06-30
2017,2915,"SATLUJ AT 100 MT. D/S OF PACL, NANGAL, PUNJAB",PUNJAB,Sutlej,8.05,336.5,0.75,7.6,1.0,SATLUJ,2017-06-30
2017,3869,SATLUJ RIVER D/S TRT OF RAMPUR HYDEL ELECTRIC PROJECT,PUNJAB,Sutlej,7.699999999999999,202.5,0.3,8.899999999999999,0.4,RIVER,2017-06-30
2017,3871,RIVER SATLUJ D/S POWER HOUSE KASHANG HEP,PUNJAB,Sutlej,7.65,215.5,0.35,9.15,0.35,SATLUJ,2017-06-30
2017,3872,SATLUJ RIVER D/S TIDONG HEP,PUNJAB,Sutlej,7.75,210.5,0.15000000000000002,9.15,0.3,RIVER,2017-06-30
2017,10020,RIVER SATLUJ AT ANANDPUR SAHIB,PUNJAB,Sutlej,7.95,293.5,0.5,7.75,0.5,SATLUJ,2017-06-30
2017,10021,RIVER SATLUJ AT BUNGA SAHIB,PUNJAB,Sutlej,7.75,325.5,2.0,7.45,0.5,SATLUJ,2017-06-30
2017,10022,RIVER SATLUJ AT PHILLAUR U/S,PUNJAB,Beas,7.3,425.0,2.4,5.9,0.15000000000000002,SATLUJ,2017-06-30
2017,10023,RIVER SATLUJ AT PHAGWARA U/S (CHAHERU BRIDGE),PUNJAB,Beas,7.2,554.5,11.0,2.05,4.2,SATLUJ,2017-06-30
2017,10024,RIVER SATLUJ AT PHAGWARA D/S (KANGANIWAL BRIDGE),PUNJAB,Beas,7.2,1064.0,35.0,0.0,5.0,SATLUJ,2017-06-30
2017,10025,RIVER SATLUJ AT JALANDHAR U/S (PEERU SHAH KA DARGAH),PUNJAB,Beas,7.2,1232.0,37.5,0.0,5.55,SATLUJ,2017-06-30
2017,10026,RIVER SATLUJ AT JALANDHAR D/S (MALSIAN BRIDGE),PUNJAB,Beas,7.15,1360.0,65.0,0.0,6.8999999999999995,SATLUJ,2017-06-30
2017,10027,RIVER SATLUJ AT LUDHIANA U/S,PUNJAB,Beas,7.5,420.5,1.5,6.8,0.8,SATLUJ,2017-06-30
2017,10028,RIVER SATLUJ AT LUDHIANA D/S,PUNJAB,Beas,7.4,1046.0,43.0,3.4,2.6,SATLUJ,2017-06-30
2017,1006,BEAS AT U/S MANALI,HIMACHAL PRADESH,Beas,7.57,177.0,0.1,8.899999999999999,0.5005000000000001,BEAS,2017-06-30
2017,2604,BEAS AT D/S MANALI,HIMACHAL PRADESH,Beas,7.3,170.0,0.15000000000000002,8.6,0.44999999999999996,BEAS,2017-06-30
2017,1007,BEAS AT D/S KULU,HIMACHAL PRADESH,Beas,7.46,154.0,0.2,8.45,0.5135,BEAS,2017-06-30
2017,1008,BEAS AT D/S AUT,HIMACHAL PRADESH,Beas,7.515,129.0,0.15000000000000002,9.25,0.705,BEAS,2017-06-30
2017,1009,BEAS AT U/S PANDON DAM,HIMACHAL PRADESH,Beas,7.695,148.5,0.15000000000000002,9.3,0.5485,BEAS,2017-06-30
2017,2602,BEAS AT EXIT OF TUNNEL DEHAL POWER HOUSE,HIMACHAL PRADESH,Beas,8.004999999999999,202.0,0.15000000000000002,8.15,0.309,BEAS,2017-06-30
2017,2603,BEAS U/S MANDI,HIMACHAL PRADESH,Beas,7.6499999999999995,287.5,0.1,9.15,0.7,BEAS,2017-06-30
2017,3855,BEAS AT D/S MANDI,HIMACHAL PRADESH,Beas,7.795,227.0,0.15000000000000002,9.45,,BEAS,2017-06-30
2017,1693,BEAS AT D/S JAISINGHPUR,HIMACHAL PRADESH,Beas,8.0,281.0,0.3,7.699999999999999,0.44999999999999996,BEAS,2017-06-30
2017,1694,BEAS AT D/S ALAMPUR,HIMACHAL PRADESH,Beas,7.945,282.0,0.35,7.75,0.45499999999999996,BEAS,2017-06-30
2017,1695,BEAS AT D/S DEHRAGOPIPUR,HIMACHAL PRADESH,Beas,7.785,306.5,0.3,7.8,0.51,BEAS,2017-06-30
2017,1010,BEAS AT D/S PONG DAM,HIMACHAL PRADESH,Beas,7.76,215.5,0.3,7.5,0.6749999999999999,BEAS,2017-06-30
2017,1294,BEAS AT U/S KULLU,HIMACHAL PRADESH,Beas,7.75,150.5,0.15000000000000002,8.5,0.4,BEAS,2017-06-30
2017,1011,BEAS AT D/S PANDOH DAM,HIMACHAL PRADESH,Beas,7.800000000000001,191.5,0.15000000000000002,8.9,1.0,BEAS,2017-06-30
2017,1696,"BEAS D/S NADAUN BRIDGE, VILL BHADOLI",HIMACHAL PRADESH,Beas,7.95,319.5,0.25,7.85,0.55,BEAS,2017-06-30
2017,1012,"BEAS AT TALWARA H/W, PUNJAB",PUNJAB,Beas,7.2,212.0,0.0,7.65,0.6000000000000001,BEAS,2017-06-30
2017,1697,"BEAS AT U/S PATHANKOT, PUNJAB",PUNJAB,Beas,7.1,238.5,1.05,7.4,1.2,BEAS,2017-06-30
2017,1695,"BEAS D/S PATHANKOT, PUNJAB",PUNJAB,Beas,7.15,250.0,1.15,7.300000000000001,1.1,BEAS,2017-06-30
2017,1010,"BEAS AT MIRTHAL BRIDGE, GURDASPUR",PUNJAB,Beas,7.3,252.0,1.2,7.35,1.0,BEAS,2017-06-30
2017,1294,"BEAS AT 1KM.D/S OF EFFL. DISH. POINT AT MUKERIAN , PUNJAB",PUNJAB,Beas,7.25,297.5,1.8,6.1,1.4,BEAS,2017-06-30
2017,1011,BEAS AT G.T.ROAD UNDER BDG. NEAR KAPURTHALA,PUNJAB,Beas,7.35,261.0,1.3,7.55,1.35,BEAS,2017-06-30
2017,1696,"BEAS U/S GOINDWAL, PUNJAB",PUNJAB,Beas,7.3,262.0,1.3,7.4,1.2,BEAS,2017-06-30
2017,1012,BEAS AT 100M D/S INDUST. DISCH. GOINDWAL,PUNJAB,Beas,7.25,273.0,1.35,7.35,1.1,BEAS,2017-06-30
2017,1697,"BEAS AT HARIKE, PUNJAB",PUNJAB,Beas,7.15,270.0,1.35,7.5,1.35,BEAS,2017-06-30
2017,1088,RAVI AT U/S MADHOPUR,HIMACHAL PRADESH,Beas,7.52,304.5,0.25,7.75,0.845,RAVI,2017-06-30
2017,1089,RAVI AT U/S CHAMBA,HIMACHAL PRADESH,Beas,7.71,186.5,0.3,9.05,0.55,RAVI,2017-06-30
2017,2614,RAVI AT AT CHAMERA RESERVOIR,HIMACHAL PRADESH,Beas,7.95,231.0,0.3,9.0,0.44999999999999996,RAVI,2017-06-30
2017,2615,RAVI AT AT D/S CHAMERA III HEP,HIMACHAL PRADESH,Beas,7.800000000000001,199.5,0.35,9.2,0.55,RAVI,2017-06-30
2017,2613,RAVI AT D/S OF CHAMBA TOWN,HIMACHAL PRADESH,Beas,7.7,250.5,0.3,8.95,0.4,RAVI,2017-06-30
2017,3873,RIVER RAVI U/S STP BARGA (CHAMBA),HIMACHAL PRADESH,Beas,7.75,199.5,0.2,9.2,0.39999999999999997,RAVI,2017-06-30
2017,3874,RIVER RAVI D/S STP BHAGOT (CHAMBA),HIMACHAL PRADESH,Beas,7.85,225.5,0.39999999999999997,9.1,0.44999999999999996,RAVI,2017-06-30
2017,3856,SWAN RIVER U/S GAGRET,HIMACHAL PRADESH,Beas,8.0,492.0,0.2,6.949999999999999,0.5,RIVER,2017-06-30
2017,3857,SWAN RIVER D/S GAGRET,HIMACHAL PRADESH,Beas,8.0,633.0,0.65,6.8,0.55,RIVER,2017-06-30
2017,3858,SWAN RIVER U/S SANTOSHGARH BRIDGE,HIMACHAL PRADESH,Beas,8.15,566.0,1.1500000000000001,6.85,0.65,RIVER,2017-06-30
2017,3859,SWAN RIVER U/S UNA TOWN GHALLUWAL BRIDGE,HIMACHAL PRADESH,Beas,8.05,520.5,0.25,6.65,0.7,RIVER,2017-06-30
2017,1097,"RAVI AT U/S OF MADHOPUR HEADWORKS, GURDASPUR, PUNJAB",PUNJAB,Beas,7.4,158.0,1.15,7.95,0.65,RAVI,2017-06-30
2017,1290,PARVATI BEFORE CONF. TO RIVER BEAS,HIMACHAL PRADESH,Beas,7.6,307.0,0.1,7.25,0.6,Beas,2017-06-30
2017,2605,PARVATI AT U/S MANIKARAN,HIMACHAL PRADESH,Beas,7.5,88.5,0.1,8.45,0.55,PARVATI,2017-06-30
2017,2606,PARVATI AT D/S MANIKARAN,HIMACHAL PRADESH,Beas,7.4,93.5,0.15000000000000002,9.05,0.6,PARVATI,2017-06-30
2017,1090,"LARGI AT D/S,",HIMACHAL PRADESH,Beas,7.61,239.0,0.15000000000000002,9.149999999999999,0.705,LARGI,2017-06-30
2017,1551,"SIRSA RIVER , U/S SITOMAJRI NALLAHGARH",HIMACHAL PRADESH,Beas,7.699999999999999,857.0,4.6,5.95,7.35,Beas,2017-06-30
2017,1552,"SIRSA RIVER, D/S NALAGARH BRIDGE",HIMACHAL PRADESH,Beas,7.25,1287.0,10.0,5.3,7.5,Beas,2017-06-30
2017,1868,SIRSA RIVER AT D/S NALAGARH DISTT. SOLAN,HIMACHAL PRADESH,Beas,7.949999999999999,1457.5,9.0,5.15,7.3999999999999995,AT,2017-06-30
2017,1869,SWAN RIVER AT D/S NANGAL DISTT. UNA,HIMACHAL PRADESH,Beas,7.95,584.0,0.85,6.6,0.7999999999999999,AT,2017-06-30
2017,2616,SIUEL AT D/S SURGANI,HIMACHAL PRADESH,Beas,7.8500000000000005,237.0,0.35,9.1,0.5,SIUEL,2017-06-30
2017,2607,SUKETI KHAD AT D/S MANDI,HIMACHAL PRADESH,Beas,7.6499999999999995,317.0,0.25,8.0,0.6000000000000001,KHAD,2017-06-30
2017,2608,BINWA AT D/S PAPROLA/BAIJNATH,HIMACHAL PRADESH,Beas,7.4,186.0,0.35,8.7,0.55,BINWA,2017-06-30
2017,2609,NEUGAL AT D/S THURAL,HIMACHAL PRADESH,Beas,7.85,178.5,0.35,7.9,0.65,NEUGAL,2017-06-30
2017,2610,SPITI AT KHAB,HIMACHAL PRADESH,Beas,7.35,183.0,0.15000000000000002,8.899999999999999,0.25,SPITI,2017-06-30
2017,2612,BASPA AT U/S RESERVOIR BASPA PROJECT,HIMACHAL PRADESH,Beas,7.300000000000001,190.5,0.3,9.75,0.30000000000000004,BASPA,2017-06-30
2017,1307,CHUNT KOL (MAULANA AZAD BRIDGE),JAMMU & KASHMIR,Beas,7.45,295.5,8.4,4.8,,Beas,2017-06-30
2017,1306,"GAWKADAL, SRG (SHERGHARI, SRG)",JAMMU & KASHMIR,Beas,7.65,222.5,3.75,7.5,,Beas,2017-06-30
2017,1304,JHELAM AT ANANTNAG D/S,JAMMU & KASHMIR,Beas,7.75,258.5,2.4,7.6499999999999995,,JHELAM,2017-06-30
2017,3274,JHELUM RIVER AT AWANTIPORA,JAMMU & KASHMIR,Beas,7.75,202.5,2.25,7.45,,RIVER,2017-06-30
2017,3275,JHELUM RIVER AT PAMPORE,JAMMU & KASHMIR,Beas,7.8,197.0,2.3,7.05,,RIVER,2017-06-30
2017,1410,"JHELAM AT DALAGATE (INLET), SRINAGAR",JAMMU & KASHMIR,Beas,7.85,214.5,3.0,6.550000000000001,,JHELAM,2017-06-30
2017,1411,JHELAM AT CHATTABAL WEIR (OUTLET,JAMMU & KASHMIR,Beas,7.449999999999999,211.0,3.5,6.6,,JHELAM,2017-06-30
2017,2755,"BANGANGA (BATHING GHAT), KATRA,",JAMMU & KASHMIR,Beas,8.100000000000001,440.0,8.0,6.35,,Beas,2017-06-30
2017,2756,BANGANGA (IN FRONT OF PONY SHED NEAR REASI BRIDGE)KATRA,JAMMU & KASHMIR,Beas,7.95,535.5,3.55,6.6,4.0,SHED,2017-06-30
2017,2752,"BASANTER US (R.H.S) SAMBA (BELOW NH1A BRIDGE),",JAMMU & KASHMIR,Beas,8.3,344.0,2.45,7.75,0.15000000000000002,Beas,2017-06-30
2017,2753,BASANTER)D/S(R.H.S.) SAMBA (AT CHAK MANGA GUJJAR,JAMMU & KASHMIR,Beas,7.949999999999999,384.0,2.95,7.3500000000000005,0.30000000000000004,Beas,2017-06-30
2017,2748,CHENAB AT L.H.S.(BELOW BRIDGE CHENAB),JAMMU & KASHMIR,Beas,7.7,148.0,1.7999999999999998,7.699999999999999,0.44999999999999996,CHENAB,2017-06-30
2017,2749,CHENAB AT BLIND CURVE SHAMSHAN GHAT (1.5 KM U/S FROM SPOT),JAMMU & KASHMIR,Beas,7.75,150.0,1.75,8.75,0.4,CHENAB,2017-06-30
2017,2750,CHENAB RIVER AT CHADRA GAON VIEW POINT(4 KM U/S FROM SPOT),JAMMU & KASHMIR,Beas,7.7,150.0,0.9,8.95,0.4,RIVER,2017-06-30
2017,2751,CHENAB AT JAL PATAN MANDIR AFTER MEETING WITH MAIN DRAIN OF AKHNOOR CITY(1.5 KMD/S FROM SPOT),JAMMU & KASHMIR,Beas,7.65,151.0,2.15,8.75,0.4,CHENAB,2017-06-30
2017,2754,DEVAK RIVERUDHAMPUR(NEAR SHIV MANDIRD/S)L.H.S.,JAMMU & KASHMIR,Beas,8.0,430.0,9.0,6.25,2.05,Beas,2017-06-30
2017,2757,DEVAK RIVER AT UTTERBEHN,JAMMU & KASHMIR,Beas,7.949999999999999,390.0,2.15,7.6,2.9,RIVER,2017-06-30
2017,2742,TAWI AT SHETALI LIFTING POINT NAGROTA(5KM U/S TAWI BRIDGE),JAMMU & KASHMIR,Beas,7.949999999999999,202.0,1.15,6.95,0.1,TAWI,2017-06-30
2017,2743,TAWI AT BAGHEBAHU LIFTING POINT(1 KM U/S TAWI BRIDGE),JAMMU & KASHMIR,Beas,8.1,212.0,1.1,7.949999999999999,0.25,TAWI,2017-06-30
2017,2744,TAWI BELOW TAWI BRIDGE,JAMMU & KASHMIR,Beas,8.25,275.0,5.2,7.199999999999999,3.75,Beas,2017-06-30
2017,2745,TAWI BAGHWATI NAGAR (2KM D/S TAWI BRIDGE,JAMMU & KASHMIR,Beas,8.2,268.0,5.3,7.15,0.6,Beas,2017-06-30
2017,2746,TAWI AT BELICHARANA(4KM D/S TAWI BRIDGE),JAMMU & KASHMIR,Beas,8.05,217.0,4.0,7.0,0.2,TAWI,2017-06-30
2017,2747,"TAWI AT SURAJPUR CHATHA(10 KM D/S TAWI BRIDGE)BELOW BRIDGE NEAR CHATHA MSW DUMPING SITE, J&K",JAMMU & KASHMIR,Beas,7.9,210.0,3.1500000000000004,7.65,0.15000000000000002,TAWI,2017-06-30
2017,2758,"UJH RIVER AT DAM SITE(L.H.S.), KATHUA",JAMMU & KASHMIR,Beas,8.2,239.0,0.85,8.55,,RIVER,2017-06-30
2017,3272,JHELUM RIVER AT VERINAG,JAMMU & KASHMIR,Beas,7.55,199.5,0.7,6.95,,RIVER,2017-06-30
2017,3273,"JHELUM RIVER AT SANGAM, CONFLUENCE POINT OF VISHAV NALLAH",JAMMU & KASHMIR,Beas,7.699999999999999,187.0,2.1,7.25,,RIVER,2017-06-30
2017,3276,"JHELUM RIVER ATSPORE, CONFLUENCE POINT OF WULAR LAKE",JAMMU & KASHMIR,Beas,7.699999999999999,193.0,2.2,7.85,,Beas,2017-06-30
2017,3277,JHELUM RIVER ATBARAMULLA D/S,JAMMU & KASHMIR,Beas,7.85,207.5,2.55,7.550000000000001,,ATBARAMULLA,2017-06-30
2017,3278,LIDDER NALLAH AT LARIPORA,JAMMU & KASHMIR,Beas,8.0,135.5,0.8,7.6,,NALLAH,2017-06-30
2017,3279,LIDDER NALLAH AT CLUB PARK,JAMMU & KASHMIR,Beas,7.9,138.0,0.8,9.0,,NALLAH,2017-06-30
2017,3280,LIDDER NALLAH AT BUS ADDA,JAMMU & KASHMIR,Beas,7.8500000000000005,166.5,1.5,8.8,,NALLAH,2017-06-30
2017,3281,"LIDDER NALLAH AT YANEER, D/S OF PHALGUM",JAMMU & KASHMIR,Beas,7.75,108.0,0.75,8.65,,NALLAH,2017-06-30
2017,3282,"LIDDER NALLAH NERA BUMZOO, ANANTNAG",JAMMU & KASHMIR,Beas,7.65,143.0,0.8,9.35,,Beas,2017-06-30
2017,3283,SINDH RIVER AT SONAMARG U/S,JAMMU & KASHMIR,Beas,7.8,237.0,0.75,9.3,,AT SONAMARG,2017-06-30
2017,3284,SINDH RIVER AT SONAMARG D/S,JAMMU & KASHMIR,Ganga,7.95,237.0,0.7,9.05,,AT SONAMARG,2017-06-30
2017,3285,SINDH RIVER AT WAIL BRIDGE,JAMMU & KASHMIR,Ganga,7.85,194.5,0.75,9.0,,RIVER,2017-06-30
2017,3286,SINDH RIVER AT DUDERHAMA,JAMMU & KASHMIR,Ganga,7.699999999999999,207.5,2.45,8.15,,RIVER,2017-06-30
2017,3287,"SINDH RIVER AT RANGIL, SRINAGAR",JAMMU & KASHMIR,Ganga,7.6,218.0,0.95,8.15,,RIVER,2017-06-30
2017,1491,BHAGIRATHI AT GANGOTRI,UTTARAKHAND,Ganga,7.1,138.0,1.0,10.1,,BHAGIRATHI,2017-06-30
2017,1485,MANDAKINI B/C ALAKNANDA AT RUDRAPRAYAG,UTTARAKHAND,Ganga,7.35,81.0,1.0,9.3,,ALAKNANDA,2017-06-30
2017,1484,ALAKNANDA B/C MANDAKINI AT RUDRA PRAYAG,UTTARAKHAND,Ganga,7.4,114.0,1.0,9.0,,MANDAKINI,2017-06-30
2017,1486,ALKANANDA A/C MANDAKINI AT RUDRAPRAYAG,UTTARAKHAND,Ganga,7.699999999999999,,1.0,9.100000000000001,,MANDAKINI,2017-06-30
2017,1488,BHAGIRATHI B/C WITH ALAKNANDA AT DEVPRAYAG,UTTARAKHAND,Ganga,7.449999999999999,98.0,1.0,9.5,,ALAKNANDA,2017-06-30
2017,1487,ALAKNANDA B/C TO BHAGIRATHI AT DEVPRAYAG,UTTARAKHAND,Ganga,7.65,130.0,1.0,9.100000000000001,,BHAGIRATHI,2017-06-30
2017,1489,ALAKNANDA A/C WITH BHAGIRATHI AT DEVPRAYAG,UTTARAKHAND,Ganga,7.75,,1.0,9.3,,BHAGIRATHI,2017-06-30
2017,1060,GANGA AT RISHIKESH U/S,UTTARAKHAND,Ganga,7.4,,1.0,10.1,,GANGA,2017-06-30
2017,2725,GANGA RIVER A/C SONG NEAR SATYANARAYAN TEMPLE D/S RAIWALA,UTTARAKHAND,Ganga,7.35,,1.1,8.25,,A/C SONG,2017-06-30
2017,10147,RIVER GANGA D/S RISHIKESH,UTTARAKHAND,Ganga,7.550000000000001,,1.0,9.399999999999999,,GANGA,2017-06-30
2017,3997,"RIVER GANGA U/S HARIDWAR AT ABINDUGHAT, DUDHIYABAD, HARIDWAR",UTTARAKHAND,Ganga,7.65,,1.0,8.8,,GANGA,2017-06-30
2017,10148,RIVER GANGA AT HAR-KI- PAURI GHAT,UTTARAKHAND,Ganga,7.3,,1.0,9.2,,GANGA,2017-06-30
2017,1061,GANGA AT HARIDWAR D/S,UTTARAKHAND,Ganga,7.4,,3.8,8.0,,GANGA,2017-06-30
2017,1062,GANGA AT GARHMUKTESHWAR,UTTAR PRADESH,Ganga,7.550000000000001,189.0,2.1,8.0,0.44999999999999996,GANGA,2017-06-30
2017,10149,RIVER GANGA AT GHARMUKTESHWAR,UTTAR PRADESH,Ganga,7.449999999999999,227.5,2.2,8.15,2.75,GANGA,2017-06-30
2017,2488,"GANGA U/S, ANOOPSHAHAR",UTTAR PRADESH,Ganga,7.25,203.0,2.8499999999999996,7.8,0.44999999999999996,GANGA,2017-06-30
2017,2489,"GANGA D/S, ANOOPSHAHAR",UTTAR PRADESH,Ganga,7.4,191.0,2.8499999999999996,8.05,0.35,GANGA,2017-06-30
2017,1145,GANGA AT NARORA (BULANDSAHAR),UTTAR PRADESH,Ganga,7.3,192.5,2.7,7.8,0.4,GANGA,2017-06-30
2017,2490,"GANGA AT KACHHLA GHAT, ALIGARH",UTTAR PRADESH,Ganga,7.4,189.0,2.6,7.699999999999999,0.35,GANGA,2017-06-30
2017,1063,GANGA AT KANNAUJ U/S (RAJGHAT),UTTAR PRADESH,Ganga,7.75,313.0,3.5,8.25,0.3,GANGA,2017-06-30
2017,1066,GANGA AT KANNAUJ D/S,UTTAR PRADESH,Ganga,8.05,321.5,4.0,8.3,0.3,GANGA,2017-06-30
2017,1146,GANGA AT BITHOOR (KANPUR),UTTAR PRADESH,Ganga,8.05,305.0,3.1,8.7,0.3,GANGA,2017-06-30
2017,1067,GANGA AT KANPUR U/S (RANIGHAT),UTTAR PRADESH,Ganga,7.95,315.5,3.4,8.55,0.3,GANGA,2017-06-30
2017,10154,RIVER GANGA AT BATHING GHAT (BHARAOGHAT),UTTAR PRADESH,Ganga,7.8500000000000005,293.5,3.3,8.3,0.3,GANGA,2017-06-30
2017,10155,D/S (SHUKLAGANJ),UTTAR PRADESH,Ganga,7.8500000000000005,305.0,3.45,7.65,0.3,Ganga,2017-06-30
2017,10156,RIVER GANGA AT BATHING GHAT (GOLA GHAT),UTTAR PRADESH,Ganga,7.8,307.0,3.8000000000000003,7.5,0.3,GANGA,2017-06-30
2017,1068,GANGA AT KANPUR D/S (JAJMAU PUMPING STATION),UTTAR PRADESH,Ganga,7.9,421.5,5.6,7.1,0.35,GANGA,2017-06-30
2017,10157,RIVER GANGA AT BATHING GHAT (JAJMAU BRIDGE),UTTAR PRADESH,Ganga,7.6,312.0,4.8,7.5,0.35,GANGA,2017-06-30
2017,1147,GANGA AT DALMAU (RAI BAREILLY),UTTAR PRADESH,Ganga,7.9,411.5,4.199999999999999,7.65,0.6,GANGA,2017-06-30
2017,2498,"GANGA AT KALA KANKAR, RAEBARELI",UTTAR PRADESH,Ganga,7.9,417.0,4.1,7.75,0.8500000000000001,GANGA,2017-06-30
2017,1046,GANGA AT ALLAHABAD (RASOOLABAD),UTTAR PRADESH,Ganga,7.9,280.0,4.6,8.25,1.45,GANGA,2017-06-30
2017,2487,"GANGA AT KADAGHAT, ALLAHABAD",UTTAR PRADESH,Ganga,8.05,273.0,5.05,7.8,1.35,GANGA,2017-06-30
2017,1049,GANGA AT ALLAHABAD D/S (SANGAM),UTTAR PRADESH,Ganga,7.9,358.5,4.75,7.9,1.0999999999999999,GANGA,2017-06-30
2017,2485,"GANGA U/S, VINDHYACHAL, MIRZAPUR",UTTAR PRADESH,Ganga,6.949999999999999,330.0,2.5,8.15,0.35,GANGA,2017-06-30
2017,2486,"GANGA D/S, MIRZAPUR",UTTAR PRADESH,Ganga,7.2,349.5,2.75,8.0,0.44999999999999996,GANGA,2017-06-30
2017,1070,GANGA AT VARANASI U/S (ASSIGHAT),UTTAR PRADESH,Ganga,8.2,437.5,3.05,8.15,0.3,GANGA,2017-06-30
2017,1071,GANGA AT VARANASI D/S (MALVIYA BRIDGE),UTTAR PRADESH,Ganga,8.45,483.0,5.699999999999999,7.050000000000001,0.35,GANGA,2017-06-30
2017,1073,GANGA AT TRIGHAT (GHAZIPUR),UTTAR PRADESH,Ganga,8.45,475.0,4.9,7.1,0.35,GANGA,2017-06-30
2017,1074,GANGA AT BUXAR,BIHAR,Ganga,8.05,389.5,1.85,8.1,,GANGA,2017-06-30
2017,10113,"GANGA AT U/S JAIL GHAT, BUXAR (D/S CONFLUENCE OF THORA RIVER)",BIHAR,Ganga,8.0,369.0,2.05,8.4,,GANGA,2017-06-30
2017,2551,"GANGA AT BUXAR, RAMREKHAGHAT",BIHAR,Ganga,7.8500000000000005,406.0,1.7999999999999998,8.05,,GANGA,2017-06-30
2017,3113,GANGA AT D/S BUXAR NEAR GANGA BRIDGE,BIHAR,Ganga,7.8500000000000005,381.5,1.55,8.1,,GANGA,2017-06-30
2017,10162,ARRAH- CHAPRA ROAD BRIDGE (KOILWER BANURA-CHAPRA ROAD),BIHAR,Ganga,7.9,337.0,2.1,8.15,,Ganga,2017-06-30
2017,2564,"GANGA AT THE CONFLUENCE OF SONE RIVER DORIGANJ, CHAPRA",BIHAR,Ganga,7.85,317.0,2.15,8.05,,GANGA,2017-06-30
2017,10114,"GANGA AT MAA AMBIKA ASTHAN, AAMI, SARAN",BIHAR,Ganga,7.35,304.5,2.55,7.8,,GANGA,2017-06-30
2017,3114,GANGA RIVER NEAR DANAPUR (NEAR PIPAPUL),BIHAR,Ganga,7.9,304.5,2.3,7.8,,RIVER,2017-06-30
2017,1077,"GANGA AT KHURJI, PATNA U/S",BIHAR,Ganga,8.0,350.0,2.2,8.1,,GANGA,2017-06-30
2017,2555,"GANGA AT PUNPUN, PATNA",BIHAR,Ganga,7.3500000000000005,453.0,2.35,6.8,,GANGA,2017-06-30
2017,2552,GANGA DARBHANGA GHAT AT PATNA,BIHAR,Ganga,8.05,425.0,2.65,7.85,,GHAT,2017-06-30
2017,10115,"GANGA AT GULBI GHAT, PATNA",BIHAR,Ganga,7.449999999999999,340.5,2.65,7.25,,GANGA,2017-06-30
2017,1079,GANGA AT PATNA D/S (GANGA BRIDGE),BIHAR,Ganga,7.85,316.0,2.4,7.9,,GANGA,2017-06-30
2017,3122,"GANGA AT MALSALAMI, PATNA",BIHAR,Ganga,8.1,390.0,2.5,7.6,,GANGA,2017-06-30
2017,10122,RIVER GANGA AT TRIVENI GHAT,BIHAR,Ganga,8.05,294.0,2.4000000000000004,7.7,,GANGA,2017-06-30
2017,2553,GANGA AT FATUHA,BIHAR,Ganga,8.05,324.0,2.5,7.6,,GANGA,2017-06-30
2017,3115,GANGA RIVER AT BARH,BIHAR,Ganga,7.800000000000001,294.5,1.8,8.25,,RIVER,2017-06-30
2017,10130,RIVER GANGA AT D/S NAWADAGHAT,BIHAR,Ganga,7.95,277.0,2.25,8.1,,GANGA,2017-06-30
2017,10131,RIVER GANGA AT U/S BARAHPUR BINDTOLI,BIHAR,Ganga,7.699999999999999,300.0,1.85,8.25,,GANGA,2017-06-30
2017,1817,GANGA AT MOKAMA (U/S),BIHAR,Ganga,7.85,313.0,1.85,8.2,,GANGA,2017-06-30
2017,1815,GANGA AT MOKAMA (D/S),BIHAR,Ganga,7.65,321.5,3.15,7.550000000000001,,GANGA,2017-06-30
2017,3123,GANGA RIVER AT BARAHIA,BIHAR,Ganga,7.7,320.0,2.95,7.85,,RIVER,2017-06-30
2017,3116,GANGA AT U/S MUNGER,BIHAR,Ganga,7.8,305.0,2.2,7.6,,GANGA,2017-06-30
2017,1818,GANGA AT MUNGER,BIHAR,Ganga,7.65,292.5,2.4,7.7,,GANGA,2017-06-30
2017,3117,GANGA AT U/S SULTANGANJ,BIHAR,Ganga,7.75,299.5,2.2,7.199999999999999,,GANGA,2017-06-30
2017,2554,"GANGA AT SULTANGANJ, BHAGALPUR",BIHAR,Ganga,7.75,314.0,2.45,7.05,,GANGA,2017-06-30
2017,10138,RIVER GANGA AT CHAMPANAGAR,BIHAR,Ganga,7.7,346.5,2.3,7.0,,GANGA,2017-06-30
2017,1819,GANGA AT BHAGALPUR,BIHAR,Ganga,7.65,601.0,2.3,7.85,,GANGA,2017-06-30
2017,3118,GANGA AT U/S BHAGALPUR,BIHAR,Ganga,7.65,581.0,2.3,8.0,,GANGA,2017-06-30
2017,1816,GANGA AT KAHALGAON,BIHAR,Ganga,7.8,326.0,2.2,7.95,,GANGA,2017-06-30
2017,10143,RIVER GANGA D/S NEAR CREMATION GHAT,BIHAR,Ganga,7.7,315.0,2.4000000000000004,7.3,,GANGA,2017-06-30
2017,1059,"GANGA AT RAJMAHAL,",JHARKHAND,Ganga,7.6,336.5,2.6500000000000004,8.2,,GANGA,2017-06-30
2017,1080,GANGA AT BAHARAMPORE,WEST BENGAL,Ganga,7.85,290.5,4.25,7.800000000000001,0.7000000000000001,GANGA,2017-06-30
2017,2511,"NABADIP ON GANGA,GHOSHPARA NEAR MONIPURGHAT",WEST BENGAL,Ganga,7.75,261.5,3.15,7.55,0.9,GHOSHPARA,2017-06-30
2017,2506,"TRIBENI ON GANGA, NEAR BURNING GHAT",WEST BENGAL,Ganga,7.85,289.5,3.25,7.050000000000001,0.8,Ganga,2017-06-30
2017,1054,GANGA AT PALTA,WEST BENGAL,Ganga,7.9,285.5,3.0,6.3999999999999995,0.65,GANGA,2017-06-30
2017,1472,GANGA AT SERAMPORE,WEST BENGAL,Ganga,7.9,315.0,3.9,6.65,0.7000000000000001,GANGA,2017-06-30
2017,1053,GANGA AT DAKSHINESHWAR,WEST BENGAL,Ganga,7.699999999999999,346.5,3.45,6.0,0.5,GANGA,2017-06-30
2017,1471,GANGA AT HOWRAH-SHIVPUR,WEST BENGAL,Yamuna,7.699999999999999,339.5,2.9000000000000004,5.75,0.55,GANGA,2017-06-30
2017,1470,GANGA AT GARDEN REACH,WEST BENGAL,Yamuna,7.8,338.5,3.9,5.9,0.5,GANGA,2017-06-30
2017,1052,GANGA AT ULUBERIA,WEST BENGAL,Yamuna,7.55,3367.5,2.8499999999999996,5.7,0.5,GANGA,2017-06-30
2017,1469,GANGA AT DIAMOND HARBOUR,WEST BENGAL,Yamuna,7.25,3956.5,3.3499999999999996,5.800000000000001,0.55,GANGA,2017-06-30
2017,1492,nan,YAMUNA AT YAMUNOTRI UTTARAKHAND,Yamuna,7.1,63.0,,10.4,0.38,Yamuna,2017-06-30
2017,1493,YAMUNA AT HANUMANCHATTI,UTTARAKHAND,Yamuna,7.1,108.0,,8.8,0.47,YAMUNA,2017-06-30
2017,1494,YAMUNA AT U/S OF LAKHWAR DAM,UTTARAKHAND,Yamuna,7.6,191.5,1.0,9.2,0.635,YAMUNA,2017-06-30
2017,1490,YAMUNA AT U/S DAK PATTHAR,UTTARAKHAND,Yamuna,7.5,204.5,1.5,8.600000000000001,0.44999999999999996,YAMUNA,2017-06-30
2017,1553,"RIVER YAMUNA , U/S PAONTA SAHIB, H.P",HIMACHAL PRADESH,Yamuna,7.75,593.0,0.15000000000000002,7.35,1.135,Yamuna,2017-06-30
2017,1554,"RIVER YAMUNA , D/S PAONTA SAHIB, H.P",HIMACHAL PRADESH,Yamuna,7.8,507.0,0.4,7.15,0.82,Yamuna,2017-06-30
2017,1117,YAMUNA AT HATHNIKUND HARYANA,HARYANA,Yamuna,7.5,964.0,,10.2,,YAMUNA,2017-06-30
2017,1496,"YAMUNA AT KALANAUR, YAMUNA NAGAR, HARYANA",HARYANA,Yamuna,7.6,314.0,,9.0,0.51,YAMUNA,2017-06-30
2017,10004,YAMUNA AT KHOJKIPUR PANIPAT,HARYANA,Yamuna,7.8,1990.0,28.0,5.6499999999999995,0.06,YAMUNA,2017-06-30
2017,1119,"YAMUNA AT SONEPAT, HARYANA",HARYANA,Yamuna,7.45,620.0,4.0,6.6,0.83,YAMUNA,2017-06-30
2017,1120,"YAMUNA AT WAZIRABAD, DELHI",DELHI,Yamuna,7.6,980.0,4.0,7.75,0.0,YAMUNA,2017-06-30
2017,1121,"YAMUNA AT NIZAMUDDIN, DELHI",DELHI,Yamuna,7.55,1300.0,20.5,2.75,0.0,YAMUNA,2017-06-30
2017,1375,"YAMUNA AT OKHLA BRIDGE (INLET OF AGRA CANAL), DELHI",DELHI,Yamuna,7.6,975.0,17.5,1.8,0.0,YAMUNA,2017-06-30
2017,1812,"YAMUNA AT OKHLA AFTER MEETING OF SHAHDARA DRAIN, DELHI",DELHI,Yamuna,7.6,1103.0,44.0,1.85,0.0,YAMUNA,2017-06-30
2017,1497,"YAMUNA AT MAZAWALI, U.P",UTTAR PRADESH,Yamuna,7.8,2303.0,31.5,1.5,0.5650000000000001,YAMUNA,2017-06-30
2017,2493,RIVER YAMUNA AT SHAHPUR,UTTAR PRADESH,Yamuna,7.45,645.5,7.0,5.3,0.0,YAMUNA,2017-06-30
2017,2495,"YAMUNA AT KESIGHAT, VRINDAVAN",UTTAR PRADESH,Yamuna,7.550000000000001,615.5,8.3,4.6,0.0,YAMUNA,2017-06-30
2017,1123,"YAMUNA AT MATHURA U/S , U.P.",UTTAR PRADESH,Yamuna,7.85,2170.0,14.5,3.6,0.74,YAMUNA,2017-06-30
2017,2494,"YAMUNA AT VISHRAMGHAT, MATHURA",UTTAR PRADESH,Yamuna,7.65,605.5,9.3,3.8,0.0,YAMUNA,2017-06-30
2017,1124,"YAMUNA AT MATHURA D/S , U.P.",UTTAR PRADESH,Yamuna,7.85,2100.0,10.5,5.85,0.865,YAMUNA,2017-06-30
2017,1125,"YAMUNA AT AGRA U/S, U.P.",UTTAR PRADESH,Yamuna,7.75,1165.0,10.0,7.6,1.825,YAMUNA,2017-06-30
2017,1126,"YAMUNA AT D/S OF AGRA, U.P.",UTTAR PRADESH,Yamuna,7.75,1376.5,12.0,4.25,,YAMUNA,2017-06-30
2017,1498,"YAMUNA AT BATESWAR, U.P",UTTAR PRADESH,Yamuna,8.0,1295.0,17.0,7.1,11.895,YAMUNA,2017-06-30
2017,1127,"YAMUNA AT ETAWAH, U.P.",UTTAR PRADESH,Yamuna,8.1,1219.0,21.0,7.7,,YAMUNA,2017-06-30
2017,1499,"YAMUNA AT JUHIKA B/C WITH CHAMBAL, ETAWAH, U.P",UTTAR PRADESH,Yamuna,7.9,929.5,9.0,8.0,1.6300000000000001,YAMUNA,2017-06-30
2017,1069,"YAMUNA AT ALLAHABAD D/S (BALUA GHAT), U.P",UTTAR PRADESH,Yamuna,7.9,448.5,2.15,8.5,1.11,YAMUNA,2017-06-30
2017,2724,"SUSWA RIVER AT MOTHRAWALA, DEHRADUN",UTTARAKHAND,Yamuna,7.4,,34.5,2.5,,RIVER,2017-06-30
2017,2734,BHELLA RIVER U/S KASHIPUR,UTTARAKHAND,Yamuna,7.45,210.0,4.0,6.4,,RIVER,2017-06-30
2017,2735,BHELLA RIVER AT LOHIYA BRIDGE D/S KASHIPUR,UTTARAKHAND 17.8,Yamuna,7.25,610.0,38.0,0.6,,AT LOHIYA BRIDGE,2017-06-30
2017,2732,DHELLA RIVER U/S AT KASHIPUR MORADABAD ROAD BRIDGE,UTTARAKHAND,Yamuna,7.5,240.0,10.0,5.5,,U/S,2017-06-30
2017,2733,DHELLA RIVER D/S AT THAKURDWARA ALIGANJ ROAD,UTTARAKHAND,Yamuna,7.15,905.0,36.0,3.5,,D/S,2017-06-30
2017,2731,KOSHI RIVER AT KASHIPUR BAJPUR ROAD BRIDGE,UTTARAKHAND,Yamuna,7.449999999999999,310.0,4.0,6.9,,RIVER,2017-06-30
2017,2728,GOLA RIVER AT HALDWANI,UTTARAKHAND,Yamuna,7.699999999999999,230.0,1.5,7.5,,RIVER,2017-06-30
2017,1064,"RAMGANGA AT KANNAUJ (BEFORE CONF.), U.P",UTTAR PRADESH,Yamuna,8.05,445.5,4.9,7.300000000000001,0.3,RAMGANGA,2017-06-30
2017,2497,"RIVER KALI EAST AT KHARKHODAPARIKSHIT GARH ROAD, VILL. KOL, MEERUT",UTTAR PRADESH,Yamuna,7.5,1022.5,70.5,,2.3,KALI EAST,2017-06-30
2017,1065,"KALINADI AT KANNAUJ (BEFORE CONF.), U.P",UTTAR PRADESH,Yamuna,7.9,503.5,5.9,7.95,0.35,KALINADI,2017-06-30
2017,2482,"RIVER VARUNA AT RAMESHWAR, VARANASI",UTTAR PRADESH,Yamuna,8.2,408.0,3.3499999999999996,8.0,0.3,VARUNA,2017-06-30
2017,2483,RIVER VARUNA B/C WITH RIVER GANGA AT VARANASI,UTTAR PRADESH,Yamuna,8.55,714.5,33.8,2.25,0.55,VARUNA B/C WITH RIVER GANGA,2017-06-30
2017,1361,"SAI AT UNNAO AFTER DRAIN OUTFALL, U.P.",UTTAR PRADESH,Yamuna,7.65,523.5,3.2,7.8,0.3,SAI,2017-06-30
2017,2484,"RIVER SAI AT JALALPUR, JAUNPUR",UTTAR PRADESH,Yamuna,8.3,433.0,3.85,7.85,0.3,SAI,2017-06-30
2017,1350,"GOMTI AT SITAPUR U/S AT WATER INTAKE, U.P.",UTTAR PRADESH,Yamuna,8.2,372.9,2.2,9.0,0.9,GOMTI,2017-06-30
2017,1351,"GOMTI AT LUCKNOW U/S AT WATER INTAKE POINT, U.P.",UTTAR PRADESH,Yamuna,8.05,267.85,3.55,7.4,1.5499999999999998,GOMTI,2017-06-30
2017,1352,"GOMTI AT LUCKNOW D/S, U.P.",UTTAR PRADESH,Yamuna,7.5,550.15,10.5,2.2,1.65,GOMTI,2017-06-30
2017,1353,"GOMTI AT JAUNPUR D/S, U.P.",UTTAR PRADESH,Yamuna,8.45,464.0,4.75,7.4,0.3,GOMTI,2017-06-30
2017,1072,"GOMTI AT VARANASI, U.P",UTTAR PRADESH,Yamuna,8.350000000000001,450.0,3.95,7.9,0.3,GOMTI,2017-06-30
2017,10083,RIVER GOMTI AT NEEMSAR U/S,UTTAR PRADESH,Yamuna,8.1,374.35,2.25,8.399999999999999,0.9,GOMTI,2017-06-30
2017,10084,RIVER GOMTI AT NEEMSAR D/S,UTTAR PRADESH,Yamuna,8.15,393.2,2.35,8.4,0.9,GOMTI,2017-06-30
2017,10085,RIVER GOMTI AT BHATPUR U/S,UTTAR PRADESH,Yamuna,8.2,414.8,2.75,8.35,0.9500000000000001,GOMTI,2017-06-30
2017,10086,RIVER GOMTI AT BHATPUR D/S,UTTAR PRADESH,Yamuna,7.949999999999999,426.3,2.85,8.149999999999999,1.0,GOMTI,2017-06-30
2017,10087,RIVER GOMTI AT GAUGHAT U/S,UTTAR PRADESH,Yamuna,8.05,269.7,3.55,7.35,1.2,GOMTI,2017-06-30
2017,10088,RIVER GOMTI AT GAUGHAT D/S,UTTAR PRADESH,Yamuna,7.949999999999999,408.0,3.6,6.85,1.25,GOMTI,2017-06-30
2017,10089,RIVER GOMTI AT MOHMEAK U/S,UTTAR PRADESH,Yamuna,7.7,502.6,8.8,2.85,1.45,GOMTI,2017-06-30
2017,10090,RIVER GOMTI AT MOHMEAK D/S,UTTAR PRADESH,Yamuna,7.65,505.7,11.9,2.6,1.5499999999999998,GOMTI,2017-06-30
2017,10091,RIVER GOMTI AT PIPRAGHAT U/S,UTTAR PRADESH,Yamuna,7.55,546.05,9.7,2.35,1.5499999999999998,GOMTI,2017-06-30
2017,10092,RIVER GOMTI AT PIPRAGHAT D/S,UTTAR PRADESH,Yamuna,7.45,550.65,10.5,2.15,1.65,GOMTI,2017-06-30
2017,10093,RIVER GOMTI AT GANGAGANJ U/S,UTTAR PRADESH,Yamuna,7.95,532.65,6.05,4.2,0.9,GOMTI,2017-06-30
2017,10094,RIVER GOMTI AT GANGAGANJ D/S,UTTAR PRADESH,Yamuna,7.949999999999999,533.5,5.8,5.1,1.05,GOMTI,2017-06-30
2017,10095,RIVER GOMTI AT SULTANPUR U/S,UTTAR PRADESH,Yamuna,7.85,326.5,4.550000000000001,6.75,0.8,GOMTI,2017-06-30
2017,10096,RIVER GOMTI AT SULTANPUR D/S,UTTAR PRADESH,Yamuna,7.85,332.0,4.65,6.550000000000001,0.8500000000000001,GOMTI,2017-06-30
2017,10097,RIVER GOMTI AT JAUNPUR U/S,UTTAR PRADESH,Yamuna,8.2,419.0,3.25,8.15,0.3,GOMTI,2017-06-30
2017,2491,"RIVER RAPTI AT RAJGHAT, GORAKHPUR",UTTAR PRADESH,Yamuna,7.7,408.0,3.8000000000000003,7.55,0.55,RAPTI,2017-06-30
2017,1363,"RAPTI AFTER CONFL. OF R. HONIN NR. DOMINGARH RLY BRIDGE, GORAKHPUR, U.P.",UTTAR PRADESH,Yamuna,7.85,377.5,3.45,7.8999999999999995,0.35,HONIN,2017-06-30
2017,1354,"SARYU AT AYODHYA AT MAIN BATHING GHAT, U.P.",UTTAR PRADESH,Yamuna,7.800000000000001,365.5,3.5999999999999996,8.5,0.8,SARYU,2017-06-30
2017,1355,"GHAGHARA AT DEORIA D/S, U.P.",UTTAR PRADESH,Yamuna,7.85,459.0,3.25,7.699999999999999,0.3,GHAGHARA,2017-06-30
2017,2492,"RIVER GHAGHRA AT BARHALGANJ, GORAKHPUR",UTTAR PRADESH,Yamuna,7.8,426.0,3.5,7.550000000000001,0.44999999999999996,GHAGHRA,2017-06-30
2017,1359,"RIHAND AT RENUKUT U/S, U.P.",UTTAR PRADESH,Yamuna,7.7,398.0,1.5,7.449999999999999,0.3,RIHAND,2017-06-30
2017,1360,"RIHAND AT RENUKUT D/S, U.P.",UTTAR PRADESH,Yamuna,7.6,407.0,1.5499999999999998,7.85,0.3,RIHAND,2017-06-30
2017,1076,GHAGHARA NEAR CHAPRA,BIHAR,Yamuna,7.95,343.5,2.3,8.2,,GHAGHARA,2017-06-30
2017,1075,SONE AT KOELWAR,BIHAR,Yamuna,8.0,257.5,1.85,8.35,,SONE,2017-06-30
2017,3121,SONE RIVER NEAR BANZARI,BIHAR,Yamuna,7.6,236.0,1.95,8.3,,RIVER,2017-06-30
2017,3127,SONE RIVER AT BAHIYARA,BIHAR,Yamuna,7.95,226.0,1.7999999999999998,8.3,,RIVER,2017-06-30
2017,3128,SONE RIVER AT NASIRIGANJ DAM,BIHAR,Yamuna,7.6,260.5,2.2,8.2,,RIVER,2017-06-30
2017,1078,"GANDAK AT SONEPUR, PATNA (B/C GANGA)",BIHAR,Yamuna,7.6,241.0,2.35,8.25,,GANDAK,2017-06-30
2017,2568,"GANDAK AT REWAGHAT, MUJAFFARPUR",BIHAR,Yamuna,7.9,265.0,1.7999999999999998,5.800000000000001,,GANDAK,2017-06-30
2017,2570,BURHI GANDAK AT Z ROAD BRIDGE,BIHAR,Yamuna,7.8,304.0,2.25,7.8500000000000005,,GANDAK,2017-06-30
2017,3124,BURHI GANDAK RIVER U/S ROAD BRIDGE MUZAFFARPUR (NH),BIHAR,Yamuna,7.7,284.5,2.0999999999999996,7.6,,RIVER,2017-06-30
2017,3125,GANDAK RIVER GOPALGANJ PIPRAKOTHI ROAD BRIDGE (DUMARIA GHAT),BIHAR,Yamuna,7.699999999999999,265.0,1.9,8.45,,Yamuna,2017-06-30
2017,2575,"SIKRAHNA RIVER AT LAL PARSE, BITTIAH",BIHAR,Yamuna,7.699999999999999,400.0,2.4,6.65,,RIVER,2017-06-30
2017,1820,SIKRAHNA AT CHANPATIYA,BIHAR,Yamuna,7.6,527.0,3.25,5.95,,SIKRAHNA,2017-06-30
2017,3134,"SIKRAHNA RIVER AT LAUREA, HARINAGAR ROAD BRIDGE",BIHAR,Yamuna,7.6,425.5,2.55,6.55,,RIVER,2017-06-30
2017,2562,"BURHI GANDAK AT AKHARAGHAT, MUZAFFARPUR",BIHAR,Yamuna,7.699999999999999,329.5,2.3,6.9,,GANDAK,2017-06-30
2017,2558,HARBORA RIVER AT NARKATIAGANJ,BIHAR,Yamuna,7.550000000000001,403.5,2.4,7.95,,RIVER,2017-06-30
2017,3126,U/S HARBORA RIVER,BIHAR,Yamuna,8.0,332.5,2.25,8.3,,Yamuna,2017-06-30
2017,2567,KAMALA RIVER AT BENIPATTI (MADHUBANI),BIHAR,Yamuna,7.65,316.0,2.25,7.65,,RIVER,2017-06-30
2017,2569,KAMALA RIVER AT DARBHANGA,BIHAR,Yamuna,7.699999999999999,401.0,2.8,7.199999999999999,,RIVER,2017-06-30
2017,3133,KAMALA RIVER AT JAYNAGAR,BIHAR,Yamuna,8.05,336.0,2.3499999999999996,7.800000000000001,,RIVER,2017-06-30
2017,2563,"MANUSMAR RIVER AT RIGA, SITAMARHI",BIHAR,Yamuna,7.4,375.5,2.0999999999999996,7.3,,RIVER,2017-06-30
2017,2565,KOSHI RIVER AT KURSHELA AT KATIHAR,BIHAR,Yamuna,7.75,191.0,1.9,8.4,,AT KURSHELA,2017-06-30
2017,2566,KOSHI RIVER AT MADHEPURA,BIHAR,Yamuna,7.35,229.5,1.9,7.8999999999999995,,RIVER,2017-06-30
2017,3137,KOSHI RIVER AT BEERPUR,BIHAR,Yamuna,7.8,208.0,1.95,8.4,,RIVER,2017-06-30
2017,1821,DAHA AT SIWAN,BIHAR,Yamuna,7.6,414.0,2.7,7.4,,DAHA,2017-06-30
2017,2560,D/S DAHA RIVER AT SASAMUSA,BIHAR,Yamuna,7.95,314.0,2.55,7.5,,RIVER,2017-06-30
2017,2561,"DAHA RIVER AT ITWA BRIDGE, SIWAN",BIHAR,Yamuna,7.85,303.5,2.5999999999999996,8.35,,RIVER,2017-06-30
2017,3129,DAHA RIVER AT MEERGANJ,BIHAR,Yamuna,7.800000000000001,327.5,2.65,7.85,,RIVER,2017-06-30
2017,1823,"DHOUS AT MADHUVAPUR, MADHUBANI",BIHAR,Yamuna,7.55,301.5,2.4,7.550000000000001,,DHOUS,2017-06-30
2017,1824,FARMAR AT JOGBANI,BIHAR,Yamuna,7.65,296.5,2.4,6.199999999999999,,FARMAR,2017-06-30
2017,2559,RAMREKHA RIVER AT HARINAGAR,BIHAR,Yamuna,7.3,442.5,3.5,5.55,,RIVER,2017-06-30
2017,3130,RAMREKHA RIVER AT U/S HARINAGAR,BIHAR,Yamuna,7.15,414.0,3.4,5.8,,AT,2017-06-30
2017,1822,SIRSIYA AT RAXAUL,BIHAR,Yamuna,7.45,614.0,11.0,2.1,,SIRSIYA,2017-06-30
2017,3132,BAGMATI RIVER AT MUZAFFARPUR SITAMARHI ROAD BRIDGE,BIHAR,Yamuna,7.65,307.5,2.2,8.15,,RIVER,2017-06-30
2017,3135,"BAGMATI RIVER AT DARBANGA, SAMASTIPUR ROAD BRIDGE",BIHAR,Yamuna,8.149999999999999,305.0,2.25,7.8500000000000005,,RIVER,2017-06-30
2017,3131,U/S MANUSMAR RIVER (RIGA),BIHAR,Yamuna,7.449999999999999,373.5,2.15,8.149999999999999,,Yamuna,2017-06-30
2017,3119,POONPUN RIVER NEAR POONPUN RAIL BRIDGE,BIHAR,Yamuna,7.6499999999999995,319.5,2.6,7.6,,RIVER,2017-06-30
2017,3120,POONPUN RIVER NEAR KINZER ROAD BRIDGE,BIHAR,Brahmaputra,7.7,339.0,2.3,7.8999999999999995,,RIVER,2017-06-30
2017,3136,SIRSA RIVER D/S RAXAUL (KOERIA TOLA),BIHAR,Brahmaputra,7.4,584.0,8.5,3.1,,RIVER,2017-06-30
2017,2556,"SONE AT INDRAPURI, DEHRI ON SONE",BIHAR,Brahmaputra,7.55,207.0,2.05,8.149999999999999,,SONE,2017-06-30
2017,10126,GANDAK AT KONHARA GHAT,BIHAR,Brahmaputra,7.6,226.0,2.0,7.9,,GANDAK,2017-06-30
2017,10163,"GANDAK AT ROAD BRIDGE, U/S HAJIPUR",BIHAR,Brahmaputra,7.65,236.0,2.15,7.8,,GANDAK,2017-06-30
2017,1260,"BRAHAMPUTRA AT KHERGHAT (AFTER CONFL. WITH DIBANG & DIHANG), ASSAM",ASSAM,Brahmaputra,7.35,158.5,1.7,6.55,1.0,BRAHAMPUTRA,2017-06-30
2017,1030,"BRAHAMPUTRA AT DIBRUGARH, ASSAM",ASSAM,Brahmaputra,7.35,222.5,1.95,6.55,1.1,BRAHAMPUTRA,2017-06-30
2017,1262,"BRAHAMPUTRA AT NIMATIGHAT, ASSAM",ASSAM,Brahmaputra,7.199999999999999,114.5,2.0,6.4,1.05,BRAHAMPUTRA,2017-06-30
2017,1526,"BRAHMPUTRA RIVER AT DHENUKHAPAHAR, ASSAM",ASSAM,Brahmaputra,7.1,129.5,3.5,6.9,1.3499999999999999,RIVER,2017-06-30
2017,1031,"BRAHAMPUTRA AT PANDU, ASSAM",ASSAM,Brahmaputra,7.35,116.5,1.7000000000000002,7.0,1.6500000000000001,BRAHAMPUTRA,2017-06-30
2017,1299,"BRAHAMPUTRA AT JOGIJHOGA NEAR BRIDGE, ASSAM",ASSAM,Brahmaputra,7.25,133.5,1.7,6.9,0.75,BRAHAMPUTRA,2017-06-30
2017,2069,"BRAHMPUTRA RIVER NEAR WATER INTAKE POINT AT KACHARIGHAT, PANBAZAR, GUWAHATI, ASSAM",ASSAM,Brahmaputra,7.550000000000001,147.0,1.9000000000000001,5.9,1.55,NEAR WATER INTAKE POINT,2017-06-30
2017,2064,"BRAHMAPUTRA RIVER AT CHANDRAPUR, GUWAHATI, ASSAM",ASSAM,Brahmaputra,7.199999999999999,138.5,1.7,6.85,1.0999999999999999,RIVER,2017-06-30
2017,2067,"BRAHMPUTRA RIVER AT SUALKUCHI, DIST. KAMRUP, ASSAM",ASSAM,Brahmaputra,7.35,217.5,2.3,7.15,0.75,RIVER,2017-06-30
2017,2066,"BRAHMAPUTRA RIVER AT DHUBRI, ASSAM",ASSAM,Brahmaputra,7.1,146.5,1.7999999999999998,7.75,1.3,RIVER,2017-06-30
2017,3781,"BRAHAMPUTRA RIVER AT BOGIBEEL BRIDGE, BOGIBEEL, DIBRUGARH",ASSAM,Brahmaputra,7.4,130.0,2.4,7.8,1.9500000000000002,RIVER,2017-06-30
2017,1796,DHANSIRI AT FULL NAGARJAN,NAGALAND,Dhansiri,7.6,264.5,3.7,3.3,0.65,DHANSIRI,2017-06-30
2017,1799,DHANSIRI AT TOWN BOUNDARY BRIDGE (DIPHU ROAD),NAGALAND,Dhansiri,7.6,140.0,3.0,3.7,0.5,DHANSIRI,2017-06-30
2017,1797,"DHANSIRI AT BRIDGE NEAR PURANA BAZAAR, NAGALAND",NAGALAND,Dhansiri,7.75,176.0,4.4,3.65,0.6,DHANSIRI,2017-06-30
2017,1800,DHANSIRI AT NUTON BASTI,NAGALAND,Dhansiri,7.25,263.5,14.2,3.7,0.65,DHANSIRI,2017-06-30
2017,1798,DHANSIRI AT NEAR CHECK GATE (DIMAPUR KHUTKHUTI ROAD),NAGALAND,Dhansiri,7.7,166.0,3.9,3.75,0.5,DHANSIRI,2017-06-30
2017,1259,"DHANSIRI AT GOLAGHAT, ASSAM",ASSAM,Dhansiri,7.15,218.0,3.3,6.55,0.8500000000000001,DHANSIRI,2017-06-30
2017,1928,"DHANSIRI AT NAGALANDASSAM BORDER, DIMAPUR",NAGALAND,Dhansiri,7.6,215.5,5.95,4.1000000000000005,0.6,DHANSIRI,2017-06-30
2017,1929,"CHATHE AT MEDZIPHEMA, DIMAPUR",NAGALAND,Dhansiri,7.75,113.5,2.6,4.85,0.7,CHATHE,2017-06-30
2017,1930,DZU D/S KOHIMA TOWN,NAGALAND,Dhansiri,8.3,325.0,3.3,4.3500000000000005,0.7,DZU,2017-06-30
2017,3764,"DHANSIRI RIVER NEAR BRIDGE AT NH15, DHANSIRI BHALUKMARI JUNGLE, UDALGURI",NAGALAND,Dhansiri,7.35,83.0,3.1,7.0,2.0,NEAR BRIDGE,2017-06-30
2017,3792,DHANSIRI RIVER AT JAHAIGHAT,NAGALAND,Dhansiri,7.0,94.5,3.05,6.85,1.15,RIVER,2017-06-30
2017,1261,"SUBANSIRI AT GEREKAMUKH (BEFORE CONFL. WITH BRAH.), ASSAM",ASSAM,Subhansiri,7.050000000000001,69.0,1.85,7.8,0.7000000000000001,SUBANSIRI,2017-06-30
2017,2061,"KHARSANG BEFORE CONFLUENCE WITH BURIDIHING NEAR KHARSANG (ASSAMARUNANCHAL BORDER), ASSAM",ASSAM,Subhansiri,7.15,124.5,1.65,6.25,1.1500000000000001,BURIDIHING,2017-06-30
2017,1422,"BURHIDIHING AT MARGHERITA, ASSAM",ASSAM,Subhansiri,7.449999999999999,139.0,2.3,5.2,1.1,BURHIDIHING,2017-06-30
2017,2062,"BURHIDIHING NEAR DULIAJAN AT D/S, TINSUKIA, ASSAM",ASSAM,Subhansiri,7.0,135.0,2.8,7.6,1.3,BURHIDIHING,2017-06-30
2017,2230,"BURHIDIHING RIVER AT DULIAJAN (INTAKE POINT OF OIL INDIA LTD.), ASSAM",ASSAM,Subhansiri,6.9,140.5,2.7,6.7,1.3,RIVER,2017-06-30
2017,2065,"PAGLDIA RIVER NEAR NALBARI TOWN, DIST. NALBARI, ASSAM",ASSAM,Subhansiri,7.65,138.0,2.9,5.949999999999999,0.95,RIVER,2017-06-30
2017,1530,"DIGBOI RIVER AT LAKHIPATHE, RESERVE FOREST, DIGBOI, ASSAM",ASSAM,Subhansiri,6.9,280.5,4.35,7.85,1.6,RIVER,2017-06-30
2017,2063,"JAI BHARALI RIVER NEAR BISWANATH CHARALI, SONITPUR, ASSAM",ASSAM,Subhansiri,7.0,56.0,1.85,6.8,1.2,RIVER,2017-06-30
2017,2237,"KOLONG RIVER AT U/S OF ANANDARAM DEKIAL PHUKAN BRIDGE, NAGAON, ASSAM",ASSAM,Subhansiri,6.75,113.0,2.3,4.35,0.65,AT,2017-06-30
2017,2059,"KOLONG RIVER AT MARIGAON, ASSAM",ASSAM,Subhansiri,7.05,70.0,2.1,6.5,1.9500000000000002,RIVER,2017-06-30
2017,2060,"MANAS RIVER AT NH31 CROSSING, BARPETA, DISTRICT, ASSAM",ASSAM,Subhansiri,7.7,231.5,1.25,6.9,1.2999999999999998,RIVER,2017-06-30
2017,2058,"DISANG RIVER AT DILLIGHAT, DIBRUGARH DIST., ASSAM",ASSAM,Subhansiri,7.4,105.0,1.6,7.3999999999999995,2.5,RIVER,2017-06-30
2017,1298,"DISANG AT GUNDAMGHAT, ASSAM",ASSAM,Subhansiri,7.0,149.0,1.5,6.949999999999999,1.45,DISANG,2017-06-30
2017,1258,"JHANJI AT N.H. CROSSING JORHAT, ASSAM",ASSAM,Subhansiri,7.0,100.0,1.75,5.75,0.95,JHANJI,2017-06-30
2017,1527,"BHOGDOI RIVER AT JORHAT , ASSAM",ASSAM,Subhansiri,7.0,139.0,2.6,6.6,0.85,RIVER,2017-06-30
2017,1531,"MORA BHARALI AT TEZPUR, ASSAM",ASSAM,Subhansiri,6.9,268.5,3.3,4.75,1.4,BHARALI,2017-06-30
2017,1423,"BARAK AT PANCHAGRAM , ASSAM",ASSAM,Subhansiri,6.95,85.5,1.6,6.55,2.1,BARAK,2017-06-30
2017,2838,"BARAK RIVER NEAR NONEY VILLAGE (N.H. 53), TAMENGLONG",ASSAM,Subhansiri,7.9,199.0,1.0,7.300000000000001,,RIVER,2017-06-30
2017,2869,BARAK RIVER AT SENAPATI,ASSAM,Subhansiri,6.9,236.0,1.05,7.25,,RIVER,2017-06-30
2017,2875,"BARAK RIVER AT N.H. 53, TAMENGLONG .",ASSAM,Subhansiri,6.85,135.0,1.0,7.6,,RIVER,2017-06-30
2017,1528,"BHARALU RIVER AT GUWAHATI, ASSAM",ASSAM,Subhansiri,7.0,435.5,24.0,3.65,4.1,RIVER,2017-06-30
2017,1529,"DEEPAR BILL, ASSAM*",ASSAM,Subhansiri,8.1,211.5,4.75,3.1,1.2,Subhansiri,2017-06-30
2017,2068,"KATHAKAL U/S AT MATIJURI, DIST. HAILAKANDI, ASSAM",ASSAM,Subhansiri,6.9,111.5,2.0,8.0,1.8,KATHAKAL,2017-06-30
2017,3095,"GANGA RIVER AT CHANDRAPUR, ITANAGAR,",ASSAM,Subhansiri,8.149999999999999,49.5,,2.8,,RIVER,2017-06-30
2017,3096,"DIKRONG RIVER AT NIRJULI,",ASSAM,Subhansiri,7.5,85.5,,,,RIVER,2017-06-30
2017,3099,"LOHIT RIVER AT ALUBARI,",ASSAM,Subhansiri,7.9,104.5,,,,RIVER,2017-06-30
2017,3100,"NAMCHIK RIVER AT KHARSANG,",ASSAM,Subhansiri,7.5,75.5,,,,RIVER,2017-06-30
2017,3103,"PACHIN RIVER AT NAHARLAGUN (BELOW BARAPANI BRIDGE),",ASSAM,Subhansiri,7.65,81.5,,,,RIVER,2017-06-30
2017,3105,"GAI NADI NEAR HSS LIKABALI,",ASSAM,Subhansiri,7.3,73.0,,,,NADI,2017-06-30
2017,3106,"DIBANG RIVER AT ROING,",ASSAM,Subhansiri,8.3,114.5,,,,RIVER,2017-06-30
2017,3107,"DIHING RIVER AT MIAO,",ASSAM,Subhansiri,8.2,96.0,,,,RIVER,2017-06-30
2017,3769,"BHOGDOI RIVER (PUJADUBI GHAT) INTAKE POINT OF URBAN WATER SUPPLY, JORHAT",ASSAM,Teesta,6.9,92.5,1.65,5.0,1.45,Teesta,2017-06-30
2017,3776,"DIKHOW RIVER AT NAGINI MORA (INTERSTATE BOUNDARIES, ASSAMNAGALAND)",ASSAM,Teesta,6.800000000000001,78.0,1.75,5.7,1.9000000000000001,RIVER,2017-06-30
2017,1947,TEESTA AT SILIGURI,ASSAM,Teesta,7.550000000000001,75.0,2.15,7.4,0.44999999999999996,TEESTA,2017-06-30
2017,2231,"DIKHOW RIVER AT DIKHOW BRIDGE SIVASAGAR, ASSAM",ASSAM,Teesta,7.0,132.5,1.9500000000000002,6.6,0.9,RIVER,2017-06-30
2017,2232,"KOHORA RIVER AT N.H. CROSSING, KOHORA, ASSAM",ASSAM,Teesta,6.85,77.0,1.75,5.800000000000001,1.4000000000000001,RIVER,2017-06-30
2017,2233,"BOGINADI NEAR BRIDGE NH52, LAKHIMPUR, ASSAM",ASSAM,Teesta,6.75,68.0,2.6,9.3,0.9,BOGINADI,2017-06-30
2017,2234,"RANGA NADI D/S OF HYDEL PROJECT, ASSAM",ASSAM,Teesta,7.15,89.0,2.15,7.35,1.05,NADI,2017-06-30
2017,2236,"KAPILI RIVER AT DHARMTUL BRIDGE, NH31, NAGAON, ASSAM",ASSAM,Teesta,6.3,71.0,3.25,5.05,0.8500000000000001,RIVER,2017-06-30
2017,2238,"BEKI RIVER AT NH37 CROSSING AT BARPETA ROAD, ASSAM",ASSAM,Teesta,7.35,111.5,1.3,5.85,2.65,RIVER,2017-06-30
2017,2239,"SANKOSH RIVER, DHUBRI, ASSAM",ASSAM,Teesta,6.800000000000001,68.0,1.75,5.4,1.35,Teesta,2017-06-30
2017,2240,"BARAK RIVER AT D/S OF SILCHAR, ASSAM",ASSAM,Teesta,6.95,81.0,1.95,5.7,0.7999999999999999,AT,2017-06-30
2017,2241,"SONAI RIVER AT SONAI, ASSAM",ASSAM,Teesta,7.0,82.5,1.85,5.65,0.8,RIVER,2017-06-30
2017,2242,"KUSHIARA RIVER AT KARIMGANJ, ASSAM",ASSAM,Teesta,6.95,90.5,1.9,5.1,2.1,RIVER,2017-06-30
2017,2523,"KAROLA, D/S OF JALPAIGURI, NEAR MIN BHAWAN",WEST BENGAL,Teesta,7.2,112.0,2.55,6.1,0.55,Teesta,2017-06-30
2017,2524,"KALJANI D/S OF ALIPURDWAR, MUNICIPALITY DISCHARGE POINT",WEST BENGAL,Teesta,7.4,136.0,3.5,6.699999999999999,0.44999999999999996,KALJANI,2017-06-30
2017,2235,"PANCHNAI RIVER AT NH52 CROSSING, ORANG, ASSAM",ASSAM,Teesta,7.3,80.0,6.15,7.05,1.9,RIVER,2017-06-30
2017,2888,"CHATHE RIVER NEAR CHRISTIAN INSTITUTE OF HEALTH SCIENCES AND RESEARCH (CIHSR), DIMAPUR",NAGALAND,Teesta,7.7,106.0,2.3,5.6,0.7999999999999999,RIVER,2017-06-30
2017,2889,DZUCHA RU IN KOHIMA,NAGALAND,Teesta,8.05,192.0,1.9,5.949999999999999,0.55,Teesta,2017-06-30
2017,2890,SANO RU IN KOHIMA,NAGALAND,Teesta,7.75,311.0,2.8,5.35,1.75,Teesta,2017-06-30
2017,2891,DZUCHA RU IN KOHIMA,NAGALAND,Teesta,7.800000000000001,241.5,2.7,5.0,0.6,Teesta,2017-06-30
2017,2892,"DZUNA RU IN KOHIMA, ADJOINING THE NEW KOHIMA MUNICIPAL COUNCIL SOLID WASTE MANAGEMENT SITE, NAGALAND",NAGALAND,Teesta,8.1,498.0,8.15,5.15,1.3,Teesta,2017-06-30
2017,2893,DZUNA RU (CONFLUENCE OF DZUCHA & DZUNA RU) IN KOHIMA,NAGALAND,Teesta,7.75,287.5,4.2,5.05,1.0,Teesta,2017-06-30
2017,2894,"MILAK RIVER AT TULI, MOKOKCHUNG",NAGALAND,Teesta,7.8,99.0,2.0,5.15,0.35,RIVER,2017-06-30
2017,2895,"MILAK RIVER AT PAPER NAGAR, TULI, MOKOKCHUNG",NAGALAND,Teesta,6.8,95.0,2.0,5.1,0.4,RIVER,2017-06-30
2017,3377,"MYNTANG RIVER AT NARTIANG, JAYANTIA HILLS",MEGHALAYA,Teesta,7.0,50.5,1.45,7.75,0.5,RIVER,2017-06-30
2017,3378,"MYNTANG RIVER AT MYNSO, JAYANTIA HILLS",MEGHALAYA,Teesta,7.05,50.5,1.4,7.699999999999999,0.25,RIVER,2017-06-30
2017,3380,"DAMRING RIVER (KRISHNEI RIVER) AT RESUBELPARA,",MEGHALAYA,Teesta,7.4,82.5,1.8499999999999999,7.449999999999999,0.4,Teesta,2017-06-30
2017,3381,"MANDA RIVER (DUDHAI RIVER) AT JAMPA,",MEGHALAYA,Teesta,7.75,148.0,1.8,7.15,0.6,Teesta,2017-06-30
2017,3382,MANDA RIVER (DUDHAI RIVER) AT WAGAISI,MEGHALAYA,Teesta,7.7,85.0,1.3,7.1,0.5,Teesta,2017-06-30
2017,1232,"MAHI (D/S) CONF WITH R. CHAP (UNDER SAGWARASARHI RD. BDG.), RAJASTHAN",RAJASTHAN,Tributary Streams - Mahi,7.85,475.0,1.6,5.1,2.05,Mahi,2017-06-30
2017,1229,"MAHI NEAR RAJASTHAN BORDER AT KADANA DAM,",GUJARAT,Tributary Streams - Mahi,8.1,594.5,0.55,7.7,0.35,MAHI,2017-06-30
2017,1230,"MAHI AFTER CONF. WITH ANAS AT PARDI (BANASWADA),",GUJARAT,Tributary Streams - Mahi,8.3,370.5,1.4000000000000001,7.35,0.5,ANAS,2017-06-30
2017,1231,"MAHI AT VIRPUR,",GUJARAT,Tributary Streams - Mahi,8.25,368.5,0.8999999999999999,7.1,0.55,MAHI,2017-06-30
2017,1863,MAHI AT UMETA BRIDGE,GUJARAT,Tributary Streams - Mahi,8.100000000000001,494.0,1.2,8.05,0.45,MAHI,2017-06-30
2017,1864,MAHI AT MUJPUR,GUJARAT,Tributary Streams - Mahi,8.05,8425.5,1.1,6.3999999999999995,0.5,MAHI,2017-06-30
2017,1233,MAHI AT BADNAWAR,MADHYA PRADESH,Tributary Streams - Mahi,8.1,475.5,1.55,7.2,1.1,MAHI,2017-06-30
2017,3206,MAHI AT SHERKHI BRIDGE,MADHYA PRADESH,Tributary Streams - Mahi,8.05,1005.5,1.45,5.6,0.5,MAHI,2017-06-30
2017,3318,"MAHI AT RANISINGH VILLAGE, RATLAM, UJJAIN",MADHYA PRADESH,Tributary Streams - Mahi,7.8,363.0,2.0,7.1,2.0,MAHI,2017-06-30
2017,2102,"SHIVNA AT RAMGHAT, MANDSAUR",MADHYA PRADESH,Tributary Streams - Mahi,7.8,507.5,2.1,6.9,1.9,SHIVNA,2017-06-30
2017,2103,"JAMMER AT DHOLOWAD, RATLAM",MADHYA PRADESH,Tributary Streams - Mahi,7.6,313.5,1.65,7.199999999999999,1.5499999999999998,JAMMER,2017-06-30
2017,2104,MALEI AT JAORA,MADHYA PRADESH,Tributary Streams - Mahi,7.699999999999999,552.0,2.0,7.0,1.7999999999999998,MALEI,2017-06-30
2017,2105,CHILLAR AT SHAJAPUR,MADHYA PRADESH,Tributary Streams - Mahi,7.949999999999999,353.0,1.7999999999999998,6.699999999999999,0.65,CHILLAR,2017-06-30
2017,3848,ANAS RIVER NEAR ROAD BRIDGE JHABUA,MADHYA PRADESH,Tributary Streams - Mahi,8.25,508.0,1.55,6.9,442.35,RIVER,2017-06-30
2017,1221,"SABARMATI AT KHEROJ BRIDGE,",GUJARAT,Sabarmati,7.75,738.5,2.85,6.550000000000001,0.3,SABARMATI,2017-06-30
2017,1407,"SABARMATI AT GANDHI NAGAR CHILODA BRIDGE, LEKAWADA,",GUJARAT,Sabarmati,8.25,316.0,3.5,5.949999999999999,0.05,SABARMATI,2017-06-30
2017,1408,"SABARMATI AT VILL. MIROLI TALUKA DASCROI, AHMEDABAD,",GUJARAT,Sabarmati,7.65,1823.5,65.5,2.45,0.2,SABARMATI,2017-06-30
2017,1409,"SABARMATI AT RAILWAY BRIDGE AHMEDABAD,",GUJARAT,Sabarmati,8.0,250.0,12.4,5.5,1.05,SABARMATI,2017-06-30
2017,1866,"SABARMATI RIVER AT HANSAOL BRIDGE,",GUJARAT,Sabarmati,7.95,305.5,4.85,5.449999999999999,0.15000000000000002,RIVER,2017-06-30
2017,1223,"SABARMATI AFTER CONF. WITH MESHWA AT VAUTHA (NEAR DHOKLA),",GUJARAT,Sabarmati,8.5,2016.0,37.5,3.2,0.25,MESHWA,2017-06-30
2017,1482,"SABARMATI AT MAHUDI JAIN TEMPLE, 150 KM. FORM ORIGIN,",GUJARAT,Sabarmati,8.15,569.0,4.0,6.699999999999999,0.05,SABARMATI,2017-06-30
2017,1222,"SHEDHI AT KHEDA,",GUJARAT,Sabarmati,7.9,1753.0,2.4,5.5,0.35,SHEDHI,2017-06-30
2017,1224,"MESHWA NEAR RAJASTHAN BORDER AT SAMLAJI,",GUJARAT,Sabarmati,7.75,702.0,2.7,4.65,0.35,MESHWA,2017-06-30
2017,1437,"KHARI AT LALI VILLAGE NEAR AHMEDABAD,",GUJARAT,Sabarmati,7.65,2285.0,132.0,2.95,0.2,KHARI,2017-06-30
2017,1227,"PANAM AT LUNAWADA,",GUJARAT,Sabarmati,8.15,377.5,1.1500000000000001,7.0,0.39999999999999997,PANAM,2017-06-30
2017,1241,NARMADA AT MANDLA NEAR ROAD BDG. M.P.,MADHYA PRADESH,Narmada,7.85,295.0,1.4500000000000002,7.6,1.4000000000000001,NARMADA,2017-06-30
2017,1240,NARMADA AT NARSINGHPUR M.P.,MADHYA PRADESH,Narmada,7.949999999999999,285.0,1.3,7.550000000000001,0.7999999999999999,NARMADA,2017-06-30
2017,1234,NARMADA AT HOSHANGABAD U S M.P.,MADHYA PRADESH,Narmada,8.0,285.0,1.9,8.25,1.5,NARMADA,2017-06-30
2017,2123,NARMADA AT KORIGHAT HOSHANGABAD,MADHYA PRADESH,Narmada,8.05,288.5,2.05,7.95,3.05,NARMADA,2017-06-30
2017,2106,NARMADA AT NEMAWAR,MADHYA PRADESH,Narmada,7.699999999999999,313.0,1.7,6.95,0.8,NARMADA,2017-06-30
2017,2099,"NARMADA LALPUR, JABALPUR",MADHYA PRADESH,Narmada,7.9,430.0,1.4500000000000002,7.5,2.25,Narmada,2017-06-30
2017,3322,"NARMADA AT MANDLA, NEAR SHAMSHANGHAT, JABALPUR",MADHYA PRADESH,Narmada,7.949999999999999,277.5,1.35,7.550000000000001,0.75,NARMADA,2017-06-30
2017,3323,"NARMADA AT LALPUR, NEAR WATER SUPPLY INTAKE POINT, JABALPUR",MADHYA PRADESH,Narmada,7.85,498.5,1.0,7.75,2.45,NARMADA,2017-06-30
2017,3324,"NARMADA AT PANCHWATIGHAT, BEFORE MIXING WITH BAWANGANGA RIVER, JABALPUR",MADHYA PRADESH,Narmada,7.800000000000001,410.0,1.15,7.55,1.8,NARMADA,2017-06-30
2017,3325,"NARMADA AT SARSWATIGHAT, AFTER MIXING WITH BAWANGANGA RIVER, JABALPUR",MADHYA PRADESH,Narmada,7.9,422.5,1.6,7.35,2.5999999999999996,NARMADA,2017-06-30
2017,1430,NARMADA AT D S OF OMKARESHWAR M.P.,MADHYA PRADESH,Narmada,8.1,390.0,1.4,7.550000000000001,0.8,NARMADA,2017-06-30
2017,1431,"NARMADA AT MAHESHWAR, M. P.",MADHYA PRADESH,Narmada,8.1,437.0,1.4,7.5,0.95,NARMADA,2017-06-30
2017,2112,"NARMADA NEAR MORTAKKA BRIDGE, BADWAH",MADHYA PRADESH,Narmada,8.15,370.0,1.0,7.5,0.6,NARMADA,2017-06-30
2017,2113,"NARMADA NEAR PUNASA DAM, PUNASA",MADHYA PRADESH,Narmada,7.7,364.5,1.1,7.25,0.6000000000000001,NARMADA,2017-06-30
2017,2118,NARMADA RIVER AT D/S OF KAPILDHARA,MADHYA PRADESH,Narmada,7.6,261.5,1.4,7.6,0.5,AT,2017-06-30
2017,3321,"NARMADA AT AMARKANTAKE FROM ORIGIN POINT, REWA",MADHYA PRADESH,Narmada,7.8,357.5,1.25,8.0,0.8,NARMADA,2017-06-30
2017,1235,NARMADA AT HOSHANGABAD D S M.P.,MADHYA PRADESH,Narmada,8.0,293.0,1.9500000000000002,8.0,1.95,NARMADA,2017-06-30
2017,1239,"NARMADA AT BADWANI, M.P.",MADHYA PRADESH,Narmada,7.9,355.5,1.4,7.2,0.8,NARMADA,2017-06-30
2017,1242,NARMADA NEAR SOURCE AT AMARKANTAK M.P.,MADHYA PRADESH,Narmada,7.55,252.5,1.15,7.3,0.5,NARMADA,2017-06-30
2017,3847,NARMADA RIVER AT DHARAMPURI,MADHYA PRADESH,Narmada,8.1,426.5,1.5499999999999998,7.4,1.1,RIVER,2017-06-30
2017,1243,"NARMADA AT BHARUCH, ZADESHVAR,",GUJARAT,Narmada,7.7,3938.0,1.0,7.25,0.45,NARMADA,2017-06-30
2017,1244,"NARMADA AT PANETHA,",GUJARAT,Narmada,7.8500000000000005,342.0,0.95,7.35,0.2,NARMADA,2017-06-30
2017,1245,"NARMADA AT CHANDOD,",GUJARAT,Narmada,8.05,418.5,0.65,7.300000000000001,0.5,NARMADA,2017-06-30
2017,1981,"NARMADA AT ZANOR (NTPC), BHARUCH",GUJARAT,Narmada,7.85,363.5,0.95,7.050000000000001,0.5,NARMADA,2017-06-30
2017,1236,"CHOTA TAWA BEFORE CONFL. WITH RIVER NARMADA, M.P.",MADHYA PRADESH,Tributary Streams - Narmada,8.3,555.5,1.4500000000000002,7.0,1.1,Narmada,2017-06-30
2017,2100,"GOUR RIVER BHOGA DOOR, JABALPUR",MADHYA PRADESH,Tributary Streams - Narmada,7.85,306.5,1.6,6.75,0.7000000000000001,Narmada,2017-06-30
2017,2101,KATNI RIVER NEAR NAGAR NIGAM,MADHYA PRADESH,Tributary Streams - Narmada,7.800000000000001,270.5,2.05,6.45,1.0,RIVER,2017-06-30
2017,3305,"BANJAR AT MALANJKHAND NEAR W/S INTAKE POINT, JABALPUR",MADHYA PRADESH,Tributary Streams - Narmada,7.85,369.0,1.45,8.65,1.3,BANJAR,2017-06-30
2017,3828,"HIRAN, NH 7 ROAD BRIDGE, SIHORA, DIST JABALPUR",MADHYA PRADESH,Tributary Streams - Narmada,7.7,532.5,1.5999999999999999,5.75,1.0,Narmada,2017-06-30
2017,3829,"HIRAN, NH 12 ROAD BRIDGE VIL VIKRAMPUR ,DIST NARSINGPUR",MADHYA PRADESH,Tributary Streams - Narmada,7.75,485.0,2.05,7.5,0.75,Narmada,2017-06-30
2017,1313,TAPI AT AJNAND VILLAGE,MAHARASHTRA,Tributary Streams - Tapi,7.699999999999999,582.5,5.5,4.3500000000000005,0.1,TAPI,2017-06-30
2017,1251,nan,TAPI AT BHUSAWAL U/S MAHARASHTRA,Tributary Streams - Tapi,7.8,490.0,5.2,4.85,0.25,Tapi,2017-06-30
2017,1314,nan,TAPI AT UPHAD VILLAGE MAHARASHTRA,Tributary Streams - Tapi,8.05,443.5,7.25,4.05,0.7999999999999999,Tapi,2017-06-30
2017,1247,"TAPI AT MANDAVI,",GUJARAT,Tributary Streams - Tapi,7.85,425.0,1.35,4.45,0.30000000000000004,TAPI,2017-06-30
2017,1248,"TAPI AT SURAT U/S KATHORE,",GUJARAT,Tributary Streams - Tapi,7.7,612.5,1.1,6.85,0.2,TAPI,2017-06-30
2017,1982,"TAPI AT RANDER BRIDGE, SURAT",GUJARAT,Tributary Streams - Tapi,7.8,665.5,1.65,6.95,0.1,TAPI,2017-06-30
2017,1983,TAPI RIVER NEAR BARDOLI (KAPP BRIDGE) BARDOLI,GUJARAT,Tributary Streams - Tapi,7.3,428.0,1.1,6.95,0.2,RIVER,2017-06-30
2017,2071,"TAPI RIVER AT ONGC BRIDGE AT SURAT, DIST. SURAT",GUJARAT,Tributary Streams - Tapi,7.55,22383.0,2.3,5.35,0.1,AT ONGC BRIDGE,2017-06-30
2017,1250,TAPI AT HATHNUR M.P.,MADHYA PRADESH,Tributary Streams - Tapi,8.1,600.0,3.0,7.1499999999999995,2.8000000000000003,TAPI,2017-06-30
2017,2115,TAPI AT NEPA NAGAR 100 METRE D/S AFTER MIXING PANDHAR NALLA,MADHYA PRADESH,Tributary Streams - Tapi,7.95,426.5,2.0,7.25,2.3,TAPI,2017-06-30
2017,2070,"KIM RIVER AT SAHOL BRIDGE, OLPAD HANSOT ROAD, DIST. SURAT",GUJARAT,Tributary Streams - Tapi,7.55,3485.5,2.25,6.949999999999999,0.3,RIVER,2017-06-30
2017,1252,GIRNA AT JALGAON,MAHARASHTRA,Tributary Streams - Tapi,7.949999999999999,366.5,4.5,5.8,,GIRNA,2017-06-30
2017,1253,GIRNA AT MALEGAON (MANMAD),MAHARASHTRA,Tributary Streams - Tapi,8.149999999999999,363.0,2.7,6.6,,GIRNA,2017-06-30
2017,1907,RANGAVALI D/S OF NAVAPUR,MAHARASHTRA,Tributary Streams - Tapi,7.75,521.0,4.0,5.949999999999999,,RANGAVALI,2017-06-30
2017,2127,"DENWA NEAR SARNI, ROAD BRIDGE",MADHYA PRADESH,Tributary Streams - Tapi,8.0,441.0,2.05,6.85,1.2000000000000002,DENWA,2017-06-30
2017,2155,"PURNA RIVER A/C OF MORNA, NANDURA VILLAGE",MAHARASHTRA,Tributary Streams - Tapi,7.75,1119.0,8.9,6.6,1.05,Tapi,2017-06-30
2017,3203,"AMRAVATI AT VILLAGE DADHAL , TA ANKLESHWAR, BHARUCH",GUJARAT,Tributary Streams - Tapi,7.85,1397.5,5.5,6.75,0.35,AMRAVATI,2017-06-30
2017,2658,"BORI RIVER D/S OF AMALNER, JALGAON",MAHARASHTRA,Tributary Streams - Tapi,7.9,363.5,4.0,5.2,,RIVER,2017-06-30
2017,2666,"GOMAI RIVER D/S OF SHAHADA, DHULE",MAHARASHTRA,Tributary Streams - Tapi,8.05,372.5,4.5,5.3,,RIVER,2017-06-30
2017,2667,"HIWARA RIVER D/S OF PACHORA, JALGAON",MAHARASHTRA,Tributary Streams - Tapi,8.0,456.5,5.7,5.9,,RIVER,2017-06-30
2017,2674,"MOR RIVER NEAR PADALSHE, JALGAON",MAHARASHTRA,Tributary Streams - Tapi,8.15,335.0,9.5,6.55,,RIVER,2017-06-30
2017,2675,"MORNA RIVER AT D/S RAILWAY BRIDGE, AKOLA",MAHARASHTRA,Tributary Streams - Tapi,7.4,1061.0,28.9,3.65,3.15,AT,2017-06-30
2017,2684,"PANZARA RIVER NEAR PANZARAKAN SSK LTD, PANZARA, DHULE",MAHARASHTRA,Tributary Streams - Tapi,8.05,453.5,3.9,6.0,,RIVER,2017-06-30
2017,2695,"PEDHI RIVER NEAR ROAD BRIDGE AT DADHIPEDHI VILLAGE, BHATKULI, AMRAVATI",MAHARASHTRA,Tributary Streams - Tapi,7.449999999999999,1214.0,12.0,3.4,5.1,NEAR ROAD BRIDGE,2017-06-30
2017,2710,"TITUR RIVER D/S OF CHALISGAON, JALGAON",MAHARASHTRA,Mahanadi,8.0,289.0,6.9,3.75,,RIVER,2017-06-30
2017,2718,"WAGHUR RIVER AT SAKEGAON BEFORE CONFLUENCE WITH TAPI RIVER, JALGAON",MAHARASHTRA,Mahanadi,8.1,330.5,10.3,6.449999999999999,,RIVER,2017-06-30
2017,1851,"MAHANADI AT SIHAWA, CHHATISGARH.",CHATTISGARH,Mahanadi,7.550000000000001,323.0,2.8,6.050000000000001,1.1,MAHANADI,2017-06-30
2017,1264,"MAHANADI AT RUDRI U/S AT DHAMTORI RESERVOIR, CHHATISGARH.",CHATTISGARH,Mahanadi,7.6,339.0,2.3,6.9,1.65,MAHANADI,2017-06-30
2017,1852,"MAHANADI AT ARRANG, RAIPUR, CHHATISGARH.",CHATTISGARH,Mahanadi,7.65,402.0,2.8499999999999996,7.0,1.7,MAHANADI,2017-06-30
2017,1100,"MAHANADI AT KHARAD, CHHATISGARH.",CHATTISGARH,Mahanadi,8.25,208.0,1.95,7.699999999999999,2.3499999999999996,MAHANADI,2017-06-30
2017,1282,"MAHANADI AT SHEORINARAYAN VILLAGE, CHHATISGARH.",CHATTISGARH,Mahanadi,8.25,140.5,1.9000000000000001,7.4,2.5,MAHANADI,2017-06-30
2017,1467,"MAHANADI AFTER CONFL. WITH RIVER MAND, CHHATISGARH.",CHATTISGARH,Mahanadi,8.25,289.5,1.95,7.35,2.7,Mahanadi,2017-06-30
2017,1101,"MAHANADI AT INTERSTATE BOUN, CHHATISGARH.",CHATTISGARH,Mahanadi,7.4,197.5,1.5,7.05,,MAHANADI,2017-06-30
2017,1281,MAHANADI AT HIRAKUD RESERVOIR,ODISHA,Mahanadi,7.95,172.0,0.8999999999999999,7.6499999999999995,2.6,MAHANADI,2017-06-30
2017,1270,MAHANADI AT SAMBALPUR U/S,ODISHA,Mahanadi,7.75,203.0,1.0,6.85,1.65,MAHANADI,2017-06-30
2017,1271,MAHANADI AT SAMBALPUR D/S,ODISHA,Mahanadi,7.800000000000001,221.5,2.2,6.8500000000000005,1.5999999999999999,MAHANADI,2017-06-30
2017,2405,SAMBHALPUR FD/S AT HUMA,ODISHA,Mahanadi,7.9,177.0,1.1,7.55,0.75,Mahanadi,2017-06-30
2017,1272,MAHANADI D/S (AFTER CONFL. WITH R. ONG SONEPUR U/S),ODISHA,Mahanadi,7.85,209.5,0.75,7.9,0.9,MAHANADI,2017-06-30
2017,1274,MAHANADI A/C WITH TEL (SONEPUR D/S),ODISHA,Mahanadi,7.9,228.0,1.05,7.25,1.3,SONEPUR,2017-06-30
2017,1275,MAHANADI AT TIKARPADA,ODISHA,Mahanadi,8.0,185.5,0.75,7.949999999999999,1.9,MAHANADI,2017-06-30
2017,1276,MAHANADI AT NARSINGHPUR,ODISHA,Mahanadi,7.85,193.5,0.75,7.449999999999999,2.2,MAHANADI,2017-06-30
2017,1277,MAHANADI AT CUTTACK U/S,ODISHA,Mahanadi,7.9,189.0,0.8,7.5,1.0,MAHANADI,2017-06-30
2017,1278,MAHANADI AT CUTTACK D/S,ODISHA,Mahanadi,7.85,195.5,1.4,7.05,2.0,MAHANADI,2017-06-30
2017,1639,MAHANADI AT PARADEEP D/S,ODISHA,Mahanadi,7.699999999999999,21021.0,1.2999999999999998,6.65,1.3499999999999999,MAHANADI,2017-06-30
2017,2404,MAHANADI POWER CHANNEL D/S NEAR BURLA,ODISHA,Mahanadi,8.05,169.5,0.8500000000000001,7.05,1.4,CHANNEL,2017-06-30
2017,2406,MAHANADI AT MUNDALI (WATER INTAKE POINT OF BHUBANESWAR CITY),ODISHA,Mahanadi,7.85,264.5,0.7,7.8,1.7,MAHANADI,2017-06-30
2017,2407,MAHANADI AT PARADEEP U/S (BEFORE INDUSTRIAL ACTIVITY AT PARADEEP),ODISHA,Mahanadi,7.800000000000001,10658.5,1.0,7.45,1.05,MAHANADI,2017-06-30
2017,3888,MAHANADI POWER CHANNEL U/S,ODISHA,Mahanadi,7.95,170.0,0.65,6.75,1.2,CHANNEL,2017-06-30
2017,3890,MAHANADI AT CUTTACK FD/S AT GATIRAUTAPATNA,ODISHA,Mahanadi,7.9,192.0,1.0,7.8,2.4000000000000004,MAHANADI,2017-06-30
2017,1107,"SEONATH AT U/S RAJNANDGAON, CHHATISGARH.",CHATTISGARH,Mahanadi,7.4,,,7.1,0.29100000000000004,SEONATH,2017-06-30
2017,1845,"SEONATH RIVER WATER SUPPLY WELL, DURG, CHHATISGARH.",CHATTISGARH,Mahanadi,7.55,,,7.1,0.30000000000000004,Mahanadi,2017-06-30
2017,1266,"SEONATH AT SHIMGA AFTER CONFL. WITH R. KHAROON, CHHATISGARH.",CHATTISGARH,Mahanadi,7.800000000000001,397.0,3.0,6.7,1.7,SEONATH,2017-06-30
2017,3166,"SEONATH AT JHINGHRI VILLAGE, A/C OF SAMODA NALLA, CHHATISGARH.",CHATTISGARH,Mahanadi,7.699999999999999,,,6.6,,SEONATH,2017-06-30
2017,3167,"SEONATH AT RAJNANDGAON, D/S AT MOHAD, RAJNANDGAON, CHHATISGARH.",CHATTISGARH,Mahanadi,7.4,,,7.1,,SEONATH,2017-06-30
2017,1265,"KHAROON AT RAIPUR U/S, CHHATISGARH.",CHATTISGARH,Mahanadi,7.65,399.0,2.7,7.6,1.6500000000000001,KHAROON,2017-06-30
2017,1847,"KHAROON RIVER B/C KHAPRI DRAIN, DURG, RAIPUR ROAD BRIDGE, CHHATISGARH.",CHATTISGARH,Mahanadi,7.4,,,7.3,0.4,Mahanadi,2017-06-30
2017,1846,"KHAROON RIVER A/C KHAPRI DRAIN, CHHATISGARH.",CHATTISGARH,Mahanadi,7.449999999999999,,,9.4,0.4,Mahanadi,2017-06-30
2017,1853,"KHAROON RIVER BUNDRI, RAIPUR, CHHATISGARH.",CHATTISGARH,Mahanadi,7.6,418.0,3.0,6.35,1.6500000000000001,Mahanadi,2017-06-30
2017,1105,"HASDEO AT U/S KORBA, CHHATISGARH.",CHATTISGARH,Mahanadi,7.154999999999999,,1.0,6.800000000000001,0.435,HASDEO,2017-06-30
2017,1106,"HASDEO AT U/S OF CHAMPA, CHHATISGARH.",CHATTISGARH,Mahanadi,8.25,291.0,1.9,7.4,2.3,HASDEO,2017-06-30
2017,3165,"HASDEO RIVER 100 METER DOWNSTREAM AFTER CONFLUENCE OF DENGUR NALLAH NERA C.S.E.B. EAST GUEST HOUSE, KORBA, CHHATISGARH.",CHATTISGARH,Mahanadi,7.1,,1.7,6.3,0.65,Mahanadi,2017-06-30
2017,3168,"DOWNSTREAM OF HASDEO RIVER NEAR URGA VILLAGE KORBA, CHHATISGARH.",CHATTISGARH,Mahanadi,7.15,,2.1,2.7,0.9,RIVER,2017-06-30
2017,1848,"ARPA RIVER D/S OF BILASPUR, CHHATISGARH.",CHATTISGARH,Mahanadi,8.25,275.5,2.2,6.949999999999999,2.35,RIVER,2017-06-30
2017,1849,"KELO RIVER U/S OF RAIGARH, CHHATISGARH.",CHATTISGARH,Mahanadi,7.45,202.5,1.5999999999999999,6.75,1.4500000000000002,RIVER,2017-06-30
2017,1850,"KELO RIVER D/S OF RAIGARH, CHHATISGARH.",CHATTISGARH,Mahanadi,7.6,205.0,1.9500000000000002,6.9,1.0,RIVER,2017-06-30
2017,3169,"DRINKING WATER INTAKE WELL OF MUNICIPAL CO. KORBA (BEFORE TREATMENT) AT KOHADIA VILLAGE, CHHATISGARH.",CHATTISGARH,Mahanadi,7.15,,1.1,6.1,0.5,Mahanadi,2017-06-30
2017,3170,"DRINKING WATER INTAKE WELL OF MUNICIPAL CO. KORBA (AFTER TREATMENT) AT KOHADIA VILLAGE, CHHATISGARH.",CHATTISGARH,Mahanadi,7.2,,0.4,7.0,3.3000000000000003,Mahanadi,2017-06-30
2017,1267,IB AT SUNDARGARH,ODISHA,Mahanadi,7.800000000000001,130.5,1.45,6.5,3.1999999999999997,Mahanadi,2017-06-30
2017,1268,IB AT JHARSUGUDA (INTAKE),ODISHA,Mahanadi,7.699999999999999,142.5,1.1,7.6,1.35,Mahanadi,2017-06-30
2017,1300,IB AT BRAJARAJNAGAR U/S,ODISHA,Mahanadi,7.8500000000000005,163.0,1.3,5.8,1.35,BRAJARAJNAGAR,2017-06-30
2017,1269,IB AT BRAJARAJNAGAR (INTAKE) D/S,ODISHA,Mahanadi,7.9,278.0,1.7000000000000002,7.2,1.1500000000000001,Mahanadi,2017-06-30
2017,2403,BHEDEN RIVER BEFORE CONFLUENCE WITH IB RIVER,ODISHA,Mahanadi,7.800000000000001,323.0,1.85,7.0,0.9500000000000001,Mahanadi,2017-06-30
2017,1279,KUAKHAI AT BHUBANESWAR U/S,ODISHA,Mahanadi,8.05,172.5,1.65,7.25,0.95,KUAKHAI,2017-06-30
2017,1280,KUAKHAI AT BHUBANESWAR D/S,ODISHA,Mahanadi,7.7,308.0,5.7,5.35,4.75,KUAKHAI,2017-06-30
2017,2410,KUAKHAI AT BHUBANESWAR FU/S,ODISHA,Mahanadi,8.05,182.5,0.65,6.550000000000001,0.55,KUAKHAI,2017-06-30
2017,2411,DAYA AT BHUBANESWAR FD/S ( 2 KM AFTER CONFLUENCE OF GANGUA NALLAH WITH RIVER DAYA),ODISHA,Mahanadi,7.4,258.5,4.9,5.75,4.25,DAYA,2017-06-30
2017,1301,KATHAJODI AT CUTTACK D/S,ODISHA,Mahanadi,7.7,296.5,3.35,7.45,3.9,KATHAJODI,2017-06-30
2017,2412,SANKHA U/S ( D/S OF MANDIRA DAM),ODISHA,Mahanadi,7.65,123.0,1.25,7.3500000000000005,0.6,SANKHA,2017-06-30
2017,2408,"RIVER TEL (OVER ROAD BRIDGE STATE HIGHWAY 41, MANAMUNDA)",ODISHA,Mahanadi,7.9,264.0,0.9500000000000001,7.050000000000001,1.1500000000000001,Mahanadi,2017-06-30
2017,1640,BIRUPA AT CHOUDWAR D/S,ODISHA,Mahanadi,7.75,183.5,0.85,7.3,2.75,BIRUPA,2017-06-30
2017,2409,SERUA AT CUTTACK FD/S (SERUA) AT SANKHATRASA,ODISHA,Mahanadi,7.85,307.0,2.5,7.0,4.2,SERUA,2017-06-30
2017,3887,SAMBALPUR FD/S T SHANKARMATH,ODISHA,Mahanadi,7.85,211.5,1.5499999999999998,7.6,1.2000000000000002,Mahanadi,2017-06-30
2017,3889,ONG AT DHARUAKHAMMA,ODISHA,Mahanadi,8.0,196.5,1.05,6.45,1.1500000000000001,ONG,2017-06-30
2017,3891,KATHAJODI AT CUTTACK U/S,ODISHA,Mahanadi,7.8500000000000005,192.5,0.95,8.3,1.0999999999999999,KATHAJODI,2017-06-30
2017,3892,KATHJODI AT CUTTACK FD/S AT MATTAGAJPUR,ODISHA,Mahanadi,7.75,391.5,6.199999999999999,5.9,1.9,KATHJODI,2017-06-30
2017,3893,KATHJODI AT CUTTACK FD/S AT KAMASASAN,ODISHA,Mahanadi,7.9,239.0,1.7,7.6,1.9500000000000002,KATHJODI,2017-06-30
2017,3894,DAYA AT GELAPUR,ODISHA,Mahanadi,8.05,174.5,1.1,6.75,2.15,DAYA,2017-06-30
2017,3895,DAYA AT KANAS,ODISHA,Mahanadi,7.75,327.0,2.4,6.25,2.25,DAYA,2017-06-30
2017,3896,GANGUA NEAR RAJDHANI ENGINEERING COLLEGE,ODISHA,Mahanadi,7.5,296.0,14.05,4.4,7.55,GANGUA,2017-06-30
2017,3897,GANGUA AT PALASUNI,ODISHA,Mahanadi,7.5,310.5,21.45,2.1999999999999997,4.95,GANGUA,2017-06-30
2017,3898,GANGUA AT SAMANTARAPUR,ODISHA,Mahanadi,7.7,344.0,20.45,1.2999999999999998,,GANGUA,2017-06-30
2017,3899,GANGUA AT VADIMULA,ODISHA,Mahanadi,7.449999999999999,338.0,9.05,1.75,7.3,GANGUA,2017-06-30
2017,3900,GOBARI AT KENDRAPARA U/S,ODISHA,Mahanadi,7.9,797.5,1.3,4.550000000000001,0.7999999999999999,GOBARI,2017-06-30
2017,3901,GOBARI AT KENDRAPARA D/S,ODISHA,Mahanadi,7.9,1032.0,1.5,6.199999999999999,1.25,GOBARI,2017-06-30
2017,3902,DEVI AT MACCHGAON,ODISHA,Mahanadi,7.75,23312.5,1.1,4.5,1.1500000000000001,DEVI,2017-06-30
2017,3903,KUSHABHADRA AT BHINGARPUR,ODISHA,Mahanadi,8.0,273.5,1.15,6.1,0.9500000000000001,KUSHABHADRA,2017-06-30
2017,3904,KUSHABHADRA AT NIMAPARA,ODISHA,Mahanadi,7.85,217.0,1.05,6.5,2.3000000000000003,KUSHABHADRA,2017-06-30
2017,3905,KUSHABHADRA AT GOP,ODISHA,Mahanadi,7.9,232.5,1.3,5.75,1.2,KUSHABHADRA,2017-06-30
2017,3906,MANGALA AT PURI U/S MALATIPATPUR,ODISHA,Mahanadi,8.05,284.5,1.0999999999999999,5.8,0.5,MANGALA,2017-06-30
2017,3907,MANGALA AT PURI D/S GOLASAHI,ODISHA,Mahanadi,8.15,20678.0,3.6500000000000004,5.800000000000001,1.2000000000000002,MANGALA,2017-06-30
2017,3908,BHARGAVI AT CHANDANPUR,ODISHA,Mahanadi,8.15,193.0,1.15,9.25,1.7000000000000002,BHARGAVI,2017-06-30
2017,3909,KANSARI RIVER AT BANAPUR ROAD NEAR PURUSHOTTAMPUR,ODISHA,Mahanadi,7.95,227.5,1.25,6.35,0.75,AT BANAPUR ROAD,2017-06-30
2017,3910,BADASANKHA NADI NEAR LANGALESWAR,ODISHA,Mahanadi,7.8,16261.0,1.8,6.35,1.4000000000000001,NADI,2017-06-30
2017,3911,RATNACHIRA NAADI AT KUMARADIHI,ODISHA,Mahanadi,7.95,237.0,1.95,5.6499999999999995,0.7999999999999999,NAADI,2017-06-30
2017,3912,NUNA NADI AT BIJIPUR,ODISHA,Mahanadi,7.85,249.5,1.9500000000000002,6.05,1.55,NADI,2017-06-30
2017,3913,KUSUMI NADI NEAR TANGI (LAXMIDHARA PUR),ODISHA,Mahanadi,7.95,229.0,1.8,5.75,0.85,NADI,2017-06-30
2017,3914,SABULIA NADI NEAR RAMBHA (AT JAGANNATHPATNA),ODISHA,Mahanadi,8.0,473.0,2.8,5.949999999999999,1.5,NADI,2017-06-30
2017,3943,BUDHABALANGA AT BALASORE U/S,ODISHA,Mahanadi,8.0,191.0,1.2,7.3,0.35,BUDHABALANGA,2017-06-30
2017,3944,RUSSELKUNDA RESERVOIR,ODISHA,Mahanadi,7.95,163.0,1.15,7.550000000000001,1.1,Mahanadi,2017-06-30
2017,3945,RUSHIKULYA AT ASIKA,ODISHA,Mahanadi,7.550000000000001,254.0,1.25,7.449999999999999,1.25,RUSHIKULYA,2017-06-30
2017,3946,BADA NADI AT ASIKA,ODISHA,Mahanadi,8.05,229.0,1.4000000000000001,6.75,0.6,NADI,2017-06-30
2017,3947,RUSHIKULYA AT NALABANTA,ODISHA,Mahanadi,8.1,269.5,1.2,7.199999999999999,0.6000000000000001,RUSHIKULYA,2017-06-30
2017,1081,BAITARNI AT JODA,ODISHA,Tributary Streams - Baitarni,7.8,137.5,1.25,7.0,,BAITARNI,2017-06-30
2017,1082,BAITARNI AT ANANDPUR,ODISHA,Tributary Streams - Baitarni,7.95,155.5,1.3,7.3,,BAITARNI,2017-06-30
2017,1083,BAITARNI AT JAJPUR,ODISHA,Tributary Streams - Baitarni,7.95,172.0,1.2,7.2,,BAITARNI,2017-06-30
2017,1084,BAITARNI AT CHANDBALI U/S,ODISHA,Tributary Streams - Baitarni,7.9,8608.0,0.95,7.300000000000001,,BAITARNI,2017-06-30
2017,1085,BAITARNI AT DHAMRA,ODISHA,Tributary Streams - Baitarni,7.65,21731.5,1.5499999999999998,6.6,,BAITARNI,2017-06-30
2017,3935,BAITARNI RIVER AT NAIGARH,ODISHA,Tributary Streams - Baitarni,7.75,122.0,1.4,7.15,4.699999999999999,RIVER,2017-06-30
2017,3936,BAITARNI RIVER AT UNCHABALI,ODISHA,Tributary Streams - Baitarni,7.75,222.5,0.8500000000000001,7.15,2.4,RIVER,2017-06-30
2017,3937,BAITARNI RIVER AT CHAMPUA,ODISHA,Tributary Streams - Baitarni,7.7,126.5,1.7,7.4,0.8500000000000001,RIVER,2017-06-30
2017,3938,BAITARNI RIVER AT TRIBINDHA,ODISHA,Tributary Streams - Baitarni,7.699999999999999,146.5,1.7,7.3500000000000005,0.6,RIVER,2017-06-30
2017,1034,"SANKH AT BOLBA, JHARKAND",ODISHA,Tributary Streams - Baitarni,7.35,0.0,5.15,8.399999999999999,,SANKH,2017-06-30
2017,2421,"KUSEI BEFORE JOINING WITH BAITARANI RIVER AT ANANDPUR, DEOGAON",ODISHA,Tributary Streams - Baitarni,8.15,256.0,1.35,7.5,0.9,RIVER,2017-06-30
2017,3940,SALANDI AT BHADRAK U/S,ODISHA,Tributary Streams - Baitarni,8.0,195.5,0.7000000000000001,6.55,1.9500000000000002,SALANDI,2017-06-30
2017,3941,SALANDI AT BHADRAK D/S,ODISHA,Tributary Streams - Baitarni,7.9,205.5,1.3,6.800000000000001,1.5499999999999998,SALANDI,2017-06-30
2017,1037,BRAHMANI AT U/S PANPOSH,ODISHA,Tributary Streams - Brahmani,7.95,260.5,0.95,7.1000000000000005,,BRAHMANI,2017-06-30
2017,1038,BRAHMANI AT D/S PANPOSH AT DEOGAN,ODISHA,Tributary Streams - Brahmani,7.2,273.5,3.65,5.95,,BRAHMANI,2017-06-30
2017,1302,BRAHMANI AT ROURKELA D/S AT JALDA,ODISHA,Tributary Streams - Brahmani,7.449999999999999,259.0,3.6,7.3500000000000005,3.2,BRAHMANI,2017-06-30
2017,2414,ROURKELA FD/S AT BIRITOLA,ODISHA,Tributary Streams - Brahmani,7.75,171.5,1.55,6.5,2.2,Brahmani,2017-06-30
2017,1039,BRAHMANI AT BONAIGARH,ODISHA,Tributary Streams - Brahmani,7.6,172.5,1.0,8.3,,BRAHMANI,2017-06-30
2017,1040,BRAHMANI AT RENGALI,ODISHA,Tributary Streams - Brahmani,7.800000000000001,128.0,1.05,7.300000000000001,,BRAHMANI,2017-06-30
2017,1041,BRAHMANI AT SAMAL,ODISHA,Tributary Streams - Brahmani,7.95,131.0,0.9500000000000001,7.800000000000001,,BRAHMANI,2017-06-30
2017,1303,BRAHMANI AT TALCHER U/S,ODISHA,Tributary Streams - Brahmani,8.05,168.5,0.9500000000000001,7.4,0.8,BRAHMANI,2017-06-30
2017,2415,"BRAHMANI AT TALCHER FU/S (INTAKE WELL OF MCL, TALCHER)",ODISHA,Tributary Streams - Brahmani,7.85,120.5,0.85,7.949999999999999,0.95,BRAHMANI,2017-06-30
2017,2416,BRAHMANI AT TALCHER FD/S,ODISHA,Tributary Streams - Brahmani,7.7,178.5,1.6,7.9,2.05,BRAHMANI,2017-06-30
2017,1042,BRAHMANI AT KAMALANGA (TALCHER D/S),ODISHA,Tributary Streams - Brahmani,7.9,173.5,1.5,6.8999999999999995,,BRAHMANI,2017-06-30
2017,2417,"BRAHAMNI AT DHENKANAL D/S, DHENKANAL TOWN",ODISHA,Tributary Streams - Brahmani,7.8500000000000005,427.0,0.85,7.5,1.3499999999999999,BRAHAMNI,2017-06-30
2017,1043,BRAHMANI AT BHUBAN,ODISHA,Tributary Streams - Brahmani,7.9,163.5,1.1,7.9,,BRAHMANI,2017-06-30
2017,2418,BRAHMANI AT KABATABANDHA (BEFORE IMPACT OF INDUSTRIAL ACTIVITY IN KALINGANAGAR AREA),ODISHA,Tributary Streams - Brahmani,8.0,147.5,1.0,8.35,237.6,BRAHMANI,2017-06-30
2017,1044,BRAHMANI AT DHARMASHALA U/S,ODISHA,Tributary Streams - Brahmani,7.85,189.5,0.75,8.399999999999999,,BRAHMANI,2017-06-30
2017,10018,RIVER BRAHMANI AT CHANDBALI U/S,ODISHA,Tributary Streams - Brahmani,7.95,14643.0,1.1,6.050000000000001,2.75,BRAHMANI,2017-06-30
2017,10019,RIVER BRAHMANI AT DHARAMSHALA U/S,ODISHA,Tributary Streams - Brahmani,7.9,189.0,1.05,7.25,1.4,BRAHMANI,2017-06-30
2017,3917,BRAHMANI AT MANDAPAL,ODISHA,Tributary Streams - Brahmani,7.699999999999999,168.5,1.65,6.949999999999999,1.2,BRAHMANI,2017-06-30
2017,3918,BRAHMANI AT DHENKANAL U/S,ODISHA,Tributary Streams - Brahmani,8.05,155.0,0.7999999999999999,7.6,1.05,BRAHMANI,2017-06-30
2017,1045,BRAHMANI AT PATTAMUNDAI,ODISHA,Tributary Streams - Brahmani,7.75,206.5,1.05,7.85,,BRAHMANI,2017-06-30
2017,3919,NANDIRA U/S AT KUKUDANGA,ODISHA,Tributary Streams - Brahmani,8.2,426.5,1.05,7.15,1.45,NANDIRA,2017-06-30
2017,3920,NANDIRA D/S AT DASNALI,ODISHA,Tributary Streams - Brahmani,7.95,408.0,1.75,7.6,3.5500000000000003,NANDIRA,2017-06-30
2017,3921,KISINDAJHOR AT KHARAGPRASAD,ODISHA,Tributary Streams - Brahmani,8.0,574.5,1.0,6.95,2.4,KISINDAJHOR,2017-06-30
2017,3922,KHARASROTA AT BINJHARPUR,ODISHA,Tributary Streams - Brahmani,7.95,155.5,0.85,7.85,1.2,KHARASROTA,2017-06-30
2017,3916,ROURKELA FD/S AT ATTAGHAT,ODISHA,Tributary Streams - Brahmani,7.65,238.0,2.0,6.6,1.7,Brahmani,2017-06-30
2017,1036,"KOEL AT MANOHARPUR AFTER MEETING KOINA RIVER D/S, JHARKAND",JHARKHAND,Tributary Streams - Brahmani,7.550000000000001,278.5,0.55,7.699999999999999,2.8000000000000003,KOEL,2017-06-30
2017,2413,KOEL U/S (AFTER CONFLUENCE OF RIVER KARO),ODISHA,Tributary Streams - Brahmani,7.9,197.0,1.15,7.75,0.65,KOEL,2017-06-30
2017,2419,KHARASROTA AT KHANDITARA (D/S OF INDUSTRIAL ACTIVITIES AT KALINGA NAGAR),ODISHA,Tributary Streams - Brahmani,7.95,140.5,1.0,7.6499999999999995,2.9499999999999997,KHARASROTA,2017-06-30
2017,2420,KHARASROTA AT AUL,ODISHA,Tributary Streams - Brahmani,7.699999999999999,166.5,1.2,7.55,2.8,KHARASROTA,2017-06-30
2017,1033,"KOEL AT BASIA, DAM U/S, JHARKHAND",ODISHA,Tributary Streams - Brahmani,7.4,0.0,2.25,8.05,0.0,KOEL,2017-06-30
2017,2376,NORTH KOEL U/S DALTANGANJ,ODISHA,Tributary Streams - Brahmani,7.4,,2.5999999999999996,8.2,,KOEL,2017-06-30
2017,1854,"NORTH KOEL D/S BCCL, REHLA",ODISHA,Tributary Streams - Brahmani,7.1,,1.9,8.05,,KOEL,2017-06-30
2017,3923,GURADIH NALLAH AT PANPOSH,ODISHA,Tributary Streams - Brahmani,7.0,397.5,7.0,6.55,7.6,NALLAH,2017-06-30
2017,3924,BADAJHOR (AT DHENKANAL),ODISHA,Tributary Streams - Brahmani,7.9,251.5,1.15,6.75,3.35,Brahmani,2017-06-30
2017,3925,LINGIRA U/S OF ANGUL,ODISHA,Tributary Streams - Brahmani,8.1,415.0,1.0,6.949999999999999,2.6999999999999997,LINGIRA,2017-06-30
2017,3926,LINGIRA D/S OF ANGUL,ODISHA,Tributary Streams - Brahmani,8.1,383.5,1.35,7.9,0.75,LINGIRA,2017-06-30
2017,3927,TIKIRA AT KANIHA U/S,ODISHA,Tributary Streams - Brahmani,7.8500000000000005,385.5,0.95,7.5,0.55,TIKIRA,2017-06-30
2017,3928,TIKIRA AT KANIHA D/S,ODISHA,Tributary Streams - Brahmani,7.9,318.0,1.3499999999999999,7.5,0.65,TIKIRA,2017-06-30
2017,3929,"SINGDA JHOR (TALCHER KANIHA ROAD BRIDGE, BALANGI)",ODISHA,Tributary Streams - Brahmani,8.0,299.0,1.0999999999999999,7.3,0.65,Brahmani,2017-06-30
2017,3930,"BANGURU NALLAH (OVER BRIDGE TALCHER RENGALI DAM ROAD, SARKISOREPAL)",ODISHA,Tributary Streams - Brahmani,7.9,593.0,1.75,7.1,1.45,Brahmani,2017-06-30
2017,3931,BANGURUSINGADA JHOR,ODISHA,Tributary Streams - Brahmani,8.0,299.5,1.1,7.6,1.3,Brahmani,2017-06-30
2017,3932,RAMIALA NEAR KAMAKHYANAGAR,ODISHA,Tributary Streams - Brahmani,7.550000000000001,160.5,0.95,7.8,0.65,RAMIALA,2017-06-30
2017,3933,DAMASALA AT DAYANABIL,ODISHA,Tributary Streams - Brahmani,8.0,140.5,0.85,7.300000000000001,2.6999999999999997,DAMASALA,2017-06-30
2017,3934,GANDA NALLAH AT MARTHAPUR,ODISHA,Tributary Streams - Brahmani,7.8500000000000005,462.0,1.15,6.85,3.95,NALLAH,2017-06-30
2017,3939,KUNDRA NALLAH AT JODA,ODISHA,Tributary Streams - Brahmani,7.6,198.0,1.05,6.8,1.15,NALLAH,2017-06-30
2017,1455,"RUSHIKULYA AT GANJAM U/S (NEAR BABA TOLEKESWAR TEMPLE, KARAPADA)",ODISHA,Tributary Streams - Brahmani,8.05,3473.5,1.15,2.85,0.8,RUSHIKULYA,2017-06-30
2017,1456,RUSHIKULYA AT GANJAM D/S (NEAR POTTAGARH PORT),ODISHA,Tributary Streams - Brahmani,8.0,26632.0,1.65,7.3,0.75,RUSHIKULYA,2017-06-30
2017,1312,"GODAVARI AT JAYAKWADI DAM, AURNAGABAD",MAHARASHTRA,Godavari,8.25,649.0,3.7,6.550000000000001,0.25,GODAVARI,2017-06-30
2017,2182,GODAVARI RIVER AT SAIKHEDA.,MAHARASHTRA,Godavari,7.800000000000001,594.0,4.3,4.75,0.6,RIVER,2017-06-30
2017,2160,"GODAVARI RIVER AT U/S OF AURANGABAD RESERVOIR, KAIGAON TOKKA NEAR KAIGAON BRIDGE.",MAHARASHTRA,Godavari,8.35,426.5,4.7,6.2,0.39999999999999997,AT,2017-06-30
2017,2158,GODAVARI RIVER AT U/S OF PAITHAN AT PAITHAN INTAKE PUMP HOUSE AT JAYAKWADI .,MAHARASHTRA,Godavari,8.3,454.5,4.6,6.05,0.3,AT,2017-06-30
2017,2159,GODAVARI RIVER AT D/S OF PAITHAN AT PATHEGAON BRIDGE.,MAHARASHTRA,Godavari,8.45,464.5,4.4,6.6,0.6,AT,2017-06-30
2017,1210,nan,GODAVARI AT NANDED MAHARASHTRA,Godavari,8.05,759.5,4.800000000000001,6.2,0.55,Godavari,2017-06-30
2017,1209,"GODAVARI AT RAHER, NAYAGAON, NANDED",MAHARASHTRA,Godavari,7.949999999999999,746.0,5.6,6.05,0.5,GODAVARI,2017-06-30
2017,2157,GODAVARI RIVER AT LATUR WATER INTAKE NEAR PUMP HOUSE AT DHAMEGAON.,MAHARASHTRA,Godavari,8.25,344.0,5.5,6.0,0.3,AT LATUR WATER INTAKE,2017-06-30
2017,2360,"GODAVARI AT BASARA, ADILABAD",ANDHRA PRADESH,Godavari,7.800000000000001,533.0,3.0,7.0,5.45,GODAVARI,2017-06-30
2017,2361,"GODAVARI AT MANCHERIAL, NEAR RLY BDG B/C OF RALLAVAGU",ANDHRA PRADESH,Godavari,8.3,416.0,5.5,5.300000000000001,2.6,GODAVARI,2017-06-30
2017,2362,"GODAVARI AT RAMAGUNDAM D/S, NEAR FCI INTAKE WELL, KARIMNAGAR",ANDHRA PRADESH,Godavari,8.1,600.5,5.5,4.85,2.15,GODAVARI,2017-06-30
2017,2363,"GODAVARI AT GODAVARIKHANI, NEAR BATHING GHAT, KARIMNAGAR",ANDHRA PRADESH,Godavari,8.05,657.5,4.5,5.15,3.65,GODAVARI,2017-06-30
2017,2364,"GODAVARI AT RAMAGUNDAM U/S , KARIMNAGAR",ANDHRA PRADESH,Godavari,8.25,493.5,4.0,5.0,2.3000000000000003,GODAVARI,2017-06-30
2017,2356,"GODAVARI, D/S OF RAMANUGUNDAM",ANDHRA PRADESH,Godavari,8.15,769.0,5.0,4.75,3.65,Godavari,2017-06-30
2017,2365,"GODAVARI AT KAMALPUR U/S M/S AP RAYONS LTD. INTAKE WELL, WARANGAL",ANDHRA PRADESH,Godavari,8.35,359.0,2.5,5.949999999999999,2.1,GODAVARI,2017-06-30
2017,2366,"GODAVARI AT KAMALPUR D/S AT M/S. AP RAYONS LTD. DISCHARGE POINT, WARANGAL",ANDHRA PRADESH,Godavari,8.35,395.0,3.0,5.6,1.9500000000000002,GODAVARI,2017-06-30
2017,2367,"GODAVARI AT BHADRACHALAM U/S BATHING GHAT, KHAMMAM",ANDHRA PRADESH,Godavari,8.25,293.5,2.5,5.8,1.7000000000000002,GODAVARI,2017-06-30
2017,2368,"GODAVARI AT BHADRACHALAM D/S BATHING GHAT, KHAMMAM",ANDHRA PRADESH,Godavari,8.3,322.0,5.0,5.449999999999999,2.6,GODAVARI,2017-06-30
2017,2369,"GODAVARI AT BURGAMPAHAD, KHAMMAM",ANDHRA PRADESH,Godavari,8.2,394.5,3.5,5.5,2.2,GODAVARI,2017-06-30
2017,2370,"GODAVARI AT RAJAMUNDRY D/s OF NALLA CHANNEL, EAST GODAVARI DISTRICT",ANDHRA PRADESH,Godavari,7.3,326.5,1.8499999999999999,7.1,1.45,GODAVARI,2017-06-30
2017,1218,"GODAVARI AT RAJAHMUNDRY U/s KUMARADEVAM, EAST GODAVARI",ANDHRA PRADESH,Godavari,7.1,415.5,1.7,7.1,1.45,GODAVARI,2017-06-30
2017,2371,GODAVARI AT RAJAMUN U/s OF NALLA CHANNEL,ANDHRA PRADESH,Godavari,7.2,335.5,1.7999999999999998,6.9,1.2,GODAVARI,2017-06-30
2017,1219,"GODAVARI AT RAJAHMUNDRY D/s DHAVALESWARAM, EAST GODAVARI",ANDHRA PRADESH,Godavari,7.15,305.5,1.85,7.050000000000001,1.3,GODAVARI,2017-06-30
2017,1095,"GODAVARI AT U/S OF GANGAPUR DAM, NASIK",MAHARASHTRA,Godavari,7.965,391.5,4.75,4.1,0.41500000000000004,GODAVARI,2017-06-30
2017,1096,GODAVARI AT PANCHAVATI AT RAMKUND,MAHARASHTRA,Godavari,7.74,455.0,16.25,4.3,,GODAVARI,2017-06-30
2017,1209,nan,GODAVARI AT NASIK D/S MAHARASHTRA,Godavari,7.85,444.5,12.2,4.75,0.65,Godavari,2017-06-30
2017,2177,GODAVARI RIVER NEAR SOMESHWAR TEMPLE.,MAHARASHTRA,Godavari,8.1,445.0,31.25,4.45,0.2,RIVER,2017-06-30
2017,2179,"GODAVARI RIVER AT HANUMAN GHAT, NASHIK CITY.",MAHARASHTRA,Godavari,7.8,444.0,14.5,4.0,0.6,RIVER,2017-06-30
2017,2160,GODAVARI RIVER AT NANDUR MADMESHWAR DAM.,MAHARASHTRA,Godavari,8.15,475.0,3.8,5.8,0.7,RIVER,2017-06-30
2017,2158,"GODAVARI RIVER AT KAPILA GODAVARI CONFLUENCE POINT, TAPOVAN.",MAHARASHTRA,Godavari,7.65,502.0,36.2,4.05,0.55,RIVER,2017-06-30
2017,2159,GODAVARI RIVER NEAR TAPOVAN.,MAHARASHTRA,Godavari,8.0,569.5,45.5,4.449999999999999,0.65,RIVER,2017-06-30
2017,2363,"GODAVARI RIVER AT U/S OF AURANGABAD RESERVOIR, KAIGAON TOKKA NEAR KAIGAON BRIDGE.",MAHARASHTRA,Godavari,8.149999999999999,601.0,5.5,6.6,0.2,AT,2017-06-30
2017,1855,"INDRAVATI RIVER B/C GODAVARI AT BHOPALPATNAM, DANTEWADA, CHHATISGARH.",CHATTISGARH,Godavari,7.5,,,7.0,,B/C GODAVARI,2017-06-30
2017,1856,"SHANKNI RIVER A/C DANKANI RIVER DANTEWADA, CHHATISGARH.",CHATTISGARH,Godavari,7.4,,,6.75,,Godavari,2017-06-30
2017,2374,MANJEERA AT GOWDICHARLA B/C WITH NAKKAVAGU,ANDHRA PRADESH,Godavari,7.6,752.0,3.5,6.6,9.35,MANJEERA,2017-06-30
2017,2375,MANJEERA AT GOWDICHARLA A/C WITH NAKKAVAGU,ANDHRA PRADESH,Godavari,7.75,1500.0,8.5,6.35,20.6,MANJEERA,2017-06-30
2017,1781,"MANJEERA RIVER NEAR GANAPATHI SUGARS , MEDAK DIST.",ANDHRA PRADESH,Godavari,7.75,427.0,3.5,7.15,8.05,RIVER,2017-06-30
2017,1157,MANJEERA AT RAIPALLU,ANDHRA PRADESH,Godavari,7.99,355.5,4.0,7.55,7.65,MANJEERA,2017-06-30
2017,1891,MANJEERA AT D/S IN INTAKE POINT TO BIDAR CITY,ANDHRA PRADESH,Godavari,8.0,394.0,,6.3,0.30000000000000004,MANJEERA,2017-06-30
2017,1215,MANER AT WARANGAL U/S,ANDHRA PRADESH,Godavari,8.100000000000001,289.5,4.0,5.35,2.2,MANER,2017-06-30
2017,1158,MANER AT SOMNAPALLI,ANDHRA PRADESH,Godavari,7.43,388.0,3.0,5.449999999999999,21.1,MANER,2017-06-30
2017,2719,"WARDHA RIVER AT D/S OF ERAI RIVER, HADASTI, CHANDRAPUR",MAHARASHTRA,Godavari,7.6,1166.0,8.3,5.199999999999999,3.15,AT,2017-06-30
2017,2720,"WARDHA RIVER AT U/S OF ERAI RIVER HADASTI, CHANDRAPUR",MAHARASHTRA,Godavari,7.7,1014.0,12.7,6.5,6.05,AT,2017-06-30
2017,2721,"WARDHA RIVER AT U/S OF ACC GHUGGUS. , CHANDRAPUR",MAHARASHTRA,Godavari,7.75,1187.5,5.1,6.8,7.15,AT,2017-06-30
2017,2174,WARDHA RIVER D/S OF ACC GHUGGUS.,MAHARASHTRA,Godavari,7.75,1239.5,8.2,6.65,1.05,RIVER,2017-06-30
2017,2156,WARDHA RIVER AT CONFLUENCE POINT OF PENGANGA & WARDHA AT JUAD.,MAHARASHTRA,Godavari,7.699999999999999,923.0,7.9,6.8,1.15,RIVER,2017-06-30
2017,1213,"WAINGANGA AT BALAGHAT, M.P.",MADHYA PRADESH,Godavari,7.85,321.5,2.25,7.5,0.9,WAINGANGA,2017-06-30
2017,1214,"WAINGANGA AT CHINDWARA, M.P.",MADHYA PRADESH,Godavari,7.8500000000000005,616.5,2.3,7.2,2.25,WAINGANGA,2017-06-30
2017,1910,WAINGANGA AFTER CONLUENCE WITH KANHAN,MAHARASHTRA,Godavari,7.55,950.5,7.3,5.6,1.3,Godavari,2017-06-30
2017,3330,"WAINGANGA AT CHHAPARA, NEAR W/S INTAKE POINT, JABALPUR",MADHYA PRADESH,Godavari,7.800000000000001,521.5,1.5,7.4,1.0,WAINGANGA,2017-06-30
2017,1908,"WAINGANGA AT CHHAPARA, NEAR ROAD BRIDGE AFTER MIXING MOTI & CHAMARIYA NALLA, JABALPUR",MADHYA PRADESH,Godavari,8.0,538.5,1.95,6.9,1.15,WAINGANGA,2017-06-30
2017,2172,WAINGANGA RIVER U/S OF ELLORA PAPER MILL.,MAHARASHTRA,Godavari,7.95,911.5,9.4,7.15,4.05,RIVER,2017-06-30
2017,2173,WAINGANGA RIVER D/S OF ELLORA PAPER MILL.,MAHARASHTRA,Godavari,7.55,840.0,11.0,6.800000000000001,3.15,RIVER,2017-06-30
2017,2175,"WAINGANGA U/S OF GAURAV PAPER MILLS, NEAR JACKWELL.",MAHARASHTRA,Godavari,7.35,1164.0,6.7,6.5,1.05,WAINGANGA,2017-06-30
2017,2176,"WAINGANGA D/S OF GAURAV PAPER MILLS, NEAR JACKWELL.",MAHARASHTRA,Godavari,7.4,1138.0,12.799999999999999,6.25,2.5500000000000003,WAINGANGA,2017-06-30
2017,3312,"KANHAN AT CHINDWARA BEFORE MIXING BOREGAON GROWTH CENTRE NALLA, JABALPUR",MADHYA PRADESH,Godavari,7.8500000000000005,820.0,2.5,7.3,3.7,KANHAN,2017-06-30
2017,2170,"KANHAN RIVER U/S OF M/S VIDHARBHA PAPER MILL, SINORA.",MAHARASHTRA,Godavari,7.6,890.0,5.4,6.0,4.1,RIVER,2017-06-30
2017,2171,"KANHAN RIVER D/S OF M/S VIDHARBHA PAPER MILL, SINORA.",MAHARASHTRA,Godavari,7.9,925.0,8.1,6.15,2.1,RIVER,2017-06-30
2017,1909,nan,KANHAN D/S OF NAGPUR MAHARASHTRA,Godavari,7.85,915.0,8.6,6.75,1.65,Godavari,2017-06-30
2017,2372,"KINNERASANI A/C OF KTPS ASH POND EFFLUENTS, KHAMMAM",ANDHRA PRADESH,Godavari,8.1,373.5,6.0,4.7,2.65,Godavari,2017-06-30
2017,2373,"SABARI AT KUNAVARAM, KHAMMAM",ANDHRA PRADESH,Godavari,7.7,104.0,1.5,5.75,1.3,SABARI,2017-06-30
2017,2657,"BINDUSARA RIVER AT BEED NEAR INTAKE WATER PUMP HOUSE AT DAM, PALIGAON, BEED",MAHARASHTRA,Godavari,8.3,739.5,5.4,7.9,0.30000000000000004,AT BEED,2017-06-30
2017,2697,"PENGANGA RIVER NEAR WATER SUPPLY SCHEME OF UMARKHED MC BELKHED, UMARKHED, YAVATMAL",MAHARASHTRA,Godavari,7.5,1065.0,5.0,6.35,6.25,RIVER,2017-06-30
2017,2698,"PENGANGA RIVER D/S OF ISAPUR DAM, ISAPUR, PUSAD, YAVATMAL",MAHARASHTRA,Godavari,7.699999999999999,1390.0,5.699999999999999,6.6,4.15,RIVER,2017-06-30
2017,2699,"PENGANGA RIVER AT MEHKARBULDANA ROAD BRIDGE, MEHKAR, BULDANA",MAHARASHTRA 20.5,Godavari,7.65,1151.0,11.6,5.35,1.9000000000000001,RIVER,2017-06-30
2017,2722,"WENA RIVER AT U/S OF MOHATA MILLS, NEAR RAILWAY BRIDGE, HINGANGHAT",MAHARASHTRA,Godavari,7.65,815.0,6.6,6.85,1.1500000000000001,AT,2017-06-30
2017,2723,"WENA RIVER AT D/S OF MOHATA MILLS, NR RD BRG ON HINGANGHATWADNER ROAD",MAHARASHTRA,Godavari,7.75,818.0,8.7,6.6,1.2000000000000002,AT,2017-06-30
2017,1908,KOLAR BEFORE CONFLUENCE TO KANHAN AT KAMPTEE,MAHARASHTRA,Godavari,8.0,1265.0,10.5,5.800000000000001,3.1,KANHAN,2017-06-30
2017,1913,nan,PURNA AT DHUPESHWAR MAHARASHTRA,Godavari,7.7,1109.5,10.7,3.55,1.7000000000000002,Godavari,2017-06-30
2017,2700,"PURNA RIVER NEAR ACHALPURAMRAVATI ROAD BRIDGE, ASEGAON, CHANDUR BAZAR, AMRAVATI",MAHARASHTRA,Godavari,8.0,1602.0,3.6,6.7,1.9000000000000001,RIVER,2017-06-30
2017,2660,"DARNA RIVER AT CHEHEDI PUMPING STATION, CHEHEDI, NASHIK",MAHARASHTRA,Krishna,7.95,553.5,3.7,5.7,0.6,RIVER,2017-06-30
2017,2661,"DARNA RIVER AT ASWALI (DARNA DAM), LGATPURI, NASHIK",MAHARASHTRA,Krishna,7.7,387.5,3.7,5.949999999999999,0.55,RIVER,2017-06-30
2017,2662,"DARNA RIVER AT MES SITE PUMPING STATION, BHAGUR, NASHIK",MAHARASHTRA,Krishna,7.7,441.0,3.85,5.8,0.5,RIVER,2017-06-30
2017,2663,"DARNA RIVER AT BHAGUR PUMPING STATION NEAR PANDHURLI BRIDGE, BHAGUR, NASHIK",MAHARASHTRA,Krishna,7.75,421.5,5.9,5.699999999999999,0.55,AT BHAGUR PUMPING STATION,2017-06-30
2017,2664,"DARNA RIVER AT SANSARI , NASHIK",MAHARASHTRA,Krishna,7.7,410.5,4.75,5.2,0.65,RIVER,2017-06-30
2017,1194,KRISHNA AT MAHABALESHWAR DHOM DAM NEAR KOINA DAM,MAHARASHTRA,Krishna,7.800000000000001,155.5,3.6,6.300000000000001,1.2000000000000002,KRISHNA,2017-06-30
2017,1153,KRISHNA AT RAJAPUR WEIR,MAHARASHTRA,Krishna,7.6000000000000005,436.0,2.7,5.949999999999999,0.63,KRISHNA,2017-06-30
2017,1906,KRISHNA D/S OF ISLAMPUR,MAHARASHTRA,Krishna,7.45,347.0,2.5,6.5,0.8,KRISHNA,2017-06-30
2017,1310,KRISHNA AT KURUNDWAD IN KOLHAPUR,MAHARASHTRA,Krishna,7.550000000000001,417.0,2.7,6.25,0.6,KRISHNA,2017-06-30
2017,1181,KRISHNA AT SANGLI,MAHARASHTRA,Krishna,7.35,286.5,2.4,6.449999999999999,0.525,KRISHNA,2017-06-30
2017,2187,KRISHNA RIVER AT KSHETRA MAHULI.,MAHARASHTRA,Krishna,8.25,387.5,4.6,5.9,1.75,RIVER,2017-06-30
2017,2188,KRISHNA RIVER AT KRISHNAVENNA SANGAM AT MAHULI.,MAHARASHTRA 21.5,Krishna,7.949999999999999,371.5,7.15,5.15,1.9000000000000001,AT KRISHNAVENNA SANGAM,2017-06-30
2017,2190,nan,KRISHNA RIVER AT WAI. MAHARASHTRA 21.5,Krishna,8.0,355.5,5.55,5.4,1.2000000000000002,Krishna,2017-06-30
2017,1182,"KRISHNA AT U/S OF UGARKHURD BARRAGE,",KARNATAKA,Krishna,7.425,700.0,1.5,6.25,3.26,KRISHNA,2017-06-30
2017,1889,KRISHNA ANKALI BRIDGE ALONG CHIKKODI KAGWAD ROAD,KARNATAKA,Krishna,7.6,665.0,1.75,6.55,2.3,Krishna,2017-06-30
2017,1181,"KRISHNA AT D/S OF NARAYANPURA DAM,",KARNATAKA,Krishna,7.74,1140.0,1.71,8.850000000000001,10.889999999999999,KRISHNA,2017-06-30
2017,1170,KRISHNA AT D/S OF DEVASAGAR BDG.,KARNATAKA,Krishna,7.975,889.0,,7.1,0.255,KRISHNA,2017-06-30
2017,1028,"KRISHNA AT TINTINI BRIDGE,",KARNATAKA,Krishna,7.975,648.0,,7.1,0.29000000000000004,KRISHNA,2017-06-30
2017,2781,"KRISHNA AT D/S OF ALAMATTI DAM,",KARNATAKA,Krishna,7.9,850.0,1.5,9.2,12.35,KRISHNA,2017-06-30
2017,1784,"THANGADI , MAHABOOBNAGAR DIST.",ANDHRA PRADESH,Krishna,7.9,479.0,2.5,6.800000000000001,0.7,Krishna,2017-06-30
2017,1175,"KRISHNA A/c WITH TUNGABHADRA, SANGAMESHWARAM",ANDHRA PRADESH,Krishna,7.95,952.0,2.1,6.65,1.1,Krishna,2017-06-30
2017,1465,KRISHNA AT WADAPALLY AFTER CONFL. WITH R. MUSI,ANDHRA PRADESH,Krishna,8.2,1051.5,3.5,7.6,11.5,KRISHNA,2017-06-30
2017,1786,KRISHNA AT VEDADRI,ANDHRA PRADESH,Krishna,8.0,901.5,1.7,6.699999999999999,1.5999999999999999,KRISHNA,2017-06-30
2017,1787,KRISHNA AT AMARAVATI,ANDHRA PRADESH,Krishna,7.65,572.5,1.6500000000000001,7.1,1.0,KRISHNA,2017-06-30
2017,3083,"KRISHNA D/S OF SRISHAILAM, KURNOOL",ANDHRA PRADESH,Krishna,8.05,557.0,1.25,6.5,0.8500000000000001,KRISHNA,2017-06-30
2017,1782,KRISHNA AT HAMSALADEEVI,ANDHRA PRADESH,Krishna,7.55,17421.5,1.65,5.85,0.85,KRISHNA,2017-06-30
2017,1131,PANCHAGANGA AT ICHALKARANJI,MAHARASHTRA,Tributary Streams - At Shirol Near Shirol Intake Well,7.5,524.5,3.0,5.5,0.7999999999999999,PANCHAGANGA,2017-06-30
2017,2163,PANCHAGANGA RIVER AT SHIROL NEAR SHIROL INTAKE WELL.,MAHARASHTRA,Tributary Streams - At Shirol Near Shirol Intake Well,7.550000000000001,568.0,2.8,6.25,0.65,AT SHIROL,2017-06-30
2017,1904,PANCHAGANGA U/S OF KOLHAPUR TOWN,MAHARASHTRA,Tributary Streams - At Shirol Near Shirol Intake Well,7.5,611.5,2.6,6.25,0.55,PANCHAGANGA,2017-06-30
2017,1905,PANCHAGANGA D/S OF KOLHAPUR TOWN,MAHARASHTRA,Tributary Streams - At Shirol Near Shirol Intake Well,7.55,259.5,2.7,6.35,0.6000000000000001,PANCHAGANGA,2017-06-30
2017,1189,BHIMA AT PUNE U/S VITHALWADI,MAHARASHTRA,Tributary Streams - At Shirol Near Shirol Intake Well,7.7,468.0,14.25,2.65,0.95,BHIMA,2017-06-30
2017,2655,"BHIMA RIVER AT KOREGAON NEAR KOREGAON BRIDGE, SHIRUR, PUNE",MAHARASHTRA,Tributary Streams - At Shirol Near Shirol Intake Well,7.95,920.0,6.75,5.8,2.35,AT KOREGAON,2017-06-30
2017,2656,"BHIMA RIVERBACKWATER OF UJANI DAM NEAR RAW WATER PUMP HOUSE, KUMBARGAON, INDAPUR, PUNE",MAHARASHTRA,Tributary Streams - At Shirol Near Shirol Intake Well,7.85,554.5,6.3,5.85,5.3,DAM,2017-06-30
2017,1190,"BHIMA AT PUNE, D/S OF BUNDGARDEN",MAHARASHTRA,Tributary Streams - At Shirol Near Shirol Intake Well,7.85,1336.0,12.4,3.15,1.7000000000000002,BHIMA,2017-06-30
2017,1191,BHIMA AT PARGAON (AFTER CONFL.WITH MULE MARTHA) .,MAHARASHTRA 22.5,Tributary Streams - At Shirol Near Shirol Intake Well,7.85,952.0,8.0,4.05,4.8,BHIMA,2017-06-30
2017,1192,BHIMA AFTER CONF. WITH DAUNT,MAHARASHTRA,Tributary Streams - At Shirol Near Shirol Intake Well,7.949999999999999,1045.5,9.7,4.25,5.75,At Shirol Near Shirol Intake Well,2017-06-30
2017,1188,"BHIMA AT NARSINGHPUR, (D/S AF.CONFL.WITH R.NIRA)",MAHARASHTRA,Tributary Streams - At Shirol Near Shirol Intake Well,8.275,1046.0,5.5,5.8,1.01,BHIMA,2017-06-30
2017,1183,"BHIMA AT D/S OF ROAD BRIDGE AT GANGAPUR VILLAGE,",KARNATAKA,Tributary Streams - At Shirol Near Shirol Intake Well,8.379999999999999,555.5,1.9,6.75,,BHIMA,2017-06-30
2017,1184,"BHIMA AT FEROZABAD VILLAGE (D/S),",KARNATAKA,Tributary Streams - At Shirol Near Shirol Intake Well,8.39,574.5,2.4,6.9,,BHIMA,2017-06-30
2017,1167,"BHIMA AT D/S OF BDG. NEAR YADGIR,",KARNATAKA,Tributary Streams - At Shirol Near Shirol Intake Well,8.094999999999999,761.0,4.11,7.15,,BHIMA,2017-06-30
2017,1888,BHIMA RIVER AT CONFLUENCE OF JEWARGI TOWN SEWAGE DISPOSAL POINT,KARNATAKA,Tributary Streams - At Shirol Near Shirol Intake Well,8.45,569.5,1.4,6.75,,RIVER,2017-06-30
2017,1185,GHATPRABHA AT D/S OF MUDHOL RD. CROSS BDG.,KARNATAKA,Tributary Streams - At Shirol Near Shirol Intake Well,7.995000000000001,880.0,1.5,7.75,2.9400000000000004,GHATPRABHA,2017-06-30
2017,1163,"GHATPRABHA AT W.A. POINT TO GOKAK TOWN,",KARNATAKA,Tributary Streams - At Shirol Near Shirol Intake Well,7.46,440.0,0.84,7.35,1.56,GHATPRABHA,2017-06-30
2017,1187,"MALPRABHA AT D/S OF KHANAPUR VILLAGE,",KARNATAKA,Tributary Streams - At Shirol Near Shirol Intake Well,7.390000000000001,240.0,2.04,7.949999999999999,1.1,MALPRABHA,2017-06-30
2017,1164,"MALPRABHA AT WATER ABSTR. PT. TO HUBLI, DHARWAR,",KARNATAKA,Tributary Streams - At Shirol Near Shirol Intake Well,7.705,300.0,1.2,8.25,0.78,MALPRABHA,2017-06-30
2017,1186,"MALPRABHA AT D/S OF AIHOLE TOWN,",KARNATAKA,Tributary Streams - At Shirol Near Shirol Intake Well,7.625,790.0,1.5999999999999999,8.0,1.5099999999999998,MALPRABHA,2017-06-30
2017,2764,"MALPRABHA AT BADAMI BRIDGE,",KARNATAKA,Tributary Streams - At Shirol Near Shirol Intake Well,7.65,785.0,1.7,8.3,1.4,MALPRABHA,2017-06-30
2017,1029,"TUNGABHADRA AT HARALAHALLI BRIDGE,",KARNATAKA,Tributary Streams - At Shirol Near Shirol Intake Well,7.875,341.0,2.5,7.35,0.95,TUNGABHADRA,2017-06-30
2017,2767,"TUNGABHADRA AT U/S OF HPF,",KARNATAKA,Tributary Streams - At Shirol Near Shirol Intake Well,7.800000000000001,229.0,2.0,7.2,0.7,TUNGABHADRA,2017-06-30
2017,2768,"TUNGABHADRA AT D/S OF HPF,",KARNATAKA,Tributary Streams - At Shirol Near Shirol Intake Well,7.65,1490.0,9.3,5.75,0.7,TUNGABHADRA,2017-06-30
2017,2769,"TUNGABHADRA AT JACKWELL POINT,",KARNATAKA,Tributary Streams - At Shirol Near Shirol Intake Well,7.55,1432.0,7.25,5.75,0.65,TUNGABHADRA,2017-06-30
2017,2770,"TUNGABHADRA AT HARIHAR WATER SUPPLY INTAKE,",KARNATAKA,Tributary Streams - At Shirol Near Shirol Intake Well,7.75,240.0,4.5,6.7,0.9,TUNGABHADRA,2017-06-30
2017,2776,"TUNGABHADRA AT D/S OF GANGAWATHI,",KARNATAKA,Tributary Streams - At Shirol Near Shirol Intake Well,7.65,436.0,1.0,7.1,0.25,TUNGABHADRA,2017-06-30
2017,2766,"TUNGABHADRA AT NEW BRIDGE,",KARNATAKA,Tributary Streams - At Shirol Near Shirol Intake Well,7.8500000000000005,225.0,2.0,7.3,0.7,TUNGABHADRA,2017-06-30
2017,1174,"TUNGABHADRA AT KURNOOL U/s, BAVAPURAM",ANDHRA PRADESH,Tributary Streams - At Shirol Near Shirol Intake Well,7.95,1177.5,1.65,4.5,1.4500000000000002,TUNGABHADRA,2017-06-30
2017,1785,TUNGABHADRA AT MANTHRALAYAM,ANDHRA PRADESH,Tributary Streams - At Shirol Near Shirol Intake Well,8.05,1540.5,3.6,4.45,1.1,TUNGABHADRA,2017-06-30
2017,2771,TUNGABHADRA AT DADESUGUR BRIDGE GAUGING STATION,nan,Tributary Streams - At Shirol Near Shirol Intake Well,8.4,1209.0,0.0,7.1,0.35,TUNGABHADRA,2017-06-30
2017,2766,TUNGABHADRA AT HONNALI BRIDGE,KARNATAKA,Tributary Streams - At Shirol Near Shirol Intake Well,7.7,190.0,2.9,7.25,0.75,TUNGABHADRA,2017-06-30
2017,1168,"TUNGA AT D/S OF SHIMOGA TOWN,",KARNATAKA,Tributary Streams - At Shirol Near Shirol Intake Well,7.87,207.5,3.05,7.0,0.73,TUNGA,2017-06-30
2017,1896,TUNGABHADRA AT CONFLUENCE POINT OF TUNGA AND BHADRA AT KUDLI,KARNATAKA,Tributary Streams - At Shirol Near Shirol Intake Well,7.699999999999999,145.5,3.0,7.0,0.75,TUNGABHADRA,2017-06-30
2017,1091,BHADRA AT MALLESWARAM D/S OF KIOCL,KARNATAKA,Tributary Streams - At Shirol Near Shirol Intake Well,7.45,159.0,1.5,5.67,0.35,BHADRA,2017-06-30
2017,1387,"BHADRA AT D/S OF BHADRAVATHI,",KARNATAKA,Tributary Streams - At Shirol Near Shirol Intake Well,7.55,225.0,3.8,6.7,1.05,BHADRA,2017-06-30
2017,1169,"BHADRA AT D/S OF KIOCL ROAD BRIDGE, NEAR HOLEHUNNUR,",KARNATAKA,Tributary Streams - At Shirol Near Shirol Intake Well,7.569999999999999,225.0,3.0999999999999996,7.3,0.575,BHADRA,2017-06-30
2017,2765,"BHADRA AT U/S OF MPM,",KARNATAKA,Tributary Streams - At Shirol Near Shirol Intake Well,7.699999999999999,164.0,2.5,7.1,0.35,BHADRA,2017-06-30
2017,2771,"BHADRA AT U/S OF KIOCL,",KARNATAKA,Tributary Streams - At Shirol Near Shirol Intake Well,7.35,132.0,1.35,5.75,0.15000000000000002,BHADRA,2017-06-30
2017,1172,MUSI U/S AT HYDERABAD,ANDHRA PRADESH,Tributary Streams - At Shirol Near Shirol Intake Well,8.23,576.0,2.0,5.65,1.49,MUSI,2017-06-30
2017,1173,MUSI D/S AT HYDERABAD,ANDHRA PRADESH,Tributary Streams - At Shirol Near Shirol Intake Well,7.765000000000001,1204.0,34.0,0.2,2.65,MUSI,2017-06-30
2017,2339,"RIVER MUSI AT NAGOLE, RANGAREDDY",ANDHRA PRADESH,Tributary Streams - At Shirol Near Shirol Intake Well,7.6,856.0,32.0,4.2,7.1,MUSI,2017-06-30
2017,3082,"MUSI RESERVOIR AT KASANIGUDA, NALGONDA",ANDHRA PRADESH,Tributary Streams - At Shirol Near Shirol Intake Well,8.149999999999999,1432.5,15.5,5.1,14.0,RESERVOIR,2017-06-30
2017,1178,"PALLERU B/c WITH KRISHNA, JAGGAYYAPET",ANDHRA PRADESH,Tributary Streams - At Shirol Near Shirol Intake Well,7.879999999999999,1028.5,1.8,6.7,1.73,At Shirol Near Shirol Intake Well,2017-06-30
2017,1177,"MUNERU B/c WITH KRISHNA, NANDIGAMA",ANDHRA PRADESH,Tributary Streams - At Shirol Near Shirol Intake Well,7.425,680.0,1.9000000000000001,6.9,0.8,At Shirol Near Shirol Intake Well,2017-06-30
2017,2777,KAGINA D/S OF SEWAGE DISPOSAL POINT,KARNATAKA,Tributary Streams - At Shirol Near Shirol Intake Well,8.3,466.5,2.4,7.0,,KAGINA,2017-06-30
2017,2777,"KAGINA AT SHAHABAD BRIDGE,",KARNATAKA,Tributary Streams - At Shirol Near Shirol Intake Well,8.3,453.0,4.85,6.35,,KAGINA,2017-06-30
2017,2349,"NAKKAVAGU, BACHUGUDEM, MEDAK",ANDHRA PRADESH,Tributary Streams - At Shirol Near Shirol Intake Well,7.5,1721.5,18.0,4.65,25.85,At Shirol Near Shirol Intake Well,2017-06-30
2017,2350,"RIVER HUNDRI AT JOHARAPURAM(V), NEAR TEMPLE, KURNOOL",ANDHRA PRADESH,Tributary Streams - At Shirol Near Shirol Intake Well,7.95,1711.0,1.0,4.5,4.1499999999999995,HUNDRI,2017-06-30
2017,2763,"ASANGI NALLA AT ASANGI VILLAGE,",KARNATAKA,Tributary Streams - At Shirol Near Shirol Intake Well,7.6,840.0,1.7,7.65,1.5,NALLA,2017-06-30
2017,2195,"NIRA RIVER AT D/S OF JUBILANT ORGANOSIS, PUNE.",MAHARASHTRA,Tributary Streams - At Shirol Near Shirol Intake Well,8.15,613.0,11.0,4.75,1.1,AT,2017-06-30
2017,2682,"NIRA RIVER AT U/S OF JUBILANT ORGANOSIS (DATTAGHAT), BARAMATI, PUNE",MAHARASHTRA,Tributary Streams - At Shirol Near Shirol Intake Well,7.8999999999999995,466.0,5.55,5.5,,AT,2017-06-30
2017,1463,NIRA AT SAROLE BDG.ON PUNEBANGLORE HIGHWAY,MAHARASHTRA,Tributary Streams - At Shirol Near Shirol Intake Well,7.75,324.0,5.2,6.6000000000000005,0.9,NIRA,2017-06-30
2017,2681,"NIRA RIVER AT SANGAVI, PHALTAN, SATARA",MAHARASHTRA,Tributary Streams - At Shirol Near Shirol Intake Well,8.45,2003.0,10.95,4.85,1.4000000000000001,RIVER,2017-06-30
2017,2683,"NIRA RIVER AT SHINDEWADI. SHIRVAL, KHANDALA, SATARA",MAHARASHTRA,Tributary Streams - At Shirol Near Shirol Intake Well,7.85,180.0,5.85,5.550000000000001,0.65,RIVER,2017-06-30
2017,2186,"VENNA RIVER AT VARYE, SATARA.",MAHARASHTRA 21.5,Tributary Streams - At Shirol Near Shirol Intake Well,8.1,281.0,6.15,5.45,0.85,RIVER,2017-06-30
2017,2716,"VENNA RIVER AT MAHABALESHWAR, SATARA",MAHARASHTRA,Tributary Streams - At Shirol Near Shirol Intake Well,7.5,83.0,4.6,5.85,0.5,RIVER,2017-06-30
2017,2717,"VENNA RIVER AT MAHULI, SATARA",MAHARASHTRA,Tributary Streams - At Shirol Near Shirol Intake Well,8.15,376.0,6.699999999999999,5.3,1.85,RIVER,2017-06-30
2017,2189,nan,KOYNA RIVER AT KARAD. MAHARASHTRA 22.5,Tributary Streams - At Shirol Near Shirol Intake Well,7.9,226.0,5.4,5.9,0.65,At Shirol Near Shirol Intake Well,2017-06-30
2017,2194,MULA RIVER AT HARRISON BRIDGE NEAR MULA PAWANA SANGAM.,MAHARASHTRA,Tributary Streams - At Shirol Near Shirol Intake Well,7.9,1325.5,14.0,3.45,1.5,AT HARRISON BRIDGE,2017-06-30
2017,2193,"MULA RIVER AT AUNDH BRIDGE, AUNDGAON.",MAHARASHTRA,Tributary Streams - At Shirol Near Shirol Intake Well,7.8,532.0,9.1,3.35,2.25,RIVER,2017-06-30
2017,2192,MULAMUTHA RIVER AT MUNDHAWA BRIDGE.,MAHARASHTRA,Tributary Streams - At Shirol Near Shirol Intake Well,7.95,1267.0,14.0,2.45,2.0500000000000003,RIVER,2017-06-30
2017,2677,"MULAMUTHA RIVER AT D/S OF THEUR, HAWELI, PUNE",MAHARASHTRA,Tributary Streams - At Shirol Near Shirol Intake Well,7.85,433.0,10.85,4.25,3.0999999999999996,AT,2017-06-30
2017,2191,MUTHA RIVER AT SANGAM BRIDGE NEAR GANAPATHY GHAT.,MAHARASHTRA,Tributary Streams - At Shirol Near Shirol Intake Well,7.7,490.0,22.3,3.5500000000000003,0.75,AT SANGAM BRIDGE,2017-06-30
2017,2678,"MUTHA RIVER NEAR VEER SAVARKAR BHAVAN, PUNE",MAHARASHTRA,Tributary Streams - At Shirol Near Shirol Intake Well,7.6499999999999995,450.0,18.9,3.3,0.7999999999999999,RIVER,2017-06-30
2017,2679,"MUTHA RIVER AT DECCAN BRIDGE, DECCAN, PUNE",MAHARASHTRA,Tributary Streams - At Shirol Near Shirol Intake Well,7.6,452.5,18.25,2.9,0.7999999999999999,RIVER,2017-06-30
2017,2680,"MUTHA RIVER AT KHADAKVASLA DAM, KHADAKVASLA, HAWELI, PUNE.",MAHARASHTRA,Tributary Streams - At Shirol Near Shirol Intake Well,7.699999999999999,305.5,3.8,5.300000000000001,0.95,RIVER,2017-06-30
2017,2196,"PAWANA RIVER AT SANGAVIGAON, PUNE.",MAHARASHTRA,Tributary Streams - At Shirol Near Shirol Intake Well,7.800000000000001,468.0,12.5,3.6,1.85,RIVER,2017-06-30
2017,2690,"PAWANA RIVER AT KASARWADI, HAWELI, PUNE",MAHARASHTRA,Tributary Streams - At Shirol Near Shirol Intake Well,7.699999999999999,458.5,13.2,3.4,2.2,RIVER,2017-06-30
2017,2691,"PAWANA RIVER AT DAPODI BRIDGE AT PAWANAMULLA SANGAM, DAPODI, HAWELI, PUNE",MAHARASHTRA,Tributary Streams - At Shirol Near Shirol Intake Well,7.9,468.5,12.95,3.75,1.7,AT DAPODI BRIDGE,2017-06-30
2017,2692,"PAWANA RIVER AT RAVET WEIR, RAVET, HAWELI, PUNE",MAHARASHTRA,Tributary Streams - At Shirol Near Shirol Intake Well,7.85,284.5,4.8,5.65,0.8500000000000001,RIVER,2017-06-30
2017,2693,"PAWANA RIVER AT CHINCHWADGAON, HAWELI, PUNE",MAHARASHTRA,Tributary Streams - At Shirol Near Shirol Intake Well,7.85,320.5,9.1,5.0,1.15,RIVER,2017-06-30
2017,2694,"PAWANA RIVER AT PIMPRIGAON, HAWELI, PUNE",MAHARASHTRA,Tributary Streams - At Shirol Near Shirol Intake Well,7.65,453.0,12.2,3.1999999999999997,2.9,RIVER,2017-06-30
2017,2197,"INDRAYANI RIVER AT D/S OF ALANDIGAON, PUNE",MAHARASHTRA,Tributary Streams - At Shirol Near Shirol Intake Well,7.8,421.0,8.15,5.1,1.4000000000000001,AT,2017-06-30
2017,2668,"INDRAYANI RIVER AT D/S OF MOSHIGAON, HAWELI, PUNE",MAHARASHTRA,Tributary Streams - At Shirol Near Shirol Intake Well,7.85,394.5,7.35,4.95,1.4500000000000002,AT,2017-06-30
2017,2669,"INDRAYANI RIVER AT U/S OF MOSHIGAON, HAWELI, PUNE",MAHARASHTRA,Tributary Streams - At Shirol Near Shirol Intake Well,7.8,442.0,8.4,3.95,4.199999999999999,AT,2017-06-30
2017,1911,CHANDRABHAGA U/S OF PANDHARPUR TOWN,MAHARASHTRA,Tributary Streams - At Shirol Near Shirol Intake Well,8.25,1298.5,5.15,5.75,1.05,CHANDRABHAGA,2017-06-30
2017,1912,CHANDRABHAGA D/S OF PANDHARPUR TOWN,MAHARASHTRA,Tributary Streams - At Shirol Near Shirol Intake Well,8.2,1288.5,7.0,4.95,1.0,CHANDRABHAGA,2017-06-30
2017,2665,"GHOD RIVER AT SHIRUR, PUNE",MAHARASHTRA,Tributary Streams - At Shirol Near Shirol Intake Well,8.2,857.0,7.3,5.449999999999999,2.9499999999999997,RIVER,2017-06-30
2017,2705,"SINA RIVER NEAR LABOTI TOLL NAKA, LABOTI, MOHAL, SOLAPUR",MAHARASHTRA,Tributary Streams - At Shirol Near Shirol Intake Well,8.1,624.5,6.15,5.7,0.9,RIVER,2017-06-30
2017,2711,"URMODI RIVER, NAGTHANE, SATARA",MAHARASHTRA,Tributary Streams - At Shirol Near Shirol Intake Well,8.1,307.5,8.2,3.8,1.25,At Shirol Near Shirol Intake Well,2017-06-30
2017,2715,"VEL RIVER AT SHIKRAPUR, SHIRUR, PUNE",MAHARASHTRA,Tributary Streams - At Shirol Near Shirol Intake Well,7.949999999999999,482.0,5.4,5.699999999999999,2.9,RIVER,2017-06-30
2017,1255,"PENNAR B/c WITH CHITRAVATHI, TADPATRI, UNGANOOR",ANDHRA PRADESH,Pennar,7.85,1151.0,0.75,4.65,1.05,Pennar,2017-06-30
2017,1256,"PENNAR A/c WITH PAPAGNI, PUSPAGINI",ANDHRA PRADESH,Pennar,7.85,917.0,1.15,5.3,1.7,Pennar,2017-06-30
2017,1257,"PENNAR A/c WITH CHEYYURU, SOMASILA",ANDHRA PRADESH,Pennar,7.8,1013.0,1.4500000000000002,6.8,2.4000000000000004,Pennar,2017-06-30
2017,2351,"RIVER KUNDU, NANDYAL, NEAR OVER BDG., KURNOOL",ANDHRA PRADESH,Pennar,8.0,984.5,4.45,6.3,1.6500000000000001,Pennar,2017-06-30
2017,1198,"CAUVERY AT NAPOKULU BDG (D/S),",KARNATAKA,Cauvery,7.6000000000000005,73.0,3.85,6.85,0.35,CAUVERY,2017-06-30
2017,1195,"CAUVERY AT KUSHAL NAGAR U/S (NEAR BAICHANAHALLI),",KARNATAKA,Cauvery,7.65,94.0,1.9,6.75,0.1,CAUVERY,2017-06-30
2017,1386,"CAUVERY AT D/S OF KAREKUARA VILLAGE,",KARNATAKA,Cauvery,7.9,233.0,1.75,6.9,0.35,CAUVERY,2017-06-30
2017,1171,"CAUVERY AT SRI RANGAPATTANNA, D/S OF ROAD BDG.,",KARNATAKA,Cauvery,7.7,234.0,2.4,5.800000000000001,0.075,CAUVERY,2017-06-30
2017,2773,"CAUVERY AT BANNUR BRIDGE,",KARNATAKA,Cauvery,7.75,304.0,2.15,6.2,0.2,CAUVERY,2017-06-30
2017,2774,"CAUVERY AT RANGANATHITTU,",KARNATAKA,Cauvery,7.75,467.0,2.3,6.050000000000001,0.25,CAUVERY,2017-06-30
2017,3576,CAUVERY AT KRS DAM MANDYA,KARNATAKA,Cauvery,7.7,428.0,2.0,6.45,0.25,CAUVERY,2017-06-30
2017,3578,CAUVERY AT WATER SUPPLY INTAKE POINT TO SRIRANGAPATNA TOWN,KARNATAKA,Cauvery,7.85,227.0,2.0,6.35,0.15000000000000002,CAUVERY,2017-06-30
2017,3579,CAUVERY AT WATER SUPPLY INTAKE POINT TO MANDYA TOWN,KARNATAKA,Cauvery,7.85,235.0,1.95,6.55,0.15000000000000002,CAUVERY,2017-06-30
2017,3581,CAUVERY D/S OF KR NAGAR BRIDGE,KARNATAKA,Cauvery,7.75,206.0,2.1,6.3,0.15000000000000002,CAUVERY,2017-06-30
2017,1322,CAUVERY U/S OF KR NAGAR,KARNATAKA,Cauvery,7.65,230.0,2.2,6.1,0.2,CAUVERY,2017-06-30
2017,1320,CAUVERY AT WATER SUPPLY INTAKE POINT TO MADIKERI TOWN,KARNATAKA,Cauvery,7.5,62.0,1.6,7.05,0.1,CAUVERY,2017-06-30
2017,1323,CAUVERY AT WATER SUPPLY INTAKE POINT TO MYSORE PUMP HOUSE,KARNATAKA,Cauvery,7.75,242.0,1.6,6.949999999999999,0.15000000000000002,CAUVERY,2017-06-30
2017,3015,CAUVERY D/S OF MADDUR WATER SUPPLY TREATMENT PLANT AT BACHALLI,KARNATAKA,Cauvery,7.9,397.0,1.95,6.6,0.3,CAUVERY,2017-06-30
2017,1324,CAUVERY AT WATER SUPPLY INTAKE POINT AT KOLLEGALA DASANAPURA,KARNATAKA,Cauvery,7.75,272.0,2.25,6.2,0.15000000000000002,CAUVERY,2017-06-30
2017,1451,CAUVERY AT WATER SUPPLY INTAKE POINT AT T K HALLI,KARNATAKA,Cauvery,8.05,397.0,2.0,6.0,0.25,CAUVERY,2017-06-30
2017,3016,"CAUVERY AT PETTAIVAITHALAI, TRICHY, TAMILNADU",TAMIL NADU,Cauvery,8.15,601.5,2.25,7.1499999999999995,,CAUVERY,2017-06-30
2017,1202,"CAUVERY AT TIRUCHIRAPPALLI U/S, TAMILNADU",TAMIL NADU,Cauvery,8.05,513.5,2.0,7.5,,CAUVERY,2017-06-30
2017,1325,"CAUVERY AT TIRUCHIRAPPALLI D/S, TAMILNADU",TAMIL NADU,Cauvery,7.55,982.0,7.45,3.75,0.6000000000000001,CAUVERY,2017-06-30
2017,1203,"CAUVERY AT TRICHY, GRAND ANAICUT, TAMILNADU",TAMIL NADU,Cauvery,8.05,831.5,7.0,5.4,0.65,CAUVERY,2017-06-30
2017,1206,"CAUVERY AT THANJAVUR, TAMILNADU",TAMIL NADU,Cauvery,8.05,503.5,1.7,6.6,,CAUVERY,2017-06-30
2017,3018,"CAUVERY AT MAYILADUTHURAI, NAGAPATTINAM, TAMILNADU",TAMIL NADU,Cauvery,7.5,345.0,2.0,5.7,,CAUVERY,2017-06-30
2017,3012,"CAUVERY AT KOMARAPALAYAM, NAMAKAL, TAMILNADU",TAMIL NADU,Cauvery,7.85,997.5,4.05,3.95,,CAUVERY,2017-06-30
2017,3013,"CAUVERY AT URRACHIKOTTAI, ERODE, TAMILNADU",TAMIL NADU,Cauvery,7.8,412.5,2.0,6.05,,CAUVERY,2017-06-30
2017,3014,"CAUVERY AT VAIRAPALAYAM, NAMAKAL, TAMILNADU",TAMIL NADU,Cauvery,8.05,671.0,3.1,5.5,,CAUVERY,2017-06-30
2017,3017,"CAUVERY AT KUMBAKONAM, THANJAVUR, TAMILNADU",TAMIL NADU,Cauvery,7.7,437.0,1.45,7.4,,CAUVERY,2017-06-30
2017,1326,"CAUVERY AT COLEROON, TAMILNADU",TAMIL NADU,Cauvery,7.65,39303.5,16.3,5.5,,CAUVERY,2017-06-30
2017,1327,"CAUVERY AT PITCHAVARAM, TAMILNADU",TAMIL NADU,Cauvery,7.75,39348.0,8.3,5.75,,CAUVERY,2017-06-30
2017,1320,"CAUVERY AT ERODE NEAR CHIRAPALAYAM, TAMILNADU",TAMIL NADU,Cauvery,7.8999999999999995,800.0,2.15,4.6000000000000005,,CAUVERY,2017-06-30
2017,1323,"CAUVERY AT VELORE NEAR KATTIPALAYAM, TAMILNADU",TAMIL NADU,Cauvery,8.05,875.0,5.0,6.4,,CAUVERY,2017-06-30
2017,3015,"CAUVERY AT PUGALUR, KARUR, TAMILNADU",TAMIL NADU,Cauvery,8.05,720.5,3.7,7.449999999999999,,CAUVERY,2017-06-30
2017,1324,"CAUVERY AT MOHANUR NEAR PATTAIPALAYAM, TAMILNADU",TAMIL NADU,Cauvery,8.1,1300.5,1.9,7.25,,CAUVERY,2017-06-30
2017,1451,"CAUVERY AT THIRUMUKKUDALCONFL. PT.OF R. AMRAVATI, TAMILNADU",TAMIL NADU,Cauvery,8.1,740.5,1.75,7.35,,CAUVERY,2017-06-30
2017,1199,HEMAVATI AT D/S OF HOLENARASIPURA TOWN AT RAMADEVALA WEIR,KARNATAKA,Cauvery,7.75,236.5,1.5,6.050000000000001,0.15000000000000002,HEMAVATI,2017-06-30
2017,1200,"SHIMSHA AT D/S OF HIGHWAY BRIDGE, YEDIYAR,",KARNATAKA,Cauvery,7.199999999999999,205.0,3.0,6.0,0.8,SHIMSHA,2017-06-30
2017,1166,"SHIMSHA AT D/S OF BRIDGE, HALAGUR,",KARNATAKA,Cauvery,7.8,519.0,2.91,5.35,0.24000000000000002,SHIMSHA,2017-06-30
2017,3567,SHIMSHA D/S NEAR MADDUAR TOWN,KARNATAKA,Cauvery,7.65,521.0,2.25,6.15,0.30000000000000004,SHIMSHA,2017-06-30
2017,3580,SHIMSHA AT WATER SUPPLY INTAKE POINT AT MADDUAR,KARNATAKA,Cauvery,7.85,404.0,2.0,6.1,0.25,SHIMSHA,2017-06-30
2017,1165,"ARKAVATHI AT D/S OF KANAKAPURA TOWN,",KARNATAKA,Cauvery,7.05,1170.5,8.65,3.55,19.5,ARKAVATHI,2017-06-30
2017,2778,"ARKAVATHI AT T.G. HALLI RESERVOIR, ,",KARNATAKA,Cauvery,7.800000000000001,1326.5,8.5,7.1,3.1,ARKAVATHI,2017-06-30
2017,1207,"KABINI AT MUTHANKARA, KERALA",KERALA,Cauvery,6.85,85.0,1.2,6.55,0.2,KABINI,2017-06-30
2017,1197,"KABINI AT SARAGUR VILLAGE D/S,",KARNATAKA,Cauvery,7.5,176.0,2.3,6.25,0.15000000000000002,KABINI,2017-06-30
2017,1445,"KABINI AT WATER INTAKE OF KIADB AT NANJANGUD,",KARNATAKA,Cauvery,8.05,195.0,2.1,6.25,0.39999999999999997,KABINI,2017-06-30
2017,2775,"KABINI AT BATHING GHAT, NANJANAGUD,",KARNATAKA,Cauvery,7.5,248.0,4.45,5.1,0.35,KABINI,2017-06-30
2017,3575,KABINI U/S INTAKE POINT TO NANJANAGUD & GUNDLUPET AT DEBUR,KARNATAKA,Cauvery,7.65,192.0,2.05,6.25,0.1,KABINI,2017-06-30
2017,3577,KABINI AT WATER SUPPLY INTAKE POINT TO T. NARASIPURA,KARNATAKA,Cauvery,7.75,386.0,2.05,6.25,0.25,KABINI,2017-06-30
2017,1208,"BHAVANI AT ELACHIVAZHY, KERALA",KERALA,Cauvery,7.4,228.5,2.9000000000000004,7.0,0.5,BHAVANI,2017-06-30
2017,1201,"BHAVANI AT PATHIRAKALIAMMAN KOIL, TAMILNADU",TAMIL NADU,Cauvery,6.9,176.5,1.15,7.05,,BHAVANI,2017-06-30
2017,1204,"BHAVANI AT SIRUMUGAI, TAMILNADU",TAMIL NADU,Cauvery,7.65,211.5,1.3,7.2,,BHAVANI,2017-06-30
2017,1321,"BHAVANI AT BHAVANI SAGAR, TAMILNADU",TAMIL NADU,Cauvery,7.45,218.0,1.95,5.75,,BHAVANI,2017-06-30
2017,1205,"BHAVANI AT BHAVANI, TAMILNADU",TAMIL NADU,Cauvery,7.1,771.5,3.35,5.1000000000000005,,BHAVANI,2017-06-30
2017,3019,"BHAVANI AT D/S OF BHAVANISAGAR, SATHYAMANGALAM, ERODE, TAMILNADU",TAMIL NADU,Cauvery,7.3,214.5,2.5500000000000003,4.65,,BHAVANI,2017-06-30
2017,3020,"BHAVANI AT U/S OF KALINGARAYAN CANAL (B5), ERODE, TAMILNADU",TAMIL NADU,Cauvery,7.15,344.0,0.7,6.25,,BHAVANI,2017-06-30
2017,3021,"BHAVANI AT D/S OF KALINGARAYAN CANAL (B10), ERODE, TAMILNADU",TAMIL NADU,Cauvery,6.9,343.5,1.0499999999999998,6.5,,BHAVANI,2017-06-30
2017,3024,"SARABANGA AT SALEM, D/S OF TEXTILE DYEING INDUSTRIES EFFLUENT, TAMILNADU",TAMIL NADU,Cauvery,7.45,2465.0,40.1,1.3,1.5,SARABANGA,2017-06-30
2017,3022,"THIRUMANIMUTHAR AT SALEM, D/S OF SAGO & TEXTILE DYING INDUSTRIES, TAMILNADU",TAMIL NADU,Cauvery,7.65,2195.0,66.6,4.7,10.05,THIRUMANIMUTHAR,2017-06-30
2017,1319,AMRAVATI AT 1KM D/S FROM EFF.DIS. PT. AT MADHUTHUKKULAM,TAMIL NADU,Cauvery,6.6,131.5,1.15,7.2,0.5,AMRAVATI,2017-06-30
2017,1196,"LAKSHMANTIRTHA AT D/S OF HUNSUR TOWN,",KARNATAKA,Cauvery,7.55,524.0,7.300000000000001,4.2,1.75,LAKSHMANTIRTHA,2017-06-30
2017,2426,VAMSADHARA AT MUNIGUDA (D/S OF M/S VEDANTAALUMINA PROJECT),ODISHA,Cauvery,8.05,216.5,0.95,6.95,1.1500000000000001,VAMSADHARA,2017-06-30
2017,2427,VAMSADHARA AT GUNUPUR (INTERSTATE BOUN),ODISHA,Cauvery,8.0,243.0,1.0,6.7,2.15,VAMSADHARA,2017-06-30
2017,2772,"LAKSHMANTIRTHA AT D/S OF KATTEMALAVADI,",KARNATAKA,Cauvery,7.45,451.0,4.6,5.3500000000000005,0.25,LAKSHMANTIRTHA,2017-06-30
2017,3023,"VASISTA AT SALEM, D/S OF SAGO INDUSRIES EFFLUENT, TAMILNADU",TAMIL NADU,Cauvery,7.55,1917.5,176.0,1.5,1.3,VASISTA,2017-06-30
2017,1212,WARDHA AT RAJURA BRIDGE,nan,Cauvery,7.65,1101.5,8.8,6.550000000000001,1.2999999999999998,WARDHA,2017-06-30
2017,1228,"ANAS AT DAHOD, (KUSHALGARH), DIST. PANCHMAHAL",nan,Cauvery,8.25,478.0,0.85,7.25,0.6000000000000001,ANAS,2017-06-30
2017,1641,SUBARNAREKHA AT RAJGHAT (THENGUDIA),ODISHA,Subarnarekha,7.9,245.5,1.2,7.3,3.75,SUBARNAREKHA,2017-06-30
2017,2399,SUBARNAREKHA AT CHANDIL DAM,JHARKHAND,Subarnarekha,7.6,191.0,0.25,7.949999999999999,74.25,SUBARNAREKHA,2017-06-30
2017,2399,SUBARNAREKHA AT CHANDIL BRIDGE,JHARKHAND,Subarnarekha,7.550000000000001,195.0,0.35,7.8,0.9,SUBARNAREKHA,2017-06-30
2017,2387,SUBAREKHA AT GHATISLA ROAD BRIDGE,JHARKHAND,Subarnarekha,7.55,247.0,0.30000000000000004,7.75,1.25,SUBAREKHA,2017-06-30
2017,2385,SUBARNAREKHA AT NAMKUM ROAD BRIDGE,JHARKHAND,Subarnarekha,7.2,,3.2,6.1,,SUBARNAREKHA,2017-06-30
2017,2386,SUBARNAREKHA AT MURI ROAD BRIDGE,JHARKHAND,Subarnarekha,7.25,,2.55,6.800000000000001,,SUBARNAREKHA,2017-06-30
2017,2395,SUBARNAREKHA AT HATIA DAM,JHARKHAND,Subarnarekha,7.6,,2.1,8.3,,SUBARNAREKHA,2017-06-30
2017,2397,SUBARNAREKHA AT GATALSUD DAM,JHARKHAND,Subarnarekha,7.449999999999999,278.0,1.65,8.05,0.55,SUBARNAREKHA,2017-06-30
