station,state,river,pH,TDS_mg_L,turbidity_NTU,district,latitude,longitude,code,date
,,NAN,7.5,,,,,,,2018-06-30
"BEAS AT D/S KULU, H.P.",,BEAS,7.8,,,,,,1002,2018-06-30
"BEAS AT D/S AUT, H.P.",,BEAS,7.6,,,,,,1003,2018-06-30
,,NAN,7.3,,,,,,1004,2018-06-30
,"HIMACHAL
PRADESH",NAN,7.9,,,,,,1005,2018-06-30
"BEAS AT D/S MANDI, H.P.",,BEAS,7.7,,,,,,1006,2018-06-30
,,NAN,6.9,,,,,,1007,2018-06-30
"BEAS AT D/S
DEHRAGOPIPUR, H.P.","HIMACHAL
PRADESH",BEAS,7.2,,,,,,1008,2018-06-30
,,NAN,6.9,,,,,,1009,2018-06-30
"U/S MANDI, H.P",,U,7.6,,,,,,1550,2018-06-30
BEAS AT D/S MANALI,,BEAS,7.6,,,,,,2601,2018-06-30
BEAS AT U/S KULLU,,BEAS,7.8,,,,,,2602,2018-06-30
,,NAN,7.0,,,,,,2603,2018-06-30
,,NAN,6.9,,,,,,2604,2018-06-30
"RIVER BEAS D/S NADAUN
BRIDGE, VILL BHADOLI","HIMACHAL
PRADESH",RIVER,7.4,,,,,,3855,2018-06-30
"BEAS AT MIRTHAL
BRIDGE, GURDASPUR,
PUNJAB",PUNJAB,BEAS,7.3,,,,,,1010,2018-06-30
"BEAS AT G.T. ROAD
UNDER BDG. NEAR
KAPURTHALA, PUNJA",PUNJAB,BEAS,7.1,,,,,,1011,2018-06-30
,PUNJAB,NAN,7.0,,,,,,1012,2018-06-30
,PUNJAB,NAN,6.8,,,,,,1294,2018-06-30
,PUNJAB,NAN,7.5,,,,,,1693,2018-06-30
"U/S PATHANKOT, PUNJAB",PUNJAB,U,7.0,,,,,,1694,2018-06-30
"D/S PATHANKOT, PUNJAB",PUNJAB,D,6.6,,,,,,1695,2018-06-30
"U/S GOINDWAL, PUNJAB",PUNJAB,U,7.4,,,,,,1696,2018-06-30
"BEAS AT HARIKE, PUNJAB",PUNJAB,BEAS,6.7,,,,,,1697,2018-06-30
"KALI BEIN FALLING INTO
RIVER BEAS, PUNJAB",PUNJAB,KALI,4.1,,,,,,2913,2018-06-30
,PUNJAB,NAN,7.1,,,,,,4164,2018-06-30
,PUNJAB,NAN,4.5,,,,,,4165,2018-06-30
,PUNJAB,NAN,7.4,,,,,,1380,2018-06-30
,PUNJAB,NAN,6.2,,,,,,1690,2018-06-30
"SUTLEJ AT 100M D/S
BUDHA NALA CONFL.,
LUDHIANA",PUNJAB,SUTLEJ,1.4,,,,,,1020,2018-06-30
"SUTLEJ AT BOAT BDG.
DHARMKOTNAKODAR
ROAD, JALANDHA",PUNJAB,SUTLEJ,3.0,,,,,,1021,2018-06-30
,PUNJAB,NAN,3.0,,,,,,1381,2018-06-30
,PUNJAB,NAN,4.9,,,,,,1691,2018-06-30
,PUNJAB,NAN,4.7,,,,,,1692,2018-06-30
,PUNJAB,NAN,4.1,,,,,,1022,2018-06-30
"100 MT. D/S OF PACL,
NANGAL, PUNJAB",PUNJAB,,7.4,,,,,,2915,2018-06-30
,,NAN,7.5,,,,,,,2018-06-30
,"JAMMU &
KASHMIR",NAN,7.3,,,,,,1307,2018-06-30
"RAVI AT CHAMERA
RESERVOIR","HIMACHAL
PRADESH",RAVI,7.1,,,,,,2614,2018-06-30
,,NAN,7.4,,,,,,2615,2018-06-30
,,NAN,7.1,,,,,,2613,2018-06-30
"RAVI AT U/S OF
MADHOPUR
HEADWORKS,
GURDASPUR, PUNJ",PUNJAB,RAVI,7.4,,,,,,1097,2018-06-30
,"HIMACHAL
PRADESH",NAN,7.3,,,,,,1290,2018-06-30
,,NAN,6.8,,,,,,2605,2018-06-30
,,NAN,6.7,,,,,,2606,2018-06-30
"LARGI AT D/S, H.P.",,LARGI,7.7,,,,,,1090,2018-06-30
,"HIMACHAL
PRADESH",NAN,7.2,,,,,,1551,2018-06-30
"BANGANGA (IN FRONT OF
PONY SHED NEAR REASI
BRIDGE)","JAMMU &
KASHMIR",BANGANGA,4.8,,,,,,2756,2018-06-30
"SAMBA (BELOW NH-1A
BRIDGE), BASANTAR US
(R.H.S)","JAMMU &
KASHMIR",SAMBA,6.2,,,,,,2752,2018-06-30
"SAMBA (AT CHAK MANGA
GUJJAR
BASANTAR)D/S(R.H.S.),","JAMMU &
KASHMIR",SAMBA,5.0,,,,,,2753,2018-06-30
"L.H.S.(BELOW BRIDGE
CHENAB), J&K","JAMMU &
KASHMIR",L,8.0,,,,,,2748,2018-06-30
"BLIND CURVE SHAMSHAN
GHAT (1.5 KM U/S FROM
SPOT),","JAMMU &
KASHMIR",BLIND,8.0,,,,,,2749,2018-06-30
"CHADRA GAON VIEW POINT(4
KM U/S FROM SPOT), J&K","JAMMU &
KASHMIR",CHADRA,7.4,,,,,,2750,2018-06-30
"JAL PATAN MANDIR AFTER
MEETING WITH MAIN DRAIN","JAMMU &
KASHMIR",JAL,6.9,,,,,,2751,2018-06-30
"RIVER DEVAK
UDHAMPUR(NEAR SHIV
MANDIRD/S)L.H.S.","JAMMU &
KASHMIR",RIVER,5.6,,,,,,2754,2018-06-30
,,NAN,5.6,,,,,,2757,2018-06-30
LIDDER NALLAH AT LARIPORA,,LIDDER,7.2,,,,,,3278,2018-06-30
,,NAN,7.4,,,,,,3279,2018-06-30
LIDDER NALLAH AT BUS ADDA,,LIDDER,7.4,,,,,,3280,2018-06-30
"LIDDER NALLAH AT YANEER,
D/S OF PHALGUM","JAMMU &
KASHMIR",LIDDER,7.5,,,,,,3281,2018-06-30
"LIDDER NALLAH NERA
BUMZOO, ANANTNAG","JAMMU &
KASHMIR",LIDDER,7.5,,,,,,3282,2018-06-30
,,NAN,7.8,,,,,,3283,2018-06-30
"SINDH RIVER AT SONAMARG
D/S","JAMMU &
KASHMIR",SINDH,7.8,,,,,,3284,2018-06-30
SINDH RIVER AT WAIL BRIDGE,"JAMMU &
KASHMIR",SINDH,7.2,,,,,,3285,2018-06-30
"SINDH RIVER AT
DUDERHAMA","JAMMU &
KASHMIR",SINDH,7.3,,,,,,3286,2018-06-30
"SINDH RIVER AT RANGIL,
SRINAGAR","JAMMU &
KASHMIR",SINDH,6.5,,,,,,3287,2018-06-30
"SHETALI LIFTING POINT
NAGROTA(5KM U/S TAWI
BRIDGE)","JAMMU &
KASHMIR",SHETALI,6.5,,,,,,2742,2018-06-30
,"JAMMU &
KASHMIR",NAN,7.2,,,,,,2743,2018-06-30
"BELOW TAWI BRIDGE, J&K",,BELOW,6.3,,,,,,2744,2018-06-30
"BELICHARANA(4KM D/S TAWI
BRIDGE), J&K","JAMMU &
KASHMIR",BELICHARANA,7.0,,,,,,2746,2018-06-30
"BAGHWATI NAGAR (2KM D/S
TAWI BRIDGE), J&K","JAMMU &
KASHMIR",BAGHWATI,8.1,,,,,,2745,2018-06-30
"SHETALI LIFTING POINT
NAGROTA(5KM U/S TAWI
BRIDGE)","JAMMU &
KASHMIR",SHETALI,6.5,,,,,,2742,2018-06-30
,"JAMMU &
KASHMIR",NAN,7.2,,,,,,2743,2018-06-30
"BELOW TAWI BRIDGE, J&K",,BELOW,6.3,,,,,,2744,2018-06-30
"BAGHWATI NAGAR (2KM D/S
TAWI BRIDGE), J&K","JAMMU &
KASHMIR",BAGHWATI,8.1,,,,,,2745,2018-06-30
"BELICHARANA(4KM D/S TAWI
BRIDGE), J&K","JAMMU &
KASHMIR",BELICHARANA,7.0,,,,,,2746,2018-06-30
"SURAJPUR CHATHA(10 KM
D/S TAWI BRIDGE)BELOW
BRIDGE","JAMMU &
KASHMIR",SURAJPUR,6.8,,,,,,2747,2018-06-30
"RIVER UJH AT DAM
SITE(L.H.S.), KATHUA, J&K","JAMMU &
KASHMIR",RIVER,7.6,,,,,,2758,2018-06-30
,UTTARAKHAND,NAN,8.8,,,,,,1491,2018-06-30
,UTTARAKHAND,NAN,9.0,,,,,,1485,2018-06-30
,UTTARAKHAND,NAN,8.8,,,,,,1484,2018-06-30
,UTTARAKHAND,NAN,8.6,,,,,,1486,2018-06-30
,UTTARAKHAND,NAN,8.2,,,,,,1488,2018-06-30
,UTTARAKHAND,NAN,8.6,,,,,,1487,2018-06-30
,UTTARAKHAND,NAN,9.0,,,,,,1489,2018-06-30
,UTTARAKHAND,NAN,9.6,,,,,,1060,2018-06-30
,UTTARAKHAND,NAN,9.2,,,,,,10147,2018-06-30
,JHARKHAND,NAN,7.8,,,,,,1059,2018-06-30
"GANGA AT
BAHARAMPORE",WEST BENGAL,GANGA,5.6,,,,,,1080,2018-06-30
KHAGRA,WEST BENGAL,KHAGRA,5.7,,,,,,10159,2018-06-30
GORABAZAR,WEST BENGAL,GORABAZAR,5.6,,,,,,10160,2018-06-30
,WEST BENGAL,NAN,5.6,,,,,,2511,2018-06-30
,WEST BENGAL,NAN,4.8,,,,,,2506,2018-06-30
PALTA SHITLATALA,WEST BENGAL,PALTA,4.8,,,,,,10161,2018-06-30
GANGA AT PALTA,WEST BENGAL,GANGA,4.8,,,,,,1054,2018-06-30
,WEST BENGAL,NAN,3.8,,,,,,1472,2018-06-30
,WEST BENGAL,NAN,4.6,,,,,,1053,2018-06-30
,WEST BENGAL,NAN,3.1,,,,,,1471,2018-06-30
,WEST BENGAL,NAN,4.4,,,,,,1470,2018-06-30
ULUBERIA,WEST BENGAL,ULUBERIA,4.2,,,,,,1052,2018-06-30
,WEST BENGAL,NAN,5.2,,,,,,1469,2018-06-30
,,NAN,7.5,,,,,,,2018-06-30
,UTTARAKHAND,NAN,7.1,,,,,,1492,2018-06-30
,UTTARAKHAND,NAN,7.1,,,,,,1493,2018-06-30
,UTTARAKHAND,NAN,7.2,,,,,,1494,2018-06-30
,UTTARAKHAND,NAN,7.1,,,,,,1490,2018-06-30
,"HIMACHAL
PRADESH",NAN,7.7,,,,,,1553,2018-06-30
,"HIMACHAL
PRADESH",NAN,8.0,,,,,,1554,2018-06-30
,HARYANA,NAN,7.1,,,,,,1117,2018-06-30
"YAMUNA AT
KALANAUR,
YAMUNA NAGAR,
HARYANA",HARYANA,YAMUNA,7.1,,,,,,1496,2018-06-30
,HARYANA,NAN,7.1,,,,,,10004,2018-06-30
,HARYANA,NAN,7.2,,,,,,1119,2018-06-30
,DELHI,NAN,7.3,,,,,,1120,2018-06-30
,DELHI,NAN,7.1,,,,,,1121,2018-06-30
"TONS RIVER, H.P",4.0,TONS,8.2,,,,,,1510,2018-06-30
"ASHWANI AT U/S
YASHWANT
NAGAR",,ASHWANI,8.4,,,,,,2620,2018-06-30
"BATTA AT U/S
PAONTA",11.0,BATTA,8.3,,,,,,2626,2018-06-30
"BATTA BEFORE
CONFLUENCE TO
YAMUNA",12.0,BATTA,8.4,,,,,,2627,2018-06-30
"GIRI AT D/S
YASHWANT
NAGAR",,GIRI,8.3,,,,,,2621,2018-06-30
"GIRI AT U/S CCI
MINES",11.0,GIRI,8.4,,,,,,2622,2018-06-30
,,NAN,7.5,,,,,,,2018-06-30
GIRI D/S SATAUN,"HIMACHAL
PRADESH",GIRI,7.7,,,,,,2623,2018-06-30
"PABBAR AT U/S
DHAMBARI","HIMACHAL
PRADESH",PABBAR,6.8,,,,,,2617,2018-06-30
"PABBAR AT U/S
ROHRU","HIMACHAL
PRADESH",PABBAR,7.1,,,,,,2618,2018-06-30
"PABBAR AT D/S
SWARAKUDDU","HIMACHAL
PRADESH",PABBAR,7.1,,,,,,2619,2018-06-30
,UTTARAKHAND,NAN,7.1,,,,,,2734,2018-06-30
,UTTARAKHAND,NAN,6.8,,,,,,2735,2018-06-30
"DHELA RIVER U-S
AT KASHIPUR
MORADABAD
ROAD BRIDGE",UTTARAKHAND,DHELA,7.1,,,,,,2732,2018-06-30
,UTTARAKHAND,NAN,6.7,,,,,,2733,2018-06-30
,UTTARAKHAND,NAN,6.8,,,,,,2731,2018-06-30
,UTTARAKHAND,NAN,6.4,,,,,,3439,2018-06-30
,UTTARAKHAND,NAN,7.4,,,,,,2728,2018-06-30
,UTTARAKHAND,NAN,7.4,,,,,,2729,2018-06-30
,"UTTAR
PRADESH",NAN,0.0,,,,,,1357,2018-06-30
,"UTTAR
PRADESH",NAN,0.0,,,,,,1358,2018-06-30
,"UTTAR
PRADESH",NAN,7.5,,,,,,2502,2018-06-30
,"UTTAR
PRADESH",NAN,6.1,,,,,,1361,2018-06-30
"RIVER SAI AT
JALALPUR,
JAUNPUR","UTTAR
PRADESH",RIVER,7.4,,,,,,2484,2018-06-30
,"UTTAR
PRADESH",NAN,8.0,,,,,,1350,2018-06-30
,"UTTAR
PRADESH",NAN,3.8,,,,,,1351,2018-06-30
,BIHAR,NAN,0.8,,,,,,2575,2018-06-30
,BIHAR,NAN,0.0,,,,,,1820,2018-06-30
"SIKRAHNA RIVER
AT LAUREA,
HARINAGAR ROAD
BRIDGE",BIHAR,SIKRAHNA,0.0,,,,,,3134,2018-06-30
"BURHI GANDAK AT
AKHARAGHAT,
MUZAFFARPUR,
BIHAR",BIHAR,BURHI,6.8,,,,,,2562,2018-06-30
"HARBORA RIVER AT
NARKATIAGANJ,
BIHAR",BIHAR,HARBORA,0.0,,,,,,2558,2018-06-30
"U/S HARBORA
RIVER, BIHAR",BIHAR,U,6.4,,,,,,3126,2018-06-30
"KAMALA RIVER AT
BENIPATTI
(MADHUBANI),
BIHAR",BIHAR,KAMALA,5.5,,,,,,2567,2018-06-30
,BIHAR,NAN,0.7,,,,,,2569,2018-06-30
"KAMALA RIVER AT
JAYNAGAR, BIHAR",BIHAR,KAMALA,7.0,,,,,,3133,2018-06-30
"MANUSMAR RIVER
AT RIGA,
SITAMARHI, BIHAR",BIHAR,MANUSMAR,4.8,,,,,,2563,2018-06-30
,BIHAR,NAN,6.5,,,,,,3131,2018-06-30
"KOSHI RIVER AT
KURSHELA AT
KATIHAR, BIHAR",BIHAR,KOSHI,6.0,,,,,,2565,2018-06-30
,BIHAR,NAN,6.7,,,,,,2566,2018-06-30
"KOSHI RIVER AT
BEERPUR, BIHAR",BIHAR,KOSHI,7.4,,,,,,3137,2018-06-30
,BIHAR,NAN,0.0,,,,,,1821,2018-06-30
,BIHAR,NAN,6.4,,,,,,2560,2018-06-30
,BIHAR,NAN,6.7,,,,,,2561,2018-06-30
"DAHA RIVER AT
MEERGANJ, BIHAR",BIHAR,DAHA,6.2,,,,,,3129,2018-06-30
,BIHAR,NAN,5.7,,,,,,1823,2018-06-30
"FARMAR AT
JOGBANI, BIHAR",BIHAR,FARMAR,7.0,,,,,,1824,2018-06-30
"RAM REKHA RIVER
AT HARINAGAR,",BIHAR,RAM,3.0,,,,,,2559,2018-06-30
"RAMREKHA RIVER
AT U/S
HARINAGAR, BIHAR",BIHAR,RAMREKHA,4.0,,,,,,3130,2018-06-30
"SIRISWAA AT
RUXOL,",BIHAR,SIRISWAA,0.0,,,,,,1822,2018-06-30
"SIRISWA RIVER D/S
RAXAUL (KOERIA
TOLA), BIHAR",BIHAR,SIRISWA,0.0,,,,,,3136,2018-06-30
"BAGMATI RIVER AT
MUZAFFARPUR-",BIHAR,BAGMATI,6.9,,,,,,3132,2018-06-30
"BAGMATI RIVER AT
DARBANGA,
SAMASTIPUR ROAD
BRIDGE,",BIHAR,BAGMATI,6.0,,,,,,3135,2018-06-30
,BIHAR,NAN,7.3,,,,,,2572,2018-06-30
"POONPUN RIVER
NEAR POONPUN
RAIL BRIDGE,
BIHAR",BIHAR,POONPUN,6.8,,,,,,3119,2018-06-30
"POONPUN RIVER
NEAR KINZER ROAD
BRIDGE, BIHAR",BIHAR,POONPUN,7.1,,,,,,3120,2018-06-30
,,NAN,7.5,,,,,,,2018-06-30
"TONS AT
CHAKGHAT, M.P.","MADHYA
PRADESH",TONS,7.3,,,,,,1143,2018-06-30
"TONS AT
MADHAVGARH,
M.P.","MADHYA
PRADESH",TONS,7.3,,,,,,1144,2018-06-30
,"MADHYA
PRADESH",NAN,7.2,,,,,,3328,2018-06-30
,"MADHYA
PRADESH",NAN,7.2,,,,,,3329,2018-06-30
,,NAN,7.5,,,,,,1735,2018-06-30
,"UTTAR
PRADESH",NAN,7.9,,,,,,1356,2018-06-30
"BETWA U/S, BEENA","MADHYA
PRADESH",BETWA,7.0,,,,,,2107,2018-06-30
"BETWA D/S, BEENA","MADHYA
PRADESH",BETWA,7.0,,,,,,2108,2018-06-30
,"MADHYA
PRADESH",NAN,7.7,,,,,,2121,2018-06-30
,"MADHYA
PRADESH",NAN,7.3,,,,,,1614,2018-06-30
,,NAN,7.5,,,,,,,2018-06-30
,"MADHYA
PRADESH",NAN,7.4,,,,,,3309,2018-06-30
"CHAMBAL AT
GANDHI SAGAR
DAM, RAMPURA,
MP","MADHYA
PRADESH",CHAMBAL,6.5,,,,,,1418,2018-06-30
"RIVER CHAMBAL
ENTERING IN
RAJASTHAN AT
GANDHI SAGA",RAJASTHAN,RIVER,7.5,,,,,,2955,2018-06-30
,RAJASTHAN,NAN,7.3,,,,,,1288,2018-06-30
"CHAMBAL AT KOTA
D/S (2 KM. FROM
CITY), RAJASTHAN",RAJASTHAN,CHAMBAL,7.5,,,,,,1289,2018-06-30
,RAJASTHAN,NAN,7.9,,,,,,1413,2018-06-30
,,NAN,7.3,,,,,,1609,2018-06-30
"PARVATI A/C OF
VINDHYACHAL
NALLA, PILUKHEDI","MADHYA
PRADESH",PARVATI,7.7,,,,,,2126,2018-06-30
"RIVER PARVATI
BEFORE MEETING
RIVER CHAMBAL
AT KHAT",RAJASTHAN,RIVER,7.7,,,,,,2954,2018-06-30
,,NAN,7.5,,,,,,,2018-06-30
,"MADHYA
PRADESH",NAN,7.2,,,,,,1432,2018-06-30
"PARVATI NEAR
INTAKE POINT
PILLUKHEDI DISTT.
RAJG","MADHYA
PRADESH",PARVATI,7.2,,,,,,1615,2018-06-30
,,NAN,7.6,,,,,,2109,2018-06-30
,RAJASTHAN,NAN,7.6,,,,,,2950,2018-06-30
"BISULPUR DAM,
TONK, RAJASTHAN",RAJASTHAN,BISULPUR,7.3,,,,,,2951,2018-06-30
,RAJASTHAN,NAN,7.6,,,,,,2952,2018-06-30
"UPSTREAM OF
CHHAPI DAM,
JHALAWAR,
RAJASTHAN",RAJASTHAN,UPSTREAM,7.4,,,,,,2945,2018-06-30
"KARIYARI U/S
BEFORE MIXING
WITH WASTE
WATER OF M/S","MADHYA
PRADESH",KARIYARI,7.0,,,,,,3313,2018-06-30
,"MADHYA
PRADESH",NAN,7.5,,,,,,3314,2018-06-30
,,NAN,7.5,,,,,,,2018-06-30
"GOHAD DAM,
GOHAD, M.P","MADHYA
PRADESH",GOHAD,7.2,,,,,,1607,2018-06-30
,"MADHYA
PRADESH",NAN,7.2,,,,,,3318,2018-06-30
,"MADHYA
PRADESH",NAN,7.6,,,,,,2110,2018-06-30
,,NAN,7.4,,,,,,2111,2018-06-30
,"MADHYA
PRADESH",NAN,7.4,,,,,,1367,2018-06-30
,"MADHYA
PRADESH",NAN,7.3,,,,,,3317,2018-06-30
,,NAN,6.8,,,,,,3315,2018-06-30
"KSHIPRA AT
RAMGHAT AT
UJJAIN, M.P.","MADHYA
PRADESH",KSHIPRA,7.4,,,,,,1369,2018-06-30
,"MADHYA
PRADESH",NAN,7.0,,,,,,1370,2018-06-30
"KSHIPRA AT
SIDDHAWAT (D/S)
OF UJJAIN., M.P.","MADHYA
PRADESH",KSHIPRA,7.2,,,,,,1468,2018-06-30
,,NAN,7.5,,,,,,,2018-06-30
,"MADHYA
PRADESH",NAN,7.5,,,,,,3316,2018-06-30
,"MADHYA
PRADESH",NAN,7.3,,,,,,3306,2018-06-30
"RIVER CHOUPAN
AT VIJAYPUR 100
METRE D/S OF NFL
NAL","MADHYA
PRADESH",RIVER,7.8,,,,,,3307,2018-06-30
,"MADHYA
PRADESH",NAN,7.3,,,,,,3319,2018-06-30
,"MADHYA
PRADESH",NAN,7.5,,,,,,3320,2018-06-30
,"MADHYA
PRADESH",NAN,7.5,,,,,,2117,2018-06-30
"SANKH AT TIGRA
RESERVOIR, M.P.","MADHYA
PRADESH",SANKH,6.3,,,,,,1433,2018-06-30
,"MADHYA
PRADESH",NAN,7.1,,,,,,3310,2018-06-30
,,NAN,7.0,,,,,,1372,2018-06-30
"JAMUNI AT
BARIYAGHAT U/S
NEAR INTAKE
POINT, TIKAMG","MADHYA
PRADESH",JAMUNI,7.1,,,,,,3311,2018-06-30
,,NAN,7.4,,,,,,1608,2018-06-30
,,NAN,7.5,,,,,,,2018-06-30
"R.JOHILA NEAR
NAROJABAD NEAR
UMARIA ROAD
BRIDGE, M","MADHYA
PRADESH",R,7.7,,,,,,1611,2018-06-30
,"MADHYA
PRADESH",NAN,7.5,,,,,,2116,2018-06-30
,"MADHYA
PRADESH",NAN,7.7,,,,,,3327,2018-06-30
,,NAN,7.7,,,,,,1371,2018-06-30
,,NAN,6.8,,,,,,1610,2018-06-30
"R.SONE AT
DEVLOAD OUT LET
OF BANSAGAR
DAM, M.P","MADHYA
PRADESH",R,7.6,,,,,,1612,2018-06-30
"UPSTREAM OF
BHIM SAGAR DAM,
JHALAWAR,
RAJASTHAN",RAJASTHAN,UPSTREAM,7.3,,,,,,2946,2018-06-30
"DAMODAR RIVER
NEAR ZARANGDIH
BRIDGE, BOKARO",JHARKHAND,DAMODAR,7.5,,,,,,3555,2018-06-30
"CONFLUENCE OF
BOKARO &
DAMODAR RIVER
NEAR ZARANGDI",JHARKHAND,CONFLUENCE,7.4,,,,,,3556,2018-06-30
,JHARKHAND,NAN,7.2,,,,,,2382,2018-06-30
"DAMODAR U/S
JAMADOVA",JHARKHAND,DAMODAR,7.2,,,,,,2383,2018-06-30
,JHARKHAND,NAN,7.2,,,,,,2384,2018-06-30
"DAMODAR AT D/S
OF IISCO AFTER
3RD OUTFALL AT
DHENNA VILLAGE,
WEST BENGAL","WEST
BENGAL",DAMODAR,5.2,,,,,,1332,2018-06-30
"DAMODAR AT
NARAINPUR
AFTER CONFL. OF
NUNIA NALLAH,
WEST BENGAL","WEST
BENGAL",DAMODAR,5.4,,,,,,1333,2018-06-30
"DAMODAR NEAR
MUJHER MANA
VILLAGE AFTER
CONF. OF TAMLA
NALLAH, WEST
BENGAL","WEST
BENGAL",DAMODAR,4.6,,,,,,1334,2018-06-30
,ASSAM,NAN,4.7,,,,,,1030,2018-06-30
"BRAHAMPUTRA AT
NIMATIGHAT,
ASSAM",ASSAM,BRAHAMPUTRA,4.2,,,,,,1262,2018-06-30
,ASSAM,NAN,6.3,,,,,,1526,2018-06-30
,ASSAM,NAN,6.3,,,,,,1031,2018-06-30
,ASSAM,NAN,5.0,,,,,,1299,2018-06-30
,ASSAM,NAN,5.7,,,,,,2069,2018-06-30
,ASSAM,NAN,5.6,,,,,,2064,2018-06-30
"BRAHMPUTRA
RIVER AT
SUALKUCHI, DIST.
KAMRUP, ASSAM",ASSAM,BRAHMPUTRA,4.8,,,,,,2067,2018-06-30
"BRAHMAPUTRA
RIVER AT DHUBRI,
ASSAM",ASSAM,BRAHMAPUTRA,4.8,,,,,,2066,2018-06-30
"BURHIDIHING AT
MARGHERITA,
ASSAM",ASSAM,BURHIDIHING,5.0,,,,,,1422,2018-06-30
,ASSAM,NAN,3.7,,,,,,2062,2018-06-30
,ASSAM,NAN,5.6,,,,,,2230,2018-06-30
,ASSAM,NAN,4.8,,,,,,2065,2018-06-30
"DIGBOI RIVER AT
LAKHIPATHE,
RESERVE FOREST,
DIGBOI",ASSAM,DIGBOI,1.5,,,,,,1530,2018-06-30
,ASSAM,NAN,5.9,,,,,,2063,2018-06-30
,ASSAM,NAN,2.3,,,,,,2237,2018-06-30
,ASSAM,NAN,3.5,,,,,,2059,2018-06-30
"DISANG RIVER AT
DILLIGHAT,
DIBRUGARH
DIST., ASSAM",ASSAM,DISANG,5.0,,,,,,2058,2018-06-30
,ASSAM,NAN,4.5,,,,,,2232,2018-06-30
,ASSAM,NAN,5.8,,,,,,2233,2018-06-30
,ASSAM,NAN,5.6,,,,,,2234,2018-06-30
,ASSAM,NAN,2.1,,,,,,2236,2018-06-30
"BEKI RIVER AT
NH-37 CROSSING
AT BARPETA
ROAD, ASSA",ASSAM,BEKI,5.0,,,,,,2238,2018-06-30
,ASSAM,NAN,4.0,,,,,,2239,2018-06-30
,ASSAM,NAN,5.4,,,,,,2240,2018-06-30
,ASSAM,NAN,5.3,,,,,,2241,2018-06-30
,ASSAM,NAN,5.4,,,,,,2242,2018-06-30
,"WEST
BENGAL",NAN,6.0,,,,,,2523,2018-06-30
,"WEST
BENGAL",NAN,6.1,,,,,,2524,2018-06-30
,ASSAM,NAN,5.8,,,,,,2235,2018-06-30
"CHATHE RIVER
NEAR CHRISTIAN
INSTITUTE OF
HEALTH SC",NAGALAND,CHATHE,3.6,,,,,,2888,2018-06-30
,NAGALAND,NAN,3.4,,,,,,2889,2018-06-30
,NAGALAND,NAN,3.2,,,,,,2890,2018-06-30
,NAGALAND,NAN,4.4,,,,,,2891,2018-06-30
"DZUNA RU IN
KOHIMA,
ADJOINING THE
NEW KOHIMA
MUNIC",NAGALAND,DZUNA,3.3,,,,,,2892,2018-06-30
,NAGALAND,NAN,4.8,,,,,,2893,2018-06-30
"MILAK RIVER AT
TULI,
MOKOKCHUNG,
NAGALAND",NAGALAND,MILAK,2.4,,,,,,2894,2018-06-30
,NAGALAND,NAN,3.0,,,,,,2895,2018-06-30
,MEGHALAYA,NAN,6.8,,,,,,3377,2018-06-30
,MEGHALAYA,NAN,5.0,,,,,,3378,2018-06-30
,MEGHALAYA,NAN,7.1,,,,,,3380,2018-06-30
"MANDA RIVER
(DUDHAI RIVER)
AT JAMPA, EAST
GARO HIL",MEGHALAYA,MANDA,6.8,,,,,,3381,2018-06-30
,MEGHALAYA,NAN,7.2,,,,,,3382,2018-06-30
"MANU RIVER AT
MANUGHAT,
CONFL POINT OF
CHAWMANU CH",TRIPURA,MANU,5.8,,,,,,3417,2018-06-30
,TRIPURA,NAN,6.1,,,,,,3418,2018-06-30
,TRIPURA,NAN,6.8,,,,,,3419,2018-06-30
,,NAN,7.5,,,,,,,2018-06-30
"NARMADA AT
SETHANIGHAT M.P.","MADHYA
PRADESH",NARMADA,7.4,,,,,,44,2018-06-30
"NARMADA AT
MANDLESHWAR M.P.","MADHYA
PRADESH",NARMADA,8.2,,,,,,45,2018-06-30
,,NAN,7.0,,,,,,1240,2018-06-30
,"MADHYA
PRADESH",NAN,7.2,,,,,,1234,2018-06-30
,"MADHYA
PRADESH",NAN,7.8,,,,,,2123,2018-06-30
,,NAN,7.2,,,,,,2106,2018-06-30
,,NAN,7.5,,,,,,,2018-06-30
,"MADHYA
PRADESH",NAN,7.1,,,,,,2100,2018-06-30
,,NAN,7.3,,,,,,2101,2018-06-30
"RIVER BANJAR AT
MALANJKHAND
NEAR W/S INTAKE
POINT,","MADHYA
PRADESH",RIVER,7.2,,,,,,3305,2018-06-30
"RIVER HIRAN, NH 7
ROAD BRIDGE,
SIHORA, DIST
JABALP","MADHYA
PRADESH",RIVER,7.3,,,,,,3828,2018-06-30
,"MADHYA
PRADESH",NAN,7.3,,,,,,3829,2018-06-30
,,NAN,7.5,,,,,,,2018-06-30
,,NAN,7.6,,,,,,9,2018-06-30
,,NAN,7.8,,,,,,10,2018-06-30
"TAPI AT HATHNUR
M.P.","MADHYA
PRADESH",TAPI,7.9,,,,,,1250,2018-06-30
,"MADHYA
PRADESH",NAN,7.6,,,,,,2115,2018-06-30
,MAHARASHTRA,NAN,7.6,,,,,,1251,2018-06-30
"TAPI RIVER AT UBAD
VILLAGE NEAR
GUJRATBORDER,
VILLAGE- UBAD,
TALUKA- SHAHADA,
DISTRICT-
NANDURBAR.",MAHARASHTRA,TAPI,5.8,,,,,,1314,2018-06-30
,GUJARAT,NAN,7.1,,,,,,1247,2018-06-30
,GUJARAT,NAN,6.8,,,,,,1248,2018-06-30
,GUJARAT,NAN,6.7,,,,,,1982,2018-06-30
,GUJARAT,NAN,6.9,,,,,,1983,2018-06-30
,GUJARAT,NAN,6.0,,,,,,2071,2018-06-30
,GUJARAT,NAN,6.6,,,,,,46,2018-06-30
,GUJARAT,NAN,6.9,,,,,,47,2018-06-30
,GUJARAT,NAN,5.1,,,,,,2070,2018-06-30
,,NAN,7.5,,,,,,,2018-06-30
,CHHATTISGARH,NAN,7.7,,,,,,1264,2018-06-30
"MAHANADI AT
ARRANG, RAIPUR,
CHHATISGARH.",CHHATTISGARH,MAHANADI,7.6,,,,,,1852,2018-06-30
,CHHATTISGARH,NAN,8.0,,,,,,1100,2018-06-30
"MAHANADI AT
SHEORINARAYAN
VILLAGE,
CHHATISGARH.",CHHATTISGARH,MAHANADI,8.0,,,,,,1282,2018-06-30
"MAHANADI AFTER
CONFL. WITH
RIVER MAND,
CHHATISGARH",CHHATTISGARH,MAHANADI,8.0,,,,,,1467,2018-06-30
,CHHATTISGARH,NAN,7.4,,,,,,1099,2018-06-30
"MAHANADI AT
INTERSTATE
BOUNDRY,
CHHATISGARH.",CHHATTISGARH,MAHANADI,7.3,,,,,,1101,2018-06-30
,ODISHA,NAN,6.6,,,,,,1281,2018-06-30
,ODISHA,NAN,6.6,,,,,,1270,2018-06-30
"MAHANADI AT
SAMBALPUR D/S,
ODISHA",ODISHA,MAHANADI,6.7,,,,,,1271,2018-06-30
"SAMBHALPUR FDS
AT HUMA",ODISHA,SAMBHALPUR,6.5,,,,,,2405,2018-06-30
"MAHANADI D/S
(AFTER CONFL.
WITH R. ONG
SONEPUR U/S",ODISHA,MAHANADI,6.7,,,,,,1272,2018-06-30
,ODISHA,NAN,6.1,,,,,,1274,2018-06-30
,ODISHA,NAN,6.4,,,,,,1275,2018-06-30
"MAHANADI AT
NARSINGHPUR,
ODISHA",ODISHA,MAHANADI,7.4,,,,,,1276,2018-06-30
"MAHANADI AT
CUTTACK U/S,
ODISHA",ODISHA,MAHANADI,6.8,,,,,,1277,2018-06-30
"MAHANADI AT
CUTTACK D/S,
ODISHA",ODISHA,MAHANADI,6.4,,,,,,1278,2018-06-30
,ODISHA,NAN,6.8,,,,,,1639,2018-06-30
"POWER CHANNEL
D/S NEAR BURLA",ODISHA,POWER,5.2,,,,,,2404,2018-06-30
,ODISHA,NAN,7.2,,,,,,2406,2018-06-30
,ODISHA,NAN,6.2,,,,,,2407,2018-06-30
,ODISHA,NAN,6.0,,,,,,3887,2018-06-30
"POWER
CHANNELU/S",ODISHA,POWER,5.2,,,,,,3888,2018-06-30
"CUTTACK FD/S AT
GATIRAUTAPATNA",ODISHA,CUTTACK,6.6,,,,,,3890,2018-06-30
,,NAN,7.5,,,,,,,2018-06-30
"SHEONATH AT
RAJNANDGAON,
D/S AT MOHAD,
RAJNANDGAON",CHHATTISGARH,SHEONATH,7.4,,,,,,3167,2018-06-30
"KHAROON RIVER
B/C KHAPRI DRAIN,
DURG, RAIPUR
ROAD",CHHATTISGARH,KHAROON,7.3,,,,,,1847,2018-06-30
,CHHATTISGARH,NAN,7.2,,,,,,1846,2018-06-30
,CHHATTISGARH,NAN,7.6,,,,,,1853,2018-06-30
,CHHATTISGARH,NAN,7.1,,,,,,1105,2018-06-30
,CHHATTISGARH,NAN,8.0,,,,,,1106,2018-06-30
,CHHATTISGARH,NAN,7.1,,,,,,3165,2018-06-30
"DOWNSTREAM OF
HASDEO RIVER
NEAR URGA
VILLAGE KORBA",CHHATTISGARH,DOWNSTREAM,7.2,,,,,,3168,2018-06-30
,CHHATTISGARH,NAN,8.5,,,,,,1848,2018-06-30
,,NAN,7.5,,,,,,,2018-06-30
,CHHATTISGARH,NAN,7.4,,,,,,1849,2018-06-30
,CHHATTISGARH,NAN,7.5,,,,,,1850,2018-06-30
,CHHATTISGARH,NAN,7.2,,,,,,3169,2018-06-30
"DRINKING WATER
INTAKE WELL OF
MUNICIPAL CO.
KORBA",CHHATTISGARH,DRINKING,7.2,,,,,,3170,2018-06-30
,ODISHA,NAN,6.6,,,,,,1267,2018-06-30
,ODISHA,NAN,6.5,,,,,,1268,2018-06-30
,ODISHA,NAN,6.9,,,,,,1300,2018-06-30
"IB AT
BRAJRAJNAGAR
(INTAKE) D/S,
ODISHA",ODISHA,IB,6.9,,,,,,1269,2018-06-30
"BHEDEN RIVER
BEFORE
CONFLUENCE WITH
IB RIVER",ODISHA,BHEDEN,7.2,,,,,,2403,2018-06-30
,ODISHA,NAN,6.5,,,,,,1279,2018-06-30
"GODAVARI RIVER AT
SAIKHEDA VILLAGE,
VILLAGE- SAIKHEDA,
TALUKA- NIPHAD,
DISTRICT- NASHIK.",MAHARASHTRA,GODAVARI,5.4,,,,,,2182,2018-06-30
,MAHARASHTRA,NAN,3.9,,,,,,2160,2018-06-30
,MAHARASHTRA,NAN,3.1,,,,,,2158,2018-06-30
"GODAVARI RIVER AT
D/S OF PAITHAN AT
PATHEGAON BRIDGE,
VILLAGE-
PATHEGAON, TALUKA-
PAITHAN, DISTRICT-
AURANGABAD.",MAHARASHTRA,GODAVARI,5.0,,,,,,2159,2018-06-30
,MAHARASHTRA,NAN,3.2,,,,,,12,2018-06-30
,MAHARASHTRA,NAN,3.5,,,,,,2723,2018-06-30
,MAHARASHTRA,NAN,3.3,,,,,,1908,2018-06-30
,MAHARASHTRA,NAN,3.8,,,,,,1913,2018-06-30
,MAHARASHTRA,NAN,5.4,,,,,,2660,2018-06-30
,MAHARASHTRA,NAN,5.9,,,,,,2661,2018-06-30
,MAHARASHTRA,NAN,5.7,,,,,,2662,2018-06-30
,MAHARASHTRA,NAN,5.8,,,,,,2663,2018-06-30
,MAHARASHTRA,NAN,5.4,,,,,,2664,2018-06-30
,KARNATAKA,NAN,2.0,,,,,,29,2018-06-30
,KARNATAKA,NAN,4.6,,,,,,2768,2018-06-30
,KARNATAKA,NAN,4.6,,,,,,2769,2018-06-30
,KARNATAKA,NAN,5.5,,,,,,2770,2018-06-30
,KARNATAKA,NAN,6.8,,,,,,2776,2018-06-30
,KARNATAKA,NAN,6.8,,,,,,2766,2018-06-30
,"ANDHRA
PRADESH",NAN,5.4,,,,,,1174,2018-06-30
,"ANDHRA
PRADESH",NAN,5.5,,,,,,1785,2018-06-30
,KARNATAKA,NAN,6.6,,,,,,1168,2018-06-30
,KARNATAKA,NAN,5.7,,,,,,2771,2018-06-30
,KARNATAKA,NAN,7.2,,,,,,1896,2018-06-30
,KARNATAKA,NAN,5.6,,,,,,1091,2018-06-30
,KARNATAKA,NAN,6.8,,,,,,1387,2018-06-30
,KARNATAKA,NAN,6.8,,,,,,1169,2018-06-30
,KARNATAKA,NAN,6.8,,,,,,2765,2018-06-30
,KARNATAKA,NAN,5.7,,,,,,2771,2018-06-30
,TELANGANA,NAN,0.0,,,,,,1173,2018-06-30
,TELANGANA,NAN,0.0,,,,,,2339,2018-06-30
,TELANGANA,NAN,6.0,,,,,,3082,2018-06-30
,"ANDHRA
PRADESH",NAN,6.4,,,,,,1178,2018-06-30
,"ANDHRA
PRADESH",NAN,6.5,,,,,,1177,2018-06-30
,KARNATAKA,NAN,6.8,,,,,,2777,2018-06-30
,MAHARASHTRA,NAN,8.7,,,,,,2682,2018-06-30
,MAHARASHTRA,NAN,8.5,,,,,,1463,2018-06-30
,MAHARASHTRA,NAN,8.5,,,,,,2681,2018-06-30
,MAHARASHTRA,NAN,8.4,,,,,,2683,2018-06-30
,MAHARASHTRA,NAN,8.4,,,,,,2186,2018-06-30
,MAHARASHTRA,NAN,8.4,,,,,,2716,2018-06-30
,MAHARASHTRA,NAN,4.4,,,,,,2717,2018-06-30
,MAHARASHTRA,NAN,4.1,,,,,,2189,2018-06-30
,MAHARASHTRA,NAN,1.4,,,,,,2194,2018-06-30
,MAHARASHTRA,NAN,1.7,,,,,,2193,2018-06-30
,MAHARASHTRA,NAN,1.0,,,,,,2192,2018-06-30
,MAHARASHTRA,NAN,3.2,,,,,,2677,2018-06-30
,MAHARASHTRA,NAN,1.7,,,,,,2191,2018-06-30
,MAHARASHTRA,NAN,1.4,,,,,,2678,2018-06-30
,MAHARASHTRA,NAN,1.8,,,,,,2679,2018-06-30
,MAHARASHTRA,NAN,6.1,,,,,,2680,2018-06-30
,MAHARASHTRA,NAN,2.2,,,,,,2196,2018-06-30
,MAHARASHTRA,NAN,1.6,,,,,,2690,2018-06-30
,MAHARASHTRA,NAN,0.9,,,,,,2691,2018-06-30
,MAHARASHTRA,NAN,5.8,,,,,,2692,2018-06-30
,MAHARASHTRA,NAN,1.6,,,,,,2693,2018-06-30
,MAHARASHTRA,NAN,1.9,,,,,,2694,2018-06-30
,MAHARASHTRA,NAN,1.9,,,,,,2197,2018-06-30
,MAHARASHTRA,NAN,1.6,,,,,,2668,2018-06-30
,MAHARASHTRA,NAN,3.8,,,,,,2669,2018-06-30
,MAHARASHTRA,NAN,3.5,,,,,,1911,2018-06-30
,MAHARASHTRA,NAN,1.6,,,,,,1912,2018-06-30
,MAHARASHTRA,NAN,3.4,,,,,,2665,2018-06-30
,"ANDHRA
PRADESH",NAN,4.7,,,,,,1256,2018-06-30
,"ANDHRA
PRADESH",NAN,6.8,,,,,,1257,2018-06-30
,"ANDHRA
PRADESH",NAN,4.8,,,,,,30,2018-06-30
,"ANDHRA
PRADESH",NAN,4.8,,,,,,2351,2018-06-30
,TAMIL NADU,NAN,5.0,,,,,,1320,2018-06-30
,KARNATAKA,NAN,4.3,,,,,,2778,2018-06-30
,KARNATAKA,NAN,1.5,,,,,,2779,2018-06-30
,KARNATAKA,NAN,5.0,,,,,,4108,2018-06-30
,KERALA,NAN,5.2,,,,,,1207,2018-06-30
,KARNATAKA,NAN,4.7,,,,,,1197,2018-06-30
,KARNATAKA,NAN,4.0,,,,,,41,2018-06-30
,KARNATAKA,NAN,4.8,,,,,,1445,2018-06-30
,KARNATAKA,NAN,3.0,,,,,,2775,2018-06-30
,KERALA,NAN,6.8,,,,,,1208,2018-06-30
,"TAMIL
NADU",NAN,5.5,,,,,,1321,2018-06-30
,"TAMIL
NADU",NAN,6.1,,,,,,1201,2018-06-30
,"TAMIL
NADU",NAN,6.2,,,,,,1204,2018-06-30
,"TAMIL
NADU",NAN,5.8,,,,,,3019,2018-06-30
,"TAMIL
NADU",NAN,4.2,,,,,,3020,2018-06-30
,"TAMIL
NADU",NAN,5.4,,,,,,3021,2018-06-30
,"TAMIL
NADU",NAN,6.2,,,,,,1319,2018-06-30
,KARNATAKA,NAN,2.1,,,,,,1196,2018-06-30
,KARNATAKA,NAN,3.4,,,,,,2772,2018-06-30
,KARNATAKA,NAN,4.8,,,,,,3572,2018-06-30
,KARNATAKA,NAN,6.2,,,,,,4100,2018-06-30
,KARNATAKA,NAN,6.8,,,,,,4101,2018-06-30
,KARNATAKA,NAN,3.1,,,,,,4107,2018-06-30
,KARNATAKA,NAN,4.6,,,,,,1893,2018-06-30
,,NAN,7.5,,,,,,,2019-06-30
BEAS AT U/S MANALI,"HIMACHAL
PRADESH",BEAS,7.3,,,,,,1001,2019-06-30
"RIVER BEAS D/S OF WPF AT
MANALI","HIMACHAL
PRADESH",RIVER,7.3,,,,,,4444,2019-06-30
"RIVER BEAS D/S MANALSU
NALLAH","HIMACHAL
PRADESH",RIVER,7.0,,,,,,4037,2019-06-30
BEAS AT D/S MANALI,"HIMACHAL
PRADESH",BEAS,6.9,,,,,,2601,2019-06-30
BEAS AT U/S KULLU,"HIMACHAL
PRADESH",BEAS,7.0,,,,,,2602,2019-06-30
"RIVER BEAS D/S OF WPF AT
KULLU","HIMACHAL
PRADESH",RIVER,7.5,,,,,,4445,2019-06-30
BEAS AT D/S KULU,"HIMACHAL
PRADESH",BEAS,7.4,,,,,,1002,2019-06-30
BEAS AT D/S AUT,"HIMACHAL
PRADESH",BEAS,7.3,,,,,,1003,2019-06-30
BEAS AT U/S PANDOH DAM,"HIMACHAL
PRADESH",BEAS,7.5,,,,,,1004,2019-06-30
BEAS AT D/S PANDOH DAM,"HIMACHAL
PRADESH",BEAS,7.2,,,,,,2603,2019-06-30
"BEAS AT EXIT OF TUNNEL
DEHAL POWER HOUSE","HIMACHAL
PRADESH",BEAS,7.8,,,,,,1005,2019-06-30
BEAS U/S MANDI,"HIMACHAL
PRADESH",BEAS,7.7,,,,,,1550,2019-06-30
BEAS AT D/S MANDI,"HIMACHAL
PRADESH",BEAS,7.6,,,,,,1006,2019-06-30
BEAS AT D/S JAISINGHPUR,"HIMACHAL
PRADESH",BEAS,7.4,,,,,,2604,2019-06-30
BEAS AT D/S ALAMPUR,"HIMACHAL
PRADESH",BEAS,7.5,,,,,,1007,2019-06-30
"BEAS D/S NADAUN BRIDGE,
VILL BHADOLI","HIMACHAL
PRADESH",BEAS,7.3,,,,,,3855,2019-06-30
,,NAN,7.5,,,,,,,2019-06-30
BEAS AT D/S PONG DAM,"HIMACHAL
PRADESH",BEAS,7.18,,,,,,1009,2019-06-30
BEAS AT D/S DEHRAGOPIPUR,"HIMACHAL
PRADESH",BEAS,7.25,,,,,,1008,2019-06-30
"RIVER BEAS U/S SUJANPUR
TIHRA","HIMACHAL
PRADESH",RIVER,7.7,,,,,,4435,2019-06-30
"RIVER BEAS D/S SUJANPUR
TIHRA","HIMACHAL
PRADESH",RIVER,8.0,,,,,,4436,2019-06-30
"RIVER BEAS U/S NADAUM
TOWN","HIMACHAL
PRADESH",RIVER,7.7,,,,,,4437,2019-06-30
"RIVER BEAS D/S NADAUN
TOWN AFTER CONFLUENCE OF
MAAN KHAD","HIMACHAL
PRADESH",RIVER,7.2,,,,,,4438,2019-06-30
RIVER BEAS AT RAISON,"HIMACHAL
PRADESH",RIVER,7.3,,,,,,4443,2019-06-30
"BEAS AT TALWARA (PONG
DAM)","HIMACHAL
PRADESH",BEAS,8.0,,,,,,30083,2019-06-30
"BEAS AT D/S CHANGARWA
VILLAGE, (PUNJAB)",PUNJAB,BEAS,8.0,,,,,,30084,2019-06-30
"BEAS AT TALWARA H/W,
PUNJAB",PUNJAB,BEAS,7.3,,,,,,1693,2019-06-30
"BEAS AT U/S PATHANKOT,
PUNJAB",PUNJAB,BEAS,7.6,,,,,,1694,2019-06-30
"BEAS AT MIRTHAL BRIDGE,
GURDASPUR",PUNJAB,BEAS,7.4,,,,,,1010,2019-06-30
"BEAS D/S PATHANKOT,
PUNJAB",PUNJAB,BEAS,7.7,,,,,,1695,2019-06-30
"BEAS AT 1KM.D/S OF EFFL.
DISH. POINT AT MUKERIAN ,
PUNJAB",PUNJAB,BEAS,7.5,,,,,,1294,2019-06-30
"BEAS RIVER, NR VILL KIRI
AFGHANA, TEHSIL BATALA,
GURDASPUR",PUNJAB,BEAS,7.2,,,,,,4164,2019-06-30
"BEAS AT G.T. ROAD UNDER
BDG. NEAR KAPURTHALA",PUNJAB,BEAS,7.5,,,,,,1011,2019-06-30
,,NAN,7.5,,,,,,,2019-06-30
"SUTLEJ RIVER B/C WITH RIVER
SPITI AT KHAB,
DISTT.KINNAUR","HIMACHAL
PRADESH",SUTLEJ,7.1,,,,,,1867,2019-06-30
SUTLEJ AT KHAB,"HIMACHAL
PRADESH",SUTLEJ,7.3,,,,,,2611,2019-06-30
SUTLEJ RIVER D/S TIDONG HEP,"HIMACHAL
PRADESH",SUTLEJ,6.8,,,,,,3872,2019-06-30
"RIVER SUTLEJ U/S
CONFLUENCES OF RIVER
TIDONG","HIMACHAL
PRADESH",RIVER,7.3,,,,,,4448,2019-06-30
"RIVER SUTLEJ D/S
CONFLUENCES OF RIVER
TIDONG","HIMACHAL
PRADESH",RIVER,6.9,,,,,,4449,2019-06-30
"RIVER SUTLEJ U/S
CONFLUENCES OF RIVER
BASPA","HIMACHAL
PRADESH",RIVER,8.1,,,,,,4452,2019-06-30
"RIVER SUTLEJ D/S
CONFLUENCES OF RIVER
BASPA","HIMACHAL
PRADESH",RIVER,8.5,,,,,,4453,2019-06-30
"SUTLEJ RIVER D/S POWER
HOUSE KASHANG HEP","HIMACHAL
PRADESH",SUTLEJ,7.2,,,,,,3871,2019-06-30
"SUTLEJ B/C WITH KARCHAM
DRAIN","HIMACHAL
PRADESH",SUTLEJ,7.4,,,,,,3870,2019-06-30
,,NAN,7.5,,,,,,,2019-06-30
SUTLEJ AT NEPTHA ZAKHAI,"HIMACHAL
PRADESH",SUTLEJ,7.2,,,,,,1389,2019-06-30
"SUTLEJ RIVER D/S TRT OF
RAMPUR HYDEL ELECTRIC
PROJECT","HIMACHAL
PRADESH",SUTLEJ,6.8,,,,,,3869,2019-06-30
SUTLEJ AT U/S RAMPUR,"HIMACHAL
PRADESH",SUTLEJ,6.5,,,,,,1086,2019-06-30
SUTLEJ AT D/S RAMPUR,"HIMACHAL
PRADESH",SUTLEJ,6.6,,,,,,1087,2019-06-30
SUTLEJ AT U/S TATAPANI,"HIMACHAL
PRADESH",SUTLEJ,7.0,,,,,,1013,2019-06-30
"RIVER SUTLEJ U/S IANDFILL
SITE RAMPUR","HIMACHAL
PRADESH",RIVER,7.4,,,,,,4446,2019-06-30
"RIVER STLUJ D/S LANDFILL SITE
RAMPUR","HIMACHAL
PRADESH",RIVER,6.9,,,,,,4447,2019-06-30
SUTLEJ AT U/S SLAPPER,"HIMACHAL
PRADESH",SUTLEJ,7.9,,,,,,1014,2019-06-30
SUTLEJ AT D/S SLAPPER,"HIMACHAL
PRADESH",SUTLEJ,7.3,,,,,,1015,2019-06-30
SUTLEJ AT D/S BHAKHRA,"HIMACHAL
PRADESH",SUTLEJ,7.3,,,,,,1016,2019-06-30
"SUTLEJ AT U/S KHAIRIAN
SOLID WASTE DUMPING SITE
BILASPUR","HIMACHAL
PRADESH",SUTLEJ,7.9,,,,,,4032,2019-06-30
"SUTLEJ AT D/S KHAIRIAN
SOLID WASTE DUMPING SITE
BILASPUR","HIMACHAL
PRADESH",SUTLEJ,7.9,,,,,,4033,2019-06-30
"RIVER SUTLEJ U/S
CONFLUENCE WITH GANVI
KHAND","HIMACHAL
PRADESH",RIVER,7.3,,,,,,4450,2019-06-30
"RIVER SUTLEJ D/S
CONFLUENCE WITH GANVI
KHAD","HIMACHAL
PRADESH",RIVER,7.0,,,,,,4451,2019-06-30
"SUTLEJ AT D/S KIRATPUR
SAHIB,",PUNJAB,SUTLEJ,7.2,,,,,,1814,2019-06-30
"SUTLEJ AT 100 MT. D/S OF
PACL, NANGAL, PUNJAB",PUNJAB,SUTLEJ,7.0,,,,,,2915,2019-06-30
"SUTLEJ AT D/S NFL, PUNJAB",PUNJAB,SUTLEJ,7.0,,,,,,1380,2019-06-30
"RIVER SUTLEJ AT ANANDPUR
SAHIB",PUNJAB,RIVER,6.9,,,,,,10020,2019-06-30
"RIVER SUTLEJ AT BUNGA
SAHIB",PUNJAB,RIVER,7.2,,,,,,10021,2019-06-30
,,NAN,7.5,,,,,,,2019-06-30
"RIVER SUTLEJ AT PHILLAUR
U/S",PUNJAB,RIVER,7.0,,,,,,10022,2019-06-30
"RIVER SUTLEJ AT PHAGWARA
U/S (CHAHERU BRIDGE)",PUNJAB,RIVER,7.1,,,,,,10023,2019-06-30
"RIVER SUTLEJ AT PHAGWARA
D/S (KANGANIWAL BRIDGE)",PUNJAB,RIVER,7.1,,,,,,10024,2019-06-30
"RIVER SUTLEJ AT JALANDHAR
U/S (PEERU SHAH KA
DARGAH)",PUNJAB,RIVER,7.1,,,,,,10025,2019-06-30
"RIVER SUTLEJ AT JALANDHAR
D/S (MALSIAN BRIDGE)",PUNJAB,RIVER,7.1,,,,,,10026,2019-06-30
"RIVER SUTLEJ AT LUDHIANA
U/S",PUNJAB,RIVER,7.2,,,,,,10027,2019-06-30
"RIVER SUTLEJ AT LUDHIANA
D/S",PUNJAB,RIVER,7.0,,,,,,10028,2019-06-30
"SUTLEJ AT 100M U/S OF
HEADWORKS, NANGAL",PUNJAB,SUTLEJ,7.1,,,,,,1017,2019-06-30
"SUTLEJ AT 100M D/S ,
NANGAL",PUNJAB,SUTLEJ,6.9,,,,,,1018,2019-06-30
"SUTLEJ AT 1 KM. D/S OF
ZENITH, PUNJAB",PUNJAB,SUTLEJ,7.2,,,,,,1293,2019-06-30
"SUTLEJ AT U/S HEAD WORKS
ROPAR",PUNJAB,SUTLEJ,7.3,,,,,,1019,2019-06-30
"SUTLEJ AT U/S BUDHA NALLAH
(UPPER), PUNJAB",PUNJAB,SUTLEJ,7.2,,,,,,1690,2019-06-30
"SUTLEJ AT 100M D/S BUDHA
NALA CONFL., LUDHIANA",PUNJAB,SUTLEJ,7.0,,,,,,1020,2019-06-30
"SUTLEJ AT BRIDGE HARIKE,
AMRITSAR",PUNJAB,SUTLEJ,7.2,,,,,,1022,2019-06-30
"SUTLEJ AT BOAT BDG.
DHARMKOTNAKODAR ROAD,
JALANDHAR",PUNJAB,SUTLEJ,6.9,,,,,,1021,2019-06-30
"SUTLEJ AT D/S EAST BEIN,
PUNJAB",PUNJAB,SUTLEJ,7.3,,,,,,1381,2019-06-30
"SUTLEJ AT U/S HUSSANIWALA
- H/W FEROZEPUR, PUNJAB",PUNJAB,SUTLEJ,7.0,,,,,,1691,2019-06-30
"SUTLEJ AT D/S HUSSANIWALA-
H/W FEROZEPUR, PUNJAB",PUNJAB,SUTLEJ,7.1,,,,,,1692,2019-06-30
,,NAN,7.5,,,,,,,2019-06-30
RAVI AT U/S MADHOPUR,"HIMACHAL
PRADESH",RAVI,7.1,,,,,,1088,2019-06-30
RAVI AT U/S CHAMBA,"HIMACHAL
PRADESH",RAVI,7.2,,,,,,1089,2019-06-30
"RAVI AT AT CHAMERA
RESERVOIR","HIMACHAL
PRADESH",RAVI,7.0,,,,,,2614,2019-06-30
"RAVI AT D/S AT CHAMERA III
HEP","HIMACHAL
PRADESH",RAVI,7.3,,,,,,2615,2019-06-30
"RAVI AT D/S OF CHAMBA
TOWN","HIMACHAL
PRADESH",RAVI,7.1,,,,,,2613,2019-06-30
RAVI AT MADHOPUR,PUNJAB,RAVI,7.9,,,,,,30085,2019-06-30
"RAVI AT U/S OF MADHOPUR
HEADWORKS, GURDASPUR,
PUNJAB",PUNJAB,RAVI,7.4,,,,,,1097,2019-06-30
"RIVER RAVI AT RANJIT SAGAR
DAM, AT PANAGAR (BASOHIL)","JAMMU &
KASHMIR",RIVER,8.2,,,,,,4059,2019-06-30
CONFLUENCE POINT OF,,CONFLUENCE,7.6,,,,,,4082,2019-06-30
KM D/S FROM MADHOPUR,,KM,7.3,,,,,,4061,2019-06-30
"PARVATI BEFORE CONF. TO
RIVER BEAS","HIMACHAL
PRADESH",PARVATI,7.4,,,,,,1290,2019-06-30
PARVATI AT U/S MANIKARAN,"HIMACHAL
PRADESH",PARVATI,7.1,,,,,,2605,2019-06-30
PARVATI AT D/S MANIKARAN,"HIMACHAL
PRADESH",PARVATI,7.3,,,,,,2606,2019-06-30
"LARGI AT D/S, DWADA","HIMACHAL
PRADESH",LARGI,7.5,,,,,,1090,2019-06-30
"SIRSA RIVER , U/S SITOMAJRI
NALLAHGARH","HIMACHAL
PRADESH",SIRSA,7.0,,,,,,1551,2019-06-30
"SIRSA RIVER, D/S NALAGARH
BRIDGE","HIMACHAL
PRADESH",SIRSA,7.2,,,,,,1552,2019-06-30
,,NAN,7.5,,,,,,,2019-06-30
"SIRSA RIVER AT D/S
NALAGARH DISTT. SOLAN","HIMACHAL
PRADESH",SIRSA,7.2,,,,,,1868,2019-06-30
SIUEL AT D/S SURGANI,"HIMACHAL
PRADESH",SIUEL,6.8,,,,,,2616,2019-06-30
SUKETI KHAD AT D/S MANDI,"HIMACHAL
PRADESH",SUKETI,7.8,,,,,,2607,2019-06-30
"BINWA AT D/S
PAPROLA/BAIJNATH","HIMACHAL
PRADESH",BINWA,7.0,,,,,,2608,2019-06-30
NEUGAL AT D/S THURAL,"HIMACHAL
PRADESH",NEUGAL,7.4,,,,,,2609,2019-06-30
SPITI AT KHAB,"HIMACHAL
PRADESH",SPITI,6.9,,,,,,2610,2019-06-30
"BASPA AT U/S RESERVOIR
BASPA PROJECT","HIMACHAL
PRADESH",BASPA,7.4,,,,,,2612,2019-06-30
"CHUNT KOL (MAULANA AZAD
BRIDGE)","JAMMU &
KASHMIR",CHUNT,6.9,,,,,,1307,2019-06-30
"GAWKADAL, SRG (SHERGHARI,
SRG)","JAMMU &
KASHMIR",GAWKADAL,7.2,,,,,,1306,2019-06-30
JHELUM AT ANANTNAG D/S,"JAMMU &
KASHMIR",JHELUM,7.3,,,,,,1304,2019-06-30
"JHELUM AT DALAGATE
(INLET), SRINAGAR","JAMMU &
KASHMIR",JHELUM,7.1,,,,,,1410,2019-06-30
"JHELUM AT CHATTABAL WEIR
(OUTLET","JAMMU &
KASHMIR",JHELUM,7.2,,,,,,1411,2019-06-30
JHELUM RIVER AT VERINAG,"JAMMU &
KASHMIR",JHELUM,7.2,,,,,,3272,2019-06-30
"JHELUM RIVER AT SANGAM,
CONFLUENCE POINT OF
VISHAV NALLAH","JAMMU &
KASHMIR",JHELUM,7.4,,,,,,3273,2019-06-30
"JHELUM RIVER AT SOPORE,
CONFLUENCE POINT OF
WULAR LAKE","JAMMU &
KASHMIR",JHELUM,7.6,,,,,,3276,2019-06-30
"JHELUM RIVER AT
BARAMULLA D/S","JAMMU &
KASHMIR",JHELUM,7.7,,,,,,3277,2019-06-30
"JHELUM RIVER AT
AWANTIPORA","JAMMU &
KASHMIR",JHELUM,7.4,,,,,,3274,2019-06-30
JHELUM RIVER AT PAMPORE,"JAMMU &
KASHMIR",JHELUM,7.4,,,,,,3275,2019-06-30
RIVER JHELUM AT BIJEHARA,"JAMMU &
KASHMIR",RIVER,7.4,,,,,,4053,2019-06-30
"RIVER JHELUM AT
PANTHACHOWK","JAMMU &
KASHMIR",RIVER,7.2,,,,,,4054,2019-06-30
,,NAN,7.5,,,,,,,2019-06-30
"BANGANGA (BATHING GHAT),
KATRA,","JAMMU &
KASHMIR",BANGANGA,7.5,,,,,,2755,2019-06-30
"BANGANGA (IN FRONT OF
PONY SHED NEAR REASI
BRIDGE)KATRA","JAMMU &
KASHMIR",BANGANGA,7.8,,,,,,2756,2019-06-30
"BASANTER U/S (R.H.S) SAMBA
(BELOW NH-1A BRIDGE),","JAMMU &
KASHMIR",BASANTER,7.7,,,,,,2752,2019-06-30
"CHENAB AT L.H.S.(BELOW
BRIDGE CHENAB)","JAMMU &
KASHMIR",CHENAB,7.5,,,,,,2748,2019-06-30
"CHENAB AT BLIND CURVE
SHAMSHAN GHAT (1.5 KM U/S
FROM SPOT)","JAMMU &
KASHMIR",CHENAB,7.6,,,,,,2749,2019-06-30
"CHENAB RIVER AT CHADRA
GAON VIEW POINT(4 KM U/S
FROM SPOT)","JAMMU &
KASHMIR",CHENAB,7.4,,,,,,2750,2019-06-30
"CHENAB AT JAL PATAN
MANDIR AFTER MEETING
WITH MAIN DRAIN OF
AKHNOOR CITY(1.5 KMD/S
FROM SPOT)","JAMMU &
KASHMIR",CHENAB,7.6,,,,,,2751,2019-06-30
"DEVAK RIVER
UDHAMPUR(NEAR SHIV
MANDIR D/S)L.H.S.","JAMMU &
KASHMIR",DEVAK,7.2,,,,,,2754,2019-06-30
DEVAK RIVER AT UTTERBEHNI,"JAMMU &
KASHMIR",DEVAK,7.6,,,,,,2757,2019-06-30
LIDDER AT LARIPORA,"JAMMU &
KASHMIR",LIDDER,7.6,,,,,,3278,2019-06-30
LIDDER AT CLUB PARK,"JAMMU &
KASHMIR",LIDDER,7.5,,,,,,3279,2019-06-30
LIDDER AT BUS ADDA,"JAMMU &
KASHMIR",LIDDER,7.2,,,,,,3280,2019-06-30
"LIDDER AT YANEER, D/S OF
PHALGUM","JAMMU &
KASHMIR",LIDDER,7.3,,,,,,3281,2019-06-30
"LIDDER NERA BUMZOO,
ANANTNAG","JAMMU &
KASHMIR",LIDDER,7.2,,,,,,3282,2019-06-30
"SINDH RIVER AT SONAMARG
U/S","JAMMU &
KASHMIR",SINDH,7.9,,,,,,3283,2019-06-30
"SINDH RIVER AT SONAMARG
D/S","JAMMU &
KASHMIR",SINDH,7.8,,,,,,3284,2019-06-30
SINDH RIVER AT WAIL BRIDGE,"JAMMU &
KASHMIR",SINDH,7.4,,,,,,3285,2019-06-30
,,NAN,7.5,,,,,,,2019-06-30
SINDH RIVER AT DUDERHAMA,"JAMMU &
KASHMIR",SINDH,7.3,,,,,,3286,2019-06-30
"SINDH RIVER AT RANGIL,
SRINAGAR","JAMMU &
KASHMIR",SINDH,7.3,,,,,,3287,2019-06-30
"TAWI AT SHETALI LIFTING
POINT NAGROTA(5KM U/S
TAWI BRIDGE)","JAMMU &
KASHMIR",TAWI,7.5,,,,,,2742,2019-06-30
"TAWI AT BAGH-E-BAHU
LIFTING POINT(1 KM U/S TAWI
BRIDGE)","JAMMU &
KASHMIR",TAWI,7.8,,,,,,2743,2019-06-30
"TAWI AT JAMMU U/S, (TAWI
BRIDGE )","JAMMU &
KASHMIR",TAWI,7.4,,,,,,1412,2019-06-30
TAWI BELOW TAWI BRIDGE,"JAMMU &
KASHMIR",TAWI,7.5,,,,,,2744,2019-06-30
"TAWI BAGHWATI NAGAR
(2KM D/S TAWI BRIDGE","JAMMU &
KASHMIR",TAWI,8.0,,,,,,2745,2019-06-30
"TAWI AT BELICHARANA(4KM
D/S TAWI BRIDGE)","JAMMU &
KASHMIR",TAWI,8.2,,,,,,2746,2019-06-30
"TAWI AT SURAJPUR
CHATHA(10 KM D/S TAWI
BRIDGE)BELOW BRIDGE NEAR
CHATHA MSW DUMPING SITE,
J&K","JAMMU &
KASHMIR",TAWI,8.0,,,,,,2747,2019-06-30
,,NAN,7.5,,,,,,,2019-06-30
"SWAN RIVER U/S
SANTOSHGARH BRIDGE","HIMACHAL
PRADESH",SWAN,7.2,,,,,,3858,2019-06-30
"SWAN RIVER U/S UNA TOWN
GHALLUWAL BRIDGE","HIMACHAL
PRADESH",SWAN,7.0,,,,,,3859,2019-06-30
"SWAN RIVER B/C OF GARNI
KHAD","HIMACHAL
PRADESH",SWAN,7.1,,,,,,4030,2019-06-30
SWAN RIVER A/C GARNI KHAD,"HIMACHAL
PRADESH",SWAN,7.2,,,,,,4031,2019-06-30
"SWAN RIVER D/S OF UNA AT
RAMPUR BRIDGE","HIMACHAL
PRADESH",SWAN,7.3,,,,,,4433,2019-06-30
"SWAN RIVER AT D/S NANGAL
DISTT. UNA","HIMACHAL
PRADESH",SWAN,7.2,,,,,,1869,2019-06-30
"RIVER TIRTHAN B/C TO RIVER
SUTLEJ","HIMACHAL
PRADESH",RIVER,7.6,,,,,,4038,2019-06-30
PABBAR AT U/S DHAMBARI,"HIMACHAL
PRADESH",PABBAR,7.3,,,,,,2617,2019-06-30
PABBAR AT U/S ROHRU,"HIMACHAL
PRADESH",PABBAR,7.4,,,,,,2618,2019-06-30
"PABBAR AT D/S
SWARAKUDDU","HIMACHAL
PRADESH",PABBAR,7.6,,,,,,2619,2019-06-30
RIVER PABBAR U/S HATKOTI,"HIMACHAL
PRADESH",RIVER,7.4,,,,,,4039,2019-06-30
"MANWAR TAWI AT VILLAGE
KALLAR (ABOUT 15 KM D/S
SALAINI BRIDGE)","JAMMU &
KASHMIR",MANWAR,8.4,,,,,,4075,2019-06-30
"MANWAR TAWI AT
NOWSHERA, CONFLUENCE
POINT OF TRIBUTARIES IN
MANWAR TAWI)","JAMMU &
KASHMIR",MANWAR,8.4,,,,,,4076,2019-06-30
"MANWAR TAWI AT TARHALI
BRIDGE ( 5 KM U/S SALAINI
BRIDGE)","JAMMU &
KASHMIR",MANWAR,7.6,,,,,,4079,2019-06-30
"SURAN RIVER RIVER BELOW
SHER-E-KASHMIR BRIDGE AT
POONCH","JAMMU &
KASHMIR",SURAN,8.1,,,,,,4081,2019-06-30
"ALHI RIVER-NOG(NEAR WATER
SUPPLY SCHEME
INTAKE)TRIBUTARY OF RIVER
SUTLEJ","HIMACHAL
PRADESH",ALHI,8.1,,,,,,4464,2019-06-30
"HARABAGH(INTAKE FROM
BBMB SOURCE-BBMB ADIT
HARABGH)WATE SPRING","HIMACHAL
PRADESH",HARABAGH,7.9,,,,,,4465,2019-06-30
,,NAN,7.5,,,,,,,2019-06-30
"RIVER ASHWANI, KUNNI PUL,
VILL SAMAHU, PO KUNIHAR,
TEHSIL ARKI","HIMACHAL
PRADESH",RIVER,7.4,,,,,,4036,2019-06-30
"ASHWANI RIVER AT
SADHUPUL (U/S OF BRIDGE
TOWARDS CHAIL.)","HIMACHAL
PRADESH",ASHWANI,7.3,,,,,,4479,2019-06-30
"ASHWANI AT U/S YASHWANT
NAGAR","HIMACHAL
PRADESH",ASHWANI,7.0,,,,,,2620,2019-06-30
"MANJHI KHAD U/S
DHARAMSHALA OF
KHANIYARA","HIMACHAL
PRADESH",MANJHI,7.2,,,,,,4023,2019-06-30
"MANJHI KHAD D/S
DHARAMSHALA AT CHETRU","HIMACHAL
PRADESH",MANJHI,7.0,,,,,,4024,2019-06-30
MOL KHAD U/S PALAMPU,"HIMACHAL
PRADESH",MOL,7.1,,,,,,4025,2019-06-30
MOL KHAD D/S PALAMPU,"HIMACHAL
PRADESH",MOL,7.0,,,,,,4026,2019-06-30
DAM-SITE AT THEIN,"JAMMU &
KASHMIR",DAM,8.6,,,,,,4060,2019-06-30
"BANER KHAD U/S CHAMUNDA
TEMPLE","HIMACHAL
PRADESH",BANER,7.5,,,,,,4457,2019-06-30
"BANER KHAD D/S CHAMUNDA
TEMPLE","HIMACHAL
PRADESH",BANER,7.2,,,,,,4458,2019-06-30
"CHARAN KHAD U/S
BHAGSUNAG","HIMACHAL
PRADESH",CHARAN,7.3,,,,,,4460,2019-06-30
"U/S OF WEIR SITE OF WTP
NEAR ASHWANI BRIDGE","HIMACHAL
PRADESH",U,6.9,,,,,,4428,2019-06-30
"D/S OF ASHWANI KHAD
(AFTER CONFLUENCE OF LIFT
NALLAH)","HIMACHAL
PRADESH",D,7.0,,,,,,4429,2019-06-30
"RAW WATER FROM AT
GUMMA NAUTI KHAD","HIMACHAL
PRADESH",RAW,8.0,,,,,,4424,2019-06-30
"DHAULI KHAD AT CHARAN
GANGA MEDI","HIMACHAL
PRADESH",DHAULI,7.1,,,,,,4432,2019-06-30
,,NAN,7.5,,,,,,,2019-06-30
,,NAN,7.8,,,,,,1485,2019-06-30
,,NAN,7.6,,,,,,1484,2019-06-30
,,NAN,7.7,,,,,,1486,2019-06-30
,,NAN,7.6,,,,,,1488,2019-06-30
,,NAN,7.6,,,,,,1487,2019-06-30
,,NAN,7.8,,,,,,1489,2019-06-30
SWARG ASHRAM-1,UTTARAKHAND,SWARG,7.9,,,,,,20048,2019-06-30
GANGA AT RISHIKESH U/S,UTTARAKHAND,GANGA,7.4,,,,,,1060,2019-06-30
"LAKKAR GHAT- OXIDATION
PONDS",UTTARAKHAND,LAKKAR,7.8,,,,,,20049,2019-06-30
,,NAN,7.5,,,,,,,2019-06-30
RIVER GANGA D/S RISHIKESH,UTTARAKHAND,RIVER,7.3,,,,,,10147,2019-06-30
"GANGA RIVER AFTER
CONFLUENCE OF RIVER SONG
NEAR SATYANARAYAN
TEMPLE D/S RAIWALA,
DEHRADUN",UTTARAKHAND,GANGA,7.4,,,,,,2725,2019-06-30
"RIVER GANGA AT HAR KI
PAURI GHAT",UTTARAKHAND,RIVER,7.5,,,,,,10148,2019-06-30
"GANGA AT HARIDWAR D/S,
UPPER GANGA CANAL D/S
BALKUMARI MANDIR,",UTTARAKHAND,GANGA,7.1,,,,,,1061,2019-06-30
"UPPER GANGA RIVER D/S
ROORKEE",UTTARAKHAND,UPPER,7.4,,,,,,2727,2019-06-30
"RIVER GANGA AT MADHYA
GANGA BARRAGE, BIJNOR","UTTAR
PRADESH",RIVER,7.4,,,,,,10150,2019-06-30
"GANGA AT
GARHMUKTESHWAR","UTTAR
PRADESH",GANGA,6.8,,,,,,1062,2019-06-30
GHARMUKTESHWAR,"UTTAR
PRADESH",GHARMUKTESHWAR,6.5,,,,,,10149,2019-06-30
"GANGA U/S, ANOOPSHAHAR","UTTAR
PRADESH",GANGA,6.9,,,,,,2488,2019-06-30
"GANGA D/S, ANOOPSHAHAR","UTTAR
PRADESH",GANGA,7.0,,,,,,2489,2019-06-30
"GANGA AT NARORA
(BULANDSAHAR)","UTTAR
PRADESH",GANGA,7.1,,,,,,1145,2019-06-30
"GANGA AT KACHHLA GHAT,
ALIGARH","UTTAR
PRADESH",GANGA,7.0,,,,,,2490,2019-06-30
"RIVER GANGA AT
FARUKKABAD","UTTAR
PRADESH",RIVER,7.6,,,,,,10151,2019-06-30
"GANGA AT KANNAUJ U/S
(RAJGHAT)","UTTAR
PRADESH",GANGA,7.7,,,,,,1063,2019-06-30
GANGA AT KANNAUJ D/S,"UTTAR
PRADESH",GANGA,7.8,,,,,,1066,2019-06-30
"GANGA AT BITHOOR
(KANPUR)","UTTAR
PRADESH",GANGA,7.9,,,,,,1146,2019-06-30
"GANGA AT KANPUR U/S
(RANIGHAT)","UTTAR
PRADESH",GANGA,7.8,,,,,,1067,2019-06-30
"RIVER GANGA AT BATHING
GHAT (BHARAOGHAT)","UTTAR
PRADESH",RIVER,7.8,,,,,,10154,2019-06-30
,,NAN,7.5,,,,,,,2019-06-30
"RIVER GANGA AT D/S
SHUKLAGANJ","UTTAR
PRADESH",RIVER,7.8,,,,,,10155,2019-06-30
"GANGA AT KANPUR D/S
(JAJMAU PUMPING STATION)","UTTAR
PRADESH",GANGA,7.6,,,,,,1068,2019-06-30
"RIVER GANGA AT BATHING
GHAT (JAJMAU BRIDGE)","UTTAR
PRADESH",RIVER,7.7,,,,,,10157,2019-06-30
"GANGA AT DALMAU (RAI
BAREILLY)","UTTAR
PRADESH",GANGA,7.9,,,,,,1147,2019-06-30
"GANGA AT KALA KANKAR,
RAEBARELI","UTTAR
PRADESH",GANGA,7.9,,,,,,2498,2019-06-30
"GANGA AT ALLAHABAD
(RASOOLABAD)","UTTAR
PRADESH",GANGA,7.6,,,,,,1046,2019-06-30
"GANGA AT KADAGHAT,
ALLAHABAD","UTTAR
PRADESH",GANGA,7.8,,,,,,2487,2019-06-30
"GANGA AT ALLAHABAD D/S
(SANGAM)","UTTAR
PRADESH",GANGA,7.8,,,,,,1049,2019-06-30
"RIVER GANGA A/C TAMSA
RIVER, SIRSA, SON BARSA","UTTAR
PRADESH",RIVER,7.7,,,,,,10158,2019-06-30
"GANGA U/S, VINDHYACHAL,
MIRZAPUR","UTTAR
PRADESH",GANGA,8.2,,,,,,2485,2019-06-30
"GANGA D/S, MIRZAPUR","UTTAR
PRADESH",GANGA,8.1,,,,,,2486,2019-06-30
RIVER GNAGA TA CHUNAR,"UTTAR
PRADESH",RIVER,2.2,,,,,,10153,2019-06-30
"GANGA AT VARANASI U/S
(ASSIGHAT)","UTTAR
PRADESH",GANGA,8.1,,,,,,1070,2019-06-30
"GANGA AT VARANASI D/S
(MALVIYA BRIDGE)","UTTAR
PRADESH",GANGA,7.9,,,,,,1071,2019-06-30
"RIVER GANGA A/C GOMTI
RIVER, BHUSAULA","UTTAR
PRADESH",RIVER,8.2,,,,,,10152,2019-06-30
"RIVER GANGA AT BATHING
GHAT (GOLA GHAT)","UTTAR
PRADESH",RIVER,7.7,,,,,,10156,2019-06-30
"GANGA AT TRIGHAT
(GHAZIPUR)","UTTAR
PRADESH",GANGA,8.1,,,,,,1073,2019-06-30
GANGA AT BUXAR,BIHAR,GANGA,7.0,,,,,,1074,2019-06-30
,,NAN,7.5,,,,,,,2019-06-30
"RIVER GANGA AT U/S JAIL
GHAT, BUXAR",BIHAR,RIVER,7.1,,,,,,10113,2019-06-30
"GANGA AT BUXAR,
RAMREKHAGHAT",BIHAR,GANGA,7.5,,,,,,2551,2019-06-30
"GANGA AT D/S BUXAR NEAR
ROAD BRIDGE",BIHAR,GANGA,7.2,,,,,,3113,2019-06-30
"RIVE GANGA AT U/S
BARAHPUR BINDTOLI",BIHAR,RIVE,7.5,,,,,,10131,2019-06-30
"GANGA AT ARA-CHHAPRA
ROAD BRIDGE (KOILWER
BANURA- CHHAPRA ROAD)",BIHAR,GANGA,7.3,,,,,,10162,2019-06-30
"GANGA AT THE CONFLUENCE
OF SONE RIVER DORIGANJ,
CHAPRA",BIHAR,GANGA,7.3,,,,,,2564,2019-06-30
"RIVER GANGA TA MAA
AMBIKA ASTHAN, AAMI,
SARAN",BIHAR,RIVER,7.2,,,,,,10114,2019-06-30
"GANGA NEAR DANAPUR
(NEAR PIPA PUL) ,PATNA",BIHAR,GANGA,7.4,,,,,,3114,2019-06-30
"GANGA AT KURJI, PATNA U/S",BIHAR,GANGA,7.4,,,,,,1077,2019-06-30
"GANGA AT GANDHIGHAT, NIT
AT PATNA",BIHAR,GANGA,7.7,,,,,,2552,2019-06-30
"RIVER GANGA TA GULABI
GHAT, PATNA",BIHAR,RIVER,7.4,,,,,,10115,2019-06-30
"GANGA AT PATNA D/S
(GANGA BRIDGE), GAIGHAT",BIHAR,GANGA,7.7,,,,,,1079,2019-06-30
"GANGA AT MALSALAMI,
PATNA",BIHAR,GANGA,7.3,,,,,,3122,2019-06-30
"KACHCHI-DARGAH-BIDUPUR
ROAD BRIDGE, PATNA",BIHAR,KACHCHI,6.6,,,,,,4297,2019-06-30
"RIVER GANGA AT TRIVENI
GHAT, PATNA",BIHAR,RIVER,7.7,,,,,,10122,2019-06-30
"GANGA AT KEWALA
GHAT,FATUHA, PATNA",BIHAR,GANGA,7.5,,,,,,2553,2019-06-30
"BAKHTIYARPUR-TAJPUR
BRIDGE ON GANGA,
ATHMALGOLA, PATNA",BIHAR,BAKHTIYARPUR,7.4,,,,,,4301,2019-06-30
GANGA RIVER AT BARH,BIHAR,GANGA,7.5,,,,,,3115,2019-06-30
"RIVER GANGA AT D/S
NAWADGHAT, BARH, PATNA",BIHAR,RIVER,7.5,,,,,,10130,2019-06-30
,,NAN,7.5,,,,,,,2019-06-30
"GANGA AT MOKAMA (U/S),
MAHADEO ASTHAN, PATNA",BIHAR,GANGA,7.4,,,,,,1817,2019-06-30
GANGA AT MOKAMA (D/S),BIHAR,GANGA,7.2,,,,,,1815,2019-06-30
"GANGA RIVER AT BARAHIYA,
NEPALITOLA, MARANCHI,
;LAKSHISARAI",BIHAR,GANGA,7.6,,,,,,3123,2019-06-30
"GANGA AT U/S MUNGER
(NEAR INTAKE WELL ON
GANGA)",BIHAR,GANGA,7.6,,,,,,3116,2019-06-30
GANGA AT MUNGER,BIHAR,GANGA,7.6,,,,,,1818,2019-06-30
"GANGA AT U/S SULTANGANJ,
BHAGALPUR",BIHAR,GANGA,7.4,,,,,,3117,2019-06-30
"GANGA RIVER AT WATER
INTAKE POINT, BHAGALPUR",BIHAR,GANGA,7.5,,,,,,4398,2019-06-30
"GANGA AT SULTANGANJ,
BHAGALPUR",BIHAR,GANGA,7.3,,,,,,2554,2019-06-30
"RIVER GANGA AT
CHAMPANAGAR, BHAGALPUR",BIHAR,RIVER,7.0,,,,,,10138,2019-06-30
GANGA AT BHAGALPUR,BIHAR,GANGA,7.6,,,,,,1819,2019-06-30
"GANGA AT U/S BHAGALPUR
NEAR BARARIGHAT",BIHAR,GANGA,7.6,,,,,,3118,2019-06-30
GANGA AT KAHALGAON,BIHAR,GANGA,7.5,,,,,,1816,2019-06-30
"RIVER GANGA D/S NEAR
CREMATION GHAT",BIHAR,RIVER,7.4,,,,,,10143,2019-06-30
"RIVER GANGA U/S NEAR LCT
GHAT",JHARKHAND,RIVER,7.8,,,,,,10144,2019-06-30
"RIVER GANGA D/S NEAR
JANTA GHAT",JHARKHAND,RIVER,7.6,,,,,,10145,2019-06-30
"RIVER GANGA AT SANGI
DALAN",JHARKHAND,RIVER,8.0,,,,,,10146,2019-06-30
"GANGA AT RAJMAHAL,",JHARKHAND,GANGA,8.1,,,,,,1059,2019-06-30
"GANGA AT BAHARAMPORE,
MURSHIDABAD,",WEST BENGAL,GANGA,7.4,,,,,,1080,2019-06-30
"RIVER GANGA AT
BEHRAMPORE (KHAGRA)
MURSHIDABAD",WEST BENGAL,RIVER,7.2,,,,,,10159,2019-06-30
"RIVER GANGA AT
BEHRAMPORE (GORA BAZAR)
MURSHIDABAD",WEST BENGAL,RIVER,7.5,,,,,,10160,2019-06-30
"NABADIP ON GANGA,
GHOSHPARA NEAR
MONIPURGHAT,NADIA",WEST BENGAL,NABADIP,7.8,,,,,,2511,2019-06-30
,,NAN,7.5,,,,,,,2019-06-30
"TRIBENI ON GANGA, NEAR
BURNING GHAT, HOOGHLY",WEST BENGAL,TRIBENI,7.7,,,,,,2506,2019-06-30
"RIVER GANGA AT PALTA,
SHITALTALA,",WEST BENGAL,RIVER,7.4,,,,,,10161,2019-06-30
GANGA AT PALTA,WEST BENGAL,GANGA,7.4,,,,,,1054,2019-06-30
"GANGA AT SERAMPORE,
HOOGHLY,WEST BENGAL",WEST BENGAL,GANGA,7.0,,,,,,1472,2019-06-30
"GANGA AT
DAKSHMINESHWAR,
KOLKATA, WEST BENGAL",WEST BENGAL,GANGA,7.1,,,,,,1053,2019-06-30
"GANGA AT HOWRAH-SHIVPUR
WEST BENGAL",WEST BENGAL,GANGA,7.3,,,,,,1471,2019-06-30
"GANGA AT GARDEN REACH,
KOLKATA, WEST BENGAL",WEST BENGAL,GANGA,7.3,,,,,,1470,2019-06-30
"GANGA AT ULUBERIA ,
HOWRAH,WEST BENGAL",WEST BENGAL,GANGA,7.2,,,,,,1052,2019-06-30
"GANGA AT DIAMOND
HARBOUR, 24 PARGANAS
(S)WEST BENGAL",WEST BENGAL,GANGA,6.8,,,,,,1469,2019-06-30
"GANGA AT PATIKALI NEAR
DURGA CHAK WEST BENGAL",WEST BENGAL,GANGA,6.8,,,,,,1335,2019-06-30
,,NAN,7.5,,,,,,,2019-06-30
"YAMUNA RIVER, D/S PAONTA",HIMACHAL,YAMUNA,6.4,,,,,,,2019-06-30
,HIMACHAL,NAN,6.9,,,,,,,2019-06-30
,HIMACHAL,NAN,6.8,,,,,,,2019-06-30
"YAMUNA AT HATHNIKUND,",,YAMUNA,7.7,,,,,,,2019-06-30
"YAMUNA AT KALANAUR,",,YAMUNA,7.5,,,,,,,2019-06-30
RIVER YAMUNA AT KHOJIPUR,,RIVER,7.3,,,,,,,2019-06-30
YAMUNA AT SONEPAT,HARYANA,YAMUNA,7.1,,,,,,1119,2019-06-30
"YAMUNA AT PALLA, DELHI",DELHI,YAMUNA,7.3,,,,,,1120,2019-06-30
"YAMUNA AT NIZAMUDDIN,",,YAMUNA,6.9,,,,,,,2019-06-30
YAMUNA AT OKHLA BRIDGE,,YAMUNA,7.0,,,,,,,2019-06-30
YAMUNA AT OKHLA AFTER,,YAMUNA,7.0,,,,,,,2019-06-30
,UTTAR,NAN,7.1,,,,,,,2019-06-30
,UTTAR,NAN,6.2,,,,,,,2019-06-30
"YAMUNA AT KESIGHAT,",UTTAR,YAMUNA,7.1,,,,,,,2019-06-30
"YAMUNA AT MATHURA U/S ,",UTTAR,YAMUNA,7.1,,,,,,,2019-06-30
"YAMUNA AT VISHRAMGHAT,",UTTAR,YAMUNA,7.1,,,,,,,2019-06-30
"YAMUNA AT MATHURA D/S ,",UTTAR,YAMUNA,7.1,,,,,,,2019-06-30
,UTTAR,NAN,7.1,,,,,,,2019-06-30
"YAMUNA AT D/S OF AGRA,",UTTAR,YAMUNA,7.0,,,,,,,2019-06-30
,UTTAR,NAN,6.9,,,,,,,2019-06-30
,UTTAR,NAN,6.9,,,,,,,2019-06-30
,,NAN,7.5,,,,,,,2019-06-30
"TONS RIVER, SIRMAUR","HIMACHAL
PRADESH",TONS,6.9,,,,,,1510,2019-06-30
TONS AT HARIPUR (U.K.),UTTARAKHAND,TONS,7.9,,,,,,30023,2019-06-30
"RIVER GIRI D/S RAJGARH
TOWN","HIMACHAL
PRADESH",RIVER,7.6,,,,,,4027,2019-06-30
"RIVER GIRI U/S PROPOSED
SITE OF SRI RENUKAJI DAM
SITE.","HIMACHAL
PRADESH",RIVER,7.2,,,,,,4441,2019-06-30
"RIVER GIRI D/S PROPOSED
SITE OF SRI RENUKAJI DAM
SITE NEAR BRIDGE AT
DADAHU- RENUKAJI","HIMACHAL
PRADESH",RIVER,7.2,,,,,,4442,2019-06-30
"RIVER GIRI D/S LAIGIDHAR
TRUST, BARU SAHIB","HIMACHAL
PRADESH",RIVER,7.6,,,,,,4028,2019-06-30
RIVER GIRI U/S CHAILLA,"HIMACHAL
PRADESH",RIVER,7.6,,,,,,4427,2019-06-30
"GIRI AT D/S YASHWANT
NAGAR","HIMACHAL
PRADESH",GIRI,7.1,,,,,,2621,2019-06-30
,,NAN,7.5,,,,,,,2019-06-30
GIRI AT U/S CCI MINES,"HIMACHAL
PRADESH",GIRI,7.1,,,,,,2622,2019-06-30
GIRI D/S SATAUN,"HIMACHAL
PRADESH",GIRI,7.0,,,,,,2623,2019-06-30
"GIRI RIVER U/S LWSS AT
SAINJ","HIMACHAL
PRADESH",GIRI,6.8,,,,,,3877,2019-06-30
GIRI RIVER D/S LWSS AT SAINJ,"HIMACHAL
PRADESH",GIRI,7.3,,,,,,3878,2019-06-30
"GIRI RIVER D/S CEMENT
CORPORATION OF INDIA,
RAJBAN","HIMACHAL
PRADESH",GIRI,7.0,,,,,,3860,2019-06-30
"GIRI RIVER AFTER
CONFLUENCE OF ASHWANI
RIVER AT GIRIPUL, YASHWANT
NAGAR","HIMACHAL
PRADESH",GIRI,7.1,,,,,,3876,2019-06-30
"HINDON AT SAHARANPUR
D/S, U.P.","UTTAR
PRADESH",HINDON,7.5,,,,,,1357,2019-06-30
"RIVER HINDON AT
MAHESHPUR U/S","UTTAR
PRADESH",RIVER,7.7,,,,,,10098,2019-06-30
"RIVER HINDON AT BARNAWA
U/S","UTTAR
PRADESH",RIVER,7.3,,,,,,10100,2019-06-30
"RIVER HINDON AT BARNAWA
D/S","UTTAR
PRADESH",RIVER,7.5,,,,,,10101,2019-06-30
"RIVER HINDON AT MOHAN
NAGAR U/S","UTTAR
PRADESH",RIVER,6.1,,,,,,10102,2019-06-30
"RIVER HINDON AT MOHAN
NAGAR D/S","UTTAR
PRADESH",RIVER,6.2,,,,,,10103,2019-06-30
"RIVER HINDON AT GHAZIABAD
U/S","UTTAR
PRADESH",RIVER,6.6,,,,,,10106,2019-06-30
"HINDON AFTER CONFL. WITH
R. KRISHNA & KALI NEAR
BINAULI TOWN, MEERUT, U.P.","UTTAR
PRADESH",HINDON,7.1,,,,,,1483,2019-06-30
"RIVER HINDON AT SARDHANA
BUDHANA ROAD, VILLAGE
BAPARSI, MEERUT","UTTAR
PRADESH",RIVER,7.4,,,,,,2496,2019-06-30
"HINDON AT GHAZIABAD D/S,
U.P.","UTTAR
PRADESH",HINDON,6.7,,,,,,1358,2019-06-30
"BETWA BEFORE CONF.
YAMUNA AT HAMIRPUR, U.P.","UTTAR
PRADESH",BETWA,7.8,,,,,,1356,2019-06-30
"BETWA AT SUKMA DUKMA
DAM, JHANSI (U.P.)","UTTAR
PRADESH",BETWA,7.3,,,,,,30079,2019-06-30
"BETWA AT GOVIND SAGAR,
U.P","UTTAR
PRADESH",BETWA,7.1,,,,,,1735,2019-06-30
,,NAN,7.5,,,,,,,2019-06-30
"BETWA NEAR INTAKE POINT,
VIDISHA, M.P","MADHYA
PRADESH",BETWA,7.7,,,,,,1614,2019-06-30
"RIVER BETWA AT U/S AT
MAHUTA GHAT, AGASOD","MADHYA
PRADESH",RIVER,7.1,,,,,,2107,2019-06-30
"RIVER BETWA AT M/S J.P.
THERMAL POWER, BINA","MADHYA
PRADESH",RIVER,7.3,,,,,,2108,2019-06-30
"BETWA AT NAYAPUR D/S
MANDIDEEP INDL. AREA NO.1,
DIST.RAISEN","MADHYA
PRADESH",BETWA,7.9,,,,,,2119,2019-06-30
"BETWA NEAR ROAD BRIDGE,
BHOJPUR","MADHYA
PRADESH",BETWA,7.6,,,,,,2121,2019-06-30
"BETWA NEAR W/S INTAKE
WELL POINT RAISEN","MADHYA
PRADESH",BETWA,7.8,,,,,,2122,2019-06-30
"BETWA AT CHARANTIRGHAT,
VIDISHA","MADHYA
PRADESH",BETWA,7.8,,,,,,2124,2019-06-30
"BETWA D/S AFTER MIXING OF
RIVER BAIS AT VIDISHA","MADHYA
PRADESH",BETWA,7.5,,,,,,2125,2019-06-30
"BETWA AT U/S NEAR ROAD
BRIDGE ORCHHA","MADHYA
PRADESH",BETWA,7.2,,,,,,3832,2019-06-30
"BETWA AT KANJIA ROAD
BRIDGE, ASHOK NAGAR (M.P.)","MADHYA
PRADESH",BETWA,7.2,,,,,,30080,2019-06-30
"BETWA AT RAJGHAT DAM,
SAGAR","MADHYA
PRADESH",BETWA,7.3,,,,,,3833,2019-06-30
"KALI SINDH AT ANICUT OF M/S
CFCL GADEPAN, KOTA,
RAJASTHAN",RAJASTHAN,KALI,7.9,,,,,,2953,2019-06-30
"KALI SINDH AT BAROD ROAD
BRIDGE, KOTA, RAJASTHAN",RAJASTHAN,KALI,8.2,,,,,,2956,2019-06-30
"DHANARI DAM, NEAR
SWAROOPGANJ, SIROHI,
RAJASTHAN",RAJASTHAN,DHANARI,7.4,,,,,,2950,2019-06-30
"BISULPUR DAM, TONK,
RAJASTHAN",RAJASTHAN,BISULPUR,7.6,,,,,,2951,2019-06-30
"NEAR NEWTA DAM, JAIPUR,
RAJASTHAN",RAJASTHAN,NEAR,8.3,,,,,,2952,2019-06-30
"CHHAPI DAM UPSTREAM ,
JHALAWAR, RAJASTHAN",RAJASTHAN,CHHAPI,7.9,,,,,,2945,2019-06-30
"UJAD AT BHIM SAGAR DAM
UPSTREAM , JHALAWAR,
RAJASTHAN",RAJASTHAN,UJAD,7.6,,,,,,2946,2019-06-30
"CHAMBAL ENTERING IN
RAJASTHAN AT GANDHI
SAGAR DAM, KOTA,
RAJASTHAN",RAJASTHAN,CHAMBAL,7.9,,,,,,2955,2019-06-30
,,NAN,7.5,,,,,,,2019-06-30
"CHAMBAL AT TAL VILLAGE
NEAR BRIDGE, UJJAIN","MADHYA
PRADESH",CHAMBAL,7.4,,,,,,3309,2019-06-30
"CHAMBAL AT NAGDA U/S
(WATER INTAKE POINT) M.P.","MADHYA
PRADESH",CHAMBAL,7.2,,,,,,1365,2019-06-30
"CHAMBAL AT NAGDA D/S,
M.P.","MADHYA
PRADESH",CHAMBAL,7.1,,,,,,1366,2019-06-30
"PARVATI NEAR VILLAGE
BATAODAPAR, M.P.","MADHYA
PRADESH",PARVATI,7.0,,,,,,1432,2019-06-30
"PARVATI BEFORE MEETING
RIVER CHAMBAL AT KHATOLI,
KOTA, RAJASTHAN",RAJASTHAN,PARVATI,8.2,,,,,,2954,2019-06-30
"PARVATI RIVER, GUNA","MADHYA
PRADESH",PARVATI,7.0,,,,,,2109,2019-06-30
"PARVATI A/C OF
VINDHYACHAL NALLA,
PILUKHEDI","MADHYA
PRADESH",PARVATI,7.5,,,,,,2126,2019-06-30
"KHAN AT KABIT KHEDI (NEAR
INDORE) M.P.","MADHYA
PRADESH",KHAN,7.3,,,,,,1367,2019-06-30
"KHAN AT SAKKAR KHADI,
INDORE","MADHYA
PRADESH",KHAN,7.1,,,,,,2110,2019-06-30
KHAN AT SANWER,"MADHYA
PRADESH",KHAN,7.5,,,,,,2111,2019-06-30
"KSHIPRA AT RAMGHAT AT
UJJAIN, M.P.","MADHYA
PRADESH",KSHIPRA,7.6,,,,,,1369,2019-06-30
"KSHIPRA AT TRIVENISANGAM
(1 KM. D/S OF SANGAM), M.P.","MADHYA
PRADESH",KSHIPRA,7.5,,,,,,1370,2019-06-30
"KSHIPRA AT SIDDHAWAT (D/S)
OF UJJAIN., M.P.","MADHYA
PRADESH",KSHIPRA,7.7,,,,,,1468,2019-06-30
"KSHIPRA AT GAUGHAT, UJJAIN","MADHYA
PRADESH",KSHIPRA,6.9,,,,,,3315,2019-06-30
"KSHIPRA AT U/S OF
MAHIDPUR CITY, UJJAIN","MADHYA
PRADESH",KSHIPRA,7.3,,,,,,3316,2019-06-30
"KSHIPRA AT W/S INTAKE
POINT OF DEWAS, UJJAIN","MADHYA
PRADESH",KSHIPRA,7.1,,,,,,3317,2019-06-30
"BANGANGA AT U/S IDRISHPUR
(U.K.)",UTTARAKHAND,BANGANGA,7.3,,,,,,30037,2019-06-30
"SUSWA RIVER AT
MATHURAWALA, DEHRADUN",UTTARAKHAND,SUSWA,6.8,,,,,,2724,2019-06-30
BHELLA RIVER U/S KASHIPUR,UTTARAKHAND,BHELLA,6.9,,,,,,2734,2019-06-30
"BHELLA RIVER AT LOHIYA
BRIDGE D/S KASHIPUR",UTTARAKHAND,BHELLA,5.8,,,,,,2735,2019-06-30
,,NAN,7.5,,,,,,,2019-06-30
"DHELLA RIVER U/S AT
KASHIPUR MORADABAD ROAD
BRIDGE",UTTARAKHAND,DHELLA,7.1,,,,,,2732,2019-06-30
"DHELLA RIVER D/S AT
THAKURDWARA ALIGANJ
ROAD",UTTARAKHAND,DHELLA,6.8,,,,,,2733,2019-06-30
"KOSHI RIVER AT KASHIPUR
BAJPUR ROAD BRIDGE",UTTARAKHAND,KOSHI,7.1,,,,,,2731,2019-06-30
GOLA RIVER AT HALDWANI,UTTARAKHAND,GOLA,7.3,,,,,,2728,2019-06-30
"KICHHA RIVER AT KICHHA U.S.
NAGAR",UTTARAKHAND,KICHHA,6.9,,,,,,2729,2019-06-30
"PILKHAR RIVER AFTER
BILASPUR RAMPUR",UTTARAKHAND,PILKHAR,7.3,,,,,,2730,2019-06-30
"NANDOUR RIVER U/S
SITARGANJ INDUSTRIAL AREA,
US NAGAR",UTTARAKHAND,NANDOUR,7.2,,,,,,2736,2019-06-30
"NANDOUR RIVER D/S
SITARGANJ INDUSTRIAL AREA,
US NAGAR",UTTARAKHAND,NANDOUR,7.2,,,,,,2737,2019-06-30
"KALYANI RIVER AT D/S
PANTNAGAR INDUSTRIAL
AREA, US NAGAR",UTTARAKHAND,KALYANI,6.5,,,,,,3439,2019-06-30
"KALYANI RIVER AT U/S
PANTNAGAR INDL AREA, US
NAGAR",UTTARAKHAND,KALYANI,7.1,,,,,,3438,2019-06-30
"RAMGANGA AT KANNAUJ
(BEFORE CONF.), U.P","UTTAR
PRADESH",RAMGANGA,7.7,,,,,,1064,2019-06-30
"RAMGANGA AT D/S
KALAGARH DAM (U.K.)",UTTARAKHAND,RAMGANGA,7.3,,,,,,30078,2019-06-30
"RAMGANGA AT D/S SHERKOT,
KALAGARH (U.P.)","UTTAR
PRADESH",RAMGANGA,7.4,,,,,,30077,2019-06-30
,,NAN,7.5,,,,,,,2019-06-30
"RIVER KALI EAST AT
KHARKHODA-PARIKSHIT GARH
ROAD, VILL. KOL, MEERUT","UTTAR
PRADESH",RIVER,7.3,,,,,,2497,2019-06-30
"KALINADI AT U/S OF
MUZAFFAR NAGAR U.P.","UTTAR
PRADESH",KALINADI,7.1,,,,,,1477,2019-06-30
"KALINADI AT D/S OF
MUZAFFAR NAGAR, U.P.","UTTAR
PRADESH",KALINADI,7.1,,,,,,1478,2019-06-30
"KALINADI AT KANNAUJ
(BEFORE CONF.), U.P","UTTAR
PRADESH",KALINADI,7.7,,,,,,1065,2019-06-30
"BANGANGA AT D/S
SHUKRATAL (BEFORE
CONFLUENCE OF LAKSAR
DRAIN )","UTTAR
PRADESH",BANGANGA,7.1,,,,,,30038,2019-06-30
"RIVER VARUNA AT
RAMESHWAR, VARANASI","UTTAR
PRADESH",RIVER,8.2,,,,,,2482,2019-06-30
"RIVER VARUNA B/C WITH
RIVER GANGA AT VARANASI","UTTAR
PRADESH",RIVER,7.5,,,,,,2483,2019-06-30
"SAI AT UNNAO AFTER DRAIN
OUTFALL, U.P.","UTTAR
PRADESH",SAI,7.3,,,,,,1361,2019-06-30
"RIVER SAI AT JALALPUR,
JAUNPUR","UTTAR
PRADESH",RIVER,8.2,,,,,,2484,2019-06-30
"GOMTI AT SITAPUR U/S AT
WATER INTAKE, U.P.","UTTAR
PRADESH",GOMTI,7.5,,,,,,1350,2019-06-30
"GOMTI AT LUCKNOW U/S AT
WATER INTAKE POINT,","UTTAR
PRADESH",GOMTI,7.4,,,,,,1351,2019-06-30
"GOMTI AT LUCKNOW D/S,","UTTAR
PRADESH",GOMTI,7.3,,,,,,1352,2019-06-30
"GOMTI AT JAUNPUR D/S,","UTTAR
PRADESH",GOMTI,8.1,,,,,,1353,2019-06-30
"GOMTI AT VARANASI, U.P","UTTAR
PRADESH",GOMTI,8.3,,,,,,1072,2019-06-30
"RIVER GOMTI AT NEEMSAR
U/S","UTTAR
PRADESH",RIVER,7.3,,,,,,10083,2019-06-30
"RIVER GOMTI AT NEEMSAR
D/S","UTTAR
PRADESH",RIVER,7.4,,,,,,10084,2019-06-30
"RIVER GOMTI AT BHATPUR
U/S","UTTAR
PRADESH",RIVER,7.4,,,,,,10085,2019-06-30
"RIVER GOMTI AT BHATPUR
D/S","UTTAR
PRADESH",RIVER,7.5,,,,,,10086,2019-06-30
,,NAN,7.5,,,,,,,2019-06-30
"RIVER GOMTI AT GAUGHAT
U/S","UTTAR
PRADESH",RIVER,7.4,,,,,,10087,2019-06-30
"RIVER GOMTI AT GAUGHAT
D/S","UTTAR
PRADESH",RIVER,7.4,,,,,,10088,2019-06-30
"RIVER GOMTI AT MOHMEAK
U/S","UTTAR
PRADESH",RIVER,7.3,,,,,,10089,2019-06-30
"RIVER GOMTI AT MOHMEAK
D/S","UTTAR
PRADESH",RIVER,7.3,,,,,,10090,2019-06-30
"RIVER GOMTI AT PIPRAGHAT
U/S","UTTAR
PRADESH",RIVER,7.3,,,,,,10091,2019-06-30
"RIVER GOMTI AT PIPRAGHAT
D/S","UTTAR
PRADESH",RIVER,7.3,,,,,,10092,2019-06-30
"RIVER GOMTI AT GANGAGANJ
U/S","UTTAR
PRADESH",RIVER,7.3,,,,,,10093,2019-06-30
"RIVER GOMTI AT GANGAGANJ
D/S","UTTAR
PRADESH",RIVER,7.4,,,,,,10094,2019-06-30
"RIVER GOMTI AT SULTANPUR
U/S","UTTAR
PRADESH",RIVER,7.7,,,,,,10095,2019-06-30
"RIVER GOMTI AT SULTANPUR
D/S","UTTAR
PRADESH",RIVER,7.7,,,,,,10096,2019-06-30
"RIVER GOMTI AT JAUNPUR
U/S","UTTAR
PRADESH",RIVER,8.2,,,,,,10097,2019-06-30
"RIVER RAPTI AT RAJGHAT,
GORAKHPUR","UTTAR
PRADESH",RIVER,7.0,,,,,,2491,2019-06-30
"RAPTI AFTER CONFL. OF R.
HONIN NR. DOMINGARH RLY
BRIDGE, GORAKHPUR, U.P.","UTTAR
PRADESH",RAPTI,7.0,,,,,,1363,2019-06-30
"SARYU AT AYODHYA AT MAIN
BATHING GHAT, U.P.","UTTAR
PRADESH",SARYU,7.7,,,,,,1354,2019-06-30
"GHAGHARA AT DEORIA D/S,
U.P.","UTTAR
PRADESH",GHAGHARA,7.0,,,,,,1355,2019-06-30
"RIVER GHAGHARA AT
BARHALGANJ, GORAKHPUR","UTTAR
PRADESH",RIVER,6.8,,,,,,2492,2019-06-30
"GHAGHARA NEAR CHAPRA,
RIBILGANJ, SARAN",BIHAR,GHAGHARA,7.3,,,,,,1076,2019-06-30
"RIHAND AT RENUKUT U/S,
U.P.","UTTAR
PRADESH",RIHAND,8.2,,,,,,1359,2019-06-30
"RIHAND AT RENUKUT D/S,
U.P.","UTTAR
PRADESH",RIHAND,8.1,,,,,,1360,2019-06-30
,,NAN,7.5,,,,,,,2019-06-30
"SONE AT KOELWAR, BHOJPUR",BIHAR,SONE,7.0,,,,,,1075,2019-06-30
"SONE RIVER NEAR BANZARI,
ROHTAS",BIHAR,SONE,7.6,,,,,,3121,2019-06-30
"SONE RIVER AT BAHIYARA,
BHOJPUR",BIHAR,SONE,7.0,,,,,,3127,2019-06-30
"SONE RIVER AT NASIRIGANJ
DAM, ROHTAS",BIHAR,SONE,7.4,,,,,,3128,2019-06-30
"SONE AT INDRAPURI, DEHRI
ON SONE, ROHTAS",BIHAR,SONE,7.4,,,,,,2556,2019-06-30
"SONE AT OBRA, AURANGABAD",BIHAR,SONE,7.6,,,,,,4406,2019-06-30
"SONE AT WATER INTAKE
POINT BHARTIYA RAIL BIJALI
CO. LTD (BRBCL) NAVINAGAR,
AURANGABAD",BIHAR,SONE,7.7,,,,,,4407,2019-06-30
"ROAD BRIDGE-DEHRI-ON-
SONE, ROHTAS",BIHAR,ROAD,7.3,,,,,,4298,2019-06-30
"GANDAK AT SONEPUR, PATNA
(B/C GANGA), SARAN",BIHAR,GANDAK,7.5,,,,,,1078,2019-06-30
"GANDAK AT REWAGHAT,
MUJAFFARPUR",BIHAR,GANDAK,7.2,,,,,,2568,2019-06-30
"GANDAK RIVER GOPALGANJ
PIPRAKOTHI ROAD BRIDGE
(DUMARIA GHAT)",BIHAR,GANDAK,7.3,,,,,,3125,2019-06-30
"GANDAK AT KONHARA GHAT,
VAISHALI",BIHAR,GANDAK,7.8,,,,,,10126,2019-06-30
"GANDAK AT ROAD BRIDGE,
U/S HAJIPUR",BIHAR,GANDAK,7.5,,,,,,10163,2019-06-30
"SIKRANA RIVER AT LAL PARSE,
BITTIAH, EAST CHAMPARAN",BIHAR,SIKRANA,7.4,,,,,,2575,2019-06-30
"SIKRANA AT CHANPATIYA,
EAST CHAMPARAN",BIHAR,SIKRANA,7.1,,,,,,1820,2019-06-30
"SIKRANA RIVER AT LAUREA,
HARINAGAR ROAD BRIDGE",BIHAR,SIKRANA,7.5,,,,,,3134,2019-06-30
"SIKRANA AT LAURIA-
NARKATIAGANJ ROAD BRIDGE,
WEST CHAMPARAN",BIHAR,SIKRANA,7.3,,,,,,4291,2019-06-30
,,NAN,7.5,,,,,,,2019-06-30
"BURHI GANDAK AT Z ROAD
BRIDGE, SAMASTIPUR",BIHAR,BURHI,7.7,,,,,,2570,2019-06-30
"BURHI GANDAK RIVER U/S
ROAD BRIDGE MUZAFFARPUR
(NH)",BIHAR,BURHI,7.7,,,,,,3124,2019-06-30
"BURHI GANDAK AT
AKHARAGHAT, MUZAFFARPUR",BIHAR,BURHI,7.6,,,,,,2562,2019-06-30
"BURHI GANDAK AT
BARACHAKIA, EAST
CHAMPARAN",BIHAR,BURHI,7.4,,,,,,4403,2019-06-30
"BURHI GANDAK AT LAL BAGLA
GHAT, MOTIHARI DHAKA
ROAD, EAST CHAMPARAN",BIHAR,BURHI,7.2,,,,,,4300,2019-06-30
"BURHI GANDAK AT KHAGARIA
ROAD BRIDGE, KHAGARIA",BIHAR,BURHI,7.6,,,,,,4295,2019-06-30
"U/S HARBORA RIVER, WEST
CHAMPARAN",BIHAR,U,7.3,,,,,,3126,2019-06-30
"HARBORA RIVER AT
NARKATIAGANJ, WEST
CHAMPARAN",BIHAR,HARBORA,7.1,,,,,,2558,2019-06-30
"KAMLA RIVER AT BENIPATTI
(MADHUBANI)",BIHAR,KAMLA,7.4,,,,,,2567,2019-06-30
KAMLA RIVER AT DARBHANGA,BIHAR,KAMLA,7.2,,,,,,2569,2019-06-30
KAMLA RIVER AT JAYNAGAR,BIHAR,KAMLA,7.6,,,,,,3133,2019-06-30
"KAMLA AT JEEWACH GHAT,
DARBHANGA",BIHAR,KAMLA,7.3,,,,,,4299,2019-06-30
"KOSHI RIVER AT KURSHELA AT
KATIHAR",BIHAR,KOSHI,7.7,,,,,,2565,2019-06-30
KOSHI RIVER AT MADHEPURA,BIHAR,KOSHI,7.1,,,,,,2566,2019-06-30
"KOSHI RIVER AT BEERPUR,",BIHAR,KOSHI,6.5,,,,,,3137,2019-06-30
DAHA AT SIWAN,BIHAR,DAHA,7.2,,,,,,1821,2019-06-30
"DAHA RIVER D/S RAJENDRA
ROAD BRIDE SIWAN",BIHAR,DAHA,7.2,,,,,,4397,2019-06-30
"D/S DAHA RIVER AT
SASAMUSA, GOPALGANJ",BIHAR,D,7.3,,,,,,2560,2019-06-30
"DAHA RIVER AT ITWA BRIDGE,
GOPALGANJ",BIHAR,DAHA,7.3,,,,,,2561,2019-06-30
,,NAN,7.5,,,,,,,2019-06-30
DAHA RIVER AT MEERGANJ,BIHAR,DAHA,7.2,,,,,,3129,2019-06-30
"DAHA AT U/S SASAMUSA,
GOPALGANJ",BIHAR,DAHA,6.7,,,,,,4292,2019-06-30
"DHOUS AT MADHUVAPUR,
MADHUBANI",BIHAR,DHOUS,7.3,,,,,,1823,2019-06-30
"RIVER DHOUS AT
MADHWAPUR, MADHUBANI",BIHAR,RIVER,7.2,,,,,,4405,2019-06-30
"RAMREKHA RIVER AT
HARINAGAR, WEST
CHAMPARAN",BIHAR,RAMREKHA,6.2,,,,,,2559,2019-06-30
"RAMREKHA RIVER AT U/S
HARINAGAR, WEST
CHAMPARAN",BIHAR,RAMREKHA,6.7,,,,,,3130,2019-06-30
"SIRSIYA AT RAXAUL, EAST
CHAMPARAN",BIHAR,SIRSIYA,6.8,,,,,,1822,2019-06-30
"SIRSIYA RIVER D/S RAXAUL
(KOERIA TOLA), EAST
CHAMPARAN",BIHAR,SIRSIYA,6.9,,,,,,3136,2019-06-30
"BAGMATI RIVER AT
MUZAFFARPUR- SITAMARHI
ROAD BRIDGE, SITAMARHI",BIHAR,BAGMATI,7.5,,,,,,3132,2019-06-30
"BAGMATI RIVER AT
DARBANGA, SAMASTIPUR
ROAD BRIDGE,",BIHAR,BAGMATI,7.5,,,,,,3135,2019-06-30
"U/S MANUSMAR RIVER
(RIGA), SITAMARHI",BIHAR,U,7.4,,,,,,3131,2019-06-30
"MANUSMAR RIVER AT RIGA,
SITAMARHI",BIHAR,MANUSMAR,6.5,,,,,,2563,2019-06-30
"MANUSMAR AT
PARSHURAMPUR, RIGA -
BELSUND ROAD,",BIHAR,MANUSMAR,7.0,,,,,,4402,2019-06-30
"POONPUN RIVER NEAR
POONPUN RAIL BRIDGE,
PATNA",BIHAR,POONPUN,7.1,,,,,,3119,2019-06-30
"POONPUN RIVER NEAR KINZER
ROAD BRIDGE, JEHANABAD",BIHAR,POONPUN,7.6,,,,,,3120,2019-06-30
"U/S KOHRA, RAJ GHAT,
MANJHAULIA, WEST
CHAMPARAN",BIHAR,U,7.3,,,,,,4293,2019-06-30
"D/S KOHRA, RAJ GHAT,
MANJHAULIA,",BIHAR,D,6.5,,,,,,4294,2019-06-30
,,NAN,7.5,,,,,,,2019-06-30
"BICHIA, BRIDGE GOVINDGARH
ROAD","MADHYA
PRADESH",BICHIA,7.5,,,,,,2117,2019-06-30
"SANKH AT TIGRA RESERVOIR,
M.P.","MADHYA
PRADESH",SANKH,7.0,,,,,,1433,2019-06-30
"SONE AT ORIGIN
AMARKANTAK, M.P","MADHYA
PRADESH",SONE,7.4,,,,,,1610,2019-06-30
"SONE AT CHACHAI, M.P.","MADHYA
PRADESH",SONE,7.7,,,,,,1142,2019-06-30
"SONE AT AMLAI, M.P.","MADHYA
PRADESH",SONE,7.6,,,,,,1371,2019-06-30
"SONE AT DEVLOAD OUT LET
OF BANSAGAR DAM, M.P","MADHYA
PRADESH",SONE,7.7,,,,,,1612,2019-06-30
"SONE AT AMLAI, 100 METRE
D/S AFTER MIXING OF ATPS
EFFLUENT, REWA","MADHYA
PRADESH",SONE,7.7,,,,,,3327,2019-06-30
"SONE AT CHITAWAL NEAR
ROAD BRIDGE CHITRANGI,
DIST SINGROULI","MADHYA
PRADESH",SONE,7.2,,,,,,3834,2019-06-30
"SONE ON KACHAN DAM NEAR
IMILYA NORTH COAL MINES
VILL MAJHOULI, DIST
SINGROULI","MADHYA
PRADESH",SONE,7.4,,,,,,3836,2019-06-30
"SONE AT JARWAHI NEAR
ROAD BRIDGE, SHAHDOL","MADHYA
PRADESH",SONE,5.4,,,,,,3846,2019-06-30
"SONE DEORA U/S RIHAND
(M. P.)","MADHYA
PRADESH",SONE,7.6,,,,,,30082,2019-06-30
,,NAN,7.5,,,,,,,2019-06-30
"SONE NEAR BHANVARSEN
ROAD BRIDGE AFTER
CONFLUENCE OF BANAS
RIVER, DIST SIDHI","MADHYA
PRADESH",SONE,7.3,,,,,,3851,2019-06-30
"GOPAD AT NIGARI, SARAI
DIST, SINGROULI","MADHYA
PRADESH",GOPAD,7.1,,,,,,3835,2019-06-30
"GOHAD DAM, GOHAD, M.P","MADHYA
PRADESH",GOHAD,7.2,,,,,,1607,2019-06-30
"KARIYARI U/S BEFORE MIXING
WITH WASTE WATER OF M/S
J.P. CEMENT , REWA","MADHYA
PRADESH",KARIYARI,7.2,,,,,,3313,2019-06-30
"KARIYARI 100 MTR. D/S AFTER
MIXING WITH WASTE WATER
OF M/S J.P. CEMENT, REWA","MADHYA
PRADESH",KARIYARI,7.3,,,,,,3314,2019-06-30
"NEWAJ AT W/S INTAKE POINT,
SHUJALPUR, UJJAIN","MADHYA
PRADESH",NEWAJ,7.3,,,,,,3319,2019-06-30
"NEWAJ AT U/S NEAR W/S
INTAKE POINT, RAJGARH,
GUNA","MADHYA
PRADESH",NEWAJ,7.0,,,,,,3320,2019-06-30
"CHAMLA AT W/S INTAKE
POINT BADNAGAR, UJJAIN","MADHYA
PRADESH",CHAMLA,7.6,,,,,,3310,2019-06-30
"CHOUPAN AT VIJAYPUR U/S
NFL NALLA, GUNA","MADHYA
PRADESH",CHOUPAN,7.2,,,,,,3306,2019-06-30
"CHOUPAN AT VIJAYPUR 100
METRE D/S OF NFL NALLA,
GUNA","MADHYA
PRADESH",CHOUPAN,7.2,,,,,,3307,2019-06-30
"GOUR RIVER BHOGA DOOR,
JABALPUR","MADHYA
PRADESH",GOUR,7.3,,,,,,2100,2019-06-30
"JAMUNI AT BARIYAGHAT U/S
NEAR INTAKE POINT,
TIKAMGARH","MADHYA
PRADESH",JAMUNI,7.2,,,,,,3311,2019-06-30
,,NAN,7.5,,,,,,,2019-06-30
"JUMAR RIVER AT BIT MESRA,
RANCHI",JHARKHAND,JUMAR,6.5,,,,,,4085,2019-06-30
JUMAR AT KANKE DAM,JHARKHAND,JUMAR,6.5,,,,,,2396,2019-06-30
"KONAR RIVER NEAR SWANG
COAL WASHERY, BOKARO",JHARKHAND,KONAR,7.2,,,,,,3554,2019-06-30
KONAR AT TILAYA DAM,JHARKHAND,KONAR,7.1,,,,,,2388,2019-06-30
KONAR AT KONAR DAM,JHARKHAND,KONAR,7.2,,,,,,2389,2019-06-30
KONAR AT TENUGHAT DAM,JHARKHAND,KONAR,7.4,,,,,,2390,2019-06-30
"GARGA RIVER NEAR
TELMUCHO BRIDGE",JHARKHAND,GARGA,6.2,,,,,,4000,2019-06-30
"NALKARI TRIBUTARY AT
PATRATU",JHARKHAND,NALKARI,6.6,,,,,,2379,2019-06-30
"BOKARO AT ZARANGDIH
BRIDGE",JHARKHAND,BOKARO,7.2,,,,,,2381,2019-06-30
"SANKH AT BOLBA,",JHARKHAND,SANKH,7.1,,,,,,1034,2019-06-30
"DAMODAR D/S BHAIRABI AT
RAJRAPPA",JHARKHAND,DAMODAR,7.2,,,,,,2378,2019-06-30
"DAMODAR RIVER NEAR
ZARANGDIH BRIDGE, BOKARO",JHARKHAND,DAMODAR,7.5,,,,,,3555,2019-06-30
"DAMODAR RIVER NEAR
ROHINI PROJECT, NK AREA,
PO-DAKRA, RANCHI",JHARKHAND,DAMODAR,7.2,,,,,,4083,2019-06-30
"DAMODAR RIVER NEAR
TELMUCHO BRIDGE",JHARKHAND,DAMODAR,7.3,,,,,,3553,2019-06-30
"CONFLUENCE OF BOKARO &
DAMODAR RIVER NEAR
ZARANGDIH BRIDGE,",JHARKHAND,CONFLUENCE,7.4,,,,,,3556,2019-06-30
"DAMODAR RIVER NEAR
BERMO RAILWAY STATION,
BOKARO",JHARKHAND,DAMODAR,7.2,,,,,,3557,2019-06-30
"DAMODAR AT PHUSRO ROAD
BRIDGE",JHARKHAND,DAMODAR,7.4,,,,,,2382,2019-06-30
"DAMODAR AT RAMGARH
ROAD BRIDGE",JHARKHAND,DAMODAR,7.2,,,,,,2380,2019-06-30
"DAMODAR U/S JAMADOBA
WATER WORKS",JHARKHAND,DAMODAR,7.3,,,,,,2383,2019-06-30
"DAMODAR AT DOMGARH
WATER WORKS D/S SINDRI",JHARKHAND,DAMODAR,7.3,,,,,,2384,2019-06-30
,,NAN,7.5,,,,,,,2019-06-30
DAMODAR AT PANCHET DAM,JHARKHAND,DAMODAR,7.4,,,,,,2391,2019-06-30
"DAMODAR AT DISHERGARH
VILL.(NR.JHARKHAND-WEST
BENGAL BORDER) ,
BURDWAN,WEST BENGAL",WEST BENGAL,DAMODAR,7.0,,,,,,1331,2019-06-30
"DAMODAR AT D/S OF IISCO
AFTER 3RD OUTFALL AT
DHENNA VILLAGE,
BURDWAN,WEST BENGAL",WEST BENGAL,DAMODAR,7.1,,,,,,1332,2019-06-30
"DAMODAR AT NARAINPUR
AFTER CONFL. OF NUNIA
NALLAH, BURDWAN,WEST
BENGAL",WEST BENGAL,DAMODAR,7.2,,,,,,1333,2019-06-30
"DAMODAR NEAR MUJHER
MANA VILLAGE AFTER CONF.
OF TAmLA NALLAH,
BURDWAN,WEST BENGAL",WEST BENGAL,DAMODAR,7.1,,,,,,1334,2019-06-30
"RIVER DAMODAR AT ANDAL
U/S, BURDWAN",WEST BENGAL,RIVER,7.3,,,,,,10107,2019-06-30
"RIVER DAMODAR AT ANDAL
D/S, BURDWAN",WEST BENGAL,RIVER,7.2,,,,,,10108,2019-06-30
"RIVER DAMODAR AT ASANSOL
U/S, BURDWAN",WEST BENGAL,RIVER,7.4,,,,,,10109,2019-06-30
"RIVER DAMODAR AT
DURGAPUR U/S, BURDWAN",WEST BENGAL,RIVER,7.0,,,,,,10110,2019-06-30
"RIVER DAMODAR AT
RANIGANJ D/S, BURDWAN",WEST BENGAL,RIVER,7.2,,,,,,10111,2019-06-30
"DAMODAR AT WATER INTAKE
POINT FOR BURDWAN TOWN,",WEST BENGAL,DAMODAR,7.3,,,,,,2527,2019-06-30
"CHURNI D/S OF RANAGHAT
TOWN, WEST BENGAL",WEST BENGAL,CHURNI,7.4,,,,,,1764,2019-06-30
"CHURNI, MAJHADIA, NADIA",WEST BENGAL,CHURNI,7.4,,,,,,2518,2019-06-30
"DWARAKESHWAR AT WATER
INTAKE POINT FOR BANKURA
TOWN ON RIVER
DWARAKESHWAR, BANKURA",WEST BENGAL,DWARAKESHWAR,7.1,,,,,,2541,2019-06-30
"U/S OF TARAPITH ON RIVER
DWARKA AT SADHAK BAMDEB
GHAT, BIRBHUM",WEST BENGAL,U,7.1,,,,,,2531,2019-06-30
"D/S OF TARAPITH ON RIVER
DWARKA, SATIGHAT",WEST BENGAL,D,7.2,,,,,,2532,2019-06-30
,,NAN,7.5,,,,,,,2019-06-30
"BRAHAMPUTRA AT
DIBRUGARH, ASSAM",ASSAM,BRAHAMPUTRA,7.1,,,,,,1030,2019-06-30
"BRAHAMPUTRA AT
NIMATIGHAT, ASSAM",ASSAM,BRAHAMPUTRA,6.8,,,,,,1262,2019-06-30
"BRAHMPUTRA RIVER AT
DHENUKHAPAHAR, ASSAM",ASSAM,BRAHMPUTRA,6.9,,,,,,1526,2019-06-30
"BRAHAMPUTRA AT PANDU,",ASSAM,BRAHAMPUTRA,7.4,,,,,,1031,2019-06-30
"BRAHAMPUTRA AT
JOGIJHOGA NEAR BRIDGE",ASSAM,BRAHAMPUTRA,7.4,,,,,,1299,2019-06-30
"BRAHMPUTRA RIVER NEAR
WATER INTAKE POINT AT
KACHARIGHAT, PANBAZAR,
GUWAHATI, ASSAM",ASSAM,BRAHMPUTRA,7.6,,,,,,2069,2019-06-30
"BRAHMAPUTRA RIVER AT
CHANDRAPUR, GUWAHATI",ASSAM,BRAHMAPUTRA,7.2,,,,,,2064,2019-06-30
"BRAHMPUTRA RIVER AT
SUALKUCHI, DIST. KAMRUP,",ASSAM,BRAHMPUTRA,7.0,,,,,,2067,2019-06-30
"BRAHMAPUTRA RIVER AT
DHUBRI",ASSAM,BRAHMAPUTRA,7.2,,,,,,2066,2019-06-30
"BRAHAMPUTRA RIVER AT
BOGIBEEL BRIDGE, BOGIBEEL,
DIBRUGARH",ASSAM,BRAHAMPUTRA,7.4,,,,,,3781,2019-06-30
"BRAHAMPUTRA RIVER AT
BISWANATH GHAT",ASSAM,BRAHAMPUTRA,7.3,,,,,,4004,2019-06-30
,,NAN,7.5,,,,,,,2019-06-30
"BURHIDIHING AT
MARGHERITA, ASSAM",ASSAM,BURHIDIHING,7.4,,,,,,1422,2019-06-30
"BURHIDIHING NEAR DULIAJAN
AT D/S, TINSUKIA, ASSAM",ASSAM,BURHIDIHING,7.3,,,,,,2062,2019-06-30
"BURHIDIHING RIVER AT
DULIAJAN (INTAKE POINT OF
OIL INDIA LTD.), ASSAM",ASSAM,BURHIDIHING,7.3,,,,,,2230,2019-06-30
DHANSIRI AT FULL NAGARJAN,NAGALAND,DHANSIRI,7.0,,,,,,1796,2019-06-30
"DHANSIRI AT BRIDGE NEAR
PURANA BAZAAR, NAGALAND",NAGALAND,DHANSIRI,6.8,,,,,,1797,2019-06-30
DHANSIRI AT NUTON BASTI,NAGALAND,DHANSIRI,6.8,,,,,,1800,2019-06-30
"DHANSIRI AT NEAR CHECK
GATE (DIMAPUR KHUTKHUTI
ROAD)",NAGALAND,DHANSIRI,7.0,,,,,,1798,2019-06-30
"DHANSIRI AT GOLAGHAT,
ASSAM",ASSAM,DHANSIRI,6.9,,,,,,1259,2019-06-30
"DHANSIRI AT TOWN
BOUNDARY BRIDGE (DIPHU
ROAD)",NAGALAND,DHANSIRI,7.0,,,,,,1799,2019-06-30
"DHANSIRI AT NAGALAND-
ASSAM BORDER, DIMAPUR",NAGALAND,DHANSIRI,7.2,,,,,,1928,2019-06-30
"DHANSIRI RIVER NEAR BRIDGE
AT NH-15, DHANSIRI
BHALUKMARI JUNGLE,
UDALGURI",ASSAM,DHANSIRI,7.3,,,,,,3764,2019-06-30
"DHANSIRI RIVER AT
JAHAIGHAT",ASSAM,DHANSIRI,6.9,,,,,,3792,2019-06-30
"DIBANG RIVER AT ROING,","ARUNACHAL
PRADESH",DIBANG,7.0,,,,,,3106,2019-06-30
"DIHING RIVER AT MIAO,","ARUNACHAL
PRADESH",DIHING,6.8,,,,,,3107,2019-06-30
"DIKRONG RIVER AT NIRJULI,","ARUNACHAL
PRADESH",DIKRONG,7.0,,,,,,3096,2019-06-30
"DIKRONG RIVER NEAR
BRIDGE AT NH-52,",ASSAM,DIKRONG,7.3,,,,,,3759,2019-06-30
"GAI NADI/ RIVER AT
SOMARAJAN, DHEMAJI",ASSAM,GAI,7.0,,,,,,3786,2019-06-30
"GAI NADI NEAR HSS LIKABALI,","ARUNACHAL
PRADESH",GAI,7.1,,,,,,3105,2019-06-30
,,NAN,7.5,,,,,,,2019-06-30
"DIGARU RIVER AT NH
CROSSING",ASSAM,DIGARU,6.7,,,,,,3807,2019-06-30
"DIGBOI RIVER AT LAKHIPATHE,
RESERVE FOREST, DIGBOI,
ASSAM",ASSAM,DIGBOI,6.9,,,,,,1530,2019-06-30
"DIKHOW RIVER AT DIKHOW
BRIDGE SIVASAGAR, ASSAM",ASSAM,DIKHOW,6.9,,,,,,2231,2019-06-30
"DIKHOW RIVER AT NAGINI
MORA (INTER-STATE
BOUNDARIES, ASSAM-
NAGALAND)",ASSAM,DIKHOW,6.7,,,,,,3776,2019-06-30
"DIKHOW RIVER AT
DIKHOMUKH CONFLUENCE
WITH BRAHAMPUTRA",ASSAM,DIKHOW,7.0,,,,,,3778,2019-06-30
"DIPLAI BEEL AT SILGARA,
KOKRAJHAR",ASSAM,DIPLAI,6.6,,,,,,3821,2019-06-30
"DISANG AT GUNDAMGHAT,",ASSAM,DISANG,6.7,,,,,,1298,2019-06-30
"DISANG RIVER AT DILLIGHAT,
DIBRUGARH",ASSAM,DISANG,7.0,,,,,,2058,2019-06-30
"DISANG RIVER AT NH
CROSSING",ASSAM,DISANG,3.6,,,,,,4005,2019-06-30
"GABHARU RIVER NEAR
BRIDGE AT NH-52, NEAR
TUMIUKI, SONITPUR",ASSAM,GABHARU,7.5,,,,,,3763,2019-06-30
"LONGALAI RIVER NEAR
CALCOM CEMENT PLANT",ASSAM,LONGALAI,6.7,,,,,,4010,2019-06-30
"TOCKLAI RIVER NEAR BRIDGE
AT JORHAT",ASSAM,TOCKLAI,6.8,,,,,,4011,2019-06-30
TUNIA RIVER AT D/S BRPL,ASSAM,TUNIA,7.0,,,,,,4012,2019-06-30
"LARSING RIVER NEAR LOCL
DEPO AT MOINARBOND",ASSAM,LARSING,7.1,,,,,,4329,2019-06-30
"DOWNSTREAM OF
DHATESHWARI RIVER AT
HAILAKANDI",ASSAM,DOWNSTREAM,6.4,,,,,,4331,2019-06-30
"DEMOW RIVER DEMOW
TOWN",ASSAM,DEMOW,7.1,,,,,,4332,2019-06-30
"BORSILA RIVER AT BORSILA,
DEOPANI, NAMTI",ASSAM,BORSILA,7.0,,,,,,4336,2019-06-30
"BARNADI RIVER NEAR BRIDGE,
NH-52, DUMUNICHOWKI
KAMRUP",ASSAM,BARNADI,7.1,,,,,,4341,2019-06-30
,,NAN,7.5,,,,,,,2019-06-30
"BARALIA RIVER (NEAR
CHATPUJA GHAT) RANGIA,
KAMRUP (R )",ASSAM,BARALIA,6.8,,,,,,4342,2019-06-30
"BURADIA RIVER (NEAR BRIDGE
ALONG NH-31) NALBARI",ASSAM,BURADIA,7.4,,,,,,4343,2019-06-30
"TIHU RIVER (NEAR BRIDGE
ALONG NH-31) TIHU, NALBARI",ASSAM,TIHU,7.5,,,,,,4344,2019-06-30
"SINGRA RIVER (NEAR BRIDGE
ALONG NH-37) BOKO,
KAMRUP (R )",ASSAM,SINGRA,7.1,,,,,,4345,2019-06-30
"DAMRING RIVER (KRISHNEI
RIVER) AT RESUBELPARA",MEGHALAYA,DAMRING,6.8,,,,,,3380,2019-06-30
"MANDA RIVER (DUDHAI
RIVER) AT JAMPA,",MEGHALAYA,MANDA,5.9,,,,,,3381,2019-06-30
"MANDA RIVER (DUDHAI
RIVER) AT WAGAISI",MEGHALAYA,MANDA,6.8,,,,,,3382,2019-06-30
"DIKCHU B/c WITH TEESTA
NEAR NHPC HYDROELECTRIC
POWER PROJECT",SIKKIM,DIKCHU,6.5,,,,,,1802,2019-06-30
DZU D/S KOHIMA TOWN,NAGALAND,DZU,7.6,,,,,,1930,2019-06-30
"CHATHE AT MEDZIPHEMA,
DIMAPUR",NAGALAND,CHATHE,7.3,,,,,,1929,2019-06-30
"CHATHE RIVER NEAR
CHRISTIAN INSTITUTE OF
HEALTH SCIENCES AND
RESEARCH (CIHSR), DIMAPUR",NAGALAND,CHATHE,7.5,,,,,,2888,2019-06-30
DZUCHA RU IN KOHIMA,NAGALAND,DZUCHA,7.4,,,,,,2891,2019-06-30
DZUNA RU IN KOHIMA,NAGALAND,DZUNA,7.0,,,,,,2889,2019-06-30
"DZUNA RU IN KOHIMA,
ADJOINING THE NEW KOHIMA
MUNICIPAL COUNCIL SOLID
WASTE MANAGEMENT SITE,",NAGALAND,DZUNA,7.3,,,,,,2892,2019-06-30
"DZUNA RU (CONFLUENCE OF
DZUCHA & DZUNA RU) IN
KOHIMA",NAGALAND,DZUNA,7.4,,,,,,2893,2019-06-30
"RIVER TORSA D/S OF
GHUGHUMARI",WEST BENGAL,RIVER,7.1,,,,,,4719,2019-06-30
RIVER TORSA AT HASIMARA,WEST BENGAL,RIVER,6.2,,,,,,4724,2019-06-30
,,NAN,7.5,,,,,,,2019-06-30
"MAHI (D/S) CONF WITH R.
CHAP (UNDER SAGWARA-
SARHI RD. BDG.), RAJASTHAN",RAJASTHAN,MAHI,7.9,,,,,,1232,2019-06-30
MAHI AT MUJPUR,GUJARAT,MAHI,7.7,,,,,,1864,2019-06-30
"MAHI AT BADNAWAR, M.P.","MADHYA
PRADESH",MAHI,8.0,,,,,,1233,2019-06-30
MAHI AT SEVALIA,GUJARAT,MAHI,7.6,,,,,,4,2019-06-30
MAHI AT VASAD,GUJARAT,MAHI,7.6,,,,,,5,2019-06-30
"MAHI NEAR RAJASTHAN
BORDER AT KADANA DAM,",GUJARAT,MAHI,7.5,,,,,,1229,2019-06-30
"MAHI AFTER CONF. WITH
ANAS AT PARDI
(BANASWADA),",GUJARAT,MAHI,7.8,,,,,,1230,2019-06-30
"MAHI AT VIRPUR,",GUJARAT,MAHI,7.5,,,,,,1231,2019-06-30
MAHI AT UMETA BRIDGE,GUJARAT,MAHI,7.8,,,,,,1863,2019-06-30
MAHI AT SHERKHI BRIDGE,GUJARAT,MAHI,7.2,,,,,,3206,2019-06-30
"MAHI AT RANISINGH VILLAGE,
RATLAM, UJJAIN","MADHYA
PRADESH",MAHI,7.4,,,,,,3318,2019-06-30
"ANAS RIVER NEAR ROAD
BRIDGE JHABUA","MADHYA
PRADESH",ANAS,7.8,,,,,,3848,2019-06-30
"ANAS AT DAHOD,
(KUSHALGARH), DIST.
PANCHMAHAL",GUJARAT,ANAS,7.5,,,,,,1228,2019-06-30
MALEI AT JAORA,"MADHYA
PRADESH",MALEI,7.2,,,,,,2104,2019-06-30
"SHIVNA AT RAMGHAT,
MANDSAUR","MADHYA
PRADESH",SHIVNA,7.4,,,,,,2102,2019-06-30
"PANAM AT LUNAWADA,",GUJARAT,PANAM,7.4,,,,,,1227,2019-06-30
,,NAN,7.5,,,,,,,2019-06-30
"SABARMATI AT KHEROJ
BRIDGE,",GUJARAT,SABARMATI,7.5,,,,,,1221,2019-06-30
"SABARMATI AFTER CONF.
WITH MESHWA AT VAUTHA
(NEAR DHOKLA),",GUJARAT,SABARMATI,7.3,,,,,,1223,2019-06-30
"SABARMATI AT RAILWAY
BRIDGE AHMEDABAD,",GUJARAT,SABARMATI,7.4,,,,,,1409,2019-06-30
"SABARMATI RIVER AT
HANSAOL BRIDGE,",GUJARAT,SABARMATI,7.4,,,,,,1866,2019-06-30
SABARMATI AT DHAROI DAM,GUJARAT,SABARMATI,6.1,,,,,,1,2019-06-30
"SABARMATI AT AHMEDABAD
AT V.N. BRIDGE",GUJARAT,SABARMATI,6.9,,,,,,2,2019-06-30
"SABARMATI AT GANDHI
NAGAR CHILODA BRIDGE,
LEKAWADA,",GUJARAT,SABARMATI,7.6,,,,,,1407,2019-06-30
"SABARMATI AT VILL. MIROLI
TALUKA DASCROI,",GUJARAT,SABARMATI,7.2,,,,,,1408,2019-06-30
"SABARMATI AT MAHUDI JAIN
TEMPLE, 150 KM. FORM
ORIGIN,",GUJARAT,SABARMATI,8.3,,,,,,1482,2019-06-30
"DHAROI DAM, DIST.
MEHSANA.",GUJARAT,DHAROI,7.7,,,,,,2075,2019-06-30
,,NAN,7.5,,,,,,,2019-06-30
"NARMADA AT MANDLA NEAR
ROAD BDG. M.P.","MADHYA
PRADESH",NARMADA,7.3,,,,,,1241,2019-06-30
NARMADA AT NARSINGHPUR,"MADHYA
PRADESH",NARMADA,7.2,,,,,,1240,2019-06-30
NARMADA AT NEMAWAR,"MADHYA
PRADESH",NARMADA,7.3,,,,,,2106,2019-06-30
"NARMADA AT
MANDLESHWAR","MADHYA
PRADESH",NARMADA,7.6,,,,,,45,2019-06-30
"NARMADA AT BADWANI,","MADHYA
PRADESH",NARMADA,7.8,,,,,,1239,2019-06-30
"NARMADA AT MAHESHWAR,","MADHYA
PRADESH",NARMADA,7.8,,,,,,1431,2019-06-30
"NARMADA LALPUR, JABALPUR","MADHYA
PRADESH",NARMADA,7.3,,,,,,2099,2019-06-30
"NARMADA AT HOSHANGABAD
U S M.P.","MADHYA
PRADESH",NARMADA,7.4,,,,,,1234,2019-06-30
"NARMADA NEAR MORTAKKA
BRIDGE, BADWAH","MADHYA
PRADESH",NARMADA,7.9,,,,,,2112,2019-06-30
NARMADA AT SETHANIGHAT,"MADHYA
PRADESH",NARMADA,7.7,,,,,,44,2019-06-30
"NARMADA AT HOSHANGABAD
D S M.P.","MADHYA
PRADESH",NARMADA,7.4,,,,,,1235,2019-06-30
"NARMADA NEAR PUNASA
DAM, PUNASA","MADHYA
PRADESH",NARMADA,7.9,,,,,,2113,2019-06-30
"NARMADA AT D S OF
OMKARESHWAR M.P.","MADHYA
PRADESH",NARMADA,7.9,,,,,,1430,2019-06-30
"NARMADA AT MANDLA, NEAR
SHAMSHANGHAT, JABALPUR","MADHYA
PRADESH",NARMADA,7.2,,,,,,3322,2019-06-30
"NARMADA AT LALPUR, NEAR
WATER SUPPLY INTAKE POINT,
JABALPUR","MADHYA
PRADESH",NARMADA,7.3,,,,,,3323,2019-06-30
"NARMADA AT
PANCHWATIGHAT, BEFORE
MIXING WITH BAWANGANGA
RIVER, JABALPUR","MADHYA
PRADESH",NARMADA,7.2,,,,,,3324,2019-06-30
"NARMADA AT
SARSWATIGHAT, AFTER
MIXING WITH BAWANGANGA
RIVER, JABALPUR","MADHYA
PRADESH",NARMADA,7.1,,,,,,3325,2019-06-30
"NARMADA RIVER AT D/S OF
KAPILDHARA","MADHYA
PRADESH",NARMADA,7.6,,,,,,2118,2019-06-30
,,NAN,7.5,,,,,,,2019-06-30
"NARMADA AT KORIGHAT
HOSHANGABAD","MADHYA
PRADESH",NARMADA,8.0,,,,,,2123,2019-06-30
"SIMRAR AT KATNI NEAR ACC
W/S INTAKE POINT, JABALPUR","MADHYA
PRADESH",SIMRAR,7.4,,,,,,3326,2019-06-30
"HIRAN, NH 7 ROAD BRIDGE,
SIHORA, DIST JABALPUR","MADHYA
PRADESH",HIRAN,7.2,,,,,,3828,2019-06-30
"HIRAN, NH -12 ROAD BRIDGE
VIL VIKRAMPUR ,DIST
NARSINGPUR","MADHYA
PRADESH",HIRAN,7.0,,,,,,3829,2019-06-30
"NARMADA RIVER AT
DHARAMPURI","MADHYA
PRADESH",NARMADA,7.5,,,,,,3847,2019-06-30
NARMADA AT GARUDESHWAR,GUJARAT,NARMADA,7.5,,,,,,7,2019-06-30
"NARMADA AT PANETHA,",GUJARAT,NARMADA,7.6,,,,,,1244,2019-06-30
"NARMADA AT CHANDOD,",GUJARAT,NARMADA,7.0,,,,,,1245,2019-06-30
"NARMADA AT ZANOR (NTPC),
BHARUCH",GUJARAT,NARMADA,7.6,,,,,,1981,2019-06-30
"NARMADA AT BHARUCH,
ZADESHVAR,",GUJARAT,NARMADA,7.7,,,,,,1243,2019-06-30
"TAPI AT NEPA NAGAR 100
METRE D/S AFTER MIXING
PANDHAR NALLA","MADHYA
PRADESH",TAPI,7.8,,,,,,2115,2019-06-30
TAPI AT NEPANAGAR,"MADHYA
PRADESH",TAPI,7.8,,,,,,9,2019-06-30
TAPI AT BURHANPUR,"MADHYA
PRADESH",TAPI,8.0,,,,,,10,2019-06-30
TAPI AT HATNUR M.P.,"MADHYA
PRADESH",TAPI,7.8,,,,,,1250,2019-06-30
"TAPI AT AJAND VILLAGE,
RAVER, JALGAON",MAHARASHTRA,TAPI,6.2,,,,,,1313,2019-06-30
"RANGAVALI D/S OF NAVAPUR,
NANDURBAR",MAHARASHTRA,RANGAVALI,6.5,,,,,,1907,2019-06-30
"TAPI AT UBAD
VILLAGE,SHAHADA,
NANDURBAR",MAHARASHTRA,TAPI,6.3,,,,,,1314,2019-06-30
"TAPI AT BHUSAWAL U/S,
BHUSAWAL RAILWAY
COLONY, BHUSAWAL,
JALGAON",MAHARASHTRA,TAPI,6.3,,,,,,1251,2019-06-30
"TAPI AT UKAI, SHERULA
BRIDGE",GUJARAT,TAPI,7.2,,,,,,46,2019-06-30
"TAPI AT MANDAVI,",GUJARAT,TAPI,7.4,,,,,,1247,2019-06-30
"TAPI RIVER NEAR BARDOLI
(KAPP BRIDGE) BARDOLI",GUJARAT,TAPI,7.3,,,,,,1983,2019-06-30
"TAPI AT KATHORE, (NH-8
BRIDGE)",GUJARAT,TAPI,7.4,,,,,,47,2019-06-30
"TAPI AT SURAT U/S KATHORE,",GUJARAT,TAPI,7.3,,,,,,1248,2019-06-30
"TAPI AT RANDER BRIDGE,
SURAT",GUJARAT,TAPI,7.2,,,,,,1982,2019-06-30
"TAPI RIVER AT ONGC BRIDGE
AT SURAT, DIST. SURAT",GUJARAT,TAPI,6.9,,,,,,2071,2019-06-30
,,NAN,7.5,,,,,,,2019-06-30
"KIM RIVER AT SAHOL BRIDGE,
OLPAD HANSOT ROAD, DIST.
SURAT",GUJARAT,KIM,7.3,,,,,,2070,2019-06-30
"DENWA NEAR SARNI, ROAD
BRIDGE","MADHYA
PRADESH",DENWA,7.9,,,,,,2127,2019-06-30
"AMRAVATI AT VILLAGE
DADHAL , TA ANKLESHWAR,
BHARUCH",GUJARAT,AMRAVATI,7.7,,,,,,3203,2019-06-30
"AMRAVATI RIVER D/S OF
DONDAICHA, DHULE, DHULE",MAHARASHTRA,AMRAVATI,7.9,,,,,,2652,2019-06-30
"BORI RIVER D/S OF AMALNER,
JALGAON, JALGAON",MAHARASHTRA,BORI,7.2,,,,,,2658,2019-06-30
"BURAI RIVER BEFORE
CONFLUECE TO TAPI RIVER,
MUKUDAS, DHULE",MAHARASHTRA,BURAI,7.4,,,,,,2659,2019-06-30
GIRNA AT JALGAON,MAHARASHTRA,GIRNA,7.2,,,,,,1252,2019-06-30
"GIRNA AT MALEGAON
(MANMAD), NASHIK",MAHARASHTRA,GIRNA,7.3,,,,,,1253,2019-06-30
"GOMAI RIVER D/S OF
SHAHADA, DHULE",MAHARASHTRA,GOMAI,7.8,,,,,,2666,2019-06-30
"HIWARA RIVER D/S OF
PACHORA, JALGAON",MAHARASHTRA,HIWARA,7.1,,,,,,2667,2019-06-30
"MOR RIVER NEAR PADALSHE,
JALGAON",MAHARASHTRA,MOR,7.1,,,,,,2674,2019-06-30
"MORNA RIVER AT D/S
RAILWAY BRIDGE, AKOLA,
AKOLA , AKOLA",MAHARASHTRA,MORNA,7.6,,,,,,2675,2019-06-30
"PANZARA RIVER NEAR
PANZARAKAN SSK LTD,
PANZARA, DHULE",MAHARASHTRA,PANZARA,7.2,,,,,,2684,2019-06-30
"PEDHI RIVER NEAR ROAD
BRIDGE AT DADHI-PEDHI
VILLAGE, BHATKULI,",MAHARASHTRA,PEDHI,7.8,,,,,,2695,2019-06-30
"PURNA AT DHUPESHWAR,
MALKAPUR, AKOLA",MAHARASHTRA,PURNA,7.8,,,,,,1913,2019-06-30
"PURNA RIVER NEAR
ACHALPUR-AMRAVATI ROAD
BRIDGE, ASEGAON, CHANDUR
BAZAR, AMRAVATI",MAHARASHTRA,PURNA,7.4,,,,,,2700,2019-06-30
"PURNA RIVER A/C OF MORNA,
ANDURA VILLAGE, BALAPUR,",MAHARASHTRA,PURNA,7.8,,,,,,2155,2019-06-30
,,NAN,7.5,,,,,,,2019-06-30
"MAHANADI AT SIHAWA,
CHHATISGARH.",CHHATTISGARH,MAHANADI,7.2,,,,,,1851,2019-06-30
"MAHANADI AT RUDRI U/S AT
DHAMTORI RESERVOIR,
CHHATISGARH.",CHHATTISGARH,MAHANADI,7.2,,,,,,1264,2019-06-30
"MAHANADI AT U/S OF RAJIM,
CHHATISGARH.",CHHATTISGARH,MAHANADI,7.3,,,,,,1099,2019-06-30
"MAHANADI AT ARRANG,
RAIPUR, CHHATISGARH.",CHHATTISGARH,MAHANADI,7.8,,,,,,1852,2019-06-30
"MAHANADI AT KHARAD,
CHHATISGARH.",CHHATTISGARH,MAHANADI,8.0,,,,,,1100,2019-06-30
"MAHANADI AT
SHEORINARAYAN VILLAGE,
CHHATISGARH.",CHHATTISGARH,MAHANADI,8.4,,,,,,1282,2019-06-30
"MAHANADI AFTER CONFL.
WITH RIVER MAND,
CHHATISGARH.",CHHATTISGARH,MAHANADI,7.6,,,,,,1467,2019-06-30
"MAHANADI AT DOWNSTREAM
OF HASDEO RIVER NEAR URGA
VILLAGE KORBA,
CHHATISGARH.",CHHATTISGARH,MAHANADI,7.1,,,,,,3168,2019-06-30
"MAHANADI AT INTERSTATE
BOUNDRY, CHHATISGARH.",CHHATTISGARH,MAHANADI,7.1,,,,,,1101,2019-06-30
"MAHANADI AT HIRAKUD
RESERVOIR",ODISHA,MAHANADI,7.3,,,,,,1281,2019-06-30
,,NAN,7.5,,,,,,,2019-06-30
"MAHANADI AT SAMBALPUR
U/S",ODISHA,MAHANADI,6.7,,,,,,1270,2019-06-30
"MAHANADI AT SAMBALPUR
D/S",ODISHA,MAHANADI,6.7,,,,,,1271,2019-06-30
"MAHANADI AT SAMBHALPUR
FD/s AT HUMA",ODISHA,MAHANADI,7.0,,,,,,2405,2019-06-30
"MAHANADI D/S (AFTER
CONFL. WITH R. ONG
SONEPUR U/S)",ODISHA,MAHANADI,7.0,,,,,,1272,2019-06-30
"MAHANADI A/c WITH TEL
(SONEPUR D/S)",ODISHA,MAHANADI,7.0,,,,,,1274,2019-06-30
"MAHANADI POWER CHANNEL
D/S NEAR BURLA",ODISHA,MAHANADI,6.6,,,,,,2404,2019-06-30
"MAHANADI AT MUNDALI
(WATER INTAKE POINT OF
BHUBANESWAR CITY)",ODISHA,MAHANADI,6.6,,,,,,2406,2019-06-30
"MAHANADI AT SAMBALPUR
FD/S T SHANKARMATH",ODISHA,MAHANADI,7.0,,,,,,3887,2019-06-30
MAHANADI AT TIKARPADA,ODISHA,MAHANADI,6.7,,,,,,1275,2019-06-30
MAHANADI AT NARSINGHPUR,ODISHA,MAHANADI,6.6,,,,,,1276,2019-06-30
MAHANADI AT CUTTACK U/S,ODISHA,MAHANADI,6.7,,,,,,1277,2019-06-30
MAHANADI AT CUTTACK D/S,ODISHA,MAHANADI,6.9,,,,,,1278,2019-06-30
"MAHANADI POWER CHANNEL
U/S",ODISHA,MAHANADI,7.2,,,,,,3888,2019-06-30
"MAHANADI AT CUTTACK FD/S
AT GATIRAUTAPATNA",ODISHA,MAHANADI,6.9,,,,,,3890,2019-06-30
"MAHANADI AT PARADEEP U/S
(BEFORE INDUSTRIAL ACTIVITY
AT PARADEEP)",ODISHA,MAHANADI,6.8,,,,,,2407,2019-06-30
MAHANADI AT PARADEEP D/s,ODISHA,MAHANADI,7.1,,,,,,1639,2019-06-30
,,NAN,7.5,,,,,,,2019-06-30
"SEONATH AT U/S
RAJNANDGAON,",CHHATTISGARH,SEONATH,7.3,,,,,,1107,2019-06-30
"SEONATH AT SHIMGA AFTER
CONFL. WITH R. KHAROON,",CHHATTISGARH,SEONATH,7.4,,,,,,1266,2019-06-30
"SEONATH RIVER WATER
SUPPLY WELL, DURG,
CHHATISGARH.",CHHATTISGARH,SEONATH,7.2,,,,,,1845,2019-06-30
"SEONATH AT JHINGHRI
VILLAGE, A/C OF SAMODA
NALLA, CHHATISGARH.",CHHATTISGARH,SEONATH,7.4,,,,,,3166,2019-06-30
"SEONATH AT RAJNANDGAON,
D/S AT MOHAD,
RAJNANDGAON,
CHHATISGARH.",CHHATTISGARH,SEONATH,7.2,,,,,,3167,2019-06-30
"KHAROON AT RAIPUR U/S,
CHHATISGARH.",CHHATTISGARH,KHAROON,7.0,,,,,,1265,2019-06-30
"KHAROON RIVER A/C KHAPRI
DRAIN, CHHATISGARH.",CHHATTISGARH,KHAROON,7.2,,,,,,1846,2019-06-30
"KHAROON RIVER B/C KHAPRI
DRAIN, DURG, RAIPUR ROAD
BRIDGE, CHHATISGARH.",CHHATTISGARH,KHAROON,7.4,,,,,,1847,2019-06-30
"KHAROON RIVER BUNDRI,
RAIPUR, CHHATISGARH.",CHHATTISGARH,KHAROON,7.2,,,,,,1853,2019-06-30
"HASDEO AT U/S KORBA,",CHHATTISGARH,HASDEO,7.1,,,,,,1105,2019-06-30
HASDEO AT U/S OF CHAMPA,CHHATTISGARH,HASDEO,8.3,,,,,,1106,2019-06-30
"HASDEO RIVER 100 METER
DOWNSTREAM AFTER
CONFLUENCE OF DENGUR
NALLAH NERA C.S.E.B. EAST
GUEST HOUSE, KORBA,",CHHATTISGARH,HASDEO,7.0,,,,,,3165,2019-06-30
"HASDEO AT DRINKING WATER
INTAKE WELL OF MUNICIPAL
CO. KORBA (BEFORE
TREATMENT) AT KOHADIA
VILLAGE, CHHATISGARH.",CHHATTISGARH,HASDEO,7.1,,,,,,3169,2019-06-30
"HASDEO AT DRINKING WATER
INTAKE WELL OF MUNICIPAL
CO. KORBA (AFTER
TREATMENT) AT KOHADIA
VILLAGE, CHHATISGARH.",CHHATTISGARH,HASDEO,7.1,,,,,,3170,2019-06-30
,,NAN,7.5,,,,,,,2019-06-30
IB AT SUNDARGARH,ODISHA,IB,6.7,,,,,,1267,2019-06-30
IB AT JHARSUGUDA (INTAKE),ODISHA,IB,6.5,,,,,,1268,2019-06-30
"IB AT BRAJARAJNAGAR
(INTAKE) D/S",ODISHA,IB,6.9,,,,,,1269,2019-06-30
IB AT BRAJARAJNAGAR U/S,ODISHA,IB,6.7,,,,,,1300,2019-06-30
"SERUA AT CUTTACK FD/s
(SERUA) AT SANKHATRASA",ODISHA,SERUA,6.8,,,,,,2409,2019-06-30
"KUAKHAI AT BHUBANESWAR
U/s",ODISHA,KUAKHAI,6.8,,,,,,1279,2019-06-30
"KUAKHAI AT BHUBANESWAR
D/s",ODISHA,KUAKHAI,6.8,,,,,,1280,2019-06-30
"KUAKHAI AT BHUBANESWAR
FU/s",ODISHA,KUAKHAI,6.6,,,,,,2410,2019-06-30
KATHAJODI AT CUTTACK D/s,ODISHA,KATHAJODI,7.0,,,,,,1301,2019-06-30
BIRUPA AT CHOUDWAR D/s,ODISHA,BIRUPA,6.8,,,,,,1640,2019-06-30
"ARPA RIVER D/S OF BILASPUR,
CHHATISGARH.",CHHATTISGARH,ARPA,8.0,,,,,,1848,2019-06-30
"KELO RIVER U/S OF RAIGARH,
CHHATISGARH.",CHHATTISGARH,KELO,7.1,,,,,,1849,2019-06-30
"KELO RIVER D/S OF RAIGARH,
CHHATISGARH.",CHHATTISGARH,KELO,7.1,,,,,,1850,2019-06-30
"DAYA AT BHUBANESWAR FD/s
( 2 KM AFTER CONFLUENCE OF
GANGUA NALLAH WITH RIVER
DAYA)",ODISHA,DAYA,6.7,,,,,,2411,2019-06-30
KATHAJODI AT CUTTACK U/s,ODISHA,KATHAJODI,7.0,,,,,,3891,2019-06-30
"KATHJODI AT CUTTACK FD/s
AT MATTAGAJPUR",ODISHA,KATHJODI,6.6,,,,,,3892,2019-06-30
"KATHJODI AT CUTTACK FD/s
AT KAMASASAN",ODISHA,KATHJODI,6.6,,,,,,3893,2019-06-30
DAYA AT GELAPUR,ODISHA,DAYA,6.7,,,,,,3894,2019-06-30
DAYA AT KANAS,ODISHA,DAYA,6.9,,,,,,3895,2019-06-30
GOBARI AT KENDRAPARA U/s,ODISHA,GOBARI,7.0,,,,,,3900,2019-06-30
GOBARI AT KENDRAPARA D/s,ODISHA,GOBARI,6.4,,,,,,3901,2019-06-30
DEVI AT MACCHGAON,ODISHA,DEVI,6.7,,,,,,3902,2019-06-30
"GANGUA NEAR RAJDHANI
ENGINEERING COLLEGE",ODISHA,GANGUA,6.5,,,,,,3896,2019-06-30
GANGUA AT PALASUNI,ODISHA,GANGUA,6.6,,,,,,3897,2019-06-30
GANGUA AT SAMANTARAPUR,ODISHA,GANGUA,6.5,,,,,,3898,2019-06-30
GANGUA AT VADIMULA,ODISHA,GANGUA,6.7,,,,,,3899,2019-06-30
,,NAN,7.5,,,,,,,2019-06-30
"KUSHABHADRA AT
BHINGARPUR",ODISHA,KUSHABHADRA,6.7,,,,,,3903,2019-06-30
KUSHABHADRA AT NIMAPARA,ODISHA,KUSHABHADRA,6.8,,,,,,3904,2019-06-30
KUSHABHADRA AT GOP,ODISHA,KUSHABHADRA,6.9,,,,,,3905,2019-06-30
"MANGALA AT PURI U/s
MALATIPATPUR",ODISHA,MANGALA,6.5,,,,,,3906,2019-06-30
"MANGALA AT PURI D/s
GOLASAHI",ODISHA,MANGALA,6.7,,,,,,3907,2019-06-30
BHARGAVI AT CHANDANPUR,ODISHA,BHARGAVI,6.5,,,,,,3908,2019-06-30
"KANSARI RIVER AT BANAPUR
ROAD NEAR
PURUSHOTTAMPUR",ODISHA,KANSARI,6.6,,,,,,3909,2019-06-30
"BADASANKHA NADI NEAR
LANGALESWAR",ODISHA,BADASANKHA,6.6,,,,,,3910,2019-06-30
"RATNACHIRA NADI AT
KUMARADIHI",ODISHA,RATNACHIRA,6.6,,,,,,3911,2019-06-30
NUNA NADI AT BIJIPUR,ODISHA,NUNA,6.8,,,,,,3912,2019-06-30
"KUSUMI NADI NEAR TANGI
(LAXMIDHARA PUR)",ODISHA,KUSUMI,6.6,,,,,,3913,2019-06-30
"SABULIA NADI NEAR RAMBHA
(AT JAGANNATHPATNA)",ODISHA,SABULIA,6.8,,,,,,3914,2019-06-30
"SANKHA U/s ( D/S OF
MANDIRA DAM)",ODISHA,SANKHA,6.6,,,,,,2412,2019-06-30
,,NAN,7.5,,,,,,,2019-06-30
BAITARNI AT JODA,ODISHA,BAITARNI,6.8,,,,,,1081,2019-06-30
BAITARNI AT ANANDPUR,ODISHA,BAITARNI,6.7,,,,,,1082,2019-06-30
BAITARNI AT JAJPUR,ODISHA,BAITARNI,7.1,,,,,,1083,2019-06-30
BAITARNI AT DHAMRA,ODISHA,BAITARNI,7.0,,,,,,1085,2019-06-30
BAITARNI RIVER AT NAIGARH,ODISHA,BAITARNI,6.3,,,,,,3935,2019-06-30
"BAITARNI RIVER AT
UNCHABALI",ODISHA,BAITARNI,6.8,,,,,,3936,2019-06-30
BAITARNI RIVER AT TRIBINDHA,ODISHA,BAITARNI,6.6,,,,,,3938,2019-06-30
BAITARNI RIVER AT CHAMPUA,ODISHA,BAITARNI,6.5,,,,,,3937,2019-06-30
BAITARNI AT CHANDBALI U/s,ODISHA,BAITARNI,7.0,,,,,,1084,2019-06-30
"RIVER BAITARNI AT
CHANDBALI D/S",ODISHA,RIVER,7.0,,,,,,10018,2019-06-30
SALANDI AT BHADRAK U/s,ODISHA,SALANDI,6.8,,,,,,3940,2019-06-30
SALANDI AT BHADRAK D/s,ODISHA,SALANDI,6.9,,,,,,3941,2019-06-30
"KUSEI BEFORE JOINING WITH
BAITARANI RIVER AT
ANANDPUR, DEOGAON",ODISHA,KUSEI,6.8,,,,,,2421,2019-06-30
,,NAN,7.5,,,,,,,2019-06-30
BRAHMANI AT RENGALI,ODISHA,BRAHMANI,6.9,,,,,,1040,2019-06-30
BRAHMANI AT SAMAL,ODISHA,BRAHMANI,6.9,,,,,,1041,2019-06-30
"BRAHMANI AT TALCHER FU/s
(INTAKE WELL OF MCL,
TALCHER)",ODISHA,BRAHMANI,7.0,,,,,,2415,2019-06-30
BRAHMANI AT TALCHER FD/s,ODISHA,BRAHMANI,7.2,,,,,,2416,2019-06-30
"BRAHMANI AT KAMALANGA
(TALCHER D/s)",ODISHA,BRAHMANI,6.8,,,,,,1042,2019-06-30
"BRAHAMNI AT DHENKANAL
D/S, DHENKANAL TOWN",ODISHA,BRAHAMNI,7.0,,,,,,2417,2019-06-30
BRAHMANI AT TALCHER U/s,ODISHA,BRAHMANI,6.6,,,,,,1303,2019-06-30
BRAHMANI AT BHUBAN,ODISHA,BRAHMANI,6.4,,,,,,1043,2019-06-30
"BRAHMANI AT
KABATABANDHA (BEFORE
IMPACT OF INDUSTRIAL
ACTIVITY IN KALINGANAGAR
AREA)",ODISHA,BRAHMANI,6.9,,,,,,2418,2019-06-30
"BRAHMANI AT
DHARMASHALA U/s",ODISHA,BRAHMANI,7.0,,,,,,1044,2019-06-30
BRAHMANI AT PATTAMUNDAI,ODISHA,BRAHMANI,7.0,,,,,,1045,2019-06-30
ROURKELA FD/s AT ATTAGHAT,ODISHA,ROURKELA,6.5,,,,,,3916,2019-06-30
BRAHMANI AT MANDAPAL,ODISHA,BRAHMANI,6.7,,,,,,3917,2019-06-30
"BRAHMANI AT DHENKANAL
U/s",ODISHA,BRAHMANI,7.1,,,,,,3918,2019-06-30
"KHARASROTA AT KHANDITARA
(D/S OF INDUSTRIAL
ACTIVITIES AT KALINGA
NAGAR)",ODISHA,KHARASROTA,7.1,,,,,,2419,2019-06-30
KHARASROTA AT AUL,ODISHA,KHARASROTA,7.0,,,,,,2420,2019-06-30
KHARASROTA AT BINJHARPUR,ODISHA,KHARASROTA,6.8,,,,,,3922,2019-06-30
BANGURUSINGADA JHOR,ODISHA,BANGURUSINGADA,6.8,,,,,,3931,2019-06-30
"KARO AT LOHOJIMI U/S,
JHARKAND",JHARKHAND,KARO,7.2,,,,,,1035,2019-06-30
KARO RIVER T BADBIL,ODISHA,KARO,6.2,,,,,,3915,2019-06-30
,,NAN,7.5,,,,,,,2019-06-30
"GODAVARI AT U/S OF
GANGAPUR DAM, NASHIK",MAHARASHTRA,GODAVARI,6.9,,,,,,1095,2019-06-30
"GODAVARI RIVER NEAR
SOMESHWAR TEMPLE,
SOMESHWAR, NASHIK",MAHARASHTRA,GODAVARI,7.1,,,,,,2177,2019-06-30
"GODAVARI RIVER AT
HANUMAN GHAT, NASHIK
CITY, NASHIK",MAHARASHTRA,GODAVARI,7.4,,,,,,2179,2019-06-30
"GODAVARI AT PANCHAVATI
AT RAMKUND,NASHIK",MAHARASHTRA,GODAVARI,6.9,,,,,,1096,2019-06-30
"GODAVARI AT NASIK D/S,
GADGEBABA MAHARAJ
NAGAR, NASHIK",MAHARASHTRA,GODAVARI,7.2,,,,,,1211,2019-06-30
"GODAVARI RIVER AT
TAPOVAN, TAPOVAN, NASHIK",MAHARASHTRA,GODAVARI,6.9,,,,,,2180,2019-06-30
"GODAVARI RIVER AT KAPILA-
GODAVARI CONFLUENCE
POINT, TAPOVAN, NASHIK",MAHARASHTRA,GODAVARI,7.0,,,,,,2181,2019-06-30
"GODAVARI RIVER AT
SAIKHEDA, NIPHAD, NASHIK",MAHARASHTRA,GODAVARI,6.9,,,,,,2182,2019-06-30
"GODAVARI RIVER AT NANDUR-
MADMESHWAR DAM,
NANDUR, NASHIK",MAHARASHTRA,GODAVARI,7.0,,,,,,2183,2019-06-30
"GODAVARI AT JAYAKWADI
DAM,
PAITHAN,AURANAGABAD",MAHARASHTRA,GODAVARI,7.2,,,,,,1312,2019-06-30
"GODAVARI RIVER AT U/S OF
PAITHAN AT PAITHAN INTAKE
PUMP HOUSE AT JAYAKWADI,
PAITHAN, AURANGABAD",MAHARASHTRA,GODAVARI,7.7,,,,,,2158,2019-06-30
"GODAVARI RIVER AT D/S OF
PAITHAN AT PATHEGAON
BRIDGE, PATHEGAON,
PAITHAN, AURANGABAD",MAHARASHTRA,GODAVARI,7.5,,,,,,2159,2019-06-30
"GODAVARI AT DHALEGAON,
PATHARI, PARBHANI",MAHARASHTRA,GODAVARI,7.3,,,,,,12,2019-06-30
"GODAVARI RIVER AT U/S OF
AURANGABAD RESERVOIR,
KAIGAON TOKKA NEAR
KAIGAON BRIDGE,KAIGAON,
GANGAPUR, AURANGABAD",MAHARASHTRA,GODAVARI,7.2,,,,,,2160,2019-06-30
,,NAN,7.5,,,,,,,2019-06-30
"GODAVARI RIVER AT JALNA
INTAKE WATER PUMP HOUSE,
SHAHABAD, AMBAD, JALNA",MAHARASHTRA,GODAVARI,7.2,,,,,,2161,2019-06-30
"GODAVARI RIVER AT LATUR
WATER INTAKE NEAR PUMP
HOUSE AT DHAMEGAON,
KALUMB, OSMANABAD",MAHARASHTRA,GODAVARI,7.4,,,,,,2157,2019-06-30
"GODAVARI AT
VISHNUPURI,NANDED,
NANDED",MAHARASHTRA,GODAVARI,7.0,,,,,,1210,2019-06-30
"GODAVARI AT RAHER,
NAYAGAON, NANDED",MAHARASHTRA,GODAVARI,7.4,,,,,,1209,2019-06-30
"GODAVARI AT BASARA,
ADILABAD",TELANGANA,GODAVARI,6.8,,,,,,2360,2019-06-30
"GODAVARI AT MANCHERIAL,
NEAR RLY BDG B/C OF
RALLAVAGU",TELANGANA,GODAVARI,7.2,,,,,,2361,2019-06-30
GODAVARI AT MANCHERIAL,TELANGANA,GODAVARI,7.4,,,,,,13,2019-06-30
"GODAVARI AT RAMAGUNDAM
D/S, NEAR FCI INTAKE WELL,
KARIMNAGAR",TELANGANA,GODAVARI,7.3,,,,,,2362,2019-06-30
"GODAVARI AT
GODAVARIKHANI, NEAR
BATHING GHAT, KARIMNAGAR",TELANGANA,GODAVARI,7.1,,,,,,2363,2019-06-30
"GODAVARI AT RAMAGUNDAM
U/S , KARIMNAGAR",TELANGANA,GODAVARI,7.4,,,,,,2364,2019-06-30
"GODAVARI, D/S OF
RAMANUGUNDAM,
MANTHANI",TELANGANA,GODAVARI,7.4,,,,,,2356,2019-06-30
"GODAVARI AT KAMALPUR U/S
M/S AP RAYONS LTD. INTAKE
WELL, WARANGAL",TELANGANA,GODAVARI,7.2,,,,,,2365,2019-06-30
"GODAVARI AT
BHADRACHALAM U/S
BATHING GHAT, KHAMMAM",TELANGANA,GODAVARI,7.4,,,,,,2367,2019-06-30
"GODAVARI AT
BURGAMPAHAD, KHAMMAM",TELANGANA,GODAVARI,7.4,,,,,,2369,2019-06-30
"GODAVARI AT KAMALPUR D/S
AT M/S. AP RAYONS LTD.
DISCHARGE POINT,
WARANGAL",TELANGANA,GODAVARI,7.1,,,,,,2366,2019-06-30
"GODAVARI AT
BHADRACHALAM D/S
BATHING GHAT, KHAMMAM",TELANGANA,GODAVARI,7.3,,,,,,2368,2019-06-30
,,NAN,7.5,,,,,,,2019-06-30
"INDRAVATI RIVER A/C
DANTEWADA RIVER,
NELSONNAR, DANTEWADA,
CHHATISGARH.",CHHATTISGARH,INDRAVATI,7.5,,,,,,1854,2019-06-30
"INDRAVATI RIVER B/C
GODAVARI AT
BHOPALPATNAM,
DANTEWADA, CHHATISGARH.",CHHATTISGARH,INDRAVATI,7.2,,,,,,1855,2019-06-30
"SHANKNI RIVER A/C DANKANI
RIVER DANTEWADA,
CHHATISGARH.",CHHATTISGARH,SHANKNI,7.2,,,,,,1856,2019-06-30
"MANJEERA AT GOWDICHARLA
B/C WITH NAKKAVAGU",TELANGANA,MANJEERA,7.1,,,,,,2374,2019-06-30
"MANJEERA AT GOWDICHARLA
A/C WITH NAKKAVAGU",TELANGANA,MANJEERA,6.9,,,,,,2375,2019-06-30
"MANJEERA RIVER - NEAR
GANAPATHI SUGARS , MEDAK
DIST.",TELANGANA,MANJEERA,7.1,,,,,,1781,2019-06-30
MANJEERA AT RAIPALLY,TELANGANA,MANJEERA,7.1,,,,,,1157,2019-06-30
,,NAN,7.5,,,,,,,2019-06-30
"MANER AT WARANGAL U/S
(RIVER MANERU AT
THUMMALA
CHERUVU/MADANNAPET)",TELANGANA,MANER,7.0,,,,,,1215,2019-06-30
MANER AT SOMNAPALLI,TELANGANA,MANER,7.7,,,,,,1158,2019-06-30
"WARDHA RIVER AT D/S OF
ERAI RIVER, HADASTI,
CHANDRAPUR, CHANDRAPUR",MAHARASHTRA,WARDHA,7.2,,,,,,2719,2019-06-30
"WARDHA RIVER AT U/S OF
ERAI RIVER HADASTI,
CHANDRAPUR, CHANDRAPUR",MAHARASHTRA,WARDHA,7.0,,,,,,2720,2019-06-30
"WARDHA RIVER AT U/S OF
ACC GHUGGUS. ,
CHANDRAPUR, CHANDRAPUR",MAHARASHTRA,WARDHA,7.4,,,,,,2721,2019-06-30
"WARDHA RIVER D/S OF ACC
GHUGGUS, CHANDRAPUR,
CHANDRAPUR",MAHARASHTRA,WARDHA,7.7,,,,,,2174,2019-06-30
"WARDHA RIVER AT
CONFLUENCE POINT OF
PENGANGA & WARDHA AT
JUGAD, WANI, YAVATMAL",MAHARASHTRA,WARDHA,7.0,,,,,,2156,2019-06-30
"WARDHA AT RAJURA
BRIDGE,RAJURA,
CHANDRAPUR, CHANDRAPUR",MAHARASHTRA,WARDHA,7.7,,,,,,1212,2019-06-30
"WARDHA AT PULGAON
RAILWAY BRIDGE, PULGAON,
WARDHA, WARDHA",MAHARASHTRA,WARDHA,8.1,,,,,,1315,2019-06-30
"WAINGANGA AT BALAGHAT,","MADHYA
PRADESH",WAINGANGA,7.2,,,,,,1213,2019-06-30
"WAINGANGA AT CHINDWARA,","MADHYA
PRADESH",WAINGANGA,7.3,,,,,,1214,2019-06-30
"WAINGANGA AT CHHAPARA,
NEAR W/S INTAKE POINT,
JABALPUR","MADHYA
PRADESH",WAINGANGA,7.2,,,,,,3330,2019-06-30
"WAINGANGA AFTER
CONLUENCE WITH KANHAN,
AMBHORA, KUHI, NAGPUR",MAHARASHTRA,WAINGANGA,7.7,,,,,,1910,2019-06-30
"WAINGANGA RIVER U/S OF
ELLORA PAPER MILL, TUMSAR,
TUMSAR, BHANDARA",MAHARASHTRA,WAINGANGA,7.2,,,,,,2173,2019-06-30
"WAINGANGA U/S OF GAURAV
PAPER MILLS, NEAR
JACKWELL, BRAMHPURI,
CHANDRAPUR",MAHARASHTRA,WAINGANGA,7.2,,,,,,2175,2019-06-30
,,NAN,7.5,,,,,,,2019-06-30
"WAINGANGA D/S OF GAURAV
PAPER MILLS, NEAR
JACKWELL, BRAMHPURI,
CHANDRAPUR",MAHARASHTRA,WAINGANGA,7.3,,,,,,2176,2019-06-30
"WAINGANGA AT
ASHTI,GONDPIPRI,
CHANDRAPUR",MAHARASHTRA,WAINGANGA,7.38,,,,,,11,2019-06-30
"KANHAN AT CHINDWARA
BEFORE MIXING BOREGAON
GROWTH CENTRE NALLA,
JABALPUR","MADHYA
PRADESH",KANHAN,7.3,,,,,,3312,2019-06-30
"KANHAN RIVER U/S OF M/S
VIDHARBHA PAPER MILL,
SINORA, PARSEONI, NAGPUR",MAHARASHTRA,KANHAN,7.2,,,,,,2170,2019-06-30
"KANHAN RIVER D/S OF M/S
VIDHARBHA PAPER MILL,
SINORA, PARSEONI, NAGPUR",MAHARASHTRA,KANHAN,7.4,,,,,,2171,2019-06-30
"KANHAN D/S OF NAGPUR,
AGARGAON, KUHI, NAGPUR",MAHARASHTRA,KANHAN,7.8,,,,,,1909,2019-06-30
"KINNERASANI A/C OF KTPS
ASH POND EFFLUENTS,
KHAMMAM",TELANGANA,KINNERASANI,7.4,,,,,,2372,2019-06-30
"SABARI AT KUNAVARAM,
KHAMMAM",TELANGANA,SABARI,7.3,,,,,,2373,2019-06-30
"BINDUSARA RIVER AT BEED
NEAR INTAKE WATER PUMP
HOUSE AT DAM, PALIGAON,
BEED, BEED",MAHARASHTRA,BINDUSARA,7.4,,,,,,2657,2019-06-30
"PENGANGA RIVER NEAR
WATER SUPPLY SCHEME OF
UMARKHED MC BELKHED,
UMARKHED, YAVATMAL",MAHARASHTRA,PENGANGA,8.1,,,,,,2697,2019-06-30
"PENGANGA RIVER D/S OF
ISAPUR DAM, ISAPUR, PUSAD,",MAHARASHTRA,PENGANGA,7.2,,,,,,2698,2019-06-30
"PENGANGA RIVER AT
MEHKAR-BULDANA ROAD
BRIDGE, MEHKAR, BULDANA",MAHARASHTRA,PENGANGA,7.6,,,,,,2699,2019-06-30
"WENA RIVER AT U/S OF
MOHATA MILLS, NEAR
RAILWAY BRIDGE,
HINGANGHAT, WARDHA",MAHARASHTRA,WENA,7.4,,,,,,2722,2019-06-30
"WENA RIVER AT D/S OF
MOHATA MILLS, NR RD BRG
ON HINGANGHAT-WADNER
ROAD, HINGANGHAT,
WARDHA",MAHARASHTRA,WENA,7.8,,,,,,2723,2019-06-30
,,NAN,7.5,,,,,,,2019-06-30
"KOLAR BEFORE CONFLUENCE
TO KANHAN AT WAREGAON,
KAMPTEE, NAGPUR",MAHARASHTRA,KOLAR,7.8,,,,,,1908,2019-06-30
"DARNA RIVER AT CHEHEDI
PUMPING STATION, CHEHEDI,
NASHIK, NASHIK",MAHARASHTRA,DARNA,7.2,,,,,,2660,2019-06-30
"DARNA RIVER AT ASWALI
(DARNA DAM), LGATPURI,
NASHIK",MAHARASHTRA,DARNA,7.3,,,,,,2661,2019-06-30
"DARNA RIVER AT MES SITE
PUMPING STATION, BHAGUR,",MAHARASHTRA,DARNA,7.3,,,,,,2662,2019-06-30
"DARNA RIVER AT BHAGUR
PUMPING STATION NEAR
PANDHURLI BRIDGE, BHAGUR,",MAHARASHTRA,DARNA,7.2,,,,,,2663,2019-06-30
"DARNA RIVER AT SANSARI ,
NASHIK, NASHIK",MAHARASHTRA,DARNA,7.2,,,,,,2664,2019-06-30
"KARAKAVAGU U/S AT
PALONCHA, KHAMMAM",TELANGANA,KARAKAVAGU,7.2,,,,,,3080,2019-06-30
"KARAKAVAGU D/S AT
PALONCHA, KHAMMAM",TELANGANA,KARAKAVAGU,7.2,,,,,,3081,2019-06-30
,,NAN,7.5,,,,,,,2019-06-30
"KRISHNA AT RAJAPUR WEIR,
RAJAPUR, SHIROL, KOHLAPUR",MAHARASHTRA,KRISHNA,7.1,,,,,,1153,2019-06-30
"KRISHNA AT GAWALI
GALLY,MIRAJ,SANGLI",MAHARASHTRA,KRISHNA,7.1,,,,,,37,2019-06-30
"KRISHNA AT KURUNDWAD,
SHIROL, KOLHAPUR",MAHARASHTRA,KRISHNA,6.8,,,,,,1310,2019-06-30
"KRISHNA - ANKALI BRIDGE
ALONG CHIKKODI KAGWAD
ROAD",KARNATAKA,KRISHNA,7.3,,,,,,1889,2019-06-30
"KRISHNA AT U/S OF
UGARKHURD BARRAGE,",KARNATAKA,KRISHNA,7.5,,,,,,1182,2019-06-30
"KRISHNA AT D/S OF ALAMATTI
DAM,",KARNATAKA,KRISHNA,7.4,,,,,,2781,2019-06-30
"KRISHNA AT D/S OF
NARAYANPURA DAM,",KARNATAKA,KRISHNA,7.5,,,,,,1181,2019-06-30
"KRISHNA AT TINTINI BRIDGE,",KARNATAKA,KRISHNA,8.0,,,,,,1028,2019-06-30
"KRISHNA AT D/S OF
DEVASAGAR BDG.,",KARNATAKA,KRISHNA,8.1,,,,,,1170,2019-06-30
"KRISHNA AT THANGADI ,
MAHABOOBNAGAR DIST.",TELANGANA,KRISHNA,7.6,,,,,,1784,2019-06-30
KRISHNA AT GADWAL BRIDGE,TELANGANA,KRISHNA,7.5,,,,,,39,2019-06-30
"KRISHNA AT WADAPALLY
AFTER CONFL. WITH R.
MUSI(SHIFTED FROM 1220)",TELANGANA,KRISHNA,6.7,,,,,,1465,2019-06-30
"KRISHNA A/c WITH
TUNGABHADRA,
SANGAMESHWARAM,
KURNOOL","ANDHRA
PRADESH",KRISHNA,6.6,,,,,,1175,2019-06-30
"KRISHNA AT VEDADRI,
KURNOOL","ANDHRA
PRADESH",KRISHNA,7.4,,,,,,1786,2019-06-30
"KRISHNA D/S OF SRISHAILAM,
KURNOOL","ANDHRA
PRADESH",KRISHNA,7.1,,,,,,3083,2019-06-30
"D/S OF RIVER KRISHNA A/C
WITH TREATED SEWAGE
DISCHARGING FROM 10mLD
STP LOCATED AT
RAMALINGESHWARNAGAR,
VIJAYAWADA, KRISHNA","ANDHRA
PRADESH",D,7.6,,,,,,3079,2019-06-30
"KRISHNA AT AMARAVATI,
GUNTUR","ANDHRA
PRADESH",KRISHNA,7.3,,,,,,1787,2019-06-30
"KRISHNA AT VIJAYWADA,
KRISHNA","ANDHRA
PRADESH",KRISHNA,7.1,,,,,,25,2019-06-30
"KRISHNA AT HAMSALADEEVI
PULIGADDA AQUEDUCT NEAR
AVANIGADDA(V)","ANDHRA
PRADESH",KRISHNA,7.1,,,,,,1782,2019-06-30
,,NAN,7.5,,,,,,,2019-06-30
"PANCHAGANGA AT
ICHALKARANJI,
SHIRADWAD,HATKANANGALE,",MAHARASHTRA,PANCHAGANGA,7.0,,,,,,1311,2019-06-30
"PANCHAGANGA RIVER AT
SHIROL NEAR SHIROL INTAKE
WELL, KOLHAPUR",MAHARASHTRA,PANCHAGANGA,7.2,,,,,,2163,2019-06-30
"PANCHAGANGA U/S OF
KOLHAPUR TOWN, BALINGA,
KARVIR, KOLHAPUR",MAHARASHTRA,PANCHAGANGA,6.5,,,,,,1904,2019-06-30
"PANCHAGANGA D/S OF
KOLHAPUR TOWN,
UCHEGAON, KOLHAPUR",MAHARASHTRA,PANCHAGANGA,6.9,,,,,,1905,2019-06-30
"BHIMA AT PUNE U/S
VITHALWADI, HAWELI, PUNE",MAHARASHTRA,BHIMA,6.6,,,,,,1189,2019-06-30
"BHIMA RIVER AT KOREGAON
NEAR KOREGAON BRIDGE,
SHIRUR, PUNE",MAHARASHTRA,BHIMA,7.4,,,,,,2655,2019-06-30
"BHIMA AT PUNE, D/S OF
BUNDGARDEN, YERWADA,
HAWELI, PUNE",MAHARASHTRA,BHIMA,6.9,,,,,,1190,2019-06-30
"BHIMA AT PARGAON (AFTER
CONFL.WITH MULA
MUTHA),PARGAON, DAUND,",MAHARASHTRA,BHIMA,7.4,,,,,,1191,2019-06-30
"BHIMA AFTER CONF. WITH
DAUND, DAUND, PUNE",MAHARASHTRA,BHIMA,7.3,,,,,,1192,2019-06-30
"BHIMA AT NARSINGPUR, (D/S
AF.CONFL.WITH R.NIRA),
NARSINGPUR, MALSHIROS",MAHARASHTRA,BHIMA,7.6,,,,,,1188,2019-06-30
"BHIMA AT TAKLI, SOUTH
SOLAPUR, SOLAPUR",MAHARASHTRA,BHIMA,7.6,,,,,,28,2019-06-30
"BHIMA AT D/S OF ROAD
BRIDGE AT GANGAPUR
VILLAGE,",KARNATAKA,BHIMA,7.6,,,,,,1183,2019-06-30
"BHIMA AT FEROZABAD
VILLAGE (D/S),",KARNATAKA,BHIMA,8.4,,,,,,1184,2019-06-30
"BHIMA AT D/S OF BDG. NEAR
YADGIR,",KARNATAKA,BHIMA,8.0,,,,,,1167,2019-06-30
"BHIMA RIVER AT CONFLUENCE
OF JEWARGI TOWN SEWAGE
DISPOSAL POINT",KARNATAKA,BHIMA,8.0,,,,,,1888,2019-06-30
"BHIMA RIVER-BACKWATER OF
UJANI DAM NEAR RAW
WATER PUMP HOUSE,
KUMBARGAON, INDAPUR,
PUNE",MAHARASHTRA,BHIMA,7.3,,,,,,2656,2019-06-30
,,NAN,7.5,,,,,,,2019-06-30
"GHATPRABHA AT D/S OF
MUDHOL RD. CROSS BDG.,",KARNATAKA,GHATPRABHA,7.3,,,,,,1185,2019-06-30
"GHATPRABHA AT W.A. POINT
TO GOKAK TOWN,",KARNATAKA,GHATPRABHA,6.7,,,,,,1163,2019-06-30
"MALPRABHA AT D/S OF
KHANAPUR VILLAGE,",KARNATAKA,MALPRABHA,6.8,,,,,,1187,2019-06-30
"MALPRABHA AT WATER
ABSTR. PT. TO HUBLI,
DHARWAR,",KARNATAKA,MALPRABHA,7.5,,,,,,1164,2019-06-30
"MALPRABHA AT D/S OF
AIHOLE TOWN,",KARNATAKA,MALPRABHA,7.1,,,,,,1186,2019-06-30
"MALPRABHA AT BADAMI
BRIDGE,",KARNATAKA,MALPRABHA,7.6,,,,,,2764,2019-06-30
"TUNGABHADRA AT
HARALAHALLI BRIDGE,",KARNATAKA,TUNGABHADRA,7.15,,,,,,1029,2019-06-30
TUNGABHADRA AT ULLANUR,KARNATAKA,TUNGABHADRA,7.8,,,,,,29,2019-06-30
"TUNGABHADRA AT U/S OF
HPF,",KARNATAKA,TUNGABHADRA,7.2,,,,,,2767,2019-06-30
"TUNGABHADRA AT D/S OF
HPF,",KARNATAKA,TUNGABHADRA,7.0,,,,,,2768,2019-06-30
"TUNGABHADRA AT JACKWELL
POINT,",KARNATAKA,TUNGABHADRA,7.1,,,,,,2769,2019-06-30
"TUNGABHADRA AT HARIHAR
WATER SUPPLY INTAKE,",KARNATAKA,TUNGABHADRA,6.7,,,,,,2770,2019-06-30
"TUNGABHADRA AT D/S OF
GANGAWATHI,",KARNATAKA,TUNGABHADRA,8.0,,,,,,2776,2019-06-30
"TUNGABHADRA AT NEW
BRIDGE,",KARNATAKA,TUNGABHADRA,7.2,,,,,,2766,2019-06-30
"TUNGABHADRA AT KURNOOL
U/s, BHAVAPURAM, KURNOOL","ANDHRA
PRADESH",TUNGABHADRA,6.8,,,,,,1174,2019-06-30
"TUNGABHADRA AT
MANTHRALAYAM, KURNOOL","ANDHRA
PRADESH",TUNGABHADRA,6.2,,,,,,1785,2019-06-30
"TUNGA AT D/S OF SHIMOGA
TOWN,",KARNATAKA,TUNGA,6.9,,,,,,1168,2019-06-30
"TUNGABHADRA AT
CONFLUENCE POINT OF
TUNGA AND BHADRA AT
KUDLI",KARNATAKA,TUNGABHADRA,6.8,,,,,,1896,2019-06-30
"BHADRA AT MALLESWARAM
D/S OF KIOCL",KARNATAKA,BHADRA,6.7,,,,,,1091,2019-06-30
,,NAN,7.5,,,,,,,2019-06-30
"BHADRA AT D/S OF
BHADRAVATHI,",KARNATAKA,BHADRA,7.1,,,,,,1387,2019-06-30
"BHADRA AT D/S OF KIOCL
ROAD BRIDGE, NEAR
HOLEHUNNUR,",KARNATAKA,BHADRA,7.0,,,,,,1169,2019-06-30
"BHADRA AT U/S OF MPM,",KARNATAKA,BHADRA,7.2,,,,,,2765,2019-06-30
"BHADRA AT U/S OF KIOCL,",KARNATAKA,BHADRA,6.6,,,,,,2771,2019-06-30
"MUSI U/S AT GANDIPET,
OSMANSAGAR LAKE,
HYDERABAD",TELANGANA,MUSI,6.7,,,,,,1172,2019-06-30
"MUSI D/S AT
PRATAPSINGARAM,
HYDERABAD",TELANGANA,MUSI,6.9,,,,,,1173,2019-06-30
"RIVER MUSI AT NAGOLE,
RANGAREDDY",TELANGANA,RIVER,7.0,,,,,,2339,2019-06-30
"MUSI RESERVOIR AT
KASANIGUDA, NALGONDA",TELANGANA,MUSI,6.6,,,,,,3082,2019-06-30
"PALLERU B/c WITH KRISHNA,
JAGGAIAPET","ANDHRA
PRADESH",PALLERU,7.6,,,,,,1178,2019-06-30
"MUNERU B/c WITH KRISHNA,
NANDIGAMA","ANDHRA
PRADESH",MUNERU,7.0,,,,,,1177,2019-06-30
"KAGINA D/S OF SEWAGE
DISPOSAL POINT",KARNATAKA,KAGINA,8.0,,,,,,1895,2019-06-30
"KAGINA AT SHAHABAD
BRIDGE,",KARNATAKA,KAGINA,7.9,,,,,,2777,2019-06-30
"NAKKAVAGU, BACHUGUDEM,
MEDAK",TELANGANA,NAKKAVAGU,7.1,,,,,,2349,2019-06-30
"RIVER HUNDRI AT
JOHARAPURAM(V), NEAR
TEMPLE, KURNOOL","ANDHRA
PRADESH",RIVER,7.2,,,,,,2350,2019-06-30
"SAMPLE FROM NAGARJUNA
SAGAR DAM SPILL WAY",TELANGANA,SAMPLE,7.1,,,,,,4259,2019-06-30
"NIRA RIVER AT D/S OF
JUBILANT ORGANOSIS,
NIMBUT, BARAMATI,PUNE.",MAHARASHTRA,NIRA,7.5,,,,,,2195,2019-06-30
"NIRA RIVER AT SANGAVI,
PHALTAN, SATARA",MAHARASHTRA,NIRA,7.2,,,,,,2681,2019-06-30
"NIRA RIVER AT U/S OF
JUBILANT ORGANOSIS,
NIRA(DATTAGHAT),
BARAMATI, PUNE",MAHARASHTRA,NIRA,7.4,,,,,,2682,2019-06-30
"NIRA RIVER AT SHINDEWADI.
SHIRVAL, KHANDALA, SATARA",MAHARASHTRA,NIRA,6.5,,,,,,2683,2019-06-30
,,NAN,7.5,,,,,,,2019-06-30
"NIRA AT SAROLA BDG.ON
PUNE-BANGLORE HIGHWAY,
SAROLA, BHOR, PUNE",MAHARASHTRA,NIRA,7.3,,,,,,1463,2019-06-30
"VENNA RIVER AT VARYE,
SATARA.",MAHARASHTRA,VENNA,7.2,,,,,,2186,2019-06-30
"VENNA RIVER AT
MAHABALESHWAR, SATARA",MAHARASHTRA,VENNA,7.3,,,,,,2716,2019-06-30
"VENNA RIVER AT MAHULI,
SATARA",MAHARASHTRA,VENNA,7.2,,,,,,2717,2019-06-30
"KOYNA RIVER AT KARAD,
SATARA",MAHARASHTRA,KOYNA,7.3,,,,,,2189,2019-06-30
"MULA RIVER AT HARRISON
BRIDGE NEAR MULA-
PAWANA SANGAM, BOPODI,
HAWELI,",MAHARASHTRA,MULA,7.0,,,,,,2194,2019-06-30
"MULA RIVER AT AUNDH
BRIDGE, AUNDHGAON,
HAWELI, PUNE",MAHARASHTRA,MULA,7.0,,,,,,2193,2019-06-30
"MULA-MUTHA RIVER AT
MUNDHAWA BRIDGE,
MUNTHAWA,HAWELI, PUNE",MAHARASHTRA,MULA,6.8,,,,,,2192,2019-06-30
"MULA-MUTHA RIVER AT D/S
OF THEUR, HAWELI, PUNE",MAHARASHTRA,MULA,7.1,,,,,,2677,2019-06-30
"MUTHA RIVER AT SANGAM
BRIDGE NEAR GANAPATHY
GHAT, SHIVAJINAGAR, PUNE",MAHARASHTRA,MUTHA,6.9,,,,,,2191,2019-06-30
"MUTHA RIVER NEAR VEER
SAVARKAR BHAVAN, PUNE",MAHARASHTRA,MUTHA,7.0,,,,,,2678,2019-06-30
"MUTHA RIVER AT DECCAN
BRIDGE, DECCAN, PUNE",MAHARASHTRA,MUTHA,6.9,,,,,,2679,2019-06-30
"MUTHA RIVER AT
KHADAKVASLA DAM,
KHADAKVASLA, HAWELI,
PUNE.",MAHARASHTRA,MUTHA,7.6,,,,,,2680,2019-06-30
"PAWANA RIVER AT
SANGAVIGAON, HAWELI
PUNE.",MAHARASHTRA,PAWANA,6.8,,,,,,2196,2019-06-30
"PAWANA RIVER AT
KASARWADI, HAWELI, PUNE",MAHARASHTRA,PAWANA,7.0,,,,,,2690,2019-06-30
"PAWANA RIVER AT DAPODI
BRIDGE AT PAWANA-MULLA
SANGAM, DAPODI, HAWELI,
PUNE",MAHARASHTRA,PAWANA,6.7,,,,,,2691,2019-06-30
,,NAN,7.5,,,,,,,2019-06-30
"PAWANA RIVER AT RAVET
WEIR, RAVET, HAWELI, PUNE",MAHARASHTRA,PAWANA,7.1,,,,,,2692,2019-06-30
"PAWANA RIVER AT
CHINCHWADGAON, HAWELI,
PUNE",MAHARASHTRA,PAWANA,7.0,,,,,,2693,2019-06-30
"PAWANA RIVER AT
PIMPRIGAON, HAWELI, PUNE",MAHARASHTRA,PAWANA,7.0,,,,,,2694,2019-06-30
"INDRAYANI RIVER AT D/S OF
ALANDIGAON, HAWELI,PUNE",MAHARASHTRA,INDRAYANI,6.4,,,,,,2197,2019-06-30
"INDRAYANI RIVER AT D/S OF
MOSHIGAON, HAWELI, PUNE",MAHARASHTRA,INDRAYANI,6.4,,,,,,2668,2019-06-30
"INDRAYANI RIVER AT U/S OF
MOSHIGAON, HAWELI, PUNE",MAHARASHTRA,INDRAYANI,6.4,,,,,,2669,2019-06-30
"CHANDRABHAGA U/S OF
PANDHARPUR TOWN,
GURSALE, PANDHARPUR,",MAHARASHTRA,CHANDRABHAGA,7.8,,,,,,1911,2019-06-30
"CHANDRABHAGA D/S OF
PANDHARPUR TOWN,
GURSALE, PANDHARPUR,",MAHARASHTRA,CHANDRABHAGA,7.6,,,,,,1912,2019-06-30
"GHOD RIVER AT SHIRUR, PUNE",MAHARASHTRA,GHOD,7.4,,,,,,2665,2019-06-30
"SINA RIVER NEAR LABOTI TOLL
NAKA, LABOTI, MOHAL,
SOLAPUR",MAHARASHTRA,SINA,7.5,,,,,,2705,2019-06-30
"URMODI RIVER, NAGTHANE,
SATARA",MAHARASHTRA,URMODI,7.0,,,,,,2711,2019-06-30
"VEL RIVER AT SHIKRAPUR,
SHIRUR, PUNE",MAHARASHTRA,VEL,7.6,,,,,,2715,2019-06-30
,,NAN,7.5,,,,,,,2019-06-30
"CAUVERY AT NAPOKULU BDG
(D/S),",KARNATAKA,CAUVERY,6.5,,,,,,1198,2019-06-30
"CAUVERY AT KUSHAL NAGAR
U/S (NEAR BAICHANAHALLI),",KARNATAKA,CAUVERY,6.7,,,,,,1195,2019-06-30
"CAUVERY AT KRS DAM,
BALAMURIKSHETRA",KARNATAKA,CAUVERY,7.7,,,,,,33,2019-06-30
"CAUVERY AT SRI
RANGAPATTANNA, D/S OF
ROAD BDG.,",KARNATAKA,CAUVERY,7.5,,,,,,1171,2019-06-30
"CAUVERY AT D/S OF
KAREKUARA VILLAGE,",KARNATAKA,CAUVERY,7.9,,,,,,1386,2019-06-30
"CAUVERY AT SATHYAGALAM
BRIDGE",KARNATAKA,CAUVERY,7.5,,,,,,34,2019-06-30
"CAUVERY AT BANNUR BRIDGE,",KARNATAKA,CAUVERY,7.9,,,,,,2773,2019-06-30
"CAUVERY AT
RANGANATHITTU,",KARNATAKA,CAUVERY,7.7,,,,,,2774,2019-06-30
"CAUVERY AT KRS DAM
MANDYA",KARNATAKA,CAUVERY,7.6,,,,,,3566,2019-06-30
"CAUVERY AT WATER SUPPLY
INTAKE POINT TO
SRIRANGAPATNA TOWN",KARNATAKA,CAUVERY,7.8,,,,,,3568,2019-06-30
"CAUVERY AT WATER SUPPLY
INTAKE POINT TO MANDYA
TOWN",KARNATAKA,CAUVERY,7.5,,,,,,3569,2019-06-30
"CAUVERY D/S OF KR NAGAR
BRIDGE",KARNATAKA,CAUVERY,7.3,,,,,,3570,2019-06-30
CAUVERY U/S OF KR NAGAR,KARNATAKA,CAUVERY,6.9,,,,,,3571,2019-06-30
"CAUVERY D/S OF
KUSHALANAGAR TOWN",KARNATAKA,CAUVERY,7.1,,,,,,3573,2019-06-30
,,NAN,7.5,,,,,,,2019-06-30
"CAUVERY AT WATER SUPPLY
INTAKE POINT TO MYSORE
PUMP HOUSE",KARNATAKA,CAUVERY,7.1,,,,,,3576,2019-06-30
"CAUVERY D/S OF MADDUR
WATER SUPPLY TREATMENT
PLANT AT BACHALLI",KARNATAKA,CAUVERY,7.6,,,,,,3578,2019-06-30
"CAUVERY AT WATER SUPPLY
INTAKE POINT AT KOLLEGALA
DASANAPURA",KARNATAKA,CAUVERY,7.1,,,,,,3579,2019-06-30
"CAUVERY AT WATER SUPPLY
INTAKE POINT AT T K HALLI",KARNATAKA,CAUVERY,7.2,,,,,,3581,2019-06-30
"CAUVERY RIVER BEFORE
CONFLUENCE AT SANGAM",KARNATAKA,CAUVERY,7.3,,,,,,4109,2019-06-30
"CAUVERY AT AJJIBORE
(BANGALORE)",KARNATAKA,CAUVERY,7.9,,,,,,30052,2019-06-30
CAUVERY AT METTUR,TAMIL NADU,CAUVERY,6.6,,,,,,50,2019-06-30
CAUVERY AT PALLIPPALAYAM,TAMIL NADU,CAUVERY,6.9,,,,,,51,2019-06-30
"CAUVERY AT ERODE NEAR
CHIRAPALAYAM, TAMILNADU",TAMIL NADU,CAUVERY,7.0,,,,,,1320,2019-06-30
"CAUVERY AT VELORE NEAR
KATTIPALAYAM, TAMILNADU",TAMIL NADU,CAUVERY,7.1,,,,,,1323,2019-06-30
"CAUVERY AT PUGALUR,
KARUR, TAMILNADU",TAMIL NADU,CAUVERY,6.9,,,,,,3015,2019-06-30
"CAUVERY AT MOHANUR NEAR
PATTAIPALAYAM, TAMILNADU",TAMIL NADU,CAUVERY,7.2,,,,,,1324,2019-06-30
"CAUVERY AT
THIRUMUKKUDAL-CONFL.
PT.OF R. AMRAVATI",TAMIL NADU,CAUVERY,6.9,,,,,,1451,2019-06-30
CAUVERY AT MUSIRI,TAMIL NADU,CAUVERY,6.9,,,,,,31,2019-06-30
"CAUVERY AT
PETTAIVAITHALAI, TRICHY,
TAMILNADU",TAMIL NADU,CAUVERY,7.3,,,,,,3016,2019-06-30
"CAUVERY AT TIRUCHIRAPPALLI
U/S, TAMILNADU",TAMIL NADU,CAUVERY,7.4,,,,,,1202,2019-06-30
"CAUVERY AT TIRUCHIRAPPALLI
D/S, TAMILNADU",TAMIL NADU,CAUVERY,6.3,,,,,,1325,2019-06-30
"CAUVERY AT TRICHY, GRAND
ANAICUT, TAMILNADU",TAMIL NADU,CAUVERY,7.0,,,,,,1203,2019-06-30
"CAUVERY AT THANJAVUR,
TAMILNADU",TAMIL NADU,CAUVERY,7.4,,,,,,1206,2019-06-30
,,NAN,7.5,,,,,,,2019-06-30
"CAUVERY AT
MAYILADUTHURAI,
NAGAPATTINAM, TAMILNADU",TAMIL NADU,CAUVERY,7.0,,,,,,3018,2019-06-30
"CAUVERY AT
KOMARAPALAYAM,
NAMAKAL, TAMILNADU",TAMIL NADU,CAUVERY,6.9,,,,,,3012,2019-06-30
"CAUVERY AT URRACHIKOTTAI,
ERODE, TAMILNADU",TAMIL NADU,CAUVERY,7.1,,,,,,3013,2019-06-30
"CAUVERY AT VAIRAPALAYAM,
NAMAKAL, TAMILNADU",TAMIL NADU,CAUVERY,6.7,,,,,,3014,2019-06-30
"CAUVERY AT KUMBAKONAM,
THANJAVUR, TAMILNADU",TAMIL NADU,CAUVERY,7.4,,,,,,3017,2019-06-30
"CAUVERY AT COLEROON,
TAMILNADU",TAMIL NADU,CAUVERY,6.0,,,,,,1326,2019-06-30
"CAUVERY AT PITCHAVARAM,
TAMILNADU",TAMIL NADU,CAUVERY,6.3,,,,,,1327,2019-06-30
"CAUVERY AT 1KM. D/S OF
BHAVANI RIVER CONFL.,
TAMILNADU",TAMIL NADU,CAUVERY,6.4,,,,,,1322,2019-06-30
"CAUVERY RIVER D/S
BARACHUKI FALLS,
SATHEGALA, KOLLEGALA",KARNATAKA,CAUVERY,7.7,,,,,,4099,2019-06-30
,,NAN,7.5,,,,,,,2019-06-30
"SHIMSHA AT WATER SUPPLY
INTAKE POINT AT MADDUAR",KARNATAKA,SHIMSHA,7.4,,,,,,3580,2019-06-30
"THIRUMANIMUTHAR AT
SALEM, D/S OF SAGO &
TEXTILE DYING INDUSTRIES,
TAMILNADU",TAMIL NADU,THIRUMANIMUTHAR,7.0,,,,,,3022,2019-06-30
"VASISTA AT SALEM, D/S OF
SAGO INDUSRIES EFFLUENT,
TAMILNADU",TAMIL NADU,VASISTA,6.2,,,,,,3023,2019-06-30
"AMRAVATI AT 1KM D/S FROM
EFF.DIS. PT. AT
MADHUTHUKKULAM",TAMIL NADU,AMRAVATI,6.0,,,,,,1319,2019-06-30
"ARKAVATHI AT D/S OF
KANAKAPURA TOWN,",KARNATAKA,ARKAVATHI,6.8,,,,,,1165,2019-06-30
"ARKAVATHI AT T.G. HALLI
RESERVOIR, ,",KARNATAKA,ARKAVATHI,6.7,,,,,,2778,2019-06-30
"ARKAVATHI AT
HESARAGHATTA RESERVOIR,",KARNATAKA,ARKAVATHI,6.3,,,,,,2779,2019-06-30
"KABINI AT CAUSE WAY
SATTUR",KARNATAKA,KABINI,7.5,,,,,,41,2019-06-30
"KABINI AT SARAGUR VILLAGE
D/S,",KARNATAKA,KABINI,7.0,,,,,,1197,2019-06-30
"KABINI AT MUTHANKARA,
KERALA",KERALA,KABINI,6.6,,,,,,1207,2019-06-30
"KABINI AT WATER INTAKE OF
KIADB AT NANJANGUD,",KARNATAKA,KABINI,7.5,,,,,,1445,2019-06-30
"KABINI AT BATHING GHAT,
NANJANAGUD,",KARNATAKA,KABINI,7.5,,,,,,2775,2019-06-30
"LAKSHMANTIRTHA AT D/S OF
HUNSUR TOWN,",KARNATAKA,LAKSHMANTIRTHA,6.8,,,,,,1196,2019-06-30
"LAKSHMANTIRTHA AT D/S OF
KATTEMALAVADI,",KARNATAKA,LAKSHMANTIRTHA,7.6,,,,,,2772,2019-06-30
"LAKSHMANTIRTHA AT WATER
SUPPLY INTAKE POINT TO
HUNSUR TOWN",KARNATAKA,LAKSHMANTIRTHA,6.9,,,,,,3572,2019-06-30
"SARABANGA AT SALEM, D/S
OF TEXTILE DYEING
INDUSTRIES EFFLUENT,
TAMILNADU",TAMIL NADU,SARABANGA,7.7,,,,,,3024,2019-06-30
,,NAN,7.5,,,,,,,2019-06-30
"SUBARNAREKHA AT RANCHI,
(TATISILWAI)",JHARKHAND,SUBARNAREKHA,6.5,,,,,,23,2019-06-30
"SUBARNAREKHA AT
JAMSHEDPUR",JHARKHAND,SUBARNAREKHA,7.2,,,,,,24,2019-06-30
"SUBARNAREKHA AT CHANDIL
BRIDGE",JHARKHAND,SUBARNAREKHA,7.4,,,,,,48,2019-06-30
"SUBARNAREKHA AT D/S
JAMSHEDPUR, (TATA NAGAR)",JHARKHAND,SUBARNAREKHA,7.4,,,,,,49,2019-06-30
"SURBARNREKHA RIVER AT
HATIA ROAD BRIDGE, RANCHI",JHARKHAND,SURBARNREKHA,6.5,,,,,,4084,2019-06-30
"SUBARNREKHA RIVER U/S
HINDALCO IND LTD, MURLI
WORKS, CHHOTAMURI,
RANCHI",JHARKHAND,SUBARNREKHA,7.3,,,,,,4086,2019-06-30
"SUBARNAREKHA AT NAMKUM
ROAD BRIDGE",JHARKHAND,SUBARNAREKHA,6.5,,,,,,2385,2019-06-30
"SUBARNAREKHA AT MURI
ROAD BRIDGE",JHARKHAND,SUBARNAREKHA,6.6,,,,,,2386,2019-06-30
"SUBAREKHA AT GHATISLA
ROAD BRIDGE",JHARKHAND,SUBAREKHA,7.4,,,,,,2387,2019-06-30
"SUBARNAREKHA AT HATIA
DAM",JHARKHAND,SUBARNAREKHA,7.3,,,,,,2395,2019-06-30
"SUBARNAREKHA AT
GATALSUD DAM",JHARKHAND,SUBARNAREKHA,7.3,,,,,,2397,2019-06-30
"SUBARNAREKHA AT CHANDIL
DAM",JHARKHAND,SUBARNAREKHA,7.4,,,,,,2399,2019-06-30
"SUBARNAREKHA AT RAJGHAT
(THENGUDIA)",ODISHA,SUBARNAREKHA,7.0,,,,,,1641,2019-06-30
,,NAN,7.5,,,,,,,2023-06-30
1001,"HIMACHAL
PRADESH",,7.2,,,,,,,2023-06-30
2601,"HIMACHAL
PRADESH",,6.5,,,,,,,2023-06-30
4444,"HIMACHAL
PRADESH",,6.7,,,,,,,2023-06-30
4037,"HIMACHAL
PRADESH",,6.3,,,,,,,2023-06-30
3866,"HIMACHAL
PRADESH",,7.0,,,,,,,2023-06-30
2602,"HIMACHAL
PRADESH",,6.7,,,,,,,2023-06-30
4445,"HIMACHAL
PRADESH",,6.6,,,,,,,2023-06-30
1002,"HIMACHAL
PRADESH",,7.2,,,,,,,2023-06-30
1003,"HIMACHAL
PRADESH",,7.2,,,,,,,2023-06-30
1004,"HIMACHAL
PRADESH",,7.1,,,,,,,2023-06-30
2603,"HIMACHAL
PRADESH",,7.1,,,,,,,2023-06-30
1005,"HIMACHAL
PRADESH",,6.9,,,,,,,2023-06-30
1550,"HIMACHAL
PRADESH",,7.2,,,,,,,2023-06-30
1006,"HIMACHAL
PRADESH",,7.0,,,,,,,2023-06-30
2604,"HIMACHAL
PRADESH",,7.2,,,,,,,2023-06-30
1007,"HIMACHAL
PRADESH",,7.3,,,,,,,2023-06-30
3855,"HIMACHAL
PRADESH",,7.5,,,,,,,2023-06-30
"Primary Water Quality Criteria notified under The E (P) Rules, 1986",,PRIMARY,7.5,,,,,,,2023-06-30
1292,"HIMACHAL
PRADESH",,7.5,,,,,,,2023-06-30
1009,"HIMACHAL
PRADESH",,7.4,,,,,,,2023-06-30
1008,"HIMACHAL
PRADESH",,7.2,,,,,,,2023-06-30
4435,"HIMACHAL
PRADESH",,6.9,,,,,,,2023-06-30
4436,"HIMACHAL
PRADESH",,7.0,,,,,,,2023-06-30
4437,"HIMACHAL
PRADESH",,7.4,,,,,,,2023-06-30
4438,"HIMACHAL
PRADESH",,7.2,,,,,,,2023-06-30
4443,"HIMACHAL
PRADESH",,6.8,,,,,,,2023-06-30
5765,"HIMACHAL
PRADESH",,7.0,,,,,,,2023-06-30
30083,"HIMACHAL
PRADESH",,8.1,,,,,,,2023-06-30
30084,PUNJAB,,8.0,,,,,,,2023-06-30
1693,PUNJAB,,7.4,,,,,,,2023-06-30
1694,PUNJAB,,7.7,,,,,,,2023-06-30
1010,PUNJAB,,7.5,,,,,,,2023-06-30
1695,PUNJAB,,7.5,,,,,,,2023-06-30
1294,PUNJAB,,7.6,,,,,,,2023-06-30
1696,PUNJAB,,7.5,,,,,,,2023-06-30
1697,PUNJAB,,7.7,,,,,,,2023-06-30
1011,PUNJAB,,7.8,,,,,,,2023-06-30
1012,PUNJAB,,7.8,,,,,,,2023-06-30
4164,PUNJAB,,7.7,,,,,,,2023-06-30
5504,PUNJAB,,7.9,,,,,,,2023-06-30
5505,PUNJAB,,7.9,,,,,,,2023-06-30
5506,PUNJAB,,7.8,,,,,,,2023-06-30
"Primary Water Quality Criteria notified under The E (P) Rules, 1986",,PRIMARY,7.5,,,,,,,2023-06-30
1867,"HIMACHAL
PRADESH",,7.5,,,,,,,2023-06-30
2611,"HIMACHAL
PRADESH",,7.8,,,,,,,2023-06-30
3872,"HIMACHAL
PRADESH",,7.6,,,,,,,2023-06-30
4448,"HIMACHAL
PRADESH",,7.6,,,,,,,2023-06-30
4449,"HIMACHAL
PRADESH",,7.8,,,,,,,2023-06-30
4452,"HIMACHAL
PRADESH",,7.5,,,,,,,2023-06-30
3871,"HIMACHAL
PRADESH",,7.5,,,,,,,2023-06-30
3870,"HIMACHAL
PRADESH",,7.8,,,,,,,2023-06-30
1389,"HIMACHAL
PRADESH",,7.7,,,,,,,2023-06-30
4453,"HIMACHAL
PRADESH",,7.5,,,,,,,2023-06-30
3869,"HIMACHAL
PRADESH",,7.5,,,,,,,2023-06-30
1086,"HIMACHAL
PRADESH",,7.7,,,,,,,2023-06-30
1087,"HIMACHAL
PRADESH",,7.6,,,,,,,2023-06-30
1013,"HIMACHAL
PRADESH",,6.5,,,,,,,2023-06-30
4446,"HIMACHAL
PRADESH",,7.5,,,,,,,2023-06-30
4447,"HIMACHAL
PRADESH",,7.5,,,,,,,2023-06-30
4032,"HIMACHAL
PRADESH",,7.4,,,,,,,2023-06-30
"Primary Water Quality Criteria notified under The E (P) Rules, 1986",,PRIMARY,7.5,,,,,,,2023-06-30
4033,"HIMACHAL
PRADESH",,6.8,,,,,,,2023-06-30
4450,"HIMACHAL
PRADESH",,7.5,,,,,,,2023-06-30
4451,"HIMACHAL
PRADESH",,7.6,,,,,,,2023-06-30
30009,"HIMACHAL
PRADESH",,7.9,,,,,,,2023-06-30
1014,"HIMACHAL
PRADESH",,5.7,,,,,,,2023-06-30
1015,"HIMACHAL
PRADESH",,7.3,,,,,,,2023-06-30
1016,"HIMACHAL
PRADESH",,6.9,,,,,,,2023-06-30
30087,"HIMACHAL
PRADESH",,7.9,,,,,,,2023-06-30
30088,"HIMACHAL
PRADESH",,8.0,,,,,,,2023-06-30
30010,PUNJAB,,7.7,,,,,,,2023-06-30
1814,PUNJAB,,7.0,,,,,,,2023-06-30
1380,PUNJAB,,7.4,,,,,,,2023-06-30
2915,PUNJAB,,7.6,,,,,,,2023-06-30
10020,PUNJAB,,7.1,,,,,,,2023-06-30
10021,PUNJAB,,7.0,,,,,,,2023-06-30
10022,PUNJAB,,7.6,,,,,,,2023-06-30
10023,PUNJAB,,7.2,,,,,,,2023-06-30
10024,PUNJAB,,7.3,,,,,,,2023-06-30
10027,PUNJAB,,7.6,,,,,,,2023-06-30
10028,PUNJAB,,7.2,,,,,,,2023-06-30
1017,PUNJAB,,7.5,,,,,,,2023-06-30
1018,PUNJAB,,7.6,,,,,,,2023-06-30
1293,PUNJAB,,7.3,,,,,,,2023-06-30
"Primary Water Quality Criteria notified under The E (P) Rules, 1986",,PRIMARY,7.5,,,,,,,2023-06-30
1019,PUNJAB,,7.5,,,,,,,2023-06-30
1690,PUNJAB,,7.4,,,,,,,2023-06-30
1020,PUNJAB,,7.2,,,,,,,2023-06-30
1022,PUNJAB,,7.2,,,,,,,2023-06-30
10025,PUNJAB,,6.9,,,,,,,2023-06-30
10026,PUNJAB,,6.7,,,,,,,2023-06-30
1021,PUNJAB,,7.1,,,,,,,2023-06-30
1381,PUNJAB,,7.1,,,,,,,2023-06-30
1691,PUNJAB,,7.0,,,,,,,2023-06-30
1692,PUNJAB,,6.9,,,,,,,2023-06-30
"Primary Water Quality Criteria notified under The E (P) Rules, 1986",,PRIMARY,7.5,,,,,,,2023-06-30
2615,"HIMACHAL
PRADESH",,7.1,,,,,,,2023-06-30
2613,"HIMACHAL
PRADESH",,7.5,,,,,,,2023-06-30
3873,"HIMACHAL
PRADESH",,7.5,,,,,,,2023-06-30
3874,"HIMACHAL
PRADESH",,7.5,,,,,,,2023-06-30
30089,"JAMMU &
KASHMIR",,8.0,,,,,,,2023-06-30
30085,PUNJAB,,7.9,,,,,,,2023-06-30
1097,PUNJAB,,7.5,,,,,,,2023-06-30
1290,"HIMACHAL
PRADESH",,6.5,,,,,,,2023-06-30
1090,"HIMACHAL
PRADESH",,7.0,,,,,,,2023-06-30
2605,"HIMACHAL
PRADESH",,6.8,,,,,,,2023-06-30
2606,"HIMACHAL
PRADESH",,6.8,,,,,,,2023-06-30
1551,"HIMACHAL
PRADESH",,7.4,,,,,,,2023-06-30
1552,"HIMACHAL
PRADESH",,7.3,,,,,,,2023-06-30
1868,"HIMACHAL
PRADESH",,7.1,,,,,,,2023-06-30
4485,"HIMACHAL
PRADESH",,7.5,,,,,,,2023-06-30
4486,"HIMACHAL
PRADESH",,7.2,,,,,,,2023-06-30
4487,"HIMACHAL
PRADESH",,7.6,,,,,,,2023-06-30
4489,"HIMACHAL
PRADESH",,7.7,,,,,,,2023-06-30
30012,PUNJAB,,7.6,,,,,,,2023-06-30
4161,PUNJAB,,7.2,,,,,,,2023-06-30
"Primary Water Quality Criteria notified under The E (P) Rules, 1986",,PRIMARY,7.5,,,,,,,2023-06-30
2616,"HIMACHAL
PRADESH",,6.7,,,,,,,2023-06-30
2607,"HIMACHAL
PRADESH",,7.1,,,,,,,2023-06-30
2608,"HIMACHAL
PRADESH",,7.3,,,,,,,2023-06-30
2609,"HIMACHAL
PRADESH",,7.1,,,,,,,2023-06-30
2610,"HIMACHAL
PRADESH",,7.6,,,,,,,2023-06-30
2612,"HIMACHAL
PRADESH",,7.5,,,,,,,2023-06-30
5767,"HIMACHAL
PRADESH",,7.0,,,,,,,2023-06-30
5769,"HIMACHAL
PRADESH",,7.5,,,,,,,2023-06-30
2755,"JAMMU &
KASHMIR",,8.1,,,,,,,2023-06-30
2756,"JAMMU &
KASHMIR",,8.0,,,,,,,2023-06-30
2752,"JAMMU &
KASHMIR",,7.3,,,,,,,2023-06-30
2753,"JAMMU &
KASHMIR",,7.5,,,,,,,2023-06-30
2747,"JAMMU &
KASHMIR",,7.6,,,,,,,2023-06-30
2748,"JAMMU &
KASHMIR",,7.1,,,,,,,2023-06-30
2749,"JAMMU &
KASHMIR",,7.2,,,,,,,2023-06-30
2750,"JAMMU &
KASHMIR",,7.2,,,,,,,2023-06-30
2751,"JAMMU &
KASHMIR",,7.3,,,,,,,2023-06-30
2754,"JAMMU &
KASHMIR",,7.9,,,,,,,2023-06-30
2757,"JAMMU &
KASHMIR",,7.6,,,,,,,2023-06-30
4058,"JAMMU &
KASHMIR",,8.3,,,,,,,2023-06-30
"Primary Water Quality Criteria notified under The E (P) Rules, 1986",,PRIMARY,7.5,,,,,,,2023-06-30
4062,"JAMMU &
KASHMIR",,7.6,,,,,,,2023-06-30
4063,"JAMMU &
KASHMIR",,7.3,,,,,,,2023-06-30
4081,"JAMMU &
KASHMIR",,7.5,,,,,,,2023-06-30
3277,"JAMMU &
KASHMIR",,7.4,,,,,,,2023-06-30
1410,"JAMMU &
KASHMIR",,7.3,,,,,,,2023-06-30
1411,"JAMMU &
KASHMIR",,7.3,,,,,,,2023-06-30
3272,"JAMMU &
KASHMIR",,7.1,,,,,,,2023-06-30
3273,"JAMMU &
KASHMIR",,7.7,,,,,,,2023-06-30
3274,"JAMMU &
KASHMIR",,7.5,,,,,,,2023-06-30
3275,"JAMMU &
KASHMIR",,7.3,,,,,,,2023-06-30
3276,"JAMMU &
KASHMIR",,7.3,,,,,,,2023-06-30
4053,"JAMMU &
KASHMIR",,7.6,,,,,,,2023-06-30
4054,"JAMMU &
KASHMIR",,7.5,,,,,,,2023-06-30
2742,"JAMMU &
KASHMIR",,7.3,,,,,,,2023-06-30
2743,"JAMMU &
KASHMIR",,7.5,,,,,,,2023-06-30
1412,"JAMMU &
KASHMIR",,7.9,,,,,,,2023-06-30
2744,"JAMMU &
KASHMIR",,7.9,,,,,,,2023-06-30
2745,"JAMMU &
KASHMIR",,9.0,,,,,,,2023-06-30
2746,"JAMMU &
KASHMIR",,7.9,,,,,,,2023-06-30
4055,"JAMMU &
KASHMIR",,8.9,,,,,,,2023-06-30
4056,"JAMMU &
KASHMIR",,7.7,,,,,,,2023-06-30
"Primary Water Quality Criteria notified under The E (P) Rules, 1986",,PRIMARY,7.5,,,,,,,2023-06-30
1307,"JAMMU &
KASHMIR",,7.1,,,,,,,2023-06-30
4030,"HIMACHAL
PRADESH",,7.6,,,,,,,2023-06-30
4031,"HIMACHAL
PRADESH",,7.4,,,,,,,2023-06-30
1869,"HIMACHAL
PRADESH",,6.7,,,,,,,2023-06-30
3856,"HIMACHAL
PRADESH",,7.3,,,,,,,2023-06-30
3857,"HIMACHAL
PRADESH",,7.5,,,,,,,2023-06-30
3858,"HIMACHAL
PRADESH",,7.4,,,,,,,2023-06-30
3859,"HIMACHAL
PRADESH",,7.4,,,,,,,2023-06-30
30011,PUNJAB,,7.6,,,,,,,2023-06-30
4433,"HIMACHAL
PRADESH",,7.4,,,,,,,2023-06-30
2758,"JAMMU &
KASHMIR",,7.5,,,,,,,2023-06-30
2913,PUNJAB,,6.8,,,,,,,2023-06-30
3278,"JAMMU &
KASHMIR",,7.0,,,,,,,2023-06-30
3279,"JAMMU &
KASHMIR",,7.5,,,,,,,2023-06-30
3280,"JAMMU &
KASHMIR",,7.8,,,,,,,2023-06-30
3281,"JAMMU &
KASHMIR",,7.4,,,,,,,2023-06-30
3282,"JAMMU &
KASHMIR",,7.1,,,,,,,2023-06-30
4051,"JAMMU &
KASHMIR",,7.6,,,,,,,2023-06-30
4052,"JAMMU &
KASHMIR",,7.8,,,,,,,2023-06-30
3283,"JAMMU &
KASHMIR",,7.6,,,,,,,2023-06-30
"Primary Water Quality Criteria notified under The E (P) Rules, 1986",,PRIMARY,7.5,,,,,,,2023-06-30
3284,"JAMMU &
KASHMIR",,7.3,,,,,,,2023-06-30
3285,"JAMMU &
KASHMIR",,7.6,,,,,,,2023-06-30
3286,"JAMMU &
KASHMIR",,7.4,,,,,,,2023-06-30
3287,"JAMMU &
KASHMIR",,7.5,,,,,,,2023-06-30
4023,"HIMACHAL
PRADESH",,7.5,,,,,,,2023-06-30
4024,"HIMACHAL
PRADESH",,7.6,,,,,,,2023-06-30
4025,"HIMACHAL
PRADESH",,7.3,,,,,,,2023-06-30
4026,"HIMACHAL
PRADESH",,7.0,,,,,,,2023-06-30
4038,"HIMACHAL
PRADESH",,7.2,,,,,,,2023-06-30
4424,"HIMACHAL
PRADESH",,7.2,,,,,,,2023-06-30
4432,"HIMACHAL
PRADESH",,7.4,,,,,,,2023-06-30
4457,"HIMACHAL
PRADESH",,7.1,,,,,,,2023-06-30
4458,"HIMACHAL
PRADESH",,7.3,,,,,,,2023-06-30
4460,"HIMACHAL
PRADESH",,7.6,,,,,,,2023-06-30
4469,"HIMACHAL
PRADESH",,7.7,,,,,,,2023-06-30
4470,"HIMACHAL
PRADESH",,7.4,,,,,,,2023-06-30
4471,"HIMACHAL
PRADESH",,7.2,,,,,,,2023-06-30
4488,"HIMACHAL
PRADESH",,7.5,,,,,,,2023-06-30
5489,"HIMACHAL
PRADESH",,8.3,,,,,,,2023-06-30
"Primary Water Quality Criteria notified under The E (P) Rules, 1986",,PRIMARY,7.5,,,,,,,2023-06-30
5766,"HIMACHAL
PRADESH",,7.3,,,,,,,2023-06-30
1306,"JAMMU &
KASHMIR",,7.4,,,,,,,2023-06-30
5248,"HIMACHAL
PRADESH",,7.1,,,,,,,2023-06-30
5251,"HIMACHAL
PRADESH",,7.1,,,,,,,2023-06-30
5252,"HIMACHAL
PRADESH",,7.2,,,,,,,2023-06-30
5254,"HIMACHAL
PRADESH",,7.2,,,,,,,2023-06-30
5255,"HIMACHAL
PRADESH",,7.2,,,,,,,2023-06-30
5256,"HIMACHAL
PRADESH",,7.2,,,,,,,2023-06-30
"Primary Water Quality Criteria notified under The E (P) Rules, 1986",,PRIMARY,7.5,,,,,,,2023-06-30
1488,UTTARAKHAND,,7.8,,,,,,,2023-06-30
1489,UTTARAKHAND,,7.5,,,,,,,2023-06-30
5776,UTTARAKHAND,,7.2,,,,,,,2023-06-30
1060,UTTARAKHAND,,7.1,,,,,,,2023-06-30
5777,UTTARAKHAND,,7.0,,,,,,,2023-06-30
10147,UTTARAKHAND,,7.1,,,,,,,2023-06-30
2725,UTTARAKHAND,,7.1,,,,,,,2023-06-30
10148,UTTARAKHAND,,7.3,,,,,,,2023-06-30
3997,UTTARAKHAND,,7.3,,,,,,,2023-06-30
1061,UTTARAKHAND,,7.2,,,,,,,2023-06-30
5778,UTTARAKHAND,,7.2,,,,,,,2023-06-30
2727,UTTARAKHAND,,7.4,,,,,,,2023-06-30
30005,UTTARAKHAND,,7.3,,,,,,,2023-06-30
30006,"UTTAR
PRADESH",,7.6,,,,,,,2023-06-30
10150,"UTTAR
PRADESH",,7.6,,,,,,,2023-06-30
5708,"UTTAR
PRADESH",,7.7,,,,,,,2023-06-30
10149,"UTTAR
PRADESH",,7.0,,,,,,,2023-06-30
1062,"UTTAR
PRADESH",,7.3,,,,,,,2023-06-30
2488,"UTTAR
PRADESH",,7.1,,,,,,,2023-06-30
2489,"UTTAR
PRADESH",,7.1,,,,,,,2023-06-30
1145,"UTTAR
PRADESH",,7.0,,,,,,,2023-06-30
2490,"UTTAR
PRADESH",,7.4,,,,,,,2023-06-30
10151,"UTTAR
PRADESH",,8.0,,,,,,,2023-06-30
"Primary Water Quality Criteria notified under The E (P) Rules, 1986",,PRIMARY,7.5,,,,,,,2023-06-30
1063,"UTTAR
PRADESH",,8.1,,,,,,,2023-06-30
1066,"UTTAR
PRADESH",,8.0,,,,,,,2023-06-30
5709,"UTTAR
PRADESH",,8.1,,,,,,,2023-06-30
1146,"UTTAR
PRADESH",,7.8,,,,,,,2023-06-30
10154,"UTTAR
PRADESH",,7.8,,,,,,,2023-06-30
1067,"UTTAR
PRADESH",,7.5,,,,,,,2023-06-30
10155,"UTTAR
PRADESH",,7.5,,,,,,,2023-06-30
10156,"UTTAR
PRADESH",,7.8,,,,,,,2023-06-30
10157,"UTTAR
PRADESH",,7.7,,,,,,,2023-06-30
1068,"UTTAR
PRADESH",,7.4,,,,,,,2023-06-30
5710,"UTTAR
PRADESH",,7.8,,,,,,,2023-06-30
5711,"UTTAR
PRADESH",,7.8,,,,,,,2023-06-30
1147,"UTTAR
PRADESH",,7.7,,,,,,,2023-06-30
2498,"UTTAR
PRADESH",,7.8,,,,,,,2023-06-30
2487,"UTTAR
PRADESH",,7.7,,,,,,,2023-06-30
5713,"UTTAR
PRADESH",,7.8,,,,,,,2023-06-30
1046,"UTTAR
PRADESH",,7.8,,,,,,,2023-06-30
1049,"UTTAR
PRADESH",,7.8,,,,,,,2023-06-30
5714,"UTTAR
PRADESH",,7.7,,,,,,,2023-06-30
"Primary Water Quality Criteria notified under The E (P) Rules, 1986",,PRIMARY,7.5,,,,,,,2023-06-30
10158,"UTTAR
PRADESH",,7.4,,,,,,,2023-06-30
2485,"UTTAR
PRADESH",,7.9,,,,,,,2023-06-30
2486,"UTTAR
PRADESH",,7.6,,,,,,,2023-06-30
10153,"UTTAR
PRADESH",,7.7,,,,,,,2023-06-30
1070,"UTTAR
PRADESH",,7.8,,,,,,,2023-06-30
1071,"UTTAR
PRADESH",,7.6,,,,,,,2023-06-30
5715,"UTTAR
PRADESH",,7.7,,,,,,,2023-06-30
10152,"UTTAR
PRADESH",,7.8,,,,,,,2023-06-30
5716,"UTTAR
PRADESH",,7.3,,,,,,,2023-06-30
1073,"UTTAR
PRADESH",,7.7,,,,,,,2023-06-30
10113,BIHAR,,7.2,,,,,,,2023-06-30
1074,BIHAR,,7.1,,,,,,,2023-06-30
2551,BIHAR,,7.3,,,,,,,2023-06-30
3113,BIHAR,,7.3,,,,,,,2023-06-30
10162,BIHAR,,7.2,,,,,,,2023-06-30
2564,BIHAR,,7.4,,,,,,,2023-06-30
10114,BIHAR,,7.4,,,,,,,2023-06-30
3114,BIHAR,,7.2,,,,,,,2023-06-30
1077,BIHAR,,7.2,,,,,,,2023-06-30
2552,BIHAR,,7.1,,,,,,,2023-06-30
10115,BIHAR,,7.2,,,,,,,2023-06-30
1079,BIHAR,,7.22,,,,,,,2023-06-30
3122,BIHAR,,7.2,,,,,,,2023-06-30
4297,BIHAR,,7.1,,,,,,,2023-06-30
"Primary Water Quality Criteria notified under The E (P) Rules, 1986",,PRIMARY,7.5,,,,,,,2023-06-30
10122,BIHAR,,7.2,,,,,,,2023-06-30
2553,BIHAR,,7.0,,,,,,,2023-06-30
4301,BIHAR,,7.4,,,,,,,2023-06-30
3115,BIHAR,,7.4,,,,,,,2023-06-30
10130,BIHAR,,7.3,,,,,,,2023-06-30
10131,BIHAR,,7.4,,,,,,,2023-06-30
1817,BIHAR,,7.2,,,,,,,2023-06-30
1815,BIHAR,,7.1,,,,,,,2023-06-30
3123,BIHAR,,7.2,,,,,,,2023-06-30
3116,BIHAR,,7.4,,,,,,,2023-06-30
1818,BIHAR,,7.4,,,,,,,2023-06-30
3117,BIHAR,,7.2,,,,,,,2023-06-30
2554,BIHAR,,7.3,,,,,,,2023-06-30
10138,BIHAR,,7.2,,,,,,,2023-06-30
1819,BIHAR,,7.2,,,,,,,2023-06-30
4398,BIHAR,,7.2,,,,,,,2023-06-30
3118,BIHAR,,7.2,,,,,,,2023-06-30
1816,BIHAR,,7.0,,,,,,,2023-06-30
10143,BIHAR,,7.4,,,,,,,2023-06-30
30076,BIHAR,,7.8,,,,,,,2023-06-30
10144,JHARKHAND,,7.4,,,,,,,2023-06-30
10145,JHARKHAND,,7.5,,,,,,,2023-06-30
1059,JHARKHAND,,7.3,,,,,,,2023-06-30
10146,JHARKHAND,,7.4,,,,,,,2023-06-30
5162,WEST BENGAL,,6.7,,,,,,,2023-06-30
"Primary Water Quality Criteria notified under The E (P) Rules, 1986",,PRIMARY,7.5,,,,,,,2023-06-30
10160,WEST BENGAL,,6.8,,,,,,,2023-06-30
1080,WEST BENGAL,,6.7,,,,,,,2023-06-30
10159,WEST BENGAL,,6.8,,,,,,,2023-06-30
2511,WEST BENGAL,,7.0,,,,,,,2023-06-30
2506,WEST BENGAL,,6.7,,,,,,,2023-06-30
1054,WEST BENGAL,,7.1,,,,,,,2023-06-30
10161,WEST BENGAL,,7.1,,,,,,,2023-06-30
1472,WEST BENGAL,,7.1,,,,,,,2023-06-30
1053,WEST BENGAL,,6.9,,,,,,,2023-06-30
1471,WEST BENGAL,,6.8,,,,,,,2023-06-30
1470,WEST BENGAL,,6.9,,,,,,,2023-06-30
1052,WEST BENGAL,,6.8,,,,,,,2023-06-30
1469,WEST BENGAL,,6.8,,,,,,,2023-06-30
1335,WEST BENGAL,,7.8,,,,,,,2023-06-30
"Primary Water Quality Criteria notified under The E (P) Rules, 1986",,PRIMARY,7.5,,,,,,,2023-06-30
1492,UTTARAKHAND,,7.8,,,,,,,2023-06-30
1493,UTTARAKHAND,,7.6,,,,,,,2023-06-30
1494,UTTARAKHAND,,7.7,,,,,,,2023-06-30
30025,UTTARAKHAND,,8.2,,,,,,,2023-06-30
1490,UTTARAKHAND,,7.0,,,,,,,2023-06-30
30027,"HIMACHAL
PRADESH",,8.0,,,,,,,2023-06-30
1553,"HIMACHAL
PRADESH",,7.0,,,,,,,2023-06-30
1554,"HIMACHAL
PRADESH",,7.7,,,,,,,2023-06-30
4439,"HIMACHAL
PRADESH",,7.4,,,,,,,2023-06-30
4440,"HIMACHAL
PRADESH",,7.7,,,,,,,2023-06-30
30028,HARYANA,,8.0,,,,,,,2023-06-30
30035,HARYANA,,7.8,,,,,,,2023-06-30
1117,HARYANA,,7.3,,,,,,,2023-06-30
1496,HARYANA,,7.1,,,,,,,2023-06-30
4914,HARYANA,,6.9,,,,,,,2023-06-30
30032,HARYANA,,7.7,,,,,,,2023-06-30
10004,HARYANA,,6.9,,,,,,,2023-06-30
30029,HARYANA,,7.7,,,,,,,2023-06-30
1119,HARYANA,,6.1,,,,,,,2023-06-30
10005,HARYANA,,5.5,,,,,,,2023-06-30
10006,DELHI,,7.5,,,,,,,2023-06-30
30026,DELHI,,7.4,,,,,,,2023-06-30
1120,DELHI,,7.1,,,,,,,2023-06-30
"Primary Water Quality Criteria notified under The E (P) Rules, 1986",,PRIMARY,7.5,,,,,,,2023-06-30
5098,DELHI,,7.2,,,,,,,2023-06-30
5099,DELHI,,7.1,,,,,,,2023-06-30
5100,DELHI,,7.2,,,,,,,2023-06-30
1121,DELHI,,7.1,,,,,,,2023-06-30
1375,DELHI,,7.1,,,,,,,2023-06-30
1812,DELHI,,6.8,,,,,,,2023-06-30
30030,"UTTAR
PRADESH",,7.4,,,,,,,2023-06-30
30031,HARYANA,,7.6,,,,,,,2023-06-30
30024,HARYANA,,7.5,,,,,,,2023-06-30
2493,"UTTAR
PRADESH",,7.6,,,,,,,2023-06-30
2495,"UTTAR
PRADESH",,7.6,,,,,,,2023-06-30
1123,"UTTAR
PRADESH",,7.6,,,,,,,2023-06-30
2494,"UTTAR
PRADESH",,7.6,,,,,,,2023-06-30
1124,"UTTAR
PRADESH",,7.8,,,,,,,2023-06-30
1125,"UTTAR
PRADESH",,7.5,,,,,,,2023-06-30
1126,"UTTAR
PRADESH",,6.7,,,,,,,2023-06-30
1498,"UTTAR
PRADESH",,7.4,,,,,,,2023-06-30
10081,"UTTAR
PRADESH",,7.5,,,,,,,2023-06-30
10082,"UTTAR
PRADESH",,7.4,,,,,,,2023-06-30
1127,"UTTAR
PRADESH",,7.5,,,,,,,2023-06-30
"Primary Water Quality Criteria notified under The E (P) Rules, 1986",,PRIMARY,7.5,,,,,,,2023-06-30
1510,"HIMACHAL
PRADESH",,7.3,,,,,,,2023-06-30
30023,UTTARAKHAND,,8.2,,,,,,,2023-06-30
4027,"HIMACHAL
PRADESH",,7.6,,,,,,,2023-06-30
4028,"HIMACHAL
PRADESH",,7.6,,,,,,,2023-06-30
2621,"HIMACHAL
PRADESH",,7.7,,,,,,,2023-06-30
3876,"HIMACHAL
PRADESH",,7.5,,,,,,,2023-06-30
2622,"HIMACHAL
PRADESH",,7.3,,,,,,,2023-06-30
2623,"HIMACHAL
PRADESH",,7.9,,,,,,,2023-06-30
3877,"HIMACHAL
PRADESH",,7.2,,,,,,,2023-06-30
"Primary Water Quality Criteria notified under The E (P) Rules, 1986",,PRIMARY,7.5,,,,,,,2023-06-30
3878,"HIMACHAL
PRADESH",,7.2,,,,,,,2023-06-30
3860,"HIMACHAL
PRADESH",,7.3,,,,,,,2023-06-30
4427,"HIMACHAL
PRADESH",,7.2,,,,,,,2023-06-30
4441,"HIMACHAL
PRADESH",,7.6,,,,,,,2023-06-30
4442,"HIMACHAL
PRADESH",,7.0,,,,,,,2023-06-30
4473,"HIMACHAL
PRADESH",,7.8,,,,,,,2023-06-30
5292,"HIMACHAL
PRADESH",,7.2,,,,,,,2023-06-30
5764,"HIMACHAL
PRADESH",,7.6,,,,,,,2023-06-30
2617,"HIMACHAL
PRADESH",,7.2,,,,,,,2023-06-30
2618,"HIMACHAL
PRADESH",,7.2,,,,,,,2023-06-30
2619,"HIMACHAL
PRADESH",,7.0,,,,,,,2023-06-30
4039,"HIMACHAL
PRADESH",,7.2,,,,,,,2023-06-30
5488,"HIMACHAL
PRADESH",,7.1,,,,,,,2023-06-30
5767,"HIMACHAL
PRADESH",,7.0,,,,,,,2023-06-30
2620,"HIMACHAL
PRADESH",,7.7,,,,,,,2023-06-30
2626,"HIMACHAL
PRADESH",,7.1,,,,,,,2023-06-30
2627,"HIMACHAL
PRADESH",,7.4,,,,,,,2023-06-30
4428,"HIMACHAL
PRADESH",,5.5,,,,,,,2023-06-30
4429,"HIMACHAL
PRADESH",,6.8,,,,,,,2023-06-30
"Primary Water Quality Criteria notified under The E (P) Rules, 1986",,PRIMARY,7.5,,,,,,,2023-06-30
4461,"HIMACHAL
PRADESH",,7.2,,,,,,,2023-06-30
4479,"HIMACHAL
PRADESH",,7.1,,,,,,,2023-06-30
4431,"HIMACHAL
PRADESH",,7.6,,,,,,,2023-06-30
30037,UTTARAKHAND,,7.2,,,,,,,2023-06-30
30038,"UTTAR
PRADESH",,7.3,,,,,,,2023-06-30
10099,"UTTAR
PRADESH",,7.2,,,,,,,2023-06-30
10102,"UTTAR
PRADESH",,6.5,,,,,,,2023-06-30
10103,"UTTAR
PRADESH",,6.8,,,,,,,2023-06-30
10106,"UTTAR
PRADESH",,6.2,,,,,,,2023-06-30
10100,"UTTAR
PRADESH",,7.5,,,,,,,2023-06-30
10101,"UTTAR
PRADESH",,7.4,,,,,,,2023-06-30
1483,"UTTAR
PRADESH",,7.5,,,,,,,2023-06-30
2496,"UTTAR
PRADESH",,7.6,,,,,,,2023-06-30
1357,"UTTAR
PRADESH",,6.7,,,,,,,2023-06-30
1358,"UTTAR
PRADESH",,6.4,,,,,,,2023-06-30
10104,"UTTAR
PRADESH",,6.9,,,,,,,2023-06-30
10105,"UTTAR
PRADESH",,7.0,,,,,,,2023-06-30
1477,"UTTAR
PRADESH",,7.2,,,,,,,2023-06-30
1478,"UTTAR
PRADESH",,7.0,,,,,,,2023-06-30
4606,"MADHYA
PRADESH",,7.2,,,,,,,2023-06-30
1356,"UTTAR
PRADESH",,7.2,,,,,,,2023-06-30
"Primary Water Quality Criteria notified under The E (P) Rules, 1986",,PRIMARY,7.5,,,,,,,2023-06-30
30079,"UTTAR
PRADESH",,7.7,,,,,,,2023-06-30
30080,"MADHYA
PRADESH",,8.1,,,,,,,2023-06-30
1614,"MADHYA
PRADESH",,7.5,,,,,,,2023-06-30
1614,"MADHYA
PRADESH",,7.5,,,,,,,2023-06-30
2107,"MADHYA
PRADESH",,7.4,,,,,,,2023-06-30
2108,"MADHYA
PRADESH",,7.4,,,,,,,2023-06-30
2119,"MADHYA
PRADESH",,6.4,,,,,,,2023-06-30
2121,"MADHYA
PRADESH",,7.2,,,,,,,2023-06-30
2122,"MADHYA
PRADESH",,7.3,,,,,,,2023-06-30
2124,"MADHYA
PRADESH",,7.5,,,,,,,2023-06-30
2125,"MADHYA
PRADESH",,7.5,,,,,,,2023-06-30
3832,"MADHYA
PRADESH",,7.6,,,,,,,2023-06-30
2953,RAJASTHAN,,8.1,,,,,,,2023-06-30
2956,RAJASTHAN,,8.2,,,,,,,2023-06-30
3310,"MADHYA
PRADESH",,7.3,,,,,,,2023-06-30
3313,"MADHYA
PRADESH",,7.6,,,,,,,2023-06-30
3314,"MADHYA
PRADESH",,7.7,,,,,,,2023-06-30
3319,"MADHYA
PRADESH",,7.4,,,,,,,2023-06-30
3320,"MADHYA
PRADESH",,7.3,,,,,,,2023-06-30
3833,"MADHYA
PRADESH",,6.9,,,,,,,2023-06-30
"Primary Water Quality Criteria notified under The E (P) Rules, 1986",,PRIMARY,7.5,,,,,,,2023-06-30
5538,"MADHYA
PRADESH",,7.4,,,,,,,2023-06-30
5539,"MADHYA
PRADESH",,7.2,,,,,,,2023-06-30
5540,"MADHYA
PRADESH",,7.1,,,,,,,2023-06-30
5544,"MADHYA
PRADESH",,7.1,,,,,,,2023-06-30
2955,RAJASTHAN,,6.9,,,,,,,2023-06-30
1288,RAJASTHAN,,7.9,,,,,,,2023-06-30
1289,RAJASTHAN,,7.9,,,,,,,2023-06-30
10029,RAJASTHAN,,8.2,,,,,,,2023-06-30
10030,RAJASTHAN,,8.1,,,,,,,2023-06-30
4769,RAJASTHAN,,7.0,,,,,,,2023-06-30
30086,"UTTAR
PRADESH",,7.1,,,,,,,2023-06-30
30060,"MADHYA
PRADESH",,7.7,,,,,,,2023-06-30
1418,"MADHYA
PRADESH",,7.6,,,,,,,2023-06-30
3309,"MADHYA
PRADESH",,7.3,,,,,,,2023-06-30
1365,"MADHYA
PRADESH",,7.3,,,,,,,2023-06-30
1366,"MADHYA
PRADESH",,3.4,,,,,,,2023-06-30
1609,"MADHYA
PRADESH",,7.1,,,,,,,2023-06-30
3308,"MADHYA
PRADESH",,7.5,,,,,,,2023-06-30
4607,"MADHYA
PRADESH",,7.2,,,,,,,2023-06-30
"Primary Water Quality Criteria notified under The E (P) Rules, 1986",,PRIMARY,7.5,,,,,,,2023-06-30
4610,"MADHYA
PRADESH",,7.4,,,,,,,2023-06-30
2954,RAJASTHAN,,8.1,,,,,,,2023-06-30
2109,"MADHYA
PRADESH",,7.2,,,,,,,2023-06-30
2126,"MADHYA
PRADESH",,7.4,,,,,,,2023-06-30
1432,"MADHYA
PRADESH",,7.2,,,,,,,2023-06-30
1367,"MADHYA
PRADESH",,7.2,,,,,,,2023-06-30
2110,"MADHYA
PRADESH",,7.2,,,,,,,2023-06-30
2111,"MADHYA
PRADESH",,7.4,,,,,,,2023-06-30
1372,"MADHYA
PRADESH",,6.8,,,,,,,2023-06-30
1369,"MADHYA
PRADESH",,7.1,,,,,,,2023-06-30
1370,"MADHYA
PRADESH",,7.4,,,,,,,2023-06-30
1468,"MADHYA
PRADESH",,7.3,,,,,,,2023-06-30
3315,"MADHYA
PRADESH",,7.1,,,,,,,2023-06-30
3316,"MADHYA
PRADESH",,7.5,,,,,,,2023-06-30
3317,"MADHYA
PRADESH",,7.4,,,,,,,2023-06-30
2379,JHARKHAND,,7.2,,,,,,,2023-06-30
"Primary Water Quality Criteria notified under The E (P) Rules, 1986",,PRIMARY,7.5,,,,,,,2023-06-30
2724,UTTARAKHAND,,6.8,,,,,,,2023-06-30
2734,UTTARAKHAND,,7.2,,,,,,,2023-06-30
2735,UTTARAKHAND,,6.7,,,,,,,2023-06-30
2732,UTTARAKHAND,,6.8,,,,,,,2023-06-30
2733,UTTARAKHAND,,7.0,,,,,,,2023-06-30
30004,UTTARAKHAND,,7.1,,,,,,,2023-06-30
2731,UTTARAKHAND,,7.4,,,,,,,2023-06-30
30002,UTTARAKHAND,,7.5,,,,,,,2023-06-30
2728,UTTARAKHAND,,7.3,,,,,,,2023-06-30
2729,UTTARAKHAND,,7.2,,,,,,,2023-06-30
30003,UTTARAKHAND,,7.6,,,,,,,2023-06-30
2730,UTTARAKHAND,,7.2,,,,,,,2023-06-30
30000,"UTTAR
PRADESH",,7.5,,,,,,,2023-06-30
30001,"UTTAR
PRADESH",,6.2,,,,,,,2023-06-30
2736,UTTARAKHAND,,7.5,,,,,,,2023-06-30
2737,UTTARAKHAND,,7.4,,,,,,,2023-06-30
3438,UTTARAKHAND,,7.1,,,,,,,2023-06-30
3439,UTTARAKHAND,,6.8,,,,,,,2023-06-30
30077,"UTTAR
PRADESH",,7.2,,,,,,,2023-06-30
"Primary Water Quality Criteria notified under The E (P) Rules, 1986",,PRIMARY,7.5,,,,,,,2023-06-30
30078,UTTARAKHAND,,7.1,,,,,,,2023-06-30
30077,"UTTAR
PRADESH",,7.2,,,,,,,2023-06-30
1064,"UTTAR
PRADESH",,8.0,,,,,,,2023-06-30
1065,"UTTAR
PRADESH",,7.4,,,,,,,2023-06-30
1480,"UTTAR
PRADESH",,7.6,,,,,,,2023-06-30
2497,"UTTAR
PRADESH",,7.5,,,,,,,2023-06-30
2482,"UTTAR
PRADESH",,8.0,,,,,,,2023-06-30
2483,"UTTAR
PRADESH",,7.2,,,,,,,2023-06-30
2502,"UTTAR
PRADESH",,7.5,,,,,,,2023-06-30
1361,"UTTAR
PRADESH",,7.7,,,,,,,2023-06-30
2484,"UTTAR
PRADESH",,8.1,,,,,,,2023-06-30
1072,"UTTAR
PRADESH",,7.9,,,,,,,2023-06-30
1350,"UTTAR
PRADESH",,7.8,,,,,,,2023-06-30
1351,"UTTAR
PRADESH",,7.4,,,,,,,2023-06-30
1352,"UTTAR
PRADESH",,7.0,,,,,,,2023-06-30
1353,"UTTAR
PRADESH",,7.8,,,,,,,2023-06-30
10083,"UTTAR
PRADESH",,7.8,,,,,,,2023-06-30
10084,"UTTAR
PRADESH",,7.7,,,,,,,2023-06-30
10085,"UTTAR
PRADESH",,7.7,,,,,,,2023-06-30
"Primary Water Quality Criteria notified under The E (P) Rules, 1986",,PRIMARY,7.5,,,,,,,2023-06-30
10086,"UTTAR
PRADESH",,7.6,,,,,,,2023-06-30
10087,"UTTAR
PRADESH",,7.4,,,,,,,2023-06-30
10088,"UTTAR
PRADESH",,7.3,,,,,,,2023-06-30
10089,"UTTAR
PRADESH",,7.2,,,,,,,2023-06-30
10090,"UTTAR
PRADESH",,7.2,,,,,,,2023-06-30
10091,"UTTAR
PRADESH",,7.1,,,,,,,2023-06-30
10092,"UTTAR
PRADESH",,7.0,,,,,,,2023-06-30
10093,"UTTAR
PRADESH",,7.3,,,,,,,2023-06-30
10094,"UTTAR
PRADESH",,7.3,,,,,,,2023-06-30
10095,"UTTAR
PRADESH",,7.9,,,,,,,2023-06-30
10096,"UTTAR
PRADESH",,8.0,,,,,,,2023-06-30
10097,"UTTAR
PRADESH",,8.0,,,,,,,2023-06-30
1363,"UTTAR
PRADESH",,7.9,,,,,,,2023-06-30
4517,"UTTAR
PRADESH",,7.7,,,,,,,2023-06-30
1076,BIHAR,,7.0,,,,,,,2023-06-30
1355,"UTTAR
PRADESH",,7.7,,,,,,,2023-06-30
2492,"UTTAR
PRADESH",,7.8,,,,,,,2023-06-30
1359,"UTTAR
PRADESH",,7.9,,,,,,,2023-06-30
1360,"UTTAR
PRADESH",,7.8,,,,,,,2023-06-30
1143,"MADHYA
PRADESH",,7.6,,,,,,,2023-06-30
"Primary Water Quality Criteria notified under The E (P) Rules, 1986",,PRIMARY,7.5,,,,,,,2023-06-30
1144,"MADHYA
PRADESH",,7.5,,,,,,,2023-06-30
3328,"MADHYA
PRADESH",,7.3,,,,,,,2023-06-30
3853,"MADHYA
PRADESH",,7.4,,,,,,,2023-06-30
4609,"MADHYA
PRADESH",,7.6,,,,,,,2023-06-30
5543,"MADHYA
PRADESH",,7.5,,,,,,,2023-06-30
4611,"MADHYA
PRADESH",,7.4,,,,,,,2023-06-30
1607,"MADHYA
PRADESH",,7.1,,,,,,,2023-06-30
2120,"MADHYA
PRADESH",,7.2,,,,,,,2023-06-30
2142,"MADHYA
PRADESH",,7.1,,,,,,,2023-06-30
4621,"MADHYA
PRADESH",,7.7,,,,,,,2023-06-30
"Primary Water Quality Criteria notified under The E (P) Rules, 1986",,PRIMARY,7.5,,,,,,,2023-06-30
1820,BIHAR,,7.1,,,,,,,2023-06-30
2575,BIHAR,,7.1,,,,,,,2023-06-30
3134,BIHAR,,7.2,,,,,,,2023-06-30
4291,BIHAR,,7.3,,,,,,,2023-06-30
2562,BIHAR,,7.3,,,,,,,2023-06-30
2570,BIHAR,,7.2,,,,,,,2023-06-30
3124,BIHAR,,7.2,,,,,,,2023-06-30
4295,BIHAR,,7.3,,,,,,,2023-06-30
4300,BIHAR,,7.3,,,,,,,2023-06-30
4403,BIHAR,,7.5,,,,,,,2023-06-30
1822,BIHAR,,7.2,,,,,,,2023-06-30
3136,BIHAR,,7.2,,,,,,,2023-06-30
2558,BIHAR,,7.2,,,,,,,2023-06-30
3126,BIHAR,,7.4,,,,,,,2023-06-30
2566,BIHAR,,7.3,,,,,,,2023-06-30
3137,BIHAR,,7.5,,,,,,,2023-06-30
2565,BIHAR,,7.0,,,,,,,2023-06-30
1821,BIHAR,,7.3,,,,,,,2023-06-30
2560,BIHAR,,7.1,,,,,,,2023-06-30
2561,BIHAR,,7.2,,,,,,,2023-06-30
3129,BIHAR,,7.3,,,,,,,2023-06-30
4292,BIHAR,,7.3,,,,,,,2023-06-30
4397,BIHAR,,7.1,,,,,,,2023-06-30
"Primary Water Quality Criteria notified under The E (P) Rules, 1986",,PRIMARY,7.5,,,,,,,2023-06-30
1823,BIHAR,,7.1,,,,,,,2023-06-30
4405,BIHAR,,7.2,,,,,,,2023-06-30
2559,BIHAR,,6.7,,,,,,,2023-06-30
3130,BIHAR,,7.1,,,,,,,2023-06-30
3132,BIHAR,,7.3,,,,,,,2023-06-30
3135,BIHAR,,7.5,,,,,,,2023-06-30
2563,BIHAR,,7.3,,,,,,,2023-06-30
3131,BIHAR,,7.2,,,,,,,2023-06-30
4402,BIHAR,,7.4,,,,,,,2023-06-30
2555,BIHAR,,7.0,,,,,,,2023-06-30
3119,BIHAR,,7.5,,,,,,,2023-06-30
3120,BIHAR,,7.5,,,,,,,2023-06-30
4406,BIHAR,,7.5,,,,,,,2023-06-30
4293,BIHAR,,7.2,,,,,,,2023-06-30
4294,BIHAR,,7.3,,,,,,,2023-06-30
4399,BIHAR,,7.5,,,,,,,2023-06-30
4400,BIHAR,,7.5,,,,,,,2023-06-30
4401,BIHAR,,7.5,,,,,,,2023-06-30
4404,BIHAR,,7.5,,,,,,,2023-06-30
1824,BIHAR,,7.3,,,,,,,2023-06-30
2117,"MADHYA
PRADESH",,7.1,,,,,,,2023-06-30
1433,"MADHYA
PRADESH",,7.2,,,,,,,2023-06-30
1075,BIHAR,,7.0,,,,,,,2023-06-30
3127,BIHAR,,7.2,,,,,,,2023-06-30
4913,BIHAR,,7.3,,,,,,,2023-06-30
"Primary Water Quality Criteria notified under The E (P) Rules, 1986",,PRIMARY,7.5,,,,,,,2023-06-30
3128,BIHAR,,7.4,,,,,,,2023-06-30
4298,BIHAR,,7.4,,,,,,,2023-06-30
2556,BIHAR,,7.5,,,,,,,2023-06-30
4407,BIHAR,,7.3,,,,,,,2023-06-30
3121,BIHAR,,7.4,,,,,,,2023-06-30
30081,"UTTAR
PRADESH",,7.3,,,,,,,2023-06-30
30082,"MADHYA
PRADESH",,7.3,,,,,,,2023-06-30
4604,"MADHYA
PRADESH",,7.7,,,,,,,2023-06-30
3834,"MADHYA
PRADESH",,7.5,,,,,,,2023-06-30
3836,,,7.5,,,,,,,2023-06-30
3851,"MADHYA
PRADESH",,7.7,,,,,,,2023-06-30
3329,"MADHYA
PRADESH",,7.8,,,,,,,2023-06-30
3852,"MADHYA
PRADESH",,7.6,,,,,,,2023-06-30
1612,"MADHYA
PRADESH",,7.2,,,,,,,2023-06-30
1371,"MADHYA
PRADESH",,7.0,,,,,,,2023-06-30
3846,"MADHYA
PRADESH",,7.2,,,,,,,2023-06-30
3327,"MADHYA
PRADESH",,6.9,,,,,,,2023-06-30
1142,"MADHYA
PRADESH",,7.3,,,,,,,2023-06-30
1610,"MADHYA
PRADESH",,6.5,,,,,,,2023-06-30
3835,"MADHYA
PRADESH",,7.5,,,,,,,2023-06-30
"Primary Water Quality Criteria notified under The E (P) Rules, 1986",,PRIMARY,7.5,,,,,,,2023-06-30
1611,"MADHYA
PRADESH",,7.2,,,,,,,2023-06-30
2116,"MADHYA
PRADESH",,7.5,,,,,,,2023-06-30
1608,"MADHYA
PRADESH",,7.1,,,,,,,2023-06-30
3306,"MADHYA
PRADESH",,7.2,,,,,,,2023-06-30
3307,"MADHYA
PRADESH",,7.0,,,,,,,2023-06-30
3311,"MADHYA
PRADESH",,7.6,,,,,,,2023-06-30
2396,JHARKHAND,,7.3,,,,,,,2023-06-30
4085,JHARKHAND,,6.5,,,,,,,2023-06-30
2401,JHARKHAND,,7.4,,,,,,,2023-06-30
2389,JHARKHAND,,7.0,,,,,,,2023-06-30
2390,JHARKHAND,,7.0,,,,,,,2023-06-30
3554,JHARKHAND,,7.2,,,,,,,2023-06-30
4000,JHARKHAND,,7.2,,,,,,,2023-06-30
2381,JHARKHAND,,7.2,,,,,,,2023-06-30
4490,JHARKHAND,,7.4,,,,,,,2023-06-30
4745,JHARKHAND,,6.3,,,,,,,2023-06-30
4747,JHARKHAND,,7.2,,,,,,,2023-06-30
2567,BIHAR,,7.1,,,,,,,2023-06-30
2569,BIHAR,,7.4,,,,,,,2023-06-30
3133,BIHAR,,7.3,,,,,,,2023-06-30
4299,BIHAR,,7.1,,,,,,,2023-06-30
2572,BIHAR,,7.4,,,,,,,2023-06-30
"Primary Water Quality Criteria notified under The E (P) Rules, 1986",,PRIMARY,7.5,,,,,,,2023-06-30
1336,WEST BENGAL,,7.4,,,,,,,2023-06-30
2388,JHARKHAND,,7.1,,,,,,,2023-06-30
2392,JHARKHAND,,7.3,,,,,,,2023-06-30
1331,WEST BENGAL,,6.7,,,,,,,2023-06-30
1332,WEST BENGAL,,7.1,,,,,,,2023-06-30
1333,WEST BENGAL,,6.8,,,,,,,2023-06-30
1334,WEST BENGAL,,6.9,,,,,,,2023-06-30
2378,JHARKHAND,,7.2,,,,,,,2023-06-30
2380,JHARKHAND,,7.2,,,,,,,2023-06-30
2382,JHARKHAND,,7.4,,,,,,,2023-06-30
2383,JHARKHAND,,7.4,,,,,,,2023-06-30
2384,JHARKHAND,,7.4,,,,,,,2023-06-30
2391,JHARKHAND,,7.3,,,,,,,2023-06-30
2527,WEST BENGAL,,6.2,,,,,,,2023-06-30
3553,JHARKHAND,,7.4,,,,,,,2023-06-30
3555,JHARKHAND,,7.5,,,,,,,2023-06-30
3556,JHARKHAND,,7.2,,,,,,,2023-06-30
3557,JHARKHAND,,7.2,,,,,,,2023-06-30
4083,JHARKHAND,,6.6,,,,,,,2023-06-30
30066,JHARKHAND,,7.3,,,,,,,2023-06-30
30065,WEST BENGAL,,7.0,,,,,,,2023-06-30
10107,WEST BENGAL,,7.2,,,,,,,2023-06-30
"Primary Water Quality Criteria notified under The E (P) Rules, 1986",,PRIMARY,7.5,,,,,,,2023-06-30
10108,WEST BENGAL,,7.4,,,,,,,2023-06-30
10109,WEST BENGAL,,7.1,,,,,,,2023-06-30
10110,WEST BENGAL,,7.5,,,,,,,2023-06-30
10111,WEST BENGAL,,7.4,,,,,,,2023-06-30
4738,JHARKHAND,,7.2,,,,,,,2023-06-30
4739,JHARKHAND,,7.3,,,,,,,2023-06-30
4742,JHARKHAND,,7.1,,,,,,,2023-06-30
2517,WEST BENGAL,,7.0,,,,,,,2023-06-30
30064,WEST BENGAL,,7.0,,,,,,,2023-06-30
1764,WEST BENGAL,,6.8,,,,,,,2023-06-30
2518,WEST BENGAL,,6.8,,,,,,,2023-06-30
2541,WEST BENGAL,,7.5,,,,,,,2023-06-30
2514,WEST BENGAL,,7.0,,,,,,,2023-06-30
1337,WEST BENGAL,,7.5,,,,,,,2023-06-30
2509,WEST BENGAL,,7.9,,,,,,,2023-06-30
2531,WEST BENGAL,,6.7,,,,,,,2023-06-30
2532,WEST BENGAL,,6.9,,,,,,,2023-06-30
2549,WEST BENGAL,,7.1,,,,,,,2023-06-30
2550,WEST BENGAL,,7.1,,,,,,,2023-06-30
2507,WEST BENGAL,,7.2,,,,,,,2023-06-30
2525,WEST BENGAL,,6.1,,,,,,,2023-06-30
1946,WEST BENGAL,,6.7,,,,,,,2023-06-30
4727,WEST BENGAL,,6.8,,,,,,,2023-06-30
4722,WEST BENGAL,,6.1,,,,,,,2023-06-30
2508,WEST BENGAL,,7.5,,,,,,,2023-06-30
"Primary Water Quality Criteria notified under The E (P) Rules, 1986",,PRIMARY,7.5,,,,,,,2023-06-30
2950,RAJASTHAN,,7.1,,,,,,,2023-06-30
2951,RAJASTHAN,,7.9,,,,,,,2023-06-30
4167,RAJASTHAN,,7.8,,,,,,,2023-06-30
2952,RAJASTHAN,,7.8,,,,,,,2023-06-30
4790,RAJASTHAN,,8.0,,,,,,,2023-06-30
4770,RAJASTHAN,,7.5,,,,,,,2023-06-30
5468,RAJASTHAN,,8.0,,,,,,,2023-06-30
4172,RAJASTHAN,,7.1,,,,,,,2023-06-30
4175,RAJASTHAN,,7.1,,,,,,,2023-06-30
4804,RAJASTHAN,,7.3,,,,,,,2023-06-30
4173,RAJASTHAN,,7.1,,,,,,,2023-06-30
4174,RAJASTHAN,,7.1,,,,,,,2023-06-30
2945,RAJASTHAN,,7.8,,,,,,,2023-06-30
2946,RAJASTHAN,,7.6,,,,,,,2023-06-30
"Primary Water Quality Criteria notified under The E (P) Rules, 1986",,PRIMARY,7.5,,,,,,,2023-06-30
1262,ASSAM,,7.0,,,,,,,2023-06-30
1526,ASSAM,,6.8,,,,,,,2023-06-30
1030,ASSAM,,6.8,,,,,,,2023-06-30
1031,ASSAM,,6.7,,,,,,,2023-06-30
1299,ASSAM,,7.0,,,,,,,2023-06-30
2069,ASSAM,,7.2,,,,,,,2023-06-30
2064,ASSAM,,6.8,,,,,,,2023-06-30
2067,ASSAM,,7.1,,,,,,,2023-06-30
2066,ASSAM,,6.9,,,,,,,2023-06-30
3781,ASSAM,,7.0,,,,,,,2023-06-30
4004,ASSAM,,6.8,,,,,,,2023-06-30
5610,ASSAM,,7.0,,,,,,,2023-06-30
5612,ASSAM,,6.9,,,,,,,2023-06-30
"Primary Water Quality Criteria notified under The E (P) Rules, 1986",,PRIMARY,7.5,,,,,,,2023-06-30
4717,WEST BENGAL,,7.0,,,,,,,2023-06-30
4718,WEST BENGAL,,7.1,,,,,,,2023-06-30
1422,ASSAM,,7.0,,,,,,,2023-06-30
2062,ASSAM,,6.7,,,,,,,2023-06-30
2230,ASSAM,,6.9,,,,,,,2023-06-30
1796,NAGALAND,,6.6,,,,,,,2023-06-30
1797,NAGALAND,,6.7,,,,,,,2023-06-30
1800,NAGALAND,,7.0,,,,,,,2023-06-30
1798,NAGALAND,,6.8,,,,,,,2023-06-30
1799,NAGALAND,,6.7,,,,,,,2023-06-30
1928,NAGALAND,,7.2,,,,,,,2023-06-30
1259,ASSAM,,7.0,,,,,,,2023-06-30
3764,ASSAM,,6.9,,,,,,,2023-06-30
3792,ASSAM,,6.8,,,,,,,2023-06-30
30070,NAGALAND,,7.7,,,,,,,2023-06-30
30071,NAGALAND,,7.5,,,,,,,2023-06-30
"Primary Water Quality Criteria notified under The E (P) Rules, 1986",,PRIMARY,7.5,,,,,,,2023-06-30
30072,NAGALAND,,7.2,,,,,,,2023-06-30
30073,ASSAM,,7.3,,,,,,,2023-06-30
30074,ASSAM,,7.4,,,,,,,2023-06-30
1528,ASSAM,,6.9,,,,,,,2023-06-30
3759,ASSAM,,7.0,,,,,,,2023-06-30
3786,ASSAM,,6.9,,,,,,,2023-06-30
3807,ASSAM,,7.0,,,,,,,2023-06-30
1530,ASSAM,,6.8,,,,,,,2023-06-30
2231,ASSAM,,6.8,,,,,,,2023-06-30
3776,ASSAM,,6.7,,,,,,,2023-06-30
3778,ASSAM,,6.7,,,,,,,2023-06-30
2524,WEST BENGAL,,7.2,,,,,,,2023-06-30
1298,ASSAM,,6.9,,,,,,,2023-06-30
2058,ASSAM,,7.0,,,,,,,2023-06-30
4005,ASSAM,,7.0,,,,,,,2023-06-30
3763,ASSAM,,6.8,,,,,,,2023-06-30
4011,ASSAM,,6.6,,,,,,,2023-06-30
4012,ASSAM,,6.8,,,,,,,2023-06-30
4329,ASSAM,,7.0,,,,,,,2023-06-30
4331,ASSAM,,6.6,,,,,,,2023-06-30
4332,ASSAM,,6.8,,,,,,,2023-06-30
4336,ASSAM,,6.6,,,,,,,2023-06-30
4341,ASSAM,,7.0,,,,,,,2023-06-30
2838,MANIPUR,,7.2,,,,,,,2023-06-30
2240,ASSAM,,7.0,,,,,,,2023-06-30
"Primary Water Quality Criteria notified under The E (P) Rules, 1986",,PRIMARY,7.5,,,,,,,2023-06-30
2869,MANIPUR,,7.3,,,,,,,2023-06-30
2875,MANIPUR,,7.1,,,,,,,2023-06-30
1423,ASSAM,,6.8,,,,,,,2023-06-30
4649,TRIPURA,,6.9,,,,,,,2023-06-30
4650,TRIPURA,,6.6,,,,,,,2023-06-30
2877,MANIPUR,,7.1,,,,,,,2023-06-30
2878,MANIPUR,,7.0,,,,,,,2023-06-30
2242,ASSAM,,7.0,,,,,,,2023-06-30
1925,MANIPUR,,7.1,,,,,,,2023-06-30
2880,MANIPUR,,7.0,,,,,,,2023-06-30
3107,"ARUNACHAL
PRADESH",,7.4,,,,,,,2023-06-30
3095,"ARUNACHAL
PRADESH",,7.0,,,,,,,2023-06-30
3096,"ARUNACHAL
PRADESH",,6.7,,,,,,,2023-06-30
3777,ASSAM,,6.6,,,,,,,2023-06-30
3105,"ARUNACHAL
PRADESH",,7.1,,,,,,,2023-06-30
1261,ASSAM,,7.0,,,,,,,2023-06-30
3097,"ARUNACHAL
PRADESH",,7.0,,,,,,,2023-06-30
3098,"ARUNACHAL
PRADESH",,7.4,,,,,,,2023-06-30
4342,ASSAM,,7.2,,,,,,,2023-06-30
4343,ASSAM,,7.0,,,,,,,2023-06-30
2888,NAGALAND,,6.9,,,,,,,2023-06-30
2891,NAGALAND,,6.7,,,,,,,2023-06-30
2889,NAGALAND,,6.5,,,,,,,2023-06-30
2892,NAGALAND,,6.5,,,,,,,2023-06-30
2893,NAGALAND,,6.9,,,,,,,2023-06-30
"Primary Water Quality Criteria notified under The E (P) Rules, 1986",,PRIMARY,7.5,,,,,,,2023-06-30
2228,ASSAM,,6.8,,,,,,,2023-06-30
4719,WEST BENGAL,,7.0,,,,,,,2023-06-30
4724,WEST BENGAL,,7.2,,,,,,,2023-06-30
2238,ASSAM,,6.8,,,,,,,2023-06-30
3108,"ARUNACHAL
PRADESH",,7.4,,,,,,,2023-06-30
1527,ASSAM,,6.6,,,,,,,2023-06-30
3769,ASSAM,,6.6,,,,,,,2023-06-30
1258,ASSAM,,6.6,,,,,,,2023-06-30
2063,ASSAM,,7.0,,,,,,,2023-06-30
2239,ASSAM,,6.9,,,,,,,2023-06-30
2890,NAGALAND,,6.5,,,,,,,2023-06-30
2233,ASSAM,,7.2,,,,,,,2023-06-30
3372,MEGHALAYA,,6.8,,,,,,,2023-06-30
3377,MEGHALAYA,,6.8,,,,,,,2023-06-30
3378,MEGHALAYA,,6.7,,,,,,,2023-06-30
3380,MEGHALAYA,,6.9,,,,,,,2023-06-30
3381,MEGHALAYA,,6.6,,,,,,,2023-06-30
3382,MEGHALAYA,,7.0,,,,,,,2023-06-30
2050,MIZORAM,,7.3,,,,,,,2023-06-30
2051,MIZORAM,,7.3,,,,,,,2023-06-30
2053,MIZORAM,,6.7,,,,,,,2023-06-30
"Primary Water Quality Criteria notified under The E (P) Rules, 1986",,PRIMARY,7.5,,,,,,,2023-06-30
3709,MIZORAM,,7.2,,,,,,,2023-06-30
3754,MIZORAM,,6.8,,,,,,,2023-06-30
,MIZORAM,NAN,6.8,,,,,,,2023-06-30
3734,MIZORAM,,6.1,,,,,,,2023-06-30
,MIZORAM,NAN,7.3,,,,,,,2023-06-30
3710,MIZORAM,,7.3,,,,,,,2023-06-30
3711,MIZORAM,,7.2,,,,,,,2023-06-30
3712,MIZORAM,,7.6,,,,,,,2023-06-30
3713,MIZORAM,,5.6,,,,,,,2023-06-30
3714,MIZORAM,,6.0,,,,,,,2023-06-30
3715,MIZORAM,,7.4,,,,,,,2023-06-30
,MIZORAM,NAN,6.9,,,,,,,2023-06-30
,MIZORAM,NAN,7.5,,,,,,,2023-06-30
,MIZORAM,NAN,6.5,,,,,,,2023-06-30
3716,MIZORAM,,7.7,,,,,,,2023-06-30
3718,MIZORAM,,7.3,,,,,,,2023-06-30
3719,MIZORAM,,6.8,,,,,,,2023-06-30
3720,MIZORAM,,6.6,,,,,,,2023-06-30
3721,MIZORAM,,5.6,,,,,,,2023-06-30
3724,MIZORAM,,6.7,,,,,,,2023-06-30
3735,MIZORAM,,5.7,,,,,,,2023-06-30
3740,MIZORAM,,6.5,,,,,,,2023-06-30
3744,MIZORAM,,6.8,,,,,,,2023-06-30
3746,MIZORAM,,6.3,,,,,,,2023-06-30
"Primary Water Quality Criteria notified under The E (P) Rules, 1986",,PRIMARY,7.5,,,,,,,2023-06-30
3747,MIZORAM,,6.9,,,,,,,2023-06-30
3749,MIZORAM,,7.2,,,,,,,2023-06-30
3750,MIZORAM,,7.1,,,,,,,2023-06-30
3751,MIZORAM,,6.4,,,,,,,2023-06-30
3752,MIZORAM,,6.0,,,,,,,2023-06-30
3756,MIZORAM,,7.2,,,,,,,2023-06-30
3757,MIZORAM,,6.4,,,,,,,2023-06-30
5500,MANIPUR,,7.1,,,,,,,2023-06-30
5501,MANIPUR,,7.2,,,,,,,2023-06-30
5502,MANIPUR,,7.0,,,,,,,2023-06-30
5503,MANIPUR,,6.8,,,,,,,2023-06-30
4110,MEGHALAYA,,4.0,,,,,,,2023-06-30
4113,MEGHALAYA,,7.0,,,,,,,2023-06-30
4114,MIZORAM,,7.2,,,,,,,2023-06-30
4115,MIZORAM,,6.9,,,,,,,2023-06-30
4118,MIZORAM,,6.9,,,,,,,2023-06-30
4119,MIZORAM,,6.3,,,,,,,2023-06-30
4120,MIZORAM,,6.4,,,,,,,2023-06-30
4122,MIZORAM,,6.7,,,,,,,2023-06-30
4123,MIZORAM,,6.8,,,,,,,2023-06-30
4125,MIZORAM,,6.4,,,,,,,2023-06-30
4130,MIZORAM,,6.3,,,,,,,2023-06-30
4132,MIZORAM,,6.5,,,,,,,2023-06-30
2232,ASSAM,,6.8,,,,,,,2023-06-30
"Primary Water Quality Criteria notified under The E (P) Rules, 1986",,PRIMARY,7.5,,,,,,,2023-06-30
4304,MEGHALAYA,,4.0,,,,,,,2023-06-30
4305,MEGHALAYA,,3.8,,,,,,,2023-06-30
4306,MEGHALAYA,,6.9,,,,,,,2023-06-30
4307,MEGHALAYA,,6.9,,,,,,,2023-06-30
4308,MEGHALAYA,,6.8,,,,,,,2023-06-30
4309,MEGHALAYA,,7.0,,,,,,,2023-06-30
4310,MEGHALAYA,,6.7,,,,,,,2023-06-30
4311,MEGHALAYA,,2.7,,,,,,,2023-06-30
4312,MEGHALAYA,,2.6,,,,,,,2023-06-30
4313,MEGHALAYA,,2.7,,,,,,,2023-06-30
4314,MEGHALAYA,,3.6,,,,,,,2023-06-30
4315,MEGHALAYA,,4.7,,,,,,,2023-06-30
4316,MEGHALAYA,,6.6,,,,,,,2023-06-30
3379,MEGHALAYA,,5.0,,,,,,,2023-06-30
,MEGHALAYA,NAN,6.7,,,,,,,2023-06-30
1428,MEGHALAYA,,2.8,,,,,,,2023-06-30
4317,MEGHALAYA,,6.8,,,,,,,2023-06-30
4318,MEGHALAYA,,2.7,,,,,,,2023-06-30
4319,MEGHALAYA,,3.8,,,,,,,2023-06-30
4320,MEGHALAYA,,3.8,,,,,,,2023-06-30
4321,MEGHALAYA,,3.7,,,,,,,2023-06-30
4322,MEGHALAYA,,4.0,,,,,,,2023-06-30
1633,MEGHALAYA,,6.9,,,,,,,2023-06-30
1801,SIKKIM,,6.8,,,,,,,2023-06-30
1807,SIKKIM,,6.6,,,,,,,2023-06-30
1808,SIKKIM,,6.7,,,,,,,2023-06-30
1809,SIKKIM,,6.8,,,,,,,2023-06-30
1947,WEST BENGAL,,6.3,,,,,,,2023-06-30
4723,WEST BENGAL,,6.9,,,,,,,2023-06-30
"Primary Water Quality Criteria notified under The E (P) Rules, 1986",,PRIMARY,7.5,,,,,,,2023-06-30
4728,WEST BENGAL,,7.3,,,,,,,2023-06-30
2241,ASSAM,,7.2,,,,,,,2023-06-30
2234,ASSAM,,6.9,,,,,,,2023-06-30
2034,SIKKIM,,6.9,,,,,,,2023-06-30
2035,SIKKIM,,6.9,,,,,,,2023-06-30
2036,SIKKIM,,6.7,,,,,,,2023-06-30
2037,SIKKIM,,6.6,,,,,,,2023-06-30
2038,SIKKIM,,6.7,,,,,,,2023-06-30
5553,SIKKIM,,6.9,,,,,,,2023-06-30
5554,SIKKIM,,6.7,,,,,,,2023-06-30
5555,SIKKIM,,6.6,,,,,,,2023-06-30
5556,SIKKIM,,7.0,,,,,,,2023-06-30
5557,SIKKIM,,6.8,,,,,,,2023-06-30
1805,SIKKIM,,6.7,,,,,,,2023-06-30
1806,SIKKIM,,6.6,,,,,,,2023-06-30
1802,SIKKIM,,6.6,,,,,,,2023-06-30
5281,SIKKIM,,6.7,,,,,,,2023-06-30
5282,SIKKIM,,6.7,,,,,,,2023-06-30
5283,SIKKIM,,6.6,,,,,,,2023-06-30
5284,SIKKIM,,6.6,,,,,,,2023-06-30
5285,SIKKIM,,6.6,,,,,,,2023-06-30
5286,SIKKIM,,6.5,,,,,,,2023-06-30
5287,SIKKIM,,6.7,,,,,,,2023-06-30
5288,SIKKIM,,6.7,,,,,,,2023-06-30
5289,SIKKIM,,6.7,,,,,,,2023-06-30
"Primary Water Quality Criteria notified under The E (P) Rules, 1986",,PRIMARY,7.5,,,,,,,2023-06-30
2236,ASSAM,,6.8,,,,,,,2023-06-30
2523,WEST BENGAL,,6.8,,,,,,,2023-06-30
2068,ASSAM,,6.8,,,,,,,2023-06-30
2061,ASSAM,,6.9,,,,,,,2023-06-30
2059,ASSAM,,6.9,,,,,,,2023-06-30
2237,ASSAM,,6.8,,,,,,,2023-06-30
2229,ASSAM,,7.0,,,,,,,2023-06-30
3417,TRIPURA,,7.0,,,,,,,2023-06-30
3418,TRIPURA,,7.0,,,,,,,2023-06-30
3419,TRIPURA,,7.1,,,,,,,2023-06-30
3367,MEGHALAYA,,6.7,,,,,,,2023-06-30
3368,MEGHALAYA,,6.7,,,,,,,2023-06-30
3369,MEGHALAYA,,6.7,,,,,,,2023-06-30
3370,MEGHALAYA,,6.9,,,,,,,2023-06-30
3371,MEGHALAYA,,6.5,,,,,,,2023-06-30
3373,MEGHALAYA,,6.7,,,,,,,2023-06-30
3374,MEGHALAYA,,6.5,,,,,,,2023-06-30
3099,"ARUNACHAL
PRADESH",,7.4,,,,,,,2023-06-30
3797,ASSAM,,6.8,,,,,,,2023-06-30
2060,ASSAM,,6.9,,,,,,,2023-06-30
1803,SIKKIM,,6.8,,,,,,,2023-06-30
1804,SIKKIM,,6.7,,,,,,,2023-06-30
2894,NAGALAND,,7.1,,,,,,,2023-06-30
2895,NAGALAND,,7.4,,,,,,,2023-06-30
3100,"ARUNACHAL
PRADESH",,7.4,,,,,,,2023-06-30
3109,"ARUNACHAL
PRADESH",,7.6,,,,,,,2023-06-30
"Primary Water Quality Criteria notified under The E (P) Rules, 1986",,PRIMARY,7.5,,,,,,,2023-06-30
1232,RAJASTHAN,,7.2,,,,,,,2023-06-30
30061,RAJASTHAN,,7.1,,,,,,,2023-06-30
4,GUJARAT,,7.9,,,,,,,2023-06-30
5,GUJARAT,,7.8,,,,,,,2023-06-30
1229,GUJARAT,,7.9,,,,,,,2023-06-30
1230,GUJARAT,,7.9,,,,,,,2023-06-30
1231,GUJARAT,,7.9,,,,,,,2023-06-30
1863,GUJARAT,,7.6,,,,,,,2023-06-30
1864,GUJARAT,,8.4,,,,,,,2023-06-30
3206,GUJARAT,,8.0,,,,,,,2023-06-30
4415,GUJARAT,,8.1,,,,,,,2023-06-30
30050,GUJARAT,,7.9,,,,,,,2023-06-30
1233,,,7.1,,,,,,,2023-06-30
"Primary Water Quality Criteria notified under The E (P) Rules, 1986",,PRIMARY,7.5,,,,,,,2023-06-30
3848,"MADHYA
PRADESH",,7.0,,,,,,,2023-06-30
1228,GUJARAT,,8.1,,,,,,,2023-06-30
2104,"MADHYA
PRADESH",,6.9,,,,,,,2023-06-30
2102,"MADHYA
PRADESH",,7.4,,,,,,,2023-06-30
1227,GUJARAT,,8.0,,,,,,,2023-06-30
2105,"MADHYA
PRADESH",,7.3,,,,,,,2023-06-30
2103,"MADHYA
PRADESH",,7.4,,,,,,,2023-06-30
5476,RAJASTHAN,,7.4,,,,,,,2023-06-30
4620,"MADHYA
PRADESH",,7.5,,,,,,,2023-06-30
"Primary Water Quality Criteria notified under The E (P) Rules, 1986",,PRIMARY,7.5,,,,,,,2023-06-30
1221,GUJARAT,,7.2,,,,,,,2023-06-30
1223,GUJARAT,,7.4,,,,,,,2023-06-30
1409,GUJARAT,,7.0,,,,,,,2023-06-30
1866,GUJARAT,,7.4,,,,,,,2023-06-30
1,GUJARAT,,7.9,,,,,,,2023-06-30
2,GUJARAT,,7.1,,,,,,,2023-06-30
1408,GUJARAT,,7.2,,,,,,,2023-06-30
2075,GUJARAT,,7.7,,,,,,,2023-06-30
10014,GUJARAT,,7.4,,,,,,,2023-06-30
10015,GUJARAT,,7.2,,,,,,,2023-06-30
30042,GUJARAT,,8.0,,,,,,,2023-06-30
1482,GUJARAT,,7.5,,,,,,,2023-06-30
1407,GUJARAT,,7.4,,,,,,,2023-06-30
"Primary Water Quality Criteria notified under The E (P) Rules, 1986",,PRIMARY,7.5,,,,,,,2023-06-30
3321,"MADHYA
PRADESH",,7.1,,,,,,,2023-06-30
1242,"MADHYA
PRADESH",,6.6,,,,,,,2023-06-30
4578,"MADHYA
PRADESH",,6.9,,,,,,,2023-06-30
1241,"MADHYA
PRADESH",,7.3,,,,,,,2023-06-30
1240,"MADHYA
PRADESH",,7.2,,,,,,,2023-06-30
2106,"MADHYA
PRADESH",,7.6,,,,,,,2023-06-30
4595,"MADHYA
PRADESH",,7.2,,,,,,,2023-06-30
45,"MADHYA
PRADESH",,7.7,,,,,,,2023-06-30
1239,"MADHYA
PRADESH",,7.8,,,,,,,2023-06-30
1431,"MADHYA
PRADESH",,7.3,,,,,,,2023-06-30
1234,"MADHYA
PRADESH",,7.3,,,,,,,2023-06-30
2112,"MADHYA
PRADESH",,7.4,,,,,,,2023-06-30
44,"MADHYA
PRADESH",,7.2,,,,,,,2023-06-30
1235,"MADHYA
PRADESH",,7.4,,,,,,,2023-06-30
"Primary Water Quality Criteria notified under The E (P) Rules, 1986",,PRIMARY,7.5,,,,,,,2023-06-30
2113,"MADHYA
PRADESH",,7.5,,,,,,,2023-06-30
1430,"MADHYA
PRADESH",,7.7,,,,,,,2023-06-30
3322,"MADHYA
PRADESH",,7.1,,,,,,,2023-06-30
2099,"MADHYA
PRADESH",,7.3,,,,,,,2023-06-30
3323,"MADHYA
PRADESH",,7.1,,,,,,,2023-06-30
3324,"MADHYA
PRADESH",,7.2,,,,,,,2023-06-30
3325,"MADHYA
PRADESH",,7.4,,,,,,,2023-06-30
2118,"MADHYA
PRADESH",,7.1,,,,,,,2023-06-30
2123,"MADHYA
PRADESH",,7.3,,,,,,,2023-06-30
3847,"MADHYA
PRADESH",,7.7,,,,,,,2023-06-30
4577,"MADHYA
PRADESH",,7.2,,,,,,,2023-06-30
4578,"MADHYA
PRADESH",,6.9,,,,,,,2023-06-30
4579,"MADHYA
PRADESH",,7.6,,,,,,,2023-06-30
4580,"MADHYA
PRADESH",,7.2,,,,,,,2023-06-30
4581,"MADHYA
PRADESH",,7.5,,,,,,,2023-06-30
4582,"MADHYA
PRADESH",,7.2,,,,,,,2023-06-30
4583,"MADHYA
PRADESH",,7.3,,,,,,,2023-06-30
4584,"MADHYA
PRADESH",,7.1,,,,,,,2023-06-30
4585,"MADHYA
PRADESH",,7.1,,,,,,,2023-06-30
4586,"MADHYA
PRADESH",,7.4,,,,,,,2023-06-30
"Primary Water Quality Criteria notified under The E (P) Rules, 1986",,PRIMARY,7.5,,,,,,,2023-06-30
4587,"MADHYA
PRADESH",,7.3,,,,,,,2023-06-30
4588,"MADHYA
PRADESH",,7.6,,,,,,,2023-06-30
4589,"MADHYA
PRADESH",,7.6,,,,,,,2023-06-30
4590,"MADHYA
PRADESH",,7.4,,,,,,,2023-06-30
4591,"MADHYA
PRADESH",,7.6,,,,,,,2023-06-30
4592,"MADHYA
PRADESH",,7.5,,,,,,,2023-06-30
4593,"MADHYA
PRADESH",,7.4,,,,,,,2023-06-30
4594,"MADHYA
PRADESH",,7.4,,,,,,,2023-06-30
4596,"MADHYA
PRADESH",,7.7,,,,,,,2023-06-30
4597,"MADHYA
PRADESH",,7.3,,,,,,,2023-06-30
4598,"MADHYA
PRADESH",,7.6,,,,,,,2023-06-30
4599,"MADHYA
PRADESH",,7.8,,,,,,,2023-06-30
4600,"MADHYA
PRADESH",,7.7,,,,,,,2023-06-30
4601,"MADHYA
PRADESH",,7.8,,,,,,,2023-06-30
4602,"MADHYA
PRADESH",,7.7,,,,,,,2023-06-30
4603,"MADHYA
PRADESH",,7.6,,,,,,,2023-06-30
4605,"MADHYA
PRADESH",,7.6,,,,,,,2023-06-30
30048,GUJARAT,,8.3,,,,,,,2023-06-30
7,GUJARAT,,8.0,,,,,,,2023-06-30
"Primary Water Quality Criteria notified under The E (P) Rules, 1986",,PRIMARY,7.5,,,,,,,2023-06-30
1236,"MADHYA
PRADESH",,7.6,,,,,,,2023-06-30
2100,"MADHYA
PRADESH",,7.2,,,,,,,2023-06-30
2114,"MADHYA
PRADESH",,7.7,,,,,,,2023-06-30
3305,"MADHYA
PRADESH",,7.3,,,,,,,2023-06-30
3828,"MADHYA
PRADESH",,7.4,,,,,,,2023-06-30
3829,"MADHYA
PRADESH",,7.1,,,,,,,2023-06-30
4613,"MADHYA
PRADESH",,6.4,,,,,,,2023-06-30
4616,"MADHYA
PRADESH",,7.3,,,,,,,2023-06-30
4617,"MADHYA
PRADESH",,7.2,,,,,,,2023-06-30
"Primary Water Quality Criteria notified under The E (P) Rules, 1986",,PRIMARY,7.5,,,,,,,2023-06-30
9,"MADHYA
PRADESH",,7.7,,,,,,,2023-06-30
10,"MADHYA
PRADESH",,7.8,,,,,,,2023-06-30
1250,"MADHYA
PRADESH",,7.7,,,,,,,2023-06-30
1466,"MADHYA
PRADESH",,7.1,,,,,,,2023-06-30
46,GUJARAT,,7.2,,,,,,,2023-06-30
1247,GUJARAT,,6.9,,,,,,,2023-06-30
1983,GUJARAT,,6.8,,,,,,,2023-06-30
47,GUJARAT,,6.8,,,,,,,2023-06-30
1248,GUJARAT,,6.7,,,,,,,2023-06-30
1982,GUJARAT,,7.1,,,,,,,2023-06-30
2071,GUJARAT,,6.7,,,,,,,2023-06-30
30045,GUJARAT,,8.0,,,,,,,2023-06-30
30044,MAHARASHTRA,,8.1,,,,,,,2023-06-30
30043,MAHARASHTRA,,8.2,,,,,,,2023-06-30
1251,MAHARASHTRA,,7.4,,,,,,,2023-06-30
1313,MAHARASHTRA,,7.3,,,,,,,2023-06-30
1314,MAHARASHTRA,,7.4,,,,,,,2023-06-30
"Primary Water Quality Criteria notified under The E (P) Rules, 1986",,PRIMARY,7.5,,,,,,,2023-06-30
3203,GUJARAT,,6.8,,,,,,,2023-06-30
2666,MAHARASHTRA,,7.5,,,,,,,2023-06-30
2659,MAHARASHTRA,,7.4,,,,,,,2023-06-30
2070,GUJARAT,,6.8,,,,,,,2023-06-30
2127,"MADHYA
PRADESH",,7.1,,,,,,,2023-06-30
1252,MAHARASHTRA,,7.3,,,,,,,2023-06-30
1253,MAHARASHTRA,,7.7,,,,,,,2023-06-30
1907,MAHARASHTRA,,7.3,,,,,,,2023-06-30
2674,MAHARASHTRA,,7.7,,,,,,,2023-06-30
2718,MAHARASHTRA,,7.9,,,,,,,2023-06-30
2684,MAHARASHTRA,,7.7,,,,,,,2023-06-30
1913,MAHARASHTRA,,7.8,,,,,,,2023-06-30
2155,MAHARASHTRA,,7.9,,,,,,,2023-06-30
2695,MAHARASHTRA,,7.8,,,,,,,2023-06-30
2700,MAHARASHTRA,,7.8,,,,,,,2023-06-30
"Primary Water Quality Criteria notified under The E (P) Rules, 1986",,PRIMARY,7.5,,,,,,,2023-06-30
1851,CHHATTISGARH,,7.2,,,,,,,2023-06-30
1264,CHHATTISGARH,,7.1,,,,,,,2023-06-30
1099,CHHATTISGARH,,7.0,,,,,,,2023-06-30
1852,CHHATTISGARH,,7.2,,,,,,,2023-06-30
1100,CHHATTISGARH,,7.2,,,,,,,2023-06-30
1282,CHHATTISGARH,,7.3,,,,,,,2023-06-30
1467,CHHATTISGARH,,7.4,,,,,,,2023-06-30
1101,CHHATTISGARH,,7.1,,,,,,,2023-06-30
1281,ODISHA,,6.7,,,,,,,2023-06-30
30063,ODISHA,,7.3,,,,,,,2023-06-30
1270,ODISHA,,7.1,,,,,,,2023-06-30
1271,ODISHA,,7.4,,,,,,,2023-06-30
2405,ODISHA,,7.4,,,,,,,2023-06-30
1272,ODISHA,,7.2,,,,,,,2023-06-30
1274,ODISHA,,7.3,,,,,,,2023-06-30
2404,ODISHA,,7.1,,,,,,,2023-06-30
2406,ODISHA,,6.9,,,,,,,2023-06-30
3887,ODISHA,,7.2,,,,,,,2023-06-30
1275,ODISHA,,6.6,,,,,,,2023-06-30
1276,ODISHA,,6.5,,,,,,,2023-06-30
1277,ODISHA,,6.9,,,,,,,2023-06-30
1278,ODISHA,,7.1,,,,,,,2023-06-30
"Primary Water Quality Criteria notified under The E (P) Rules, 1986",,PRIMARY,7.5,,,,,,,2023-06-30
3888,ODISHA,,7.1,,,,,,,2023-06-30
3890,ODISHA,,7.1,,,,,,,2023-06-30
2407,ODISHA,,7.2,,,,,,,2023-06-30
1639,ODISHA,,7.1,,,,,,,2023-06-30
4990,ODISHA,,7.5,,,,,,,2023-06-30
4991,ODISHA,,7.7,,,,,,,2023-06-30
4992,ODISHA,,8.0,,,,,,,2023-06-30
4994,ODISHA,,7.6,,,,,,,2023-06-30
"Primary Water Quality Criteria notified under The E (P) Rules, 1986",,PRIMARY,7.5,,,,,,,2023-06-30
1846,CHHATTISGARH,,7.3,,,,,,,2023-06-30
1847,CHHATTISGARH,,7.1,,,,,,,2023-06-30
1853,CHHATTISGARH,,7.1,,,,,,,2023-06-30
1105,CHHATTISGARH,,7.2,,,,,,,2023-06-30
1106,CHHATTISGARH,,7.2,,,,,,,2023-06-30
3165,CHHATTISGARH,,7.2,,,,,,,2023-06-30
3169,CHHATTISGARH,,7.1,,,,,,,2023-06-30
3170,CHHATTISGARH,,7.2,,,,,,,2023-06-30
1267,ODISHA,,6.5,,,,,,,2023-06-30
1268,ODISHA,,6.8,,,,,,,2023-06-30
1269,ODISHA,,6.7,,,,,,,2023-06-30
1300,ODISHA,,6.8,,,,,,,2023-06-30
2409,ODISHA,,7.2,,,,,,,2023-06-30
1279,ODISHA,,6.8,,,,,,,2023-06-30
1280,ODISHA,,6.7,,,,,,,2023-06-30
2410,ODISHA,,6.8,,,,,,,2023-06-30
1640,ODISHA,,7.3,,,,,,,2023-06-30
1848,CHHATTISGARH,,6.8,,,,,,,2023-06-30
1849,CHHATTISGARH,,7.1,,,,,,,2023-06-30
1850,CHHATTISGARH,,7.3,,,,,,,2023-06-30
2411,ODISHA,,6.9,,,,,,,2023-06-30
"Primary Water Quality Criteria notified under The E (P) Rules, 1986",,PRIMARY,7.5,,,,,,,2023-06-30
3894,ODISHA,,7.1,,,,,,,2023-06-30
3895,ODISHA,,6.6,,,,,,,2023-06-30
3891,ODISHA,,7.2,,,,,,,2023-06-30
1301,ODISHA,,7.2,,,,,,,2023-06-30
3892,ODISHA,,7.1,,,,,,,2023-06-30
3893,ODISHA,,7.3,,,,,,,2023-06-30
3900,ODISHA,,7.1,,,,,,,2023-06-30
3901,ODISHA,,6.9,,,,,,,2023-06-30
3902,ODISHA,,7.1,,,,,,,2023-06-30
3896,ODISHA,,6.7,,,,,,,2023-06-30
3897,ODISHA,,4.7,,,,,,,2023-06-30
3898,ODISHA,,6.6,,,,,,,2023-06-30
3899,ODISHA,,6.8,,,,,,,2023-06-30
3903,ODISHA,,7.1,,,,,,,2023-06-30
3904,ODISHA,,6.8,,,,,,,2023-06-30
3905,ODISHA,,6.9,,,,,,,2023-06-30
3906,ODISHA,,6.9,,,,,,,2023-06-30
3907,ODISHA,,7.1,,,,,,,2023-06-30
3908,ODISHA,,6.9,,,,,,,2023-06-30
3909,ODISHA,,6.6,,,,,,,2023-06-30
3910,ODISHA,,6.8,,,,,,,2023-06-30
3911,ODISHA,,6.9,,,,,,,2023-06-30
3912,ODISHA,,6.9,,,,,,,2023-06-30
3913,ODISHA,,6.6,,,,,,,2023-06-30
3914,ODISHA,,7.2,,,,,,,2023-06-30
2408,ODISHA,,7.6,,,,,,,2023-06-30
"Primary Water Quality Criteria notified under The E (P) Rules, 1986",,PRIMARY,7.5,,,,,,,2023-06-30
1081,ODISHA,,6.8,,,,,,,2023-06-30
1082,ODISHA,,6.8,,,,,,,2023-06-30
1083,ODISHA,,7.1,,,,,,,2023-06-30
3935,ODISHA,,6.8,,,,,,,2023-06-30
3936,ODISHA,,6.7,,,,,,,2023-06-30
3938,ODISHA,,6.8,,,,,,,2023-06-30
3937,ODISHA,,6.7,,,,,,,2023-06-30
1084,ODISHA,,6.6,,,,,,,2023-06-30
10018,ODISHA,,6.5,,,,,,,2023-06-30
3940,ODISHA,,6.7,,,,,,,2023-06-30
3941,ODISHA,,6.6,,,,,,,2023-06-30
2421,ODISHA,,6.7,,,,,,,2023-06-30
5535,ODISHA,,7.1,,,,,,,2023-06-30
"Primary Water Quality Criteria notified under The E (P) Rules, 1986",,PRIMARY,7.5,,,,,,,2023-06-30
1037,ODISHA,,6.9,,,,,,,2023-06-30
1038,ODISHA,,6.6,,,,,,,2023-06-30
1302,ODISHA,,6.7,,,,,,,2023-06-30
2414,ODISHA,,6.6,,,,,,,2023-06-30
1039,ODISHA,,6.7,,,,,,,2023-06-30
1040,ODISHA,,7.1,,,,,,,2023-06-30
1041,ODISHA,,7.1,,,,,,,2023-06-30
2415,ODISHA,,7.1,,,,,,,2023-06-30
2416,ODISHA,,6.9,,,,,,,2023-06-30
1042,ODISHA,,7.1,,,,,,,2023-06-30
2417,ODISHA,,6.9,,,,,,,2023-06-30
1303,ODISHA,,7.1,,,,,,,2023-06-30
1043,ODISHA,,6.5,,,,,,,2023-06-30
2418,ODISHA,,6.6,,,,,,,2023-06-30
10019,ODISHA,,6.9,,,,,,,2023-06-30
1044,ODISHA,,6.5,,,,,,,2023-06-30
1045,ODISHA,,7.3,,,,,,,2023-06-30
3916,ODISHA,,6.5,,,,,,,2023-06-30
3917,ODISHA,,6.5,,,,,,,2023-06-30
3918,ODISHA,,6.8,,,,,,,2023-06-30
"Primary Water Quality Criteria notified under The E (P) Rules, 1986",,PRIMARY,7.5,,,,,,,2023-06-30
2419,ODISHA,,6.9,,,,,,,2023-06-30
2420,ODISHA,,7.3,,,,,,,2023-06-30
3922,ODISHA,,6.8,,,,,,,2023-06-30
3921,ODISHA,,6.9,,,,,,,2023-06-30
3931,ODISHA,,7.5,,,,,,,2023-06-30
1034,JHARKHAND,,7.2,,,,,,,2023-06-30
2412,ODISHA,,6.7,,,,,,,2023-06-30
1035,JHARKHAND,,6.6,,,,,,,2023-06-30
3915,ODISHA,,6.7,,,,,,,2023-06-30
3924,ODISHA,,7.1,,,,,,,2023-06-30
3933,ODISHA,,6.8,,,,,,,2023-06-30
3927,ODISHA,,7.5,,,,,,,2023-06-30
3928,ODISHA,,7.5,,,,,,,2023-06-30
3932,ODISHA,,7.2,,,,,,,2023-06-30
1033,JHARKHAND,,6.5,,,,,,,2023-06-30
1036,JHARKHAND,,6.8,,,,,,,2023-06-30
2376,JHARKHAND,,6.8,,,,,,,2023-06-30
2377,JHARKHAND,,6.8,,,,,,,2023-06-30
2413,ODISHA,,6.8,,,,,,,2023-06-30
3919,ODISHA,,6.8,,,,,,,2023-06-30
3920,ODISHA,,6.9,,,,,,,2023-06-30
3925,ODISHA,,7.4,,,,,,,2023-06-30
3926,ODISHA,,7.5,,,,,,,2023-06-30
3929,ODISHA,,7.3,,,,,,,2023-06-30
3930,ODISHA,,7.2,,,,,,,2023-06-30
"Primary Water Quality Criteria notified under The E (P) Rules, 1986",,PRIMARY,7.5,,,,,,,2023-06-30
1095,MAHARASHTRA,,7.1,,,,,,,2023-06-30
2177,MAHARASHTRA,,7.2,,,,,,,2023-06-30
2179,MAHARASHTRA,,7.2,,,,,,,2023-06-30
1096,MAHARASHTRA,,7.3,,,,,,,2023-06-30
1211,MAHARASHTRA,,6.8,,,,,,,2023-06-30
2180,MAHARASHTRA,,7.3,,,,,,,2023-06-30
2181,MAHARASHTRA,,7.2,,,,,,,2023-06-30
2182,MAHARASHTRA,,7.2,,,,,,,2023-06-30
2183,MAHARASHTRA,,7.1,,,,,,,2023-06-30
2160,MAHARASHTRA,,7.9,,,,,,,2023-06-30
2158,MAHARASHTRA,,8.5,,,,,,,2023-06-30
1312,MAHARASHTRA,,8.2,,,,,,,2023-06-30
2159,MAHARASHTRA,,8.5,,,,,,,2023-06-30
2161,MAHARASHTRA,,8.0,,,,,,,2023-06-30
2157,MAHARASHTRA,,7.9,,,,,,,2023-06-30
12,MAHARASHTRA,,7.4,,,,,,,2023-06-30
"Primary Water Quality Criteria notified under The E (P) Rules, 1986",,PRIMARY,7.5,,,,,,,2023-06-30
1209,MAHARASHTRA,,8.1,,,,,,,2023-06-30
1210,MAHARASHTRA,,8.1,,,,,,,2023-06-30
30049,MAHARASHTRA,,8.3,,,,,,,2023-06-30
2360,TELANGANA,,7.1,,,,,,,2023-06-30
4227,TELANGANA,,7.1,,,,,,,2023-06-30
5105,TELANGANA,,7.2,,,,,,,2023-06-30
13,TELANGANA,,7.4,,,,,,,2023-06-30
2361,TELANGANA,,7.2,,,,,,,2023-06-30
2362,TELANGANA,,7.3,,,,,,,2023-06-30
2363,TELANGANA,,7.0,,,,,,,2023-06-30
2364,TELANGANA,,7.2,,,,,,,2023-06-30
5497,TELANGANA,,6.7,,,,,,,2023-06-30
2356,TELANGANA,,7.3,,,,,,,2023-06-30
4662,TELANGANA,,7.0,,,,,,,2023-06-30
2365,TELANGANA,,7.1,,,,,,,2023-06-30
2366,TELANGANA,,7.0,,,,,,,2023-06-30
2367,TELANGANA,,7.3,,,,,,,2023-06-30
2368,TELANGANA,,7.0,,,,,,,2023-06-30
2369,TELANGANA,,7.1,,,,,,,2023-06-30
4367,"ANDHRA
PRADESH",,7.8,,,,,,,2023-06-30
"Primary Water Quality Criteria notified under The E (P) Rules, 1986",,PRIMARY,7.5,,,,,,,2023-06-30
3948,ODISHA,,6.7,,,,,,,2023-06-30
30062,ODISHA,,7.0,,,,,,,2023-06-30
1854,CHHATTISGARH,,7.4,,,,,,,2023-06-30
1855,CHHATTISGARH,,7.4,,,,,,,2023-06-30
3312,"MADHYA
PRADESH",,7.4,,,,,,,2023-06-30
5537,"MADHYA
PRADESH",,7.1,,,,,,,2023-06-30
2170,MAHARASHTRA,,7.2,,,,,,,2023-06-30
2171,MAHARASHTRA,,7.6,,,,,,,2023-06-30
1909,MAHARASHTRA,,7.5,,,,,,,2023-06-30
"Primary Water Quality Criteria notified under The E (P) Rules, 1986",,PRIMARY,7.5,,,,,,,2023-06-30
3080,TELANGANA,,7.2,,,,,,,2023-06-30
3081,TELANGANA,,7.5,,,,,,,2023-06-30
2372,TELANGANA,,7.5,,,,,,,2023-06-30
1908,MAHARASHTRA,,7.2,,,,,,,2023-06-30
4257,TELANGANA,,6.9,,,,,,,2023-06-30
4664,TELANGANA,,6.9,,,,,,,2023-06-30
1158,TELANGANA,,6.6,,,,,,,2023-06-30
1891,KARNATAKA,,7.4,,,,,,,2023-06-30
1157,TELANGANA,,7.5,,,,,,,2023-06-30
1781,TELANGANA,,7.0,,,,,,,2023-06-30
2374,TELANGANA,,7.1,,,,,,,2023-06-30
2375,TELANGANA,,7.2,,,,,,,2023-06-30
4226,TELANGANA,,7.1,,,,,,,2023-06-30
2673,MAHARASHTRA,,8.0,,,,,,,2023-06-30
30055,KARNATAKA,,8.4,,,,,,,2023-06-30
2675,MAHARASHTRA,,7.4,,,,,,,2023-06-30
2349,TELANGANA,,6.8,,,,,,,2023-06-30
1214,"MADHYA
PRADESH",,7.2,,,,,,,2023-06-30
5541,"MADHYA
PRADESH",,7.1,,,,,,,2023-06-30
"Primary Water Quality Criteria notified under The E (P) Rules, 1986",,PRIMARY,7.5,,,,,,,2023-06-30
2699,MAHARASHTRA,,7.8,,,,,,,2023-06-30
2698,MAHARASHTRA,,7.7,,,,,,,2023-06-30
2697,MAHARASHTRA,,7.8,,,,,,,2023-06-30
2373,"ANDHRA
PRADESH",,7.4,,,,,,,2023-06-30
1856,CHHATTISGARH,,7.5,,,,,,,2023-06-30
3330,"MADHYA
PRADESH",,7.2,,,,,,,2023-06-30
3331,"MADHYA
PRADESH",,7.1,,,,,,,2023-06-30
1213,"MADHYA
PRADESH",,7.2,,,,,,,2023-06-30
30041,MAHARASHTRA,,8.6,,,,,,,2023-06-30
2173,MAHARASHTRA,,7.7,,,,,,,2023-06-30
2172,MAHARASHTRA,,7.8,,,,,,,2023-06-30
2175,MAHARASHTRA,,7.9,,,,,,,2023-06-30
2176,MAHARASHTRA,,7.8,,,,,,,2023-06-30
1910,MAHARASHTRA,,7.6,,,,,,,2023-06-30
11,MAHARASHTRA,,7.9,,,,,,,2023-06-30
30059,"MADHYA
PRADESH",,8.1,,,,,,,2023-06-30
1315,MAHARASHTRA,,7.9,,,,,,,2023-06-30
"Primary Water Quality Criteria notified under The E (P) Rules, 1986",,PRIMARY,7.5,,,,,,,2023-06-30
2721,MAHARASHTRA,,7.8,,,,,,,2023-06-30
2174,MAHARASHTRA,,7.8,,,,,,,2023-06-30
2156,MAHARASHTRA,,7.8,,,,,,,2023-06-30
2720,MAHARASHTRA,,7.9,,,,,,,2023-06-30
2719,MAHARASHTRA,,7.7,,,,,,,2023-06-30
1212,MAHARASHTRA,,7.9,,,,,,,2023-06-30
2722,MAHARASHTRA,,8.1,,,,,,,2023-06-30
2723,MAHARASHTRA,,8.0,,,,,,,2023-06-30
"Primary Water Quality Criteria notified under The E (P) Rules, 1986",,PRIMARY,7.5,,,,,,,2023-06-30
1906,MAHARASHTRA,,7.7,,,,,,,2023-06-30
37,MAHARASHTRA,,7.4,,,,,,,2023-06-30
30047,MAHARASHTRA,,8.1,,,,,,,2023-06-30
1310,MAHARASHTRA,,7.7,,,,,,,2023-06-30
1153,MAHARASHTRA,,7.6,,,,,,,2023-06-30
1889,KARNATAKA,,6.3,,,,,,,2023-06-30
1182,KARNATAKA,,6.2,,,,,,,2023-06-30
2763,KARNATAKA,,6.3,,,,,,,2023-06-30
5597,KARNATAKA,,8.0,,,,,,,2023-06-30
2781,KARNATAKA,,7.0,,,,,,,2023-06-30
1181,KARNATAKA,,7.0,,,,,,,2023-06-30
1028,KARNATAKA,,8.2,,,,,,,2023-06-30
30056,KARNATAKA,,7.9,,,,,,,2023-06-30
1784,TELANGANA,,7.4,,,,,,,2023-06-30
1170,KARNATAKA,,8.1,,,,,,,2023-06-30
39,TELANGANA,,7.3,,,,,,,2023-06-30
4225,TELANGANA,,7.0,,,,,,,2023-06-30
1175,"ANDHRA
PRADESH",,6.9,,,,,,,2023-06-30
3083,"ANDHRA
PRADESH",,6.9,,,,,,,2023-06-30
5108,TELANGANA,,6.8,,,,,,,2023-06-30
1465,TELANGANA,,7.2,,,,,,,2023-06-30
4381,"ANDHRA
PRADESH",,7.2,,,,,,,2023-06-30
"Primary Water Quality Criteria notified under The E (P) Rules, 1986",,PRIMARY,7.5,,,,,,,2023-06-30
5109,TELANGANA,,7.3,,,,,,,2023-06-30
4663,TELANGANA,,7.0,,,,,,,2023-06-30
5110,TELANGANA,,7.0,,,,,,,2023-06-30
1786,"ANDHRA
PRADESH",,7.2,,,,,,,2023-06-30
1787,"ANDHRA
PRADESH",,7.3,,,,,,,2023-06-30
4375,"ANDHRA
PRADESH",,7.2,,,,,,,2023-06-30
25,"ANDHRA
PRADESH",,7.2,,,,,,,2023-06-30
"Primary Water Quality Criteria notified under The E (P) Rules, 1986",,PRIMARY,7.5,,,,,,,2023-06-30
2716,MAHARASHTRA,,6.6,,,,,,,2023-06-30
2186,MAHARASHTRA,,7.6,,,,,,,2023-06-30
2717,MAHARASHTRA,,7.4,,,,,,,2023-06-30
4253,TELANGANA,,6.8,,,,,,,2023-06-30
4656,TELANGANA,,6.8,,,,,,,2023-06-30
2339,TELANGANA,,6.9,,,,,,,2023-06-30
4659,TELANGANA,,7.0,,,,,,,2023-06-30
4660,TELANGANA,,7.0,,,,,,,2023-06-30
1173,TELANGANA,,6.8,,,,,,,2023-06-30
4657,TELANGANA,,7.0,,,,,,,2023-06-30
4254,TELANGANA,,6.8,,,,,,,2023-06-30
4658,TELANGANA,,6.7,,,,,,,2023-06-30
3082,TELANGANA,,7.4,,,,,,,2023-06-30
5106,TELANGANA,,7.5,,,,,,,2023-06-30
5107,TELANGANA,,7.3,,,,,,,2023-06-30
1189,MAHARASHTRA,,7.1,,,,,,,2023-06-30
1190,MAHARASHTRA,,6.9,,,,,,,2023-06-30
2655,MAHARASHTRA,,7.4,,,,,,,2023-06-30
1191,MAHARASHTRA,,7.4,,,,,,,2023-06-30
1192,MAHARASHTRA,,7.5,,,,,,,2023-06-30
"Primary Water Quality Criteria notified under The E (P) Rules, 1986",,PRIMARY,7.5,,,,,,,2023-06-30
2656,MAHARASHTRA,,7.4,,,,,,,2023-06-30
1188,MAHARASHTRA,,8.0,,,,,,,2023-06-30
30046,MAHARASHTRA,,8.3,,,,,,,2023-06-30
28,MAHARASHTRA,,7.8,,,,,,,2023-06-30
5582,KARNATAKA,,7.0,,,,,,,2023-06-30
1183,KARNATAKA,,7.4,,,,,,,2023-06-30
1184,KARNATAKA,,7.7,,,,,,,2023-06-30
1888,KARNATAKA,,7.7,,,,,,,2023-06-30
30057,KARNATAKA,,8.1,,,,,,,2023-06-30
1167,KARNATAKA,,8.1,,,,,,,2023-06-30
5158,"ANDHRA
PRADESH",,6.9,,,,,,,2023-06-30
2350,"ANDHRA
PRADESH",,7.4,,,,,,,2023-06-30
1091,KARNATAKA,,7.0,,,,,,,2023-06-30
2771,KARNATAKA,,6.9,,,,,,,2023-06-30
2765,KARNATAKA,,7.0,,,,,,,2023-06-30
1387,KARNATAKA,,7.0,,,,,,,2023-06-30
4105,KARNATAKA,,7.1,,,,,,,2023-06-30
1169,KARNATAKA,,7.0,,,,,,,2023-06-30
1911,MAHARASHTRA,,7.7,,,,,,,2023-06-30
1912,MAHARASHTRA,,7.8,,,,,,,2023-06-30
"Primary Water Quality Criteria notified under The E (P) Rules, 1986",,PRIMARY,7.5,,,,,,,2023-06-30
1163,KARNATAKA,,7.8,,,,,,,2023-06-30
4104,KARNATAKA,,6.4,,,,,,,2023-06-30
1185,KARNATAKA,,6.3,,,,,,,2023-06-30
2665,MAHARASHTRA,,7.5,,,,,,,2023-06-30
2669,MAHARASHTRA,,7.0,,,,,,,2023-06-30
2668,MAHARASHTRA,,7.0,,,,,,,2023-06-30
2197,MAHARASHTRA,,7.0,,,,,,,2023-06-30
1895,KARNATAKA,,7.7,,,,,,,2023-06-30
2777,KARNATAKA,,7.7,,,,,,,2023-06-30
4500,KARNATAKA,,7.9,,,,,,,2023-06-30
2189,MAHARASHTRA,,7.5,,,,,,,2023-06-30
1187,KARNATAKA,,6.5,,,,,,,2023-06-30
1164,KARNATAKA,,7.7,,,,,,,2023-06-30
2764,KARNATAKA,,7.6,,,,,,,2023-06-30
1186,KARNATAKA,,8.1,,,,,,,2023-06-30
4098,KARNATAKA,,6.9,,,,,,,2023-06-30
2193,MAHARASHTRA,,7.0,,,,,,,2023-06-30
2194,MAHARASHTRA,,7.0,,,,,,,2023-06-30
2192,MAHARASHTRA,,7.1,,,,,,,2023-06-30
2677,MAHARASHTRA,,7.0,,,,,,,2023-06-30
1177,"ANDHRA
PRADESH",,7.6,,,,,,,2023-06-30
4251,TELANGANA,,7.2,,,,,,,2023-06-30
"Primary Water Quality Criteria notified under The E (P) Rules, 1986",,PRIMARY,7.5,,,,,,,2023-06-30
2680,MAHARASHTRA,,7.3,,,,,,,2023-06-30
2679,MAHARASHTRA,,6.8,,,,,,,2023-06-30
2678,MAHARASHTRA,,6.9,,,,,,,2023-06-30
2191,MAHARASHTRA,,6.9,,,,,,,2023-06-30
1178,"ANDHRA
PRADESH",,7.5,,,,,,,2023-06-30
1904,MAHARASHTRA,,7.4,,,,,,,2023-06-30
1905,MAHARASHTRA,,7.4,,,,,,,2023-06-30
1311,MAHARASHTRA,,7.3,,,,,,,2023-06-30
2163,MAHARASHTRA,,7.6,,,,,,,2023-06-30
2196,MAHARASHTRA,,7.0,,,,,,,2023-06-30
2692,MAHARASHTRA,,7.0,,,,,,,2023-06-30
2693,MAHARASHTRA,,6.9,,,,,,,2023-06-30
2694,MAHARASHTRA,,7.0,,,,,,,2023-06-30
2690,MAHARASHTRA,,7.0,,,,,,,2023-06-30
2691,MAHARASHTRA,,7.0,,,,,,,2023-06-30
2705,MAHARASHTRA,,7.7,,,,,,,2023-06-30
1168,KARNATAKA,,6.5,,,,,,,2023-06-30
4106,KARNATAKA,,6.5,,,,,,,2023-06-30
"Primary Water Quality Criteria notified under The E (P) Rules, 1986",,PRIMARY,7.5,,,,,,,2023-06-30
1896,KARNATAKA,,6.8,,,,,,,2023-06-30
38,KARNATAKA,,7.4,,,,,,,2023-06-30
1029,KARNATAKA,,7.4,,,,,,,2023-06-30
2766,KARNATAKA,,7.1,,,,,,,2023-06-30
2768,KARNATAKA,,7.0,,,,,,,2023-06-30
2767,KARNATAKA,,7.1,,,,,,,2023-06-30
2770,KARNATAKA,,7.1,,,,,,,2023-06-30
2769,KARNATAKA,,7.0,,,,,,,2023-06-30
5591,KARNATAKA,,7.1,,,,,,,2023-06-30
5592,KARNATAKA,,7.6,,,,,,,2023-06-30
4495,KARNATAKA,,7.7,,,,,,,2023-06-30
5593,KARNATAKA,,7.7,,,,,,,2023-06-30
5594,KARNATAKA,,7.6,,,,,,,2023-06-30
5595,KARNATAKA,,7.1,,,,,,,2023-06-30
5596,KARNATAKA,,7.3,,,,,,,2023-06-30
4494,KARNATAKA,,7.4,,,,,,,2023-06-30
2776,KARNATAKA,,7.3,,,,,,,2023-06-30
29,KARNATAKA,,6.5,,,,,,,2023-06-30
3558,KARNATAKA,,8.3,,,,,,,2023-06-30
30054,KARNATAKA,,8.2,,,,,,,2023-06-30
1785,"ANDHRA
PRADESH",,7.3,,,,,,,2023-06-30
1174,"ANDHRA
PRADESH",,7.3,,,,,,,2023-06-30
4388,"ANDHRA
PRADESH",,6.8,,,,,,,2023-06-30
4389,"ANDHRA
PRADESH",,7.0,,,,,,,2023-06-30
4379,"ANDHRA
PRADESH",,7.6,,,,,,,2023-06-30
"Primary Water Quality Criteria notified under The E (P) Rules, 1986",,PRIMARY,7.5,,,,,,,2023-06-30
1255,"ANDHRA
PRADESH",,7.3,,,,,,,2023-06-30
1256,"ANDHRA
PRADESH",,7.3,,,,,,,2023-06-30
1257,"ANDHRA
PRADESH",,7.5,,,,,,,2023-06-30
30,"ANDHRA
PRADESH",,6.6,,,,,,,2023-06-30
2351,"ANDHRA
PRADESH",,6.9,,,,,,,2023-06-30
1689,PUDUCHERRY,,8.1,,,,,,,2023-06-30
"Primary Water Quality Criteria notified under The E (P) Rules, 1986",,PRIMARY,7.5,,,,,,,2023-06-30
1171,KARNATAKA,,7.8,,,,,,,2023-06-30
1386,KARNATAKA,,7.7,,,,,,,2023-06-30
34,KARNATAKA,,7.9,,,,,,,2023-06-30
2773,KARNATAKA,,8.0,,,,,,,2023-06-30
2774,KARNATAKA,,7.6,,,,,,,2023-06-30
3566,KARNATAKA,,7.5,,,,,,,2023-06-30
3568,KARNATAKA,,7.5,,,,,,,2023-06-30
3569,KARNATAKA,,7.3,,,,,,,2023-06-30
3570,KARNATAKA,,7.3,,,,,,,2023-06-30
3571,KARNATAKA,,7.4,,,,,,,2023-06-30
3573,KARNATAKA,,7.3,,,,,,,2023-06-30
3576,KARNATAKA,,7.6,,,,,,,2023-06-30
3578,KARNATAKA,,8.0,,,,,,,2023-06-30
3579,KARNATAKA,,7.9,,,,,,,2023-06-30
3581,KARNATAKA,,7.9,,,,,,,2023-06-30
4109,KARNATAKA,,7.2,,,,,,,2023-06-30
4099,KARNATAKA,,7.0,,,,,,,2023-06-30
4102,KARNATAKA,,6.8,,,,,,,2023-06-30
4103,KARNATAKA,,7.2,,,,,,,2023-06-30
30052,KARNATAKA,,8.0,,,,,,,2023-06-30
50,TAMIL NADU,,7.0,,,,,,,2023-06-30
51,TAMIL NADU,,7.2,,,,,,,2023-06-30
1320,TAMIL NADU,,7.1,,,,,,,2023-06-30
3015,TAMIL NADU,,7.6,,,,,,,2023-06-30
"Primary Water Quality Criteria notified under The E (P) Rules, 1986",,PRIMARY,7.5,,,,,,,2023-06-30
1324,TAMIL NADU,,7.6,,,,,,,2023-06-30
1451,TAMIL NADU,,7.5,,,,,,,2023-06-30
31,TAMIL NADU,,7.1,,,,,,,2023-06-30
3016,TAMIL NADU,,7.2,,,,,,,2023-06-30
1202,TAMIL NADU,,7.1,,,,,,,2023-06-30
1325,TAMIL NADU,,7.3,,,,,,,2023-06-30
1203,TAMIL NADU,,7.3,,,,,,,2023-06-30
1206,TAMIL NADU,,7.3,,,,,,,2023-06-30
3018,TAMIL NADU,,7.8,,,,,,,2023-06-30
3012,TAMIL NADU,,7.4,,,,,,,2023-06-30
3013,TAMIL NADU,,7.7,,,,,,,2023-06-30
3014,TAMIL NADU,,7.5,,,,,,,2023-06-30
4827,TAMIL NADU,,7.4,,,,,,,2023-06-30
3017,TAMIL NADU,,7.4,,,,,,,2023-06-30
1326,TAMIL NADU,,7.7,,,,,,,2023-06-30
1327,TAMIL NADU,,7.7,,,,,,,2023-06-30
1322,TAMIL NADU,,7.3,,,,,,,2023-06-30
10064,TAMIL NADU,,7.6,,,,,,,2023-06-30
10065,TAMIL NADU,,7.7,,,,,,,2023-06-30
10067,TAMIL NADU,,7.3,,,,,,,2023-06-30
10070,TAMIL NADU,,7.3,,,,,,,2023-06-30
10073,TAMIL NADU,,7.5,,,,,,,2023-06-30
10078,TAMIL NADU,,8.1,,,,,,,2023-06-30
3580,KARNATAKA,,7.6,,,,,,,2023-06-30
5587,KARNATAKA,,7.3,,,,,,,2023-06-30
"Primary Water Quality Criteria notified under The E (P) Rules, 1986",,PRIMARY,7.5,,,,,,,2023-06-30
5583,KARNATAKA,,7.2,,,,,,,2023-06-30
5584,KARNATAKA,,7.5,,,,,,,2023-06-30
5585,KARNATAKA,,6.8,,,,,,,2023-06-30
5586,KARNATAKA,,7.3,,,,,,,2023-06-30
5590,KARNATAKA,,7.5,,,,,,,2023-06-30
5580,KARNATAKA,,7.8,,,,,,,2023-06-30
5579,KARNATAKA,,7.7,,,,,,,2023-06-30
5581,KARNATAKA,,7.8,,,,,,,2023-06-30
1323,TAMIL NADU,,6.9,,,,,,,2023-06-30
3015,TAMIL NADU,,7.6,,,,,,,2023-06-30
"Primary Water Quality Criteria notified under The E (P) Rules, 1986",,PRIMARY,7.5,,,,,,,2023-06-30
3020,TAMIL NADU,,7.7,,,,,,,2023-06-30
3021,TAMIL NADU,,7.8,,,,,,,2023-06-30
1893,KARNATAKA,,7.4,,,,,,,2023-06-30
1199,KARNATAKA,,7.4,,,,,,,2023-06-30
1166,KARNATAKA,,7.8,,,,,,,2023-06-30
1200,KARNATAKA,,6.7,,,,,,,2023-06-30
3567,KARNATAKA,,7.8,,,,,,,2023-06-30
3022,TAMIL NADU,,7.0,,,,,,,2023-06-30
3023,TAMIL NADU,,6.9,,,,,,,2023-06-30
1319,TAMIL NADU,,7.0,,,,,,,2023-06-30
4812,TAMIL NADU,,7.3,,,,,,,2023-06-30
4813,TAMIL NADU,,7.1,,,,,,,2023-06-30
1165,KARNATAKA,,6.7,,,,,,,2023-06-30
2778,KARNATAKA,,6.6,,,,,,,2023-06-30
2779,KARNATAKA,,6.0,,,,,,,2023-06-30
4108,KARNATAKA,,6.7,,,,,,,2023-06-30
41,KARNATAKA,,7.7,,,,,,,2023-06-30
1197,KARNATAKA,,7.4,,,,,,,2023-06-30
1207,KERALA,,6.5,,,,,,,2023-06-30
1445,KARNATAKA,,7.8,,,,,,,2023-06-30
2775,KARNATAKA,,7.6,,,,,,,2023-06-30
3575,KARNATAKA,,7.7,,,,,,,2023-06-30
"Primary Water Quality Criteria notified under The E (P) Rules, 1986",,PRIMARY,7.5,,,,,,,2023-06-30
3577,KARNATAKA,,7.9,,,,,,,2023-06-30
1196,KARNATAKA,,7.3,,,,,,,2023-06-30
2772,KARNATAKA,,7.2,,,,,,,2023-06-30
3572,KARNATAKA,,7.6,,,,,,,2023-06-30
3024,TAMIL NADU,,6.8,,,,,,,2023-06-30
10034,TAMIL NADU,,6.8,,,,,,,2023-06-30
10035,TAMIL NADU,,6.7,,,,,,,2023-06-30
10036,TAMIL NADU,,6.9,,,,,,,2023-06-30
10038,TAMIL NADU,,6.6,,,,,,,2023-06-30
10039,TAMIL NADU,,6.5,,,,,,,2023-06-30
10040,TAMIL NADU,,6.5,,,,,,,2023-06-30
10041,TAMIL NADU,,6.6,,,,,,,2023-06-30
10042,TAMIL NADU,,6.6,,,,,,,2023-06-30
10043,TAMIL NADU,,6.7,,,,,,,2023-06-30
10044,TAMIL NADU,,6.8,,,,,,,2023-06-30
10045,TAMIL NADU,,6.6,,,,,,,2023-06-30
10046,TAMIL NADU,,6.7,,,,,,,2023-06-30
10059,TAMIL NADU,,7.3,,,,,,,2023-06-30
10060,TAMIL NADU,,7.2,,,,,,,2023-06-30
10057,TAMIL NADU,,7.5,,,,,,,2023-06-30
10058,TAMIL NADU,,7.3,,,,,,,2023-06-30
5578,KARNATAKA,,7.8,,,,,,,2023-06-30
4501,KARNATAKA,,6.9,,,,,,,2023-06-30
1208,KERALA,,7.6,,,,,,,2023-06-30
5228,KERALA,,6.5,,,,,,,2023-06-30
5229,KERALA,,6.5,,,,,,,2023-06-30
5227,KERALA,,6.5,,,,,,,2023-06-30
"Primary Water Quality Criteria notified under The E (P) Rules, 1986",,PRIMARY,7.5,,,,,,,2023-06-30
23,JHARKHAND,,6.5,,,,,,,2023-06-30
24,JHARKHAND,,6.9,,,,,,,2023-06-30
48,JHARKHAND,,7.1,,,,,,,2023-06-30
49,JHARKHAND,,6.3,,,,,,,2023-06-30
1641,ODISHA,,6.8,,,,,,,2023-06-30
2385,JHARKHAND,,6.5,,,,,,,2023-06-30
2386,JHARKHAND,,6.5,,,,,,,2023-06-30
2387,JHARKHAND,,7.3,,,,,,,2023-06-30
2395,JHARKHAND,,6.5,,,,,,,2023-06-30
2397,JHARKHAND,,7.4,,,,,,,2023-06-30
2399,JHARKHAND,,7.0,,,,,,,2023-06-30
,JHARKHAND,NAN,7.0,,,,,,,2023-06-30
4744,JHARKHAND,,7.0,,,,,,,2023-06-30
4746,JHARKHAND,,6.9,,,,,,,2023-06-30
4748,JHARKHAND,,7.3,,,,,,,2023-06-30
4749,JHARKHAND,,6.5,,,,,,,2023-06-30
4084,JHARKHAND,,6.5,,,,,,,2023-06-30
"Primary Water Quality Criteria notified under The E (P) Rules, 1986",,PRIMARY,7.5,,,,,,,2023-06-30
4750,JHARKHAND,,6.5,,,,,,,2023-06-30
4752,JHARKHAND,,3.1,,,,,,,2023-06-30
30067,JHARKHAND,,7.0,,,,,,,2023-06-30
30068,WEST BENGAL,,7.0,,,,,,,2023-06-30
30069,ODISHA,,7.0,,,,,,,2023-06-30
4086,JHARKHAND,,6.7,,,,,,,2023-06-30
4756,JHARKHAND,,7.2,,,,,,,2023-06-30
2423,ODISHA,,7.2,,,,,,,2023-06-30
3943,ODISHA,,6.9,,,,,,,2023-06-30
3942,ODISHA,,6.9,,,,,,,2023-06-30
2115,,,7.7,,,,,,,2023-06-30
4753,JHARKHAND,,6.5,,,,,,,2023-06-30
4754,JHARKHAND,,6.5,,,,,,,2023-06-30
