year,code,station,state,section_title,pH,conductivity_uScm,BOD_mg_L,DO_mg_L,nitrate_mg_L,waterbody,date
2023,1001,RIVER BEAS AT U/S MANALI,HIMACHAL PRADESH,Beas,,224.0,1.9,8.5,0.735,BEAS,2023-06-30
2023,2601,RIVER BEAS AT D/S MANALI,HIMACHAL PRADESH,Beas,,96.5,1.9,8.3,1.095,BEAS,2023-06-30
2023,4444,RIVER BEAS D/S OF WASTE PROCESSING FACILITY AT MANALI,HIMACHAL PRADESH,Beas,,87.5,1.9,8.3,0.7000000000000001,BEAS,2023-06-30
2023,4037,RIVER BEAS D/S MANALSU NALLAH,HIMACHAL PRADESH,Beas,,94.5,1.0,8.4,1.03,BEAS,2023-06-30
2023,3866,RIVER BEAS U/S BEFORE CONF. OF MANALSU NALLAH,HIMACHAL PRADESH,Beas,,82.0,1.0,8.45,0.645,BEAS,2023-06-30
2023,2602,"RIVER BEAS, U/S KULLU",HIMACHAL PRADESH,Beas,,86.0,1.0,8.149999999999999,0.61,Beas,2023-06-30
2023,4445,RIVER BEAS D/S OF WASTE PROCESSING FACILITY AT KULLU,HIMACHAL PRADESH,Beas,,121.5,1.3,8.0,0.64,BEAS,2023-06-30
2023,1002,RIVER BEAS D/S KULLU,HIMACHAL PRADESH,Beas,,110.5,1.3,7.95,1.4849999999999999,BEAS,2023-06-30
2023,1003,RIVER BEAS D/S AUT,HIMACHAL PRADESH,Beas,,95.0,1.0,7.8,0.545,BEAS,2023-06-30
2023,1004,RIVER BEAS AT PANDOH DAM,HIMACHAL PRADESH,Beas,,135.0,1.0,8.65,0.6900000000000001,BEAS,2023-06-30
2023,2603,"RIVER BEAS, D/S PANDOH DAM",HIMACHAL PRADESH,Beas,,131.5,1.0,8.65,0.735,Beas,2023-06-30
2023,1005,RIVER BEAS AT EXIT OF DEHAR POWER HOUSE,HIMACHAL PRADESH,Beas,,188.0,1.0,8.6,0.635,BEAS,2023-06-30
2023,1550,"BEAS RIVER, U/S OF MANDI TOWN",HIMACHAL PRADESH,Beas,,135.0,1.0,8.5,0.65,Beas,2023-06-30
2023,1006,RIVER BEAS D/S MANDI TOWN,HIMACHAL PRADESH,Beas,,137.5,1.0,8.7,2.905,BEAS,2023-06-30
2023,2604,RIVER BEAS AT D/S JAISINGHPUR,HIMACHAL PRADESH,Beas,,238.5,1.0,9.0,3.015,BEAS,2023-06-30
2023,1007,RIVER BEAS AT D/S ALAMPUR,HIMACHAL PRADESH,Beas,,541.5,1.0,8.85,2.5949999999999998,BEAS,2023-06-30
2023,3855,"RIVER BEAS D/S NADAUN BRIDGE, VILL BHADOLI",HIMACHAL PRADESH,Beas,,242.5,1.1,8.05,1.4149999999999998,BEAS,2023-06-30
2023,1292,"RIVER BEAS AT PONG DAM ,PONG VILLAGE",HIMACHAL PRADESH,Beas,,207.0,1.0,8.649999999999999,1.99,BEAS,2023-06-30
2023,1009,RIVER BEAS AT D/S PONG DAM,HIMACHAL PRADESH,Beas,,211.0,1.0,8.649999999999999,1.8,BEAS,2023-06-30
2023,1008,RIVER BEAS AT D/S DEHRAGOPIPUR,HIMACHAL PRADESH,Beas,,246.5,1.0,7.949999999999999,2.175,BEAS,2023-06-30
2023,4435,RIVER BEAS U/S SUJANPUR TIHRA,HIMACHAL PRADESH,Beas,,602.5,2.9,8.35,1.4549999999999998,BEAS,2023-06-30
2023,4436,RIVER BEAS D/S SUJANPUR TIHRA,HIMACHAL PRADESH,Beas,,387.0,2.3,8.2,1.72,BEAS,2023-06-30
2023,4437,RIVER BEAS U/S NADAUM TOWN,HIMACHAL PRADESH,Beas,,,,7.800000000000001,0.735,BEAS,2023-06-30
2023,4438,RIVER BEAS D/S NADAUN TOWN AFTER CONFLUENCE OF MAAN KHAD,HIMACHAL PRADESH,Beas,,306.5,2.2,8.35,0.74,BEAS,2023-06-30
2023,4443,RIVER BEAS AT RAISON,HIMACHAL PRADESH,Beas,,95.0,1.0,8.25,0.64,BEAS,2023-06-30
2023,5765,RIVER BEAS D/S NEW BAJAURA BRIDGE,HIMACHAL PRADESH,Beas,,168.5,1.0,8.0,0.58,BEAS,2023-06-30
2023,30083,RIVER BEAS AT TALWARA (PONG DAM),HIMACHAL PRADESH,Beas,,202.0,1.5,,1.47,BEAS,2023-06-30
2023,30084,"RIVER BEAS AT D/S CHANGARWA VILLAGE, (PUNJAB)",PUNJAB,Beas,,213.5,1.05,,1.285,BEAS,2023-06-30
2023,1693,"RIVER BEAS AT TALWARA H/W, PUNJAB",PUNJAB,Beas,,211.0,1.1,,0.95,BEAS,2023-06-30
2023,1694,"RIVER BEAS AT U/S PATHANKOT, PUNJAB",PUNJAB,Beas,,278.5,1.1,8.4,0.7550000000000001,BEAS,2023-06-30
2023,1010,"RIVER BEAS AT MIRTHAL BRIDGE, GURDASPUR",PUNJAB,Beas,,299.5,1.15,8.4,0.75,BEAS,2023-06-30
2023,1695,"RIVER BEAS D/S PATHANKOT, PUNJAB",PUNJAB,Beas,,256.5,1.1,8.15,0.8,BEAS,2023-06-30
2023,1294,"RIVER BEAS AT 1KM.D/S OF EFFL. DISH. POINT AT MUKERIAN , PUNJAB",PUNJAB,Beas,,239.0,1.15,8.05,1.0499999999999998,BEAS,2023-06-30
2023,1696,"RIVER BEAS U/S GOINDWAL, PUNJAB",PUNJAB,Beas,,218.0,1.1,8.6,0.7250000000000001,BEAS,2023-06-30
2023,1697,"RIVER BEAS AT HARIKE, PUNJAB",PUNJAB,Beas,,228.5,1.1,8.6,0.9550000000000001,BEAS,2023-06-30
2023,1011,RIVER BEAS AT G.T. ROAD UNDER BDG. NEAR KAPURTHALA,PUNJAB,Beas,,233.0,1.2,8.15,0.735,BEAS,2023-06-30
2023,1012,RIVER BEAS AT 100M D/S INDUST. DISCH. GOINDWAL,PUNJAB,Beas,,233.5,1.15,8.4,0.8,BEAS,2023-06-30
2023,4164,"RIVER BEAS RIVER, NR VILL KIRI AFGHANA, TEHSIL BATALA, GURDASPUR",PUNJAB,Beas,,240.0,1.15,7.85,0.8,Beas,2023-06-30
2023,5504,RIVER BEAS AT KARMOWALA VILLAGE,PUNJAB,Beas,,225.5,1.1,8.350000000000001,0.835,BEAS,2023-06-30
2023,5505,RIVER BEAS AT CHAMBA KALAN,PUNJAB,Beas,,223.5,1.05,8.45,0.815,BEAS,2023-06-30
2023,5506,RIVER BEAS AT KAMBOH DAHIWALA,PUNJAB,Beas,,225.0,1.05,8.35,0.885,BEAS,2023-06-30
2023,1867,RIVER SUTLEJ BEFORE CONF. WITH RIVER SPITI AT KHAB,HIMACHAL PRADESH,Sutlej,,337.5,1.0,9.25,0.905,SPITI,2023-06-30
2023,2611,RIVER SUTLEJ AFTER CONF. WITH RIVER SPIT AT KHAB,HIMACHAL PRADESH,Sutlej,,329.0,1.0,9.35,0.91,SPIT,2023-06-30
2023,3872,RIVER SUTLEJ D/S TIDONG HEP,HIMACHAL PRADESH,Sutlej,,311.5,1.0,9.15,0.755,SUTLEJ,2023-06-30
2023,4448,RIVER SUTLEJ BEFORE CONFLUENCES WITH RIVER TIDONG,HIMACHAL PRADESH,Sutlej,,304.0,1.0,9.15,0.86,Sutlej,2023-06-30
2023,4449,RIVER SUTLEJ AFTER CONFLUENCES WITH RIVER TIDONG,HIMACHAL PRADESH,Sutlej,,301.5,1.0,9.15,0.775,Sutlej,2023-06-30
2023,4452,RIVER SUTLEJ BEFORE CONFLUENCES OF RIVER BASPA,HIMACHAL PRADESH,Sutlej,,318.0,1.0,9.0,0.88,Sutlej,2023-06-30
2023,3871,RIVER SUTLEJ D/S POWER HOUSE KASHANG HEP,HIMACHAL PRADESH,Sutlej,,304.0,1.0,9.15,0.855,SUTLEJ,2023-06-30
2023,3870,RIVER SUTLEJ AFTER CONF. OF RIVER BASPA AT KARCHAM DAM,HIMACHAL PRADESH,Sutlej,,290.5,1.0,9.05,0.855,BASPA,2023-06-30
2023,1389,RIVER SUTLEJ AT WANGTOO BRIDGE,HIMACHAL PRADESH,Sutlej,,288.0,1.0,9.0,0.86,SUTLEJ,2023-06-30
2023,4453,RIVER SUTLEJ AFTER CONFLUENCES OF RIVER BASPA,HIMACHAL PRADESH,Sutlej,,276.0,1.0,9.0,0.875,Sutlej,2023-06-30
2023,3869,RIVER SUTLEJ D/S TRT OF RAMPUR HYDEL ELECTRIC PROJECT,HIMACHAL PRADESH,Sutlej,,179.5,1.0,8.95,0.87,SUTLEJ,2023-06-30
2023,1086,RIVER SUTLEJ AT U/S RAMPUR,HIMACHAL PRADESH,Sutlej,,179.0,1.0,8.9,0.635,SUTLEJ,2023-06-30
2023,1087,RIVER SUTLEJ AT D/S RAMPUR,HIMACHAL PRADESH,Sutlej,,174.5,1.0,8.899999999999999,0.635,SUTLEJ,2023-06-30
2023,1013,RIVER SUTLEJ AT U/S TATAPANI,HIMACHAL PRADESH,Sutlej,,282.0,1.0,8.95,2.1350000000000002,SUTLEJ,2023-06-30
2023,4446,RIVER SUTLEJ U/S IANDFILL SITE RAMPUR,HIMACHAL PRADESH,Sutlej,,171.0,1.0,8.9,0.545,SUTLEJ,2023-06-30
2023,4447,RIVER STLUJ D/S LANDFILL SITE RAMPUR,HIMACHAL PRADESH,Sutlej,,178.5,1.0,8.899999999999999,0.605,STLUJ,2023-06-30
2023,4032,RIVER SUTLEJ D/S ACC BARMANA,HIMACHAL PRADESH,Sutlej,,168.5,1.0,8.75,1.265,SUTLEJ,2023-06-30
2023,4033,RIVER SUTLEJ NEAR LUHNOO GROUND,HIMACHAL PRADESH,Sutlej,,242.5,1.9,8.5,1.945,SUTLEJ,2023-06-30
2023,4450,RIVER SUTLEJ BEFORE CONFLUENCE WITH GANVI KHAND,HIMACHAL PRADESH,Sutlej,,187.5,1.0,9.15,0.665,Sutlej,2023-06-30
2023,4451,RIVER SUTLEJ AFTER CONFLUENCE WITH GANVI KHAD,HIMACHAL PRADESH,Sutlej,,174.0,1.0,9.15,0.57,Sutlej,2023-06-30
2023,30009,RIVER SUTLEJ AT NANGAL (H.P.),HIMACHAL PRADESH,Sutlej,,293.0,1.0,8.4,0.565,SUTLEJ,2023-06-30
2023,1014,RIVER SUTLEJ U/S OF EXIT POINT OF DEHAR POWER HOUSE,HIMACHAL PRADESH,Sutlej,,191.0,1.0,9.05,0.65,SUTLEJ,2023-06-30
2023,1015,RIVER SUTLEJ D/S OF EXIT POINT OF DEHAR POWER HOUSE,HIMACHAL PRADESH,Sutlej,,167.0,1.0,8.6,1.2,SUTLEJ,2023-06-30
2023,1016,RIVER SUTLEJ D/S BHAKHRA,HIMACHAL PRADESH,Sutlej,,278.5,1.65,8.75,0.625,SUTLEJ,2023-06-30
2023,30088,"RIVER SUTLEJ D/S OLINDA, NEAR BHAKRA DAM, H.P.",HIMACHAL PRADESH,Sutlej,,244.5,1.0,,0.7999999999999999,SUTLEJ,2023-06-30
2023,30010,RIVER SUTLEJ AT NOORPUR BEDI ROAD (PUNJAB),PUNJAB,Sutlej,,295.0,3.0,8.45,0.7100000000000001,SUTLEJ,2023-06-30
2023,1814,"RIVER SUTLEJ AT D/S KIRATPUR SAHIB, PUNJAB",PUNJAB,Sutlej,,258.5,1.0,8.3,3.3000000000000003,SUTLEJ,2023-06-30
2023,1380,"RIVER SUTLEJ AT D/S NFL, PUNJAB",PUNJAB,Sutlej,,240.0,1.0,,1.9500000000000002,SUTLEJ,2023-06-30
2023,2915,"RIVER SUTLEJ AT 100 MT. D/S OF PACL, NANGAL",PUNJAB,Sutlej,,241.0,1.0,,1.9500000000000002,SUTLEJ,2023-06-30
2023,10020,RIVER SUTLEJ AT ANANDPUR SAHIB,PUNJAB,Sutlej,,250.0,1.0,,3.45,SUTLEJ,2023-06-30
2023,10021,RIVER SUTLEJ AT BUNGA SAHIB,PUNJAB,Sutlej,,256.0,1.0,,1.65,SUTLEJ,2023-06-30
2023,10022,RIVER SUTLEJ AT PHILLAUR U/S,PUNJAB,Sutlej,,411.0,2.0,6.5,0.85,SUTLEJ,2023-06-30
2023,10023,RIVER SUTLEJ AT PHAGWARA U/S (CHAHERU BRIDGE),PUNJAB,Sutlej,,,,3.05,,SUTLEJ,2023-06-30
2023,10024,RIVER SUTLEJ AT PHAGWARA D/S (KANGANIWAL BRIDGE),PUNJAB,Sutlej,,,,1.0999999999999999,,SUTLEJ,2023-06-30
2023,10027,RIVER SUTLEJ AT LUDHIANA U/S,PUNJAB,Sutlej,,288.5,1.4,7.550000000000001,1.9500000000000002,SUTLEJ,2023-06-30
2023,10028,RIVER SUTLEJ AT LUDHIANA D/S,PUNJAB,Sutlej,,,,3.4499999999999997,,SUTLEJ,2023-06-30
2023,1017,"RIVER SUTLEJ AT 100M U/S OF HEADWORKS, NANGAL",PUNJAB,Sutlej,,230.0,1.0,8.15,1.1,SUTLEJ,2023-06-30
2023,1018,"RIVER SUTLEJ AT 100M D/S , NANGAL",PUNJAB,Sutlej,,235.0,1.0,,1.5,SUTLEJ,2023-06-30
2023,1293,"RIVER SUTLEJ AT 1 KM. D/S OF ZENITH, PUNJAB",PUNJAB,Sutlej,,303.0,1.0,8.4,1.7000000000000002,SUTLEJ,2023-06-30
2023,1019,RIVER SUTLEJ AT U/S HEAD WORKS ROPAR,PUNJAB,"Tributary Streams - Ravi, Parvati, Sirsa, Sarsa, Baira Siul, Suketi Khad, Binwa, Neugal Khad, Spiti, Baspa, Banganga, Basanter, Chenab, Devak, Tawi, Ujh, Swan, Tirthan, Pabbar, Ashwani Khad, Manjhi Khad, Mol Khad, Baner Khad, Charan Khand, Dhauli Khad, Shikari Khad, Batta, Kali Bein, Sainj, Markanda, Gaj Khad, Bather Khad, Bald, Ratta, Uhl Suketi Khad, Seer Khad, Bhagga, Chandra, Giri And Koshalya",,294.0,1.1,7.7,1.85,SUTLEJ,2023-06-30
2023,1020,"RIVER SUTLEJ AT 100M D/S BUDHA NALA CONFL., LUDHIANA",PUNJAB,"Tributary Streams - Ravi, Parvati, Sirsa, Sarsa, Baira Siul, Suketi Khad, Binwa, Neugal Khad, Spiti, Baspa, Banganga, Basanter, Chenab, Devak, Tawi, Ujh, Swan, Tirthan, Pabbar, Ashwani Khad, Manjhi Khad, Mol Khad, Baner Khad, Charan Khand, Dhauli Khad, Shikari Khad, Batta, Kali Bein, Sainj, Markanda, Gaj Khad, Bather Khad, Bald, Ratta, Uhl Suketi Khad, Seer Khad, Bhagga, Chandra, Giri And Koshalya",,,,1.2,,SUTLEJ,2023-06-30
2023,1022,"RIVER SUTLEJ AT BRIDGE HARIKE, AMRITSAR",PUNJAB,"Tributary Streams - Ravi, Parvati, Sirsa, Sarsa, Baira Siul, Suketi Khad, Binwa, Neugal Khad, Spiti, Baspa, Banganga, Basanter, Chenab, Devak, Tawi, Ujh, Swan, Tirthan, Pabbar, Ashwani Khad, Manjhi Khad, Mol Khad, Baner Khad, Charan Khand, Dhauli Khad, Shikari Khad, Batta, Kali Bein, Sainj, Markanda, Gaj Khad, Bather Khad, Bald, Ratta, Uhl Suketi Khad, Seer Khad, Bhagga, Chandra, Giri And Koshalya",,356.5,2.3,5.85,2.1500000000000004,SUTLEJ,2023-06-30
2023,10025,RIVER SUTLEJ AT JALANDHAR U/S (PEERU SHAH KA DARGAH),PUNJAB,"Tributary Streams - Ravi, Parvati, Sirsa, Sarsa, Baira Siul, Suketi Khad, Binwa, Neugal Khad, Spiti, Baspa, Banganga, Basanter, Chenab, Devak, Tawi, Ujh, Swan, Tirthan, Pabbar, Ashwani Khad, Manjhi Khad, Mol Khad, Baner Khad, Charan Khand, Dhauli Khad, Shikari Khad, Batta, Kali Bein, Sainj, Markanda, Gaj Khad, Bather Khad, Bald, Ratta, Uhl Suketi Khad, Seer Khad, Bhagga, Chandra, Giri And Koshalya",,,,0.3,,SUTLEJ,2023-06-30
2023,10026,RIVER SUTLEJ AT JALANDHAR D/S (MALSIAN BRIDGE),PUNJAB,"Tributary Streams - Ravi, Parvati, Sirsa, Sarsa, Baira Siul, Suketi Khad, Binwa, Neugal Khad, Spiti, Baspa, Banganga, Basanter, Chenab, Devak, Tawi, Ujh, Swan, Tirthan, Pabbar, Ashwani Khad, Manjhi Khad, Mol Khad, Baner Khad, Charan Khand, Dhauli Khad, Shikari Khad, Batta, Kali Bein, Sainj, Markanda, Gaj Khad, Bather Khad, Bald, Ratta, Uhl Suketi Khad, Seer Khad, Bhagga, Chandra, Giri And Koshalya",,,,0.3,,SUTLEJ,2023-06-30
2023,1021,"RIVER SUTLEJ AT BOAT BDG. DHARMKOTNAKODAR ROAD, JALANDHAR",PUNJAB,"Tributary Streams - Ravi, Parvati, Sirsa, Sarsa, Baira Siul, Suketi Khad, Binwa, Neugal Khad, Spiti, Baspa, Banganga, Basanter, Chenab, Devak, Tawi, Ujh, Swan, Tirthan, Pabbar, Ashwani Khad, Manjhi Khad, Mol Khad, Baner Khad, Charan Khand, Dhauli Khad, Shikari Khad, Batta, Kali Bein, Sainj, Markanda, Gaj Khad, Bather Khad, Bald, Ratta, Uhl Suketi Khad, Seer Khad, Bhagga, Chandra, Giri And Koshalya",,519.0,,3.9499999999999997,,SUTLEJ,2023-06-30
2023,1381,"RIVER SUTLEJ AT D/S EAST BEIN, PUNJAB",PUNJAB,"Tributary Streams - Ravi, Parvati, Sirsa, Sarsa, Baira Siul, Suketi Khad, Binwa, Neugal Khad, Spiti, Baspa, Banganga, Basanter, Chenab, Devak, Tawi, Ujh, Swan, Tirthan, Pabbar, Ashwani Khad, Manjhi Khad, Mol Khad, Baner Khad, Charan Khand, Dhauli Khad, Shikari Khad, Batta, Kali Bein, Sainj, Markanda, Gaj Khad, Bather Khad, Bald, Ratta, Uhl Suketi Khad, Seer Khad, Bhagga, Chandra, Giri And Koshalya",,554.0,,4.05,,SUTLEJ,2023-06-30
2023,1691,"RIVER SUTLEJ AT U/S HUSSANIWALA - H/W FEROZEPUR, PUNJAB",PUNJAB,"Tributary Streams - Ravi, Parvati, Sirsa, Sarsa, Baira Siul, Suketi Khad, Binwa, Neugal Khad, Spiti, Baspa, Banganga, Basanter, Chenab, Devak, Tawi, Ujh, Swan, Tirthan, Pabbar, Ashwani Khad, Manjhi Khad, Mol Khad, Baner Khad, Charan Khand, Dhauli Khad, Shikari Khad, Batta, Kali Bein, Sainj, Markanda, Gaj Khad, Bather Khad, Bald, Ratta, Uhl Suketi Khad, Seer Khad, Bhagga, Chandra, Giri And Koshalya",,335.0,1.5,6.949999999999999,1.85,SUTLEJ,2023-06-30
2023,1692,"RIVER SUTLEJ AT D/S HUSSANIWALA-H/W FEROZEPUR, PUNJAB",PUNJAB,"Tributary Streams - Ravi, Parvati, Sirsa, Sarsa, Baira Siul, Suketi Khad, Binwa, Neugal Khad, Spiti, Baspa, Banganga, Basanter, Chenab, Devak, Tawi, Ujh, Swan, Tirthan, Pabbar, Ashwani Khad, Manjhi Khad, Mol Khad, Baner Khad, Charan Khand, Dhauli Khad, Shikari Khad, Batta, Kali Bein, Sainj, Markanda, Gaj Khad, Bather Khad, Bald, Ratta, Uhl Suketi Khad, Seer Khad, Bhagga, Chandra, Giri And Koshalya",,335.5,1.7,6.800000000000001,2.0,SUTLEJ,2023-06-30
2023,4059,"RIVER RAVI AT RANJIT SAGAR DAM, AT PANAGAR (BASOHIL)",JAMMU & KASHMIR,"Tributary Streams - Ravi, Parvati, Sirsa, Sarsa, Baira Siul, Suketi Khad, Binwa, Neugal Khad, Spiti, Baspa, Banganga, Basanter, Chenab, Devak, Tawi, Ujh, Swan, Tirthan, Pabbar, Ashwani Khad, Manjhi Khad, Mol Khad, Baner Khad, Charan Khand, Dhauli Khad, Shikari Khad, Batta, Kali Bein, Sainj, Markanda, Gaj Khad, Bather Khad, Bald, Ratta, Uhl Suketi Khad, Seer Khad, Bhagga, Chandra, Giri And Koshalya",,169.5,1.0,7.45,0.0,RAVI,2023-06-30
2023,4060,RIVER RAVI AT DAM-SITE AT THEIN,JAMMU & KASHMIR,"Tributary Streams - Ravi, Parvati, Sirsa, Sarsa, Baira Siul, Suketi Khad, Binwa, Neugal Khad, Spiti, Baspa, Banganga, Basanter, Chenab, Devak, Tawi, Ujh, Swan, Tirthan, Pabbar, Ashwani Khad, Manjhi Khad, Mol Khad, Baner Khad, Charan Khand, Dhauli Khad, Shikari Khad, Batta, Kali Bein, Sainj, Markanda, Gaj Khad, Bather Khad, Bald, Ratta, Uhl Suketi Khad, Seer Khad, Bhagga, Chandra, Giri And Koshalya",,146.0,1.0,7.4,0.0,RAVI,2023-06-30
2023,4061,"RIVER RAVI AT LAKHANPUR, 1 KM D/S FROM MADHOPUR BRIDGE",JAMMU & KASHMIR,"Tributary Streams - Ravi, Parvati, Sirsa, Sarsa, Baira Siul, Suketi Khad, Binwa, Neugal Khad, Spiti, Baspa, Banganga, Basanter, Chenab, Devak, Tawi, Ujh, Swan, Tirthan, Pabbar, Ashwani Khad, Manjhi Khad, Mol Khad, Baner Khad, Charan Khand, Dhauli Khad, Shikari Khad, Batta, Kali Bein, Sainj, Markanda, Gaj Khad, Bather Khad, Bald, Ratta, Uhl Suketi Khad, Seer Khad, Bhagga, Chandra, Giri And Koshalya",,334.0,1.15,6.4,0.0,RAVI,2023-06-30
2023,1089,RIVER RAVI U/S CHAMBA,HIMACHAL PRADESH,"Tributary Streams - Ravi, Parvati, Sirsa, Sarsa, Baira Siul, Suketi Khad, Binwa, Neugal Khad, Spiti, Baspa, Banganga, Basanter, Chenab, Devak, Tawi, Ujh, Swan, Tirthan, Pabbar, Ashwani Khad, Manjhi Khad, Mol Khad, Baner Khad, Charan Khand, Dhauli Khad, Shikari Khad, Batta, Kali Bein, Sainj, Markanda, Gaj Khad, Bather Khad, Bald, Ratta, Uhl Suketi Khad, Seer Khad, Bhagga, Chandra, Giri And Koshalya",,208.5,1.0,8.899999999999999,3.3649999999999998,RAVI,2023-06-30
2023,1088,RIVER RAVI AT U/S MADHOPUR,HIMACHAL PRADESH,"Tributary Streams - Ravi, Parvati, Sirsa, Sarsa, Baira Siul, Suketi Khad, Binwa, Neugal Khad, Spiti, Baspa, Banganga, Basanter, Chenab, Devak, Tawi, Ujh, Swan, Tirthan, Pabbar, Ashwani Khad, Manjhi Khad, Mol Khad, Baner Khad, Charan Khand, Dhauli Khad, Shikari Khad, Batta, Kali Bein, Sainj, Markanda, Gaj Khad, Bather Khad, Bald, Ratta, Uhl Suketi Khad, Seer Khad, Bhagga, Chandra, Giri And Koshalya",,315.5,1.0,8.55,2.44,RAVI,2023-06-30
2023,2614,RIVER RAVI CHAMERA-I RESERVOIR,HIMACHAL PRADESH,"Tributary Streams - Ravi, Parvati, Sirsa, Sarsa, Baira Siul, Suketi Khad, Binwa, Neugal Khad, Spiti, Baspa, Banganga, Basanter, Chenab, Devak, Tawi, Ujh, Swan, Tirthan, Pabbar, Ashwani Khad, Manjhi Khad, Mol Khad, Baner Khad, Charan Khand, Dhauli Khad, Shikari Khad, Batta, Kali Bein, Sainj, Markanda, Gaj Khad, Bather Khad, Bald, Ratta, Uhl Suketi Khad, Seer Khad, Bhagga, Chandra, Giri And Koshalya",,222.0,1.0,8.85,1.245,"Ravi, Parvati, Sirsa, Sarsa, Baira Siul, Suketi Khad, Binwa, Neugal Khad, Spiti, Baspa, Banganga, Basanter, Chenab, Devak, Tawi, Ujh, Swan, Tirthan, Pabbar, Ashwani Khad, Manjhi Khad, Mol Khad, Baner Khad, Charan Khand, Dhauli Khad, Shikari Khad, Batta, Kali Bein, Sainj, Markanda, Gaj Khad, Bather Khad, Bald, Ratta, Uhl Suketi Khad, Seer Khad, Bhagga, Chandra, Giri And Koshalya",2023-06-30
2023,2615,RIVER RAVI D/S CHAMERA- III HEP DAM,HIMACHAL PRADESH,"Tributary Streams - Ravi, Parvati, Sirsa, Sarsa, Baira Siul, Suketi Khad, Binwa, Neugal Khad, Spiti, Baspa, Banganga, Basanter, Chenab, Devak, Tawi, Ujh, Swan, Tirthan, Pabbar, Ashwani Khad, Manjhi Khad, Mol Khad, Baner Khad, Charan Khand, Dhauli Khad, Shikari Khad, Batta, Kali Bein, Sainj, Markanda, Gaj Khad, Bather Khad, Bald, Ratta, Uhl Suketi Khad, Seer Khad, Bhagga, Chandra, Giri And Koshalya",,205.0,1.0,9.05,2.01,RAVI,2023-06-30
2023,2613,RIVER RAVI AT D/S OF CHAMBA TOWN,HIMACHAL PRADESH,"Tributary Streams - Ravi, Parvati, Sirsa, Sarsa, Baira Siul, Suketi Khad, Binwa, Neugal Khad, Spiti, Baspa, Banganga, Basanter, Chenab, Devak, Tawi, Ujh, Swan, Tirthan, Pabbar, Ashwani Khad, Manjhi Khad, Mol Khad, Baner Khad, Charan Khand, Dhauli Khad, Shikari Khad, Batta, Kali Bein, Sainj, Markanda, Gaj Khad, Bather Khad, Bald, Ratta, Uhl Suketi Khad, Seer Khad, Bhagga, Chandra, Giri And Koshalya",,198.0,1.0,8.5,1.765,RAVI,2023-06-30
2023,3873,RIVER RAVI U/S STP AT BHARGA,HIMACHAL PRADESH,"Tributary Streams - Ravi, Parvati, Sirsa, Sarsa, Baira Siul, Suketi Khad, Binwa, Neugal Khad, Spiti, Baspa, Banganga, Basanter, Chenab, Devak, Tawi, Ujh, Swan, Tirthan, Pabbar, Ashwani Khad, Manjhi Khad, Mol Khad, Baner Khad, Charan Khand, Dhauli Khad, Shikari Khad, Batta, Kali Bein, Sainj, Markanda, Gaj Khad, Bather Khad, Bald, Ratta, Uhl Suketi Khad, Seer Khad, Bhagga, Chandra, Giri And Koshalya",,211.5,1.0,8.95,2.65,RAVI,2023-06-30
2023,3874,RIVER RAVI D/S STP AT BHAGOT,HIMACHAL PRADESH,"Tributary Streams - Ravi, Parvati, Sirsa, Sarsa, Baira Siul, Suketi Khad, Binwa, Neugal Khad, Spiti, Baspa, Banganga, Basanter, Chenab, Devak, Tawi, Ujh, Swan, Tirthan, Pabbar, Ashwani Khad, Manjhi Khad, Mol Khad, Baner Khad, Charan Khand, Dhauli Khad, Shikari Khad, Batta, Kali Bein, Sainj, Markanda, Gaj Khad, Bather Khad, Bald, Ratta, Uhl Suketi Khad, Seer Khad, Bhagga, Chandra, Giri And Koshalya",,202.0,1.0,8.65,1.68,RAVI,2023-06-30
2023,30089,"RIVER RAVI AT LAKHANPUR,",JAMMU & KASHMIR,"Tributary Streams - Ravi, Parvati, Sirsa, Sarsa, Baira Siul, Suketi Khad, Binwa, Neugal Khad, Spiti, Baspa, Banganga, Basanter, Chenab, Devak, Tawi, Ujh, Swan, Tirthan, Pabbar, Ashwani Khad, Manjhi Khad, Mol Khad, Baner Khad, Charan Khand, Dhauli Khad, Shikari Khad, Batta, Kali Bein, Sainj, Markanda, Gaj Khad, Bather Khad, Bald, Ratta, Uhl Suketi Khad, Seer Khad, Bhagga, Chandra, Giri And Koshalya",,263.0,2.0,,0.575,RAVI,2023-06-30
2023,30085,RIVER RAVI AT MADHOPUR,PUNJAB,"Tributary Streams - Ravi, Parvati, Sirsa, Sarsa, Baira Siul, Suketi Khad, Binwa, Neugal Khad, Spiti, Baspa, Banganga, Basanter, Chenab, Devak, Tawi, Ujh, Swan, Tirthan, Pabbar, Ashwani Khad, Manjhi Khad, Mol Khad, Baner Khad, Charan Khand, Dhauli Khad, Shikari Khad, Batta, Kali Bein, Sainj, Markanda, Gaj Khad, Bather Khad, Bald, Ratta, Uhl Suketi Khad, Seer Khad, Bhagga, Chandra, Giri And Koshalya",,204.5,1.15,,1.09,RAVI,2023-06-30
2023,1097,"RIVER RAVI AT U/S OF MADHOPUR HEADWORKS, GURDASPUR, PUNJAB",PUNJAB,"Tributary Streams - Ravi, Parvati, Sirsa, Sarsa, Baira Siul, Suketi Khad, Binwa, Neugal Khad, Spiti, Baspa, Banganga, Basanter, Chenab, Devak, Tawi, Ujh, Swan, Tirthan, Pabbar, Ashwani Khad, Manjhi Khad, Mol Khad, Baner Khad, Charan Khand, Dhauli Khad, Shikari Khad, Batta, Kali Bein, Sainj, Markanda, Gaj Khad, Bather Khad, Bald, Ratta, Uhl Suketi Khad, Seer Khad, Bhagga, Chandra, Giri And Koshalya",,179.5,1.05,,0.8,RAVI,2023-06-30
2023,1290,RIVER PARVATI BEFORE CONF. TO RIVER BEAS AT BHUNTER,HIMACHAL PRADESH,"Tributary Streams - Ravi, Parvati, Sirsa, Sarsa, Baira Siul, Suketi Khad, Binwa, Neugal Khad, Spiti, Baspa, Banganga, Basanter, Chenab, Devak, Tawi, Ujh, Swan, Tirthan, Pabbar, Ashwani Khad, Manjhi Khad, Mol Khad, Baner Khad, Charan Khand, Dhauli Khad, Shikari Khad, Batta, Kali Bein, Sainj, Markanda, Gaj Khad, Bather Khad, Bald, Ratta, Uhl Suketi Khad, Seer Khad, Bhagga, Chandra, Giri And Koshalya",,71.0,1.0,7.8,0.585,BEAS,2023-06-30
2023,1090,RIVER SAINJ D/S LARJI,HIMACHAL PRADESH,"Tributary Streams - Ravi, Parvati, Sirsa, Sarsa, Baira Siul, Suketi Khad, Binwa, Neugal Khad, Spiti, Baspa, Banganga, Basanter, Chenab, Devak, Tawi, Ujh, Swan, Tirthan, Pabbar, Ashwani Khad, Manjhi Khad, Mol Khad, Baner Khad, Charan Khand, Dhauli Khad, Shikari Khad, Batta, Kali Bein, Sainj, Markanda, Gaj Khad, Bather Khad, Bald, Ratta, Uhl Suketi Khad, Seer Khad, Bhagga, Chandra, Giri And Koshalya",,102.5,1.0,7.8,0.58,SAINJ,2023-06-30
2023,2605,RIVER PARVATI AT U/S MANIKARAN,HIMACHAL PRADESH,"Tributary Streams - Ravi, Parvati, Sirsa, Sarsa, Baira Siul, Suketi Khad, Binwa, Neugal Khad, Spiti, Baspa, Banganga, Basanter, Chenab, Devak, Tawi, Ujh, Swan, Tirthan, Pabbar, Ashwani Khad, Manjhi Khad, Mol Khad, Baner Khad, Charan Khand, Dhauli Khad, Shikari Khad, Batta, Kali Bein, Sainj, Markanda, Gaj Khad, Bather Khad, Bald, Ratta, Uhl Suketi Khad, Seer Khad, Bhagga, Chandra, Giri And Koshalya",,67.0,1.0,8.0,0.6900000000000001,PARVATI,2023-06-30
2023,2606,RIVER PARVATI AT D/S MANIKARAN,HIMACHAL PRADESH,"Tributary Streams - Ravi, Parvati, Sirsa, Sarsa, Baira Siul, Suketi Khad, Binwa, Neugal Khad, Spiti, Baspa, Banganga, Basanter, Chenab, Devak, Tawi, Ujh, Swan, Tirthan, Pabbar, Ashwani Khad, Manjhi Khad, Mol Khad, Baner Khad, Charan Khand, Dhauli Khad, Shikari Khad, Batta, Kali Bein, Sainj, Markanda, Gaj Khad, Bather Khad, Bald, Ratta, Uhl Suketi Khad, Seer Khad, Bhagga, Chandra, Giri And Koshalya",,71.0,1.0,7.8999999999999995,0.775,PARVATI,2023-06-30
2023,1551,RIVER SIRSA U/S SITOMAJRI NALLAH,HIMACHAL PRADESH,"Tributary Streams - Ravi, Parvati, Sirsa, Sarsa, Baira Siul, Suketi Khad, Binwa, Neugal Khad, Spiti, Baspa, Banganga, Basanter, Chenab, Devak, Tawi, Ujh, Swan, Tirthan, Pabbar, Ashwani Khad, Manjhi Khad, Mol Khad, Baner Khad, Charan Khand, Dhauli Khad, Shikari Khad, Batta, Kali Bein, Sainj, Markanda, Gaj Khad, Bather Khad, Bald, Ratta, Uhl Suketi Khad, Seer Khad, Bhagga, Chandra, Giri And Koshalya",,548.5,4.1,6.449999999999999,,SIRSA,2023-06-30
2023,1552,RIVER SIRSA D/S NALAGARH BRIDGE,HIMACHAL PRADESH,"Tributary Streams - Ravi, Parvati, Sirsa, Sarsa, Baira Siul, Suketi Khad, Binwa, Neugal Khad, Spiti, Baspa, Banganga, Basanter, Chenab, Devak, Tawi, Ujh, Swan, Tirthan, Pabbar, Ashwani Khad, Manjhi Khad, Mol Khad, Baner Khad, Charan Khand, Dhauli Khad, Shikari Khad, Batta, Kali Bein, Sainj, Markanda, Gaj Khad, Bather Khad, Bald, Ratta, Uhl Suketi Khad, Seer Khad, Bhagga, Chandra, Giri And Koshalya",,,,6.3,,SIRSA,2023-06-30
2023,1868,RIVER SIRSA D/S NALAGARH TOWN,HIMACHAL PRADESH,"Tributary Streams - Ravi, Parvati, Sirsa, Sarsa, Baira Siul, Suketi Khad, Binwa, Neugal Khad, Spiti, Baspa, Banganga, Basanter, Chenab, Devak, Tawi, Ujh, Swan, Tirthan, Pabbar, Ashwani Khad, Manjhi Khad, Mol Khad, Baner Khad, Charan Khand, Dhauli Khad, Shikari Khad, Batta, Kali Bein, Sainj, Markanda, Gaj Khad, Bather Khad, Bald, Ratta, Uhl Suketi Khad, Seer Khad, Bhagga, Chandra, Giri And Koshalya",,,,5.25,,SIRSA,2023-06-30
2023,4485,RIVER SIRSA U/S SANDHOLI NALLAH,HIMACHAL PRADESH,"Tributary Streams - Ravi, Parvati, Sirsa, Sarsa, Baira Siul, Suketi Khad, Binwa, Neugal Khad, Spiti, Baspa, Banganga, Basanter, Chenab, Devak, Tawi, Ujh, Swan, Tirthan, Pabbar, Ashwani Khad, Manjhi Khad, Mol Khad, Baner Khad, Charan Khand, Dhauli Khad, Shikari Khad, Batta, Kali Bein, Sainj, Markanda, Gaj Khad, Bather Khad, Bald, Ratta, Uhl Suketi Khad, Seer Khad, Bhagga, Chandra, Giri And Koshalya",,548.5,2.4,6.55,,SIRSA,2023-06-30
2023,4486,RIVER BALD D/S LANDFILLSITE AT BADDI,HIMACHAL PRADESH,"Tributary Streams - Ravi, Parvati, Sirsa, Sarsa, Baira Siul, Suketi Khad, Binwa, Neugal Khad, Spiti, Baspa, Banganga, Basanter, Chenab, Devak, Tawi, Ujh, Swan, Tirthan, Pabbar, Ashwani Khad, Manjhi Khad, Mol Khad, Baner Khad, Charan Khand, Dhauli Khad, Shikari Khad, Batta, Kali Bein, Sainj, Markanda, Gaj Khad, Bather Khad, Bald, Ratta, Uhl Suketi Khad, Seer Khad, Bhagga, Chandra, Giri And Koshalya",,,,5.8,,BALD,2023-06-30
2023,4487,RIVER SIRSA D/S HOUSING BOARD NALLAH,HIMACHAL PRADESH,"Tributary Streams - Ravi, Parvati, Sirsa, Sarsa, Baira Siul, Suketi Khad, Binwa, Neugal Khad, Spiti, Baspa, Banganga, Basanter, Chenab, Devak, Tawi, Ujh, Swan, Tirthan, Pabbar, Ashwani Khad, Manjhi Khad, Mol Khad, Baner Khad, Charan Khand, Dhauli Khad, Shikari Khad, Batta, Kali Bein, Sainj, Markanda, Gaj Khad, Bather Khad, Bald, Ratta, Uhl Suketi Khad, Seer Khad, Bhagga, Chandra, Giri And Koshalya",,,,4.95,,SIRSA,2023-06-30
2023,4489,RIVER SIRSA AFTER CONF. TO RIVER RATTA,HIMACHAL PRADESH,"Tributary Streams - Ravi, Parvati, Sirsa, Sarsa, Baira Siul, Suketi Khad, Binwa, Neugal Khad, Spiti, Baspa, Banganga, Basanter, Chenab, Devak, Tawi, Ujh, Swan, Tirthan, Pabbar, Ashwani Khad, Manjhi Khad, Mol Khad, Baner Khad, Charan Khand, Dhauli Khad, Shikari Khad, Batta, Kali Bein, Sainj, Markanda, Gaj Khad, Bather Khad, Bald, Ratta, Uhl Suketi Khad, Seer Khad, Bhagga, Chandra, Giri And Koshalya",,,,6.15,,"Ravi, Parvati, Sirsa, Sarsa, Baira Siul, Suketi Khad, Binwa, Neugal Khad, Spiti, Baspa, Banganga, Basanter, Chenab, Devak, Tawi, Ujh, Swan, Tirthan, Pabbar, Ashwani Khad, Manjhi Khad, Mol Khad, Baner Khad, Charan Khand, Dhauli Khad, Shikari Khad, Batta, Kali Bein, Sainj, Markanda, Gaj Khad, Bather Khad, Bald, Ratta, Uhl Suketi Khad, Seer Khad, Bhagga, Chandra, Giri And Koshalya",2023-06-30
2023,30012,"RIVER SARSA AT BADDI , ,GHANOLI VILLAGE) PUNJAB",PUNJAB,"Tributary Streams - Ravi, Parvati, Sirsa, Sarsa, Baira Siul, Suketi Khad, Binwa, Neugal Khad, Spiti, Baspa, Banganga, Basanter, Chenab, Devak, Tawi, Ujh, Swan, Tirthan, Pabbar, Ashwani Khad, Manjhi Khad, Mol Khad, Baner Khad, Charan Khand, Dhauli Khad, Shikari Khad, Batta, Kali Bein, Sainj, Markanda, Gaj Khad, Bather Khad, Bald, Ratta, Uhl Suketi Khad, Seer Khad, Bhagga, Chandra, Giri And Koshalya",,,,6.4,,SARSA,2023-06-30
2023,4161,"RIVER CONFLUENCE POINT OF SARSA NADI WITH SUTLEJ, NR VILL ASPUR, ROOPNAGAR",PUNJAB,"Tributary Streams - Ravi, Parvati, Sirsa, Sarsa, Baira Siul, Suketi Khad, Binwa, Neugal Khad, Spiti, Baspa, Banganga, Basanter, Chenab, Devak, Tawi, Ujh, Swan, Tirthan, Pabbar, Ashwani Khad, Manjhi Khad, Mol Khad, Baner Khad, Charan Khand, Dhauli Khad, Shikari Khad, Batta, Kali Bein, Sainj, Markanda, Gaj Khad, Bather Khad, Bald, Ratta, Uhl Suketi Khad, Seer Khad, Bhagga, Chandra, Giri And Koshalya",,408.0,1.1,,2.8000000000000003,"Ravi, Parvati, Sirsa, Sarsa, Baira Siul, Suketi Khad, Binwa, Neugal Khad, Spiti, Baspa, Banganga, Basanter, Chenab, Devak, Tawi, Ujh, Swan, Tirthan, Pabbar, Ashwani Khad, Manjhi Khad, Mol Khad, Baner Khad, Charan Khand, Dhauli Khad, Shikari Khad, Batta, Kali Bein, Sainj, Markanda, Gaj Khad, Bather Khad, Bald, Ratta, Uhl Suketi Khad, Seer Khad, Bhagga, Chandra, Giri And Koshalya",2023-06-30
2023,2616,RIVER BAIRA SIUL D/S SURGANI,HIMACHAL PRADESH,"Tributary Streams - Ravi, Parvati, Sirsa, Sarsa, Baira Siul, Suketi Khad, Binwa, Neugal Khad, Spiti, Baspa, Banganga, Basanter, Chenab, Devak, Tawi, Ujh, Swan, Tirthan, Pabbar, Ashwani Khad, Manjhi Khad, Mol Khad, Baner Khad, Charan Khand, Dhauli Khad, Shikari Khad, Batta, Kali Bein, Sainj, Markanda, Gaj Khad, Bather Khad, Bald, Ratta, Uhl Suketi Khad, Seer Khad, Bhagga, Chandra, Giri And Koshalya",,173.5,1.0,8.95,1.845,BAIRA SIUL,2023-06-30
2023,2607,SUKETI KHAD BEFORE CONF. WITH RIVER BEAS,HIMACHAL PRADESH,"Tributary Streams - Ravi, Parvati, Sirsa, Sarsa, Baira Siul, Suketi Khad, Binwa, Neugal Khad, Spiti, Baspa, Banganga, Basanter, Chenab, Devak, Tawi, Ujh, Swan, Tirthan, Pabbar, Ashwani Khad, Manjhi Khad, Mol Khad, Baner Khad, Charan Khand, Dhauli Khad, Shikari Khad, Batta, Kali Bein, Sainj, Markanda, Gaj Khad, Bather Khad, Bald, Ratta, Uhl Suketi Khad, Seer Khad, Bhagga, Chandra, Giri And Koshalya",,297.5,1.5,8.45,1.77,"Ravi, Parvati, Sirsa, Sarsa, Baira Siul, Suketi Khad, Binwa, Neugal Khad, Spiti, Baspa, Banganga, Basanter, Chenab, Devak, Tawi, Ujh, Swan, Tirthan, Pabbar, Ashwani Khad, Manjhi Khad, Mol Khad, Baner Khad, Charan Khand, Dhauli Khad, Shikari Khad, Batta, Kali Bein, Sainj, Markanda, Gaj Khad, Bather Khad, Bald, Ratta, Uhl Suketi Khad, Seer Khad, Bhagga, Chandra, Giri And Koshalya",2023-06-30
2023,2608,RIVER BINWA AT D/S PAPROLA/BAIJNATH,HIMACHAL PRADESH,"Tributary Streams - Ravi, Parvati, Sirsa, Sarsa, Baira Siul, Suketi Khad, Binwa, Neugal Khad, Spiti, Baspa, Banganga, Basanter, Chenab, Devak, Tawi, Ujh, Swan, Tirthan, Pabbar, Ashwani Khad, Manjhi Khad, Mol Khad, Baner Khad, Charan Khand, Dhauli Khad, Shikari Khad, Batta, Kali Bein, Sainj, Markanda, Gaj Khad, Bather Khad, Bald, Ratta, Uhl Suketi Khad, Seer Khad, Bhagga, Chandra, Giri And Koshalya",,175.5,1.0,8.899999999999999,1.845,BINWA,2023-06-30
2023,2609,NEUGAL KHAD D/S THURAL,HIMACHAL PRADESH,"Tributary Streams - Ravi, Parvati, Sirsa, Sarsa, Baira Siul, Suketi Khad, Binwa, Neugal Khad, Spiti, Baspa, Banganga, Basanter, Chenab, Devak, Tawi, Ujh, Swan, Tirthan, Pabbar, Ashwani Khad, Manjhi Khad, Mol Khad, Baner Khad, Charan Khand, Dhauli Khad, Shikari Khad, Batta, Kali Bein, Sainj, Markanda, Gaj Khad, Bather Khad, Bald, Ratta, Uhl Suketi Khad, Seer Khad, Bhagga, Chandra, Giri And Koshalya",,185.5,1.0,8.8,2.565,KHAD,2023-06-30
2023,2610,RIVER SPITI BEFORE CONF.WITH RIVER SUTLEJ AT KHAB,HIMACHAL PRADESH,"Tributary Streams - Ravi, Parvati, Sirsa, Sarsa, Baira Siul, Suketi Khad, Binwa, Neugal Khad, Spiti, Baspa, Banganga, Basanter, Chenab, Devak, Tawi, Ujh, Swan, Tirthan, Pabbar, Ashwani Khad, Manjhi Khad, Mol Khad, Baner Khad, Charan Khand, Dhauli Khad, Shikari Khad, Batta, Kali Bein, Sainj, Markanda, Gaj Khad, Bather Khad, Bald, Ratta, Uhl Suketi Khad, Seer Khad, Bhagga, Chandra, Giri And Koshalya",,319.0,1.0,9.45,0.57,SUTLEJ,2023-06-30
2023,2612,RIVER BASPA U/S RESERVOIR BASPA HEP AT KUPPA,HIMACHAL PRADESH,"Tributary Streams - Ravi, Parvati, Sirsa, Sarsa, Baira Siul, Suketi Khad, Binwa, Neugal Khad, Spiti, Baspa, Banganga, Basanter, Chenab, Devak, Tawi, Ujh, Swan, Tirthan, Pabbar, Ashwani Khad, Manjhi Khad, Mol Khad, Baner Khad, Charan Khand, Dhauli Khad, Shikari Khad, Batta, Kali Bein, Sainj, Markanda, Gaj Khad, Bather Khad, Bald, Ratta, Uhl Suketi Khad, Seer Khad, Bhagga, Chandra, Giri And Koshalya",,204.0,1.0,9.55,0.885,BASPA,2023-06-30
2023,5767,RIVER ANDHRA B/C TO RIVER PABBAR AT CHIRGAON,HIMACHAL PRADESH,"Tributary Streams - Ravi, Parvati, Sirsa, Sarsa, Baira Siul, Suketi Khad, Binwa, Neugal Khad, Spiti, Baspa, Banganga, Basanter, Chenab, Devak, Tawi, Ujh, Swan, Tirthan, Pabbar, Ashwani Khad, Manjhi Khad, Mol Khad, Baner Khad, Charan Khand, Dhauli Khad, Shikari Khad, Batta, Kali Bein, Sainj, Markanda, Gaj Khad, Bather Khad, Bald, Ratta, Uhl Suketi Khad, Seer Khad, Bhagga, Chandra, Giri And Koshalya",,89.0,1.0,8.149999999999999,0.49,ANDHRA B/C TO RIVER PABBAR,2023-06-30
2023,5769,BANOI KHAD AT KALAPUL ON CANT ROAD DHARAMSHALA,HIMACHAL PRADESH,"Tributary Streams - Ravi, Parvati, Sirsa, Sarsa, Baira Siul, Suketi Khad, Binwa, Neugal Khad, Spiti, Baspa, Banganga, Basanter, Chenab, Devak, Tawi, Ujh, Swan, Tirthan, Pabbar, Ashwani Khad, Manjhi Khad, Mol Khad, Baner Khad, Charan Khand, Dhauli Khad, Shikari Khad, Batta, Kali Bein, Sainj, Markanda, Gaj Khad, Bather Khad, Bald, Ratta, Uhl Suketi Khad, Seer Khad, Bhagga, Chandra, Giri And Koshalya",,146.0,1.0,9.05,1.905,KHAD,2023-06-30
2023,2755,"RIVER BANGANGA (BATHING GHAT), KATRA,",JAMMU & KASHMIR,"Tributary Streams - Ravi, Parvati, Sirsa, Sarsa, Baira Siul, Suketi Khad, Binwa, Neugal Khad, Spiti, Baspa, Banganga, Basanter, Chenab, Devak, Tawi, Ujh, Swan, Tirthan, Pabbar, Ashwani Khad, Manjhi Khad, Mol Khad, Baner Khad, Charan Khand, Dhauli Khad, Shikari Khad, Batta, Kali Bein, Sainj, Markanda, Gaj Khad, Bather Khad, Bald, Ratta, Uhl Suketi Khad, Seer Khad, Bhagga, Chandra, Giri And Koshalya",,383.5,1.85,5.2,0.385,"Ravi, Parvati, Sirsa, Sarsa, Baira Siul, Suketi Khad, Binwa, Neugal Khad, Spiti, Baspa, Banganga, Basanter, Chenab, Devak, Tawi, Ujh, Swan, Tirthan, Pabbar, Ashwani Khad, Manjhi Khad, Mol Khad, Baner Khad, Charan Khand, Dhauli Khad, Shikari Khad, Batta, Kali Bein, Sainj, Markanda, Gaj Khad, Bather Khad, Bald, Ratta, Uhl Suketi Khad, Seer Khad, Bhagga, Chandra, Giri And Koshalya",2023-06-30
2023,2756,RIVER BANGANGA (IN FRONT OF PONY SHED NEAR REASI BRIDGE)KATRA,JAMMU & KASHMIR,"Tributary Streams - Ravi, Parvati, Sirsa, Sarsa, Baira Siul, Suketi Khad, Binwa, Neugal Khad, Spiti, Baspa, Banganga, Basanter, Chenab, Devak, Tawi, Ujh, Swan, Tirthan, Pabbar, Ashwani Khad, Manjhi Khad, Mol Khad, Baner Khad, Charan Khand, Dhauli Khad, Shikari Khad, Batta, Kali Bein, Sainj, Markanda, Gaj Khad, Bather Khad, Bald, Ratta, Uhl Suketi Khad, Seer Khad, Bhagga, Chandra, Giri And Koshalya",,426.5,2.15,4.3,0.55,SHED,2023-06-30
2023,2752,"RIVER BASANTER U/S (R.H.S) SAMBA (BELOW NH-1A BRIDGE),",JAMMU & KASHMIR,"Tributary Streams - Ravi, Parvati, Sirsa, Sarsa, Baira Siul, Suketi Khad, Binwa, Neugal Khad, Spiti, Baspa, Banganga, Basanter, Chenab, Devak, Tawi, Ujh, Swan, Tirthan, Pabbar, Ashwani Khad, Manjhi Khad, Mol Khad, Baner Khad, Charan Khand, Dhauli Khad, Shikari Khad, Batta, Kali Bein, Sainj, Markanda, Gaj Khad, Bather Khad, Bald, Ratta, Uhl Suketi Khad, Seer Khad, Bhagga, Chandra, Giri And Koshalya",,310.0,1.65,5.95,0.16,BASANTER,2023-06-30
2023,2753,RIVER BASANTER D/S(R.H.S.) SAMBA (AT CHAK MANGA GUJJAR,JAMMU & KASHMIR,"Tributary Streams - Ravi, Parvati, Sirsa, Sarsa, Baira Siul, Suketi Khad, Binwa, Neugal Khad, Spiti, Baspa, Banganga, Basanter, Chenab, Devak, Tawi, Ujh, Swan, Tirthan, Pabbar, Ashwani Khad, Manjhi Khad, Mol Khad, Baner Khad, Charan Khand, Dhauli Khad, Shikari Khad, Batta, Kali Bein, Sainj, Markanda, Gaj Khad, Bather Khad, Bald, Ratta, Uhl Suketi Khad, Seer Khad, Bhagga, Chandra, Giri And Koshalya",,335.0,2.35,4.8,0.395,BASANTER,2023-06-30
2023,2747,"RIVER TAWI AT SURAJPUR CHATHA(10 KM D/S TAWI BRIDGE)BELOW BRIDGE NEAR CHATHA MSW DUMPING SITE, J&K",JAMMU & KASHMIR,"Tributary Streams - Ravi, Parvati, Sirsa, Sarsa, Baira Siul, Suketi Khad, Binwa, Neugal Khad, Spiti, Baspa, Banganga, Basanter, Chenab, Devak, Tawi, Ujh, Swan, Tirthan, Pabbar, Ashwani Khad, Manjhi Khad, Mol Khad, Baner Khad, Charan Khand, Dhauli Khad, Shikari Khad, Batta, Kali Bein, Sainj, Markanda, Gaj Khad, Bather Khad, Bald, Ratta, Uhl Suketi Khad, Seer Khad, Bhagga, Chandra, Giri And Koshalya",,242.0,1.0,6.95,0.16,TAWI,2023-06-30
2023,2748,RIVER CHENAB AT L.H.S.(BELOW BRIDGE CHENAB),JAMMU & KASHMIR,"Tributary Streams - Ravi, Parvati, Sirsa, Sarsa, Baira Siul, Suketi Khad, Binwa, Neugal Khad, Spiti, Baspa, Banganga, Basanter, Chenab, Devak, Tawi, Ujh, Swan, Tirthan, Pabbar, Ashwani Khad, Manjhi Khad, Mol Khad, Baner Khad, Charan Khand, Dhauli Khad, Shikari Khad, Batta, Kali Bein, Sainj, Markanda, Gaj Khad, Bather Khad, Bald, Ratta, Uhl Suketi Khad, Seer Khad, Bhagga, Chandra, Giri And Koshalya",,167.0,1.05,7.4,0.16,CHENAB,2023-06-30
2023,2749,RIVER CHENAB AT BLIND CURVE SHAMSHAN GHAT (1.5 KM U/S FROM SPOT),JAMMU & KASHMIR,"Tributary Streams - Ravi, Parvati, Sirsa, Sarsa, Baira Siul, Suketi Khad, Binwa, Neugal Khad, Spiti, Baspa, Banganga, Basanter, Chenab, Devak, Tawi, Ujh, Swan, Tirthan, Pabbar, Ashwani Khad, Manjhi Khad, Mol Khad, Baner Khad, Charan Khand, Dhauli Khad, Shikari Khad, Batta, Kali Bein, Sainj, Markanda, Gaj Khad, Bather Khad, Bald, Ratta, Uhl Suketi Khad, Seer Khad, Bhagga, Chandra, Giri And Koshalya",,158.0,1.05,7.4,0.16,CHENAB,2023-06-30
2023,2750,RIVER CHENAB AT CHADRA GAON VIEW POINT(4 KM U/S FROM SPOT),JAMMU & KASHMIR,"Tributary Streams - Ravi, Parvati, Sirsa, Sarsa, Baira Siul, Suketi Khad, Binwa, Neugal Khad, Spiti, Baspa, Banganga, Basanter, Chenab, Devak, Tawi, Ujh, Swan, Tirthan, Pabbar, Ashwani Khad, Manjhi Khad, Mol Khad, Baner Khad, Charan Khand, Dhauli Khad, Shikari Khad, Batta, Kali Bein, Sainj, Markanda, Gaj Khad, Bather Khad, Bald, Ratta, Uhl Suketi Khad, Seer Khad, Bhagga, Chandra, Giri And Koshalya",,157.0,1.05,7.4,0.16,CHENAB,2023-06-30
2023,2751,RIVER CHENAB AT JAL PATAN MANDIR AFTER MEETING WITH MAIN DRAIN OF AKHNOOR CITY(1.5 KMD/S FROM SPOT),JAMMU & KASHMIR,"Tributary Streams - Ravi, Parvati, Sirsa, Sarsa, Baira Siul, Suketi Khad, Binwa, Neugal Khad, Spiti, Baspa, Banganga, Basanter, Chenab, Devak, Tawi, Ujh, Swan, Tirthan, Pabbar, Ashwani Khad, Manjhi Khad, Mol Khad, Baner Khad, Charan Khand, Dhauli Khad, Shikari Khad, Batta, Kali Bein, Sainj, Markanda, Gaj Khad, Bather Khad, Bald, Ratta, Uhl Suketi Khad, Seer Khad, Bhagga, Chandra, Giri And Koshalya",,170.5,1.35,6.9,0.595,CHENAB,2023-06-30
2023,2754,RIVER DEVAK UDHAMPUR(NEAR SHIV MANDIR D/S)L.H.S.,JAMMU & KASHMIR,"Tributary Streams - Ravi, Parvati, Sirsa, Sarsa, Baira Siul, Suketi Khad, Binwa, Neugal Khad, Spiti, Baspa, Banganga, Basanter, Chenab, Devak, Tawi, Ujh, Swan, Tirthan, Pabbar, Ashwani Khad, Manjhi Khad, Mol Khad, Baner Khad, Charan Khand, Dhauli Khad, Shikari Khad, Batta, Kali Bein, Sainj, Markanda, Gaj Khad, Bather Khad, Bald, Ratta, Uhl Suketi Khad, Seer Khad, Bhagga, Chandra, Giri And Koshalya",,469.5,3.35,4.2,2.16,MANDIR,2023-06-30
2023,2757,RIVER DEVAK AT UTTERBEHNI,JAMMU & KASHMIR,"Tributary Streams - Ravi, Parvati, Sirsa, Sarsa, Baira Siul, Suketi Khad, Binwa, Neugal Khad, Spiti, Baspa, Banganga, Basanter, Chenab, Devak, Tawi, Ujh, Swan, Tirthan, Pabbar, Ashwani Khad, Manjhi Khad, Mol Khad, Baner Khad, Charan Khand, Dhauli Khad, Shikari Khad, Batta, Kali Bein, Sainj, Markanda, Gaj Khad, Bather Khad, Bald, Ratta, Uhl Suketi Khad, Seer Khad, Bhagga, Chandra, Giri And Koshalya",,239.0,1.0,6.85,0.16,DEVAK,2023-06-30
2023,4058,"RIVER DEVAK AT PURMANDAL, NEAR TEMPLE",JAMMU & KASHMIR,"Tributary Streams - Ravi, Parvati, Sirsa, Sarsa, Baira Siul, Suketi Khad, Binwa, Neugal Khad, Spiti, Baspa, Banganga, Basanter, Chenab, Devak, Tawi, Ujh, Swan, Tirthan, Pabbar, Ashwani Khad, Manjhi Khad, Mol Khad, Baner Khad, Charan Khand, Dhauli Khad, Shikari Khad, Batta, Kali Bein, Sainj, Markanda, Gaj Khad, Bather Khad, Bald, Ratta, Uhl Suketi Khad, Seer Khad, Bhagga, Chandra, Giri And Koshalya",,500.5,1.15,6.15,0.16,DEVAK,2023-06-30
2023,4062,"RIVER DEVAK 2 KM D/S FROM SHIV MANDIR AT UDHAMPUR,",JAMMU & KASHMIR,"Tributary Streams - Ravi, Parvati, Sirsa, Sarsa, Baira Siul, Suketi Khad, Binwa, Neugal Khad, Spiti, Baspa, Banganga, Basanter, Chenab, Devak, Tawi, Ujh, Swan, Tirthan, Pabbar, Ashwani Khad, Manjhi Khad, Mol Khad, Baner Khad, Charan Khand, Dhauli Khad, Shikari Khad, Batta, Kali Bein, Sainj, Markanda, Gaj Khad, Bather Khad, Bald, Ratta, Uhl Suketi Khad, Seer Khad, Bhagga, Chandra, Giri And Koshalya",,421.0,1.45,6.8,0.775,MANDIR,2023-06-30
2023,4063,"RIVER DEVAK ABOUT 10 KM D/S FROM SHIV MANDIR, BELOW RAILWAY BRIDGE, UDHAMPUR",JAMMU & KASHMIR,"Tributary Streams - Ravi, Parvati, Sirsa, Sarsa, Baira Siul, Suketi Khad, Binwa, Neugal Khad, Spiti, Baspa, Banganga, Basanter, Chenab, Devak, Tawi, Ujh, Swan, Tirthan, Pabbar, Ashwani Khad, Manjhi Khad, Mol Khad, Baner Khad, Charan Khand, Dhauli Khad, Shikari Khad, Batta, Kali Bein, Sainj, Markanda, Gaj Khad, Bather Khad, Bald, Ratta, Uhl Suketi Khad, Seer Khad, Bhagga, Chandra, Giri And Koshalya",,353.0,1.5,6.8,0.16,"Ravi, Parvati, Sirsa, Sarsa, Baira Siul, Suketi Khad, Binwa, Neugal Khad, Spiti, Baspa, Banganga, Basanter, Chenab, Devak, Tawi, Ujh, Swan, Tirthan, Pabbar, Ashwani Khad, Manjhi Khad, Mol Khad, Baner Khad, Charan Khand, Dhauli Khad, Shikari Khad, Batta, Kali Bein, Sainj, Markanda, Gaj Khad, Bather Khad, Bald, Ratta, Uhl Suketi Khad, Seer Khad, Bhagga, Chandra, Giri And Koshalya",2023-06-30
2023,4081,SURAN RIVER BELOW SHER-E-KASHMIR BRIDGE AT POONCH,JAMMU & KASHMIR,"Tributary Streams - Ravi, Parvati, Sirsa, Sarsa, Baira Siul, Suketi Khad, Binwa, Neugal Khad, Spiti, Baspa, Banganga, Basanter, Chenab, Devak, Tawi, Ujh, Swan, Tirthan, Pabbar, Ashwani Khad, Manjhi Khad, Mol Khad, Baner Khad, Charan Khand, Dhauli Khad, Shikari Khad, Batta, Kali Bein, Sainj, Markanda, Gaj Khad, Bather Khad, Bald, Ratta, Uhl Suketi Khad, Seer Khad, Bhagga, Chandra, Giri And Koshalya",,137.5,1.0,7.5,0.32,BELOW SHER-E-KASHMIR BRIDGE,2023-06-30
2023,3277,RIVER JHELUM AT BARAMULLA D/S,JAMMU & KASHMIR,"Tributary Streams - Ravi, Parvati, Sirsa, Sarsa, Baira Siul, Suketi Khad, Binwa, Neugal Khad, Spiti, Baspa, Banganga, Basanter, Chenab, Devak, Tawi, Ujh, Swan, Tirthan, Pabbar, Ashwani Khad, Manjhi Khad, Mol Khad, Baner Khad, Charan Khand, Dhauli Khad, Shikari Khad, Batta, Kali Bein, Sainj, Markanda, Gaj Khad, Bather Khad, Bald, Ratta, Uhl Suketi Khad, Seer Khad, Bhagga, Chandra, Giri And Koshalya",,242.5,3.15,7.800000000000001,0.0,JHELUM,2023-06-30
2023,1410,"RIVER JHELAM AT DALAGATE (INLET), SRINAGAR",JAMMU & KASHMIR,"Tributary Streams - Ravi, Parvati, Sirsa, Sarsa, Baira Siul, Suketi Khad, Binwa, Neugal Khad, Spiti, Baspa, Banganga, Basanter, Chenab, Devak, Tawi, Ujh, Swan, Tirthan, Pabbar, Ashwani Khad, Manjhi Khad, Mol Khad, Baner Khad, Charan Khand, Dhauli Khad, Shikari Khad, Batta, Kali Bein, Sainj, Markanda, Gaj Khad, Bather Khad, Bald, Ratta, Uhl Suketi Khad, Seer Khad, Bhagga, Chandra, Giri And Koshalya",,260.5,3.9000000000000004,6.75,0.0,JHELAM,2023-06-30
2023,1411,RIVER JHELAM AT CHATTABAL WEIR (OUTLET,JAMMU & KASHMIR,"Tributary Streams - Ravi, Parvati, Sirsa, Sarsa, Baira Siul, Suketi Khad, Binwa, Neugal Khad, Spiti, Baspa, Banganga, Basanter, Chenab, Devak, Tawi, Ujh, Swan, Tirthan, Pabbar, Ashwani Khad, Manjhi Khad, Mol Khad, Baner Khad, Charan Khand, Dhauli Khad, Shikari Khad, Batta, Kali Bein, Sainj, Markanda, Gaj Khad, Bather Khad, Bald, Ratta, Uhl Suketi Khad, Seer Khad, Bhagga, Chandra, Giri And Koshalya",,262.5,5.35,6.1499999999999995,0.0,JHELAM,2023-06-30
2023,3272,RIVER JHELUM AT VERINAG,JAMMU & KASHMIR,"Tributary Streams - Ravi, Parvati, Sirsa, Sarsa, Baira Siul, Suketi Khad, Binwa, Neugal Khad, Spiti, Baspa, Banganga, Basanter, Chenab, Devak, Tawi, Ujh, Swan, Tirthan, Pabbar, Ashwani Khad, Manjhi Khad, Mol Khad, Baner Khad, Charan Khand, Dhauli Khad, Shikari Khad, Batta, Kali Bein, Sainj, Markanda, Gaj Khad, Bather Khad, Bald, Ratta, Uhl Suketi Khad, Seer Khad, Bhagga, Chandra, Giri And Koshalya",,251.5,2.6,7.85,0.0,JHELUM,2023-06-30
2023,3273,"RIVER JHELUM AT SANGAM, CONFLUENCE POINT OF VISHAV NALLAH",JAMMU & KASHMIR,"Tributary Streams - Ravi, Parvati, Sirsa, Sarsa, Baira Siul, Suketi Khad, Binwa, Neugal Khad, Spiti, Baspa, Banganga, Basanter, Chenab, Devak, Tawi, Ujh, Swan, Tirthan, Pabbar, Ashwani Khad, Manjhi Khad, Mol Khad, Baner Khad, Charan Khand, Dhauli Khad, Shikari Khad, Batta, Kali Bein, Sainj, Markanda, Gaj Khad, Bather Khad, Bald, Ratta, Uhl Suketi Khad, Seer Khad, Bhagga, Chandra, Giri And Koshalya",,200.5,3.1,7.45,0.0,JHELUM,2023-06-30
2023,3274,RIVER JHELUM AT AWANTIPORA,JAMMU & KASHMIR,"Tributary Streams - Ravi, Parvati, Sirsa, Sarsa, Baira Siul, Suketi Khad, Binwa, Neugal Khad, Spiti, Baspa, Banganga, Basanter, Chenab, Devak, Tawi, Ujh, Swan, Tirthan, Pabbar, Ashwani Khad, Manjhi Khad, Mol Khad, Baner Khad, Charan Khand, Dhauli Khad, Shikari Khad, Batta, Kali Bein, Sainj, Markanda, Gaj Khad, Bather Khad, Bald, Ratta, Uhl Suketi Khad, Seer Khad, Bhagga, Chandra, Giri And Koshalya",,207.5,2.6,7.95,0.0,JHELUM,2023-06-30
2023,3275,RIVER JHELUM AT PAMPORE,JAMMU & KASHMIR,"Tributary Streams - Ravi, Parvati, Sirsa, Sarsa, Baira Siul, Suketi Khad, Binwa, Neugal Khad, Spiti, Baspa, Banganga, Basanter, Chenab, Devak, Tawi, Ujh, Swan, Tirthan, Pabbar, Ashwani Khad, Manjhi Khad, Mol Khad, Baner Khad, Charan Khand, Dhauli Khad, Shikari Khad, Batta, Kali Bein, Sainj, Markanda, Gaj Khad, Bather Khad, Bald, Ratta, Uhl Suketi Khad, Seer Khad, Bhagga, Chandra, Giri And Koshalya",,213.0,3.1500000000000004,7.8500000000000005,0.0,JHELUM,2023-06-30
2023,3276,"RIVER JHELUM AT SOPORE, CONFLUENCE POINT OF WULAR LAKE",JAMMU & KASHMIR,"Tributary Streams - Ravi, Parvati, Sirsa, Sarsa, Baira Siul, Suketi Khad, Binwa, Neugal Khad, Spiti, Baspa, Banganga, Basanter, Chenab, Devak, Tawi, Ujh, Swan, Tirthan, Pabbar, Ashwani Khad, Manjhi Khad, Mol Khad, Baner Khad, Charan Khand, Dhauli Khad, Shikari Khad, Batta, Kali Bein, Sainj, Markanda, Gaj Khad, Bather Khad, Bald, Ratta, Uhl Suketi Khad, Seer Khad, Bhagga, Chandra, Giri And Koshalya",,253.5,2.4000000000000004,,0.0,JHELUM,2023-06-30
2023,4053,RIVER JHELUM AT BIJEHARA,JAMMU & KASHMIR,"Tributary Streams - Ravi, Parvati, Sirsa, Sarsa, Baira Siul, Suketi Khad, Binwa, Neugal Khad, Spiti, Baspa, Banganga, Basanter, Chenab, Devak, Tawi, Ujh, Swan, Tirthan, Pabbar, Ashwani Khad, Manjhi Khad, Mol Khad, Baner Khad, Charan Khand, Dhauli Khad, Shikari Khad, Batta, Kali Bein, Sainj, Markanda, Gaj Khad, Bather Khad, Bald, Ratta, Uhl Suketi Khad, Seer Khad, Bhagga, Chandra, Giri And Koshalya",,215.5,2.9,7.35,0.0,JHELUM,2023-06-30
2023,4054,RIVER JHELUM AT PANTHACHOWK,JAMMU & KASHMIR,"Tributary Streams - Ravi, Parvati, Sirsa, Sarsa, Baira Siul, Suketi Khad, Binwa, Neugal Khad, Spiti, Baspa, Banganga, Basanter, Chenab, Devak, Tawi, Ujh, Swan, Tirthan, Pabbar, Ashwani Khad, Manjhi Khad, Mol Khad, Baner Khad, Charan Khand, Dhauli Khad, Shikari Khad, Batta, Kali Bein, Sainj, Markanda, Gaj Khad, Bather Khad, Bald, Ratta, Uhl Suketi Khad, Seer Khad, Bhagga, Chandra, Giri And Koshalya",,215.0,,7.7,,JHELUM,2023-06-30
2023,2742,RIVER TAWI AT SHETALI LIFTING POINT NAGROTA(5KM U/S TAWI BRIDGE),JAMMU & KASHMIR,"Tributary Streams - Ravi, Parvati, Sirsa, Sarsa, Baira Siul, Suketi Khad, Binwa, Neugal Khad, Spiti, Baspa, Banganga, Basanter, Chenab, Devak, Tawi, Ujh, Swan, Tirthan, Pabbar, Ashwani Khad, Manjhi Khad, Mol Khad, Baner Khad, Charan Khand, Dhauli Khad, Shikari Khad, Batta, Kali Bein, Sainj, Markanda, Gaj Khad, Bather Khad, Bald, Ratta, Uhl Suketi Khad, Seer Khad, Bhagga, Chandra, Giri And Koshalya",,310.5,1.0,7.4,0.16,TAWI,2023-06-30
2023,2743,RIVER TAWI AT BAGH-E-BAHU LIFTING POINT(1 KM U/S TAWI BRIDGE),JAMMU & KASHMIR,"Tributary Streams - Ravi, Parvati, Sirsa, Sarsa, Baira Siul, Suketi Khad, Binwa, Neugal Khad, Spiti, Baspa, Banganga, Basanter, Chenab, Devak, Tawi, Ujh, Swan, Tirthan, Pabbar, Ashwani Khad, Manjhi Khad, Mol Khad, Baner Khad, Charan Khand, Dhauli Khad, Shikari Khad, Batta, Kali Bein, Sainj, Markanda, Gaj Khad, Bather Khad, Bald, Ratta, Uhl Suketi Khad, Seer Khad, Bhagga, Chandra, Giri And Koshalya",,273.0,1.0,7.15,0.16,TAWI,2023-06-30
2023,1412,"RIVER TAWI AT JAMMU U/S, (TAWI BRIDGE )",JAMMU & KASHMIR,"Tributary Streams - Ravi, Parvati, Sirsa, Sarsa, Baira Siul, Suketi Khad, Binwa, Neugal Khad, Spiti, Baspa, Banganga, Basanter, Chenab, Devak, Tawi, Ujh, Swan, Tirthan, Pabbar, Ashwani Khad, Manjhi Khad, Mol Khad, Baner Khad, Charan Khand, Dhauli Khad, Shikari Khad, Batta, Kali Bein, Sainj, Markanda, Gaj Khad, Bather Khad, Bald, Ratta, Uhl Suketi Khad, Seer Khad, Bhagga, Chandra, Giri And Koshalya",,431.0,2.8,5.4,0.13,TAWI,2023-06-30
2023,2744,RIVER TAWI BELOW TAWI BRIDGE,JAMMU & KASHMIR,"Tributary Streams - Ravi, Parvati, Sirsa, Sarsa, Baira Siul, Suketi Khad, Binwa, Neugal Khad, Spiti, Baspa, Banganga, Basanter, Chenab, Devak, Tawi, Ujh, Swan, Tirthan, Pabbar, Ashwani Khad, Manjhi Khad, Mol Khad, Baner Khad, Charan Khand, Dhauli Khad, Shikari Khad, Batta, Kali Bein, Sainj, Markanda, Gaj Khad, Bather Khad, Bald, Ratta, Uhl Suketi Khad, Seer Khad, Bhagga, Chandra, Giri And Koshalya",,278.5,2.55,5.25,0.71,"Ravi, Parvati, Sirsa, Sarsa, Baira Siul, Suketi Khad, Binwa, Neugal Khad, Spiti, Baspa, Banganga, Basanter, Chenab, Devak, Tawi, Ujh, Swan, Tirthan, Pabbar, Ashwani Khad, Manjhi Khad, Mol Khad, Baner Khad, Charan Khand, Dhauli Khad, Shikari Khad, Batta, Kali Bein, Sainj, Markanda, Gaj Khad, Bather Khad, Bald, Ratta, Uhl Suketi Khad, Seer Khad, Bhagga, Chandra, Giri And Koshalya",2023-06-30
2023,2745,RIVER TAWI BAGHWATI NAGAR (2KM D/S TAWI BRIDGE,JAMMU & KASHMIR,"Tributary Streams - Ravi, Parvati, Sirsa, Sarsa, Baira Siul, Suketi Khad, Binwa, Neugal Khad, Spiti, Baspa, Banganga, Basanter, Chenab, Devak, Tawi, Ujh, Swan, Tirthan, Pabbar, Ashwani Khad, Manjhi Khad, Mol Khad, Baner Khad, Charan Khand, Dhauli Khad, Shikari Khad, Batta, Kali Bein, Sainj, Markanda, Gaj Khad, Bather Khad, Bald, Ratta, Uhl Suketi Khad, Seer Khad, Bhagga, Chandra, Giri And Koshalya",,176.0,9.0,3.0,0.0,"Ravi, Parvati, Sirsa, Sarsa, Baira Siul, Suketi Khad, Binwa, Neugal Khad, Spiti, Baspa, Banganga, Basanter, Chenab, Devak, Tawi, Ujh, Swan, Tirthan, Pabbar, Ashwani Khad, Manjhi Khad, Mol Khad, Baner Khad, Charan Khand, Dhauli Khad, Shikari Khad, Batta, Kali Bein, Sainj, Markanda, Gaj Khad, Bather Khad, Bald, Ratta, Uhl Suketi Khad, Seer Khad, Bhagga, Chandra, Giri And Koshalya",2023-06-30
2023,2746,RIVER TAWI AT BELICHARANA(4KM D/S TAWI BRIDGE),JAMMU & KASHMIR,"Tributary Streams - Ravi, Parvati, Sirsa, Sarsa, Baira Siul, Suketi Khad, Binwa, Neugal Khad, Spiti, Baspa, Banganga, Basanter, Chenab, Devak, Tawi, Ujh, Swan, Tirthan, Pabbar, Ashwani Khad, Manjhi Khad, Mol Khad, Baner Khad, Charan Khand, Dhauli Khad, Shikari Khad, Batta, Kali Bein, Sainj, Markanda, Gaj Khad, Bather Khad, Bald, Ratta, Uhl Suketi Khad, Seer Khad, Bhagga, Chandra, Giri And Koshalya",,258.0,1.0,6.85,0.16,TAWI,2023-06-30
2023,4055,RIVER TAWI AT 1 KM D/S BELOW STP DISCHARGE POINT AT BHAGWATI NAGAR,JAMMU & KASHMIR,"Tributary Streams - Ravi, Parvati, Sirsa, Sarsa, Baira Siul, Suketi Khad, Binwa, Neugal Khad, Spiti, Baspa, Banganga, Basanter, Chenab, Devak, Tawi, Ujh, Swan, Tirthan, Pabbar, Ashwani Khad, Manjhi Khad, Mol Khad, Baner Khad, Charan Khand, Dhauli Khad, Shikari Khad, Batta, Kali Bein, Sainj, Markanda, Gaj Khad, Bather Khad, Bald, Ratta, Uhl Suketi Khad, Seer Khad, Bhagga, Chandra, Giri And Koshalya",,172.0,9.5,2.3,0.0,TAWI,2023-06-30
2023,4056,"RIVER TAWI AT BALOL NALLAH, NEAR NIT COLLEGE, MIRAN SAHIB, BEFORE MIXING",JAMMU & KASHMIR,"Tributary Streams - Ravi, Parvati, Sirsa, Sarsa, Baira Siul, Suketi Khad, Binwa, Neugal Khad, Spiti, Baspa, Banganga, Basanter, Chenab, Devak, Tawi, Ujh, Swan, Tirthan, Pabbar, Ashwani Khad, Manjhi Khad, Mol Khad, Baner Khad, Charan Khand, Dhauli Khad, Shikari Khad, Batta, Kali Bein, Sainj, Markanda, Gaj Khad, Bather Khad, Bald, Ratta, Uhl Suketi Khad, Seer Khad, Bhagga, Chandra, Giri And Koshalya",,469.0,2.95,4.45,0.155,TAWI,2023-06-30
2023,1307,RIVER CHUNT KOL (MAULANA AZAD BRIDGE),JAMMU & KASHMIR,"Tributary Streams - Ravi, Parvati, Sirsa, Sarsa, Baira Siul, Suketi Khad, Binwa, Neugal Khad, Spiti, Baspa, Banganga, Basanter, Chenab, Devak, Tawi, Ujh, Swan, Tirthan, Pabbar, Ashwani Khad, Manjhi Khad, Mol Khad, Baner Khad, Charan Khand, Dhauli Khad, Shikari Khad, Batta, Kali Bein, Sainj, Markanda, Gaj Khad, Bather Khad, Bald, Ratta, Uhl Suketi Khad, Seer Khad, Bhagga, Chandra, Giri And Koshalya",,286.0,,3.8499999999999996,,"Ravi, Parvati, Sirsa, Sarsa, Baira Siul, Suketi Khad, Binwa, Neugal Khad, Spiti, Baspa, Banganga, Basanter, Chenab, Devak, Tawi, Ujh, Swan, Tirthan, Pabbar, Ashwani Khad, Manjhi Khad, Mol Khad, Baner Khad, Charan Khand, Dhauli Khad, Shikari Khad, Batta, Kali Bein, Sainj, Markanda, Gaj Khad, Bather Khad, Bald, Ratta, Uhl Suketi Khad, Seer Khad, Bhagga, Chandra, Giri And Koshalya",2023-06-30
2023,4030,RIVER SWAN BEFORE CONF. OF GARNI KHAD AT CHURURU,HIMACHAL PRADESH,"Tributary Streams - Ravi, Parvati, Sirsa, Sarsa, Baira Siul, Suketi Khad, Binwa, Neugal Khad, Spiti, Baspa, Banganga, Basanter, Chenab, Devak, Tawi, Ujh, Swan, Tirthan, Pabbar, Ashwani Khad, Manjhi Khad, Mol Khad, Baner Khad, Charan Khand, Dhauli Khad, Shikari Khad, Batta, Kali Bein, Sainj, Markanda, Gaj Khad, Bather Khad, Bald, Ratta, Uhl Suketi Khad, Seer Khad, Bhagga, Chandra, Giri And Koshalya",,422.0,1.9,7.199999999999999,3.7150000000000003,KHAD,2023-06-30
2023,4031,RIVER SWAN AFTER CONF. GARNI KHAD AT CHURURU,HIMACHAL PRADESH,"Tributary Streams - Ravi, Parvati, Sirsa, Sarsa, Baira Siul, Suketi Khad, Binwa, Neugal Khad, Spiti, Baspa, Banganga, Basanter, Chenab, Devak, Tawi, Ujh, Swan, Tirthan, Pabbar, Ashwani Khad, Manjhi Khad, Mol Khad, Baner Khad, Charan Khand, Dhauli Khad, Shikari Khad, Batta, Kali Bein, Sainj, Markanda, Gaj Khad, Bather Khad, Bald, Ratta, Uhl Suketi Khad, Seer Khad, Bhagga, Chandra, Giri And Koshalya",,452.5,1.85,7.3,2.19,KHAD,2023-06-30
2023,1869,RIVER SWAN D/S BELA BATHARI (BHANGLA),HIMACHAL PRADESH,"Tributary Streams - Ravi, Parvati, Sirsa, Sarsa, Baira Siul, Suketi Khad, Binwa, Neugal Khad, Spiti, Baspa, Banganga, Basanter, Chenab, Devak, Tawi, Ujh, Swan, Tirthan, Pabbar, Ashwani Khad, Manjhi Khad, Mol Khad, Baner Khad, Charan Khand, Dhauli Khad, Shikari Khad, Batta, Kali Bein, Sainj, Markanda, Gaj Khad, Bather Khad, Bald, Ratta, Uhl Suketi Khad, Seer Khad, Bhagga, Chandra, Giri And Koshalya",,517.0,1.9,6.35,1.2249999999999999,SWAN,2023-06-30
2023,3856,RIVER SWAN U/S INDUSTRIAL AREA GAGRET,HIMACHAL PRADESH,"Tributary Streams - Ravi, Parvati, Sirsa, Sarsa, Baira Siul, Suketi Khad, Binwa, Neugal Khad, Spiti, Baspa, Banganga, Basanter, Chenab, Devak, Tawi, Ujh, Swan, Tirthan, Pabbar, Ashwani Khad, Manjhi Khad, Mol Khad, Baner Khad, Charan Khand, Dhauli Khad, Shikari Khad, Batta, Kali Bein, Sainj, Markanda, Gaj Khad, Bather Khad, Bald, Ratta, Uhl Suketi Khad, Seer Khad, Bhagga, Chandra, Giri And Koshalya",,433.0,1.8,7.3,4.0649999999999995,SWAN,2023-06-30
2023,3857,RIVER SWAN D/S INDUSTRIAL AREA GAGRET,HIMACHAL PRADESH,"Tributary Streams - Ravi, Parvati, Sirsa, Sarsa, Baira Siul, Suketi Khad, Binwa, Neugal Khad, Spiti, Baspa, Banganga, Basanter, Chenab, Devak, Tawi, Ujh, Swan, Tirthan, Pabbar, Ashwani Khad, Manjhi Khad, Mol Khad, Baner Khad, Charan Khand, Dhauli Khad, Shikari Khad, Batta, Kali Bein, Sainj, Markanda, Gaj Khad, Bather Khad, Bald, Ratta, Uhl Suketi Khad, Seer Khad, Bhagga, Chandra, Giri And Koshalya",,438.5,1.8,7.0,3.625,SWAN,2023-06-30
2023,3858,RIVER SWAN U/S SANTOSHGARH BRIDGE,HIMACHAL PRADESH,"Tributary Streams - Ravi, Parvati, Sirsa, Sarsa, Baira Siul, Suketi Khad, Binwa, Neugal Khad, Spiti, Baspa, Banganga, Basanter, Chenab, Devak, Tawi, Ujh, Swan, Tirthan, Pabbar, Ashwani Khad, Manjhi Khad, Mol Khad, Baner Khad, Charan Khand, Dhauli Khad, Shikari Khad, Batta, Kali Bein, Sainj, Markanda, Gaj Khad, Bather Khad, Bald, Ratta, Uhl Suketi Khad, Seer Khad, Bhagga, Chandra, Giri And Koshalya",,551.5,1.75,6.6,1.21,SWAN,2023-06-30
2023,3859,RIVER SWAN U/S UNA TOWN AT GHALLUWAL BRIDGE,HIMACHAL PRADESH,"Tributary Streams - Ravi, Parvati, Sirsa, Sarsa, Baira Siul, Suketi Khad, Binwa, Neugal Khad, Spiti, Baspa, Banganga, Basanter, Chenab, Devak, Tawi, Ujh, Swan, Tirthan, Pabbar, Ashwani Khad, Manjhi Khad, Mol Khad, Baner Khad, Charan Khand, Dhauli Khad, Shikari Khad, Batta, Kali Bein, Sainj, Markanda, Gaj Khad, Bather Khad, Bald, Ratta, Uhl Suketi Khad, Seer Khad, Bhagga, Chandra, Giri And Koshalya",,408.0,1.9,7.3,1.42,SWAN,2023-06-30
2023,30011,"RIVER SWAN AT DHANGLA VILLAGE, SANTOSHGARH (PUNJAB)",PUNJAB,"Tributary Streams - Ravi, Parvati, Sirsa, Sarsa, Baira Siul, Suketi Khad, Binwa, Neugal Khad, Spiti, Baspa, Banganga, Basanter, Chenab, Devak, Tawi, Ujh, Swan, Tirthan, Pabbar, Ashwani Khad, Manjhi Khad, Mol Khad, Baner Khad, Charan Khand, Dhauli Khad, Shikari Khad, Batta, Kali Bein, Sainj, Markanda, Gaj Khad, Bather Khad, Bald, Ratta, Uhl Suketi Khad, Seer Khad, Bhagga, Chandra, Giri And Koshalya",,365.5,,,,SWAN,2023-06-30
2023,4433,RIVER SWAN D/S OF UNA AT RAMPUR BRIDGE,HIMACHAL PRADESH,"Tributary Streams - Ravi, Parvati, Sirsa, Sarsa, Baira Siul, Suketi Khad, Binwa, Neugal Khad, Spiti, Baspa, Banganga, Basanter, Chenab, Devak, Tawi, Ujh, Swan, Tirthan, Pabbar, Ashwani Khad, Manjhi Khad, Mol Khad, Baner Khad, Charan Khand, Dhauli Khad, Shikari Khad, Batta, Kali Bein, Sainj, Markanda, Gaj Khad, Bather Khad, Bald, Ratta, Uhl Suketi Khad, Seer Khad, Bhagga, Chandra, Giri And Koshalya",,378.5,2.5,7.0,1.3699999999999999,SWAN,2023-06-30
2023,2758,"RIVER UJH AT DAM SITE(L.H.S.), KATHUA",JAMMU & KASHMIR,"Tributary Streams - Ravi, Parvati, Sirsa, Sarsa, Baira Siul, Suketi Khad, Binwa, Neugal Khad, Spiti, Baspa, Banganga, Basanter, Chenab, Devak, Tawi, Ujh, Swan, Tirthan, Pabbar, Ashwani Khad, Manjhi Khad, Mol Khad, Baner Khad, Charan Khand, Dhauli Khad, Shikari Khad, Batta, Kali Bein, Sainj, Markanda, Gaj Khad, Bather Khad, Bald, Ratta, Uhl Suketi Khad, Seer Khad, Bhagga, Chandra, Giri And Koshalya",,291.5,1.0,7.4,0.0,UJH,2023-06-30
2023,2913,"RIVER KALI BEIN FALLING INTO BEAS, PUNJAB",PUNJAB,"Tributary Streams - Ravi, Parvati, Sirsa, Sarsa, Baira Siul, Suketi Khad, Binwa, Neugal Khad, Spiti, Baspa, Banganga, Basanter, Chenab, Devak, Tawi, Ujh, Swan, Tirthan, Pabbar, Ashwani Khad, Manjhi Khad, Mol Khad, Baner Khad, Charan Khand, Dhauli Khad, Shikari Khad, Batta, Kali Bein, Sainj, Markanda, Gaj Khad, Bather Khad, Bald, Ratta, Uhl Suketi Khad, Seer Khad, Bhagga, Chandra, Giri And Koshalya",,331.5,2.5,5.9,1.515,"Ravi, Parvati, Sirsa, Sarsa, Baira Siul, Suketi Khad, Binwa, Neugal Khad, Spiti, Baspa, Banganga, Basanter, Chenab, Devak, Tawi, Ujh, Swan, Tirthan, Pabbar, Ashwani Khad, Manjhi Khad, Mol Khad, Baner Khad, Charan Khand, Dhauli Khad, Shikari Khad, Batta, Kali Bein, Sainj, Markanda, Gaj Khad, Bather Khad, Bald, Ratta, Uhl Suketi Khad, Seer Khad, Bhagga, Chandra, Giri And Koshalya",2023-06-30
2023,3278,RIVER LIDDER AT LARIPORA,JAMMU & KASHMIR,"Tributary Streams - Ravi, Parvati, Sirsa, Sarsa, Baira Siul, Suketi Khad, Binwa, Neugal Khad, Spiti, Baspa, Banganga, Basanter, Chenab, Devak, Tawi, Ujh, Swan, Tirthan, Pabbar, Ashwani Khad, Manjhi Khad, Mol Khad, Baner Khad, Charan Khand, Dhauli Khad, Shikari Khad, Batta, Kali Bein, Sainj, Markanda, Gaj Khad, Bather Khad, Bald, Ratta, Uhl Suketi Khad, Seer Khad, Bhagga, Chandra, Giri And Koshalya",,152.0,1.5,,0.0,LIDDER,2023-06-30
2023,3279,RIVER LIDDER AT CLUB PARK,JAMMU & KASHMIR,"Tributary Streams - Ravi, Parvati, Sirsa, Sarsa, Baira Siul, Suketi Khad, Binwa, Neugal Khad, Spiti, Baspa, Banganga, Basanter, Chenab, Devak, Tawi, Ujh, Swan, Tirthan, Pabbar, Ashwani Khad, Manjhi Khad, Mol Khad, Baner Khad, Charan Khand, Dhauli Khad, Shikari Khad, Batta, Kali Bein, Sainj, Markanda, Gaj Khad, Bather Khad, Bald, Ratta, Uhl Suketi Khad, Seer Khad, Bhagga, Chandra, Giri And Koshalya",,149.5,1.85,,0.0,LIDDER,2023-06-30
2023,3280,RIVER LIDDER AT BUS ADDA,JAMMU & KASHMIR,"Tributary Streams - Ravi, Parvati, Sirsa, Sarsa, Baira Siul, Suketi Khad, Binwa, Neugal Khad, Spiti, Baspa, Banganga, Basanter, Chenab, Devak, Tawi, Ujh, Swan, Tirthan, Pabbar, Ashwani Khad, Manjhi Khad, Mol Khad, Baner Khad, Charan Khand, Dhauli Khad, Shikari Khad, Batta, Kali Bein, Sainj, Markanda, Gaj Khad, Bather Khad, Bald, Ratta, Uhl Suketi Khad, Seer Khad, Bhagga, Chandra, Giri And Koshalya",,170.5,1.8,,0.0,LIDDER,2023-06-30
2023,3281,"RIVER LIDDER AT YANEER, D/S OF PHALGUM",JAMMU & KASHMIR,"Tributary Streams - Ravi, Parvati, Sirsa, Sarsa, Baira Siul, Suketi Khad, Binwa, Neugal Khad, Spiti, Baspa, Banganga, Basanter, Chenab, Devak, Tawi, Ujh, Swan, Tirthan, Pabbar, Ashwani Khad, Manjhi Khad, Mol Khad, Baner Khad, Charan Khand, Dhauli Khad, Shikari Khad, Batta, Kali Bein, Sainj, Markanda, Gaj Khad, Bather Khad, Bald, Ratta, Uhl Suketi Khad, Seer Khad, Bhagga, Chandra, Giri And Koshalya",,106.0,1.85,,0.0,LIDDER,2023-06-30
2023,3282,"RIVER LIDDER NERA BUMZOO, ANANTNAG",JAMMU & KASHMIR,"Tributary Streams - Ravi, Parvati, Sirsa, Sarsa, Baira Siul, Suketi Khad, Binwa, Neugal Khad, Spiti, Baspa, Banganga, Basanter, Chenab, Devak, Tawi, Ujh, Swan, Tirthan, Pabbar, Ashwani Khad, Manjhi Khad, Mol Khad, Baner Khad, Charan Khand, Dhauli Khad, Shikari Khad, Batta, Kali Bein, Sainj, Markanda, Gaj Khad, Bather Khad, Bald, Ratta, Uhl Suketi Khad, Seer Khad, Bhagga, Chandra, Giri And Koshalya",,133.0,1.95,,0.0,"Ravi, Parvati, Sirsa, Sarsa, Baira Siul, Suketi Khad, Binwa, Neugal Khad, Spiti, Baspa, Banganga, Basanter, Chenab, Devak, Tawi, Ujh, Swan, Tirthan, Pabbar, Ashwani Khad, Manjhi Khad, Mol Khad, Baner Khad, Charan Khand, Dhauli Khad, Shikari Khad, Batta, Kali Bein, Sainj, Markanda, Gaj Khad, Bather Khad, Bald, Ratta, Uhl Suketi Khad, Seer Khad, Bhagga, Chandra, Giri And Koshalya",2023-06-30
2023,4051,RIVER LIDDER AT NUNWAN,JAMMU & KASHMIR,"Tributary Streams - Ravi, Parvati, Sirsa, Sarsa, Baira Siul, Suketi Khad, Binwa, Neugal Khad, Spiti, Baspa, Banganga, Basanter, Chenab, Devak, Tawi, Ujh, Swan, Tirthan, Pabbar, Ashwani Khad, Manjhi Khad, Mol Khad, Baner Khad, Charan Khand, Dhauli Khad, Shikari Khad, Batta, Kali Bein, Sainj, Markanda, Gaj Khad, Bather Khad, Bald, Ratta, Uhl Suketi Khad, Seer Khad, Bhagga, Chandra, Giri And Koshalya",,116.0,2.1,,0.0,LIDDER,2023-06-30
2023,4052,RIVER LIDDER NEAR LAVENDER PARK,JAMMU & KASHMIR,"Tributary Streams - Ravi, Parvati, Sirsa, Sarsa, Baira Siul, Suketi Khad, Binwa, Neugal Khad, Spiti, Baspa, Banganga, Basanter, Chenab, Devak, Tawi, Ujh, Swan, Tirthan, Pabbar, Ashwani Khad, Manjhi Khad, Mol Khad, Baner Khad, Charan Khand, Dhauli Khad, Shikari Khad, Batta, Kali Bein, Sainj, Markanda, Gaj Khad, Bather Khad, Bald, Ratta, Uhl Suketi Khad, Seer Khad, Bhagga, Chandra, Giri And Koshalya",,155.0,2.3,,0.0,LIDDER,2023-06-30
2023,3283,RIVER SINDH AT SONAMARG U/S,JAMMU & KASHMIR,"Tributary Streams - Ravi, Parvati, Sirsa, Sarsa, Baira Siul, Suketi Khad, Binwa, Neugal Khad, Spiti, Baspa, Banganga, Basanter, Chenab, Devak, Tawi, Ujh, Swan, Tirthan, Pabbar, Ashwani Khad, Manjhi Khad, Mol Khad, Baner Khad, Charan Khand, Dhauli Khad, Shikari Khad, Batta, Kali Bein, Sainj, Markanda, Gaj Khad, Bather Khad, Bald, Ratta, Uhl Suketi Khad, Seer Khad, Bhagga, Chandra, Giri And Koshalya",,329.0,1.45,,0.0,SINDH,2023-06-30
2023,3284,RIVER SINDH AT SONAMARG D/S,JAMMU & KASHMIR,"Tributary Streams - Ravi, Parvati, Sirsa, Sarsa, Baira Siul, Suketi Khad, Binwa, Neugal Khad, Spiti, Baspa, Banganga, Basanter, Chenab, Devak, Tawi, Ujh, Swan, Tirthan, Pabbar, Ashwani Khad, Manjhi Khad, Mol Khad, Baner Khad, Charan Khand, Dhauli Khad, Shikari Khad, Batta, Kali Bein, Sainj, Markanda, Gaj Khad, Bather Khad, Bald, Ratta, Uhl Suketi Khad, Seer Khad, Bhagga, Chandra, Giri And Koshalya",,328.5,1.4,,0.0,SINDH,2023-06-30
2023,3285,RIVER SINDH AT WAIL BRIDGE,JAMMU & KASHMIR,"Tributary Streams - Ravi, Parvati, Sirsa, Sarsa, Baira Siul, Suketi Khad, Binwa, Neugal Khad, Spiti, Baspa, Banganga, Basanter, Chenab, Devak, Tawi, Ujh, Swan, Tirthan, Pabbar, Ashwani Khad, Manjhi Khad, Mol Khad, Baner Khad, Charan Khand, Dhauli Khad, Shikari Khad, Batta, Kali Bein, Sainj, Markanda, Gaj Khad, Bather Khad, Bald, Ratta, Uhl Suketi Khad, Seer Khad, Bhagga, Chandra, Giri And Koshalya",,241.5,1.5,,0.0,SINDH,2023-06-30
2023,3286,RIVER SINDH AT DUDERHAMA,JAMMU & KASHMIR,"Tributary Streams - Ravi, Parvati, Sirsa, Sarsa, Baira Siul, Suketi Khad, Binwa, Neugal Khad, Spiti, Baspa, Banganga, Basanter, Chenab, Devak, Tawi, Ujh, Swan, Tirthan, Pabbar, Ashwani Khad, Manjhi Khad, Mol Khad, Baner Khad, Charan Khand, Dhauli Khad, Shikari Khad, Batta, Kali Bein, Sainj, Markanda, Gaj Khad, Bather Khad, Bald, Ratta, Uhl Suketi Khad, Seer Khad, Bhagga, Chandra, Giri And Koshalya",,245.0,1.8,8.55,0.0,SINDH,2023-06-30
2023,3287,"RIVER SINDH AT RANGIL, SRINAGAR",JAMMU & KASHMIR,"Tributary Streams - Ravi, Parvati, Sirsa, Sarsa, Baira Siul, Suketi Khad, Binwa, Neugal Khad, Spiti, Baspa, Banganga, Basanter, Chenab, Devak, Tawi, Ujh, Swan, Tirthan, Pabbar, Ashwani Khad, Manjhi Khad, Mol Khad, Baner Khad, Charan Khand, Dhauli Khad, Shikari Khad, Batta, Kali Bein, Sainj, Markanda, Gaj Khad, Bather Khad, Bald, Ratta, Uhl Suketi Khad, Seer Khad, Bhagga, Chandra, Giri And Koshalya",,257.5,1.8,,0.0,SINDH,2023-06-30
2023,4023,MANJHI KHAD U/S DHARAMSHALA OF KHANIYARA,HIMACHAL PRADESH,"Tributary Streams - Ravi, Parvati, Sirsa, Sarsa, Baira Siul, Suketi Khad, Binwa, Neugal Khad, Spiti, Baspa, Banganga, Basanter, Chenab, Devak, Tawi, Ujh, Swan, Tirthan, Pabbar, Ashwani Khad, Manjhi Khad, Mol Khad, Baner Khad, Charan Khand, Dhauli Khad, Shikari Khad, Batta, Kali Bein, Sainj, Markanda, Gaj Khad, Bather Khad, Bald, Ratta, Uhl Suketi Khad, Seer Khad, Bhagga, Chandra, Giri And Koshalya",,143.5,1.0,8.649999999999999,1.585,KHAD,2023-06-30
2023,4024,MANJHI KHAD D/S DHARAMSHALA AT CHETRU,HIMACHAL PRADESH,"Tributary Streams - Ravi, Parvati, Sirsa, Sarsa, Baira Siul, Suketi Khad, Binwa, Neugal Khad, Spiti, Baspa, Banganga, Basanter, Chenab, Devak, Tawi, Ujh, Swan, Tirthan, Pabbar, Ashwani Khad, Manjhi Khad, Mol Khad, Baner Khad, Charan Khand, Dhauli Khad, Shikari Khad, Batta, Kali Bein, Sainj, Markanda, Gaj Khad, Bather Khad, Bald, Ratta, Uhl Suketi Khad, Seer Khad, Bhagga, Chandra, Giri And Koshalya",,150.5,1.0,8.7,1.58,KHAD,2023-06-30
2023,4025,MOL KHAD U/S PALAMPUR,HIMACHAL PRADESH,"Tributary Streams - Ravi, Parvati, Sirsa, Sarsa, Baira Siul, Suketi Khad, Binwa, Neugal Khad, Spiti, Baspa, Banganga, Basanter, Chenab, Devak, Tawi, Ujh, Swan, Tirthan, Pabbar, Ashwani Khad, Manjhi Khad, Mol Khad, Baner Khad, Charan Khand, Dhauli Khad, Shikari Khad, Batta, Kali Bein, Sainj, Markanda, Gaj Khad, Bather Khad, Bald, Ratta, Uhl Suketi Khad, Seer Khad, Bhagga, Chandra, Giri And Koshalya",,201.5,1.0,8.899999999999999,1.17,KHAD,2023-06-30
2023,4026,MOL KHAD D/S PALAMPUR,HIMACHAL PRADESH,"Tributary Streams - Ravi, Parvati, Sirsa, Sarsa, Baira Siul, Suketi Khad, Binwa, Neugal Khad, Spiti, Baspa, Banganga, Basanter, Chenab, Devak, Tawi, Ujh, Swan, Tirthan, Pabbar, Ashwani Khad, Manjhi Khad, Mol Khad, Baner Khad, Charan Khand, Dhauli Khad, Shikari Khad, Batta, Kali Bein, Sainj, Markanda, Gaj Khad, Bather Khad, Bald, Ratta, Uhl Suketi Khad, Seer Khad, Bhagga, Chandra, Giri And Koshalya",,221.0,1.0,8.850000000000001,1.46,KHAD,2023-06-30
2023,4038,RIVER TIRTHAN BEFORE CONF. TO RIVER SUTLEJ,HIMACHAL PRADESH,"Tributary Streams - Ravi, Parvati, Sirsa, Sarsa, Baira Siul, Suketi Khad, Binwa, Neugal Khad, Spiti, Baspa, Banganga, Basanter, Chenab, Devak, Tawi, Ujh, Swan, Tirthan, Pabbar, Ashwani Khad, Manjhi Khad, Mol Khad, Baner Khad, Charan Khand, Dhauli Khad, Shikari Khad, Batta, Kali Bein, Sainj, Markanda, Gaj Khad, Bather Khad, Bald, Ratta, Uhl Suketi Khad, Seer Khad, Bhagga, Chandra, Giri And Koshalya",,170.5,1.0,8.15,2.625,"Ravi, Parvati, Sirsa, Sarsa, Baira Siul, Suketi Khad, Binwa, Neugal Khad, Spiti, Baspa, Banganga, Basanter, Chenab, Devak, Tawi, Ujh, Swan, Tirthan, Pabbar, Ashwani Khad, Manjhi Khad, Mol Khad, Baner Khad, Charan Khand, Dhauli Khad, Shikari Khad, Batta, Kali Bein, Sainj, Markanda, Gaj Khad, Bather Khad, Bald, Ratta, Uhl Suketi Khad, Seer Khad, Bhagga, Chandra, Giri And Koshalya",2023-06-30
2023,4424,RAW WATER FOR LWSS OF NAUTI KHAD AT GUMMA (BASANTPUR),HIMACHAL PRADESH,"Tributary Streams - Ravi, Parvati, Sirsa, Sarsa, Baira Siul, Suketi Khad, Binwa, Neugal Khad, Spiti, Baspa, Banganga, Basanter, Chenab, Devak, Tawi, Ujh, Swan, Tirthan, Pabbar, Ashwani Khad, Manjhi Khad, Mol Khad, Baner Khad, Charan Khand, Dhauli Khad, Shikari Khad, Batta, Kali Bein, Sainj, Markanda, Gaj Khad, Bather Khad, Bald, Ratta, Uhl Suketi Khad, Seer Khad, Bhagga, Chandra, Giri And Koshalya",,452.5,1.0,7.65,1.3299999999999998,KHAD,2023-06-30
2023,4432,DHAULI KHAD AT CHARAN GANGA MEDI,HIMACHAL PRADESH,"Tributary Streams - Ravi, Parvati, Sirsa, Sarsa, Baira Siul, Suketi Khad, Binwa, Neugal Khad, Spiti, Baspa, Banganga, Basanter, Chenab, Devak, Tawi, Ujh, Swan, Tirthan, Pabbar, Ashwani Khad, Manjhi Khad, Mol Khad, Baner Khad, Charan Khand, Dhauli Khad, Shikari Khad, Batta, Kali Bein, Sainj, Markanda, Gaj Khad, Bather Khad, Bald, Ratta, Uhl Suketi Khad, Seer Khad, Bhagga, Chandra, Giri And Koshalya",,430.5,2.0,7.45,3.1300000000000003,KHAD,2023-06-30
2023,4457,BANER KHAD U/S CHAMUNDA TEMPLE,HIMACHAL PRADESH,"Tributary Streams - Ravi, Parvati, Sirsa, Sarsa, Baira Siul, Suketi Khad, Binwa, Neugal Khad, Spiti, Baspa, Banganga, Basanter, Chenab, Devak, Tawi, Ujh, Swan, Tirthan, Pabbar, Ashwani Khad, Manjhi Khad, Mol Khad, Baner Khad, Charan Khand, Dhauli Khad, Shikari Khad, Batta, Kali Bein, Sainj, Markanda, Gaj Khad, Bather Khad, Bald, Ratta, Uhl Suketi Khad, Seer Khad, Bhagga, Chandra, Giri And Koshalya",,149.0,1.0,9.100000000000001,2.08,KHAD,2023-06-30
2023,4458,BANER KHAD D/S CHAMUNDA TEMPLE,HIMACHAL PRADESH,"Tributary Streams - Ravi, Parvati, Sirsa, Sarsa, Baira Siul, Suketi Khad, Binwa, Neugal Khad, Spiti, Baspa, Banganga, Basanter, Chenab, Devak, Tawi, Ujh, Swan, Tirthan, Pabbar, Ashwani Khad, Manjhi Khad, Mol Khad, Baner Khad, Charan Khand, Dhauli Khad, Shikari Khad, Batta, Kali Bein, Sainj, Markanda, Gaj Khad, Bather Khad, Bald, Ratta, Uhl Suketi Khad, Seer Khad, Bhagga, Chandra, Giri And Koshalya",,141.0,1.0,9.0,1.9149999999999998,KHAD,2023-06-30
2023,4460,CHARAN KHAND U/S BHAGSUNAG,HIMACHAL PRADESH,"Tributary Streams - Ravi, Parvati, Sirsa, Sarsa, Baira Siul, Suketi Khad, Binwa, Neugal Khad, Spiti, Baspa, Banganga, Basanter, Chenab, Devak, Tawi, Ujh, Swan, Tirthan, Pabbar, Ashwani Khad, Manjhi Khad, Mol Khad, Baner Khad, Charan Khand, Dhauli Khad, Shikari Khad, Batta, Kali Bein, Sainj, Markanda, Gaj Khad, Bather Khad, Bald, Ratta, Uhl Suketi Khad, Seer Khad, Bhagga, Chandra, Giri And Koshalya",,135.5,1.0,9.149999999999999,2.915,KHAND,2023-06-30
2023,4469,GAJ KHAD NEAR WATER SUPPLY SCHEME DHARAMSHALA CANTT.,HIMACHAL PRADESH,"Tributary Streams - Ravi, Parvati, Sirsa, Sarsa, Baira Siul, Suketi Khad, Binwa, Neugal Khad, Spiti, Baspa, Banganga, Basanter, Chenab, Devak, Tawi, Ujh, Swan, Tirthan, Pabbar, Ashwani Khad, Manjhi Khad, Mol Khad, Baner Khad, Charan Khand, Dhauli Khad, Shikari Khad, Batta, Kali Bein, Sainj, Markanda, Gaj Khad, Bather Khad, Bald, Ratta, Uhl Suketi Khad, Seer Khad, Bhagga, Chandra, Giri And Koshalya",,152.0,1.0,8.95,3.3649999999999998,KHAD,2023-06-30
2023,4470,BATHER KHAD WATER SUPPLY SCHEME AT DAL LAKE,HIMACHAL PRADESH,"Tributary Streams - Ravi, Parvati, Sirsa, Sarsa, Baira Siul, Suketi Khad, Binwa, Neugal Khad, Spiti, Baspa, Banganga, Basanter, Chenab, Devak, Tawi, Ujh, Swan, Tirthan, Pabbar, Ashwani Khad, Manjhi Khad, Mol Khad, Baner Khad, Charan Khand, Dhauli Khad, Shikari Khad, Batta, Kali Bein, Sainj, Markanda, Gaj Khad, Bather Khad, Bald, Ratta, Uhl Suketi Khad, Seer Khad, Bhagga, Chandra, Giri And Koshalya",,133.0,1.0,9.1,3.13,SCHEME,2023-06-30
2023,4471,"NEUGAL KHAD NEAR WATER SUPPLY SCHEME AT BANDLA, PALAMPUR",HIMACHAL PRADESH,"Tributary Streams - Ravi, Parvati, Sirsa, Sarsa, Baira Siul, Suketi Khad, Binwa, Neugal Khad, Spiti, Baspa, Banganga, Basanter, Chenab, Devak, Tawi, Ujh, Swan, Tirthan, Pabbar, Ashwani Khad, Manjhi Khad, Mol Khad, Baner Khad, Charan Khand, Dhauli Khad, Shikari Khad, Batta, Kali Bein, Sainj, Markanda, Gaj Khad, Bather Khad, Bald, Ratta, Uhl Suketi Khad, Seer Khad, Bhagga, Chandra, Giri And Koshalya",,278.5,1.0,9.25,2.21,KHAD,2023-06-30
2023,4488,RIVER RATTA BEFORE CONF. TO RIVER SIRSA,HIMACHAL PRADESH,"Tributary Streams - Ravi, Parvati, Sirsa, Sarsa, Baira Siul, Suketi Khad, Binwa, Neugal Khad, Spiti, Baspa, Banganga, Basanter, Chenab, Devak, Tawi, Ujh, Swan, Tirthan, Pabbar, Ashwani Khad, Manjhi Khad, Mol Khad, Baner Khad, Charan Khand, Dhauli Khad, Shikari Khad, Batta, Kali Bein, Sainj, Markanda, Gaj Khad, Bather Khad, Bald, Ratta, Uhl Suketi Khad, Seer Khad, Bhagga, Chandra, Giri And Koshalya",,,,6.449999999999999,,"Ravi, Parvati, Sirsa, Sarsa, Baira Siul, Suketi Khad, Binwa, Neugal Khad, Spiti, Baspa, Banganga, Basanter, Chenab, Devak, Tawi, Ujh, Swan, Tirthan, Pabbar, Ashwani Khad, Manjhi Khad, Mol Khad, Baner Khad, Charan Khand, Dhauli Khad, Shikari Khad, Batta, Kali Bein, Sainj, Markanda, Gaj Khad, Bather Khad, Bald, Ratta, Uhl Suketi Khad, Seer Khad, Bhagga, Chandra, Giri And Koshalya",2023-06-30
2023,5489,"RIVER BHAWA KHAD AT RESERVIOR SITE OF ALLIAN DUHANGAN HEP,PRINI,MANALI",HIMACHAL PRADESH,"Tributary Streams - Ravi, Parvati, Sirsa, Sarsa, Baira Siul, Suketi Khad, Binwa, Neugal Khad, Spiti, Baspa, Banganga, Basanter, Chenab, Devak, Tawi, Ujh, Swan, Tirthan, Pabbar, Ashwani Khad, Manjhi Khad, Mol Khad, Baner Khad, Charan Khand, Dhauli Khad, Shikari Khad, Batta, Kali Bein, Sainj, Markanda, Gaj Khad, Bather Khad, Bald, Ratta, Uhl Suketi Khad, Seer Khad, Bhagga, Chandra, Giri And Koshalya",,87.0,1.0,9.6,0.61,BHAWA KHAD,2023-06-30
2023,5766,CHAKKI KHAD AT LAHROO D/S OF PHINNA SINGH IRRIGATION SCHEME,HIMACHAL PRADESH,Ganga,,192.0,1.0,8.9,1.705,KHAD,2023-06-30
2023,1306,"RIVER GAWKADAL, SRG (SHERGHARI, SRG)",JAMMU & KASHMIR,Ganga,,253.0,3.65,6.25,0.0,Ganga,2023-06-30
2023,5248,"RIVER UHL D/S OF IIT, MANDI",HIMACHAL PRADESH,Ganga,,133.5,1.0,9.05,0.665,UHL,2023-06-30
2023,5251,SUKETI KHAD D/S SWM SITE AT SUNDER NAGAR,HIMACHAL PRADESH,Ganga,,312.0,1.9,7.9,1.87,KHAD,2023-06-30
2023,5252,SEER KHAD U/S INTAKE POINT OF WSS GHUMARWIN TOWN,HIMACHAL PRADESH,Ganga,,235.0,1.0,8.75,1.075,KHAD,2023-06-30
2023,5254,RIVER BHAGGA U/S BEFORE CONFLUENCE TO RIVER CHENAB,HIMACHAL PRADESH,Ganga,,158.5,1.0,8.2,0.43500000000000005,BHAGGA,2023-06-30
2023,5255,RIVER CHANDRA U/S BEFORE CONFLUENCE TO RIVER CHENAB,HIMACHAL PRADESH,Ganga,,154.5,1.0,8.05,0.48,CHANDRA,2023-06-30
2023,5256,RIVER CHENAB D/S AT TANDI (L & S),HIMACHAL PRADESH,Ganga,,152.5,1.0,8.35,0.635,CHENAB,2023-06-30
2023,1491,"RIVER BHAGIRATHI AT GANGOTRI,",UTTARAKHAND,Ganga,,84.0,1.0,,0.32,BHAGIRATHI,2023-06-30
2023,5451,RIVER MANDAKINI AT KEDARNATH,UTTARAKHAND 10.0,Ganga,,50.0,1.0,,0.32,MANDAKINI,2023-06-30
2023,5452,RIVER ALAKNANDA AT BADRINATH,UTTARAKHAND 13.5,Ganga,,43.0,1.0,,0.32,ALAKNANDA,2023-06-30
2023,1484,RIVER ALAKNANDA B/C TO RIVER MANDAKINI AT RUDRA PRAYAG,UTTARAKHAND 15.0,Ganga,,92.0,1.0,,0.33499999999999996,ALAKNANDA B/C TO RIVER MANDAKINI,2023-06-30
2023,1485,"RIVER MANDAKINI B/C TO RIVER ALKALNADA AT RUDRAPRAYAG,",UTTARAKHAND 14.0,Ganga,,70.5,1.0,,0.325,MANDAKINI B/C TO RIVER ALKALNADA,2023-06-30
2023,1486,RIVER ALAKNANDA A/C OF RIVER MANDAKINI AND RIVER ALAKNANDA AT RUDRAPRAYAG,UTTARAKHAND 14.0,Ganga,,90.0,1.0,,0.325,ALAKNANDA A/C OF RIVER MANDAKINI AND RIVER ALAKNANDA,2023-06-30
2023,1487,"RIVER ALAKNANDA B/C TORIVER BHAGIRATHI AT DEVPRAYAG,",UTTARAKHAND 15.0,Ganga,,108.5,1.0,,0.325,ALAKNANDA B/C TORIVER BHAGIRATHI,2023-06-30
2023,1488,"RIVER BHAGIRATHI B/C TO RIVER ALAKNANDA AT DEVPRAYAG,DIST-TEHRI GARHWAL",UTTARAKHAND 16.0,Ganga,,96.5,1.0,,0.33999999999999997,BHAGIRATHI B/C TO RIVER ALAKNANDA,2023-06-30
2023,1489,"RIVER GANGA AFTER CONFLUENCE OF RIVER BHAGIRATHI AND RIVER ALAKNANDA AT DEVPRAYAG ,DIST-TEFRI GARHWAL",UTTARAKHAND 15.0,Ganga,,98.5,1.0,,0.325,GANGA AFTER CONFLUENCE OF RIVER BHAGIRATHI AND RIVER ALAKNANDA,2023-06-30
2023,5776,"RIVER GANGA AT SWARG ASHRAM ,RISHIKESH",UTTARAKHAND 13.0,Ganga,,174.5,1.0,,0.375,GANGA,2023-06-30
2023,1060,"RIVER GANGA U/S AT LAXMANJHULA,RISHIKESH",UTTARAKHAND 12.0,Ganga,,112.0,1.0,,0.185,GANGA,2023-06-30
2023,5777,nan,"RIVER GANGA NEAR VISTHAPHIT COLONY, RISHIKESH UTTARAKHAND 14.0",Ganga,,260.5,1.35,,0.4,Ganga,2023-06-30
2023,10147,"RIVER GANGA D/S AT BAIRAAJ,RISHIKESH",UTTARAKHAND 14.0,Ganga,,104.0,1.1,,0.355,GANGA,2023-06-30
2023,2725,"RIVER GANGA AFTER CONFLUENCE OF SONG NEAR SATYANARAYAN TEMPLE D/S RAIWALA, DEHRADUN",UTTARAKHAND 13.0,Ganga,,241.0,1.4,,0.35,GANGA AFTER CONFLUENCE OF SONG,2023-06-30
2023,10148,RIVER GANGA AT HAR-KI-PAURI GHAT,UTTARAKHAND 14.8,Ganga,,258.5,1.5,,0.985,GANGA,2023-06-30
2023,3997,"RIVER GANGA U/S AT ABINDUGHAT, DUDHIYABAD, HARIDWAR",UTTARAKHAND 16.8,Ganga,,320.0,1.9,8.7,0.91,GANGA,2023-06-30
2023,1061,"RIVER GANGA D/S AT BALKUMARI MANDIR, AJEETPUR, HARIDWAR",UTTARAKHAND 17.9,Ganga,,397.0,1.8,8.5,0.915,GANGA,2023-06-30
2023,5778,"RIVER GANGA NEAR BISHANPUR KUNDI, HARIDWAR",UTTARAKHAND 18.2,Ganga,,,,8.7,0.9500000000000001,GANGA,2023-06-30
2023,2727,"UPPER GANGA CANAL D/S AT ROORKEE, HARIDWAR",UTTARAKHAND 14.7,Ganga,,327.0,1.7999999999999998,8.55,1.085,CANAL,2023-06-30
2023,30005,RIVER GANGA AT SULTANPUR (UTTARAKHAND),UTTARAKHAND 21.5,Ganga,,219.0,1.9500000000000002,7.8,0.365,GANGA,2023-06-30
2023,30006,RIVER GANGA AT BIJNOR (U.P.),UTTAR PRADESH,Ganga,,234.5,1.5,7.85,0.52,GANGA,2023-06-30
2023,10150,"RIVER GANGA AT MADHYA GANGA BARRAGE, BIJNOR",UTTAR PRADESH,Ganga,,240.5,1.3,8.85,0.0,GANGA,2023-06-30
2023,5708,"RIVER GANGA TIGRI GANGA GHAT, VILLAGE-TIGARI, AMROHA",UTTAR PRADESH,Ganga,,246.5,1.4,8.65,0.0,Ganga,2023-06-30
2023,1062,"RIVER GANGA AT D/S GARHMUKTESHWAR, U.P",UTTAR PRADESH,Ganga,,214.5,1.95,,0.4,GANGA,2023-06-30
2023,2488,"RIVER GANGA U/S, ANOOPSHAHAR",UTTAR PRADESH,Ganga,,146.0,1.85,,0.0,GANGA,2023-06-30
2023,2489,"RIVER GANGA D/S, ANOOPSHAHAR",UTTAR PRADESH,Ganga,,140.0,1.8,,0.0,GANGA,2023-06-30
2023,1145,"RIVER GANGA AT NARORA (BULANDSAHAR), U.P.",UTTAR PRADESH,Ganga,,141.5,1.9,,0.0,GANGA,2023-06-30
2023,2490,"RIVER GANGA AT KACHHLA GHAT, ALIGARH",UTTAR PRADESH,Ganga,,,,,2.25,GANGA,2023-06-30
2023,10151,RIVER GANGA AT GHATIYAGHAT FARRUKABAD,UTTAR PRADESH,Ganga,,263.5,3.1500000000000004,,0.0,GANGA,2023-06-30
2023,1063,"RIVER GANGA AT KANNAUJ U/S (NEAR MEHNDIGHAT BRIDGE), U.P",UTTAR PRADESH,Ganga,,282.5,3.45,,0.0,GANGA,2023-06-30
2023,1066,"RIVER GANGA AT DURJANPUR, KANNAUJ D/S, U.P",UTTAR PRADESH,Ganga,,303.0,4.75,,0.0,GANGA,2023-06-30
2023,5709,"RIVER GANGAÂ NANAMAU GANGA BRIDGE, LUCKNOW MOHAN-HASANGANJ- RASULABAD MARG, KARTI AKBERPUR SENG",UTTAR PRADESH,Ganga,,325.0,3.15,,0.0,Ganga,2023-06-30
2023,1146,"RIVER GANGA AT BITHOOR (KANPUR), U.P.",UTTAR PRADESH,Ganga,,290.0,,,,GANGA,2023-06-30
2023,10154,RIVER GANGA AT BATHING GHAT (BHARAOGHAT),UTTAR PRADESH,Ganga,,333.5,3.65,,0.0,GANGA,2023-06-30
2023,1067,"RIVER GANGA AT KANPUR U/S (SHUKLAGANJ U/S), U.P",UTTAR PRADESH,Ganga,,328.5,3.7,,0.0,GANGA,2023-06-30
2023,10155,RIVER GANGA AT D/S (SHUKLAGANJ),UTTAR PRADESH,Ganga,,348.5,3.9,,0.0,GANGA,2023-06-30
2023,10156,RIVER GANGA AT BATHING GHAT (GOLA GHAT),UTTAR PRADESH,Ganga,,327.0,,,,GANGA,2023-06-30
2023,10157,RIVER GANGA AT BATHING GHAT (JAJMAU BRIDGE),UTTAR PRADESH,Ganga,,448.0,4.15,,0.0,GANGA,2023-06-30
2023,1068,"RIVER GANGA AT KANPUR D/S (JANA VILLAGE), U.P",UTTAR PRADESH,Ganga,,457.0,,,,GANGA,2023-06-30
2023,5710,"RIVER GANGA PURANA RAJAPUR, RAJAPUR, KANPUR",UTTAR PRADESH,Ganga,,396.0,3.5999999999999996,,0.0,Ganga,2023-06-30
2023,5711,RIVER GANGA A/C PANDU RIVER AT MADEVESHWAR BABA TAMPLE DEOMAI AHT.,UTTAR PRADESH,Ganga,,261.0,2.55,8.05,0.645,GANGA A/C PANDU RIVER,2023-06-30
2023,1147,"RIVER GANGA AT DALMAU (RAI BAREILLY), U.P.",UTTAR PRADESH,Ganga,,322.5,3.2,,0.88,GANGA,2023-06-30
2023,2498,"RIVER GANGA AT KALA KANKAR, RAEBARELI",UTTAR PRADESH,Ganga,,319.0,3.0999999999999996,,0.8200000000000001,GANGA,2023-06-30
2023,2487,"RIVER GANGA AT KADAGHAT, KAUSHAMABI",UTTAR PRADESH,Ganga,,266.0,2.75,8.100000000000001,0.69,GANGA,2023-06-30
2023,5713,"RIVER GANGA AT GANGA BRIDGE .NH19, DHEEMI",UTTAR PRADESH,Ganga,,302.5,3.1500000000000004,8.2,0.77,GANGA,2023-06-30
2023,1046,"RIVER GANGA AT PRAYAGRAJ (RASOOLABAD), U.P.",UTTAR PRADESH,Ganga,,246.5,2.8,8.2,0.6799999999999999,GANGA,2023-06-30
2023,1049,"RIVER GANGA AT PRAYAGRAJ D/S (SANGAM), U.P.",UTTAR PRADESH,Ganga,,275.0,2.8,8.1,0.63,GANGA,2023-06-30
2023,5714,RIVER GANGA B/CÂ TAMSA RIVER AT PRACHIN SHIVALAYA DUMDUMA GHAT,UTTAR PRADESH,Ganga,,272.0,2.7,8.1,0.635,RIVER,2023-06-30
2023,10158,"RIVER GANGA A/C TAMSA RIVER, SIRSA, SON BARSA",UTTAR PRADESH,Ganga,,278.5,2.8,8.05,0.665,Ganga,2023-06-30
2023,2485,"RIVER GANGA U/S, VINDHYACHAL, MIRZAPUR",UTTAR PRADESH,Ganga,,433.0,2.55,8.35,,GANGA,2023-06-30
2023,2486,"RIVER GANGA D/S, MIRZAPUR",UTTAR PRADESH,Ganga,,442.0,3.9,7.55,0.98,GANGA,2023-06-30
2023,10153,RIVER GANGA AT CHUNAR,UTTAR PRADESH,Ganga,,438.0,3.3,8.0,1.28,GANGA,2023-06-30
2023,1070,"RIVER GANGA AT VARANASI U/S NEAR VISHWASUNDARI BRIDGE B/C DRAINS( NAGWA NALA, SAMNE GHAT NALA,NAKHHI NALA)",UTTAR PRADESH,Ganga,,431.0,2.45,8.4,1.07,GANGA,2023-06-30
2023,1071,"RIVER GANGA AT VARANASI D/S , A/C RIVER VARUNA , U.P",UTTAR PRADESH,Ganga,,441.0,3.9,7.6,1.4849999999999999,GANGA,2023-06-30
2023,5715,"RIVER GANGAÂ B/C GOMTI RIVER AT BALUA GHAT BRIDGE, VARANASI",UTTAR PRADESH,Ganga,,434.0,3.7,7.4,1.27,RIVER,2023-06-30
2023,10152,"RIVER GANGA A/C GOMTI RIVER, BHUSAULA",UTTAR PRADESH,Ganga,,435.0,3.3,7.9,1.315,Ganga,2023-06-30
2023,5716,"RIVER GANGAÂ ZAMANIA GANGA BRIDGE , ZAMANIZ, UP",UTTAR PRADESH,Ganga,,428.0,3.2,7.9,1.18,Ganga,2023-06-30
2023,1073,"RIVER GANGA AT TARIGHAT (GHAZIPUR), U.P",UTTAR PRADESH,Ganga,,552.0,4.1,7.35,1.5499999999999998,GANGA,2023-06-30
2023,10113,"RIVER GANGA AT U/S JAIL GHAT, BUXAR",BIHAR,Ganga,,421.0,1.75,7.8500000000000005,0.3,GANGA,2023-06-30
2023,1074,RIVER GANGA CHUSA AT BUXAR,BIHAR,Ganga,,446.5,1.55,8.0,0.32,GANGA CHUSA,2023-06-30
2023,2551,"RIVER GANGA AT BUXAR, RAMREKHAGHAT",BIHAR,Ganga,,439.0,1.8,7.6,0.3,GANGA,2023-06-30
2023,3113,RIVER GANGA AT D/S BUXAR NEAR VEER KUNWAR SINGH ROAD BRIDGE,BIHAR,Ganga,,429.5,1.8,7.7,0.315,GANGA,2023-06-30
2023,10162,RIVER GANGA AT ARA- CHAPRA ROAD BRIDGE (KOIILWAR BARHARA-CHAPRA ROAD),BIHAR,Ganga,,325.5,1.75,8.1,0.32499999999999996,GANGA,2023-06-30
2023,2564,"RIVER GANGA AT THE BALUGHAT, DORIGANJ, SARAN",BIHAR,Ganga,,347.0,1.9,7.8,0.31,GANGA,2023-06-30
2023,10114,"RIVER GANGA AT MAA AMBIKA ASTHAN, AAMI, SARAN",BIHAR,Ganga,,309.0,1.9,7.8500000000000005,0.3,GANGA,2023-06-30
2023,1077,"RIVER GANGA AT DIGHA, NEAR J P SETU, PATNA U/S",BIHAR,Ganga,,334.0,1.6,8.350000000000001,0.3,GANGA,2023-06-30
2023,2552,"RIVER GANGA AT GANDHIGHAT, NIT PATNA",BIHAR,Ganga,,328.5,1.75,7.8,0.3,GANGA,2023-06-30
2023,10115,"RIVER GANGA AT GULABI GHAT, PATNA",BIHAR,Ganga,,324.5,1.85,7.65,0.3,GANGA,2023-06-30
2023,1079,"RIVER GANGA AT PATNA D/S (GANGA BRIDGE), GAIGHAT, PATNA",BIHAR,Ganga,,,,,0.31,GANGA,2023-06-30
2023,3122,"RIVER GANGA AT MALSALAMI, PATNA CITY, PATNA",BIHAR,Ganga,,322.0,1.95,7.9,0.3,GANGA,2023-06-30
2023,4297,"RIVER GANGA AT KACHCHI-DARGAH-BIDUPUR NEAR ROAD BRIDGE, PATNA",BIHAR,Ganga,,325.0,1.65,7.9,0.3,GANGA,2023-06-30
2023,10122,"RIVER GANGA AT TRIVENI GHAT, PATNA",BIHAR,Ganga,,324.5,1.9,7.45,0.3,GANGA,2023-06-30
2023,2553,"RIVER GANGA AT KEWALA GHAT,FATUHA, PATNA",BIHAR,Ganga,,370.0,1.9,7.25,0.305,GANGA,2023-06-30
2023,4301,"RIVER GANGA AT BAKHTIYARPUR-TAJPUR BRIDGE ON GANGA, ATHMALGOLA, PATNA",BIHAR,Ganga,,319.0,1.65,8.3,0.3,GANGA,2023-06-30
2023,3115,"RIVER GANGA AT UMA NATH MANDIR,BARH",BIHAR,Ganga,,312.0,1.8,8.15,0.305,GANGA,2023-06-30
2023,10130,"RIVER GANGA U/S OF M/S NTPC, BARH WATER INTAKE POINT, BARH",BIHAR,Ganga,,320.5,1.85,8.4,0.3,GANGA,2023-06-30
2023,10131,"RIVER GANGA D/S OF M/S NTPC, BARH WATER INTAKE POINT,PATHANICHAK, BINDTOLA BARH",BIHAR,Ganga,,279.5,1.85,7.6,0.3,GANGA,2023-06-30
2023,1817,"RIVER GANGA AT MOKAMA (U/S), MAHADEO ASTHAN, PATNA",BIHAR,Ganga,,312.5,1.9,8.35,0.3,GANGA,2023-06-30
2023,1815,"RIVER GANGA AT MOKAMA (D/S), NEAR RAJENDRA BRIDGE , SIMIRIYA GHAT",BIHAR,Ganga,,333.0,1.9,8.45,0.3,GANGA,2023-06-30
2023,3123,"RIVER GANGA AT BARAHIYA, NEPALITOLA, MARANCHI, HATHIDAH AT MOKAMA, PATNA",BIHAR,Ganga,,340.0,1.8,8.15,0.3,GANGA,2023-06-30
2023,3116,RIVER GANGA AT U/S MUNGER KASHATHARNI GHAT,BIHAR,Ganga,,321.0,2.0,,0.3,GANGA,2023-06-30
2023,1818,"RIVER GANGA AT MUNGER D/S, CREAMINATION GHAT",BIHAR,Ganga,,330.0,1.85,8.25,0.3,GANGA,2023-06-30
2023,3117,"RIVER GANGA AT U/S AJGABINATH MANDIR SULTANGANJ, BHAGALPUR",BIHAR,Ganga,,332.5,1.75,8.25,0.3,GANGA,2023-06-30
2023,2554,"RIVER GANGA D/S CREMINATION GHAT AT SULTANGANJ, BHAGALPUR",BIHAR,Ganga,,318.0,1.7,7.949999999999999,0.305,GANGA,2023-06-30
2023,10138,"RIVER GANGA AT CHAMPANAGAR, RASIDPUR, BHAGALPUR",BIHAR,Ganga,,333.0,1.55,,0.3,GANGA,2023-06-30
2023,1819,"RIVER GANGA AT BHAGALPUR, OPP. KUPPA GHAT",BIHAR,Ganga,,341.0,1.95,7.65,0.315,GANGA,2023-06-30
2023,4398,"RIVER GANGA AT WATER INTAKE POINT, BHAGALPUR",BIHAR,Ganga,,,,7.6,0.305,GANGA,2023-06-30
2023,3118,RIVER GANGA AT D/S BHAGALPUR NEAR BARARIGHAT,BIHAR,Ganga,,366.5,3.3,,0.345,GANGA,2023-06-30
2023,1816,"RIVER GANGA, JHAJGHAT AT KAHALGAON",BIHAR,Ganga,,324.0,1.8,7.85,0.3,JHAJGHAT,2023-06-30
2023,10144,RIVER GANGA U/S NEAR LCT GHAT,JHARKHAND,Ganga,,165.0,1.2000000000000002,7.25,0.0,GANGA,2023-06-30
2023,10145,RIVER GANGA D/S NEAR JANTA GHAT,JHARKHAND,Ganga,,178.0,1.25,7.3,0.0,GANGA,2023-06-30
2023,1059,"RIVER GANGA AT RAJMAHAL, BIHAR",JHARKHAND,Ganga,,130.5,1.25,7.0,0.0,GANGA,2023-06-30
2023,10146,RIVER GANGA AT SANGI DALAN,JHARKHAND,Ganga,,173.5,1.2000000000000002,7.15,0.0,GANGA,2023-06-30
2023,5162,"RIVER GANGA AT FARAKKA, MUSHIDABAD",WEST BENGAL,Ganga,,329.5,2.1,7.65,0.64,GANGA,2023-06-30
2023,10160,"RIVER GANGA AT BEHRAMPORE, (GORA BAZAR),MURSHIDABAD",WEST BENGAL,Ganga,,328.0,2.15,7.95,0.515,GANGA,2023-06-30
2023,1080,"RIVER GANGA AT BAHARAMPORE, MURSHIDABAD, WEST BENGAL",WEST BENGAL,Ganga,,329.0,2.05,7.9,0.605,GANGA,2023-06-30
2023,10159,"RIVER GANGA AT BEHRAMPORE(KHAGRA), MURSHIDABAD",WEST BENGAL,Ganga,,326.5,2.15,7.9,0.44999999999999996,GANGA,2023-06-30
2023,2511,"RIVER NABADIP ON GANGA, GHOSHPARA NEAR MONIPURGHAT,NADIA",WEST BENGAL,Ganga,,357.0,1.95,7.4,0.76,GHOSHPARA,2023-06-30
2023,2506,"RIVER TRIBENI ON GANGA, NEAR BURNING GHAT, HOOGHLY",WEST BENGAL,Ganga,,325.5,2.0,7.3999999999999995,0.47,Ganga,2023-06-30
2023,1054,RIVER GANGA AT PALTA WEST BENGAL,WEST BENGAL,Ganga,,338.0,2.15,7.550000000000001,0.575,GANGA,2023-06-30
2023,10161,"RIVER GANGA AT PALTA, SHITALTALA,",WEST BENGAL,Ganga,,362.0,2.15,7.35,0.525,GANGA,2023-06-30
2023,1472,"RIVER GANGA AT SERAMPORE, HOOGHLY,WEST BENGAL",WEST BENGAL,Ganga,,,,7.5,0.655,GANGA,2023-06-30
2023,1053,"RIVER GANGA AT DAKSHMINESHWAR, KOLKATA, WEST BENGAL",WEST BENGAL,Ganga,,340.5,2.8499999999999996,6.25,0.8250000000000001,GANGA,2023-06-30
2023,1471,RIVER GANGA AT HOWRAH-SHIVPUR WEST BENGAL,WEST BENGAL,Ganga,,352.5,3.0,6.4,0.9550000000000001,GANGA,2023-06-30
2023,1470,"RIVER GANGA AT GARDEN REACH, KOLKATA, WEST BENGAL",WEST BENGAL,Ganga,,356.0,2.95,6.4,1.085,GANGA,2023-06-30
2023,1052,nan,"RIVER GANGA AT ULUBERIA , HOWRAH,WEST BENGAL WEST BENGAL",Ganga,,,,5.9,1.1400000000000001,Ganga,2023-06-30
2023,1469,"RIVER GANGA AT DIAMOND HARBOUR, 24 PARGANAS (S)WEST BENGAL",WEST BENGAL,Ganga,,,,6.050000000000001,1.23,GANGA,2023-06-30
2023,1335,RIVER GANGA AT PATIKALI NEAR DURGA CHAK WEST BENGAL,WEST BENGAL,Ganga,,,,6.45,1.095,GANGA,2023-06-30
2023,1492,RIVER YAMUNA AT YAMUNOTRI,UTTARAKHAND,Yamuna,,31.0,1.0,,0.32,YAMUNA,2023-06-30
2023,1493,RIVER YAMUNA AT HANUMANCHATTI,UTTARAKHAND 10.0,Yamuna,,56.0,1.0,,0.33,YAMUNA,2023-06-30
2023,1494,RIVER YAMUNA AT U/S OF LAKHWAR DAM,UTTARAKHAND,Yamuna,,159.5,1.0,,0.45999999999999996,YAMUNA,2023-06-30
2023,30025,RIVER YAMUNA AT DAK PATHER (UTTARAKHAND),UTTARAKHAND 17.0,Yamuna,,207.0,5.0,,0.395,YAMUNA,2023-06-30
2023,1490,"RIVER YAMUNA AT U/S DAKPATHER, DEHRADUN",UTTARAKHAND 10.0,Yamuna,,129.0,1.0,,0.345,YAMUNA,2023-06-30
2023,30027,RIVER YAMUNA AT PONTA SAHIB (H.P),HIMACHAL PRADESH,Yamuna,,326.0,5.0,,0.905,YAMUNA,2023-06-30
2023,1553,RIVER YAMUNA U/S PAONTA SAHIB,HIMACHAL PRADESH,Yamuna,,483.0,1.75,7.35,0.72,YAMUNA,2023-06-30
2023,1554,RIVER YAMUNA D/S PAONTA SAHIB,HIMACHAL PRADESH,Yamuna,,454.5,2.6,7.35,0.72,YAMUNA,2023-06-30
2023,4439,RIVER YAMUNA U/S SUN PHARMACEUTICALS,HIMACHAL PRADESH,Yamuna,,422.0,2.1,7.45,0.73,YAMUNA,2023-06-30
2023,4440,RIVER YAMUNA D/S SUN PHARMACEUTICALS,HIMACHAL PRADESH,Yamuna,,425.5,2.35,7.4,0.46,YAMUNA,2023-06-30
2023,30028,"RIVER YAMUNA AT BURIYA U/S JAGADHARI, MANDOLI, HARYANA",HARYANA,Yamuna,,284.5,,8.350000000000001,,YAMUNA,2023-06-30
2023,30035,RIVER YAMUNA AT HATHNIKUND,HARYANA,Yamuna,,299.0,3.5,8.7,0.93,YAMUNA,2023-06-30
2023,1117,"RIVER YAMUNA AT HATHNIKUND, YAMUNANAGAR",HARYANA,Yamuna,,567.0,2.6,7.3,0.3,YAMUNA,2023-06-30
2023,1496,"RIVER YAMUNA AT KALANAUR, YAMUNA NAGAR",HARYANA,Yamuna,,582.0,3.6,6.95,0.3,YAMUNA,2023-06-30
2023,4914,"RIVER YAMUNA AT MANGLAURA, KARNAL",HARYANA,Yamuna,,551.0,,6.5,,YAMUNA,2023-06-30
2023,30032,"RIVER YAMUNA AT SONAULI ROAD, SHAMLI BORDER , PANIPAT (HARYANA)",HARYANA,Yamuna,,317.0,3.5,,1.0899999999999999,YAMUNA,2023-06-30
2023,10004,RIVER YAMUNA AT KHOJKIPUR PANIPAT,HARYANA,Yamuna,,589.0,4.0,5.6,0.3,YAMUNA,2023-06-30
2023,30029,"RIVER YAMUNA AT SONIPAT, BAGHPAT ROAD(HARYANA)",HARYANA,Yamuna,,459.5,4.5,7.449999999999999,1.325,YAMUNA,2023-06-30
2023,1119,RIVER YAMUNA AT SONEPAT,HARYANA,Yamuna,,272.5,3.6,6.9,0.31,YAMUNA,2023-06-30
2023,10005,"RIVER YAMUNA AT PALLA,SONEPAT",HARYANA,Yamuna,,,,6.5,0.15,YAMUNA,2023-06-30
2023,10006,RIVER YAMUNA AT PALLA,DELHI,Yamuna,,,,,,YAMUNA,2023-06-30
2023,30026,RIVER YAMUNA AT PALLA (DELHI),DELHI,Yamuna,,,,7.699999999999999,,YAMUNA,2023-06-30
2023,1120,"RIVER YAMUNA AT PALLA, DELHI",DELHI,Yamuna,,,2.0,,0.0,YAMUNA,2023-06-30
2023,5098,RIVER YAMUNA AT WAZIRABAD,DELHI,Yamuna,,,6.9,6.1,0.0,YAMUNA,2023-06-30
2023,5099,RIVER YAMUNA AT ISBT BRIDGE,DELHI,Yamuna,,,,1.65,,YAMUNA,2023-06-30
2023,5100,RIVER YAMUNA AT ITO BRIDGE,DELHI,Yamuna,,,,2.1999999999999997,,YAMUNA,2023-06-30
2023,1121,"RIVER YAMUNA AT NIZAMUDDIN, DELHI",DELHI,Yamuna,,,,1.4,,YAMUNA,2023-06-30
2023,1375,"RIVER YAMUNA AT OKHLA BRIDGE (INLET OF AGRA CANAL), DELHI",DELHI,Yamuna,,,,1.05,,YAMUNA,2023-06-30
2023,1812,"RIVER YAMUNA AT OKHLA AFTER MEETING OF SHAHDARA DRAIN, DELHI",DELHI,Yamuna,,,,0.7000000000000001,,YAMUNA,2023-06-30
2023,30030,"RIVER YAMUNA AT ASGARPUR VILLAGE,(YAMUNA GHAT)U.P",UTTAR PRADESH,Yamuna,,,,2.85,,YAMUNA,2023-06-30
2023,30031,RIVER YAMUNA AT HASANPUR,HARYANA,Yamuna,,,,3.15,,YAMUNA,2023-06-30
2023,2493,RIVER YAMUNA AT SHAHPUR,UTTAR PRADESH,Yamuna,,713.0,,5.7,,YAMUNA,2023-06-30
2023,2495,"RIVER YAMUNA AT KESIGHAT, VRINDAVAN",UTTAR PRADESH,Yamuna,,628.0,,5.7,,YAMUNA,2023-06-30
2023,1123,"RIVER YAMUNA AT MATHURA U/S ,NEAR GAUGHAT U.P.",UTTAR PRADESH,Yamuna,,585.5,,5.6,,YAMUNA,2023-06-30
2023,2494,"RIVER YAMUNA AT VISHRAMGHAT, MATHURA",UTTAR PRADESH,Yamuna,,612.0,,5.5,,YAMUNA,2023-06-30
2023,1124,"RIVER YAMUNA AT MATHURA D/S , NEAR SHAMSHAN GHAT U.P.",UTTAR PRADESH,Yamuna,,643.0,,5.2,,YAMUNA,2023-06-30
2023,1125,"RIVER YAMUNA AT AGRA U/S, U.P.(KAILASH GHAT)",UTTAR PRADESH,Yamuna,,,,7.5,,YAMUNA,2023-06-30
2023,1126,"RIVER YAMUNA AT D/S OF AGRA, U.P.",UTTAR PRADESH,Yamuna,,,,6.8,,YAMUNA,2023-06-30
2023,1498,"RIVER YAMUNA AT BATESWAR, U.P",UTTAR PRADESH,Yamuna,,,,6.6,0.0,YAMUNA,2023-06-30
2023,10081,RIVER YAMUNA AT ETAWAH D/S,UTTAR PRADESH,Yamuna,,,,6.1,,YAMUNA,2023-06-30
2023,10082,RIVER YAMUNA AT UDI,UTTAR PRADESH,Yamuna,,,,5.7,,YAMUNA,2023-06-30
2023,1127,"RIVER YAMUNA AT ETAWAH, U.P.",UTTAR PRADESH,Yamuna,,,,5.6,,YAMUNA,2023-06-30
2023,1499,"RIVER YAMUNA AT JUHIKA B/C WITH CHANBAL, ETAWAH, U.P",UTTAR PRADESH,Yamuna,,,,6.800000000000001,,YAMUNA,2023-06-30
2023,30034,RIVER YAMUNA AT ETAWAH,UTTAR PRADESH,Yamuna,,,,7.75,,YAMUNA,2023-06-30
2023,30033,"RIVER YAMUNA A/C OF CHAMBAL AT SHERGARH, JUHIKA (U.P)",UTTAR PRADESH,Yamuna,,,,8.05,3.105,YAMUNA A/C OF CHAMBAL,2023-06-30
2023,2283,RIVER YAMUNA AT HAMIRPUR,UTTAR PRADESH,Yamuna,,753.5,3.9000000000000004,6.0,0.0,YAMUNA,2023-06-30
2023,1069,"RIVER YAMUNA AT PRAYAGRAJ D/S (BALUA GHAT), U.P.",UTTAR PRADESH,Yamuna,,357.5,2.6,7.6,0.615,YAMUNA,2023-06-30
2023,1510,RIVER TONS AT TIUNI (HIMACHAL PRADESH/UTTRA KHAND BORDER),HIMACHAL PRADESH,Yamuna,,70.0,1.0,8.600000000000001,0.8150000000000001,TONS,2023-06-30
2023,30023,RIVER TONS AT HARIPUR (U.K.),UTTARAKHAND 16.5,Yamuna,,219.5,,,,TONS,2023-06-30
2023,4027,RIVER GIRI D/S RAJGARH TOWN,HIMACHAL PRADESH,Yamuna,,356.5,1.65,8.1,0.775,GIRI,2023-06-30
2023,4028,"RIVER GIRI D/S KALGIDHAR TRUST, BARU SAHIB",HIMACHAL PRADESH,Yamuna,,358.5,1.6500000000000001,7.949999999999999,0.745,GIRI,2023-06-30
2023,2621,RIVER GIRI AT D/S YASHWANT NAGAR AFTER CONF. WITH ASHWANI KHAD AT YASHWANT NAGAR- NEAR SHANI MANDIR,HIMACHAL PRADESH,Yamuna,,291.0,1.0,7.75,4.21,GIRI,2023-06-30
2023,3876,RIVER GIRI AFTER CONFLUENCE OF ASHWANI RIVER AT VILLAGE MARYOG,HIMACHAL PRADESH,Yamuna,,327.0,1.0,8.45,2.785,GIRI AFTER CONFLUENCE OF ASHWANI RIVER,2023-06-30
2023,2622,RIVER GIRI AT U/S CCI MINES AT VILLAGE NADI,HIMACHAL PRADESH,Yamuna,,637.5,1.8,7.55,0.72,GIRI,2023-06-30
2023,2623,RIVER GIRI D/S SATAUN,HIMACHAL PRADESH,Yamuna,,617.5,2.1500000000000004,7.5,1.57,GIRI,2023-06-30
2023,3877,RIVER GIRI U/S LWSS AT SAINJ,HIMACHAL PRADESH,Yamuna,,179.0,1.0,7.6,1.435,GIRI,2023-06-30
2023,3878,RIVER GIRI D/S LWSS AT SAINJ,HIMACHAL PRADESH,Yamuna,,180.0,1.0,7.65,1.405,GIRI,2023-06-30
2023,3860,"RIVER GIRI D/S CEMENT CORPORATION OF INDIA, RAJBAN AT BANGRAN BRIDGE",HIMACHAL PRADESH,Yamuna,,644.5,1.9,7.55,0.64,GIRI,2023-06-30
2023,4427,RIVER GIRI U/S CHAILLA,HIMACHAL PRADESH,Yamuna,,159.5,1.0,7.8500000000000005,1.47,GIRI,2023-06-30
2023,4441,RIVER GIRI U/S PROPOSED SITE OF SRI RENUKAJI DAM SITE.,HIMACHAL PRADESH,Yamuna,,380.5,1.65,7.85,0.74,GIRI,2023-06-30
2023,4442,RIVER GIRI D/S PROPOSED SITE OF SRI RENUKAJI DAM SITE NEAR BRIDGE AT DADAHU- RENUKAJI,HIMACHAL PRADESH,Yamuna,,376.0,1.85,7.8999999999999995,0.735,GIRI,2023-06-30
2023,4473,RIVER GIRI D/S PROPOSED SITE OF RENUKA DAM,HIMACHAL PRADESH,Yamuna,,,,7.55,0.75,GIRI,2023-06-30
2023,5292,"RIVER GIRI AT NIHARI, KOTKHAL",HIMACHAL PRADESH,Yamuna,,167.5,1.0,8.15,1.455,GIRI,2023-06-30
2023,5764,RIVER GIRI B/C WITH ASHWANI KHAD U/S OF WSS YASHWANT NAGAR,HIMACHAL PRADESH,Yamuna,,343.0,1.1,8.1,3.4050000000000002,GIRI B/C WITH ASHWANI KHAD,2023-06-30
2023,2617,RIVER PABBAR AT U/S DHAMBARI,HIMACHAL PRADESH,Yamuna,,93.5,1.0,8.6,2.0949999999999998,PABBAR,2023-06-30
2023,2618,RIVER PABBAR AT U/S ROHRU,HIMACHAL PRADESH,Yamuna,,79.5,1.0,8.5,0.8,PABBAR,2023-06-30
2023,2619,RIVER PABBAR D/S SWARAKUDDU,HIMACHAL PRADESH,Yamuna,,84.5,1.0,8.3,0.8400000000000001,PABBAR,2023-06-30
2023,4039,RIVER PABBAR U/S HATKOTI,HIMACHAL PRADESH,Yamuna,,71.5,1.0,7.949999999999999,0.8150000000000001,PABBAR,2023-06-30
2023,5488,RIVER PABBAR AT HATKOTI RESERVOIR,HIMACHAL PRADESH,Yamuna,,70.0,1.0,6.7,0.9149999999999999,PABBAR,2023-06-30
2023,5767,RIVER ANDHRA B/C TO RIVER PABBAR AT CHIRGAON,HIMACHAL PRADESH,Yamuna,,89.0,1.0,8.149999999999999,0.49,ANDHRA B/C TO RIVER PABBAR,2023-06-30
2023,2620,ASHWANI KHAD U/S OF YASHWANT NAGAR BEFORE CONF. WITH RIVER GIRI AT YASHWANT NAGAR,HIMACHAL PRADESH,Yamuna,,389.0,1.2,7.6,,GIRI,2023-06-30
2023,2626,RIVER BATTA U/S PAONTA AT KISHANPURA,HIMACHAL PRADESH,Yamuna,,447.0,1.85,7.449999999999999,0.72,BATTA,2023-06-30
2023,2627,RIVER BATTA BEFORE CONFLUENCE TO YAMUNA,HIMACHAL PRADESH,Yamuna,,428.5,1.9,7.3500000000000005,0.715,Yamuna,2023-06-30
2023,4428,ASHWANI KHAD U/S OF WEIR SITE OF WTP NEAR ASHWANI BRIDGE,HIMACHAL PRADESH,Yamuna,,251.5,2.05,7.85,,KHAD,2023-06-30
2023,4429,ASHWANI KHAD AFTER CONFLUENCE OF LIFT NALLAH NEAR DOGRHA BRIDGE,HIMACHAL PRADESH,Yamuna,,287.5,3.9,7.55,3.8200000000000003,NALLAH,2023-06-30
2023,4461,"ASHWANI KHAD D/S OF VILLAGE SADHUPIL, TEHSIL KANDAGHAT, DISTRICT SOLAN.",HIMACHAL PRADESH,Yamuna,,348.0,1.0,,3.835,KHAD,2023-06-30
2023,4479,ASHWANI KHAD U/S OF SADHUPUL VILLAGE (NEARBY 800 METERS U/S OF THE BRIDGE),HIMACHAL PRADESH,Yamuna,,457.0,1.0,,4.495,KHAD,2023-06-30
2023,4431,SHIKARI KHAD BEFORE CONFLUENCE TO RIVER PABBAR NEAR HRTC ROHRU BUS STAND,HIMACHAL PRADESH,Yamuna,,197.0,1.4,7.4,1.1099999999999999,PABBAR,2023-06-30
2023,30037,RIVER BANGANGA AT U/S IDRISHPUR (U.K.),UTTARAKHAND 21.6,Yamuna,,490.0,2.35,3.6,0.685,BANGANGA,2023-06-30
2023,30038,RIVER BANGANGA AT D/S SHUKRATAL (BEFORE CONFLUENCE OF LAKSAR DRAIN ),UTTAR PRADESH,Yamuna,,438.5,1.8,6.4,0.985,BANGANGA,2023-06-30
2023,10099,RIVER HINDON AT MAHESHPUR D/S,UTTAR PRADESH,Yamuna,,,,1.4,,HINDON,2023-06-30
2023,10102,RIVER HINDON AT MOHAN NAGAR U/S,UTTAR PRADESH,Yamuna,,,,2.85,,HINDON,2023-06-30
2023,10103,RIVER HINDON AT MOHAN NAGAR D/S,UTTAR PRADESH,Yamuna,,,,4.3,,HINDON,2023-06-30
2023,10106,RIVER HINDON AT GHAZIABAD U/S,UTTAR PRADESH,Yamuna,,,,3.3,,HINDON,2023-06-30
2023,10100,RIVER HINDON AT BARNAWA U/S,UTTAR PRADESH,Yamuna,,,,0.3,,HINDON,2023-06-30
2023,10101,RIVER HINDON AT BARNAWA D/S,UTTAR PRADESH,Yamuna,,,,0.3,,HINDON,2023-06-30
2023,1483,"RIVER HINDON AFTER CONFL. WITH R. KRISHNA & KALI NEAR BINAULI TOWN, PURA MAHADEV, MEERUT, U.P.",UTTAR PRADESH,Yamuna,,,,0.3,,KALI,2023-06-30
2023,2496,"RIVER HINDON AT SARDHANA BUDHANA ROAD, VILLAGE BAPARSI, MEERUT",UTTAR PRADESH,Yamuna,,,,0.3,,HINDON,2023-06-30
2023,1357,"RIVER HINDON AT SAHARANPUR D/S, AT MAHESHPUR .DEOBAND U.P.",UTTAR PRADESH,Yamuna,,,,,,HINDON,2023-06-30
2023,1358,"RIVER HINDON AT GHAZIABAD D/S KULESHRA GB NAGAR, U.P.",UTTAR PRADESH,Yamuna,,,,4.550000000000001,,HINDON,2023-06-30
2023,10104,RIVER HINDON AT NOIDA U/S,UTTAR PRADESH,Yamuna,,,,2.75,,HINDON,2023-06-30
2023,10105,RIVER HINDON AT NOIDA D/S,UTTAR PRADESH,Yamuna,,,,2.95,,HINDON,2023-06-30
2023,1477,RIVER KALINADI AT U/S OF MUZAFFAR NAGAR U.P.,UTTAR PRADESH,Yamuna,,,,3.15,,KALINADI,2023-06-30
2023,1478,"RIVER KALINADI AT D/S OF MUZAFFAR NAGAR, U.P.",UTTAR PRADESH,Yamuna,,,,0.3,,KALINADI,2023-06-30
2023,4606,RIVER KEN NEAR ROAD BRIDGE AT PANNA,MADHYA PRADESH,Yamuna,,291.5,1.6,7.8,0.9750000000000001,KEN,2023-06-30
2023,1356,"RIVER BETWA BEFORE CONF. YAMUNA AT HAMIRPUR, U.P.",UTTAR PRADESH,Yamuna,,,,6.5,0.0,YAMUNA,2023-06-30
2023,30079,"RIVER BETWA DOWNSTREAM AT SUKMA-DUKMA DAM, DIST-JHANSI (U.P.)",UTTAR PRADESH,Yamuna,,413.0,1.25,7.95,0.32,BETWA DOWNSTREAM,2023-06-30
2023,30080,"RIVER BETWA AT KANJIA ROAD BRIDGE, KANJIA DIST.ASHOK NAGAR (M.P.)",MADHYA PRADESH,Yamuna,,496.5,2.3,,0.32,BETWA,2023-06-30
2023,1614,"RIVER BETWA NEAR WATER SUPPLY INTAKE WELL , VIDISHA( M.P)",MADHYA PRADESH,Yamuna,,470.0,1.95,,4.755,BETWA,2023-06-30
2023,1614,"RIVER BETWA NEAR WATER SUPPLY INTAKE WELL , VIDISHA( M.P)",MADHYA PRADESH,Yamuna,,470.0,1.95,,4.755,BETWA,2023-06-30
2023,2107,"RIVER BETWA AT U/S AT MAHUTA GHAT, AGASOD, BINA",MADHYA PRADESH,Yamuna,,389.5,1.4,7.8,0.8500000000000001,BETWA,2023-06-30
2023,2108,"RIVER BETWA AT M/S J.P. THERMAL POWER, BINA",MADHYA PRADESH,Yamuna,,383.0,1.45,7.35,0.8899999999999999,BETWA,2023-06-30
2023,2119,"RIVER BETWA AT NAYAPUR D/S MANDIDEEP INDL. AREA NO.1,DIST.RAISEN",MADHYA PRADESH,Yamuna,,,,6.0,5.455,BETWA,2023-06-30
2023,2121,"RIVER BETWA NEAR ROAD BRIDGE, BHOJPUR",MADHYA PRADESH,Yamuna,,494.5,2.1,7.800000000000001,3.79,BETWA,2023-06-30
2023,2122,RIVER BETWA NEAR W/S INTAKE WELL POINT RAISEN,MADHYA PRADESH,Yamuna,,487.0,1.7999999999999998,7.75,2.47,BETWA,2023-06-30
2023,2124,"RIVER BETWA AT CHARANTIRGHAT, VIDISHA",MADHYA PRADESH,Yamuna,,565.5,,,,BETWA,2023-06-30
2023,2125,RIVER BETWA D/S AFTER MIXING OF RIVER BAIS AT VIDISHA,MADHYA PRADESH,Yamuna,,588.5,2.85,,,BETWA,2023-06-30
2023,3832,RIVER BETWA AT U/S NEAR ROAD BRIDGE ORCHHA,MADHYA PRADESH,Yamuna,,347.0,1.55,8.2,0.345,BETWA,2023-06-30
2023,2953,"RIVER KALI SINDH AT ANICUT OF M/S CFCL GADEPAN, KOTA, RAJASTHAN",RAJASTHAN,Yamuna,,591.0,1.75,5.5,1.77,KALI SINDH,2023-06-30
2023,2956,"RIVER KALI SINDH AT BAROD ROAD BRIDGE, KOTA, RAJASTHAN",RAJASTHAN,Yamuna,,,,5.25,2.425,KALI SINDH,2023-06-30
2023,3310,"RIVER CHAMLA AT W/S INTAKE POINT BADNAGAR, UJJAIN",MADHYA PRADESH,Yamuna,,422.5,1.9,7.3,0.66,CHAMLA,2023-06-30
2023,3313,"RIVER KARIYARI U/S NEAR M/S UTCL BELA CEMENT PLANT,VILL.SONARA , REWA,",MADHYA PRADESH,Yamuna,,458.0,1.3,7.15,0.855,KARIYARI,2023-06-30
2023,3314,"RIVER KARIYARI,D/S, NEAR M/S J.P. CEMENT,VILL.NAUBASTA, REWA",MADHYA PRADESH,Yamuna,,512.5,1.55,6.949999999999999,0.925,Yamuna,2023-06-30
2023,3319,"RIVER NEWAJ AT W/S INTAKE POINT, SHUJALPUR, UJJAIN",MADHYA PRADESH,Yamuna,,382.0,1.9,7.0,1.575,NEWAJ,2023-06-30
2023,3320,"RIVER NEWAJ U/S NEAR W/S INTAKE POINT, RAJGARH",MADHYA PRADESH,Yamuna,,343.5,1.65,,,NEWAJ,2023-06-30
2023,3833,"RIVER BEBUS AT RAJGHAT DAM, SAGAR",MADHYA PRADESH,Yamuna,,339.0,1.5,6.949999999999999,0.585,BEBUS,2023-06-30
2023,5538,"RIVER KALIASOT DAM OUTLATE NEAR DAM GATE,BHOPAL",MADHYA PRADESH,Yamuna,,243.0,1.6,7.15,2.495,KALIASOT DAM OUTLATE,2023-06-30
2023,5539,"RIVER KHAN RAMWASA STOP DAM,UJJAIN",MADHYA PRADESH,Yamuna,,,,6.45,,Yamuna,2023-06-30
2023,5540,"RIVER MANDAKINI , ORIGIN POINT SATI ANSUIYA ,CHITRAKOOT",MADHYA PRADESH,Yamuna,,,,5.4,0.0,Yamuna,2023-06-30
2023,5544,"RIVER CHAMBAL PALI NEAR ROAD BRIDGE ,SHEOPUR",MADHYA PRADESH,Yamuna,,455.0,1.5,7.45,1.47,CHAMBAL PALI,2023-06-30
2023,2955,"RIVER CHAMBAL ENTERING IN RAJASTHAN AT GANDHI SAGAR DAM, RAWATBHATA,CHITTORGARH",RAJASTHAN,Yamuna,,535.0,2.6,5.15,2.205,CHAMBAL ENTERING IN RAJASTHAN,2023-06-30
2023,1288,"RIVER CHAMBAL AT KOTA U/S (PHED INTAKE POINT. NEAR KOTA BARRAGE), RAJASTHAN",RAJASTHAN,Yamuna,,410.0,1.15,6.05,0.9199999999999999,CHAMBAL,2023-06-30
2023,1289,"RIVER CHAMBAL AT RANGPUR KOTA D/S (2 KM. FROM CITY), RAJASTHAN",RAJASTHAN,Yamuna,,641.0,2.05,5.0,1.77,CHAMBAL,2023-06-30
2023,10029,"RIVER CHAMBAL AT KESHORAIPATAN U/S, NEAR SHRI RAJESHWAR MAHADEV TEMPLE, BUNDI",RAJASTHAN,Yamuna,,663.5,2.0,5.199999999999999,2.35,CHAMBAL,2023-06-30
2023,10030,"RIVER CHAMBAL AT KESHORAIPATTAN D/S NEAR AMBEDKAR NAGAR, BUNDI",RAJASTHAN,Yamuna,,,,4.699999999999999,3.04,CHAMBAL,2023-06-30
2023,4769,"RIVER CHAMBAL, NEAR CHAMBAL BRIDGE, DHOLPUR TO MURENA ROAD, NH-3",RAJASTHAN,Yamuna,,572.5,2.05,5.5,3.135,Yamuna,2023-06-30
2023,30086,"RIVER CHAMBAL AT GWALIOR ROAD BRIDGE, UDI, ETAWAH DIST.",UTTAR PRADESH,Yamuna,,503.0,4.1,8.350000000000001,0.51,CHAMBAL,2023-06-30
2023,30060,RIVER CHAMBAL AT FISH FARM NEAR GANDHISAGAR DAM (MP & RJASTHAN),MADHYA PRADESH,Yamuna,,309.5,1.9,,0.41500000000000004,CHAMBAL,2023-06-30
2023,1418,"RIVER CHAMBAL AT GANDHI SAGAR DAM, RAMPURA, M.P",MADHYA PRADESH,Yamuna,,314.0,1.9,7.45,0.72,CHAMBAL,2023-06-30
2023,1365,RIVER CHAMBAL AT NAGDA U/S (WATER INTAKE POINT) M.P.,MADHYA PRADESH,Yamuna,,656.0,1.9,7.4,0.855,CHAMBAL,2023-06-30
2023,1366,"RIVER CHAMBAL AT NAGDA D/S, M.P.",MADHYA PRADESH,Yamuna,,,,3.9499999999999997,,CHAMBAL,2023-06-30
2023,1609,"RIVER CHAMBAL AT DHOLPUR,",MADHYA PRADESH,Yamuna,,516.5,1.65,7.55,1.075,CHAMBAL,2023-06-30
2023,3308,"RIVER CHAMBAL AT JANAPAWA, FROM ORIGIN POINT, INDORE",MADHYA PRADESH,Yamuna,,399.5,1.05,7.050000000000001,1.775,CHAMBAL,2023-06-30
2023,4607,RIVER CHAMBAL AT ITAWA ROAD BRIDGE BHIND,MADHYA PRADESH,Yamuna,,490.0,1.65,7.6,0.85,CHAMBAL,2023-06-30
2023,4610,RIVER CHAMBAL AT 100M D/S OF GANDHI SAGAR DAM. MANDSAUR,MADHYA PRADESH,Yamuna,,341.0,1.9,7.4,0.765,CHAMBAL,2023-06-30
2023,2954,"RIVER PARVATI BEFORE MEETING CHAMBAL AT KHATOLI, KOTA, RAJASTHAN",RAJASTHAN,Yamuna,,,,5.25,1.87,PARVATI BEFORE MEETING CHAMBAL,2023-06-30
2023,2109,"RIVER PARVATI AT NEEMKHEDI, GUNA",MADHYA PRADESH,Yamuna,,400.5,1.75,7.9,0.86,PARVATI,2023-06-30
2023,2126,"RIVER PARVATI D/S AFTER VINDHYACHAL NALLA AT PILUKHEDI,RAJGARH",MADHYA PRADESH,Yamuna,,543.0,2.8,,,PARVATI,2023-06-30
2023,1432,"RIVER PARVATI NEAR VILLAGE BATAODAPAR, M.P.",MADHYA PRADESH,Yamuna,,388.5,1.75,7.75,1.165,PARVATI,2023-06-30
2023,1367,RIVER KHAN AT KABIT KHEDI (NEAR INDORE) M.P.,MADHYA PRADESH,Yamuna,,,,0.3,,KHAN,2023-06-30
2023,2110,"RIVER KHAN AT SAKKAR KHADI, INDORE",MADHYA PRADESH,Yamuna,,,,0.3,,KHAN,2023-06-30
2023,2111,RIVER KHAN AT SANWER,MADHYA PRADESH,Yamuna,,,,5.2,2.205,KHAN,2023-06-30
2023,1372,"RIVER MANDAKINI AT CHITRAKUT, M.P.",MADHYA PRADESH,Yamuna,,,,5.949999999999999,0.0,MANDAKINI,2023-06-30
2023,1369,"RIVER KSHIPRA AT RAMGHAT AT UJJAIN, M.P.",MADHYA PRADESH,Yamuna,,,,7.0,,KSHIPRA,2023-06-30
2023,1370,"RIVER KSHIPRA AT TRIVENISANGAM (1 KM. D/S OF SANGAM), M.P.",MADHYA PRADESH,Yamuna,,,,7.3,1.13,KSHIPRA,2023-06-30
2023,1468,"RIVER KSHIPRA AT SIDDHAWAT (D/S) OF UJJAIN., M.P.",MADHYA PRADESH,Yamuna,,,,7.199999999999999,,KSHIPRA,2023-06-30
2023,3315,"RIVER KSHIPRA AT GAUGHAT, UJJAIN",MADHYA PRADESH,Yamuna,,,,7.25,1.28,KSHIPRA,2023-06-30
2023,3316,"RIVER KSHIPRA AT U/S OF MAHIDPUR CITY, UJJAIN",MADHYA PRADESH,Yamuna,,,,7.4,0.66,KSHIPRA,2023-06-30
2023,3317,"RIVER KSHIPRA AT W/S INTAKE POINT OF DEWAS, UJJAIN",MADHYA PRADESH,Yamuna,,436.5,1.9,7.35,0.8049999999999999,KSHIPRA,2023-06-30
2023,2379,RIVER NALKARI TRIBUTARY AT PATRATU,JHARKHAND,Yamuna,,,1.9500000000000002,7.4,0.0,NALKARI TRIBUTARY,2023-06-30
2023,2724,"RIVER SUSWA AT MATHURAWALA, DEHRADUN",UTTARAKHAND 15.0,Yamuna,,,,2.7,,SUSWA,2023-06-30
2023,2734,"RIVER BHELLA U/S OF KASHIPUR,US NAGAR",UTTARAKHAND 13.0,Yamuna,,248.5,2.5,6.65,0.59,BHELLA,2023-06-30
2023,2735,"RIVER BHELLA D/S OF LOHIYA BRIDGE KASHIPUR,US NAGAR",UTTARAKHAND 13.0,Yamuna,,,,2.9000000000000004,,BHELLA,2023-06-30
2023,2732,"RIVER DHELLA U/S AT KASHIPUR MORADABAD ROAD BRIDGE,US NAGAR",UTTARAKHAND 13.0,Yamuna,,416.0,2.8,6.8,0.58,DHELLA,2023-06-30
2023,2733,"RIVER DHELLA D/S AT THAKURDWARA ALIGANJ ROAD,US NAGAR",UTTARAKHAND 12.0,Yamuna,,,,2.65,,DHELLA,2023-06-30
2023,30004,RIVER DHELA AT ADAMPUR,UTTARAKHAND 20.6,Yamuna,,525.5,4.05,6.4,0.345,DHELA,2023-06-30
2023,2731,"RIVER KOSI AT KASHIPUR BAJPUR ROAD BRIDGE,KASHIPUR,US NAGAR",UTTARAKHAND 13.0,Yamuna,,419.5,2.9,7.3,0.495,KOSI,2023-06-30
2023,30002,"RIVER KOSI AT DADIYAL BRIDGE, UTTRAKHAND",UTTARAKHAND 21.0,Yamuna,,504.5,1.9,7.5,0.61,KOSI,2023-06-30
2023,2728,RIVER GOLA AT HALDWANI,UTTARAKHAND 13.0,Yamuna,,255.0,1.9,8.100000000000001,0.36,GOLA,2023-06-30
2023,2729,RIVER KICHHA AT KICHHA U.S. NAGAR,UTTARAKHAND 12.0,Yamuna,,468.5,5.4,6.0,0.44,KICHHA,2023-06-30
2023,30003,RIVER KICCHA AT PULL BHATTA,UTTARAKHAND 20.2,Yamuna,,,,3.25,,KICCHA,2023-06-30
2023,2730,"RIVER PILKHAR AT BILASPUR, RAMPUR,US NAGAR",UTTARAKHAND 12.0,Yamuna,,569.5,,4.8,,PILKHAR,2023-06-30
2023,30000,"RIVER PILKHAR AT RAMPUR, BHOT(U.P)",UTTAR PRADESH,Yamuna,,433.0,1.7,7.4,0.65,PILKHAR,2023-06-30
2023,30001,"RIVER BAHELA AT BADLI VILLAGE LOHIYA BRIDGE , TANDA (U.P.)",UTTAR PRADESH,Yamuna,,466.0,,4.6000000000000005,,BAHELA,2023-06-30
2023,2736,"RIVER NANDOUR U/S AT SITARGANJ INDUSTRIAL AREA, US NAGAR",UTTARAKHAND 12.0,Yamuna,,192.5,1.9000000000000001,8.2,0.42,NANDOUR,2023-06-30
2023,2737,"RIVER NANDOUR D/S AT SITARGANJ INDUSTRIAL AREA, US NAGAR",UTTARAKHAND 12.0,Yamuna,,259.5,2.7,7.75,0.6,NANDOUR,2023-06-30
2023,3438,"RIVER KALYANI U/S OF PANTNAGAR INDUSRIAL AREA, US NAGAR",UTTARAKHAND 13.0,Yamuna,,402.0,2.7,6.1,0.44500000000000006,KALYANI,2023-06-30
2023,3439,"RIVER KALYANI D/S OF PANTNAGAR INDUSTRIAL AREA, US NAGAR",UTTARAKHAND 12.0,Yamuna,,,,3.0,,KALYANI,2023-06-30
2023,30077,"RIVER RAMGANGA AT ROAD BRIDGE SHERKOT, DIST.BIJNAUR (U.P.)",UTTAR PRADESH,Yamuna,,475.5,2.2,7.8,0.33999999999999997,RAMGANGA,2023-06-30
2023,30078,"RIVER RAMGANGA AT KALAGARHBARRAGE,KALAGARH,DIST,PAUDHIGADHWAL (U.K.)",UTTARAKHAND 21.5,Yamuna,,380.0,5.35,8.45,,RAMGANGA,2023-06-30
2023,30077,"RIVER RAMGANGA AT ROAD BRIDGE SHERKOT, DIST.BIJNAUR (U.P.)",UTTAR PRADESH,Yamuna,,475.5,2.2,7.8,0.33999999999999997,RAMGANGA,2023-06-30
2023,1064,"RIVER RAMGANGA AT KANNAUJ (BEFORE CONF.), U.P",UTTAR PRADESH,Yamuna,,422.5,4.699999999999999,,0.0,RAMGANGA,2023-06-30
2023,1065,"RIVER KALINADI NEAR GUMATIYA VILLAGE ,KANNAUJ (BEFORE CONF.), U.P",UTTAR PRADESH,Yamuna,,368.0,5.7,7.05,0.0,KALINADI,2023-06-30
2023,1480,"RIVER KALINADI AT U/S OF GULAOTHI TOWN IN BULANDSAHAR, U.P.",UTTAR PRADESH,Yamuna,,,,0.3,,KALINADI,2023-06-30
2023,2497,"RIVER KALI EAST AT KHARKHODA-PARIKSHIT GARH ROAD, VILL. KOL, MEERUT",UTTAR PRADESH,Yamuna,,,,0.3,,KALI EAST,2023-06-30
2023,2482,"RIVER VARUNA AT RAMESHWAR, VARANASI",UTTAR PRADESH,Yamuna,,396.0,3.3,7.6499999999999995,0.78,VARUNA,2023-06-30
2023,2483,RIVER VARUNA B/C WITH GANGA AT VARANASI,UTTAR PRADESH,Yamuna,,594.0,,3.9,,VARUNA B/C WITH GANGA,2023-06-30
2023,2502,"SHUKRA TAL GHAT (CONFLUENCE OF BANGANGA AND SALONI RIVER), MUZAFFARNAGAR,",UTTAR PRADESH,Yamuna,,155.0,2.3,6.4,0.0,Yamuna,2023-06-30
2023,1361,"RIVER SAI AT UNNAO AFTER DRAIN OUTFALL, U.P.",UTTAR PRADESH,Yamuna,,427.5,3.65,5.75,0.84,SAI,2023-06-30
2023,2484,"RIVER SAI AT JALALPUR, JAUNPUR",UTTAR PRADESH,Yamuna,,381.0,2.9,7.949999999999999,0.7350000000000001,SAI,2023-06-30
2023,1072,"RIVER GOMTI AT VARANASI, RAJWARI U.P",UTTAR PRADESH,Yamuna,,401.0,3.5,7.9,0.9500000000000001,GOMTI,2023-06-30
2023,1350,"RIVER GOMTI AT SITAPUR U/S DADNAMAU GHAT, U.P.",UTTAR PRADESH,Yamuna,,330.0,3.2,,0.81,GOMTI,2023-06-30
2023,1351,"RIVER GOMTI AT LUCKNOW U/S AT WATER INTAKE POINT, U.P.",UTTAR PRADESH,Yamuna,,411.5,3.45,,0.745,GOMTI,2023-06-30
2023,1352,"RIVER GOMTI AT LUCKNOW D/S PIPRAGHAT , U.P.",UTTAR PRADESH,Yamuna,,,,1.65,,GOMTI,2023-06-30
2023,1353,"RIVER GOMTI AT JAUNPUR D/S, U.P.",UTTAR PRADESH,Yamuna,,406.0,3.75,7.5,1.01,GOMTI,2023-06-30
2023,10083,RIVER GOMTI AT NEEMSAR U/S,UTTAR PRADESH,Yamuna,,338.0,2.45,,0.65,GOMTI,2023-06-30
2023,10084,RIVER GOMTI AT NEEMSAR D/S,UTTAR PRADESH,Yamuna,,351.0,2.75,,0.6799999999999999,GOMTI,2023-06-30
2023,10085,RIVER GOMTI AT BHATPUR U/S,UTTAR PRADESH,Yamuna,,366.0,2.9,,1.37,GOMTI,2023-06-30
2023,10086,RIVER GOMTI AT BHATPUR D/S,UTTAR PRADESH,Yamuna,,386.0,3.25,,1.51,GOMTI,2023-06-30
2023,10087,RIVER GOMTI AT GAUGHAT U/S,UTTAR PRADESH,Yamuna,,399.0,3.45,,0.755,GOMTI,2023-06-30
2023,10088,RIVER GOMTI AT GAUGHAT D/S,UTTAR PRADESH,Yamuna,,425.0,3.6500000000000004,,0.8799999999999999,GOMTI,2023-06-30
2023,10089,RIVER GOMTI AT MOHMEAK U/S,UTTAR PRADESH,Yamuna,,556.0,,3.2,,GOMTI,2023-06-30
2023,10090,RIVER GOMTI AT MOHMEAK D/S,UTTAR PRADESH,Yamuna,,572.5,,2.6500000000000004,,GOMTI,2023-06-30
2023,10091,RIVER GOMTI AT PIPRAGHAT U/S,UTTAR PRADESH,Yamuna,,589.0,,1.95,,GOMTI,2023-06-30
2023,10092,RIVER GOMTI AT PIPRAGHAT D/S,UTTAR PRADESH,Yamuna,,,,1.7,,GOMTI,2023-06-30
2023,10093,RIVER GOMTI AT GANGAGANJ U/S,UTTAR PRADESH,Yamuna,,544.5,6.75,4.35,1.48,GOMTI,2023-06-30
2023,10094,RIVER GOMTI AT GANGAGANJ D/S,UTTAR PRADESH,Yamuna,,530.0,6.55,3.95,1.475,GOMTI,2023-06-30
2023,10095,RIVER GOMTI AT SULTANPUR U/S,UTTAR PRADESH,Yamuna,,431.5,4.45,6.35,0.46,GOMTI,2023-06-30
2023,10096,RIVER GOMTI AT SULTANPUR D/S,UTTAR PRADESH,Yamuna,,435.5,5.0,6.3,0.8799999999999999,GOMTI,2023-06-30
2023,10097,RIVER GOMTI AT JAUNPUR U/S,UTTAR PRADESH,Yamuna,,396.5,2.8499999999999996,8.0,0.86,GOMTI,2023-06-30
2023,1363,"RIVER RAPTI AFTER CONFL. OF R. HONIN NR. DOMINGARH RLY BRIDGE, GORAKHPUR, U.P.",UTTAR PRADESH,Yamuna,,,,8.1,0.0,HONIN,2023-06-30
2023,4517,"RIVER RAPTI AT RAJGHAT, GORAKHPUR",UTTAR PRADESH,Yamuna,,,,7.7,0.0,RAPTI,2023-06-30
2023,1076,"RIVER GHAGHARA NEAR CHAPRA, RIVILGANJ, MANJHI, SARAN",BIHAR,Yamuna,,260.0,1.95,7.85,0.21,GHAGHARA,2023-06-30
2023,1355,"RIVER GHAGHARA AT TURTIPAR,DEORIA D/S, U.P.",UTTAR PRADESH,Yamuna,,,,8.0,0.0,GHAGHARA,2023-06-30
2023,2492,"RIVER GHAGHRA AT BARHALGANJ, GORAKHPUR",UTTAR PRADESH,Yamuna,,381.0,3.8,8.05,0.0,GHAGHRA,2023-06-30
2023,1359,"RIVER RIHAND AT RENUKUT U/S, U.P.",UTTAR PRADESH,Yamuna,,262.0,2.15,9.15,0.69,RIHAND,2023-06-30
2023,1360,"RIVER RIHAND AT RENUKUT D/S, U.P.",UTTAR PRADESH,Yamuna,,279.0,3.25,8.4,0.9299999999999999,RIHAND,2023-06-30
2023,1143,"RIVER TONS AT CHAKGHAT, M.P.",MADHYA PRADESH,Yamuna,,346.0,1.7,7.25,0.8049999999999999,TONS,2023-06-30
2023,1144,"RIVER TONS AT MADHAVGARH, M.P.",MADHYA PRADESH,Yamuna,,,,5.8,0.0,TONS,2023-06-30
2023,3328,"RIVER TONS AT MADHAVGARH, NEAR PHED W/S INTAKE POINT, SATNA",MADHYA PRADESH,Yamuna,,,,6.050000000000001,0.0,TONS,2023-06-30
2023,3853,"RIVER TONS AT BASAMAN MAMA TEMPLE, NEAR PURWA FALL, TEHSIL- SEMARIYA, DIST- REWA",MADHYA PRADESH,Yamuna,,356.0,1.6,7.15,0.7,TONS,2023-06-30
2023,4609,"RIVER TONS AT M.P-U.P BOUNDARY, BEFORE MIXING RIVER BELAN CHAKGHAT REWA",MADHYA PRADESH,Yamuna,,324.0,1.5,7.199999999999999,0.675,TONS,2023-06-30
2023,5543,"River BeeharÂ Khthuliya Intake Well Point ,Rewa",MADHYA PRADESH,Yamuna,,285.5,1.4,7.55,0.67,Yamuna,2023-06-30
2023,4611,RIVER GAMBHIR AT DAM SITE UJJAIN,MADHYA PRADESH,Yamuna,,353.5,1.7,7.4,0.6,GAMBHIR,2023-06-30
2023,1607,"RIVER BASLI GOHAD DAM, GOHAD, M.P",MADHYA PRADESH,Yamuna,,576.0,1.75,7.4,1.2349999999999999,Yamuna,2023-06-30
2023,2120,"RIVER KALIASOT NEAR ROAD BRIDGE, MANDIDEEP",MADHYA PRADESH,Yamuna,,490.0,2.6,7.1,4.98,KALIASOT,2023-06-30
2023,2142,"River KALISINDH NEAR ROAD BRIDGE SARANGPUR, RAJGARH",MADHYA PRADESH,Yamuna,,601.5,2.0,,,KALISINDH,2023-06-30
2023,4621,RIVER HATHNI NANPUR FATA DAM ALIRAJPUR,MADHYA PRADESH,Yamuna,,412.5,1.1,7.300000000000001,1.26,Yamuna,2023-06-30
2023,3125,RIVER GANDAK GOPALGANJ PIPRAKOTHI ROAD BRIDGE (DUMARIA GHAT),BIHAR,Yamuna,,237.0,1.55,8.45,0.3,Yamuna,2023-06-30
2023,2568,"RIVER GANDAK AT REWAGHAT, MUZAFFARPUR",BIHAR,Yamuna,,242.0,1.85,8.05,0.3,GANDAK,2023-06-30
2023,10163,"RIVER GANDAK AT ROAD BRIDGE, U/S HAJIPUR, VAISHALI (BORDER OF SARAN & VAISHALI)",BIHAR,Yamuna,,222.5,1.7,8.25,0.3,GANDAK,2023-06-30
2023,10126,"RIVER GANDAK AT KONHARA GHAT, OPPOSITE HARIHARNATH MANDIR,SONEPUR",BIHAR,Yamuna,,219.0,1.75,8.0,0.3,GANDAK,2023-06-30
2023,1078,RIVER GANDAK AT SONEPUR NEAR HARIHARNATH TEMPLE,BIHAR,Yamuna,,215.5,1.8,7.85,0.3,GANDAK,2023-06-30
2023,1820,"RIVER SIKRAHNA AT CHANPATIYA, NEAR CHANPATIYA ROAD BRIDGE, WEST CHAMPARAN",BIHAR,Yamuna,,433.5,2.75,6.0,0.3,SIKRAHNA,2023-06-30
2023,2575,"RIVER SIKRAHNA AT LAL PARSA, BETIAH, EAST CHAMPARAN",BIHAR,Yamuna,,284.5,2.2,7.0,0.3,SIKRAHNA,2023-06-30
2023,4291,"RIVER SIKRAHNA LAURIA-NARKATIAGANJ ROAD BRIDGE, WEST CHAMPARAN",BIHAR,Yamuna,,321.5,4.3,,0.3,Yamuna,2023-06-30
2023,2562,"RIVER BURHI GANDAK AT AKHARAGHAT, MUZAFFARPUR",BIHAR,Yamuna,,328.5,1.8,7.85,0.315,BURHI GANDAK,2023-06-30
2023,2570,"RIVER BURHI GANDAK NEAR MAGARDAHI GHAT AT SAMASTIPUR ROAD BRIDGE, SAMASTIPUR",BIHAR,Yamuna,,310.5,1.8,8.15,0.3,BURHI GANDAK,2023-06-30
2023,3124,RIVER BURHI GANDAK U/S ROAD BRIDGE NH NEAR ZERO MILE MUZAFFARPUR,BIHAR,Yamuna,,322.5,1.9,7.949999999999999,0.3,BURHI GANDAK,2023-06-30
2023,4295,"RIVER BURHI GANDAK AT KHAGARIA ROAD BRIDGE BEFORE CONFLUENCE WITH GANGA , KHAGARIA",BIHAR,Yamuna,,361.5,1.8,7.85,0.3,BURHI GANDAK,2023-06-30
2023,4300,"RIVER BURHI GANDAK AT LAL BAGLA GHAT, MOTIHARI DHAKA ROAD, EAST CHAMPARAN",BIHAR,Yamuna,,308.0,2.0,7.550000000000001,0.3,BURHI GANDAK,2023-06-30
2023,4403,"RIVER BURHI GANDAK AT BARACHAKIA, EAST CHAMPARAN",BIHAR,Yamuna,,297.5,1.75,8.1,0.31,BURHI GANDAK,2023-06-30
2023,1822,"RIVER SIRSIYA AT RAXAUL,BIRGANJ CHECK POST ROAD BRIDGE EAST CHAMPARAN",BIHAR,Yamuna,,614.5,6.1,2.1,0.3,SIRSIYA,2023-06-30
2023,3136,"RIVER SIRSIYA D/S RAXAUL (KOERIA TOLA), EAST CHAMPARAN",BIHAR,Yamuna,,621.5,5.5,2.0,0.3,SIRSIYA,2023-06-30
2023,2558,"RIVER HARBORA D/S AT NARKATIAGANJ, WEST CHAMPARAN",BIHAR,Yamuna,,421.5,,,,HARBORA,2023-06-30
2023,3126,"RIVER HARBORA,U/S AT NARKATIAGANJ, WEST CHAMPARAN",BIHAR,Yamuna,,359.0,2.0,,0.21,Yamuna,2023-06-30
2023,2566,RIVER KOSHI AT MADHEPURA,BIHAR,Yamuna,,221.5,1.75,8.1,0.3,KOSHI,2023-06-30
2023,3137,"RIVER KOSHI AT BEERPUR, SUPAUL",BIHAR,Yamuna,,280.5,1.75,8.0,0.3,KOSHI,2023-06-30
2023,2565,RIVER KOSHI AT KURSHELA AT KATIHAR,BIHAR,Yamuna,,186.5,1.75,8.15,0.3,KOSHI,2023-06-30
2023,1821,RIVER DAHA U/S RAJENDRA ROAD BRIDGE AT SIWAN,BIHAR,Yamuna,,409.5,2.95,4.3,0.205,DAHA,2023-06-30
2023,2560,"RIVER DAHA D/S AT SASAMUSA, GOPALGANJ",BIHAR,Yamuna,,334.0,1.7,7.55,0.3,DAHA,2023-06-30
2023,2561,"RIVER DAHA AT ITWA BRIDGE, GOPALGANJ",BIHAR,Yamuna,,354.5,2.0,6.5,0.3,DAHA,2023-06-30
2023,3129,"RIVER DAHA AT MEERGANJ NEAR BADARJHIMMI BAZAR, GOPALGANJ",BIHAR,Yamuna,,346.0,2.35,6.75,0.3,DAHA,2023-06-30
2023,4292,"RIVER DAHA U/S SASAMUSA, GOPALGANJ",BIHAR,Yamuna,,331.0,1.95,7.550000000000001,0.3,DAHA,2023-06-30
2023,4397,"RIVER DAHA D/S AT RENUA, SIWAN",BIHAR,Yamuna,,426.5,3.1500000000000004,3.85,0.3,DAHA,2023-06-30
2023,1823,"RIVER DHOS AT SAHARGHAT, MADHUBANI",BIHAR,Yamuna,,278.0,2.15,6.0,0.6,DHOS,2023-06-30
2023,4405,"RIVER DHOS AT MADHWAPUR, MADHUBANI",BIHAR,Yamuna,,257.5,2.65,5.65,0.3,DHOS,2023-06-30
2023,2559,"RIVER RAMREKHA AT HARINAGAR, WEST CHAMPARAN",BIHAR,Yamuna,,509.0,5.25,3.3,0.3,RAMREKHA,2023-06-30
2023,3130,"RIVER RAMREKHA AT U/S HARINAGAR, WEST CHAMPARAN",BIHAR,Yamuna,,311.0,5.05,3.4,0.3,RAMREKHA,2023-06-30
2023,3132,"RIVER BAGMATI AT MUZAFFARPUR- SITAMARHI ROAD BRIDGE, SITAMARHI",BIHAR,Yamuna,,297.5,1.6,8.45,0.3,BAGMATI,2023-06-30
2023,3135,"RIVER BAGMATI AT DARBHANGA, SAMASTIPUR ROAD BRIDGE, DARBHANGA",BIHAR,Yamuna,,270.0,1.95,7.7,0.3,BAGMATI,2023-06-30
2023,2563,"RIVER MANUSMAR AT RIGA, UPHRAULIA, SITAMARHI",BIHAR,Yamuna,,372.5,1.85,8.100000000000001,0.3,MANUSMAR,2023-06-30
2023,3131,"RIVER MANUSMAR U/S (RIGA), SITAMARHI",BIHAR,Yamuna,,341.0,1.75,8.25,0.3,MANUSMAR,2023-06-30
2023,4402,"RIVER MANUSMAR AT PARSHURAMPUR, RIGA - BELSAND ROAD, SITAMARHI",BIHAR,Yamuna,,352.5,1.45,8.2,0.3,MANUSMAR,2023-06-30
2023,2555,"RIVER PUNPUN NEAR PATNA FATUHA ROAD BRIDGE, FATUHA",BIHAR,Yamuna,,602.5,3.4,3.5,0.3,PUNPUN,2023-06-30
2023,3119,"RIVER UNPUN NEAR PUNPUN ROAD BRIDGE, PUNPUN",BIHAR,Yamuna,,346.0,1.6500000000000001,8.05,0.3,UNPUN,2023-06-30
2023,3120,"RIVER PUNPUN AT KINJAR ROAD BRIDGE, JEHANABAD-ARWAL BORDER , JEHANABAD",BIHAR,Yamuna,,293.5,1.8,8.4,0.3,PUNPUN,2023-06-30
2023,4406,"RIVER PUNPUN AT OBRA, AURANGABAD",BIHAR,Yamuna,,314.0,1.55,7.9,0.3,PUNPUN,2023-06-30
2023,4293,"RIVER KOHRA U/S RAJ GHAT, MAJHAULIA, WEST CHAMPARAN",BIHAR,Yamuna,,413.0,2.3,,0.3,KOHRA,2023-06-30
2023,4294,"RIVER KOHRA D/S NEAR RAILWAY BRIDGE, MAJHAULIA, WEST CHAMPARAN",BIHAR,Yamuna,,574.5,,5.0,,KOHRA,2023-06-30
2023,4399,"RIVER HARHA AT BAGHA, LAURIYA ROAD BRIDGE",BIHAR,Yamuna,,298.0,1.8,7.45,0.3,HARHA,2023-06-30
2023,4400,RIVER LAKHANDEI U/S SITAMARHI AT MEHANDI NAGAR,BIHAR,Yamuna,,318.0,1.6,7.300000000000001,0.3,LAKHANDEI,2023-06-30
2023,4401,RIVER LAKHANDEI D/S SITAMARHI AT PARORI ROAD BRIDGE,BIHAR,Yamuna,,362.5,2.5,5.6,0.3,LAKHANDEI,2023-06-30
2023,4404,"RIVER GANGI AT ARA, D/S",BIHAR,Yamuna,,416.0,5.2,3.85,0.3,GANGI,2023-06-30
2023,1824,"RIVER PARMAR AT JOGBANI, ARARIA",BIHAR,Yamuna,,275.5,1.8,7.45,0.3,PARMAR,2023-06-30
2023,2117,"RIVER BICHIA,GOVINDGARH ROAD BRIDGE ,NEAR INTAKE POINT,REWA",MADHYA PRADESH,Yamuna,,414.5,2.3,6.800000000000001,0.885,Yamuna,2023-06-30
2023,1433,"RIVER SANKH AT TIGRA RESERVOIR, M.P.",MADHYA PRADESH,Yamuna,,374.0,1.4500000000000002,5.1499999999999995,0.8,SANKH,2023-06-30
2023,1075,"RIVER SONE AT KOILWAR, NEAR MANDIR, BHOJPUR",BIHAR,Yamuna,,193.5,1.5,8.4,0.3,SONE,2023-06-30
2023,3127,"RIVER SONE AT BAHIYARA, BHOJPUR",BIHAR,Yamuna,,202.5,1.5,8.2,0.3,SONE,2023-06-30
2023,4913,RIVER SONE AT ARWAL NEAR BALUGHAT (SAHAR),BIHAR,Yamuna,,280.0,1.9,8.2,0.3,SONE,2023-06-30
2023,3128,"RIVER SONE AT NASIRIGANJ DAM, ROHTAS",BIHAR,Yamuna,,251.0,2.0,8.35,0.3,SONE,2023-06-30
2023,4298,"RIVER SONE AT ROAD BRIDGE-DEHRI-ON-SONE, ROHTAS",BIHAR,Yamuna,,239.0,1.55,8.2,0.3,SONE,2023-06-30
2023,2556,"RIVER SONE AT INDRAPURI DAM, DEHRI ON SONE, ROHTAS",BIHAR,Yamuna,,214.0,1.75,8.55,0.3,SONE,2023-06-30
2023,4407,"RIVER SONE AT WATER INTAKE POINT BHARTIYA RAIL BIJALI CO. LTD (BRBCL) NAVINAGAR, AURANGABAD",BIHAR,Yamuna,,184.5,1.8,8.0,0.3,SONE,2023-06-30
2023,3121,"RIVER SONE AT BANJARI NEAR BANJARI NEAR SUN TEMPLE KALYANPUR, ROHTAS",BIHAR,Yamuna,,222.5,1.55,8.1,0.3,SONE,2023-06-30
2023,30081,"RIVER SONE AT ROAD BRIDGE CHOPAN,DIST-SONEBHADRA (U.P.)",UTTAR PRADESH,Yamuna,,279.0,1.0,,0.32,SONE,2023-06-30
2023,30082,"RIVER SONE UPSTREAM TOWARDS DEORA, DIST- SINGRAULI (M. P.)",MADHYA PRADESH,Yamuna,,289.0,1.65,,0.32,Yamuna,2023-06-30
2023,4604,"RIVER RIVER SONE AT VILLAGE- KHAIRPUR,(KUDHERI) M.P- U.P.BOUNDARY, DISTT SIDHI",MADHYA PRADESH,Yamuna,,331.0,1.4,7.25,0.725,RIVER SONE,2023-06-30
2023,3834,"RIVER SONE AT CHITAWAL NEAR ROAD BRIDGE CHITRANGI, DIST SINGROULI",MADHYA PRADESH,Yamuna,,472.5,4.3,7.35,1.995,SONE,2023-06-30
2023,3836,"RIVER SONE ON KACHAN DAM NEAR IMILYA NORTH COAL MINES VILL MAJHOULI, DIST SINGROULI",MADHYA PRADESH,Yamuna,,280.5,1.5,6.3,0.0,SONE ON KACHAN DAM,2023-06-30
2023,3851,"RIVER SONE NEAR BHANVARSEN ROAD BRIDGE AFTER CONFLUENCE OF BANAS RIVER, DIST SIDHI",MADHYA PRADESH,Yamuna,,317.0,1.4,7.6,0.54,SONE,2023-06-30
2023,3329,"RIVER SONE AT CHURHAT,DISTT.SIDHI",MADHYA PRADESH,Yamuna,,267.0,1.4,7.3,0.64,SONE,2023-06-30
2023,3852,"BANSAGAR CANAL AT SON RIVER, WATER SAMPLE AT BAGHWAR VILLAGE, NEAR TOL PLAZA, DIST SIDHI",MADHYA PRADESH,Yamuna,,307.0,1.35,7.449999999999999,0.6599999999999999,CANAL,2023-06-30
2023,1612,"RIVER SONE AT DEVLOAD OUT LET OF BANSAGAR DAM, M.P",MADHYA PRADESH,Yamuna,,283.5,1.25,7.4,0.7200000000000001,SONE,2023-06-30
2023,1371,"RIVER SONE AT AMLAI, M.P.",MADHYA PRADESH,Yamuna,,309.0,1.4,7.35,0.81,SONE,2023-06-30
2023,3846,"RIVER SONE AT JARWAHI NEAR ROAD BRIDGE, SHAHDOL",MADHYA PRADESH,Yamuna,,,,7.949999999999999,0.38,SONE,2023-06-30
2023,3327,"RIVER SONE AT BHATURAGHAT NEAR ROAD BRIDGE, AMLAI",MADHYA PRADESH,Yamuna,,359.5,1.4,7.1,0.7150000000000001,SONE,2023-06-30
2023,1142,"RIVER SONE AT CHACHAI, M.P.",MADHYA PRADESH,Yamuna,,314.5,1.35,7.449999999999999,,SONE,2023-06-30
2023,1610,"RIVER SONE AT ORIGIN AMARKANTAK, M.P",MADHYA PRADESH,Yamuna,,166.5,1.1,7.199999999999999,0.32,SONE,2023-06-30
2023,3835,"GOPAD AT NIGARI, SARAI DIST, SINGROULI",MADHYA PRADESH,Yamuna,,245.0,1.85,7.05,0.0,GOPAD,2023-06-30
2023,1611,"RIVER JOHILA NEAR NAROJABAD NEAR UMARIA ROAD BRIDGE, M.P",MADHYA PRADESH,Yamuna,,318.0,1.3,7.4,0.41000000000000003,JOHILA,2023-06-30
2023,2116,RIVER BEEHAR D/S NEAR FOREST OFFICE,MADHYA PRADESH,Yamuna,,328.5,1.7,7.05,0.84,BEEHAR,2023-06-30
2023,1608,"RIVER SINDH AT DABRA, M.P",MADHYA PRADESH,Yamuna,,420.0,1.6,7.5,0.8,SINDH,2023-06-30
2023,3306,"RIVER CHOUPAN U/S AT VIJAYPUR , GUNA",MADHYA PRADESH,Yamuna,,427.0,1.95,7.5,1.4049999999999998,CHOUPAN,2023-06-30
2023,3307,"RIVER CHOUPAN D/S AFTER NFL NALLA, AT VIJAYPUR ,GUNA",MADHYA PRADESH,Yamuna,,465.0,2.1500000000000004,7.4,1.4,CHOUPAN,2023-06-30
2023,3311,"RIVER JAMUNI AT BARIYAGHAT U/S NEAR INTAKE POINT, TIKAMGARH",MADHYA PRADESH,Yamuna,,387.5,1.55,8.1,0.76,JAMUNI,2023-06-30
2023,2396,RIVER JUMAR AT KANKE DAM,JHARKHAND,Yamuna,,,2.55,7.0,0.0,JUMAR,2023-06-30
2023,4085,"RIVER JUMAR AT BIT MESRA, RANCHI",JHARKHAND,Yamuna,,,2.6500000000000004,4.35,0.0,JUMAR,2023-06-30
2023,2401,RIVER AJAY AT MASANJORE DAM,JHARKHAND,Yamuna,,118.0,1.25,6.45,0.0,AJAY,2023-06-30
2023,2389,RIVER KONAR AT KONAR DAM,JHARKHAND,Yamuna,,,1.35,7.5,0.0,KONAR,2023-06-30
2023,2390,RIVER KONAR AT TENUGHAT DAM,JHARKHAND,Yamuna,,,1.45,8.2,0.0,KONAR,2023-06-30
2023,3554,"RIVER KONAR NEAR SWANG COAL WASHERY, BOKARO",JHARKHAND,Yamuna,,,1.8,7.4,0.0,KONAR,2023-06-30
2023,4000,RIVER GARGA NEAR TELMUCHO BRIDGE,JHARKHAND,Yamuna,,,2.0,6.8,0.0,GARGA,2023-06-30
2023,2381,RIVER BOKARO AT ZARANGDIH BRIDGE,JHARKHAND,Yamuna,,,1.8,7.3,0.0,BOKARO,2023-06-30
2023,4490,RIVER KURWA DUMKA WATER INTAKE POINT,JHARKHAND,Yamuna,,154.0,1.15,7.8999999999999995,0.0,Yamuna,2023-06-30
2023,4745,RIVER KHARKHAI BEFORE MEETING SWARNREKHA RIVER,JHARKHAND,Yamuna,,292.5,3.3,7.199999999999999,0.0,Yamuna,2023-06-30
2023,4747,"RIVER KOINA RIVER, MANOHARPUR, W.S",JHARKHAND,Yamuna,,357.5,2.15,7.5,0.0,Yamuna,2023-06-30
2023,2567,RIVER KAMALA AT BENIPATTI (MADHUBANI),BIHAR,Yamuna,,262.5,2.0,8.0,0.3,KAMALA,2023-06-30
2023,2569,"RIVER KAMALA AT GAUSAGHAT, DARBHANGA",BIHAR,Yamuna,,497.5,2.7,4.7,0.3,KAMALA,2023-06-30
2023,3133,"RIVER KAMALA AT KAMALA GHAT NEAR BARRAGE ATJAYNAGAR , MADHUBANI",BIHAR,Yamuna,,278.5,1.6,7.949999999999999,0.3,KAMALA,2023-06-30
2023,4299,"RIVER KAMALA (BIHAR) AT JEEWACH GHAT, DARBHANGA",BIHAR,Yamuna,,343.5,1.8,7.6499999999999995,0.3,Yamuna,2023-06-30
2023,2572,"RIVER MAHANANDA AT THAKURGANJ, KISHANGANJ ROAD BRIDGE, KISHANGANJ",BIHAR,Yamuna,,168.5,1.9,7.65,0.3,MAHANANDA,2023-06-30
2023,1336,"RIVER BARAKAR AT ASANSOL (WATER INTAKE POINT), BURDWAN,WEST BENGAL",WEST BENGAL,"Tributary Streams - Jumar, Ajay, Konar, Garga, Bokaro, Sankh, Barakar, Damodar, Nalkari, Surbarnrekha, Jamunia, Katri, Mathabhanga, Churni, Dwarakeshwar, Jalangi, Rupnarayan, Tarapith, Bindyadhari, Kansi, Mahananda, Silabati, Haldi And Rasulpur",,275.5,2.45,8.25,1.105,BARAKAR,2023-06-30
2023,2388,RIVER BARAKAR AT TILAYA DAM,JHARKHAND,"Tributary Streams - Jumar, Ajay, Konar, Garga, Bokaro, Sankh, Barakar, Damodar, Nalkari, Surbarnrekha, Jamunia, Katri, Mathabhanga, Churni, Dwarakeshwar, Jalangi, Rupnarayan, Tarapith, Bindyadhari, Kansi, Mahananda, Silabati, Haldi And Rasulpur",,,1.4500000000000002,7.5,0.0,BARAKAR,2023-06-30
2023,2392,RIVER BARAKAR AT MAITHAN DAM,JHARKHAND,"Tributary Streams - Jumar, Ajay, Konar, Garga, Bokaro, Sankh, Barakar, Damodar, Nalkari, Surbarnrekha, Jamunia, Katri, Mathabhanga, Churni, Dwarakeshwar, Jalangi, Rupnarayan, Tarapith, Bindyadhari, Kansi, Mahananda, Silabati, Haldi And Rasulpur",,,1.8,7.550000000000001,0.0,BARAKAR,2023-06-30
2023,1331,"RIVER DAMODAR AT DISHERGARH VILL.(NR.BIHAR-WEST BENGAL BORDER) , BURDWAN,WEST BENGAL",WEST BENGAL,"Tributary Streams - Jumar, Ajay, Konar, Garga, Bokaro, Sankh, Barakar, Damodar, Nalkari, Surbarnrekha, Jamunia, Katri, Mathabhanga, Churni, Dwarakeshwar, Jalangi, Rupnarayan, Tarapith, Bindyadhari, Kansi, Mahananda, Silabati, Haldi And Rasulpur",,268.5,2.3499999999999996,8.3,1.015,DAMODAR,2023-06-30
2023,1332,"RIVER DAMODAR AT D/S OF IISCO AFTER 3RD OUTFALL AT DHENNA VILLAGE, BURDWAN,WEST BENGAL",WEST BENGAL,"Tributary Streams - Jumar, Ajay, Konar, Garga, Bokaro, Sankh, Barakar, Damodar, Nalkari, Surbarnrekha, Jamunia, Katri, Mathabhanga, Churni, Dwarakeshwar, Jalangi, Rupnarayan, Tarapith, Bindyadhari, Kansi, Mahananda, Silabati, Haldi And Rasulpur",,300.0,2.35,8.2,0.86,DAMODAR,2023-06-30
2023,1333,"RIVER DAMODAR AT NARAINPUR AFTER CONFL. OF NUNIA NALLAH, BURDWAN,WEST BENGAL",WEST BENGAL,"Tributary Streams - Jumar, Ajay, Konar, Garga, Bokaro, Sankh, Barakar, Damodar, Nalkari, Surbarnrekha, Jamunia, Katri, Mathabhanga, Churni, Dwarakeshwar, Jalangi, Rupnarayan, Tarapith, Bindyadhari, Kansi, Mahananda, Silabati, Haldi And Rasulpur",,398.5,2.5,8.149999999999999,1.605,DAMODAR,2023-06-30
2023,1334,"RIVER DAMODAR NEAR MUJHER MANA VILLAGE AFTER CONF. OF TAMLA NALLAH, BURDWAN,WEST BENGAL",WEST BENGAL,"Tributary Streams - Jumar, Ajay, Konar, Garga, Bokaro, Sankh, Barakar, Damodar, Nalkari, Surbarnrekha, Jamunia, Katri, Mathabhanga, Churni, Dwarakeshwar, Jalangi, Rupnarayan, Tarapith, Bindyadhari, Kansi, Mahananda, Silabati, Haldi And Rasulpur",,349.5,3.0,7.6,1.39,DAMODAR,2023-06-30
2023,2378,RIVER DAMODAR D/S BHAIRABI AT RAJRAPPA,JHARKHAND,"Tributary Streams - Jumar, Ajay, Konar, Garga, Bokaro, Sankh, Barakar, Damodar, Nalkari, Surbarnrekha, Jamunia, Katri, Mathabhanga, Churni, Dwarakeshwar, Jalangi, Rupnarayan, Tarapith, Bindyadhari, Kansi, Mahananda, Silabati, Haldi And Rasulpur",,,2.0,7.6,0.0,DAMODAR,2023-06-30
2023,2380,RIVER DAMODAR AT RAMGARH ROAD BRIDGE,JHARKHAND,"Tributary Streams - Jumar, Ajay, Konar, Garga, Bokaro, Sankh, Barakar, Damodar, Nalkari, Surbarnrekha, Jamunia, Katri, Mathabhanga, Churni, Dwarakeshwar, Jalangi, Rupnarayan, Tarapith, Bindyadhari, Kansi, Mahananda, Silabati, Haldi And Rasulpur",,,2.4,7.449999999999999,0.0,DAMODAR,2023-06-30
2023,2382,RIVER DAMODAR AT PHUSRO ROAD BRIDGE,JHARKHAND,"Tributary Streams - Jumar, Ajay, Konar, Garga, Bokaro, Sankh, Barakar, Damodar, Nalkari, Surbarnrekha, Jamunia, Katri, Mathabhanga, Churni, Dwarakeshwar, Jalangi, Rupnarayan, Tarapith, Bindyadhari, Kansi, Mahananda, Silabati, Haldi And Rasulpur",,,1.9,7.8,0.0,DAMODAR,2023-06-30
2023,2383,RIVER DAMODAR U/S JAMADOBA WATER WORKS,JHARKHAND,"Tributary Streams - Jumar, Ajay, Konar, Garga, Bokaro, Sankh, Barakar, Damodar, Nalkari, Surbarnrekha, Jamunia, Katri, Mathabhanga, Churni, Dwarakeshwar, Jalangi, Rupnarayan, Tarapith, Bindyadhari, Kansi, Mahananda, Silabati, Haldi And Rasulpur",,,1.75,7.55,0.0,DAMODAR,2023-06-30
2023,2384,RIVER DAMODAR AT DOMGARH WATER WORKS D/S SINDRI,JHARKHAND,"Tributary Streams - Jumar, Ajay, Konar, Garga, Bokaro, Sankh, Barakar, Damodar, Nalkari, Surbarnrekha, Jamunia, Katri, Mathabhanga, Churni, Dwarakeshwar, Jalangi, Rupnarayan, Tarapith, Bindyadhari, Kansi, Mahananda, Silabati, Haldi And Rasulpur",,,1.8,7.5,0.0,DAMODAR,2023-06-30
2023,2391,RIVER DAMODAR AT PANCHET DAM,JHARKHAND,"Tributary Streams - Jumar, Ajay, Konar, Garga, Bokaro, Sankh, Barakar, Damodar, Nalkari, Surbarnrekha, Jamunia, Katri, Mathabhanga, Churni, Dwarakeshwar, Jalangi, Rupnarayan, Tarapith, Bindyadhari, Kansi, Mahananda, Silabati, Haldi And Rasulpur",,,1.75,7.85,0.0,DAMODAR,2023-06-30
2023,2527,"RIVER WATER INTAKE POINT FOR BURDWAN TOWN, BURDWAN",WEST BENGAL,"Tributary Streams - Jumar, Ajay, Konar, Garga, Bokaro, Sankh, Barakar, Damodar, Nalkari, Surbarnrekha, Jamunia, Katri, Mathabhanga, Churni, Dwarakeshwar, Jalangi, Rupnarayan, Tarapith, Bindyadhari, Kansi, Mahananda, Silabati, Haldi And Rasulpur",,345.0,2.35,8.2,1.05,"Jumar, Ajay, Konar, Garga, Bokaro, Sankh, Barakar, Damodar, Nalkari, Surbarnrekha, Jamunia, Katri, Mathabhanga, Churni, Dwarakeshwar, Jalangi, Rupnarayan, Tarapith, Bindyadhari, Kansi, Mahananda, Silabati, Haldi And Rasulpur",2023-06-30
2023,3553,RIVER DAMODAR NEAR TELMUCHO BRIDGE,JHARKHAND,"Tributary Streams - Jumar, Ajay, Konar, Garga, Bokaro, Sankh, Barakar, Damodar, Nalkari, Surbarnrekha, Jamunia, Katri, Mathabhanga, Churni, Dwarakeshwar, Jalangi, Rupnarayan, Tarapith, Bindyadhari, Kansi, Mahananda, Silabati, Haldi And Rasulpur",,,1.85,7.35,0.0,DAMODAR,2023-06-30
2023,3555,"RIVER DAMODAR NEAR ZARANGDIH BRIDGE, BOKARO",JHARKHAND,"Tributary Streams - Jumar, Ajay, Konar, Garga, Bokaro, Sankh, Barakar, Damodar, Nalkari, Surbarnrekha, Jamunia, Katri, Mathabhanga, Churni, Dwarakeshwar, Jalangi, Rupnarayan, Tarapith, Bindyadhari, Kansi, Mahananda, Silabati, Haldi And Rasulpur",,,1.95,7.6,0.0,DAMODAR,2023-06-30
2023,3556,"RIVER DAMODAR AT CONFLUENCE OF BOKARO & DAMODAR NEAR ZARANGDIH BRIDGE, BOKARO",JHARKHAND,"Tributary Streams - Jumar, Ajay, Konar, Garga, Bokaro, Sankh, Barakar, Damodar, Nalkari, Surbarnrekha, Jamunia, Katri, Mathabhanga, Churni, Dwarakeshwar, Jalangi, Rupnarayan, Tarapith, Bindyadhari, Kansi, Mahananda, Silabati, Haldi And Rasulpur",,,1.9500000000000002,7.4,0.0,DAMODAR,2023-06-30
2023,3557,"RIVER DAMODAR NEAR BERMO RAILWAY STATION, BOKARO",JHARKHAND,"Tributary Streams - Jumar, Ajay, Konar, Garga, Bokaro, Sankh, Barakar, Damodar, Nalkari, Surbarnrekha, Jamunia, Katri, Mathabhanga, Churni, Dwarakeshwar, Jalangi, Rupnarayan, Tarapith, Bindyadhari, Kansi, Mahananda, Silabati, Haldi And Rasulpur",,,1.9500000000000002,7.3,0.0,DAMODAR,2023-06-30
2023,4083,"RIVER DAMODAR NEAR ROHINI PROJECT, NK AREA, PO-DAKRA, RANCHI",JHARKHAND,"Tributary Streams - Jumar, Ajay, Konar, Garga, Bokaro, Sankh, Barakar, Damodar, Nalkari, Surbarnrekha, Jamunia, Katri, Mathabhanga, Churni, Dwarakeshwar, Jalangi, Rupnarayan, Tarapith, Bindyadhari, Kansi, Mahananda, Silabati, Haldi And Rasulpur",,,2.55,7.55,0.0,DAMODAR,2023-06-30
2023,30066,RIVER DAMODAR AT SINDRI,JHARKHAND,"Tributary Streams - Jumar, Ajay, Konar, Garga, Bokaro, Sankh, Barakar, Damodar, Nalkari, Surbarnrekha, Jamunia, Katri, Mathabhanga, Churni, Dwarakeshwar, Jalangi, Rupnarayan, Tarapith, Bindyadhari, Kansi, Mahananda, Silabati, Haldi And Rasulpur",,408.5,2.5,,0.655,DAMODAR,2023-06-30
2023,30065,RIVER DAMODAR AT DISHERGARH (WEST BENGAL),WEST BENGAL,"Tributary Streams - Jumar, Ajay, Konar, Garga, Bokaro, Sankh, Barakar, Damodar, Nalkari, Surbarnrekha, Jamunia, Katri, Mathabhanga, Churni, Dwarakeshwar, Jalangi, Rupnarayan, Tarapith, Bindyadhari, Kansi, Mahananda, Silabati, Haldi And Rasulpur",,249.0,1.0,7.35,0.375,DAMODAR,2023-06-30
2023,10107,"RIVER DAMODAR AT ANDAL U/S, BURDWAN",WEST BENGAL,"Tributary Streams - Jumar, Ajay, Konar, Garga, Bokaro, Sankh, Barakar, Damodar, Nalkari, Surbarnrekha, Jamunia, Katri, Mathabhanga, Churni, Dwarakeshwar, Jalangi, Rupnarayan, Tarapith, Bindyadhari, Kansi, Mahananda, Silabati, Haldi And Rasulpur",,467.0,2.45,8.25,0.75,DAMODAR,2023-06-30
2023,10108,"RIVER DAMODAR AT ANDAL D/S, BURDWAN",WEST BENGAL,"Tributary Streams - Jumar, Ajay, Konar, Garga, Bokaro, Sankh, Barakar, Damodar, Nalkari, Surbarnrekha, Jamunia, Katri, Mathabhanga, Churni, Dwarakeshwar, Jalangi, Rupnarayan, Tarapith, Bindyadhari, Kansi, Mahananda, Silabati, Haldi And Rasulpur",,333.0,2.55,8.25,0.8,DAMODAR,2023-06-30
2023,10109,"RIVER DAMODAR AT ASANSOL U/S, BURDWAN",WEST BENGAL,"Tributary Streams - Jumar, Ajay, Konar, Garga, Bokaro, Sankh, Barakar, Damodar, Nalkari, Surbarnrekha, Jamunia, Katri, Mathabhanga, Churni, Dwarakeshwar, Jalangi, Rupnarayan, Tarapith, Bindyadhari, Kansi, Mahananda, Silabati, Haldi And Rasulpur",,295.5,1.9,8.3,0.91,DAMODAR,2023-06-30
2023,10110,"RIVER DAMODAR AT DURGAPUR U/S, BURDWAN",WEST BENGAL,"Tributary Streams - Jumar, Ajay, Konar, Garga, Bokaro, Sankh, Barakar, Damodar, Nalkari, Surbarnrekha, Jamunia, Katri, Mathabhanga, Churni, Dwarakeshwar, Jalangi, Rupnarayan, Tarapith, Bindyadhari, Kansi, Mahananda, Silabati, Haldi And Rasulpur",,334.5,2.5999999999999996,8.25,0.67,DAMODAR,2023-06-30
2023,10111,"RIVER DAMODAR AT RANIGANJ D/S, BURDWAN",WEST BENGAL,"Tributary Streams - Jumar, Ajay, Konar, Garga, Bokaro, Sankh, Barakar, Damodar, Nalkari, Surbarnrekha, Jamunia, Katri, Mathabhanga, Churni, Dwarakeshwar, Jalangi, Rupnarayan, Tarapith, Bindyadhari, Kansi, Mahananda, Silabati, Haldi And Rasulpur",,470.5,2.45,8.25,1.625,DAMODAR,2023-06-30
2023,4738,"RIVER JAMUNIA NEAR LOHAPATTI BRIDGE, MAHUDA, DHANBAD",JHARKHAND,"Tributary Streams - Jumar, Ajay, Konar, Garga, Bokaro, Sankh, Barakar, Damodar, Nalkari, Surbarnrekha, Jamunia, Katri, Mathabhanga, Churni, Dwarakeshwar, Jalangi, Rupnarayan, Tarapith, Bindyadhari, Kansi, Mahananda, Silabati, Haldi And Rasulpur",,,2.2,7.199999999999999,0.0,JAMUNIA,2023-06-30
2023,4739,"RIVER KATRI RIVER, NEAR BHATINDA FALL, AT- TETENGABAD, MOONIDIH, DHANBAD",JHARKHAND,"Tributary Streams - Jumar, Ajay, Konar, Garga, Bokaro, Sankh, Barakar, Damodar, Nalkari, Surbarnrekha, Jamunia, Katri, Mathabhanga, Churni, Dwarakeshwar, Jalangi, Rupnarayan, Tarapith, Bindyadhari, Kansi, Mahananda, Silabati, Haldi And Rasulpur",,,1.7999999999999998,6.35,0.0,"Jumar, Ajay, Konar, Garga, Bokaro, Sankh, Barakar, Damodar, Nalkari, Surbarnrekha, Jamunia, Katri, Mathabhanga, Churni, Dwarakeshwar, Jalangi, Rupnarayan, Tarapith, Bindyadhari, Kansi, Mahananda, Silabati, Haldi And Rasulpur",2023-06-30
2023,4742,"RIVER GALUDIH BARRAGE, GALUDIH, E.S",JHARKHAND,"Tributary Streams - Jumar, Ajay, Konar, Garga, Bokaro, Sankh, Barakar, Damodar, Nalkari, Surbarnrekha, Jamunia, Katri, Mathabhanga, Churni, Dwarakeshwar, Jalangi, Rupnarayan, Tarapith, Bindyadhari, Kansi, Mahananda, Silabati, Haldi And Rasulpur",,268.0,3.05,7.55,0.0,"Jumar, Ajay, Konar, Garga, Bokaro, Sankh, Barakar, Damodar, Nalkari, Surbarnrekha, Jamunia, Katri, Mathabhanga, Churni, Dwarakeshwar, Jalangi, Rupnarayan, Tarapith, Bindyadhari, Kansi, Mahananda, Silabati, Haldi And Rasulpur",2023-06-30
2023,2517,"RIVER MATHABHANGA, GOBINDAPUR, NADIA",WEST BENGAL,"Tributary Streams - Jumar, Ajay, Konar, Garga, Bokaro, Sankh, Barakar, Damodar, Nalkari, Surbarnrekha, Jamunia, Katri, Mathabhanga, Churni, Dwarakeshwar, Jalangi, Rupnarayan, Tarapith, Bindyadhari, Kansi, Mahananda, Silabati, Haldi And Rasulpur",,527.0,,3.3,,"Jumar, Ajay, Konar, Garga, Bokaro, Sankh, Barakar, Damodar, Nalkari, Surbarnrekha, Jamunia, Katri, Mathabhanga, Churni, Dwarakeshwar, Jalangi, Rupnarayan, Tarapith, Bindyadhari, Kansi, Mahananda, Silabati, Haldi And Rasulpur",2023-06-30
2023,1764,"RIVER CHURNI D/S OF RANAGHAT TOWN, WEST BENGAL",WEST BENGAL,"Tributary Streams - Jumar, Ajay, Konar, Garga, Bokaro, Sankh, Barakar, Damodar, Nalkari, Surbarnrekha, Jamunia, Katri, Mathabhanga, Churni, Dwarakeshwar, Jalangi, Rupnarayan, Tarapith, Bindyadhari, Kansi, Mahananda, Silabati, Haldi And Rasulpur",,566.5,3.25,2.3,0.62,CHURNI,2023-06-30
2023,2518,"RIVER CHURNI, MAJHADIA, NADIA",WEST BENGAL,"Tributary Streams - Jumar, Ajay, Konar, Garga, Bokaro, Sankh, Barakar, Damodar, Nalkari, Surbarnrekha, Jamunia, Katri, Mathabhanga, Churni, Dwarakeshwar, Jalangi, Rupnarayan, Tarapith, Bindyadhari, Kansi, Mahananda, Silabati, Haldi And Rasulpur",,548.5,,2.25,,"Jumar, Ajay, Konar, Garga, Bokaro, Sankh, Barakar, Damodar, Nalkari, Surbarnrekha, Jamunia, Katri, Mathabhanga, Churni, Dwarakeshwar, Jalangi, Rupnarayan, Tarapith, Bindyadhari, Kansi, Mahananda, Silabati, Haldi And Rasulpur",2023-06-30
2023,2541,"RIVER DWARAKESHWAR WATER INTAKE POINT FOR BANKURA TOWN ON DWARAKESHWAR, BANKURA",WEST BENGAL,"Tributary Streams - Jumar, Ajay, Konar, Garga, Bokaro, Sankh, Barakar, Damodar, Nalkari, Surbarnrekha, Jamunia, Katri, Mathabhanga, Churni, Dwarakeshwar, Jalangi, Rupnarayan, Tarapith, Bindyadhari, Kansi, Mahananda, Silabati, Haldi And Rasulpur",,327.0,2.85,8.35,1.7349999999999999,"Jumar, Ajay, Konar, Garga, Bokaro, Sankh, Barakar, Damodar, Nalkari, Surbarnrekha, Jamunia, Katri, Mathabhanga, Churni, Dwarakeshwar, Jalangi, Rupnarayan, Tarapith, Bindyadhari, Kansi, Mahananda, Silabati, Haldi And Rasulpur",2023-06-30
2023,2514,"RIVER JALANGI, D/S OF KRISHNA NAGAR, NADIA",WEST BENGAL,"Tributary Streams - Jumar, Ajay, Konar, Garga, Bokaro, Sankh, Barakar, Damodar, Nalkari, Surbarnrekha, Jamunia, Katri, Mathabhanga, Churni, Dwarakeshwar, Jalangi, Rupnarayan, Tarapith, Bindyadhari, Kansi, Mahananda, Silabati, Haldi And Rasulpur",,443.5,2.9,5.0,0.395,"Jumar, Ajay, Konar, Garga, Bokaro, Sankh, Barakar, Damodar, Nalkari, Surbarnrekha, Jamunia, Katri, Mathabhanga, Churni, Dwarakeshwar, Jalangi, Rupnarayan, Tarapith, Bindyadhari, Kansi, Mahananda, Silabati, Haldi And Rasulpur",2023-06-30
2023,1337,"RIVER RUPNARAYAN BEFORE CONFL. TO GANGA NEAR GEONKHALI,MEDINIPOREÂ€, WEST BENGAL",WEST BENGAL,"Tributary Streams - Jumar, Ajay, Konar, Garga, Bokaro, Sankh, Barakar, Damodar, Nalkari, Surbarnrekha, Jamunia, Katri, Mathabhanga, Churni, Dwarakeshwar, Jalangi, Rupnarayan, Tarapith, Bindyadhari, Kansi, Mahananda, Silabati, Haldi And Rasulpur",,,,6.05,0.635,GANGA,2023-06-30
2023,2509,"RIVER D/S OF RUPNARAYAN AT KOLAGHAT, NEAR KOLAGHAT RAIL BRIDGE NO.3,MEDINIPOREÂ€",WEST BENGAL,"Tributary Streams - Jumar, Ajay, Konar, Garga, Bokaro, Sankh, Barakar, Damodar, Nalkari, Surbarnrekha, Jamunia, Katri, Mathabhanga, Churni, Dwarakeshwar, Jalangi, Rupnarayan, Tarapith, Bindyadhari, Kansi, Mahananda, Silabati, Haldi And Rasulpur",,,,7.35,0.64,D/S OF RUPNARAYAN,2023-06-30
2023,2531,"RIVER U/S OF TARAPITH ON DWARKA AT SADHAK BAMDEB GHAT, BIRBHUM",WEST BENGAL,"Tributary Streams - Jumar, Ajay, Konar, Garga, Bokaro, Sankh, Barakar, Damodar, Nalkari, Surbarnrekha, Jamunia, Katri, Mathabhanga, Churni, Dwarakeshwar, Jalangi, Rupnarayan, Tarapith, Bindyadhari, Kansi, Mahananda, Silabati, Haldi And Rasulpur",,430.0,5.5,,1.095,U/S OF TARAPITH ON DWARKA,2023-06-30
2023,2532,"RIVER D/S OF TARAPITH ON DWARKA, SATIGHAT",WEST BENGAL,"Tributary Streams - Jumar, Ajay, Konar, Garga, Bokaro, Sankh, Barakar, Damodar, Nalkari, Surbarnrekha, Jamunia, Katri, Mathabhanga, Churni, Dwarakeshwar, Jalangi, Rupnarayan, Tarapith, Bindyadhari, Kansi, Mahananda, Silabati, Haldi And Rasulpur",,550.0,6.2,,1.9,RIVER,2023-06-30
2023,2549,"RIVER U/S OF BINDYADHARI AT HAROA BRIDGE, 24 PARGANAS(N)",WEST BENGAL,"Tributary Streams - Jumar, Ajay, Konar, Garga, Bokaro, Sankh, Barakar, Damodar, Nalkari, Surbarnrekha, Jamunia, Katri, Mathabhanga, Churni, Dwarakeshwar, Jalangi, Rupnarayan, Tarapith, Bindyadhari, Kansi, Mahananda, Silabati, Haldi And Rasulpur",,,,0.9,,U/S OF BINDYADHARI,2023-06-30
2023,2550,RIVER D/S OF BIDYADHARI AT MALANCHA BURNING GHAT,WEST BENGAL,"Tributary Streams - Jumar, Ajay, Konar, Garga, Bokaro, Sankh, Barakar, Damodar, Nalkari, Surbarnrekha, Jamunia, Katri, Mathabhanga, Churni, Dwarakeshwar, Jalangi, Rupnarayan, Tarapith, Bindyadhari, Kansi, Mahananda, Silabati, Haldi And Rasulpur",,,,1.35,,D/S OF BIDYADHARI,2023-06-30
2023,2507,"RIVER D/S OF KANSI AT MIDNAPORE, NEAR NEW HANUMAN MANDIR, GANDHIGHAT, MEDINIPORE(W)",WEST BENGAL,"Tributary Streams - Jumar, Ajay, Konar, Garga, Bokaro, Sankh, Barakar, Damodar, Nalkari, Surbarnrekha, Jamunia, Katri, Mathabhanga, Churni, Dwarakeshwar, Jalangi, Rupnarayan, Tarapith, Bindyadhari, Kansi, Mahananda, Silabati, Haldi And Rasulpur",,414.5,2.05,6.75,0.42000000000000004,D/S OF KANSI,2023-06-30
2023,2525,"RIVER MAHANANDA D/S, RAMGHAT, DARJEELING",WEST BENGAL,"Tributary Streams - Jumar, Ajay, Konar, Garga, Bokaro, Sankh, Barakar, Damodar, Nalkari, Surbarnrekha, Jamunia, Katri, Mathabhanga, Churni, Dwarakeshwar, Jalangi, Rupnarayan, Tarapith, Bindyadhari, Kansi, Mahananda, Silabati, Haldi And Rasulpur",,178.5,,3.95,,MAHANANDA,2023-06-30
2023,1946,"RIVER MAHANANDA AT SILIGURI, DARJEELING",WEST BENGAL,"Tributary Streams - Jumar, Ajay, Konar, Garga, Bokaro, Sankh, Barakar, Damodar, Nalkari, Surbarnrekha, Jamunia, Katri, Mathabhanga, Churni, Dwarakeshwar, Jalangi, Rupnarayan, Tarapith, Bindyadhari, Kansi, Mahananda, Silabati, Haldi And Rasulpur",,133.5,2.4000000000000004,6.9,0.49,MAHANANDA,2023-06-30
2023,4727,RIVER MECHI AT NEHALJOTE,WEST BENGAL,"Tributary Streams - Jumar, Ajay, Konar, Garga, Bokaro, Sankh, Barakar, Damodar, Nalkari, Surbarnrekha, Jamunia, Katri, Mathabhanga, Churni, Dwarakeshwar, Jalangi, Rupnarayan, Tarapith, Bindyadhari, Kansi, Mahananda, Silabati, Haldi And Rasulpur",,85.0,1.6,6.65,0.42000000000000004,MECHI,2023-06-30
2023,4722,RIVER BALASON AT KHAPRAIL MORE,WEST BENGAL,"Tributary Streams - Jumar, Ajay, Konar, Garga, Bokaro, Sankh, Barakar, Damodar, Nalkari, Surbarnrekha, Jamunia, Katri, Mathabhanga, Churni, Dwarakeshwar, Jalangi, Rupnarayan, Tarapith, Bindyadhari, Kansi, Mahananda, Silabati, Haldi And Rasulpur",,72.5,1.75,6.949999999999999,0.46499999999999997,BALASON,2023-06-30
2023,2508,"RIVER D/S OF SILABATI AT GHATAL, MEDINIPORE(W)",WEST BENGAL,"Tributary Streams - Jumar, Ajay, Konar, Garga, Bokaro, Sankh, Barakar, Damodar, Nalkari, Surbarnrekha, Jamunia, Katri, Mathabhanga, Churni, Dwarakeshwar, Jalangi, Rupnarayan, Tarapith, Bindyadhari, Kansi, Mahananda, Silabati, Haldi And Rasulpur",,309.0,2.05,6.55,0.9500000000000001,D/S OF SILABATI,2023-06-30
2023,2534,"RIVER WATER INTAKE POINT FOR SURI TOWN ON MAYURAKSHI, BIRBHUM",WEST BENGAL,"Tributary Streams - Jumar, Ajay, Konar, Garga, Bokaro, Sankh, Barakar, Damodar, Nalkari, Surbarnrekha, Jamunia, Katri, Mathabhanga, Churni, Dwarakeshwar, Jalangi, Rupnarayan, Tarapith, Bindyadhari, Kansi, Mahananda, Silabati, Haldi And Rasulpur",,174.0,1.75,8.3,1.2999999999999998,"Jumar, Ajay, Konar, Garga, Bokaro, Sankh, Barakar, Damodar, Nalkari, Surbarnrekha, Jamunia, Katri, Mathabhanga, Churni, Dwarakeshwar, Jalangi, Rupnarayan, Tarapith, Bindyadhari, Kansi, Mahananda, Silabati, Haldi And Rasulpur",2023-06-30
2023,4710,RIVER HALDI AT NORGHAT,WEST BENGAL,"Tributary Streams - Jumar, Ajay, Konar, Garga, Bokaro, Sankh, Barakar, Damodar, Nalkari, Surbarnrekha, Jamunia, Katri, Mathabhanga, Churni, Dwarakeshwar, Jalangi, Rupnarayan, Tarapith, Bindyadhari, Kansi, Mahananda, Silabati, Haldi And Rasulpur",,,,6.0,0.46499999999999997,HALDI,2023-06-30
2023,4711,RIVER RASULPUR AT RASULPUR GHAT,WEST BENGAL,"Tributary Streams - Jumar, Ajay, Konar, Garga, Bokaro, Sankh, Barakar, Damodar, Nalkari, Surbarnrekha, Jamunia, Katri, Mathabhanga, Churni, Dwarakeshwar, Jalangi, Rupnarayan, Tarapith, Bindyadhari, Kansi, Mahananda, Silabati, Haldi And Rasulpur",,,,6.0,0.66,RASULPUR,2023-06-30
2023,2950,"RIVER BANAS AT DHANARI DAM, NEAR SWAROOPGANJ, SIROHI, RAJASTHAN",RAJASTHAN,"Tributary Streams - Jumar, Ajay, Konar, Garga, Bokaro, Sankh, Barakar, Damodar, Nalkari, Surbarnrekha, Jamunia, Katri, Mathabhanga, Churni, Dwarakeshwar, Jalangi, Rupnarayan, Tarapith, Bindyadhari, Kansi, Mahananda, Silabati, Haldi And Rasulpur",,484.5,2.5,5.5,2.715,BANAS,2023-06-30
2023,2951,"RIVER BANAS BISULPUR DAM, TONK, RAJASTHAN",RAJASTHAN,"Tributary Streams - Jumar, Ajay, Konar, Garga, Bokaro, Sankh, Barakar, Damodar, Nalkari, Surbarnrekha, Jamunia, Katri, Mathabhanga, Churni, Dwarakeshwar, Jalangi, Rupnarayan, Tarapith, Bindyadhari, Kansi, Mahananda, Silabati, Haldi And Rasulpur",,496.5,1.65,5.9,1.1600000000000001,"Jumar, Ajay, Konar, Garga, Bokaro, Sankh, Barakar, Damodar, Nalkari, Surbarnrekha, Jamunia, Katri, Mathabhanga, Churni, Dwarakeshwar, Jalangi, Rupnarayan, Tarapith, Bindyadhari, Kansi, Mahananda, Silabati, Haldi And Rasulpur",2023-06-30
2023,4167,"RIVER BANAS AT TRIVENI SANGAM, BHILWARA",RAJASTHAN,"Tributary Streams - Jumar, Ajay, Konar, Garga, Bokaro, Sankh, Barakar, Damodar, Nalkari, Surbarnrekha, Jamunia, Katri, Mathabhanga, Churni, Dwarakeshwar, Jalangi, Rupnarayan, Tarapith, Bindyadhari, Kansi, Mahananda, Silabati, Haldi And Rasulpur",,687.5,1.7999999999999998,5.300000000000001,2.3200000000000003,BANAS,2023-06-30
2023,2952,"RIVER NEAR NEWTA DAM,JAIPUR,RAJSTHAN",RAJASTHAN,"Tributary Streams - Jumar, Ajay, Konar, Garga, Bokaro, Sankh, Barakar, Damodar, Nalkari, Surbarnrekha, Jamunia, Katri, Mathabhanga, Churni, Dwarakeshwar, Jalangi, Rupnarayan, Tarapith, Bindyadhari, Kansi, Mahananda, Silabati, Haldi And Rasulpur",,,,2.9,,RIVER,2023-06-30
2023,4790,"RIVER PIPLADAT PIPLAD DAM, BHAWANI MANDI",RAJASTHAN,"Tributary Streams - Jumar, Ajay, Konar, Garga, Bokaro, Sankh, Barakar, Damodar, Nalkari, Surbarnrekha, Jamunia, Katri, Mathabhanga, Churni, Dwarakeshwar, Jalangi, Rupnarayan, Tarapith, Bindyadhari, Kansi, Mahananda, Silabati, Haldi And Rasulpur",,622.0,3.0,5.0,1.77,"Jumar, Ajay, Konar, Garga, Bokaro, Sankh, Barakar, Damodar, Nalkari, Surbarnrekha, Jamunia, Katri, Mathabhanga, Churni, Dwarakeshwar, Jalangi, Rupnarayan, Tarapith, Bindyadhari, Kansi, Mahananda, Silabati, Haldi And Rasulpur",2023-06-30
2023,4770,RIVER KOTHARI AT MEJA DAM BHILWARA (UPSTREAM OF KOTHARI RIVER),RAJASTHAN,"Tributary Streams - Jumar, Ajay, Konar, Garga, Bokaro, Sankh, Barakar, Damodar, Nalkari, Surbarnrekha, Jamunia, Katri, Mathabhanga, Churni, Dwarakeshwar, Jalangi, Rupnarayan, Tarapith, Bindyadhari, Kansi, Mahananda, Silabati, Haldi And Rasulpur",,430.0,1.95,5.55,1.23,KOTHARI,2023-06-30
2023,5468,"RIVER KOTHARI AT KOTHARI DAM, BHILWARA",RAJASTHAN,"Tributary Streams - Jumar, Ajay, Konar, Garga, Bokaro, Sankh, Barakar, Damodar, Nalkari, Surbarnrekha, Jamunia, Katri, Mathabhanga, Churni, Dwarakeshwar, Jalangi, Rupnarayan, Tarapith, Bindyadhari, Kansi, Mahananda, Silabati, Haldi And Rasulpur",,874.5,2.7,5.050000000000001,1.37,KOTHARI,2023-06-30
2023,4172,"RIVER BERACH AT GHOSUNDA DAM, CHITTORGARH",RAJASTHAN,"Tributary Streams - Jumar, Ajay, Konar, Garga, Bokaro, Sankh, Barakar, Damodar, Nalkari, Surbarnrekha, Jamunia, Katri, Mathabhanga, Churni, Dwarakeshwar, Jalangi, Rupnarayan, Tarapith, Bindyadhari, Kansi, Mahananda, Silabati, Haldi And Rasulpur",,,,5.35,2.3850000000000002,BERACH,2023-06-30
2023,4175,"RIVER BERACH, NEAR HOTEL PADMINI, CHITTORGARH",RAJASTHAN,"Tributary Streams - Jumar, Ajay, Konar, Garga, Bokaro, Sankh, Barakar, Damodar, Nalkari, Surbarnrekha, Jamunia, Katri, Mathabhanga, Churni, Dwarakeshwar, Jalangi, Rupnarayan, Tarapith, Bindyadhari, Kansi, Mahananda, Silabati, Haldi And Rasulpur",,,,4.7,3.22,"Jumar, Ajay, Konar, Garga, Bokaro, Sankh, Barakar, Damodar, Nalkari, Surbarnrekha, Jamunia, Katri, Mathabhanga, Churni, Dwarakeshwar, Jalangi, Rupnarayan, Tarapith, Bindyadhari, Kansi, Mahananda, Silabati, Haldi And Rasulpur",2023-06-30
2023,4804,"RIVER BERACH NEAR VILLAGE-NAGARI, CHITTORGARH",RAJASTHAN,"Tributary Streams - Jumar, Ajay, Konar, Garga, Bokaro, Sankh, Barakar, Damodar, Nalkari, Surbarnrekha, Jamunia, Katri, Mathabhanga, Churni, Dwarakeshwar, Jalangi, Rupnarayan, Tarapith, Bindyadhari, Kansi, Mahananda, Silabati, Haldi And Rasulpur",,787.0,2.0,5.4,3.67,BERACH,2023-06-30
2023,4173,"RIVER GAMBHIRI AT GAMBHIRI DAM, NIMBAHERA-TEHSIL, CHITTORGARH",RAJASTHAN,"Tributary Streams - Jumar, Ajay, Konar, Garga, Bokaro, Sankh, Barakar, Damodar, Nalkari, Surbarnrekha, Jamunia, Katri, Mathabhanga, Churni, Dwarakeshwar, Jalangi, Rupnarayan, Tarapith, Bindyadhari, Kansi, Mahananda, Silabati, Haldi And Rasulpur",,527.0,1.6,5.5,2.755,GAMBHIRI,2023-06-30
2023,4174,"RIVER GAMBHIRI NEAR BUS STAND (OLD CITY BRIDGE), CHITTORGARH,RAJASTHAN",RAJASTHAN,"Tributary Streams - Jumar, Ajay, Konar, Garga, Bokaro, Sankh, Barakar, Damodar, Nalkari, Surbarnrekha, Jamunia, Katri, Mathabhanga, Churni, Dwarakeshwar, Jalangi, Rupnarayan, Tarapith, Bindyadhari, Kansi, Mahananda, Silabati, Haldi And Rasulpur",,775.0,2.7,5.3,5.1,GAMBHIRI,2023-06-30
2023,2945,"RIVER CHHAPI AT CHHAPI DAM UPSTREAM , JHALAWAR, RAJASTHAN",RAJASTHAN,"Tributary Streams - Jumar, Ajay, Konar, Garga, Bokaro, Sankh, Barakar, Damodar, Nalkari, Surbarnrekha, Jamunia, Katri, Mathabhanga, Churni, Dwarakeshwar, Jalangi, Rupnarayan, Tarapith, Bindyadhari, Kansi, Mahananda, Silabati, Haldi And Rasulpur",,334.0,1.6,5.65,1.73,CHHAPI,2023-06-30
2023,2946,"RIVER UJAD AT BHIM SAGAR DAM UPSTREAM , JHALAWAR, RAJASTHAN",RAJASTHAN,"Tributary Streams - Jumar, Ajay, Konar, Garga, Bokaro, Sankh, Barakar, Damodar, Nalkari, Surbarnrekha, Jamunia, Katri, Mathabhanga, Churni, Dwarakeshwar, Jalangi, Rupnarayan, Tarapith, Bindyadhari, Kansi, Mahananda, Silabati, Haldi And Rasulpur",,347.5,1.5,5.0,2.375,UJAD,2023-06-30
2023,1262,"RIVER BRAHMAPUTRA AT NIMATIGHAT, ASSAM",ASSAM,Brahamputra,,155.0,2.25,7.35,1.0,BRAHMAPUTRA,2023-06-30
2023,1526,"RIVER BRAHMPUTRA RIVER AT DHENUKHAPAHAR, ASSAM",ASSAM,Brahamputra,,133.0,2.25,7.35,1.2,BRAHMPUTRA RIVER,2023-06-30
2023,1030,"RIVER BRAHMAPUTRA AT DIBRUGARH, ASSAM",ASSAM,Brahamputra,,127.0,2.35,6.25,1.15,BRAHMAPUTRA,2023-06-30
2023,1031,"RIVER BRAHMAPUTRA AT PANDU, ASSAM",ASSAM,Brahamputra,,146.0,2.35,7.3999999999999995,1.05,BRAHMAPUTRA,2023-06-30
2023,1299,"RIVER BRAHMAPUTRA AT JOGIGHOPA NEAR BRIDGE, ASSAM",ASSAM,Brahamputra,,158.0,2.3,5.95,1.5,BRAHMAPUTRA,2023-06-30
2023,2069,"RIVER BRAHMPUTRA NEAR WATER INTAKE POINT AT KACHARIGHAT, PANBAZAR, GUWAHATI, ASSAM",ASSAM,Brahamputra,,173.0,2.35,7.15,1.2,BRAHMPUTRA,2023-06-30
2023,2064,"RIVER BRAHMAPUTRA AT CHANDRAPUR, GUWAHATI, ASSAM",ASSAM,Brahamputra,,153.0,2.3,8.3,1.15,BRAHMAPUTRA,2023-06-30
2023,2067,"RIVER BRAHMPUTRA AT SUALKUCHI, DIST. KAMRUP, ASSAM",ASSAM,Brahamputra,,122.5,2.45,6.6,1.15,BRAHMPUTRA,2023-06-30
2023,2066,"RIVER BRAHMAPUTRA AT DHUBRI, ASSAM",ASSAM,Brahamputra,,149.0,2.25,5.45,1.2,BRAHMAPUTRA,2023-06-30
2023,3781,"RIVER BRAHAMPUTRA AT BOGIBEEL BRIDGE, BOGIBEEL, DIBRUGARH",ASSAM,Brahamputra,,133.0,2.25,6.15,1.0,BRAHAMPUTRA,2023-06-30
2023,4004,RIVER BRAHMAPUTRA AT BISWANATH GHAT,ASSAM,Brahamputra,,142.0,2.35,7.15,1.1,BRAHMAPUTRA,2023-06-30
2023,5610,RIVER BRAHMAPUTRA AT MATIA (BAHATI GHAT),ASSAM,Brahamputra,,125.0,2.15,5.5,0.8,BRAHMAPUTRA,2023-06-30
2023,5612,RIVER BRAHMAPUTRA NEWR DHOLA SADIA BRIDGE,ASSAM,Brahamputra,,114.0,2.15,6.85,0.7,Brahamputra,2023-06-30
2023,4717,RIVER JALDHAKA AT DHUPGURI,WEST BENGAL,"Tributary Streams - Burhidihing, Dhansiri, Bharalu, Dikrong, Gai Nadi, Digaru, Digboi, Dikhow, Kaljani, Gabharu, Tocklai, Tunia, Larsing, Dhateshwari, Demow, Borsila, Barak, Dibang, Dihing, Senki, Dorika, Subansiri, Siang, Baralia, Tihu, Singra, Damring, Manda, Dikchu, Dzu, Kha Ru, Dzucha, Torsa, Beki, Bereng, Bhogdoi, Jhanji, Jia Bharali, Sankosh, Sanuo Ru, Boginadi, Rilang, Myntang, Tlawng, Tuirial, Serlui, Vaipuanpho, Tuikual, Sakhisih, Damdiai, Chite, Tuirini, Tuivawl, Lawibual, Challui, Mat, Siakah, Chhimtuipui, Tuikum, Sesah, Phe, Teirei, Tut, Tuichhuahen, Tiau, Tuipui, Nongal, Simsang, Ganol, Damring, Waikhrwi, Kwai, Teirei, Khawthlangtuipui, Ngengpui Stream, Vantawng, Sderkariah, Laitryngew, Wahkhlek Khlek, Wahrew, Umngi, Rwiang, Kalipai, Kmai Um, Lukha, Myntdu, Lamu, Lynriang, Thlu Umwi, Simsang, Teesta, Sonai, Ranganadi, Rangit, Ranichu, Kapili, Karola, Kathakal, Kharsang, Kohora, Kolong, Kundli, Kushiara, Manu, Nonbah, Kynshi, Wah Blei, Lohit, Manas, Maney Khola, Ganol Tura, Milak, Namchik, Noa Dihing, Pachin, Pagldia, Panchnoi, Poma, Yomgo And Mora",,130.0,2.05,7.15,0.43000000000000005,JALDHAKA,2023-06-30
2023,4718,RIVER SILTORSA AT HASIMARA,WEST BENGAL,"Tributary Streams - Burhidihing, Dhansiri, Bharalu, Dikrong, Gai Nadi, Digaru, Digboi, Dikhow, Kaljani, Gabharu, Tocklai, Tunia, Larsing, Dhateshwari, Demow, Borsila, Barak, Dibang, Dihing, Senki, Dorika, Subansiri, Siang, Baralia, Tihu, Singra, Damring, Manda, Dikchu, Dzu, Kha Ru, Dzucha, Torsa, Beki, Bereng, Bhogdoi, Jhanji, Jia Bharali, Sankosh, Sanuo Ru, Boginadi, Rilang, Myntang, Tlawng, Tuirial, Serlui, Vaipuanpho, Tuikual, Sakhisih, Damdiai, Chite, Tuirini, Tuivawl, Lawibual, Challui, Mat, Siakah, Chhimtuipui, Tuikum, Sesah, Phe, Teirei, Tut, Tuichhuahen, Tiau, Tuipui, Nongal, Simsang, Ganol, Damring, Waikhrwi, Kwai, Teirei, Khawthlangtuipui, Ngengpui Stream, Vantawng, Sderkariah, Laitryngew, Wahkhlek Khlek, Wahrew, Umngi, Rwiang, Kalipai, Kmai Um, Lukha, Myntdu, Lamu, Lynriang, Thlu Umwi, Simsang, Teesta, Sonai, Ranganadi, Rangit, Ranichu, Kapili, Karola, Kathakal, Kharsang, Kohora, Kolong, Kundli, Kushiara, Manu, Nonbah, Kynshi, Wah Blei, Lohit, Manas, Maney Khola, Ganol Tura, Milak, Namchik, Noa Dihing, Pachin, Pagldia, Panchnoi, Poma, Yomgo And Mora",,132.0,1.55,7.6,0.44499999999999995,SILTORSA,2023-06-30
2023,1422,"RIVER BURHIDIHING AT MARGHERITA, ASSAM",ASSAM,"Tributary Streams - Burhidihing, Dhansiri, Bharalu, Dikrong, Gai Nadi, Digaru, Digboi, Dikhow, Kaljani, Gabharu, Tocklai, Tunia, Larsing, Dhateshwari, Demow, Borsila, Barak, Dibang, Dihing, Senki, Dorika, Subansiri, Siang, Baralia, Tihu, Singra, Damring, Manda, Dikchu, Dzu, Kha Ru, Dzucha, Torsa, Beki, Bereng, Bhogdoi, Jhanji, Jia Bharali, Sankosh, Sanuo Ru, Boginadi, Rilang, Myntang, Tlawng, Tuirial, Serlui, Vaipuanpho, Tuikual, Sakhisih, Damdiai, Chite, Tuirini, Tuivawl, Lawibual, Challui, Mat, Siakah, Chhimtuipui, Tuikum, Sesah, Phe, Teirei, Tut, Tuichhuahen, Tiau, Tuipui, Nongal, Simsang, Ganol, Damring, Waikhrwi, Kwai, Teirei, Khawthlangtuipui, Ngengpui Stream, Vantawng, Sderkariah, Laitryngew, Wahkhlek Khlek, Wahrew, Umngi, Rwiang, Kalipai, Kmai Um, Lukha, Myntdu, Lamu, Lynriang, Thlu Umwi, Simsang, Teesta, Sonai, Ranganadi, Rangit, Ranichu, Kapili, Karola, Kathakal, Kharsang, Kohora, Kolong, Kundli, Kushiara, Manu, Nonbah, Kynshi, Wah Blei, Lohit, Manas, Maney Khola, Ganol Tura, Milak, Namchik, Noa Dihing, Pachin, Pagldia, Panchnoi, Poma, Yomgo And Mora",,127.0,2.25,6.699999999999999,1.0,BURHIDIHING,2023-06-30
2023,2062,"RIVER BURHIDIHING NEAR DULIAJAN AT D/S, TINSUKIA, ASSAM",ASSAM,"Tributary Streams - Burhidihing, Dhansiri, Bharalu, Dikrong, Gai Nadi, Digaru, Digboi, Dikhow, Kaljani, Gabharu, Tocklai, Tunia, Larsing, Dhateshwari, Demow, Borsila, Barak, Dibang, Dihing, Senki, Dorika, Subansiri, Siang, Baralia, Tihu, Singra, Damring, Manda, Dikchu, Dzu, Kha Ru, Dzucha, Torsa, Beki, Bereng, Bhogdoi, Jhanji, Jia Bharali, Sankosh, Sanuo Ru, Boginadi, Rilang, Myntang, Tlawng, Tuirial, Serlui, Vaipuanpho, Tuikual, Sakhisih, Damdiai, Chite, Tuirini, Tuivawl, Lawibual, Challui, Mat, Siakah, Chhimtuipui, Tuikum, Sesah, Phe, Teirei, Tut, Tuichhuahen, Tiau, Tuipui, Nongal, Simsang, Ganol, Damring, Waikhrwi, Kwai, Teirei, Khawthlangtuipui, Ngengpui Stream, Vantawng, Sderkariah, Laitryngew, Wahkhlek Khlek, Wahrew, Umngi, Rwiang, Kalipai, Kmai Um, Lukha, Myntdu, Lamu, Lynriang, Thlu Umwi, Simsang, Teesta, Sonai, Ranganadi, Rangit, Ranichu, Kapili, Karola, Kathakal, Kharsang, Kohora, Kolong, Kundli, Kushiara, Manu, Nonbah, Kynshi, Wah Blei, Lohit, Manas, Maney Khola, Ganol Tura, Milak, Namchik, Noa Dihing, Pachin, Pagldia, Panchnoi, Poma, Yomgo And Mora",,158.0,2.4000000000000004,7.05,1.25,BURHIDIHING,2023-06-30
2023,2230,"RIVER BURHIDIHING AT DULIAJAN (INTAKE POINT OF OIL INDIA LTD.), ASSAM",ASSAM,"Tributary Streams - Burhidihing, Dhansiri, Bharalu, Dikrong, Gai Nadi, Digaru, Digboi, Dikhow, Kaljani, Gabharu, Tocklai, Tunia, Larsing, Dhateshwari, Demow, Borsila, Barak, Dibang, Dihing, Senki, Dorika, Subansiri, Siang, Baralia, Tihu, Singra, Damring, Manda, Dikchu, Dzu, Kha Ru, Dzucha, Torsa, Beki, Bereng, Bhogdoi, Jhanji, Jia Bharali, Sankosh, Sanuo Ru, Boginadi, Rilang, Myntang, Tlawng, Tuirial, Serlui, Vaipuanpho, Tuikual, Sakhisih, Damdiai, Chite, Tuirini, Tuivawl, Lawibual, Challui, Mat, Siakah, Chhimtuipui, Tuikum, Sesah, Phe, Teirei, Tut, Tuichhuahen, Tiau, Tuipui, Nongal, Simsang, Ganol, Damring, Waikhrwi, Kwai, Teirei, Khawthlangtuipui, Ngengpui Stream, Vantawng, Sderkariah, Laitryngew, Wahkhlek Khlek, Wahrew, Umngi, Rwiang, Kalipai, Kmai Um, Lukha, Myntdu, Lamu, Lynriang, Thlu Umwi, Simsang, Teesta, Sonai, Ranganadi, Rangit, Ranichu, Kapili, Karola, Kathakal, Kharsang, Kohora, Kolong, Kundli, Kushiara, Manu, Nonbah, Kynshi, Wah Blei, Lohit, Manas, Maney Khola, Ganol Tura, Milak, Namchik, Noa Dihing, Pachin, Pagldia, Panchnoi, Poma, Yomgo And Mora",,152.0,2.3,6.5,1.0499999999999998,BURHIDIHING,2023-06-30
2023,1796,RIVER DHANSIRI AT FULL NAGARJAN BRIDGE,NAGALAND,"Tributary Streams - Burhidihing, Dhansiri, Bharalu, Dikrong, Gai Nadi, Digaru, Digboi, Dikhow, Kaljani, Gabharu, Tocklai, Tunia, Larsing, Dhateshwari, Demow, Borsila, Barak, Dibang, Dihing, Senki, Dorika, Subansiri, Siang, Baralia, Tihu, Singra, Damring, Manda, Dikchu, Dzu, Kha Ru, Dzucha, Torsa, Beki, Bereng, Bhogdoi, Jhanji, Jia Bharali, Sankosh, Sanuo Ru, Boginadi, Rilang, Myntang, Tlawng, Tuirial, Serlui, Vaipuanpho, Tuikual, Sakhisih, Damdiai, Chite, Tuirini, Tuivawl, Lawibual, Challui, Mat, Siakah, Chhimtuipui, Tuikum, Sesah, Phe, Teirei, Tut, Tuichhuahen, Tiau, Tuipui, Nongal, Simsang, Ganol, Damring, Waikhrwi, Kwai, Teirei, Khawthlangtuipui, Ngengpui Stream, Vantawng, Sderkariah, Laitryngew, Wahkhlek Khlek, Wahrew, Umngi, Rwiang, Kalipai, Kmai Um, Lukha, Myntdu, Lamu, Lynriang, Thlu Umwi, Simsang, Teesta, Sonai, Ranganadi, Rangit, Ranichu, Kapili, Karola, Kathakal, Kharsang, Kohora, Kolong, Kundli, Kushiara, Manu, Nonbah, Kynshi, Wah Blei, Lohit, Manas, Maney Khola, Ganol Tura, Milak, Namchik, Noa Dihing, Pachin, Pagldia, Panchnoi, Poma, Yomgo And Mora",,382.5,1.95,6.85,1.0,DHANSIRI,2023-06-30
2023,1797,RIVER DHANSIRI AT BRIDGE NEAR PURANA BAZAAR,NAGALAND,"Tributary Streams - Burhidihing, Dhansiri, Bharalu, Dikrong, Gai Nadi, Digaru, Digboi, Dikhow, Kaljani, Gabharu, Tocklai, Tunia, Larsing, Dhateshwari, Demow, Borsila, Barak, Dibang, Dihing, Senki, Dorika, Subansiri, Siang, Baralia, Tihu, Singra, Damring, Manda, Dikchu, Dzu, Kha Ru, Dzucha, Torsa, Beki, Bereng, Bhogdoi, Jhanji, Jia Bharali, Sankosh, Sanuo Ru, Boginadi, Rilang, Myntang, Tlawng, Tuirial, Serlui, Vaipuanpho, Tuikual, Sakhisih, Damdiai, Chite, Tuirini, Tuivawl, Lawibual, Challui, Mat, Siakah, Chhimtuipui, Tuikum, Sesah, Phe, Teirei, Tut, Tuichhuahen, Tiau, Tuipui, Nongal, Simsang, Ganol, Damring, Waikhrwi, Kwai, Teirei, Khawthlangtuipui, Ngengpui Stream, Vantawng, Sderkariah, Laitryngew, Wahkhlek Khlek, Wahrew, Umngi, Rwiang, Kalipai, Kmai Um, Lukha, Myntdu, Lamu, Lynriang, Thlu Umwi, Simsang, Teesta, Sonai, Ranganadi, Rangit, Ranichu, Kapili, Karola, Kathakal, Kharsang, Kohora, Kolong, Kundli, Kushiara, Manu, Nonbah, Kynshi, Wah Blei, Lohit, Manas, Maney Khola, Ganol Tura, Milak, Namchik, Noa Dihing, Pachin, Pagldia, Panchnoi, Poma, Yomgo And Mora",,189.5,1.95,6.65,1.2,DHANSIRI,2023-06-30
2023,1800,RIVER DHANSIRI AT NOTUN BOSTI NEAR NAGA CEMETERY (OLD),NAGALAND,"Tributary Streams - Burhidihing, Dhansiri, Bharalu, Dikrong, Gai Nadi, Digaru, Digboi, Dikhow, Kaljani, Gabharu, Tocklai, Tunia, Larsing, Dhateshwari, Demow, Borsila, Barak, Dibang, Dihing, Senki, Dorika, Subansiri, Siang, Baralia, Tihu, Singra, Damring, Manda, Dikchu, Dzu, Kha Ru, Dzucha, Torsa, Beki, Bereng, Bhogdoi, Jhanji, Jia Bharali, Sankosh, Sanuo Ru, Boginadi, Rilang, Myntang, Tlawng, Tuirial, Serlui, Vaipuanpho, Tuikual, Sakhisih, Damdiai, Chite, Tuirini, Tuivawl, Lawibual, Challui, Mat, Siakah, Chhimtuipui, Tuikum, Sesah, Phe, Teirei, Tut, Tuichhuahen, Tiau, Tuipui, Nongal, Simsang, Ganol, Damring, Waikhrwi, Kwai, Teirei, Khawthlangtuipui, Ngengpui Stream, Vantawng, Sderkariah, Laitryngew, Wahkhlek Khlek, Wahrew, Umngi, Rwiang, Kalipai, Kmai Um, Lukha, Myntdu, Lamu, Lynriang, Thlu Umwi, Simsang, Teesta, Sonai, Ranganadi, Rangit, Ranichu, Kapili, Karola, Kathakal, Kharsang, Kohora, Kolong, Kundli, Kushiara, Manu, Nonbah, Kynshi, Wah Blei, Lohit, Manas, Maney Khola, Ganol Tura, Milak, Namchik, Noa Dihing, Pachin, Pagldia, Panchnoi, Poma, Yomgo And Mora",,328.0,3.65,4.199999999999999,2.4,DHANSIRI,2023-06-30
2023,1798,"RIVER DHANSIRI AT KUSHIABILL , NEAR KACHARI LOCAL GROUND",NAGALAND,"Tributary Streams - Burhidihing, Dhansiri, Bharalu, Dikrong, Gai Nadi, Digaru, Digboi, Dikhow, Kaljani, Gabharu, Tocklai, Tunia, Larsing, Dhateshwari, Demow, Borsila, Barak, Dibang, Dihing, Senki, Dorika, Subansiri, Siang, Baralia, Tihu, Singra, Damring, Manda, Dikchu, Dzu, Kha Ru, Dzucha, Torsa, Beki, Bereng, Bhogdoi, Jhanji, Jia Bharali, Sankosh, Sanuo Ru, Boginadi, Rilang, Myntang, Tlawng, Tuirial, Serlui, Vaipuanpho, Tuikual, Sakhisih, Damdiai, Chite, Tuirini, Tuivawl, Lawibual, Challui, Mat, Siakah, Chhimtuipui, Tuikum, Sesah, Phe, Teirei, Tut, Tuichhuahen, Tiau, Tuipui, Nongal, Simsang, Ganol, Damring, Waikhrwi, Kwai, Teirei, Khawthlangtuipui, Ngengpui Stream, Vantawng, Sderkariah, Laitryngew, Wahkhlek Khlek, Wahrew, Umngi, Rwiang, Kalipai, Kmai Um, Lukha, Myntdu, Lamu, Lynriang, Thlu Umwi, Simsang, Teesta, Sonai, Ranganadi, Rangit, Ranichu, Kapili, Karola, Kathakal, Kharsang, Kohora, Kolong, Kundli, Kushiara, Manu, Nonbah, Kynshi, Wah Blei, Lohit, Manas, Maney Khola, Ganol Tura, Milak, Namchik, Noa Dihing, Pachin, Pagldia, Panchnoi, Poma, Yomgo And Mora",,182.0,1.95,7.05,0.8999999999999999,DHANSIRI,2023-06-30
2023,1799,RIVER DHANSIRI AT TOWN BOUNDARY BRIDGE (DIPHU ROAD),NAGALAND,"Tributary Streams - Burhidihing, Dhansiri, Bharalu, Dikrong, Gai Nadi, Digaru, Digboi, Dikhow, Kaljani, Gabharu, Tocklai, Tunia, Larsing, Dhateshwari, Demow, Borsila, Barak, Dibang, Dihing, Senki, Dorika, Subansiri, Siang, Baralia, Tihu, Singra, Damring, Manda, Dikchu, Dzu, Kha Ru, Dzucha, Torsa, Beki, Bereng, Bhogdoi, Jhanji, Jia Bharali, Sankosh, Sanuo Ru, Boginadi, Rilang, Myntang, Tlawng, Tuirial, Serlui, Vaipuanpho, Tuikual, Sakhisih, Damdiai, Chite, Tuirini, Tuivawl, Lawibual, Challui, Mat, Siakah, Chhimtuipui, Tuikum, Sesah, Phe, Teirei, Tut, Tuichhuahen, Tiau, Tuipui, Nongal, Simsang, Ganol, Damring, Waikhrwi, Kwai, Teirei, Khawthlangtuipui, Ngengpui Stream, Vantawng, Sderkariah, Laitryngew, Wahkhlek Khlek, Wahrew, Umngi, Rwiang, Kalipai, Kmai Um, Lukha, Myntdu, Lamu, Lynriang, Thlu Umwi, Simsang, Teesta, Sonai, Ranganadi, Rangit, Ranichu, Kapili, Karola, Kathakal, Kharsang, Kohora, Kolong, Kundli, Kushiara, Manu, Nonbah, Kynshi, Wah Blei, Lohit, Manas, Maney Khola, Ganol Tura, Milak, Namchik, Noa Dihing, Pachin, Pagldia, Panchnoi, Poma, Yomgo And Mora",,168.0,2.25,5.699999999999999,1.5,DHANSIRI,2023-06-30
2023,1928,RIVER DHANSIRI NEAR NAGALAND- ASSAM BORDER,NAGALAND,"Tributary Streams - Burhidihing, Dhansiri, Bharalu, Dikrong, Gai Nadi, Digaru, Digboi, Dikhow, Kaljani, Gabharu, Tocklai, Tunia, Larsing, Dhateshwari, Demow, Borsila, Barak, Dibang, Dihing, Senki, Dorika, Subansiri, Siang, Baralia, Tihu, Singra, Damring, Manda, Dikchu, Dzu, Kha Ru, Dzucha, Torsa, Beki, Bereng, Bhogdoi, Jhanji, Jia Bharali, Sankosh, Sanuo Ru, Boginadi, Rilang, Myntang, Tlawng, Tuirial, Serlui, Vaipuanpho, Tuikual, Sakhisih, Damdiai, Chite, Tuirini, Tuivawl, Lawibual, Challui, Mat, Siakah, Chhimtuipui, Tuikum, Sesah, Phe, Teirei, Tut, Tuichhuahen, Tiau, Tuipui, Nongal, Simsang, Ganol, Damring, Waikhrwi, Kwai, Teirei, Khawthlangtuipui, Ngengpui Stream, Vantawng, Sderkariah, Laitryngew, Wahkhlek Khlek, Wahrew, Umngi, Rwiang, Kalipai, Kmai Um, Lukha, Myntdu, Lamu, Lynriang, Thlu Umwi, Simsang, Teesta, Sonai, Ranganadi, Rangit, Ranichu, Kapili, Karola, Kathakal, Kharsang, Kohora, Kolong, Kundli, Kushiara, Manu, Nonbah, Kynshi, Wah Blei, Lohit, Manas, Maney Khola, Ganol Tura, Milak, Namchik, Noa Dihing, Pachin, Pagldia, Panchnoi, Poma, Yomgo And Mora",,488.0,1.7999999999999998,6.35,1.3499999999999999,DHANSIRI,2023-06-30
2023,1259,"RIVER DHANSIRI AT GOLAGHAT, ASSAM",ASSAM,"Tributary Streams - Burhidihing, Dhansiri, Bharalu, Dikrong, Gai Nadi, Digaru, Digboi, Dikhow, Kaljani, Gabharu, Tocklai, Tunia, Larsing, Dhateshwari, Demow, Borsila, Barak, Dibang, Dihing, Senki, Dorika, Subansiri, Siang, Baralia, Tihu, Singra, Damring, Manda, Dikchu, Dzu, Kha Ru, Dzucha, Torsa, Beki, Bereng, Bhogdoi, Jhanji, Jia Bharali, Sankosh, Sanuo Ru, Boginadi, Rilang, Myntang, Tlawng, Tuirial, Serlui, Vaipuanpho, Tuikual, Sakhisih, Damdiai, Chite, Tuirini, Tuivawl, Lawibual, Challui, Mat, Siakah, Chhimtuipui, Tuikum, Sesah, Phe, Teirei, Tut, Tuichhuahen, Tiau, Tuipui, Nongal, Simsang, Ganol, Damring, Waikhrwi, Kwai, Teirei, Khawthlangtuipui, Ngengpui Stream, Vantawng, Sderkariah, Laitryngew, Wahkhlek Khlek, Wahrew, Umngi, Rwiang, Kalipai, Kmai Um, Lukha, Myntdu, Lamu, Lynriang, Thlu Umwi, Simsang, Teesta, Sonai, Ranganadi, Rangit, Ranichu, Kapili, Karola, Kathakal, Kharsang, Kohora, Kolong, Kundli, Kushiara, Manu, Nonbah, Kynshi, Wah Blei, Lohit, Manas, Maney Khola, Ganol Tura, Milak, Namchik, Noa Dihing, Pachin, Pagldia, Panchnoi, Poma, Yomgo And Mora",,154.0,2.3,,1.35,DHANSIRI,2023-06-30
2023,3764,"RIVER DHANSIRI NEAR BRIDGE AT NH-15, DHANSIRI BHALUKMARI JUNGLE, UDALGURI",ASSAM,"Tributary Streams - Burhidihing, Dhansiri, Bharalu, Dikrong, Gai Nadi, Digaru, Digboi, Dikhow, Kaljani, Gabharu, Tocklai, Tunia, Larsing, Dhateshwari, Demow, Borsila, Barak, Dibang, Dihing, Senki, Dorika, Subansiri, Siang, Baralia, Tihu, Singra, Damring, Manda, Dikchu, Dzu, Kha Ru, Dzucha, Torsa, Beki, Bereng, Bhogdoi, Jhanji, Jia Bharali, Sankosh, Sanuo Ru, Boginadi, Rilang, Myntang, Tlawng, Tuirial, Serlui, Vaipuanpho, Tuikual, Sakhisih, Damdiai, Chite, Tuirini, Tuivawl, Lawibual, Challui, Mat, Siakah, Chhimtuipui, Tuikum, Sesah, Phe, Teirei, Tut, Tuichhuahen, Tiau, Tuipui, Nongal, Simsang, Ganol, Damring, Waikhrwi, Kwai, Teirei, Khawthlangtuipui, Ngengpui Stream, Vantawng, Sderkariah, Laitryngew, Wahkhlek Khlek, Wahrew, Umngi, Rwiang, Kalipai, Kmai Um, Lukha, Myntdu, Lamu, Lynriang, Thlu Umwi, Simsang, Teesta, Sonai, Ranganadi, Rangit, Ranichu, Kapili, Karola, Kathakal, Kharsang, Kohora, Kolong, Kundli, Kushiara, Manu, Nonbah, Kynshi, Wah Blei, Lohit, Manas, Maney Khola, Ganol Tura, Milak, Namchik, Noa Dihing, Pachin, Pagldia, Panchnoi, Poma, Yomgo And Mora",,124.0,2.15,6.0,1.25,DHANSIRI,2023-06-30
2023,3792,RIVER DHANSIRI AT JAHAIGHAT,ASSAM,"Tributary Streams - Burhidihing, Dhansiri, Bharalu, Dikrong, Gai Nadi, Digaru, Digboi, Dikhow, Kaljani, Gabharu, Tocklai, Tunia, Larsing, Dhateshwari, Demow, Borsila, Barak, Dibang, Dihing, Senki, Dorika, Subansiri, Siang, Baralia, Tihu, Singra, Damring, Manda, Dikchu, Dzu, Kha Ru, Dzucha, Torsa, Beki, Bereng, Bhogdoi, Jhanji, Jia Bharali, Sankosh, Sanuo Ru, Boginadi, Rilang, Myntang, Tlawng, Tuirial, Serlui, Vaipuanpho, Tuikual, Sakhisih, Damdiai, Chite, Tuirini, Tuivawl, Lawibual, Challui, Mat, Siakah, Chhimtuipui, Tuikum, Sesah, Phe, Teirei, Tut, Tuichhuahen, Tiau, Tuipui, Nongal, Simsang, Ganol, Damring, Waikhrwi, Kwai, Teirei, Khawthlangtuipui, Ngengpui Stream, Vantawng, Sderkariah, Laitryngew, Wahkhlek Khlek, Wahrew, Umngi, Rwiang, Kalipai, Kmai Um, Lukha, Myntdu, Lamu, Lynriang, Thlu Umwi, Simsang, Teesta, Sonai, Ranganadi, Rangit, Ranichu, Kapili, Karola, Kathakal, Kharsang, Kohora, Kolong, Kundli, Kushiara, Manu, Nonbah, Kynshi, Wah Blei, Lohit, Manas, Maney Khola, Ganol Tura, Milak, Namchik, Noa Dihing, Pachin, Pagldia, Panchnoi, Poma, Yomgo And Mora",,138.0,2.25,7.55,1.15,DHANSIRI,2023-06-30
2023,30070,RIVER DHANSIRI AT GANESH NAGAR,NAGALAND,"Tributary Streams - Burhidihing, Dhansiri, Bharalu, Dikrong, Gai Nadi, Digaru, Digboi, Dikhow, Kaljani, Gabharu, Tocklai, Tunia, Larsing, Dhateshwari, Demow, Borsila, Barak, Dibang, Dihing, Senki, Dorika, Subansiri, Siang, Baralia, Tihu, Singra, Damring, Manda, Dikchu, Dzu, Kha Ru, Dzucha, Torsa, Beki, Bereng, Bhogdoi, Jhanji, Jia Bharali, Sankosh, Sanuo Ru, Boginadi, Rilang, Myntang, Tlawng, Tuirial, Serlui, Vaipuanpho, Tuikual, Sakhisih, Damdiai, Chite, Tuirini, Tuivawl, Lawibual, Challui, Mat, Siakah, Chhimtuipui, Tuikum, Sesah, Phe, Teirei, Tut, Tuichhuahen, Tiau, Tuipui, Nongal, Simsang, Ganol, Damring, Waikhrwi, Kwai, Teirei, Khawthlangtuipui, Ngengpui Stream, Vantawng, Sderkariah, Laitryngew, Wahkhlek Khlek, Wahrew, Umngi, Rwiang, Kalipai, Kmai Um, Lukha, Myntdu, Lamu, Lynriang, Thlu Umwi, Simsang, Teesta, Sonai, Ranganadi, Rangit, Ranichu, Kapili, Karola, Kathakal, Kharsang, Kohora, Kolong, Kundli, Kushiara, Manu, Nonbah, Kynshi, Wah Blei, Lohit, Manas, Maney Khola, Ganol Tura, Milak, Namchik, Noa Dihing, Pachin, Pagldia, Panchnoi, Poma, Yomgo And Mora",,177.5,5.0,8.3,0.325,DHANSIRI,2023-06-30
2023,30071,RIVER DHANSIRI AT NAGARJAN BRIDGE,NAGALAND,"Tributary Streams - Burhidihing, Dhansiri, Bharalu, Dikrong, Gai Nadi, Digaru, Digboi, Dikhow, Kaljani, Gabharu, Tocklai, Tunia, Larsing, Dhateshwari, Demow, Borsila, Barak, Dibang, Dihing, Senki, Dorika, Subansiri, Siang, Baralia, Tihu, Singra, Damring, Manda, Dikchu, Dzu, Kha Ru, Dzucha, Torsa, Beki, Bereng, Bhogdoi, Jhanji, Jia Bharali, Sankosh, Sanuo Ru, Boginadi, Rilang, Myntang, Tlawng, Tuirial, Serlui, Vaipuanpho, Tuikual, Sakhisih, Damdiai, Chite, Tuirini, Tuivawl, Lawibual, Challui, Mat, Siakah, Chhimtuipui, Tuikum, Sesah, Phe, Teirei, Tut, Tuichhuahen, Tiau, Tuipui, Nongal, Simsang, Ganol, Damring, Waikhrwi, Kwai, Teirei, Khawthlangtuipui, Ngengpui Stream, Vantawng, Sderkariah, Laitryngew, Wahkhlek Khlek, Wahrew, Umngi, Rwiang, Kalipai, Kmai Um, Lukha, Myntdu, Lamu, Lynriang, Thlu Umwi, Simsang, Teesta, Sonai, Ranganadi, Rangit, Ranichu, Kapili, Karola, Kathakal, Kharsang, Kohora, Kolong, Kundli, Kushiara, Manu, Nonbah, Kynshi, Wah Blei, Lohit, Manas, Maney Khola, Ganol Tura, Milak, Namchik, Noa Dihing, Pachin, Pagldia, Panchnoi, Poma, Yomgo And Mora",,159.0,2.0,,0.33,DHANSIRI,2023-06-30
2023,30072,RIVER DHANSIRI AT KHATKATI GATE,NAGALAND,"Tributary Streams - Burhidihing, Dhansiri, Bharalu, Dikrong, Gai Nadi, Digaru, Digboi, Dikhow, Kaljani, Gabharu, Tocklai, Tunia, Larsing, Dhateshwari, Demow, Borsila, Barak, Dibang, Dihing, Senki, Dorika, Subansiri, Siang, Baralia, Tihu, Singra, Damring, Manda, Dikchu, Dzu, Kha Ru, Dzucha, Torsa, Beki, Bereng, Bhogdoi, Jhanji, Jia Bharali, Sankosh, Sanuo Ru, Boginadi, Rilang, Myntang, Tlawng, Tuirial, Serlui, Vaipuanpho, Tuikual, Sakhisih, Damdiai, Chite, Tuirini, Tuivawl, Lawibual, Challui, Mat, Siakah, Chhimtuipui, Tuikum, Sesah, Phe, Teirei, Tut, Tuichhuahen, Tiau, Tuipui, Nongal, Simsang, Ganol, Damring, Waikhrwi, Kwai, Teirei, Khawthlangtuipui, Ngengpui Stream, Vantawng, Sderkariah, Laitryngew, Wahkhlek Khlek, Wahrew, Umngi, Rwiang, Kalipai, Kmai Um, Lukha, Myntdu, Lamu, Lynriang, Thlu Umwi, Simsang, Teesta, Sonai, Ranganadi, Rangit, Ranichu, Kapili, Karola, Kathakal, Kharsang, Kohora, Kolong, Kundli, Kushiara, Manu, Nonbah, Kynshi, Wah Blei, Lohit, Manas, Maney Khola, Ganol Tura, Milak, Namchik, Noa Dihing, Pachin, Pagldia, Panchnoi, Poma, Yomgo And Mora",,189.0,2.45,6.65,0.66,DHANSIRI,2023-06-30
2023,30073,RIVER DHANSIRI AT BOKAJAN,ASSAM,"Tributary Streams - Burhidihing, Dhansiri, Bharalu, Dikrong, Gai Nadi, Digaru, Digboi, Dikhow, Kaljani, Gabharu, Tocklai, Tunia, Larsing, Dhateshwari, Demow, Borsila, Barak, Dibang, Dihing, Senki, Dorika, Subansiri, Siang, Baralia, Tihu, Singra, Damring, Manda, Dikchu, Dzu, Kha Ru, Dzucha, Torsa, Beki, Bereng, Bhogdoi, Jhanji, Jia Bharali, Sankosh, Sanuo Ru, Boginadi, Rilang, Myntang, Tlawng, Tuirial, Serlui, Vaipuanpho, Tuikual, Sakhisih, Damdiai, Chite, Tuirini, Tuivawl, Lawibual, Challui, Mat, Siakah, Chhimtuipui, Tuikum, Sesah, Phe, Teirei, Tut, Tuichhuahen, Tiau, Tuipui, Nongal, Simsang, Ganol, Damring, Waikhrwi, Kwai, Teirei, Khawthlangtuipui, Ngengpui Stream, Vantawng, Sderkariah, Laitryngew, Wahkhlek Khlek, Wahrew, Umngi, Rwiang, Kalipai, Kmai Um, Lukha, Myntdu, Lamu, Lynriang, Thlu Umwi, Simsang, Teesta, Sonai, Ranganadi, Rangit, Ranichu, Kapili, Karola, Kathakal, Kharsang, Kohora, Kolong, Kundli, Kushiara, Manu, Nonbah, Kynshi, Wah Blei, Lohit, Manas, Maney Khola, Ganol Tura, Milak, Namchik, Noa Dihing, Pachin, Pagldia, Panchnoi, Poma, Yomgo And Mora",,184.5,2.95,7.65,0.7000000000000001,DHANSIRI,2023-06-30
2023,30074,RIVER DHANSIRI AT NUMALIGARH,ASSAM,"Tributary Streams - Burhidihing, Dhansiri, Bharalu, Dikrong, Gai Nadi, Digaru, Digboi, Dikhow, Kaljani, Gabharu, Tocklai, Tunia, Larsing, Dhateshwari, Demow, Borsila, Barak, Dibang, Dihing, Senki, Dorika, Subansiri, Siang, Baralia, Tihu, Singra, Damring, Manda, Dikchu, Dzu, Kha Ru, Dzucha, Torsa, Beki, Bereng, Bhogdoi, Jhanji, Jia Bharali, Sankosh, Sanuo Ru, Boginadi, Rilang, Myntang, Tlawng, Tuirial, Serlui, Vaipuanpho, Tuikual, Sakhisih, Damdiai, Chite, Tuirini, Tuivawl, Lawibual, Challui, Mat, Siakah, Chhimtuipui, Tuikum, Sesah, Phe, Teirei, Tut, Tuichhuahen, Tiau, Tuipui, Nongal, Simsang, Ganol, Damring, Waikhrwi, Kwai, Teirei, Khawthlangtuipui, Ngengpui Stream, Vantawng, Sderkariah, Laitryngew, Wahkhlek Khlek, Wahrew, Umngi, Rwiang, Kalipai, Kmai Um, Lukha, Myntdu, Lamu, Lynriang, Thlu Umwi, Simsang, Teesta, Sonai, Ranganadi, Rangit, Ranichu, Kapili, Karola, Kathakal, Kharsang, Kohora, Kolong, Kundli, Kushiara, Manu, Nonbah, Kynshi, Wah Blei, Lohit, Manas, Maney Khola, Ganol Tura, Milak, Namchik, Noa Dihing, Pachin, Pagldia, Panchnoi, Poma, Yomgo And Mora",,,,8.1,0.7100000000000001,DHANSIRI,2023-06-30
2023,1528,"RIVER BHARALU AT GUWAHATI, ASSAM",ASSAM,"Tributary Streams - Burhidihing, Dhansiri, Bharalu, Dikrong, Gai Nadi, Digaru, Digboi, Dikhow, Kaljani, Gabharu, Tocklai, Tunia, Larsing, Dhateshwari, Demow, Borsila, Barak, Dibang, Dihing, Senki, Dorika, Subansiri, Siang, Baralia, Tihu, Singra, Damring, Manda, Dikchu, Dzu, Kha Ru, Dzucha, Torsa, Beki, Bereng, Bhogdoi, Jhanji, Jia Bharali, Sankosh, Sanuo Ru, Boginadi, Rilang, Myntang, Tlawng, Tuirial, Serlui, Vaipuanpho, Tuikual, Sakhisih, Damdiai, Chite, Tuirini, Tuivawl, Lawibual, Challui, Mat, Siakah, Chhimtuipui, Tuikum, Sesah, Phe, Teirei, Tut, Tuichhuahen, Tiau, Tuipui, Nongal, Simsang, Ganol, Damring, Waikhrwi, Kwai, Teirei, Khawthlangtuipui, Ngengpui Stream, Vantawng, Sderkariah, Laitryngew, Wahkhlek Khlek, Wahrew, Umngi, Rwiang, Kalipai, Kmai Um, Lukha, Myntdu, Lamu, Lynriang, Thlu Umwi, Simsang, Teesta, Sonai, Ranganadi, Rangit, Ranichu, Kapili, Karola, Kathakal, Kharsang, Kohora, Kolong, Kundli, Kushiara, Manu, Nonbah, Kynshi, Wah Blei, Lohit, Manas, Maney Khola, Ganol Tura, Milak, Namchik, Noa Dihing, Pachin, Pagldia, Panchnoi, Poma, Yomgo And Mora",,,,0.65,,BHARALU,2023-06-30
2023,3786,"RIVER GAI NADI AT SOMARAJAN, DHEMAJI",ASSAM,"Tributary Streams - Burhidihing, Dhansiri, Bharalu, Dikrong, Gai Nadi, Digaru, Digboi, Dikhow, Kaljani, Gabharu, Tocklai, Tunia, Larsing, Dhateshwari, Demow, Borsila, Barak, Dibang, Dihing, Senki, Dorika, Subansiri, Siang, Baralia, Tihu, Singra, Damring, Manda, Dikchu, Dzu, Kha Ru, Dzucha, Torsa, Beki, Bereng, Bhogdoi, Jhanji, Jia Bharali, Sankosh, Sanuo Ru, Boginadi, Rilang, Myntang, Tlawng, Tuirial, Serlui, Vaipuanpho, Tuikual, Sakhisih, Damdiai, Chite, Tuirini, Tuivawl, Lawibual, Challui, Mat, Siakah, Chhimtuipui, Tuikum, Sesah, Phe, Teirei, Tut, Tuichhuahen, Tiau, Tuipui, Nongal, Simsang, Ganol, Damring, Waikhrwi, Kwai, Teirei, Khawthlangtuipui, Ngengpui Stream, Vantawng, Sderkariah, Laitryngew, Wahkhlek Khlek, Wahrew, Umngi, Rwiang, Kalipai, Kmai Um, Lukha, Myntdu, Lamu, Lynriang, Thlu Umwi, Simsang, Teesta, Sonai, Ranganadi, Rangit, Ranichu, Kapili, Karola, Kathakal, Kharsang, Kohora, Kolong, Kundli, Kushiara, Manu, Nonbah, Kynshi, Wah Blei, Lohit, Manas, Maney Khola, Ganol Tura, Milak, Namchik, Noa Dihing, Pachin, Pagldia, Panchnoi, Poma, Yomgo And Mora",,157.0,2.3,6.5,0.8,GAI NADI,2023-06-30
2023,3807,RIVER DIGARU AT NH CROSSING,ASSAM,"Tributary Streams - Burhidihing, Dhansiri, Bharalu, Dikrong, Gai Nadi, Digaru, Digboi, Dikhow, Kaljani, Gabharu, Tocklai, Tunia, Larsing, Dhateshwari, Demow, Borsila, Barak, Dibang, Dihing, Senki, Dorika, Subansiri, Siang, Baralia, Tihu, Singra, Damring, Manda, Dikchu, Dzu, Kha Ru, Dzucha, Torsa, Beki, Bereng, Bhogdoi, Jhanji, Jia Bharali, Sankosh, Sanuo Ru, Boginadi, Rilang, Myntang, Tlawng, Tuirial, Serlui, Vaipuanpho, Tuikual, Sakhisih, Damdiai, Chite, Tuirini, Tuivawl, Lawibual, Challui, Mat, Siakah, Chhimtuipui, Tuikum, Sesah, Phe, Teirei, Tut, Tuichhuahen, Tiau, Tuipui, Nongal, Simsang, Ganol, Damring, Waikhrwi, Kwai, Teirei, Khawthlangtuipui, Ngengpui Stream, Vantawng, Sderkariah, Laitryngew, Wahkhlek Khlek, Wahrew, Umngi, Rwiang, Kalipai, Kmai Um, Lukha, Myntdu, Lamu, Lynriang, Thlu Umwi, Simsang, Teesta, Sonai, Ranganadi, Rangit, Ranichu, Kapili, Karola, Kathakal, Kharsang, Kohora, Kolong, Kundli, Kushiara, Manu, Nonbah, Kynshi, Wah Blei, Lohit, Manas, Maney Khola, Ganol Tura, Milak, Namchik, Noa Dihing, Pachin, Pagldia, Panchnoi, Poma, Yomgo And Mora",,118.5,2.25,7.0,0.95,DIGARU,2023-06-30
2023,1530,"RIVER DIGBOI AT LAKHIPATHE, RESERVE FOREST, DIGBOI, ASSAM",ASSAM,"Tributary Streams - Burhidihing, Dhansiri, Bharalu, Dikrong, Gai Nadi, Digaru, Digboi, Dikhow, Kaljani, Gabharu, Tocklai, Tunia, Larsing, Dhateshwari, Demow, Borsila, Barak, Dibang, Dihing, Senki, Dorika, Subansiri, Siang, Baralia, Tihu, Singra, Damring, Manda, Dikchu, Dzu, Kha Ru, Dzucha, Torsa, Beki, Bereng, Bhogdoi, Jhanji, Jia Bharali, Sankosh, Sanuo Ru, Boginadi, Rilang, Myntang, Tlawng, Tuirial, Serlui, Vaipuanpho, Tuikual, Sakhisih, Damdiai, Chite, Tuirini, Tuivawl, Lawibual, Challui, Mat, Siakah, Chhimtuipui, Tuikum, Sesah, Phe, Teirei, Tut, Tuichhuahen, Tiau, Tuipui, Nongal, Simsang, Ganol, Damring, Waikhrwi, Kwai, Teirei, Khawthlangtuipui, Ngengpui Stream, Vantawng, Sderkariah, Laitryngew, Wahkhlek Khlek, Wahrew, Umngi, Rwiang, Kalipai, Kmai Um, Lukha, Myntdu, Lamu, Lynriang, Thlu Umwi, Simsang, Teesta, Sonai, Ranganadi, Rangit, Ranichu, Kapili, Karola, Kathakal, Kharsang, Kohora, Kolong, Kundli, Kushiara, Manu, Nonbah, Kynshi, Wah Blei, Lohit, Manas, Maney Khola, Ganol Tura, Milak, Namchik, Noa Dihing, Pachin, Pagldia, Panchnoi, Poma, Yomgo And Mora",,214.0,3.2,3.9,1.35,DIGBOI,2023-06-30
2023,3776,"RIVER DIKHOW AT NAGINI MORA (INTER-STATE BOUNDARIES, ASSAM-NAGALAND)",ASSAM,"Tributary Streams - Burhidihing, Dhansiri, Bharalu, Dikrong, Gai Nadi, Digaru, Digboi, Dikhow, Kaljani, Gabharu, Tocklai, Tunia, Larsing, Dhateshwari, Demow, Borsila, Barak, Dibang, Dihing, Senki, Dorika, Subansiri, Siang, Baralia, Tihu, Singra, Damring, Manda, Dikchu, Dzu, Kha Ru, Dzucha, Torsa, Beki, Bereng, Bhogdoi, Jhanji, Jia Bharali, Sankosh, Sanuo Ru, Boginadi, Rilang, Myntang, Tlawng, Tuirial, Serlui, Vaipuanpho, Tuikual, Sakhisih, Damdiai, Chite, Tuirini, Tuivawl, Lawibual, Challui, Mat, Siakah, Chhimtuipui, Tuikum, Sesah, Phe, Teirei, Tut, Tuichhuahen, Tiau, Tuipui, Nongal, Simsang, Ganol, Damring, Waikhrwi, Kwai, Teirei, Khawthlangtuipui, Ngengpui Stream, Vantawng, Sderkariah, Laitryngew, Wahkhlek Khlek, Wahrew, Umngi, Rwiang, Kalipai, Kmai Um, Lukha, Myntdu, Lamu, Lynriang, Thlu Umwi, Simsang, Teesta, Sonai, Ranganadi, Rangit, Ranichu, Kapili, Karola, Kathakal, Kharsang, Kohora, Kolong, Kundli, Kushiara, Manu, Nonbah, Kynshi, Wah Blei, Lohit, Manas, Maney Khola, Ganol Tura, Milak, Namchik, Noa Dihing, Pachin, Pagldia, Panchnoi, Poma, Yomgo And Mora",,146.0,2.15,6.85,0.8,DIKHOW,2023-06-30
2023,3778,RIVER DIKHOW AT DIKHOWMUKH CONFLUENCE WITH BRAHAMPUTRA,ASSAM,"Tributary Streams - Burhidihing, Dhansiri, Bharalu, Dikrong, Gai Nadi, Digaru, Digboi, Dikhow, Kaljani, Gabharu, Tocklai, Tunia, Larsing, Dhateshwari, Demow, Borsila, Barak, Dibang, Dihing, Senki, Dorika, Subansiri, Siang, Baralia, Tihu, Singra, Damring, Manda, Dikchu, Dzu, Kha Ru, Dzucha, Torsa, Beki, Bereng, Bhogdoi, Jhanji, Jia Bharali, Sankosh, Sanuo Ru, Boginadi, Rilang, Myntang, Tlawng, Tuirial, Serlui, Vaipuanpho, Tuikual, Sakhisih, Damdiai, Chite, Tuirini, Tuivawl, Lawibual, Challui, Mat, Siakah, Chhimtuipui, Tuikum, Sesah, Phe, Teirei, Tut, Tuichhuahen, Tiau, Tuipui, Nongal, Simsang, Ganol, Damring, Waikhrwi, Kwai, Teirei, Khawthlangtuipui, Ngengpui Stream, Vantawng, Sderkariah, Laitryngew, Wahkhlek Khlek, Wahrew, Umngi, Rwiang, Kalipai, Kmai Um, Lukha, Myntdu, Lamu, Lynriang, Thlu Umwi, Simsang, Teesta, Sonai, Ranganadi, Rangit, Ranichu, Kapili, Karola, Kathakal, Kharsang, Kohora, Kolong, Kundli, Kushiara, Manu, Nonbah, Kynshi, Wah Blei, Lohit, Manas, Maney Khola, Ganol Tura, Milak, Namchik, Noa Dihing, Pachin, Pagldia, Panchnoi, Poma, Yomgo And Mora",,173.5,2.15,6.85,0.9500000000000001,DIKHOW,2023-06-30
2023,2524,"RIVER KALJANI D/S OF ALIPURDWAR, MUNICIPALITY DISCHARGE POINT, COOCHBEHAR",WEST BENGAL,"Tributary Streams - Burhidihing, Dhansiri, Bharalu, Dikrong, Gai Nadi, Digaru, Digboi, Dikhow, Kaljani, Gabharu, Tocklai, Tunia, Larsing, Dhateshwari, Demow, Borsila, Barak, Dibang, Dihing, Senki, Dorika, Subansiri, Siang, Baralia, Tihu, Singra, Damring, Manda, Dikchu, Dzu, Kha Ru, Dzucha, Torsa, Beki, Bereng, Bhogdoi, Jhanji, Jia Bharali, Sankosh, Sanuo Ru, Boginadi, Rilang, Myntang, Tlawng, Tuirial, Serlui, Vaipuanpho, Tuikual, Sakhisih, Damdiai, Chite, Tuirini, Tuivawl, Lawibual, Challui, Mat, Siakah, Chhimtuipui, Tuikum, Sesah, Phe, Teirei, Tut, Tuichhuahen, Tiau, Tuipui, Nongal, Simsang, Ganol, Damring, Waikhrwi, Kwai, Teirei, Khawthlangtuipui, Ngengpui Stream, Vantawng, Sderkariah, Laitryngew, Wahkhlek Khlek, Wahrew, Umngi, Rwiang, Kalipai, Kmai Um, Lukha, Myntdu, Lamu, Lynriang, Thlu Umwi, Simsang, Teesta, Sonai, Ranganadi, Rangit, Ranichu, Kapili, Karola, Kathakal, Kharsang, Kohora, Kolong, Kundli, Kushiara, Manu, Nonbah, Kynshi, Wah Blei, Lohit, Manas, Maney Khola, Ganol Tura, Milak, Namchik, Noa Dihing, Pachin, Pagldia, Panchnoi, Poma, Yomgo And Mora",,98.0,1.9,7.1,0.33999999999999997,KALJANI,2023-06-30
2023,1298,"RIVER DISANG AT GUDAMGHAT, ASSAM",ASSAM,"Tributary Streams - Burhidihing, Dhansiri, Bharalu, Dikrong, Gai Nadi, Digaru, Digboi, Dikhow, Kaljani, Gabharu, Tocklai, Tunia, Larsing, Dhateshwari, Demow, Borsila, Barak, Dibang, Dihing, Senki, Dorika, Subansiri, Siang, Baralia, Tihu, Singra, Damring, Manda, Dikchu, Dzu, Kha Ru, Dzucha, Torsa, Beki, Bereng, Bhogdoi, Jhanji, Jia Bharali, Sankosh, Sanuo Ru, Boginadi, Rilang, Myntang, Tlawng, Tuirial, Serlui, Vaipuanpho, Tuikual, Sakhisih, Damdiai, Chite, Tuirini, Tuivawl, Lawibual, Challui, Mat, Siakah, Chhimtuipui, Tuikum, Sesah, Phe, Teirei, Tut, Tuichhuahen, Tiau, Tuipui, Nongal, Simsang, Ganol, Damring, Waikhrwi, Kwai, Teirei, Khawthlangtuipui, Ngengpui Stream, Vantawng, Sderkariah, Laitryngew, Wahkhlek Khlek, Wahrew, Umngi, Rwiang, Kalipai, Kmai Um, Lukha, Myntdu, Lamu, Lynriang, Thlu Umwi, Simsang, Teesta, Sonai, Ranganadi, Rangit, Ranichu, Kapili, Karola, Kathakal, Kharsang, Kohora, Kolong, Kundli, Kushiara, Manu, Nonbah, Kynshi, Wah Blei, Lohit, Manas, Maney Khola, Ganol Tura, Milak, Namchik, Noa Dihing, Pachin, Pagldia, Panchnoi, Poma, Yomgo And Mora",,112.0,2.05,6.300000000000001,0.8999999999999999,DISANG,2023-06-30
2023,2058,"RIVER DISANG AT DILLIGHAT, DIBRUGARH DIST., ASSAM",ASSAM,"Tributary Streams - Burhidihing, Dhansiri, Bharalu, Dikrong, Gai Nadi, Digaru, Digboi, Dikhow, Kaljani, Gabharu, Tocklai, Tunia, Larsing, Dhateshwari, Demow, Borsila, Barak, Dibang, Dihing, Senki, Dorika, Subansiri, Siang, Baralia, Tihu, Singra, Damring, Manda, Dikchu, Dzu, Kha Ru, Dzucha, Torsa, Beki, Bereng, Bhogdoi, Jhanji, Jia Bharali, Sankosh, Sanuo Ru, Boginadi, Rilang, Myntang, Tlawng, Tuirial, Serlui, Vaipuanpho, Tuikual, Sakhisih, Damdiai, Chite, Tuirini, Tuivawl, Lawibual, Challui, Mat, Siakah, Chhimtuipui, Tuikum, Sesah, Phe, Teirei, Tut, Tuichhuahen, Tiau, Tuipui, Nongal, Simsang, Ganol, Damring, Waikhrwi, Kwai, Teirei, Khawthlangtuipui, Ngengpui Stream, Vantawng, Sderkariah, Laitryngew, Wahkhlek Khlek, Wahrew, Umngi, Rwiang, Kalipai, Kmai Um, Lukha, Myntdu, Lamu, Lynriang, Thlu Umwi, Simsang, Teesta, Sonai, Ranganadi, Rangit, Ranichu, Kapili, Karola, Kathakal, Kharsang, Kohora, Kolong, Kundli, Kushiara, Manu, Nonbah, Kynshi, Wah Blei, Lohit, Manas, Maney Khola, Ganol Tura, Milak, Namchik, Noa Dihing, Pachin, Pagldia, Panchnoi, Poma, Yomgo And Mora",,154.0,2.1,,1.0,DISANG,2023-06-30
2023,4005,RIVER DISANG AT NH CROSSING,ASSAM,"Tributary Streams - Burhidihing, Dhansiri, Bharalu, Dikrong, Gai Nadi, Digaru, Digboi, Dikhow, Kaljani, Gabharu, Tocklai, Tunia, Larsing, Dhateshwari, Demow, Borsila, Barak, Dibang, Dihing, Senki, Dorika, Subansiri, Siang, Baralia, Tihu, Singra, Damring, Manda, Dikchu, Dzu, Kha Ru, Dzucha, Torsa, Beki, Bereng, Bhogdoi, Jhanji, Jia Bharali, Sankosh, Sanuo Ru, Boginadi, Rilang, Myntang, Tlawng, Tuirial, Serlui, Vaipuanpho, Tuikual, Sakhisih, Damdiai, Chite, Tuirini, Tuivawl, Lawibual, Challui, Mat, Siakah, Chhimtuipui, Tuikum, Sesah, Phe, Teirei, Tut, Tuichhuahen, Tiau, Tuipui, Nongal, Simsang, Ganol, Damring, Waikhrwi, Kwai, Teirei, Khawthlangtuipui, Ngengpui Stream, Vantawng, Sderkariah, Laitryngew, Wahkhlek Khlek, Wahrew, Umngi, Rwiang, Kalipai, Kmai Um, Lukha, Myntdu, Lamu, Lynriang, Thlu Umwi, Simsang, Teesta, Sonai, Ranganadi, Rangit, Ranichu, Kapili, Karola, Kathakal, Kharsang, Kohora, Kolong, Kundli, Kushiara, Manu, Nonbah, Kynshi, Wah Blei, Lohit, Manas, Maney Khola, Ganol Tura, Milak, Namchik, Noa Dihing, Pachin, Pagldia, Panchnoi, Poma, Yomgo And Mora",,124.0,2.1,6.4,0.9,DISANG,2023-06-30
2023,3763,"RIVER GABHARU NEAR BRIDGE AT NH-52, NEAR TUMIUKI, SONITPUR",ASSAM,"Tributary Streams - Burhidihing, Dhansiri, Bharalu, Dikrong, Gai Nadi, Digaru, Digboi, Dikhow, Kaljani, Gabharu, Tocklai, Tunia, Larsing, Dhateshwari, Demow, Borsila, Barak, Dibang, Dihing, Senki, Dorika, Subansiri, Siang, Baralia, Tihu, Singra, Damring, Manda, Dikchu, Dzu, Kha Ru, Dzucha, Torsa, Beki, Bereng, Bhogdoi, Jhanji, Jia Bharali, Sankosh, Sanuo Ru, Boginadi, Rilang, Myntang, Tlawng, Tuirial, Serlui, Vaipuanpho, Tuikual, Sakhisih, Damdiai, Chite, Tuirini, Tuivawl, Lawibual, Challui, Mat, Siakah, Chhimtuipui, Tuikum, Sesah, Phe, Teirei, Tut, Tuichhuahen, Tiau, Tuipui, Nongal, Simsang, Ganol, Damring, Waikhrwi, Kwai, Teirei, Khawthlangtuipui, Ngengpui Stream, Vantawng, Sderkariah, Laitryngew, Wahkhlek Khlek, Wahrew, Umngi, Rwiang, Kalipai, Kmai Um, Lukha, Myntdu, Lamu, Lynriang, Thlu Umwi, Simsang, Teesta, Sonai, Ranganadi, Rangit, Ranichu, Kapili, Karola, Kathakal, Kharsang, Kohora, Kolong, Kundli, Kushiara, Manu, Nonbah, Kynshi, Wah Blei, Lohit, Manas, Maney Khola, Ganol Tura, Milak, Namchik, Noa Dihing, Pachin, Pagldia, Panchnoi, Poma, Yomgo And Mora",,119.0,2.3,5.65,1.0,GABHARU,2023-06-30
2023,4011,RIVER TOCKLAI NEAR BRIDGE AT JORHAT,ASSAM,"Tributary Streams - Burhidihing, Dhansiri, Bharalu, Dikrong, Gai Nadi, Digaru, Digboi, Dikhow, Kaljani, Gabharu, Tocklai, Tunia, Larsing, Dhateshwari, Demow, Borsila, Barak, Dibang, Dihing, Senki, Dorika, Subansiri, Siang, Baralia, Tihu, Singra, Damring, Manda, Dikchu, Dzu, Kha Ru, Dzucha, Torsa, Beki, Bereng, Bhogdoi, Jhanji, Jia Bharali, Sankosh, Sanuo Ru, Boginadi, Rilang, Myntang, Tlawng, Tuirial, Serlui, Vaipuanpho, Tuikual, Sakhisih, Damdiai, Chite, Tuirini, Tuivawl, Lawibual, Challui, Mat, Siakah, Chhimtuipui, Tuikum, Sesah, Phe, Teirei, Tut, Tuichhuahen, Tiau, Tuipui, Nongal, Simsang, Ganol, Damring, Waikhrwi, Kwai, Teirei, Khawthlangtuipui, Ngengpui Stream, Vantawng, Sderkariah, Laitryngew, Wahkhlek Khlek, Wahrew, Umngi, Rwiang, Kalipai, Kmai Um, Lukha, Myntdu, Lamu, Lynriang, Thlu Umwi, Simsang, Teesta, Sonai, Ranganadi, Rangit, Ranichu, Kapili, Karola, Kathakal, Kharsang, Kohora, Kolong, Kundli, Kushiara, Manu, Nonbah, Kynshi, Wah Blei, Lohit, Manas, Maney Khola, Ganol Tura, Milak, Namchik, Noa Dihing, Pachin, Pagldia, Panchnoi, Poma, Yomgo And Mora",,230.0,2.4,5.9,1.05,TOCKLAI,2023-06-30
2023,4012,RIVER TUNIA AT D/S BRPL,ASSAM,"Tributary Streams - Burhidihing, Dhansiri, Bharalu, Dikrong, Gai Nadi, Digaru, Digboi, Dikhow, Kaljani, Gabharu, Tocklai, Tunia, Larsing, Dhateshwari, Demow, Borsila, Barak, Dibang, Dihing, Senki, Dorika, Subansiri, Siang, Baralia, Tihu, Singra, Damring, Manda, Dikchu, Dzu, Kha Ru, Dzucha, Torsa, Beki, Bereng, Bhogdoi, Jhanji, Jia Bharali, Sankosh, Sanuo Ru, Boginadi, Rilang, Myntang, Tlawng, Tuirial, Serlui, Vaipuanpho, Tuikual, Sakhisih, Damdiai, Chite, Tuirini, Tuivawl, Lawibual, Challui, Mat, Siakah, Chhimtuipui, Tuikum, Sesah, Phe, Teirei, Tut, Tuichhuahen, Tiau, Tuipui, Nongal, Simsang, Ganol, Damring, Waikhrwi, Kwai, Teirei, Khawthlangtuipui, Ngengpui Stream, Vantawng, Sderkariah, Laitryngew, Wahkhlek Khlek, Wahrew, Umngi, Rwiang, Kalipai, Kmai Um, Lukha, Myntdu, Lamu, Lynriang, Thlu Umwi, Simsang, Teesta, Sonai, Ranganadi, Rangit, Ranichu, Kapili, Karola, Kathakal, Kharsang, Kohora, Kolong, Kundli, Kushiara, Manu, Nonbah, Kynshi, Wah Blei, Lohit, Manas, Maney Khola, Ganol Tura, Milak, Namchik, Noa Dihing, Pachin, Pagldia, Panchnoi, Poma, Yomgo And Mora",,151.0,2.25,5.25,1.35,TUNIA,2023-06-30
2023,4329,RIVER LARSING NEAR LOCL DEPO AT MOINARBOND,ASSAM,"Tributary Streams - Burhidihing, Dhansiri, Bharalu, Dikrong, Gai Nadi, Digaru, Digboi, Dikhow, Kaljani, Gabharu, Tocklai, Tunia, Larsing, Dhateshwari, Demow, Borsila, Barak, Dibang, Dihing, Senki, Dorika, Subansiri, Siang, Baralia, Tihu, Singra, Damring, Manda, Dikchu, Dzu, Kha Ru, Dzucha, Torsa, Beki, Bereng, Bhogdoi, Jhanji, Jia Bharali, Sankosh, Sanuo Ru, Boginadi, Rilang, Myntang, Tlawng, Tuirial, Serlui, Vaipuanpho, Tuikual, Sakhisih, Damdiai, Chite, Tuirini, Tuivawl, Lawibual, Challui, Mat, Siakah, Chhimtuipui, Tuikum, Sesah, Phe, Teirei, Tut, Tuichhuahen, Tiau, Tuipui, Nongal, Simsang, Ganol, Damring, Waikhrwi, Kwai, Teirei, Khawthlangtuipui, Ngengpui Stream, Vantawng, Sderkariah, Laitryngew, Wahkhlek Khlek, Wahrew, Umngi, Rwiang, Kalipai, Kmai Um, Lukha, Myntdu, Lamu, Lynriang, Thlu Umwi, Simsang, Teesta, Sonai, Ranganadi, Rangit, Ranichu, Kapili, Karola, Kathakal, Kharsang, Kohora, Kolong, Kundli, Kushiara, Manu, Nonbah, Kynshi, Wah Blei, Lohit, Manas, Maney Khola, Ganol Tura, Milak, Namchik, Noa Dihing, Pachin, Pagldia, Panchnoi, Poma, Yomgo And Mora",,112.5,2.15,5.2,0.85,LARSING,2023-06-30
2023,4331,RIVER DHATESHWARI D/S OF HAILAKANDI,ASSAM,"Tributary Streams - Burhidihing, Dhansiri, Bharalu, Dikrong, Gai Nadi, Digaru, Digboi, Dikhow, Kaljani, Gabharu, Tocklai, Tunia, Larsing, Dhateshwari, Demow, Borsila, Barak, Dibang, Dihing, Senki, Dorika, Subansiri, Siang, Baralia, Tihu, Singra, Damring, Manda, Dikchu, Dzu, Kha Ru, Dzucha, Torsa, Beki, Bereng, Bhogdoi, Jhanji, Jia Bharali, Sankosh, Sanuo Ru, Boginadi, Rilang, Myntang, Tlawng, Tuirial, Serlui, Vaipuanpho, Tuikual, Sakhisih, Damdiai, Chite, Tuirini, Tuivawl, Lawibual, Challui, Mat, Siakah, Chhimtuipui, Tuikum, Sesah, Phe, Teirei, Tut, Tuichhuahen, Tiau, Tuipui, Nongal, Simsang, Ganol, Damring, Waikhrwi, Kwai, Teirei, Khawthlangtuipui, Ngengpui Stream, Vantawng, Sderkariah, Laitryngew, Wahkhlek Khlek, Wahrew, Umngi, Rwiang, Kalipai, Kmai Um, Lukha, Myntdu, Lamu, Lynriang, Thlu Umwi, Simsang, Teesta, Sonai, Ranganadi, Rangit, Ranichu, Kapili, Karola, Kathakal, Kharsang, Kohora, Kolong, Kundli, Kushiara, Manu, Nonbah, Kynshi, Wah Blei, Lohit, Manas, Maney Khola, Ganol Tura, Milak, Namchik, Noa Dihing, Pachin, Pagldia, Panchnoi, Poma, Yomgo And Mora",,145.0,2.4,4.95,1.1,DHATESHWARI,2023-06-30
2023,4332,RIVER DEMOW AT DEMOW TOWN,ASSAM,"Tributary Streams - Burhidihing, Dhansiri, Bharalu, Dikrong, Gai Nadi, Digaru, Digboi, Dikhow, Kaljani, Gabharu, Tocklai, Tunia, Larsing, Dhateshwari, Demow, Borsila, Barak, Dibang, Dihing, Senki, Dorika, Subansiri, Siang, Baralia, Tihu, Singra, Damring, Manda, Dikchu, Dzu, Kha Ru, Dzucha, Torsa, Beki, Bereng, Bhogdoi, Jhanji, Jia Bharali, Sankosh, Sanuo Ru, Boginadi, Rilang, Myntang, Tlawng, Tuirial, Serlui, Vaipuanpho, Tuikual, Sakhisih, Damdiai, Chite, Tuirini, Tuivawl, Lawibual, Challui, Mat, Siakah, Chhimtuipui, Tuikum, Sesah, Phe, Teirei, Tut, Tuichhuahen, Tiau, Tuipui, Nongal, Simsang, Ganol, Damring, Waikhrwi, Kwai, Teirei, Khawthlangtuipui, Ngengpui Stream, Vantawng, Sderkariah, Laitryngew, Wahkhlek Khlek, Wahrew, Umngi, Rwiang, Kalipai, Kmai Um, Lukha, Myntdu, Lamu, Lynriang, Thlu Umwi, Simsang, Teesta, Sonai, Ranganadi, Rangit, Ranichu, Kapili, Karola, Kathakal, Kharsang, Kohora, Kolong, Kundli, Kushiara, Manu, Nonbah, Kynshi, Wah Blei, Lohit, Manas, Maney Khola, Ganol Tura, Milak, Namchik, Noa Dihing, Pachin, Pagldia, Panchnoi, Poma, Yomgo And Mora",,120.0,2.25,6.65,1.0,DEMOW,2023-06-30
2023,4336,"RIVER BORSILA AT BORSILA, DEOPANI, NAMTI",ASSAM,"Tributary Streams - Burhidihing, Dhansiri, Bharalu, Dikrong, Gai Nadi, Digaru, Digboi, Dikhow, Kaljani, Gabharu, Tocklai, Tunia, Larsing, Dhateshwari, Demow, Borsila, Barak, Dibang, Dihing, Senki, Dorika, Subansiri, Siang, Baralia, Tihu, Singra, Damring, Manda, Dikchu, Dzu, Kha Ru, Dzucha, Torsa, Beki, Bereng, Bhogdoi, Jhanji, Jia Bharali, Sankosh, Sanuo Ru, Boginadi, Rilang, Myntang, Tlawng, Tuirial, Serlui, Vaipuanpho, Tuikual, Sakhisih, Damdiai, Chite, Tuirini, Tuivawl, Lawibual, Challui, Mat, Siakah, Chhimtuipui, Tuikum, Sesah, Phe, Teirei, Tut, Tuichhuahen, Tiau, Tuipui, Nongal, Simsang, Ganol, Damring, Waikhrwi, Kwai, Teirei, Khawthlangtuipui, Ngengpui Stream, Vantawng, Sderkariah, Laitryngew, Wahkhlek Khlek, Wahrew, Umngi, Rwiang, Kalipai, Kmai Um, Lukha, Myntdu, Lamu, Lynriang, Thlu Umwi, Simsang, Teesta, Sonai, Ranganadi, Rangit, Ranichu, Kapili, Karola, Kathakal, Kharsang, Kohora, Kolong, Kundli, Kushiara, Manu, Nonbah, Kynshi, Wah Blei, Lohit, Manas, Maney Khola, Ganol Tura, Milak, Namchik, Noa Dihing, Pachin, Pagldia, Panchnoi, Poma, Yomgo And Mora",,92.5,2.1,6.45,0.8999999999999999,BORSILA,2023-06-30
2023,4341,"RIVER BARNADI NEAR BRIDGE, NH-52, DUMUNICHOWKI KAMRUP",ASSAM,"Tributary Streams - Burhidihing, Dhansiri, Bharalu, Dikrong, Gai Nadi, Digaru, Digboi, Dikhow, Kaljani, Gabharu, Tocklai, Tunia, Larsing, Dhateshwari, Demow, Borsila, Barak, Dibang, Dihing, Senki, Dorika, Subansiri, Siang, Baralia, Tihu, Singra, Damring, Manda, Dikchu, Dzu, Kha Ru, Dzucha, Torsa, Beki, Bereng, Bhogdoi, Jhanji, Jia Bharali, Sankosh, Sanuo Ru, Boginadi, Rilang, Myntang, Tlawng, Tuirial, Serlui, Vaipuanpho, Tuikual, Sakhisih, Damdiai, Chite, Tuirini, Tuivawl, Lawibual, Challui, Mat, Siakah, Chhimtuipui, Tuikum, Sesah, Phe, Teirei, Tut, Tuichhuahen, Tiau, Tuipui, Nongal, Simsang, Ganol, Damring, Waikhrwi, Kwai, Teirei, Khawthlangtuipui, Ngengpui Stream, Vantawng, Sderkariah, Laitryngew, Wahkhlek Khlek, Wahrew, Umngi, Rwiang, Kalipai, Kmai Um, Lukha, Myntdu, Lamu, Lynriang, Thlu Umwi, Simsang, Teesta, Sonai, Ranganadi, Rangit, Ranichu, Kapili, Karola, Kathakal, Kharsang, Kohora, Kolong, Kundli, Kushiara, Manu, Nonbah, Kynshi, Wah Blei, Lohit, Manas, Maney Khola, Ganol Tura, Milak, Namchik, Noa Dihing, Pachin, Pagldia, Panchnoi, Poma, Yomgo And Mora",,134.0,2.2,7.4,0.9,BARNADI,2023-06-30
2023,2838,"RIVER NONEY/IJEI AT NONEY BRIDGE, NONEY",MANIPUR,"Tributary Streams - Burhidihing, Dhansiri, Bharalu, Dikrong, Gai Nadi, Digaru, Digboi, Dikhow, Kaljani, Gabharu, Tocklai, Tunia, Larsing, Dhateshwari, Demow, Borsila, Barak, Dibang, Dihing, Senki, Dorika, Subansiri, Siang, Baralia, Tihu, Singra, Damring, Manda, Dikchu, Dzu, Kha Ru, Dzucha, Torsa, Beki, Bereng, Bhogdoi, Jhanji, Jia Bharali, Sankosh, Sanuo Ru, Boginadi, Rilang, Myntang, Tlawng, Tuirial, Serlui, Vaipuanpho, Tuikual, Sakhisih, Damdiai, Chite, Tuirini, Tuivawl, Lawibual, Challui, Mat, Siakah, Chhimtuipui, Tuikum, Sesah, Phe, Teirei, Tut, Tuichhuahen, Tiau, Tuipui, Nongal, Simsang, Ganol, Damring, Waikhrwi, Kwai, Teirei, Khawthlangtuipui, Ngengpui Stream, Vantawng, Sderkariah, Laitryngew, Wahkhlek Khlek, Wahrew, Umngi, Rwiang, Kalipai, Kmai Um, Lukha, Myntdu, Lamu, Lynriang, Thlu Umwi, Simsang, Teesta, Sonai, Ranganadi, Rangit, Ranichu, Kapili, Karola, Kathakal, Kharsang, Kohora, Kolong, Kundli, Kushiara, Manu, Nonbah, Kynshi, Wah Blei, Lohit, Manas, Maney Khola, Ganol Tura, Milak, Namchik, Noa Dihing, Pachin, Pagldia, Panchnoi, Poma, Yomgo And Mora",,175.0,3.25,7.25,0.0,NONEY/IJEI,2023-06-30
2023,2240,"RIVER BARAK AT D/S OF SILCHAR, ASSAM",ASSAM,"Tributary Streams - Burhidihing, Dhansiri, Bharalu, Dikrong, Gai Nadi, Digaru, Digboi, Dikhow, Kaljani, Gabharu, Tocklai, Tunia, Larsing, Dhateshwari, Demow, Borsila, Barak, Dibang, Dihing, Senki, Dorika, Subansiri, Siang, Baralia, Tihu, Singra, Damring, Manda, Dikchu, Dzu, Kha Ru, Dzucha, Torsa, Beki, Bereng, Bhogdoi, Jhanji, Jia Bharali, Sankosh, Sanuo Ru, Boginadi, Rilang, Myntang, Tlawng, Tuirial, Serlui, Vaipuanpho, Tuikual, Sakhisih, Damdiai, Chite, Tuirini, Tuivawl, Lawibual, Challui, Mat, Siakah, Chhimtuipui, Tuikum, Sesah, Phe, Teirei, Tut, Tuichhuahen, Tiau, Tuipui, Nongal, Simsang, Ganol, Damring, Waikhrwi, Kwai, Teirei, Khawthlangtuipui, Ngengpui Stream, Vantawng, Sderkariah, Laitryngew, Wahkhlek Khlek, Wahrew, Umngi, Rwiang, Kalipai, Kmai Um, Lukha, Myntdu, Lamu, Lynriang, Thlu Umwi, Simsang, Teesta, Sonai, Ranganadi, Rangit, Ranichu, Kapili, Karola, Kathakal, Kharsang, Kohora, Kolong, Kundli, Kushiara, Manu, Nonbah, Kynshi, Wah Blei, Lohit, Manas, Maney Khola, Ganol Tura, Milak, Namchik, Noa Dihing, Pachin, Pagldia, Panchnoi, Poma, Yomgo And Mora",,103.0,2.4,5.3,0.8999999999999999,BARAK,2023-06-30
2023,2869,RIVER BARAK AT SENAPATI,MANIPUR,"Tributary Streams - Burhidihing, Dhansiri, Bharalu, Dikrong, Gai Nadi, Digaru, Digboi, Dikhow, Kaljani, Gabharu, Tocklai, Tunia, Larsing, Dhateshwari, Demow, Borsila, Barak, Dibang, Dihing, Senki, Dorika, Subansiri, Siang, Baralia, Tihu, Singra, Damring, Manda, Dikchu, Dzu, Kha Ru, Dzucha, Torsa, Beki, Bereng, Bhogdoi, Jhanji, Jia Bharali, Sankosh, Sanuo Ru, Boginadi, Rilang, Myntang, Tlawng, Tuirial, Serlui, Vaipuanpho, Tuikual, Sakhisih, Damdiai, Chite, Tuirini, Tuivawl, Lawibual, Challui, Mat, Siakah, Chhimtuipui, Tuikum, Sesah, Phe, Teirei, Tut, Tuichhuahen, Tiau, Tuipui, Nongal, Simsang, Ganol, Damring, Waikhrwi, Kwai, Teirei, Khawthlangtuipui, Ngengpui Stream, Vantawng, Sderkariah, Laitryngew, Wahkhlek Khlek, Wahrew, Umngi, Rwiang, Kalipai, Kmai Um, Lukha, Myntdu, Lamu, Lynriang, Thlu Umwi, Simsang, Teesta, Sonai, Ranganadi, Rangit, Ranichu, Kapili, Karola, Kathakal, Kharsang, Kohora, Kolong, Kundli, Kushiara, Manu, Nonbah, Kynshi, Wah Blei, Lohit, Manas, Maney Khola, Ganol Tura, Milak, Namchik, Noa Dihing, Pachin, Pagldia, Panchnoi, Poma, Yomgo And Mora",,236.0,3.15,7.35,0.0,BARAK,2023-06-30
2023,2875,"RIVER BARAK AT N.H. 53, TAMENGLONG",MANIPUR,"Tributary Streams - Burhidihing, Dhansiri, Bharalu, Dikrong, Gai Nadi, Digaru, Digboi, Dikhow, Kaljani, Gabharu, Tocklai, Tunia, Larsing, Dhateshwari, Demow, Borsila, Barak, Dibang, Dihing, Senki, Dorika, Subansiri, Siang, Baralia, Tihu, Singra, Damring, Manda, Dikchu, Dzu, Kha Ru, Dzucha, Torsa, Beki, Bereng, Bhogdoi, Jhanji, Jia Bharali, Sankosh, Sanuo Ru, Boginadi, Rilang, Myntang, Tlawng, Tuirial, Serlui, Vaipuanpho, Tuikual, Sakhisih, Damdiai, Chite, Tuirini, Tuivawl, Lawibual, Challui, Mat, Siakah, Chhimtuipui, Tuikum, Sesah, Phe, Teirei, Tut, Tuichhuahen, Tiau, Tuipui, Nongal, Simsang, Ganol, Damring, Waikhrwi, Kwai, Teirei, Khawthlangtuipui, Ngengpui Stream, Vantawng, Sderkariah, Laitryngew, Wahkhlek Khlek, Wahrew, Umngi, Rwiang, Kalipai, Kmai Um, Lukha, Myntdu, Lamu, Lynriang, Thlu Umwi, Simsang, Teesta, Sonai, Ranganadi, Rangit, Ranichu, Kapili, Karola, Kathakal, Kharsang, Kohora, Kolong, Kundli, Kushiara, Manu, Nonbah, Kynshi, Wah Blei, Lohit, Manas, Maney Khola, Ganol Tura, Milak, Namchik, Noa Dihing, Pachin, Pagldia, Panchnoi, Poma, Yomgo And Mora",,162.0,3.2,7.2,0.0,BARAK,2023-06-30
2023,1423,"RIVER BARAK RIVER AT PANCHAGRAM , ASSAM",ASSAM,"Tributary Streams - Burhidihing, Dhansiri, Bharalu, Dikrong, Gai Nadi, Digaru, Digboi, Dikhow, Kaljani, Gabharu, Tocklai, Tunia, Larsing, Dhateshwari, Demow, Borsila, Barak, Dibang, Dihing, Senki, Dorika, Subansiri, Siang, Baralia, Tihu, Singra, Damring, Manda, Dikchu, Dzu, Kha Ru, Dzucha, Torsa, Beki, Bereng, Bhogdoi, Jhanji, Jia Bharali, Sankosh, Sanuo Ru, Boginadi, Rilang, Myntang, Tlawng, Tuirial, Serlui, Vaipuanpho, Tuikual, Sakhisih, Damdiai, Chite, Tuirini, Tuivawl, Lawibual, Challui, Mat, Siakah, Chhimtuipui, Tuikum, Sesah, Phe, Teirei, Tut, Tuichhuahen, Tiau, Tuipui, Nongal, Simsang, Ganol, Damring, Waikhrwi, Kwai, Teirei, Khawthlangtuipui, Ngengpui Stream, Vantawng, Sderkariah, Laitryngew, Wahkhlek Khlek, Wahrew, Umngi, Rwiang, Kalipai, Kmai Um, Lukha, Myntdu, Lamu, Lynriang, Thlu Umwi, Simsang, Teesta, Sonai, Ranganadi, Rangit, Ranichu, Kapili, Karola, Kathakal, Kharsang, Kohora, Kolong, Kundli, Kushiara, Manu, Nonbah, Kynshi, Wah Blei, Lohit, Manas, Maney Khola, Ganol Tura, Milak, Namchik, Noa Dihing, Pachin, Pagldia, Panchnoi, Poma, Yomgo And Mora",,118.0,2.4000000000000004,6.15,0.8999999999999999,BARAK RIVER,2023-06-30
2023,4649,RIVER MANU AT MANUBAZAR,TRIPURA,"Tributary Streams - Burhidihing, Dhansiri, Bharalu, Dikrong, Gai Nadi, Digaru, Digboi, Dikhow, Kaljani, Gabharu, Tocklai, Tunia, Larsing, Dhateshwari, Demow, Borsila, Barak, Dibang, Dihing, Senki, Dorika, Subansiri, Siang, Baralia, Tihu, Singra, Damring, Manda, Dikchu, Dzu, Kha Ru, Dzucha, Torsa, Beki, Bereng, Bhogdoi, Jhanji, Jia Bharali, Sankosh, Sanuo Ru, Boginadi, Rilang, Myntang, Tlawng, Tuirial, Serlui, Vaipuanpho, Tuikual, Sakhisih, Damdiai, Chite, Tuirini, Tuivawl, Lawibual, Challui, Mat, Siakah, Chhimtuipui, Tuikum, Sesah, Phe, Teirei, Tut, Tuichhuahen, Tiau, Tuipui, Nongal, Simsang, Ganol, Damring, Waikhrwi, Kwai, Teirei, Khawthlangtuipui, Ngengpui Stream, Vantawng, Sderkariah, Laitryngew, Wahkhlek Khlek, Wahrew, Umngi, Rwiang, Kalipai, Kmai Um, Lukha, Myntdu, Lamu, Lynriang, Thlu Umwi, Simsang, Teesta, Sonai, Ranganadi, Rangit, Ranichu, Kapili, Karola, Kathakal, Kharsang, Kohora, Kolong, Kundli, Kushiara, Manu, Nonbah, Kynshi, Wah Blei, Lohit, Manas, Maney Khola, Ganol Tura, Milak, Namchik, Noa Dihing, Pachin, Pagldia, Panchnoi, Poma, Yomgo And Mora",,162.5,1.65,5.800000000000001,1.8,MANU,2023-06-30
2023,4650,RIVER MANU AT CHAILENGTA,TRIPURA,"Tributary Streams - Burhidihing, Dhansiri, Bharalu, Dikrong, Gai Nadi, Digaru, Digboi, Dikhow, Kaljani, Gabharu, Tocklai, Tunia, Larsing, Dhateshwari, Demow, Borsila, Barak, Dibang, Dihing, Senki, Dorika, Subansiri, Siang, Baralia, Tihu, Singra, Damring, Manda, Dikchu, Dzu, Kha Ru, Dzucha, Torsa, Beki, Bereng, Bhogdoi, Jhanji, Jia Bharali, Sankosh, Sanuo Ru, Boginadi, Rilang, Myntang, Tlawng, Tuirial, Serlui, Vaipuanpho, Tuikual, Sakhisih, Damdiai, Chite, Tuirini, Tuivawl, Lawibual, Challui, Mat, Siakah, Chhimtuipui, Tuikum, Sesah, Phe, Teirei, Tut, Tuichhuahen, Tiau, Tuipui, Nongal, Simsang, Ganol, Damring, Waikhrwi, Kwai, Teirei, Khawthlangtuipui, Ngengpui Stream, Vantawng, Sderkariah, Laitryngew, Wahkhlek Khlek, Wahrew, Umngi, Rwiang, Kalipai, Kmai Um, Lukha, Myntdu, Lamu, Lynriang, Thlu Umwi, Simsang, Teesta, Sonai, Ranganadi, Rangit, Ranichu, Kapili, Karola, Kathakal, Kharsang, Kohora, Kolong, Kundli, Kushiara, Manu, Nonbah, Kynshi, Wah Blei, Lohit, Manas, Maney Khola, Ganol Tura, Milak, Namchik, Noa Dihing, Pachin, Pagldia, Panchnoi, Poma, Yomgo And Mora",,165.5,1.5,5.7,1.65,MANU,2023-06-30
2023,2877,RIVER KHUGA (TUITHA) DAM ON KHUGA RIVER,MANIPUR,"Tributary Streams - Burhidihing, Dhansiri, Bharalu, Dikrong, Gai Nadi, Digaru, Digboi, Dikhow, Kaljani, Gabharu, Tocklai, Tunia, Larsing, Dhateshwari, Demow, Borsila, Barak, Dibang, Dihing, Senki, Dorika, Subansiri, Siang, Baralia, Tihu, Singra, Damring, Manda, Dikchu, Dzu, Kha Ru, Dzucha, Torsa, Beki, Bereng, Bhogdoi, Jhanji, Jia Bharali, Sankosh, Sanuo Ru, Boginadi, Rilang, Myntang, Tlawng, Tuirial, Serlui, Vaipuanpho, Tuikual, Sakhisih, Damdiai, Chite, Tuirini, Tuivawl, Lawibual, Challui, Mat, Siakah, Chhimtuipui, Tuikum, Sesah, Phe, Teirei, Tut, Tuichhuahen, Tiau, Tuipui, Nongal, Simsang, Ganol, Damring, Waikhrwi, Kwai, Teirei, Khawthlangtuipui, Ngengpui Stream, Vantawng, Sderkariah, Laitryngew, Wahkhlek Khlek, Wahrew, Umngi, Rwiang, Kalipai, Kmai Um, Lukha, Myntdu, Lamu, Lynriang, Thlu Umwi, Simsang, Teesta, Sonai, Ranganadi, Rangit, Ranichu, Kapili, Karola, Kathakal, Kharsang, Kohora, Kolong, Kundli, Kushiara, Manu, Nonbah, Kynshi, Wah Blei, Lohit, Manas, Maney Khola, Ganol Tura, Milak, Namchik, Noa Dihing, Pachin, Pagldia, Panchnoi, Poma, Yomgo And Mora",,180.0,3.15,7.300000000000001,0.0,"Burhidihing, Dhansiri, Bharalu, Dikrong, Gai Nadi, Digaru, Digboi, Dikhow, Kaljani, Gabharu, Tocklai, Tunia, Larsing, Dhateshwari, Demow, Borsila, Barak, Dibang, Dihing, Senki, Dorika, Subansiri, Siang, Baralia, Tihu, Singra, Damring, Manda, Dikchu, Dzu, Kha Ru, Dzucha, Torsa, Beki, Bereng, Bhogdoi, Jhanji, Jia Bharali, Sankosh, Sanuo Ru, Boginadi, Rilang, Myntang, Tlawng, Tuirial, Serlui, Vaipuanpho, Tuikual, Sakhisih, Damdiai, Chite, Tuirini, Tuivawl, Lawibual, Challui, Mat, Siakah, Chhimtuipui, Tuikum, Sesah, Phe, Teirei, Tut, Tuichhuahen, Tiau, Tuipui, Nongal, Simsang, Ganol, Damring, Waikhrwi, Kwai, Teirei, Khawthlangtuipui, Ngengpui Stream, Vantawng, Sderkariah, Laitryngew, Wahkhlek Khlek, Wahrew, Umngi, Rwiang, Kalipai, Kmai Um, Lukha, Myntdu, Lamu, Lynriang, Thlu Umwi, Simsang, Teesta, Sonai, Ranganadi, Rangit, Ranichu, Kapili, Karola, Kathakal, Kharsang, Kohora, Kolong, Kundli, Kushiara, Manu, Nonbah, Kynshi, Wah Blei, Lohit, Manas, Maney Khola, Ganol Tura, Milak, Namchik, Noa Dihing, Pachin, Pagldia, Panchnoi, Poma, Yomgo And Mora",2023-06-30
2023,2878,RIVER THONGJAOROK AT THONGJAOROK BRIDGE,MANIPUR,"Tributary Streams - Burhidihing, Dhansiri, Bharalu, Dikrong, Gai Nadi, Digaru, Digboi, Dikhow, Kaljani, Gabharu, Tocklai, Tunia, Larsing, Dhateshwari, Demow, Borsila, Barak, Dibang, Dihing, Senki, Dorika, Subansiri, Siang, Baralia, Tihu, Singra, Damring, Manda, Dikchu, Dzu, Kha Ru, Dzucha, Torsa, Beki, Bereng, Bhogdoi, Jhanji, Jia Bharali, Sankosh, Sanuo Ru, Boginadi, Rilang, Myntang, Tlawng, Tuirial, Serlui, Vaipuanpho, Tuikual, Sakhisih, Damdiai, Chite, Tuirini, Tuivawl, Lawibual, Challui, Mat, Siakah, Chhimtuipui, Tuikum, Sesah, Phe, Teirei, Tut, Tuichhuahen, Tiau, Tuipui, Nongal, Simsang, Ganol, Damring, Waikhrwi, Kwai, Teirei, Khawthlangtuipui, Ngengpui Stream, Vantawng, Sderkariah, Laitryngew, Wahkhlek Khlek, Wahrew, Umngi, Rwiang, Kalipai, Kmai Um, Lukha, Myntdu, Lamu, Lynriang, Thlu Umwi, Simsang, Teesta, Sonai, Ranganadi, Rangit, Ranichu, Kapili, Karola, Kathakal, Kharsang, Kohora, Kolong, Kundli, Kushiara, Manu, Nonbah, Kynshi, Wah Blei, Lohit, Manas, Maney Khola, Ganol Tura, Milak, Namchik, Noa Dihing, Pachin, Pagldia, Panchnoi, Poma, Yomgo And Mora",,170.0,3.35,7.3,,THONGJAOROK,2023-06-30
2023,2242,"RIVER KUSHIARA AT KARIMGANJ, ASSAM",ASSAM,"Tributary Streams - Burhidihing, Dhansiri, Bharalu, Dikrong, Gai Nadi, Digaru, Digboi, Dikhow, Kaljani, Gabharu, Tocklai, Tunia, Larsing, Dhateshwari, Demow, Borsila, Barak, Dibang, Dihing, Senki, Dorika, Subansiri, Siang, Baralia, Tihu, Singra, Damring, Manda, Dikchu, Dzu, Kha Ru, Dzucha, Torsa, Beki, Bereng, Bhogdoi, Jhanji, Jia Bharali, Sankosh, Sanuo Ru, Boginadi, Rilang, Myntang, Tlawng, Tuirial, Serlui, Vaipuanpho, Tuikual, Sakhisih, Damdiai, Chite, Tuirini, Tuivawl, Lawibual, Challui, Mat, Siakah, Chhimtuipui, Tuikum, Sesah, Phe, Teirei, Tut, Tuichhuahen, Tiau, Tuipui, Nongal, Simsang, Ganol, Damring, Waikhrwi, Kwai, Teirei, Khawthlangtuipui, Ngengpui Stream, Vantawng, Sderkariah, Laitryngew, Wahkhlek Khlek, Wahrew, Umngi, Rwiang, Kalipai, Kmai Um, Lukha, Myntdu, Lamu, Lynriang, Thlu Umwi, Simsang, Teesta, Sonai, Ranganadi, Rangit, Ranichu, Kapili, Karola, Kathakal, Kharsang, Kohora, Kolong, Kundli, Kushiara, Manu, Nonbah, Kynshi, Wah Blei, Lohit, Manas, Maney Khola, Ganol Tura, Milak, Namchik, Noa Dihing, Pachin, Pagldia, Panchnoi, Poma, Yomgo And Mora",,96.0,2.25,6.0,0.95,KUSHIARA,2023-06-30
2023,1925,"RIVER KHUGA (TUITHA) AT RENGKAI, CHURACHANDPUR",MANIPUR,"Tributary Streams - Burhidihing, Dhansiri, Bharalu, Dikrong, Gai Nadi, Digaru, Digboi, Dikhow, Kaljani, Gabharu, Tocklai, Tunia, Larsing, Dhateshwari, Demow, Borsila, Barak, Dibang, Dihing, Senki, Dorika, Subansiri, Siang, Baralia, Tihu, Singra, Damring, Manda, Dikchu, Dzu, Kha Ru, Dzucha, Torsa, Beki, Bereng, Bhogdoi, Jhanji, Jia Bharali, Sankosh, Sanuo Ru, Boginadi, Rilang, Myntang, Tlawng, Tuirial, Serlui, Vaipuanpho, Tuikual, Sakhisih, Damdiai, Chite, Tuirini, Tuivawl, Lawibual, Challui, Mat, Siakah, Chhimtuipui, Tuikum, Sesah, Phe, Teirei, Tut, Tuichhuahen, Tiau, Tuipui, Nongal, Simsang, Ganol, Damring, Waikhrwi, Kwai, Teirei, Khawthlangtuipui, Ngengpui Stream, Vantawng, Sderkariah, Laitryngew, Wahkhlek Khlek, Wahrew, Umngi, Rwiang, Kalipai, Kmai Um, Lukha, Myntdu, Lamu, Lynriang, Thlu Umwi, Simsang, Teesta, Sonai, Ranganadi, Rangit, Ranichu, Kapili, Karola, Kathakal, Kharsang, Kohora, Kolong, Kundli, Kushiara, Manu, Nonbah, Kynshi, Wah Blei, Lohit, Manas, Maney Khola, Ganol Tura, Milak, Namchik, Noa Dihing, Pachin, Pagldia, Panchnoi, Poma, Yomgo And Mora",,357.0,3.9,6.35,0.0,"Burhidihing, Dhansiri, Bharalu, Dikrong, Gai Nadi, Digaru, Digboi, Dikhow, Kaljani, Gabharu, Tocklai, Tunia, Larsing, Dhateshwari, Demow, Borsila, Barak, Dibang, Dihing, Senki, Dorika, Subansiri, Siang, Baralia, Tihu, Singra, Damring, Manda, Dikchu, Dzu, Kha Ru, Dzucha, Torsa, Beki, Bereng, Bhogdoi, Jhanji, Jia Bharali, Sankosh, Sanuo Ru, Boginadi, Rilang, Myntang, Tlawng, Tuirial, Serlui, Vaipuanpho, Tuikual, Sakhisih, Damdiai, Chite, Tuirini, Tuivawl, Lawibual, Challui, Mat, Siakah, Chhimtuipui, Tuikum, Sesah, Phe, Teirei, Tut, Tuichhuahen, Tiau, Tuipui, Nongal, Simsang, Ganol, Damring, Waikhrwi, Kwai, Teirei, Khawthlangtuipui, Ngengpui Stream, Vantawng, Sderkariah, Laitryngew, Wahkhlek Khlek, Wahrew, Umngi, Rwiang, Kalipai, Kmai Um, Lukha, Myntdu, Lamu, Lynriang, Thlu Umwi, Simsang, Teesta, Sonai, Ranganadi, Rangit, Ranichu, Kapili, Karola, Kathakal, Kharsang, Kohora, Kolong, Kundli, Kushiara, Manu, Nonbah, Kynshi, Wah Blei, Lohit, Manas, Maney Khola, Ganol Tura, Milak, Namchik, Noa Dihing, Pachin, Pagldia, Panchnoi, Poma, Yomgo And Mora",2023-06-30
2023,2880,RIVER NAMBUL AT BISHNUPUR,MANIPUR,"Tributary Streams - Burhidihing, Dhansiri, Bharalu, Dikrong, Gai Nadi, Digaru, Digboi, Dikhow, Kaljani, Gabharu, Tocklai, Tunia, Larsing, Dhateshwari, Demow, Borsila, Barak, Dibang, Dihing, Senki, Dorika, Subansiri, Siang, Baralia, Tihu, Singra, Damring, Manda, Dikchu, Dzu, Kha Ru, Dzucha, Torsa, Beki, Bereng, Bhogdoi, Jhanji, Jia Bharali, Sankosh, Sanuo Ru, Boginadi, Rilang, Myntang, Tlawng, Tuirial, Serlui, Vaipuanpho, Tuikual, Sakhisih, Damdiai, Chite, Tuirini, Tuivawl, Lawibual, Challui, Mat, Siakah, Chhimtuipui, Tuikum, Sesah, Phe, Teirei, Tut, Tuichhuahen, Tiau, Tuipui, Nongal, Simsang, Ganol, Damring, Waikhrwi, Kwai, Teirei, Khawthlangtuipui, Ngengpui Stream, Vantawng, Sderkariah, Laitryngew, Wahkhlek Khlek, Wahrew, Umngi, Rwiang, Kalipai, Kmai Um, Lukha, Myntdu, Lamu, Lynriang, Thlu Umwi, Simsang, Teesta, Sonai, Ranganadi, Rangit, Ranichu, Kapili, Karola, Kathakal, Kharsang, Kohora, Kolong, Kundli, Kushiara, Manu, Nonbah, Kynshi, Wah Blei, Lohit, Manas, Maney Khola, Ganol Tura, Milak, Namchik, Noa Dihing, Pachin, Pagldia, Panchnoi, Poma, Yomgo And Mora",,188.5,3.3499999999999996,7.25,0.0,NAMBUL,2023-06-30
2023,3107,RIVER DIHING AT MIAO (U/S OF NOA DIHING),ARUNACHAL PRADESH,"Tributary Streams - Burhidihing, Dhansiri, Bharalu, Dikrong, Gai Nadi, Digaru, Digboi, Dikhow, Kaljani, Gabharu, Tocklai, Tunia, Larsing, Dhateshwari, Demow, Borsila, Barak, Dibang, Dihing, Senki, Dorika, Subansiri, Siang, Baralia, Tihu, Singra, Damring, Manda, Dikchu, Dzu, Kha Ru, Dzucha, Torsa, Beki, Bereng, Bhogdoi, Jhanji, Jia Bharali, Sankosh, Sanuo Ru, Boginadi, Rilang, Myntang, Tlawng, Tuirial, Serlui, Vaipuanpho, Tuikual, Sakhisih, Damdiai, Chite, Tuirini, Tuivawl, Lawibual, Challui, Mat, Siakah, Chhimtuipui, Tuikum, Sesah, Phe, Teirei, Tut, Tuichhuahen, Tiau, Tuipui, Nongal, Simsang, Ganol, Damring, Waikhrwi, Kwai, Teirei, Khawthlangtuipui, Ngengpui Stream, Vantawng, Sderkariah, Laitryngew, Wahkhlek Khlek, Wahrew, Umngi, Rwiang, Kalipai, Kmai Um, Lukha, Myntdu, Lamu, Lynriang, Thlu Umwi, Simsang, Teesta, Sonai, Ranganadi, Rangit, Ranichu, Kapili, Karola, Kathakal, Kharsang, Kohora, Kolong, Kundli, Kushiara, Manu, Nonbah, Kynshi, Wah Blei, Lohit, Manas, Maney Khola, Ganol Tura, Milak, Namchik, Noa Dihing, Pachin, Pagldia, Panchnoi, Poma, Yomgo And Mora",,253.5,1.5,8.350000000000001,0.0,DIHING,2023-06-30
2023,3095,"RIVER SENKI AT CHANDRANAGAR, ITANAGAR, (U/S OF PACHIN RIVER)",ARUNACHAL PRADESH,"Tributary Streams - Burhidihing, Dhansiri, Bharalu, Dikrong, Gai Nadi, Digaru, Digboi, Dikhow, Kaljani, Gabharu, Tocklai, Tunia, Larsing, Dhateshwari, Demow, Borsila, Barak, Dibang, Dihing, Senki, Dorika, Subansiri, Siang, Baralia, Tihu, Singra, Damring, Manda, Dikchu, Dzu, Kha Ru, Dzucha, Torsa, Beki, Bereng, Bhogdoi, Jhanji, Jia Bharali, Sankosh, Sanuo Ru, Boginadi, Rilang, Myntang, Tlawng, Tuirial, Serlui, Vaipuanpho, Tuikual, Sakhisih, Damdiai, Chite, Tuirini, Tuivawl, Lawibual, Challui, Mat, Siakah, Chhimtuipui, Tuikum, Sesah, Phe, Teirei, Tut, Tuichhuahen, Tiau, Tuipui, Nongal, Simsang, Ganol, Damring, Waikhrwi, Kwai, Teirei, Khawthlangtuipui, Ngengpui Stream, Vantawng, Sderkariah, Laitryngew, Wahkhlek Khlek, Wahrew, Umngi, Rwiang, Kalipai, Kmai Um, Lukha, Myntdu, Lamu, Lynriang, Thlu Umwi, Simsang, Teesta, Sonai, Ranganadi, Rangit, Ranichu, Kapili, Karola, Kathakal, Kharsang, Kohora, Kolong, Kundli, Kushiara, Manu, Nonbah, Kynshi, Wah Blei, Lohit, Manas, Maney Khola, Ganol Tura, Milak, Namchik, Noa Dihing, Pachin, Pagldia, Panchnoi, Poma, Yomgo And Mora",,176.5,1.8,7.550000000000001,0.0,SENKI,2023-06-30
2023,3096,RIVER DIKRONG AT NIRJULI (U/S),ARUNACHAL PRADESH,"Tributary Streams - Burhidihing, Dhansiri, Bharalu, Dikrong, Gai Nadi, Digaru, Digboi, Dikhow, Kaljani, Gabharu, Tocklai, Tunia, Larsing, Dhateshwari, Demow, Borsila, Barak, Dibang, Dihing, Senki, Dorika, Subansiri, Siang, Baralia, Tihu, Singra, Damring, Manda, Dikchu, Dzu, Kha Ru, Dzucha, Torsa, Beki, Bereng, Bhogdoi, Jhanji, Jia Bharali, Sankosh, Sanuo Ru, Boginadi, Rilang, Myntang, Tlawng, Tuirial, Serlui, Vaipuanpho, Tuikual, Sakhisih, Damdiai, Chite, Tuirini, Tuivawl, Lawibual, Challui, Mat, Siakah, Chhimtuipui, Tuikum, Sesah, Phe, Teirei, Tut, Tuichhuahen, Tiau, Tuipui, Nongal, Simsang, Ganol, Damring, Waikhrwi, Kwai, Teirei, Khawthlangtuipui, Ngengpui Stream, Vantawng, Sderkariah, Laitryngew, Wahkhlek Khlek, Wahrew, Umngi, Rwiang, Kalipai, Kmai Um, Lukha, Myntdu, Lamu, Lynriang, Thlu Umwi, Simsang, Teesta, Sonai, Ranganadi, Rangit, Ranichu, Kapili, Karola, Kathakal, Kharsang, Kohora, Kolong, Kundli, Kushiara, Manu, Nonbah, Kynshi, Wah Blei, Lohit, Manas, Maney Khola, Ganol Tura, Milak, Namchik, Noa Dihing, Pachin, Pagldia, Panchnoi, Poma, Yomgo And Mora",,142.0,1.8,7.6,0.0,DIKRONG,2023-06-30
2023,3777,"RIVER DORIKA NEAR MSW DUMPING SITE, SIVASAGAR",ASSAM,"Tributary Streams - Burhidihing, Dhansiri, Bharalu, Dikrong, Gai Nadi, Digaru, Digboi, Dikhow, Kaljani, Gabharu, Tocklai, Tunia, Larsing, Dhateshwari, Demow, Borsila, Barak, Dibang, Dihing, Senki, Dorika, Subansiri, Siang, Baralia, Tihu, Singra, Damring, Manda, Dikchu, Dzu, Kha Ru, Dzucha, Torsa, Beki, Bereng, Bhogdoi, Jhanji, Jia Bharali, Sankosh, Sanuo Ru, Boginadi, Rilang, Myntang, Tlawng, Tuirial, Serlui, Vaipuanpho, Tuikual, Sakhisih, Damdiai, Chite, Tuirini, Tuivawl, Lawibual, Challui, Mat, Siakah, Chhimtuipui, Tuikum, Sesah, Phe, Teirei, Tut, Tuichhuahen, Tiau, Tuipui, Nongal, Simsang, Ganol, Damring, Waikhrwi, Kwai, Teirei, Khawthlangtuipui, Ngengpui Stream, Vantawng, Sderkariah, Laitryngew, Wahkhlek Khlek, Wahrew, Umngi, Rwiang, Kalipai, Kmai Um, Lukha, Myntdu, Lamu, Lynriang, Thlu Umwi, Simsang, Teesta, Sonai, Ranganadi, Rangit, Ranichu, Kapili, Karola, Kathakal, Kharsang, Kohora, Kolong, Kundli, Kushiara, Manu, Nonbah, Kynshi, Wah Blei, Lohit, Manas, Maney Khola, Ganol Tura, Milak, Namchik, Noa Dihing, Pachin, Pagldia, Panchnoi, Poma, Yomgo And Mora",,158.0,2.3499999999999996,5.0,0.95,DORIKA,2023-06-30
2023,3105,"RIVER GAI NADI, NEAR HSS LIKABALI (D/S)",ARUNACHAL PRADESH,"Tributary Streams - Burhidihing, Dhansiri, Bharalu, Dikrong, Gai Nadi, Digaru, Digboi, Dikhow, Kaljani, Gabharu, Tocklai, Tunia, Larsing, Dhateshwari, Demow, Borsila, Barak, Dibang, Dihing, Senki, Dorika, Subansiri, Siang, Baralia, Tihu, Singra, Damring, Manda, Dikchu, Dzu, Kha Ru, Dzucha, Torsa, Beki, Bereng, Bhogdoi, Jhanji, Jia Bharali, Sankosh, Sanuo Ru, Boginadi, Rilang, Myntang, Tlawng, Tuirial, Serlui, Vaipuanpho, Tuikual, Sakhisih, Damdiai, Chite, Tuirini, Tuivawl, Lawibual, Challui, Mat, Siakah, Chhimtuipui, Tuikum, Sesah, Phe, Teirei, Tut, Tuichhuahen, Tiau, Tuipui, Nongal, Simsang, Ganol, Damring, Waikhrwi, Kwai, Teirei, Khawthlangtuipui, Ngengpui Stream, Vantawng, Sderkariah, Laitryngew, Wahkhlek Khlek, Wahrew, Umngi, Rwiang, Kalipai, Kmai Um, Lukha, Myntdu, Lamu, Lynriang, Thlu Umwi, Simsang, Teesta, Sonai, Ranganadi, Rangit, Ranichu, Kapili, Karola, Kathakal, Kharsang, Kohora, Kolong, Kundli, Kushiara, Manu, Nonbah, Kynshi, Wah Blei, Lohit, Manas, Maney Khola, Ganol Tura, Milak, Namchik, Noa Dihing, Pachin, Pagldia, Panchnoi, Poma, Yomgo And Mora",,277.5,1.0,7.9,0.0,"Burhidihing, Dhansiri, Bharalu, Dikrong, Gai Nadi, Digaru, Digboi, Dikhow, Kaljani, Gabharu, Tocklai, Tunia, Larsing, Dhateshwari, Demow, Borsila, Barak, Dibang, Dihing, Senki, Dorika, Subansiri, Siang, Baralia, Tihu, Singra, Damring, Manda, Dikchu, Dzu, Kha Ru, Dzucha, Torsa, Beki, Bereng, Bhogdoi, Jhanji, Jia Bharali, Sankosh, Sanuo Ru, Boginadi, Rilang, Myntang, Tlawng, Tuirial, Serlui, Vaipuanpho, Tuikual, Sakhisih, Damdiai, Chite, Tuirini, Tuivawl, Lawibual, Challui, Mat, Siakah, Chhimtuipui, Tuikum, Sesah, Phe, Teirei, Tut, Tuichhuahen, Tiau, Tuipui, Nongal, Simsang, Ganol, Damring, Waikhrwi, Kwai, Teirei, Khawthlangtuipui, Ngengpui Stream, Vantawng, Sderkariah, Laitryngew, Wahkhlek Khlek, Wahrew, Umngi, Rwiang, Kalipai, Kmai Um, Lukha, Myntdu, Lamu, Lynriang, Thlu Umwi, Simsang, Teesta, Sonai, Ranganadi, Rangit, Ranichu, Kapili, Karola, Kathakal, Kharsang, Kohora, Kolong, Kundli, Kushiara, Manu, Nonbah, Kynshi, Wah Blei, Lohit, Manas, Maney Khola, Ganol Tura, Milak, Namchik, Noa Dihing, Pachin, Pagldia, Panchnoi, Poma, Yomgo And Mora",2023-06-30
2023,1261,RIVER SUBANSIRI AT GERUKAMUKH (BEFORE CONFLUENCE WITH RIVER BRAHMAPUTRA),ASSAM,"Tributary Streams - Burhidihing, Dhansiri, Bharalu, Dikrong, Gai Nadi, Digaru, Digboi, Dikhow, Kaljani, Gabharu, Tocklai, Tunia, Larsing, Dhateshwari, Demow, Borsila, Barak, Dibang, Dihing, Senki, Dorika, Subansiri, Siang, Baralia, Tihu, Singra, Damring, Manda, Dikchu, Dzu, Kha Ru, Dzucha, Torsa, Beki, Bereng, Bhogdoi, Jhanji, Jia Bharali, Sankosh, Sanuo Ru, Boginadi, Rilang, Myntang, Tlawng, Tuirial, Serlui, Vaipuanpho, Tuikual, Sakhisih, Damdiai, Chite, Tuirini, Tuivawl, Lawibual, Challui, Mat, Siakah, Chhimtuipui, Tuikum, Sesah, Phe, Teirei, Tut, Tuichhuahen, Tiau, Tuipui, Nongal, Simsang, Ganol, Damring, Waikhrwi, Kwai, Teirei, Khawthlangtuipui, Ngengpui Stream, Vantawng, Sderkariah, Laitryngew, Wahkhlek Khlek, Wahrew, Umngi, Rwiang, Kalipai, Kmai Um, Lukha, Myntdu, Lamu, Lynriang, Thlu Umwi, Simsang, Teesta, Sonai, Ranganadi, Rangit, Ranichu, Kapili, Karola, Kathakal, Kharsang, Kohora, Kolong, Kundli, Kushiara, Manu, Nonbah, Kynshi, Wah Blei, Lohit, Manas, Maney Khola, Ganol Tura, Milak, Namchik, Noa Dihing, Pachin, Pagldia, Panchnoi, Poma, Yomgo And Mora",,123.0,2.2,7.25,1.0,SUBANSIRI,2023-06-30
2023,3097,RIVER SUBANSIRI AT GERUKAMUKH,ARUNACHAL PRADESH,"Tributary Streams - Burhidihing, Dhansiri, Bharalu, Dikrong, Gai Nadi, Digaru, Digboi, Dikhow, Kaljani, Gabharu, Tocklai, Tunia, Larsing, Dhateshwari, Demow, Borsila, Barak, Dibang, Dihing, Senki, Dorika, Subansiri, Siang, Baralia, Tihu, Singra, Damring, Manda, Dikchu, Dzu, Kha Ru, Dzucha, Torsa, Beki, Bereng, Bhogdoi, Jhanji, Jia Bharali, Sankosh, Sanuo Ru, Boginadi, Rilang, Myntang, Tlawng, Tuirial, Serlui, Vaipuanpho, Tuikual, Sakhisih, Damdiai, Chite, Tuirini, Tuivawl, Lawibual, Challui, Mat, Siakah, Chhimtuipui, Tuikum, Sesah, Phe, Teirei, Tut, Tuichhuahen, Tiau, Tuipui, Nongal, Simsang, Ganol, Damring, Waikhrwi, Kwai, Teirei, Khawthlangtuipui, Ngengpui Stream, Vantawng, Sderkariah, Laitryngew, Wahkhlek Khlek, Wahrew, Umngi, Rwiang, Kalipai, Kmai Um, Lukha, Myntdu, Lamu, Lynriang, Thlu Umwi, Simsang, Teesta, Sonai, Ranganadi, Rangit, Ranichu, Kapili, Karola, Kathakal, Kharsang, Kohora, Kolong, Kundli, Kushiara, Manu, Nonbah, Kynshi, Wah Blei, Lohit, Manas, Maney Khola, Ganol Tura, Milak, Namchik, Noa Dihing, Pachin, Pagldia, Panchnoi, Poma, Yomgo And Mora",,,,7.9,0.0,SUBANSIRI,2023-06-30
2023,3098,"RIVER SIANG AT RANAGHAT, NEAR RCC BRIDGE, PASIGHAT(U/S)",ARUNACHAL PRADESH,"Tributary Streams - Burhidihing, Dhansiri, Bharalu, Dikrong, Gai Nadi, Digaru, Digboi, Dikhow, Kaljani, Gabharu, Tocklai, Tunia, Larsing, Dhateshwari, Demow, Borsila, Barak, Dibang, Dihing, Senki, Dorika, Subansiri, Siang, Baralia, Tihu, Singra, Damring, Manda, Dikchu, Dzu, Kha Ru, Dzucha, Torsa, Beki, Bereng, Bhogdoi, Jhanji, Jia Bharali, Sankosh, Sanuo Ru, Boginadi, Rilang, Myntang, Tlawng, Tuirial, Serlui, Vaipuanpho, Tuikual, Sakhisih, Damdiai, Chite, Tuirini, Tuivawl, Lawibual, Challui, Mat, Siakah, Chhimtuipui, Tuikum, Sesah, Phe, Teirei, Tut, Tuichhuahen, Tiau, Tuipui, Nongal, Simsang, Ganol, Damring, Waikhrwi, Kwai, Teirei, Khawthlangtuipui, Ngengpui Stream, Vantawng, Sderkariah, Laitryngew, Wahkhlek Khlek, Wahrew, Umngi, Rwiang, Kalipai, Kmai Um, Lukha, Myntdu, Lamu, Lynriang, Thlu Umwi, Simsang, Teesta, Sonai, Ranganadi, Rangit, Ranichu, Kapili, Karola, Kathakal, Kharsang, Kohora, Kolong, Kundli, Kushiara, Manu, Nonbah, Kynshi, Wah Blei, Lohit, Manas, Maney Khola, Ganol Tura, Milak, Namchik, Noa Dihing, Pachin, Pagldia, Panchnoi, Poma, Yomgo And Mora",,,,8.7,0.0,SIANG,2023-06-30
2023,4342,"RIVER BARALIA (NEAR CHATPUJA GHAT) RANGIA, KAMRUP",ASSAM,"Tributary Streams - Burhidihing, Dhansiri, Bharalu, Dikrong, Gai Nadi, Digaru, Digboi, Dikhow, Kaljani, Gabharu, Tocklai, Tunia, Larsing, Dhateshwari, Demow, Borsila, Barak, Dibang, Dihing, Senki, Dorika, Subansiri, Siang, Baralia, Tihu, Singra, Damring, Manda, Dikchu, Dzu, Kha Ru, Dzucha, Torsa, Beki, Bereng, Bhogdoi, Jhanji, Jia Bharali, Sankosh, Sanuo Ru, Boginadi, Rilang, Myntang, Tlawng, Tuirial, Serlui, Vaipuanpho, Tuikual, Sakhisih, Damdiai, Chite, Tuirini, Tuivawl, Lawibual, Challui, Mat, Siakah, Chhimtuipui, Tuikum, Sesah, Phe, Teirei, Tut, Tuichhuahen, Tiau, Tuipui, Nongal, Simsang, Ganol, Damring, Waikhrwi, Kwai, Teirei, Khawthlangtuipui, Ngengpui Stream, Vantawng, Sderkariah, Laitryngew, Wahkhlek Khlek, Wahrew, Umngi, Rwiang, Kalipai, Kmai Um, Lukha, Myntdu, Lamu, Lynriang, Thlu Umwi, Simsang, Teesta, Sonai, Ranganadi, Rangit, Ranichu, Kapili, Karola, Kathakal, Kharsang, Kohora, Kolong, Kundli, Kushiara, Manu, Nonbah, Kynshi, Wah Blei, Lohit, Manas, Maney Khola, Ganol Tura, Milak, Namchik, Noa Dihing, Pachin, Pagldia, Panchnoi, Poma, Yomgo And Mora",,156.0,2.45,7.2,1.0,"Burhidihing, Dhansiri, Bharalu, Dikrong, Gai Nadi, Digaru, Digboi, Dikhow, Kaljani, Gabharu, Tocklai, Tunia, Larsing, Dhateshwari, Demow, Borsila, Barak, Dibang, Dihing, Senki, Dorika, Subansiri, Siang, Baralia, Tihu, Singra, Damring, Manda, Dikchu, Dzu, Kha Ru, Dzucha, Torsa, Beki, Bereng, Bhogdoi, Jhanji, Jia Bharali, Sankosh, Sanuo Ru, Boginadi, Rilang, Myntang, Tlawng, Tuirial, Serlui, Vaipuanpho, Tuikual, Sakhisih, Damdiai, Chite, Tuirini, Tuivawl, Lawibual, Challui, Mat, Siakah, Chhimtuipui, Tuikum, Sesah, Phe, Teirei, Tut, Tuichhuahen, Tiau, Tuipui, Nongal, Simsang, Ganol, Damring, Waikhrwi, Kwai, Teirei, Khawthlangtuipui, Ngengpui Stream, Vantawng, Sderkariah, Laitryngew, Wahkhlek Khlek, Wahrew, Umngi, Rwiang, Kalipai, Kmai Um, Lukha, Myntdu, Lamu, Lynriang, Thlu Umwi, Simsang, Teesta, Sonai, Ranganadi, Rangit, Ranichu, Kapili, Karola, Kathakal, Kharsang, Kohora, Kolong, Kundli, Kushiara, Manu, Nonbah, Kynshi, Wah Blei, Lohit, Manas, Maney Khola, Ganol Tura, Milak, Namchik, Noa Dihing, Pachin, Pagldia, Panchnoi, Poma, Yomgo And Mora",2023-06-30
2023,4343,RIVER BURALIA (NEAR BRIDGE ALONG NH-31) NALBARI,ASSAM,"Tributary Streams - Burhidihing, Dhansiri, Bharalu, Dikrong, Gai Nadi, Digaru, Digboi, Dikhow, Kaljani, Gabharu, Tocklai, Tunia, Larsing, Dhateshwari, Demow, Borsila, Barak, Dibang, Dihing, Senki, Dorika, Subansiri, Siang, Baralia, Tihu, Singra, Damring, Manda, Dikchu, Dzu, Kha Ru, Dzucha, Torsa, Beki, Bereng, Bhogdoi, Jhanji, Jia Bharali, Sankosh, Sanuo Ru, Boginadi, Rilang, Myntang, Tlawng, Tuirial, Serlui, Vaipuanpho, Tuikual, Sakhisih, Damdiai, Chite, Tuirini, Tuivawl, Lawibual, Challui, Mat, Siakah, Chhimtuipui, Tuikum, Sesah, Phe, Teirei, Tut, Tuichhuahen, Tiau, Tuipui, Nongal, Simsang, Ganol, Damring, Waikhrwi, Kwai, Teirei, Khawthlangtuipui, Ngengpui Stream, Vantawng, Sderkariah, Laitryngew, Wahkhlek Khlek, Wahrew, Umngi, Rwiang, Kalipai, Kmai Um, Lukha, Myntdu, Lamu, Lynriang, Thlu Umwi, Simsang, Teesta, Sonai, Ranganadi, Rangit, Ranichu, Kapili, Karola, Kathakal, Kharsang, Kohora, Kolong, Kundli, Kushiara, Manu, Nonbah, Kynshi, Wah Blei, Lohit, Manas, Maney Khola, Ganol Tura, Milak, Namchik, Noa Dihing, Pachin, Pagldia, Panchnoi, Poma, Yomgo And Mora",,128.0,2.35,7.3,1.15,"Burhidihing, Dhansiri, Bharalu, Dikrong, Gai Nadi, Digaru, Digboi, Dikhow, Kaljani, Gabharu, Tocklai, Tunia, Larsing, Dhateshwari, Demow, Borsila, Barak, Dibang, Dihing, Senki, Dorika, Subansiri, Siang, Baralia, Tihu, Singra, Damring, Manda, Dikchu, Dzu, Kha Ru, Dzucha, Torsa, Beki, Bereng, Bhogdoi, Jhanji, Jia Bharali, Sankosh, Sanuo Ru, Boginadi, Rilang, Myntang, Tlawng, Tuirial, Serlui, Vaipuanpho, Tuikual, Sakhisih, Damdiai, Chite, Tuirini, Tuivawl, Lawibual, Challui, Mat, Siakah, Chhimtuipui, Tuikum, Sesah, Phe, Teirei, Tut, Tuichhuahen, Tiau, Tuipui, Nongal, Simsang, Ganol, Damring, Waikhrwi, Kwai, Teirei, Khawthlangtuipui, Ngengpui Stream, Vantawng, Sderkariah, Laitryngew, Wahkhlek Khlek, Wahrew, Umngi, Rwiang, Kalipai, Kmai Um, Lukha, Myntdu, Lamu, Lynriang, Thlu Umwi, Simsang, Teesta, Sonai, Ranganadi, Rangit, Ranichu, Kapili, Karola, Kathakal, Kharsang, Kohora, Kolong, Kundli, Kushiara, Manu, Nonbah, Kynshi, Wah Blei, Lohit, Manas, Maney Khola, Ganol Tura, Milak, Namchik, Noa Dihing, Pachin, Pagldia, Panchnoi, Poma, Yomgo And Mora",2023-06-30
2023,2888,RIVER CHATHE AT BRIDGE NEAR CIHSR,NAGALAND,"Tributary Streams - Burhidihing, Dhansiri, Bharalu, Dikrong, Gai Nadi, Digaru, Digboi, Dikhow, Kaljani, Gabharu, Tocklai, Tunia, Larsing, Dhateshwari, Demow, Borsila, Barak, Dibang, Dihing, Senki, Dorika, Subansiri, Siang, Baralia, Tihu, Singra, Damring, Manda, Dikchu, Dzu, Kha Ru, Dzucha, Torsa, Beki, Bereng, Bhogdoi, Jhanji, Jia Bharali, Sankosh, Sanuo Ru, Boginadi, Rilang, Myntang, Tlawng, Tuirial, Serlui, Vaipuanpho, Tuikual, Sakhisih, Damdiai, Chite, Tuirini, Tuivawl, Lawibual, Challui, Mat, Siakah, Chhimtuipui, Tuikum, Sesah, Phe, Teirei, Tut, Tuichhuahen, Tiau, Tuipui, Nongal, Simsang, Ganol, Damring, Waikhrwi, Kwai, Teirei, Khawthlangtuipui, Ngengpui Stream, Vantawng, Sderkariah, Laitryngew, Wahkhlek Khlek, Wahrew, Umngi, Rwiang, Kalipai, Kmai Um, Lukha, Myntdu, Lamu, Lynriang, Thlu Umwi, Simsang, Teesta, Sonai, Ranganadi, Rangit, Ranichu, Kapili, Karola, Kathakal, Kharsang, Kohora, Kolong, Kundli, Kushiara, Manu, Nonbah, Kynshi, Wah Blei, Lohit, Manas, Maney Khola, Ganol Tura, Milak, Namchik, Noa Dihing, Pachin, Pagldia, Panchnoi, Poma, Yomgo And Mora",,408.5,1.5499999999999998,7.550000000000001,3.6,CHATHE,2023-06-30
2023,2891,DZUCHA RU,NAGALAND,"Tributary Streams - Burhidihing, Dhansiri, Bharalu, Dikrong, Gai Nadi, Digaru, Digboi, Dikhow, Kaljani, Gabharu, Tocklai, Tunia, Larsing, Dhateshwari, Demow, Borsila, Barak, Dibang, Dihing, Senki, Dorika, Subansiri, Siang, Baralia, Tihu, Singra, Damring, Manda, Dikchu, Dzu, Kha Ru, Dzucha, Torsa, Beki, Bereng, Bhogdoi, Jhanji, Jia Bharali, Sankosh, Sanuo Ru, Boginadi, Rilang, Myntang, Tlawng, Tuirial, Serlui, Vaipuanpho, Tuikual, Sakhisih, Damdiai, Chite, Tuirini, Tuivawl, Lawibual, Challui, Mat, Siakah, Chhimtuipui, Tuikum, Sesah, Phe, Teirei, Tut, Tuichhuahen, Tiau, Tuipui, Nongal, Simsang, Ganol, Damring, Waikhrwi, Kwai, Teirei, Khawthlangtuipui, Ngengpui Stream, Vantawng, Sderkariah, Laitryngew, Wahkhlek Khlek, Wahrew, Umngi, Rwiang, Kalipai, Kmai Um, Lukha, Myntdu, Lamu, Lynriang, Thlu Umwi, Simsang, Teesta, Sonai, Ranganadi, Rangit, Ranichu, Kapili, Karola, Kathakal, Kharsang, Kohora, Kolong, Kundli, Kushiara, Manu, Nonbah, Kynshi, Wah Blei, Lohit, Manas, Maney Khola, Ganol Tura, Milak, Namchik, Noa Dihing, Pachin, Pagldia, Panchnoi, Poma, Yomgo And Mora",,228.5,1.6,6.85,,"Burhidihing, Dhansiri, Bharalu, Dikrong, Gai Nadi, Digaru, Digboi, Dikhow, Kaljani, Gabharu, Tocklai, Tunia, Larsing, Dhateshwari, Demow, Borsila, Barak, Dibang, Dihing, Senki, Dorika, Subansiri, Siang, Baralia, Tihu, Singra, Damring, Manda, Dikchu, Dzu, Kha Ru, Dzucha, Torsa, Beki, Bereng, Bhogdoi, Jhanji, Jia Bharali, Sankosh, Sanuo Ru, Boginadi, Rilang, Myntang, Tlawng, Tuirial, Serlui, Vaipuanpho, Tuikual, Sakhisih, Damdiai, Chite, Tuirini, Tuivawl, Lawibual, Challui, Mat, Siakah, Chhimtuipui, Tuikum, Sesah, Phe, Teirei, Tut, Tuichhuahen, Tiau, Tuipui, Nongal, Simsang, Ganol, Damring, Waikhrwi, Kwai, Teirei, Khawthlangtuipui, Ngengpui Stream, Vantawng, Sderkariah, Laitryngew, Wahkhlek Khlek, Wahrew, Umngi, Rwiang, Kalipai, Kmai Um, Lukha, Myntdu, Lamu, Lynriang, Thlu Umwi, Simsang, Teesta, Sonai, Ranganadi, Rangit, Ranichu, Kapili, Karola, Kathakal, Kharsang, Kohora, Kolong, Kundli, Kushiara, Manu, Nonbah, Kynshi, Wah Blei, Lohit, Manas, Maney Khola, Ganol Tura, Milak, Namchik, Noa Dihing, Pachin, Pagldia, Panchnoi, Poma, Yomgo And Mora",2023-06-30
2023,2889,DZUDZA RU BELOW HYDRO PROJECT STATION,NAGALAND,"Tributary Streams - Burhidihing, Dhansiri, Bharalu, Dikrong, Gai Nadi, Digaru, Digboi, Dikhow, Kaljani, Gabharu, Tocklai, Tunia, Larsing, Dhateshwari, Demow, Borsila, Barak, Dibang, Dihing, Senki, Dorika, Subansiri, Siang, Baralia, Tihu, Singra, Damring, Manda, Dikchu, Dzu, Kha Ru, Dzucha, Torsa, Beki, Bereng, Bhogdoi, Jhanji, Jia Bharali, Sankosh, Sanuo Ru, Boginadi, Rilang, Myntang, Tlawng, Tuirial, Serlui, Vaipuanpho, Tuikual, Sakhisih, Damdiai, Chite, Tuirini, Tuivawl, Lawibual, Challui, Mat, Siakah, Chhimtuipui, Tuikum, Sesah, Phe, Teirei, Tut, Tuichhuahen, Tiau, Tuipui, Nongal, Simsang, Ganol, Damring, Waikhrwi, Kwai, Teirei, Khawthlangtuipui, Ngengpui Stream, Vantawng, Sderkariah, Laitryngew, Wahkhlek Khlek, Wahrew, Umngi, Rwiang, Kalipai, Kmai Um, Lukha, Myntdu, Lamu, Lynriang, Thlu Umwi, Simsang, Teesta, Sonai, Ranganadi, Rangit, Ranichu, Kapili, Karola, Kathakal, Kharsang, Kohora, Kolong, Kundli, Kushiara, Manu, Nonbah, Kynshi, Wah Blei, Lohit, Manas, Maney Khola, Ganol Tura, Milak, Namchik, Noa Dihing, Pachin, Pagldia, Panchnoi, Poma, Yomgo And Mora",,164.5,1.5499999999999998,7.15,4.8500000000000005,"Burhidihing, Dhansiri, Bharalu, Dikrong, Gai Nadi, Digaru, Digboi, Dikhow, Kaljani, Gabharu, Tocklai, Tunia, Larsing, Dhateshwari, Demow, Borsila, Barak, Dibang, Dihing, Senki, Dorika, Subansiri, Siang, Baralia, Tihu, Singra, Damring, Manda, Dikchu, Dzu, Kha Ru, Dzucha, Torsa, Beki, Bereng, Bhogdoi, Jhanji, Jia Bharali, Sankosh, Sanuo Ru, Boginadi, Rilang, Myntang, Tlawng, Tuirial, Serlui, Vaipuanpho, Tuikual, Sakhisih, Damdiai, Chite, Tuirini, Tuivawl, Lawibual, Challui, Mat, Siakah, Chhimtuipui, Tuikum, Sesah, Phe, Teirei, Tut, Tuichhuahen, Tiau, Tuipui, Nongal, Simsang, Ganol, Damring, Waikhrwi, Kwai, Teirei, Khawthlangtuipui, Ngengpui Stream, Vantawng, Sderkariah, Laitryngew, Wahkhlek Khlek, Wahrew, Umngi, Rwiang, Kalipai, Kmai Um, Lukha, Myntdu, Lamu, Lynriang, Thlu Umwi, Simsang, Teesta, Sonai, Ranganadi, Rangit, Ranichu, Kapili, Karola, Kathakal, Kharsang, Kohora, Kolong, Kundli, Kushiara, Manu, Nonbah, Kynshi, Wah Blei, Lohit, Manas, Maney Khola, Ganol Tura, Milak, Namchik, Noa Dihing, Pachin, Pagldia, Panchnoi, Poma, Yomgo And Mora",2023-06-30
2023,2892,KHA RU ADJOINING MUNICIPAL COUNCIL SWM SITE,NAGALAND,"Tributary Streams - Burhidihing, Dhansiri, Bharalu, Dikrong, Gai Nadi, Digaru, Digboi, Dikhow, Kaljani, Gabharu, Tocklai, Tunia, Larsing, Dhateshwari, Demow, Borsila, Barak, Dibang, Dihing, Senki, Dorika, Subansiri, Siang, Baralia, Tihu, Singra, Damring, Manda, Dikchu, Dzu, Kha Ru, Dzucha, Torsa, Beki, Bereng, Bhogdoi, Jhanji, Jia Bharali, Sankosh, Sanuo Ru, Boginadi, Rilang, Myntang, Tlawng, Tuirial, Serlui, Vaipuanpho, Tuikual, Sakhisih, Damdiai, Chite, Tuirini, Tuivawl, Lawibual, Challui, Mat, Siakah, Chhimtuipui, Tuikum, Sesah, Phe, Teirei, Tut, Tuichhuahen, Tiau, Tuipui, Nongal, Simsang, Ganol, Damring, Waikhrwi, Kwai, Teirei, Khawthlangtuipui, Ngengpui Stream, Vantawng, Sderkariah, Laitryngew, Wahkhlek Khlek, Wahrew, Umngi, Rwiang, Kalipai, Kmai Um, Lukha, Myntdu, Lamu, Lynriang, Thlu Umwi, Simsang, Teesta, Sonai, Ranganadi, Rangit, Ranichu, Kapili, Karola, Kathakal, Kharsang, Kohora, Kolong, Kundli, Kushiara, Manu, Nonbah, Kynshi, Wah Blei, Lohit, Manas, Maney Khola, Ganol Tura, Milak, Namchik, Noa Dihing, Pachin, Pagldia, Panchnoi, Poma, Yomgo And Mora",,,,6.800000000000001,1.7999999999999998,"Burhidihing, Dhansiri, Bharalu, Dikrong, Gai Nadi, Digaru, Digboi, Dikhow, Kaljani, Gabharu, Tocklai, Tunia, Larsing, Dhateshwari, Demow, Borsila, Barak, Dibang, Dihing, Senki, Dorika, Subansiri, Siang, Baralia, Tihu, Singra, Damring, Manda, Dikchu, Dzu, Kha Ru, Dzucha, Torsa, Beki, Bereng, Bhogdoi, Jhanji, Jia Bharali, Sankosh, Sanuo Ru, Boginadi, Rilang, Myntang, Tlawng, Tuirial, Serlui, Vaipuanpho, Tuikual, Sakhisih, Damdiai, Chite, Tuirini, Tuivawl, Lawibual, Challui, Mat, Siakah, Chhimtuipui, Tuikum, Sesah, Phe, Teirei, Tut, Tuichhuahen, Tiau, Tuipui, Nongal, Simsang, Ganol, Damring, Waikhrwi, Kwai, Teirei, Khawthlangtuipui, Ngengpui Stream, Vantawng, Sderkariah, Laitryngew, Wahkhlek Khlek, Wahrew, Umngi, Rwiang, Kalipai, Kmai Um, Lukha, Myntdu, Lamu, Lynriang, Thlu Umwi, Simsang, Teesta, Sonai, Ranganadi, Rangit, Ranichu, Kapili, Karola, Kathakal, Kharsang, Kohora, Kolong, Kundli, Kushiara, Manu, Nonbah, Kynshi, Wah Blei, Lohit, Manas, Maney Khola, Ganol Tura, Milak, Namchik, Noa Dihing, Pachin, Pagldia, Panchnoi, Poma, Yomgo And Mora",2023-06-30
2023,2228,"GELA BEEL AT DERGAON, ASSAM",ASSAM,"Tributary Streams - Burhidihing, Dhansiri, Bharalu, Dikrong, Gai Nadi, Digaru, Digboi, Dikhow, Kaljani, Gabharu, Tocklai, Tunia, Larsing, Dhateshwari, Demow, Borsila, Barak, Dibang, Dihing, Senki, Dorika, Subansiri, Siang, Baralia, Tihu, Singra, Damring, Manda, Dikchu, Dzu, Kha Ru, Dzucha, Torsa, Beki, Bereng, Bhogdoi, Jhanji, Jia Bharali, Sankosh, Sanuo Ru, Boginadi, Rilang, Myntang, Tlawng, Tuirial, Serlui, Vaipuanpho, Tuikual, Sakhisih, Damdiai, Chite, Tuirini, Tuivawl, Lawibual, Challui, Mat, Siakah, Chhimtuipui, Tuikum, Sesah, Phe, Teirei, Tut, Tuichhuahen, Tiau, Tuipui, Nongal, Simsang, Ganol, Damring, Waikhrwi, Kwai, Teirei, Khawthlangtuipui, Ngengpui Stream, Vantawng, Sderkariah, Laitryngew, Wahkhlek Khlek, Wahrew, Umngi, Rwiang, Kalipai, Kmai Um, Lukha, Myntdu, Lamu, Lynriang, Thlu Umwi, Simsang, Teesta, Sonai, Ranganadi, Rangit, Ranichu, Kapili, Karola, Kathakal, Kharsang, Kohora, Kolong, Kundli, Kushiara, Manu, Nonbah, Kynshi, Wah Blei, Lohit, Manas, Maney Khola, Ganol Tura, Milak, Namchik, Noa Dihing, Pachin, Pagldia, Panchnoi, Poma, Yomgo And Mora",,136.0,2.35,7.3,1.05,BEEL,2023-06-30
2023,4719,RIVER TORSA D/S OF GHUGHUMARI,WEST BENGAL,"Tributary Streams - Burhidihing, Dhansiri, Bharalu, Dikrong, Gai Nadi, Digaru, Digboi, Dikhow, Kaljani, Gabharu, Tocklai, Tunia, Larsing, Dhateshwari, Demow, Borsila, Barak, Dibang, Dihing, Senki, Dorika, Subansiri, Siang, Baralia, Tihu, Singra, Damring, Manda, Dikchu, Dzu, Kha Ru, Dzucha, Torsa, Beki, Bereng, Bhogdoi, Jhanji, Jia Bharali, Sankosh, Sanuo Ru, Boginadi, Rilang, Myntang, Tlawng, Tuirial, Serlui, Vaipuanpho, Tuikual, Sakhisih, Damdiai, Chite, Tuirini, Tuivawl, Lawibual, Challui, Mat, Siakah, Chhimtuipui, Tuikum, Sesah, Phe, Teirei, Tut, Tuichhuahen, Tiau, Tuipui, Nongal, Simsang, Ganol, Damring, Waikhrwi, Kwai, Teirei, Khawthlangtuipui, Ngengpui Stream, Vantawng, Sderkariah, Laitryngew, Wahkhlek Khlek, Wahrew, Umngi, Rwiang, Kalipai, Kmai Um, Lukha, Myntdu, Lamu, Lynriang, Thlu Umwi, Simsang, Teesta, Sonai, Ranganadi, Rangit, Ranichu, Kapili, Karola, Kathakal, Kharsang, Kohora, Kolong, Kundli, Kushiara, Manu, Nonbah, Kynshi, Wah Blei, Lohit, Manas, Maney Khola, Ganol Tura, Milak, Namchik, Noa Dihing, Pachin, Pagldia, Panchnoi, Poma, Yomgo And Mora",,119.0,1.9,7.6,0.48,TORSA,2023-06-30
2023,4724,RIVER TORSA AT HASIMARA,WEST BENGAL,"Tributary Streams - Burhidihing, Dhansiri, Bharalu, Dikrong, Gai Nadi, Digaru, Digboi, Dikhow, Kaljani, Gabharu, Tocklai, Tunia, Larsing, Dhateshwari, Demow, Borsila, Barak, Dibang, Dihing, Senki, Dorika, Subansiri, Siang, Baralia, Tihu, Singra, Damring, Manda, Dikchu, Dzu, Kha Ru, Dzucha, Torsa, Beki, Bereng, Bhogdoi, Jhanji, Jia Bharali, Sankosh, Sanuo Ru, Boginadi, Rilang, Myntang, Tlawng, Tuirial, Serlui, Vaipuanpho, Tuikual, Sakhisih, Damdiai, Chite, Tuirini, Tuivawl, Lawibual, Challui, Mat, Siakah, Chhimtuipui, Tuikum, Sesah, Phe, Teirei, Tut, Tuichhuahen, Tiau, Tuipui, Nongal, Simsang, Ganol, Damring, Waikhrwi, Kwai, Teirei, Khawthlangtuipui, Ngengpui Stream, Vantawng, Sderkariah, Laitryngew, Wahkhlek Khlek, Wahrew, Umngi, Rwiang, Kalipai, Kmai Um, Lukha, Myntdu, Lamu, Lynriang, Thlu Umwi, Simsang, Teesta, Sonai, Ranganadi, Rangit, Ranichu, Kapili, Karola, Kathakal, Kharsang, Kohora, Kolong, Kundli, Kushiara, Manu, Nonbah, Kynshi, Wah Blei, Lohit, Manas, Maney Khola, Ganol Tura, Milak, Namchik, Noa Dihing, Pachin, Pagldia, Panchnoi, Poma, Yomgo And Mora",,95.5,1.85,8.1,0.395,TORSA,2023-06-30
2023,2238,"RIVER BEKI AT NH-37 CROSSING AT BARPETA ROAD, ASSAM",ASSAM,"Tributary Streams - Burhidihing, Dhansiri, Bharalu, Dikrong, Gai Nadi, Digaru, Digboi, Dikhow, Kaljani, Gabharu, Tocklai, Tunia, Larsing, Dhateshwari, Demow, Borsila, Barak, Dibang, Dihing, Senki, Dorika, Subansiri, Siang, Baralia, Tihu, Singra, Damring, Manda, Dikchu, Dzu, Kha Ru, Dzucha, Torsa, Beki, Bereng, Bhogdoi, Jhanji, Jia Bharali, Sankosh, Sanuo Ru, Boginadi, Rilang, Myntang, Tlawng, Tuirial, Serlui, Vaipuanpho, Tuikual, Sakhisih, Damdiai, Chite, Tuirini, Tuivawl, Lawibual, Challui, Mat, Siakah, Chhimtuipui, Tuikum, Sesah, Phe, Teirei, Tut, Tuichhuahen, Tiau, Tuipui, Nongal, Simsang, Ganol, Damring, Waikhrwi, Kwai, Teirei, Khawthlangtuipui, Ngengpui Stream, Vantawng, Sderkariah, Laitryngew, Wahkhlek Khlek, Wahrew, Umngi, Rwiang, Kalipai, Kmai Um, Lukha, Myntdu, Lamu, Lynriang, Thlu Umwi, Simsang, Teesta, Sonai, Ranganadi, Rangit, Ranichu, Kapili, Karola, Kathakal, Kharsang, Kohora, Kolong, Kundli, Kushiara, Manu, Nonbah, Kynshi, Wah Blei, Lohit, Manas, Maney Khola, Ganol Tura, Milak, Namchik, Noa Dihing, Pachin, Pagldia, Panchnoi, Poma, Yomgo And Mora",,153.0,2.35,5.449999999999999,1.4,BEKI,2023-06-30
2023,3108,RIVER BERENG AT CHOWKHAM,ARUNACHAL PRADESH,"Tributary Streams - Burhidihing, Dhansiri, Bharalu, Dikrong, Gai Nadi, Digaru, Digboi, Dikhow, Kaljani, Gabharu, Tocklai, Tunia, Larsing, Dhateshwari, Demow, Borsila, Barak, Dibang, Dihing, Senki, Dorika, Subansiri, Siang, Baralia, Tihu, Singra, Damring, Manda, Dikchu, Dzu, Kha Ru, Dzucha, Torsa, Beki, Bereng, Bhogdoi, Jhanji, Jia Bharali, Sankosh, Sanuo Ru, Boginadi, Rilang, Myntang, Tlawng, Tuirial, Serlui, Vaipuanpho, Tuikual, Sakhisih, Damdiai, Chite, Tuirini, Tuivawl, Lawibual, Challui, Mat, Siakah, Chhimtuipui, Tuikum, Sesah, Phe, Teirei, Tut, Tuichhuahen, Tiau, Tuipui, Nongal, Simsang, Ganol, Damring, Waikhrwi, Kwai, Teirei, Khawthlangtuipui, Ngengpui Stream, Vantawng, Sderkariah, Laitryngew, Wahkhlek Khlek, Wahrew, Umngi, Rwiang, Kalipai, Kmai Um, Lukha, Myntdu, Lamu, Lynriang, Thlu Umwi, Simsang, Teesta, Sonai, Ranganadi, Rangit, Ranichu, Kapili, Karola, Kathakal, Kharsang, Kohora, Kolong, Kundli, Kushiara, Manu, Nonbah, Kynshi, Wah Blei, Lohit, Manas, Maney Khola, Ganol Tura, Milak, Namchik, Noa Dihing, Pachin, Pagldia, Panchnoi, Poma, Yomgo And Mora",,154.5,1.0,4.65,0.0,BERENG,2023-06-30
2023,1527,"RIVER BHOGDOI AT JORHAT , ASSAM",ASSAM,"Tributary Streams - Burhidihing, Dhansiri, Bharalu, Dikrong, Gai Nadi, Digaru, Digboi, Dikhow, Kaljani, Gabharu, Tocklai, Tunia, Larsing, Dhateshwari, Demow, Borsila, Barak, Dibang, Dihing, Senki, Dorika, Subansiri, Siang, Baralia, Tihu, Singra, Damring, Manda, Dikchu, Dzu, Kha Ru, Dzucha, Torsa, Beki, Bereng, Bhogdoi, Jhanji, Jia Bharali, Sankosh, Sanuo Ru, Boginadi, Rilang, Myntang, Tlawng, Tuirial, Serlui, Vaipuanpho, Tuikual, Sakhisih, Damdiai, Chite, Tuirini, Tuivawl, Lawibual, Challui, Mat, Siakah, Chhimtuipui, Tuikum, Sesah, Phe, Teirei, Tut, Tuichhuahen, Tiau, Tuipui, Nongal, Simsang, Ganol, Damring, Waikhrwi, Kwai, Teirei, Khawthlangtuipui, Ngengpui Stream, Vantawng, Sderkariah, Laitryngew, Wahkhlek Khlek, Wahrew, Umngi, Rwiang, Kalipai, Kmai Um, Lukha, Myntdu, Lamu, Lynriang, Thlu Umwi, Simsang, Teesta, Sonai, Ranganadi, Rangit, Ranichu, Kapili, Karola, Kathakal, Kharsang, Kohora, Kolong, Kundli, Kushiara, Manu, Nonbah, Kynshi, Wah Blei, Lohit, Manas, Maney Khola, Ganol Tura, Milak, Namchik, Noa Dihing, Pachin, Pagldia, Panchnoi, Poma, Yomgo And Mora",,199.0,2.2,6.85,1.0,BHOGDOI,2023-06-30
2023,3769,"RIVER BHOGDOI (PUJADUBI GHAT) INTAKE POINT OF URBAN WATER SUPPLY, JORHAT",ASSAM,"Tributary Streams - Burhidihing, Dhansiri, Bharalu, Dikrong, Gai Nadi, Digaru, Digboi, Dikhow, Kaljani, Gabharu, Tocklai, Tunia, Larsing, Dhateshwari, Demow, Borsila, Barak, Dibang, Dihing, Senki, Dorika, Subansiri, Siang, Baralia, Tihu, Singra, Damring, Manda, Dikchu, Dzu, Kha Ru, Dzucha, Torsa, Beki, Bereng, Bhogdoi, Jhanji, Jia Bharali, Sankosh, Sanuo Ru, Boginadi, Rilang, Myntang, Tlawng, Tuirial, Serlui, Vaipuanpho, Tuikual, Sakhisih, Damdiai, Chite, Tuirini, Tuivawl, Lawibual, Challui, Mat, Siakah, Chhimtuipui, Tuikum, Sesah, Phe, Teirei, Tut, Tuichhuahen, Tiau, Tuipui, Nongal, Simsang, Ganol, Damring, Waikhrwi, Kwai, Teirei, Khawthlangtuipui, Ngengpui Stream, Vantawng, Sderkariah, Laitryngew, Wahkhlek Khlek, Wahrew, Umngi, Rwiang, Kalipai, Kmai Um, Lukha, Myntdu, Lamu, Lynriang, Thlu Umwi, Simsang, Teesta, Sonai, Ranganadi, Rangit, Ranichu, Kapili, Karola, Kathakal, Kharsang, Kohora, Kolong, Kundli, Kushiara, Manu, Nonbah, Kynshi, Wah Blei, Lohit, Manas, Maney Khola, Ganol Tura, Milak, Namchik, Noa Dihing, Pachin, Pagldia, Panchnoi, Poma, Yomgo And Mora",,183.0,2.2,7.0,1.0,"Burhidihing, Dhansiri, Bharalu, Dikrong, Gai Nadi, Digaru, Digboi, Dikhow, Kaljani, Gabharu, Tocklai, Tunia, Larsing, Dhateshwari, Demow, Borsila, Barak, Dibang, Dihing, Senki, Dorika, Subansiri, Siang, Baralia, Tihu, Singra, Damring, Manda, Dikchu, Dzu, Kha Ru, Dzucha, Torsa, Beki, Bereng, Bhogdoi, Jhanji, Jia Bharali, Sankosh, Sanuo Ru, Boginadi, Rilang, Myntang, Tlawng, Tuirial, Serlui, Vaipuanpho, Tuikual, Sakhisih, Damdiai, Chite, Tuirini, Tuivawl, Lawibual, Challui, Mat, Siakah, Chhimtuipui, Tuikum, Sesah, Phe, Teirei, Tut, Tuichhuahen, Tiau, Tuipui, Nongal, Simsang, Ganol, Damring, Waikhrwi, Kwai, Teirei, Khawthlangtuipui, Ngengpui Stream, Vantawng, Sderkariah, Laitryngew, Wahkhlek Khlek, Wahrew, Umngi, Rwiang, Kalipai, Kmai Um, Lukha, Myntdu, Lamu, Lynriang, Thlu Umwi, Simsang, Teesta, Sonai, Ranganadi, Rangit, Ranichu, Kapili, Karola, Kathakal, Kharsang, Kohora, Kolong, Kundli, Kushiara, Manu, Nonbah, Kynshi, Wah Blei, Lohit, Manas, Maney Khola, Ganol Tura, Milak, Namchik, Noa Dihing, Pachin, Pagldia, Panchnoi, Poma, Yomgo And Mora",2023-06-30
2023,1258,"RIVER JHANJI AT N.H. CROSSING JORHAT, ASSAM",ASSAM,"Tributary Streams - Burhidihing, Dhansiri, Bharalu, Dikrong, Gai Nadi, Digaru, Digboi, Dikhow, Kaljani, Gabharu, Tocklai, Tunia, Larsing, Dhateshwari, Demow, Borsila, Barak, Dibang, Dihing, Senki, Dorika, Subansiri, Siang, Baralia, Tihu, Singra, Damring, Manda, Dikchu, Dzu, Kha Ru, Dzucha, Torsa, Beki, Bereng, Bhogdoi, Jhanji, Jia Bharali, Sankosh, Sanuo Ru, Boginadi, Rilang, Myntang, Tlawng, Tuirial, Serlui, Vaipuanpho, Tuikual, Sakhisih, Damdiai, Chite, Tuirini, Tuivawl, Lawibual, Challui, Mat, Siakah, Chhimtuipui, Tuikum, Sesah, Phe, Teirei, Tut, Tuichhuahen, Tiau, Tuipui, Nongal, Simsang, Ganol, Damring, Waikhrwi, Kwai, Teirei, Khawthlangtuipui, Ngengpui Stream, Vantawng, Sderkariah, Laitryngew, Wahkhlek Khlek, Wahrew, Umngi, Rwiang, Kalipai, Kmai Um, Lukha, Myntdu, Lamu, Lynriang, Thlu Umwi, Simsang, Teesta, Sonai, Ranganadi, Rangit, Ranichu, Kapili, Karola, Kathakal, Kharsang, Kohora, Kolong, Kundli, Kushiara, Manu, Nonbah, Kynshi, Wah Blei, Lohit, Manas, Maney Khola, Ganol Tura, Milak, Namchik, Noa Dihing, Pachin, Pagldia, Panchnoi, Poma, Yomgo And Mora",,121.0,2.35,6.8,1.0,JHANJI,2023-06-30
2023,2239,"RIVER SANKOSH DHUBRI, ASSAM",ASSAM,"Tributary Streams - Burhidihing, Dhansiri, Bharalu, Dikrong, Gai Nadi, Digaru, Digboi, Dikhow, Kaljani, Gabharu, Tocklai, Tunia, Larsing, Dhateshwari, Demow, Borsila, Barak, Dibang, Dihing, Senki, Dorika, Subansiri, Siang, Baralia, Tihu, Singra, Damring, Manda, Dikchu, Dzu, Kha Ru, Dzucha, Torsa, Beki, Bereng, Bhogdoi, Jhanji, Jia Bharali, Sankosh, Sanuo Ru, Boginadi, Rilang, Myntang, Tlawng, Tuirial, Serlui, Vaipuanpho, Tuikual, Sakhisih, Damdiai, Chite, Tuirini, Tuivawl, Lawibual, Challui, Mat, Siakah, Chhimtuipui, Tuikum, Sesah, Phe, Teirei, Tut, Tuichhuahen, Tiau, Tuipui, Nongal, Simsang, Ganol, Damring, Waikhrwi, Kwai, Teirei, Khawthlangtuipui, Ngengpui Stream, Vantawng, Sderkariah, Laitryngew, Wahkhlek Khlek, Wahrew, Umngi, Rwiang, Kalipai, Kmai Um, Lukha, Myntdu, Lamu, Lynriang, Thlu Umwi, Simsang, Teesta, Sonai, Ranganadi, Rangit, Ranichu, Kapili, Karola, Kathakal, Kharsang, Kohora, Kolong, Kundli, Kushiara, Manu, Nonbah, Kynshi, Wah Blei, Lohit, Manas, Maney Khola, Ganol Tura, Milak, Namchik, Noa Dihing, Pachin, Pagldia, Panchnoi, Poma, Yomgo And Mora",,139.0,2.25,5.300000000000001,1.2,"Burhidihing, Dhansiri, Bharalu, Dikrong, Gai Nadi, Digaru, Digboi, Dikhow, Kaljani, Gabharu, Tocklai, Tunia, Larsing, Dhateshwari, Demow, Borsila, Barak, Dibang, Dihing, Senki, Dorika, Subansiri, Siang, Baralia, Tihu, Singra, Damring, Manda, Dikchu, Dzu, Kha Ru, Dzucha, Torsa, Beki, Bereng, Bhogdoi, Jhanji, Jia Bharali, Sankosh, Sanuo Ru, Boginadi, Rilang, Myntang, Tlawng, Tuirial, Serlui, Vaipuanpho, Tuikual, Sakhisih, Damdiai, Chite, Tuirini, Tuivawl, Lawibual, Challui, Mat, Siakah, Chhimtuipui, Tuikum, Sesah, Phe, Teirei, Tut, Tuichhuahen, Tiau, Tuipui, Nongal, Simsang, Ganol, Damring, Waikhrwi, Kwai, Teirei, Khawthlangtuipui, Ngengpui Stream, Vantawng, Sderkariah, Laitryngew, Wahkhlek Khlek, Wahrew, Umngi, Rwiang, Kalipai, Kmai Um, Lukha, Myntdu, Lamu, Lynriang, Thlu Umwi, Simsang, Teesta, Sonai, Ranganadi, Rangit, Ranichu, Kapili, Karola, Kathakal, Kharsang, Kohora, Kolong, Kundli, Kushiara, Manu, Nonbah, Kynshi, Wah Blei, Lohit, Manas, Maney Khola, Ganol Tura, Milak, Namchik, Noa Dihing, Pachin, Pagldia, Panchnoi, Poma, Yomgo And Mora",2023-06-30
2023,2890,SANUO RU BELOW NEW SECRETARIAT,NAGALAND,"Tributary Streams - Burhidihing, Dhansiri, Bharalu, Dikrong, Gai Nadi, Digaru, Digboi, Dikhow, Kaljani, Gabharu, Tocklai, Tunia, Larsing, Dhateshwari, Demow, Borsila, Barak, Dibang, Dihing, Senki, Dorika, Subansiri, Siang, Baralia, Tihu, Singra, Damring, Manda, Dikchu, Dzu, Kha Ru, Dzucha, Torsa, Beki, Bereng, Bhogdoi, Jhanji, Jia Bharali, Sankosh, Sanuo Ru, Boginadi, Rilang, Myntang, Tlawng, Tuirial, Serlui, Vaipuanpho, Tuikual, Sakhisih, Damdiai, Chite, Tuirini, Tuivawl, Lawibual, Challui, Mat, Siakah, Chhimtuipui, Tuikum, Sesah, Phe, Teirei, Tut, Tuichhuahen, Tiau, Tuipui, Nongal, Simsang, Ganol, Damring, Waikhrwi, Kwai, Teirei, Khawthlangtuipui, Ngengpui Stream, Vantawng, Sderkariah, Laitryngew, Wahkhlek Khlek, Wahrew, Umngi, Rwiang, Kalipai, Kmai Um, Lukha, Myntdu, Lamu, Lynriang, Thlu Umwi, Simsang, Teesta, Sonai, Ranganadi, Rangit, Ranichu, Kapili, Karola, Kathakal, Kharsang, Kohora, Kolong, Kundli, Kushiara, Manu, Nonbah, Kynshi, Wah Blei, Lohit, Manas, Maney Khola, Ganol Tura, Milak, Namchik, Noa Dihing, Pachin, Pagldia, Panchnoi, Poma, Yomgo And Mora",,453.0,1.7,6.9,2.55,"Burhidihing, Dhansiri, Bharalu, Dikrong, Gai Nadi, Digaru, Digboi, Dikhow, Kaljani, Gabharu, Tocklai, Tunia, Larsing, Dhateshwari, Demow, Borsila, Barak, Dibang, Dihing, Senki, Dorika, Subansiri, Siang, Baralia, Tihu, Singra, Damring, Manda, Dikchu, Dzu, Kha Ru, Dzucha, Torsa, Beki, Bereng, Bhogdoi, Jhanji, Jia Bharali, Sankosh, Sanuo Ru, Boginadi, Rilang, Myntang, Tlawng, Tuirial, Serlui, Vaipuanpho, Tuikual, Sakhisih, Damdiai, Chite, Tuirini, Tuivawl, Lawibual, Challui, Mat, Siakah, Chhimtuipui, Tuikum, Sesah, Phe, Teirei, Tut, Tuichhuahen, Tiau, Tuipui, Nongal, Simsang, Ganol, Damring, Waikhrwi, Kwai, Teirei, Khawthlangtuipui, Ngengpui Stream, Vantawng, Sderkariah, Laitryngew, Wahkhlek Khlek, Wahrew, Umngi, Rwiang, Kalipai, Kmai Um, Lukha, Myntdu, Lamu, Lynriang, Thlu Umwi, Simsang, Teesta, Sonai, Ranganadi, Rangit, Ranichu, Kapili, Karola, Kathakal, Kharsang, Kohora, Kolong, Kundli, Kushiara, Manu, Nonbah, Kynshi, Wah Blei, Lohit, Manas, Maney Khola, Ganol Tura, Milak, Namchik, Noa Dihing, Pachin, Pagldia, Panchnoi, Poma, Yomgo And Mora",2023-06-30
2023,2233,"RIVER BOGINADI NEAR BRIDGE NH-52, LAKHIMPUR, ASSAM",ASSAM,"Tributary Streams - Burhidihing, Dhansiri, Bharalu, Dikrong, Gai Nadi, Digaru, Digboi, Dikhow, Kaljani, Gabharu, Tocklai, Tunia, Larsing, Dhateshwari, Demow, Borsila, Barak, Dibang, Dihing, Senki, Dorika, Subansiri, Siang, Baralia, Tihu, Singra, Damring, Manda, Dikchu, Dzu, Kha Ru, Dzucha, Torsa, Beki, Bereng, Bhogdoi, Jhanji, Jia Bharali, Sankosh, Sanuo Ru, Boginadi, Rilang, Myntang, Tlawng, Tuirial, Serlui, Vaipuanpho, Tuikual, Sakhisih, Damdiai, Chite, Tuirini, Tuivawl, Lawibual, Challui, Mat, Siakah, Chhimtuipui, Tuikum, Sesah, Phe, Teirei, Tut, Tuichhuahen, Tiau, Tuipui, Nongal, Simsang, Ganol, Damring, Waikhrwi, Kwai, Teirei, Khawthlangtuipui, Ngengpui Stream, Vantawng, Sderkariah, Laitryngew, Wahkhlek Khlek, Wahrew, Umngi, Rwiang, Kalipai, Kmai Um, Lukha, Myntdu, Lamu, Lynriang, Thlu Umwi, Simsang, Teesta, Sonai, Ranganadi, Rangit, Ranichu, Kapili, Karola, Kathakal, Kharsang, Kohora, Kolong, Kundli, Kushiara, Manu, Nonbah, Kynshi, Wah Blei, Lohit, Manas, Maney Khola, Ganol Tura, Milak, Namchik, Noa Dihing, Pachin, Pagldia, Panchnoi, Poma, Yomgo And Mora",,124.0,2.2,5.9,1.25,BOGINADI,2023-06-30
2023,3372,"RIVER RILANG AT MAWKYRWAT,",MEGHALAYA,"Tributary Streams - Burhidihing, Dhansiri, Bharalu, Dikrong, Gai Nadi, Digaru, Digboi, Dikhow, Kaljani, Gabharu, Tocklai, Tunia, Larsing, Dhateshwari, Demow, Borsila, Barak, Dibang, Dihing, Senki, Dorika, Subansiri, Siang, Baralia, Tihu, Singra, Damring, Manda, Dikchu, Dzu, Kha Ru, Dzucha, Torsa, Beki, Bereng, Bhogdoi, Jhanji, Jia Bharali, Sankosh, Sanuo Ru, Boginadi, Rilang, Myntang, Tlawng, Tuirial, Serlui, Vaipuanpho, Tuikual, Sakhisih, Damdiai, Chite, Tuirini, Tuivawl, Lawibual, Challui, Mat, Siakah, Chhimtuipui, Tuikum, Sesah, Phe, Teirei, Tut, Tuichhuahen, Tiau, Tuipui, Nongal, Simsang, Ganol, Damring, Waikhrwi, Kwai, Teirei, Khawthlangtuipui, Ngengpui Stream, Vantawng, Sderkariah, Laitryngew, Wahkhlek Khlek, Wahrew, Umngi, Rwiang, Kalipai, Kmai Um, Lukha, Myntdu, Lamu, Lynriang, Thlu Umwi, Simsang, Teesta, Sonai, Ranganadi, Rangit, Ranichu, Kapili, Karola, Kathakal, Kharsang, Kohora, Kolong, Kundli, Kushiara, Manu, Nonbah, Kynshi, Wah Blei, Lohit, Manas, Maney Khola, Ganol Tura, Milak, Namchik, Noa Dihing, Pachin, Pagldia, Panchnoi, Poma, Yomgo And Mora",,34.5,1.05,8.05,0.365,RILANG,2023-06-30
2023,3377,RIVER MYNTANG AT NARTIANG,MEGHALAYA,"Tributary Streams - Burhidihing, Dhansiri, Bharalu, Dikrong, Gai Nadi, Digaru, Digboi, Dikhow, Kaljani, Gabharu, Tocklai, Tunia, Larsing, Dhateshwari, Demow, Borsila, Barak, Dibang, Dihing, Senki, Dorika, Subansiri, Siang, Baralia, Tihu, Singra, Damring, Manda, Dikchu, Dzu, Kha Ru, Dzucha, Torsa, Beki, Bereng, Bhogdoi, Jhanji, Jia Bharali, Sankosh, Sanuo Ru, Boginadi, Rilang, Myntang, Tlawng, Tuirial, Serlui, Vaipuanpho, Tuikual, Sakhisih, Damdiai, Chite, Tuirini, Tuivawl, Lawibual, Challui, Mat, Siakah, Chhimtuipui, Tuikum, Sesah, Phe, Teirei, Tut, Tuichhuahen, Tiau, Tuipui, Nongal, Simsang, Ganol, Damring, Waikhrwi, Kwai, Teirei, Khawthlangtuipui, Ngengpui Stream, Vantawng, Sderkariah, Laitryngew, Wahkhlek Khlek, Wahrew, Umngi, Rwiang, Kalipai, Kmai Um, Lukha, Myntdu, Lamu, Lynriang, Thlu Umwi, Simsang, Teesta, Sonai, Ranganadi, Rangit, Ranichu, Kapili, Karola, Kathakal, Kharsang, Kohora, Kolong, Kundli, Kushiara, Manu, Nonbah, Kynshi, Wah Blei, Lohit, Manas, Maney Khola, Ganol Tura, Milak, Namchik, Noa Dihing, Pachin, Pagldia, Panchnoi, Poma, Yomgo And Mora",,39.5,1.7999999999999998,7.3999999999999995,2.845,MYNTANG,2023-06-30
2023,3378,RIVER MYNTANG AT MYNSO,MEGHALAYA,"Tributary Streams - Burhidihing, Dhansiri, Bharalu, Dikrong, Gai Nadi, Digaru, Digboi, Dikhow, Kaljani, Gabharu, Tocklai, Tunia, Larsing, Dhateshwari, Demow, Borsila, Barak, Dibang, Dihing, Senki, Dorika, Subansiri, Siang, Baralia, Tihu, Singra, Damring, Manda, Dikchu, Dzu, Kha Ru, Dzucha, Torsa, Beki, Bereng, Bhogdoi, Jhanji, Jia Bharali, Sankosh, Sanuo Ru, Boginadi, Rilang, Myntang, Tlawng, Tuirial, Serlui, Vaipuanpho, Tuikual, Sakhisih, Damdiai, Chite, Tuirini, Tuivawl, Lawibual, Challui, Mat, Siakah, Chhimtuipui, Tuikum, Sesah, Phe, Teirei, Tut, Tuichhuahen, Tiau, Tuipui, Nongal, Simsang, Ganol, Damring, Waikhrwi, Kwai, Teirei, Khawthlangtuipui, Ngengpui Stream, Vantawng, Sderkariah, Laitryngew, Wahkhlek Khlek, Wahrew, Umngi, Rwiang, Kalipai, Kmai Um, Lukha, Myntdu, Lamu, Lynriang, Thlu Umwi, Simsang, Teesta, Sonai, Ranganadi, Rangit, Ranichu, Kapili, Karola, Kathakal, Kharsang, Kohora, Kolong, Kundli, Kushiara, Manu, Nonbah, Kynshi, Wah Blei, Lohit, Manas, Maney Khola, Ganol Tura, Milak, Namchik, Noa Dihing, Pachin, Pagldia, Panchnoi, Poma, Yomgo And Mora",,41.0,1.25,7.8999999999999995,2.875,MYNTANG,2023-06-30
2023,3380,RIVER DAMRING (KRISHNAI RIVER) AT RESUBELPARA,MEGHALAYA,"Tributary Streams - Burhidihing, Dhansiri, Bharalu, Dikrong, Gai Nadi, Digaru, Digboi, Dikhow, Kaljani, Gabharu, Tocklai, Tunia, Larsing, Dhateshwari, Demow, Borsila, Barak, Dibang, Dihing, Senki, Dorika, Subansiri, Siang, Baralia, Tihu, Singra, Damring, Manda, Dikchu, Dzu, Kha Ru, Dzucha, Torsa, Beki, Bereng, Bhogdoi, Jhanji, Jia Bharali, Sankosh, Sanuo Ru, Boginadi, Rilang, Myntang, Tlawng, Tuirial, Serlui, Vaipuanpho, Tuikual, Sakhisih, Damdiai, Chite, Tuirini, Tuivawl, Lawibual, Challui, Mat, Siakah, Chhimtuipui, Tuikum, Sesah, Phe, Teirei, Tut, Tuichhuahen, Tiau, Tuipui, Nongal, Simsang, Ganol, Damring, Waikhrwi, Kwai, Teirei, Khawthlangtuipui, Ngengpui Stream, Vantawng, Sderkariah, Laitryngew, Wahkhlek Khlek, Wahrew, Umngi, Rwiang, Kalipai, Kmai Um, Lukha, Myntdu, Lamu, Lynriang, Thlu Umwi, Simsang, Teesta, Sonai, Ranganadi, Rangit, Ranichu, Kapili, Karola, Kathakal, Kharsang, Kohora, Kolong, Kundli, Kushiara, Manu, Nonbah, Kynshi, Wah Blei, Lohit, Manas, Maney Khola, Ganol Tura, Milak, Namchik, Noa Dihing, Pachin, Pagldia, Panchnoi, Poma, Yomgo And Mora",,67.0,1.7000000000000002,7.45,0.41000000000000003,"Burhidihing, Dhansiri, Bharalu, Dikrong, Gai Nadi, Digaru, Digboi, Dikhow, Kaljani, Gabharu, Tocklai, Tunia, Larsing, Dhateshwari, Demow, Borsila, Barak, Dibang, Dihing, Senki, Dorika, Subansiri, Siang, Baralia, Tihu, Singra, Damring, Manda, Dikchu, Dzu, Kha Ru, Dzucha, Torsa, Beki, Bereng, Bhogdoi, Jhanji, Jia Bharali, Sankosh, Sanuo Ru, Boginadi, Rilang, Myntang, Tlawng, Tuirial, Serlui, Vaipuanpho, Tuikual, Sakhisih, Damdiai, Chite, Tuirini, Tuivawl, Lawibual, Challui, Mat, Siakah, Chhimtuipui, Tuikum, Sesah, Phe, Teirei, Tut, Tuichhuahen, Tiau, Tuipui, Nongal, Simsang, Ganol, Damring, Waikhrwi, Kwai, Teirei, Khawthlangtuipui, Ngengpui Stream, Vantawng, Sderkariah, Laitryngew, Wahkhlek Khlek, Wahrew, Umngi, Rwiang, Kalipai, Kmai Um, Lukha, Myntdu, Lamu, Lynriang, Thlu Umwi, Simsang, Teesta, Sonai, Ranganadi, Rangit, Ranichu, Kapili, Karola, Kathakal, Kharsang, Kohora, Kolong, Kundli, Kushiara, Manu, Nonbah, Kynshi, Wah Blei, Lohit, Manas, Maney Khola, Ganol Tura, Milak, Namchik, Noa Dihing, Pachin, Pagldia, Panchnoi, Poma, Yomgo And Mora",2023-06-30
2023,3381,"RIVER MANDA (DUDHNOI RIVER) AT JAMGE,",MEGHALAYA,"Tributary Streams - Burhidihing, Dhansiri, Bharalu, Dikrong, Gai Nadi, Digaru, Digboi, Dikhow, Kaljani, Gabharu, Tocklai, Tunia, Larsing, Dhateshwari, Demow, Borsila, Barak, Dibang, Dihing, Senki, Dorika, Subansiri, Siang, Baralia, Tihu, Singra, Damring, Manda, Dikchu, Dzu, Kha Ru, Dzucha, Torsa, Beki, Bereng, Bhogdoi, Jhanji, Jia Bharali, Sankosh, Sanuo Ru, Boginadi, Rilang, Myntang, Tlawng, Tuirial, Serlui, Vaipuanpho, Tuikual, Sakhisih, Damdiai, Chite, Tuirini, Tuivawl, Lawibual, Challui, Mat, Siakah, Chhimtuipui, Tuikum, Sesah, Phe, Teirei, Tut, Tuichhuahen, Tiau, Tuipui, Nongal, Simsang, Ganol, Damring, Waikhrwi, Kwai, Teirei, Khawthlangtuipui, Ngengpui Stream, Vantawng, Sderkariah, Laitryngew, Wahkhlek Khlek, Wahrew, Umngi, Rwiang, Kalipai, Kmai Um, Lukha, Myntdu, Lamu, Lynriang, Thlu Umwi, Simsang, Teesta, Sonai, Ranganadi, Rangit, Ranichu, Kapili, Karola, Kathakal, Kharsang, Kohora, Kolong, Kundli, Kushiara, Manu, Nonbah, Kynshi, Wah Blei, Lohit, Manas, Maney Khola, Ganol Tura, Milak, Namchik, Noa Dihing, Pachin, Pagldia, Panchnoi, Poma, Yomgo And Mora",,67.0,2.0,7.1,0.43000000000000005,"Burhidihing, Dhansiri, Bharalu, Dikrong, Gai Nadi, Digaru, Digboi, Dikhow, Kaljani, Gabharu, Tocklai, Tunia, Larsing, Dhateshwari, Demow, Borsila, Barak, Dibang, Dihing, Senki, Dorika, Subansiri, Siang, Baralia, Tihu, Singra, Damring, Manda, Dikchu, Dzu, Kha Ru, Dzucha, Torsa, Beki, Bereng, Bhogdoi, Jhanji, Jia Bharali, Sankosh, Sanuo Ru, Boginadi, Rilang, Myntang, Tlawng, Tuirial, Serlui, Vaipuanpho, Tuikual, Sakhisih, Damdiai, Chite, Tuirini, Tuivawl, Lawibual, Challui, Mat, Siakah, Chhimtuipui, Tuikum, Sesah, Phe, Teirei, Tut, Tuichhuahen, Tiau, Tuipui, Nongal, Simsang, Ganol, Damring, Waikhrwi, Kwai, Teirei, Khawthlangtuipui, Ngengpui Stream, Vantawng, Sderkariah, Laitryngew, Wahkhlek Khlek, Wahrew, Umngi, Rwiang, Kalipai, Kmai Um, Lukha, Myntdu, Lamu, Lynriang, Thlu Umwi, Simsang, Teesta, Sonai, Ranganadi, Rangit, Ranichu, Kapili, Karola, Kathakal, Kharsang, Kohora, Kolong, Kundli, Kushiara, Manu, Nonbah, Kynshi, Wah Blei, Lohit, Manas, Maney Khola, Ganol Tura, Milak, Namchik, Noa Dihing, Pachin, Pagldia, Panchnoi, Poma, Yomgo And Mora",2023-06-30
2023,3382,RIVER MANDA (DUDHNOI RIVER) AT WAGEASI,MEGHALAYA,"Tributary Streams - Burhidihing, Dhansiri, Bharalu, Dikrong, Gai Nadi, Digaru, Digboi, Dikhow, Kaljani, Gabharu, Tocklai, Tunia, Larsing, Dhateshwari, Demow, Borsila, Barak, Dibang, Dihing, Senki, Dorika, Subansiri, Siang, Baralia, Tihu, Singra, Damring, Manda, Dikchu, Dzu, Kha Ru, Dzucha, Torsa, Beki, Bereng, Bhogdoi, Jhanji, Jia Bharali, Sankosh, Sanuo Ru, Boginadi, Rilang, Myntang, Tlawng, Tuirial, Serlui, Vaipuanpho, Tuikual, Sakhisih, Damdiai, Chite, Tuirini, Tuivawl, Lawibual, Challui, Mat, Siakah, Chhimtuipui, Tuikum, Sesah, Phe, Teirei, Tut, Tuichhuahen, Tiau, Tuipui, Nongal, Simsang, Ganol, Damring, Waikhrwi, Kwai, Teirei, Khawthlangtuipui, Ngengpui Stream, Vantawng, Sderkariah, Laitryngew, Wahkhlek Khlek, Wahrew, Umngi, Rwiang, Kalipai, Kmai Um, Lukha, Myntdu, Lamu, Lynriang, Thlu Umwi, Simsang, Teesta, Sonai, Ranganadi, Rangit, Ranichu, Kapili, Karola, Kathakal, Kharsang, Kohora, Kolong, Kundli, Kushiara, Manu, Nonbah, Kynshi, Wah Blei, Lohit, Manas, Maney Khola, Ganol Tura, Milak, Namchik, Noa Dihing, Pachin, Pagldia, Panchnoi, Poma, Yomgo And Mora",,67.0,1.9,7.3,0.385,"Burhidihing, Dhansiri, Bharalu, Dikrong, Gai Nadi, Digaru, Digboi, Dikhow, Kaljani, Gabharu, Tocklai, Tunia, Larsing, Dhateshwari, Demow, Borsila, Barak, Dibang, Dihing, Senki, Dorika, Subansiri, Siang, Baralia, Tihu, Singra, Damring, Manda, Dikchu, Dzu, Kha Ru, Dzucha, Torsa, Beki, Bereng, Bhogdoi, Jhanji, Jia Bharali, Sankosh, Sanuo Ru, Boginadi, Rilang, Myntang, Tlawng, Tuirial, Serlui, Vaipuanpho, Tuikual, Sakhisih, Damdiai, Chite, Tuirini, Tuivawl, Lawibual, Challui, Mat, Siakah, Chhimtuipui, Tuikum, Sesah, Phe, Teirei, Tut, Tuichhuahen, Tiau, Tuipui, Nongal, Simsang, Ganol, Damring, Waikhrwi, Kwai, Teirei, Khawthlangtuipui, Ngengpui Stream, Vantawng, Sderkariah, Laitryngew, Wahkhlek Khlek, Wahrew, Umngi, Rwiang, Kalipai, Kmai Um, Lukha, Myntdu, Lamu, Lynriang, Thlu Umwi, Simsang, Teesta, Sonai, Ranganadi, Rangit, Ranichu, Kapili, Karola, Kathakal, Kharsang, Kohora, Kolong, Kundli, Kushiara, Manu, Nonbah, Kynshi, Wah Blei, Lohit, Manas, Maney Khola, Ganol Tura, Milak, Namchik, Noa Dihing, Pachin, Pagldia, Panchnoi, Poma, Yomgo And Mora",2023-06-30
2023,2050,"RIVER TLAWNG MID STREAM, REIEK KAI, AIZAWL,U/S OF TLAWNG BRIDGE",MIZORAM,"Tributary Streams - Burhidihing, Dhansiri, Bharalu, Dikrong, Gai Nadi, Digaru, Digboi, Dikhow, Kaljani, Gabharu, Tocklai, Tunia, Larsing, Dhateshwari, Demow, Borsila, Barak, Dibang, Dihing, Senki, Dorika, Subansiri, Siang, Baralia, Tihu, Singra, Damring, Manda, Dikchu, Dzu, Kha Ru, Dzucha, Torsa, Beki, Bereng, Bhogdoi, Jhanji, Jia Bharali, Sankosh, Sanuo Ru, Boginadi, Rilang, Myntang, Tlawng, Tuirial, Serlui, Vaipuanpho, Tuikual, Sakhisih, Damdiai, Chite, Tuirini, Tuivawl, Lawibual, Challui, Mat, Siakah, Chhimtuipui, Tuikum, Sesah, Phe, Teirei, Tut, Tuichhuahen, Tiau, Tuipui, Nongal, Simsang, Ganol, Damring, Waikhrwi, Kwai, Teirei, Khawthlangtuipui, Ngengpui Stream, Vantawng, Sderkariah, Laitryngew, Wahkhlek Khlek, Wahrew, Umngi, Rwiang, Kalipai, Kmai Um, Lukha, Myntdu, Lamu, Lynriang, Thlu Umwi, Simsang, Teesta, Sonai, Ranganadi, Rangit, Ranichu, Kapili, Karola, Kathakal, Kharsang, Kohora, Kolong, Kundli, Kushiara, Manu, Nonbah, Kynshi, Wah Blei, Lohit, Manas, Maney Khola, Ganol Tura, Milak, Namchik, Noa Dihing, Pachin, Pagldia, Panchnoi, Poma, Yomgo And Mora",,234.5,1.15,6.6499999999999995,0.295,"Burhidihing, Dhansiri, Bharalu, Dikrong, Gai Nadi, Digaru, Digboi, Dikhow, Kaljani, Gabharu, Tocklai, Tunia, Larsing, Dhateshwari, Demow, Borsila, Barak, Dibang, Dihing, Senki, Dorika, Subansiri, Siang, Baralia, Tihu, Singra, Damring, Manda, Dikchu, Dzu, Kha Ru, Dzucha, Torsa, Beki, Bereng, Bhogdoi, Jhanji, Jia Bharali, Sankosh, Sanuo Ru, Boginadi, Rilang, Myntang, Tlawng, Tuirial, Serlui, Vaipuanpho, Tuikual, Sakhisih, Damdiai, Chite, Tuirini, Tuivawl, Lawibual, Challui, Mat, Siakah, Chhimtuipui, Tuikum, Sesah, Phe, Teirei, Tut, Tuichhuahen, Tiau, Tuipui, Nongal, Simsang, Ganol, Damring, Waikhrwi, Kwai, Teirei, Khawthlangtuipui, Ngengpui Stream, Vantawng, Sderkariah, Laitryngew, Wahkhlek Khlek, Wahrew, Umngi, Rwiang, Kalipai, Kmai Um, Lukha, Myntdu, Lamu, Lynriang, Thlu Umwi, Simsang, Teesta, Sonai, Ranganadi, Rangit, Ranichu, Kapili, Karola, Kathakal, Kharsang, Kohora, Kolong, Kundli, Kushiara, Manu, Nonbah, Kynshi, Wah Blei, Lohit, Manas, Maney Khola, Ganol Tura, Milak, Namchik, Noa Dihing, Pachin, Pagldia, Panchnoi, Poma, Yomgo And Mora",2023-06-30
2023,2051,"RIVER TLAWNG MID STREAM, REIEK KAI, AIZAWL,D/S OF TLAWNG BRIDGE",MIZORAM,"Tributary Streams - Burhidihing, Dhansiri, Bharalu, Dikrong, Gai Nadi, Digaru, Digboi, Dikhow, Kaljani, Gabharu, Tocklai, Tunia, Larsing, Dhateshwari, Demow, Borsila, Barak, Dibang, Dihing, Senki, Dorika, Subansiri, Siang, Baralia, Tihu, Singra, Damring, Manda, Dikchu, Dzu, Kha Ru, Dzucha, Torsa, Beki, Bereng, Bhogdoi, Jhanji, Jia Bharali, Sankosh, Sanuo Ru, Boginadi, Rilang, Myntang, Tlawng, Tuirial, Serlui, Vaipuanpho, Tuikual, Sakhisih, Damdiai, Chite, Tuirini, Tuivawl, Lawibual, Challui, Mat, Siakah, Chhimtuipui, Tuikum, Sesah, Phe, Teirei, Tut, Tuichhuahen, Tiau, Tuipui, Nongal, Simsang, Ganol, Damring, Waikhrwi, Kwai, Teirei, Khawthlangtuipui, Ngengpui Stream, Vantawng, Sderkariah, Laitryngew, Wahkhlek Khlek, Wahrew, Umngi, Rwiang, Kalipai, Kmai Um, Lukha, Myntdu, Lamu, Lynriang, Thlu Umwi, Simsang, Teesta, Sonai, Ranganadi, Rangit, Ranichu, Kapili, Karola, Kathakal, Kharsang, Kohora, Kolong, Kundli, Kushiara, Manu, Nonbah, Kynshi, Wah Blei, Lohit, Manas, Maney Khola, Ganol Tura, Milak, Namchik, Noa Dihing, Pachin, Pagldia, Panchnoi, Poma, Yomgo And Mora",,237.0,1.25,6.85,0.31,"Burhidihing, Dhansiri, Bharalu, Dikrong, Gai Nadi, Digaru, Digboi, Dikhow, Kaljani, Gabharu, Tocklai, Tunia, Larsing, Dhateshwari, Demow, Borsila, Barak, Dibang, Dihing, Senki, Dorika, Subansiri, Siang, Baralia, Tihu, Singra, Damring, Manda, Dikchu, Dzu, Kha Ru, Dzucha, Torsa, Beki, Bereng, Bhogdoi, Jhanji, Jia Bharali, Sankosh, Sanuo Ru, Boginadi, Rilang, Myntang, Tlawng, Tuirial, Serlui, Vaipuanpho, Tuikual, Sakhisih, Damdiai, Chite, Tuirini, Tuivawl, Lawibual, Challui, Mat, Siakah, Chhimtuipui, Tuikum, Sesah, Phe, Teirei, Tut, Tuichhuahen, Tiau, Tuipui, Nongal, Simsang, Ganol, Damring, Waikhrwi, Kwai, Teirei, Khawthlangtuipui, Ngengpui Stream, Vantawng, Sderkariah, Laitryngew, Wahkhlek Khlek, Wahrew, Umngi, Rwiang, Kalipai, Kmai Um, Lukha, Myntdu, Lamu, Lynriang, Thlu Umwi, Simsang, Teesta, Sonai, Ranganadi, Rangit, Ranichu, Kapili, Karola, Kathakal, Kharsang, Kohora, Kolong, Kundli, Kushiara, Manu, Nonbah, Kynshi, Wah Blei, Lohit, Manas, Maney Khola, Ganol Tura, Milak, Namchik, Noa Dihing, Pachin, Pagldia, Panchnoi, Poma, Yomgo And Mora",2023-06-30
2023,2053,"RIVER TUIRIAL MID STREAM, TUIRIAL VILLAGE,D/S OF TUIRIAL BRIDGE",MIZORAM,"Tributary Streams - Burhidihing, Dhansiri, Bharalu, Dikrong, Gai Nadi, Digaru, Digboi, Dikhow, Kaljani, Gabharu, Tocklai, Tunia, Larsing, Dhateshwari, Demow, Borsila, Barak, Dibang, Dihing, Senki, Dorika, Subansiri, Siang, Baralia, Tihu, Singra, Damring, Manda, Dikchu, Dzu, Kha Ru, Dzucha, Torsa, Beki, Bereng, Bhogdoi, Jhanji, Jia Bharali, Sankosh, Sanuo Ru, Boginadi, Rilang, Myntang, Tlawng, Tuirial, Serlui, Vaipuanpho, Tuikual, Sakhisih, Damdiai, Chite, Tuirini, Tuivawl, Lawibual, Challui, Mat, Siakah, Chhimtuipui, Tuikum, Sesah, Phe, Teirei, Tut, Tuichhuahen, Tiau, Tuipui, Nongal, Simsang, Ganol, Damring, Waikhrwi, Kwai, Teirei, Khawthlangtuipui, Ngengpui Stream, Vantawng, Sderkariah, Laitryngew, Wahkhlek Khlek, Wahrew, Umngi, Rwiang, Kalipai, Kmai Um, Lukha, Myntdu, Lamu, Lynriang, Thlu Umwi, Simsang, Teesta, Sonai, Ranganadi, Rangit, Ranichu, Kapili, Karola, Kathakal, Kharsang, Kohora, Kolong, Kundli, Kushiara, Manu, Nonbah, Kynshi, Wah Blei, Lohit, Manas, Maney Khola, Ganol Tura, Milak, Namchik, Noa Dihing, Pachin, Pagldia, Panchnoi, Poma, Yomgo And Mora",,286.5,1.1,6.25,0.55,"Burhidihing, Dhansiri, Bharalu, Dikrong, Gai Nadi, Digaru, Digboi, Dikhow, Kaljani, Gabharu, Tocklai, Tunia, Larsing, Dhateshwari, Demow, Borsila, Barak, Dibang, Dihing, Senki, Dorika, Subansiri, Siang, Baralia, Tihu, Singra, Damring, Manda, Dikchu, Dzu, Kha Ru, Dzucha, Torsa, Beki, Bereng, Bhogdoi, Jhanji, Jia Bharali, Sankosh, Sanuo Ru, Boginadi, Rilang, Myntang, Tlawng, Tuirial, Serlui, Vaipuanpho, Tuikual, Sakhisih, Damdiai, Chite, Tuirini, Tuivawl, Lawibual, Challui, Mat, Siakah, Chhimtuipui, Tuikum, Sesah, Phe, Teirei, Tut, Tuichhuahen, Tiau, Tuipui, Nongal, Simsang, Ganol, Damring, Waikhrwi, Kwai, Teirei, Khawthlangtuipui, Ngengpui Stream, Vantawng, Sderkariah, Laitryngew, Wahkhlek Khlek, Wahrew, Umngi, Rwiang, Kalipai, Kmai Um, Lukha, Myntdu, Lamu, Lynriang, Thlu Umwi, Simsang, Teesta, Sonai, Ranganadi, Rangit, Ranichu, Kapili, Karola, Kathakal, Kharsang, Kohora, Kolong, Kundli, Kushiara, Manu, Nonbah, Kynshi, Wah Blei, Lohit, Manas, Maney Khola, Ganol Tura, Milak, Namchik, Noa Dihing, Pachin, Pagldia, Panchnoi, Poma, Yomgo And Mora",2023-06-30
2023,3709,RIVER TLAWNG SAIRANG,MIZORAM,"Tributary Streams - Burhidihing, Dhansiri, Bharalu, Dikrong, Gai Nadi, Digaru, Digboi, Dikhow, Kaljani, Gabharu, Tocklai, Tunia, Larsing, Dhateshwari, Demow, Borsila, Barak, Dibang, Dihing, Senki, Dorika, Subansiri, Siang, Baralia, Tihu, Singra, Damring, Manda, Dikchu, Dzu, Kha Ru, Dzucha, Torsa, Beki, Bereng, Bhogdoi, Jhanji, Jia Bharali, Sankosh, Sanuo Ru, Boginadi, Rilang, Myntang, Tlawng, Tuirial, Serlui, Vaipuanpho, Tuikual, Sakhisih, Damdiai, Chite, Tuirini, Tuivawl, Lawibual, Challui, Mat, Siakah, Chhimtuipui, Tuikum, Sesah, Phe, Teirei, Tut, Tuichhuahen, Tiau, Tuipui, Nongal, Simsang, Ganol, Damring, Waikhrwi, Kwai, Teirei, Khawthlangtuipui, Ngengpui Stream, Vantawng, Sderkariah, Laitryngew, Wahkhlek Khlek, Wahrew, Umngi, Rwiang, Kalipai, Kmai Um, Lukha, Myntdu, Lamu, Lynriang, Thlu Umwi, Simsang, Teesta, Sonai, Ranganadi, Rangit, Ranichu, Kapili, Karola, Kathakal, Kharsang, Kohora, Kolong, Kundli, Kushiara, Manu, Nonbah, Kynshi, Wah Blei, Lohit, Manas, Maney Khola, Ganol Tura, Milak, Namchik, Noa Dihing, Pachin, Pagldia, Panchnoi, Poma, Yomgo And Mora",,230.0,1.4,,2.4499999999999997,"Burhidihing, Dhansiri, Bharalu, Dikrong, Gai Nadi, Digaru, Digboi, Dikhow, Kaljani, Gabharu, Tocklai, Tunia, Larsing, Dhateshwari, Demow, Borsila, Barak, Dibang, Dihing, Senki, Dorika, Subansiri, Siang, Baralia, Tihu, Singra, Damring, Manda, Dikchu, Dzu, Kha Ru, Dzucha, Torsa, Beki, Bereng, Bhogdoi, Jhanji, Jia Bharali, Sankosh, Sanuo Ru, Boginadi, Rilang, Myntang, Tlawng, Tuirial, Serlui, Vaipuanpho, Tuikual, Sakhisih, Damdiai, Chite, Tuirini, Tuivawl, Lawibual, Challui, Mat, Siakah, Chhimtuipui, Tuikum, Sesah, Phe, Teirei, Tut, Tuichhuahen, Tiau, Tuipui, Nongal, Simsang, Ganol, Damring, Waikhrwi, Kwai, Teirei, Khawthlangtuipui, Ngengpui Stream, Vantawng, Sderkariah, Laitryngew, Wahkhlek Khlek, Wahrew, Umngi, Rwiang, Kalipai, Kmai Um, Lukha, Myntdu, Lamu, Lynriang, Thlu Umwi, Simsang, Teesta, Sonai, Ranganadi, Rangit, Ranichu, Kapili, Karola, Kathakal, Kharsang, Kohora, Kolong, Kundli, Kushiara, Manu, Nonbah, Kynshi, Wah Blei, Lohit, Manas, Maney Khola, Ganol Tura, Milak, Namchik, Noa Dihing, Pachin, Pagldia, Panchnoi, Poma, Yomgo And Mora",2023-06-30
2023,3754,"RIVER TLAWNG D/S, RIMAWI VENG, BAIRABI,KOLASIB DIST.",MIZORAM,"Tributary Streams - Burhidihing, Dhansiri, Bharalu, Dikrong, Gai Nadi, Digaru, Digboi, Dikhow, Kaljani, Gabharu, Tocklai, Tunia, Larsing, Dhateshwari, Demow, Borsila, Barak, Dibang, Dihing, Senki, Dorika, Subansiri, Siang, Baralia, Tihu, Singra, Damring, Manda, Dikchu, Dzu, Kha Ru, Dzucha, Torsa, Beki, Bereng, Bhogdoi, Jhanji, Jia Bharali, Sankosh, Sanuo Ru, Boginadi, Rilang, Myntang, Tlawng, Tuirial, Serlui, Vaipuanpho, Tuikual, Sakhisih, Damdiai, Chite, Tuirini, Tuivawl, Lawibual, Challui, Mat, Siakah, Chhimtuipui, Tuikum, Sesah, Phe, Teirei, Tut, Tuichhuahen, Tiau, Tuipui, Nongal, Simsang, Ganol, Damring, Waikhrwi, Kwai, Teirei, Khawthlangtuipui, Ngengpui Stream, Vantawng, Sderkariah, Laitryngew, Wahkhlek Khlek, Wahrew, Umngi, Rwiang, Kalipai, Kmai Um, Lukha, Myntdu, Lamu, Lynriang, Thlu Umwi, Simsang, Teesta, Sonai, Ranganadi, Rangit, Ranichu, Kapili, Karola, Kathakal, Kharsang, Kohora, Kolong, Kundli, Kushiara, Manu, Nonbah, Kynshi, Wah Blei, Lohit, Manas, Maney Khola, Ganol Tura, Milak, Namchik, Noa Dihing, Pachin, Pagldia, Panchnoi, Poma, Yomgo And Mora",,214.0,1.3,,1.21,TLAWNG,2023-06-30
2023,4121,"RIVER TLAWNG D/S,SUARPUI, BAIRABI HEPP DAM SITE, BAIRABI,KOLASIB DIST.",MIZORAM,"Tributary Streams - Burhidihing, Dhansiri, Bharalu, Dikrong, Gai Nadi, Digaru, Digboi, Dikhow, Kaljani, Gabharu, Tocklai, Tunia, Larsing, Dhateshwari, Demow, Borsila, Barak, Dibang, Dihing, Senki, Dorika, Subansiri, Siang, Baralia, Tihu, Singra, Damring, Manda, Dikchu, Dzu, Kha Ru, Dzucha, Torsa, Beki, Bereng, Bhogdoi, Jhanji, Jia Bharali, Sankosh, Sanuo Ru, Boginadi, Rilang, Myntang, Tlawng, Tuirial, Serlui, Vaipuanpho, Tuikual, Sakhisih, Damdiai, Chite, Tuirini, Tuivawl, Lawibual, Challui, Mat, Siakah, Chhimtuipui, Tuikum, Sesah, Phe, Teirei, Tut, Tuichhuahen, Tiau, Tuipui, Nongal, Simsang, Ganol, Damring, Waikhrwi, Kwai, Teirei, Khawthlangtuipui, Ngengpui Stream, Vantawng, Sderkariah, Laitryngew, Wahkhlek Khlek, Wahrew, Umngi, Rwiang, Kalipai, Kmai Um, Lukha, Myntdu, Lamu, Lynriang, Thlu Umwi, Simsang, Teesta, Sonai, Ranganadi, Rangit, Ranichu, Kapili, Karola, Kathakal, Kharsang, Kohora, Kolong, Kundli, Kushiara, Manu, Nonbah, Kynshi, Wah Blei, Lohit, Manas, Maney Khola, Ganol Tura, Milak, Namchik, Noa Dihing, Pachin, Pagldia, Panchnoi, Poma, Yomgo And Mora",,186.0,1.2,6.45,0.91,TLAWNG,2023-06-30
2023,3734,"RIVER TLAWNG U/S, ZOBAWK VILLAGE, LUNGLEI DIST.",MIZORAM,"Tributary Streams - Burhidihing, Dhansiri, Bharalu, Dikrong, Gai Nadi, Digaru, Digboi, Dikhow, Kaljani, Gabharu, Tocklai, Tunia, Larsing, Dhateshwari, Demow, Borsila, Barak, Dibang, Dihing, Senki, Dorika, Subansiri, Siang, Baralia, Tihu, Singra, Damring, Manda, Dikchu, Dzu, Kha Ru, Dzucha, Torsa, Beki, Bereng, Bhogdoi, Jhanji, Jia Bharali, Sankosh, Sanuo Ru, Boginadi, Rilang, Myntang, Tlawng, Tuirial, Serlui, Vaipuanpho, Tuikual, Sakhisih, Damdiai, Chite, Tuirini, Tuivawl, Lawibual, Challui, Mat, Siakah, Chhimtuipui, Tuikum, Sesah, Phe, Teirei, Tut, Tuichhuahen, Tiau, Tuipui, Nongal, Simsang, Ganol, Damring, Waikhrwi, Kwai, Teirei, Khawthlangtuipui, Ngengpui Stream, Vantawng, Sderkariah, Laitryngew, Wahkhlek Khlek, Wahrew, Umngi, Rwiang, Kalipai, Kmai Um, Lukha, Myntdu, Lamu, Lynriang, Thlu Umwi, Simsang, Teesta, Sonai, Ranganadi, Rangit, Ranichu, Kapili, Karola, Kathakal, Kharsang, Kohora, Kolong, Kundli, Kushiara, Manu, Nonbah, Kynshi, Wah Blei, Lohit, Manas, Maney Khola, Ganol Tura, Milak, Namchik, Noa Dihing, Pachin, Pagldia, Panchnoi, Poma, Yomgo And Mora",,125.0,1.2,8.25,2.65,TLAWNG,2023-06-30
2023,3736,"RIVER TLAWNG U/S, PIALTHLENG ZOTLANG, LUNGLEI",MIZORAM,"Tributary Streams - Burhidihing, Dhansiri, Bharalu, Dikrong, Gai Nadi, Digaru, Digboi, Dikhow, Kaljani, Gabharu, Tocklai, Tunia, Larsing, Dhateshwari, Demow, Borsila, Barak, Dibang, Dihing, Senki, Dorika, Subansiri, Siang, Baralia, Tihu, Singra, Damring, Manda, Dikchu, Dzu, Kha Ru, Dzucha, Torsa, Beki, Bereng, Bhogdoi, Jhanji, Jia Bharali, Sankosh, Sanuo Ru, Boginadi, Rilang, Myntang, Tlawng, Tuirial, Serlui, Vaipuanpho, Tuikual, Sakhisih, Damdiai, Chite, Tuirini, Tuivawl, Lawibual, Challui, Mat, Siakah, Chhimtuipui, Tuikum, Sesah, Phe, Teirei, Tut, Tuichhuahen, Tiau, Tuipui, Nongal, Simsang, Ganol, Damring, Waikhrwi, Kwai, Teirei, Khawthlangtuipui, Ngengpui Stream, Vantawng, Sderkariah, Laitryngew, Wahkhlek Khlek, Wahrew, Umngi, Rwiang, Kalipai, Kmai Um, Lukha, Myntdu, Lamu, Lynriang, Thlu Umwi, Simsang, Teesta, Sonai, Ranganadi, Rangit, Ranichu, Kapili, Karola, Kathakal, Kharsang, Kohora, Kolong, Kundli, Kushiara, Manu, Nonbah, Kynshi, Wah Blei, Lohit, Manas, Maney Khola, Ganol Tura, Milak, Namchik, Noa Dihing, Pachin, Pagldia, Panchnoi, Poma, Yomgo And Mora",,151.0,1.2000000000000002,7.699999999999999,0.49,TLAWNG,2023-06-30
2023,3710,"RIVER, SERLUI STREAM, REIEK KAI, NEAR PHE WATER TREATMENT PLANT, AIZAWL",MIZORAM,"Tributary Streams - Burhidihing, Dhansiri, Bharalu, Dikrong, Gai Nadi, Digaru, Digboi, Dikhow, Kaljani, Gabharu, Tocklai, Tunia, Larsing, Dhateshwari, Demow, Borsila, Barak, Dibang, Dihing, Senki, Dorika, Subansiri, Siang, Baralia, Tihu, Singra, Damring, Manda, Dikchu, Dzu, Kha Ru, Dzucha, Torsa, Beki, Bereng, Bhogdoi, Jhanji, Jia Bharali, Sankosh, Sanuo Ru, Boginadi, Rilang, Myntang, Tlawng, Tuirial, Serlui, Vaipuanpho, Tuikual, Sakhisih, Damdiai, Chite, Tuirini, Tuivawl, Lawibual, Challui, Mat, Siakah, Chhimtuipui, Tuikum, Sesah, Phe, Teirei, Tut, Tuichhuahen, Tiau, Tuipui, Nongal, Simsang, Ganol, Damring, Waikhrwi, Kwai, Teirei, Khawthlangtuipui, Ngengpui Stream, Vantawng, Sderkariah, Laitryngew, Wahkhlek Khlek, Wahrew, Umngi, Rwiang, Kalipai, Kmai Um, Lukha, Myntdu, Lamu, Lynriang, Thlu Umwi, Simsang, Teesta, Sonai, Ranganadi, Rangit, Ranichu, Kapili, Karola, Kathakal, Kharsang, Kohora, Kolong, Kundli, Kushiara, Manu, Nonbah, Kynshi, Wah Blei, Lohit, Manas, Maney Khola, Ganol Tura, Milak, Namchik, Noa Dihing, Pachin, Pagldia, Panchnoi, Poma, Yomgo And Mora",,220.0,1.15,6.949999999999999,,"Burhidihing, Dhansiri, Bharalu, Dikrong, Gai Nadi, Digaru, Digboi, Dikhow, Kaljani, Gabharu, Tocklai, Tunia, Larsing, Dhateshwari, Demow, Borsila, Barak, Dibang, Dihing, Senki, Dorika, Subansiri, Siang, Baralia, Tihu, Singra, Damring, Manda, Dikchu, Dzu, Kha Ru, Dzucha, Torsa, Beki, Bereng, Bhogdoi, Jhanji, Jia Bharali, Sankosh, Sanuo Ru, Boginadi, Rilang, Myntang, Tlawng, Tuirial, Serlui, Vaipuanpho, Tuikual, Sakhisih, Damdiai, Chite, Tuirini, Tuivawl, Lawibual, Challui, Mat, Siakah, Chhimtuipui, Tuikum, Sesah, Phe, Teirei, Tut, Tuichhuahen, Tiau, Tuipui, Nongal, Simsang, Ganol, Damring, Waikhrwi, Kwai, Teirei, Khawthlangtuipui, Ngengpui Stream, Vantawng, Sderkariah, Laitryngew, Wahkhlek Khlek, Wahrew, Umngi, Rwiang, Kalipai, Kmai Um, Lukha, Myntdu, Lamu, Lynriang, Thlu Umwi, Simsang, Teesta, Sonai, Ranganadi, Rangit, Ranichu, Kapili, Karola, Kathakal, Kharsang, Kohora, Kolong, Kundli, Kushiara, Manu, Nonbah, Kynshi, Wah Blei, Lohit, Manas, Maney Khola, Ganol Tura, Milak, Namchik, Noa Dihing, Pachin, Pagldia, Panchnoi, Poma, Yomgo And Mora",2023-06-30
2023,3711,"VAIPUANPHO STREAM, AILAWNG, MAMIT DIST.",MIZORAM,"Tributary Streams - Burhidihing, Dhansiri, Bharalu, Dikrong, Gai Nadi, Digaru, Digboi, Dikhow, Kaljani, Gabharu, Tocklai, Tunia, Larsing, Dhateshwari, Demow, Borsila, Barak, Dibang, Dihing, Senki, Dorika, Subansiri, Siang, Baralia, Tihu, Singra, Damring, Manda, Dikchu, Dzu, Kha Ru, Dzucha, Torsa, Beki, Bereng, Bhogdoi, Jhanji, Jia Bharali, Sankosh, Sanuo Ru, Boginadi, Rilang, Myntang, Tlawng, Tuirial, Serlui, Vaipuanpho, Tuikual, Sakhisih, Damdiai, Chite, Tuirini, Tuivawl, Lawibual, Challui, Mat, Siakah, Chhimtuipui, Tuikum, Sesah, Phe, Teirei, Tut, Tuichhuahen, Tiau, Tuipui, Nongal, Simsang, Ganol, Damring, Waikhrwi, Kwai, Teirei, Khawthlangtuipui, Ngengpui Stream, Vantawng, Sderkariah, Laitryngew, Wahkhlek Khlek, Wahrew, Umngi, Rwiang, Kalipai, Kmai Um, Lukha, Myntdu, Lamu, Lynriang, Thlu Umwi, Simsang, Teesta, Sonai, Ranganadi, Rangit, Ranichu, Kapili, Karola, Kathakal, Kharsang, Kohora, Kolong, Kundli, Kushiara, Manu, Nonbah, Kynshi, Wah Blei, Lohit, Manas, Maney Khola, Ganol Tura, Milak, Namchik, Noa Dihing, Pachin, Pagldia, Panchnoi, Poma, Yomgo And Mora",,82.0,1.15,6.55,0.47000000000000003,"Burhidihing, Dhansiri, Bharalu, Dikrong, Gai Nadi, Digaru, Digboi, Dikhow, Kaljani, Gabharu, Tocklai, Tunia, Larsing, Dhateshwari, Demow, Borsila, Barak, Dibang, Dihing, Senki, Dorika, Subansiri, Siang, Baralia, Tihu, Singra, Damring, Manda, Dikchu, Dzu, Kha Ru, Dzucha, Torsa, Beki, Bereng, Bhogdoi, Jhanji, Jia Bharali, Sankosh, Sanuo Ru, Boginadi, Rilang, Myntang, Tlawng, Tuirial, Serlui, Vaipuanpho, Tuikual, Sakhisih, Damdiai, Chite, Tuirini, Tuivawl, Lawibual, Challui, Mat, Siakah, Chhimtuipui, Tuikum, Sesah, Phe, Teirei, Tut, Tuichhuahen, Tiau, Tuipui, Nongal, Simsang, Ganol, Damring, Waikhrwi, Kwai, Teirei, Khawthlangtuipui, Ngengpui Stream, Vantawng, Sderkariah, Laitryngew, Wahkhlek Khlek, Wahrew, Umngi, Rwiang, Kalipai, Kmai Um, Lukha, Myntdu, Lamu, Lynriang, Thlu Umwi, Simsang, Teesta, Sonai, Ranganadi, Rangit, Ranichu, Kapili, Karola, Kathakal, Kharsang, Kohora, Kolong, Kundli, Kushiara, Manu, Nonbah, Kynshi, Wah Blei, Lohit, Manas, Maney Khola, Ganol Tura, Milak, Namchik, Noa Dihing, Pachin, Pagldia, Panchnoi, Poma, Yomgo And Mora",2023-06-30
2023,3712,"TUIKUAL STREAM, D/S, REIEK KAI, NEAR PHE WATER TREATMENT PLANT, AIZAWL",MIZORAM,"Tributary Streams - Burhidihing, Dhansiri, Bharalu, Dikrong, Gai Nadi, Digaru, Digboi, Dikhow, Kaljani, Gabharu, Tocklai, Tunia, Larsing, Dhateshwari, Demow, Borsila, Barak, Dibang, Dihing, Senki, Dorika, Subansiri, Siang, Baralia, Tihu, Singra, Damring, Manda, Dikchu, Dzu, Kha Ru, Dzucha, Torsa, Beki, Bereng, Bhogdoi, Jhanji, Jia Bharali, Sankosh, Sanuo Ru, Boginadi, Rilang, Myntang, Tlawng, Tuirial, Serlui, Vaipuanpho, Tuikual, Sakhisih, Damdiai, Chite, Tuirini, Tuivawl, Lawibual, Challui, Mat, Siakah, Chhimtuipui, Tuikum, Sesah, Phe, Teirei, Tut, Tuichhuahen, Tiau, Tuipui, Nongal, Simsang, Ganol, Damring, Waikhrwi, Kwai, Teirei, Khawthlangtuipui, Ngengpui Stream, Vantawng, Sderkariah, Laitryngew, Wahkhlek Khlek, Wahrew, Umngi, Rwiang, Kalipai, Kmai Um, Lukha, Myntdu, Lamu, Lynriang, Thlu Umwi, Simsang, Teesta, Sonai, Ranganadi, Rangit, Ranichu, Kapili, Karola, Kathakal, Kharsang, Kohora, Kolong, Kundli, Kushiara, Manu, Nonbah, Kynshi, Wah Blei, Lohit, Manas, Maney Khola, Ganol Tura, Milak, Namchik, Noa Dihing, Pachin, Pagldia, Panchnoi, Poma, Yomgo And Mora",,236.0,3.25,6.05,0.72,"Burhidihing, Dhansiri, Bharalu, Dikrong, Gai Nadi, Digaru, Digboi, Dikhow, Kaljani, Gabharu, Tocklai, Tunia, Larsing, Dhateshwari, Demow, Borsila, Barak, Dibang, Dihing, Senki, Dorika, Subansiri, Siang, Baralia, Tihu, Singra, Damring, Manda, Dikchu, Dzu, Kha Ru, Dzucha, Torsa, Beki, Bereng, Bhogdoi, Jhanji, Jia Bharali, Sankosh, Sanuo Ru, Boginadi, Rilang, Myntang, Tlawng, Tuirial, Serlui, Vaipuanpho, Tuikual, Sakhisih, Damdiai, Chite, Tuirini, Tuivawl, Lawibual, Challui, Mat, Siakah, Chhimtuipui, Tuikum, Sesah, Phe, Teirei, Tut, Tuichhuahen, Tiau, Tuipui, Nongal, Simsang, Ganol, Damring, Waikhrwi, Kwai, Teirei, Khawthlangtuipui, Ngengpui Stream, Vantawng, Sderkariah, Laitryngew, Wahkhlek Khlek, Wahrew, Umngi, Rwiang, Kalipai, Kmai Um, Lukha, Myntdu, Lamu, Lynriang, Thlu Umwi, Simsang, Teesta, Sonai, Ranganadi, Rangit, Ranichu, Kapili, Karola, Kathakal, Kharsang, Kohora, Kolong, Kundli, Kushiara, Manu, Nonbah, Kynshi, Wah Blei, Lohit, Manas, Maney Khola, Ganol Tura, Milak, Namchik, Noa Dihing, Pachin, Pagldia, Panchnoi, Poma, Yomgo And Mora",2023-06-30
2023,3713,"SAKHISIH STREAM, MISSION VENGTHLANG, AIZAWL",MIZORAM,"Tributary Streams - Burhidihing, Dhansiri, Bharalu, Dikrong, Gai Nadi, Digaru, Digboi, Dikhow, Kaljani, Gabharu, Tocklai, Tunia, Larsing, Dhateshwari, Demow, Borsila, Barak, Dibang, Dihing, Senki, Dorika, Subansiri, Siang, Baralia, Tihu, Singra, Damring, Manda, Dikchu, Dzu, Kha Ru, Dzucha, Torsa, Beki, Bereng, Bhogdoi, Jhanji, Jia Bharali, Sankosh, Sanuo Ru, Boginadi, Rilang, Myntang, Tlawng, Tuirial, Serlui, Vaipuanpho, Tuikual, Sakhisih, Damdiai, Chite, Tuirini, Tuivawl, Lawibual, Challui, Mat, Siakah, Chhimtuipui, Tuikum, Sesah, Phe, Teirei, Tut, Tuichhuahen, Tiau, Tuipui, Nongal, Simsang, Ganol, Damring, Waikhrwi, Kwai, Teirei, Khawthlangtuipui, Ngengpui Stream, Vantawng, Sderkariah, Laitryngew, Wahkhlek Khlek, Wahrew, Umngi, Rwiang, Kalipai, Kmai Um, Lukha, Myntdu, Lamu, Lynriang, Thlu Umwi, Simsang, Teesta, Sonai, Ranganadi, Rangit, Ranichu, Kapili, Karola, Kathakal, Kharsang, Kohora, Kolong, Kundli, Kushiara, Manu, Nonbah, Kynshi, Wah Blei, Lohit, Manas, Maney Khola, Ganol Tura, Milak, Namchik, Noa Dihing, Pachin, Pagldia, Panchnoi, Poma, Yomgo And Mora",,464.0,1.95,5.5,,"Burhidihing, Dhansiri, Bharalu, Dikrong, Gai Nadi, Digaru, Digboi, Dikhow, Kaljani, Gabharu, Tocklai, Tunia, Larsing, Dhateshwari, Demow, Borsila, Barak, Dibang, Dihing, Senki, Dorika, Subansiri, Siang, Baralia, Tihu, Singra, Damring, Manda, Dikchu, Dzu, Kha Ru, Dzucha, Torsa, Beki, Bereng, Bhogdoi, Jhanji, Jia Bharali, Sankosh, Sanuo Ru, Boginadi, Rilang, Myntang, Tlawng, Tuirial, Serlui, Vaipuanpho, Tuikual, Sakhisih, Damdiai, Chite, Tuirini, Tuivawl, Lawibual, Challui, Mat, Siakah, Chhimtuipui, Tuikum, Sesah, Phe, Teirei, Tut, Tuichhuahen, Tiau, Tuipui, Nongal, Simsang, Ganol, Damring, Waikhrwi, Kwai, Teirei, Khawthlangtuipui, Ngengpui Stream, Vantawng, Sderkariah, Laitryngew, Wahkhlek Khlek, Wahrew, Umngi, Rwiang, Kalipai, Kmai Um, Lukha, Myntdu, Lamu, Lynriang, Thlu Umwi, Simsang, Teesta, Sonai, Ranganadi, Rangit, Ranichu, Kapili, Karola, Kathakal, Kharsang, Kohora, Kolong, Kundli, Kushiara, Manu, Nonbah, Kynshi, Wah Blei, Lohit, Manas, Maney Khola, Ganol Tura, Milak, Namchik, Noa Dihing, Pachin, Pagldia, Panchnoi, Poma, Yomgo And Mora",2023-06-30
2023,3714,"RIVER TUIRIAL UPSTREAM, SUMSUIH,AIZAWL DIST",MIZORAM,"Tributary Streams - Burhidihing, Dhansiri, Bharalu, Dikrong, Gai Nadi, Digaru, Digboi, Dikhow, Kaljani, Gabharu, Tocklai, Tunia, Larsing, Dhateshwari, Demow, Borsila, Barak, Dibang, Dihing, Senki, Dorika, Subansiri, Siang, Baralia, Tihu, Singra, Damring, Manda, Dikchu, Dzu, Kha Ru, Dzucha, Torsa, Beki, Bereng, Bhogdoi, Jhanji, Jia Bharali, Sankosh, Sanuo Ru, Boginadi, Rilang, Myntang, Tlawng, Tuirial, Serlui, Vaipuanpho, Tuikual, Sakhisih, Damdiai, Chite, Tuirini, Tuivawl, Lawibual, Challui, Mat, Siakah, Chhimtuipui, Tuikum, Sesah, Phe, Teirei, Tut, Tuichhuahen, Tiau, Tuipui, Nongal, Simsang, Ganol, Damring, Waikhrwi, Kwai, Teirei, Khawthlangtuipui, Ngengpui Stream, Vantawng, Sderkariah, Laitryngew, Wahkhlek Khlek, Wahrew, Umngi, Rwiang, Kalipai, Kmai Um, Lukha, Myntdu, Lamu, Lynriang, Thlu Umwi, Simsang, Teesta, Sonai, Ranganadi, Rangit, Ranichu, Kapili, Karola, Kathakal, Kharsang, Kohora, Kolong, Kundli, Kushiara, Manu, Nonbah, Kynshi, Wah Blei, Lohit, Manas, Maney Khola, Ganol Tura, Milak, Namchik, Noa Dihing, Pachin, Pagldia, Panchnoi, Poma, Yomgo And Mora",,152.0,1.4,7.199999999999999,0.66,"Burhidihing, Dhansiri, Bharalu, Dikrong, Gai Nadi, Digaru, Digboi, Dikhow, Kaljani, Gabharu, Tocklai, Tunia, Larsing, Dhateshwari, Demow, Borsila, Barak, Dibang, Dihing, Senki, Dorika, Subansiri, Siang, Baralia, Tihu, Singra, Damring, Manda, Dikchu, Dzu, Kha Ru, Dzucha, Torsa, Beki, Bereng, Bhogdoi, Jhanji, Jia Bharali, Sankosh, Sanuo Ru, Boginadi, Rilang, Myntang, Tlawng, Tuirial, Serlui, Vaipuanpho, Tuikual, Sakhisih, Damdiai, Chite, Tuirini, Tuivawl, Lawibual, Challui, Mat, Siakah, Chhimtuipui, Tuikum, Sesah, Phe, Teirei, Tut, Tuichhuahen, Tiau, Tuipui, Nongal, Simsang, Ganol, Damring, Waikhrwi, Kwai, Teirei, Khawthlangtuipui, Ngengpui Stream, Vantawng, Sderkariah, Laitryngew, Wahkhlek Khlek, Wahrew, Umngi, Rwiang, Kalipai, Kmai Um, Lukha, Myntdu, Lamu, Lynriang, Thlu Umwi, Simsang, Teesta, Sonai, Ranganadi, Rangit, Ranichu, Kapili, Karola, Kathakal, Kharsang, Kohora, Kolong, Kundli, Kushiara, Manu, Nonbah, Kynshi, Wah Blei, Lohit, Manas, Maney Khola, Ganol Tura, Milak, Namchik, Noa Dihing, Pachin, Pagldia, Panchnoi, Poma, Yomgo And Mora",2023-06-30
2023,3715,"RIVER TUIRIAL MID STREAM, AIRFIELD, U/S OF TUIRIAL WASTE MANAGEMENT CENTRE,AIZAWL DIST.",MIZORAM,"Tributary Streams - Burhidihing, Dhansiri, Bharalu, Dikrong, Gai Nadi, Digaru, Digboi, Dikhow, Kaljani, Gabharu, Tocklai, Tunia, Larsing, Dhateshwari, Demow, Borsila, Barak, Dibang, Dihing, Senki, Dorika, Subansiri, Siang, Baralia, Tihu, Singra, Damring, Manda, Dikchu, Dzu, Kha Ru, Dzucha, Torsa, Beki, Bereng, Bhogdoi, Jhanji, Jia Bharali, Sankosh, Sanuo Ru, Boginadi, Rilang, Myntang, Tlawng, Tuirial, Serlui, Vaipuanpho, Tuikual, Sakhisih, Damdiai, Chite, Tuirini, Tuivawl, Lawibual, Challui, Mat, Siakah, Chhimtuipui, Tuikum, Sesah, Phe, Teirei, Tut, Tuichhuahen, Tiau, Tuipui, Nongal, Simsang, Ganol, Damring, Waikhrwi, Kwai, Teirei, Khawthlangtuipui, Ngengpui Stream, Vantawng, Sderkariah, Laitryngew, Wahkhlek Khlek, Wahrew, Umngi, Rwiang, Kalipai, Kmai Um, Lukha, Myntdu, Lamu, Lynriang, Thlu Umwi, Simsang, Teesta, Sonai, Ranganadi, Rangit, Ranichu, Kapili, Karola, Kathakal, Kharsang, Kohora, Kolong, Kundli, Kushiara, Manu, Nonbah, Kynshi, Wah Blei, Lohit, Manas, Maney Khola, Ganol Tura, Milak, Namchik, Noa Dihing, Pachin, Pagldia, Panchnoi, Poma, Yomgo And Mora",,278.0,1.2,6.15,2.67,"Burhidihing, Dhansiri, Bharalu, Dikrong, Gai Nadi, Digaru, Digboi, Dikhow, Kaljani, Gabharu, Tocklai, Tunia, Larsing, Dhateshwari, Demow, Borsila, Barak, Dibang, Dihing, Senki, Dorika, Subansiri, Siang, Baralia, Tihu, Singra, Damring, Manda, Dikchu, Dzu, Kha Ru, Dzucha, Torsa, Beki, Bereng, Bhogdoi, Jhanji, Jia Bharali, Sankosh, Sanuo Ru, Boginadi, Rilang, Myntang, Tlawng, Tuirial, Serlui, Vaipuanpho, Tuikual, Sakhisih, Damdiai, Chite, Tuirini, Tuivawl, Lawibual, Challui, Mat, Siakah, Chhimtuipui, Tuikum, Sesah, Phe, Teirei, Tut, Tuichhuahen, Tiau, Tuipui, Nongal, Simsang, Ganol, Damring, Waikhrwi, Kwai, Teirei, Khawthlangtuipui, Ngengpui Stream, Vantawng, Sderkariah, Laitryngew, Wahkhlek Khlek, Wahrew, Umngi, Rwiang, Kalipai, Kmai Um, Lukha, Myntdu, Lamu, Lynriang, Thlu Umwi, Simsang, Teesta, Sonai, Ranganadi, Rangit, Ranichu, Kapili, Karola, Kathakal, Kharsang, Kohora, Kolong, Kundli, Kushiara, Manu, Nonbah, Kynshi, Wah Blei, Lohit, Manas, Maney Khola, Ganol Tura, Milak, Namchik, Noa Dihing, Pachin, Pagldia, Panchnoi, Poma, Yomgo And Mora",2023-06-30
2023,4118,"RIVER TUIRIAL D/S, HEPP DAM, SAIPUM, KOLASIB DIST.",MIZORAM,"Tributary Streams - Burhidihing, Dhansiri, Bharalu, Dikrong, Gai Nadi, Digaru, Digboi, Dikhow, Kaljani, Gabharu, Tocklai, Tunia, Larsing, Dhateshwari, Demow, Borsila, Barak, Dibang, Dihing, Senki, Dorika, Subansiri, Siang, Baralia, Tihu, Singra, Damring, Manda, Dikchu, Dzu, Kha Ru, Dzucha, Torsa, Beki, Bereng, Bhogdoi, Jhanji, Jia Bharali, Sankosh, Sanuo Ru, Boginadi, Rilang, Myntang, Tlawng, Tuirial, Serlui, Vaipuanpho, Tuikual, Sakhisih, Damdiai, Chite, Tuirini, Tuivawl, Lawibual, Challui, Mat, Siakah, Chhimtuipui, Tuikum, Sesah, Phe, Teirei, Tut, Tuichhuahen, Tiau, Tuipui, Nongal, Simsang, Ganol, Damring, Waikhrwi, Kwai, Teirei, Khawthlangtuipui, Ngengpui Stream, Vantawng, Sderkariah, Laitryngew, Wahkhlek Khlek, Wahrew, Umngi, Rwiang, Kalipai, Kmai Um, Lukha, Myntdu, Lamu, Lynriang, Thlu Umwi, Simsang, Teesta, Sonai, Ranganadi, Rangit, Ranichu, Kapili, Karola, Kathakal, Kharsang, Kohora, Kolong, Kundli, Kushiara, Manu, Nonbah, Kynshi, Wah Blei, Lohit, Manas, Maney Khola, Ganol Tura, Milak, Namchik, Noa Dihing, Pachin, Pagldia, Panchnoi, Poma, Yomgo And Mora",,100.0,1.2,7.199999999999999,0.4,TUIRIAL,2023-06-30
2023,3717,"RIVER TUIRIAL MID STREAM, AIRFIELD, D/S OF TUIRIAL WASTE MANAGEMENT CENTRE,AIZAWL DIST",MIZORAM,"Tributary Streams - Burhidihing, Dhansiri, Bharalu, Dikrong, Gai Nadi, Digaru, Digboi, Dikhow, Kaljani, Gabharu, Tocklai, Tunia, Larsing, Dhateshwari, Demow, Borsila, Barak, Dibang, Dihing, Senki, Dorika, Subansiri, Siang, Baralia, Tihu, Singra, Damring, Manda, Dikchu, Dzu, Kha Ru, Dzucha, Torsa, Beki, Bereng, Bhogdoi, Jhanji, Jia Bharali, Sankosh, Sanuo Ru, Boginadi, Rilang, Myntang, Tlawng, Tuirial, Serlui, Vaipuanpho, Tuikual, Sakhisih, Damdiai, Chite, Tuirini, Tuivawl, Lawibual, Challui, Mat, Siakah, Chhimtuipui, Tuikum, Sesah, Phe, Teirei, Tut, Tuichhuahen, Tiau, Tuipui, Nongal, Simsang, Ganol, Damring, Waikhrwi, Kwai, Teirei, Khawthlangtuipui, Ngengpui Stream, Vantawng, Sderkariah, Laitryngew, Wahkhlek Khlek, Wahrew, Umngi, Rwiang, Kalipai, Kmai Um, Lukha, Myntdu, Lamu, Lynriang, Thlu Umwi, Simsang, Teesta, Sonai, Ranganadi, Rangit, Ranichu, Kapili, Karola, Kathakal, Kharsang, Kohora, Kolong, Kundli, Kushiara, Manu, Nonbah, Kynshi, Wah Blei, Lohit, Manas, Maney Khola, Ganol Tura, Milak, Namchik, Noa Dihing, Pachin, Pagldia, Panchnoi, Poma, Yomgo And Mora",,323.5,1.2,6.1499999999999995,0.825,"Burhidihing, Dhansiri, Bharalu, Dikrong, Gai Nadi, Digaru, Digboi, Dikhow, Kaljani, Gabharu, Tocklai, Tunia, Larsing, Dhateshwari, Demow, Borsila, Barak, Dibang, Dihing, Senki, Dorika, Subansiri, Siang, Baralia, Tihu, Singra, Damring, Manda, Dikchu, Dzu, Kha Ru, Dzucha, Torsa, Beki, Bereng, Bhogdoi, Jhanji, Jia Bharali, Sankosh, Sanuo Ru, Boginadi, Rilang, Myntang, Tlawng, Tuirial, Serlui, Vaipuanpho, Tuikual, Sakhisih, Damdiai, Chite, Tuirini, Tuivawl, Lawibual, Challui, Mat, Siakah, Chhimtuipui, Tuikum, Sesah, Phe, Teirei, Tut, Tuichhuahen, Tiau, Tuipui, Nongal, Simsang, Ganol, Damring, Waikhrwi, Kwai, Teirei, Khawthlangtuipui, Ngengpui Stream, Vantawng, Sderkariah, Laitryngew, Wahkhlek Khlek, Wahrew, Umngi, Rwiang, Kalipai, Kmai Um, Lukha, Myntdu, Lamu, Lynriang, Thlu Umwi, Simsang, Teesta, Sonai, Ranganadi, Rangit, Ranichu, Kapili, Karola, Kathakal, Kharsang, Kohora, Kolong, Kundli, Kushiara, Manu, Nonbah, Kynshi, Wah Blei, Lohit, Manas, Maney Khola, Ganol Tura, Milak, Namchik, Noa Dihing, Pachin, Pagldia, Panchnoi, Poma, Yomgo And Mora",2023-06-30
2023,2052,"RIVER TUIRIAL MID STREAM, TUIRIAL VILLAGE,U/S OF TUIRIAL BRIDGE",MIZORAM,"Tributary Streams - Burhidihing, Dhansiri, Bharalu, Dikrong, Gai Nadi, Digaru, Digboi, Dikhow, Kaljani, Gabharu, Tocklai, Tunia, Larsing, Dhateshwari, Demow, Borsila, Barak, Dibang, Dihing, Senki, Dorika, Subansiri, Siang, Baralia, Tihu, Singra, Damring, Manda, Dikchu, Dzu, Kha Ru, Dzucha, Torsa, Beki, Bereng, Bhogdoi, Jhanji, Jia Bharali, Sankosh, Sanuo Ru, Boginadi, Rilang, Myntang, Tlawng, Tuirial, Serlui, Vaipuanpho, Tuikual, Sakhisih, Damdiai, Chite, Tuirini, Tuivawl, Lawibual, Challui, Mat, Siakah, Chhimtuipui, Tuikum, Sesah, Phe, Teirei, Tut, Tuichhuahen, Tiau, Tuipui, Nongal, Simsang, Ganol, Damring, Waikhrwi, Kwai, Teirei, Khawthlangtuipui, Ngengpui Stream, Vantawng, Sderkariah, Laitryngew, Wahkhlek Khlek, Wahrew, Umngi, Rwiang, Kalipai, Kmai Um, Lukha, Myntdu, Lamu, Lynriang, Thlu Umwi, Simsang, Teesta, Sonai, Ranganadi, Rangit, Ranichu, Kapili, Karola, Kathakal, Kharsang, Kohora, Kolong, Kundli, Kushiara, Manu, Nonbah, Kynshi, Wah Blei, Lohit, Manas, Maney Khola, Ganol Tura, Milak, Namchik, Noa Dihing, Pachin, Pagldia, Panchnoi, Poma, Yomgo And Mora",,277.0,1.15,6.0,0.74,"Burhidihing, Dhansiri, Bharalu, Dikrong, Gai Nadi, Digaru, Digboi, Dikhow, Kaljani, Gabharu, Tocklai, Tunia, Larsing, Dhateshwari, Demow, Borsila, Barak, Dibang, Dihing, Senki, Dorika, Subansiri, Siang, Baralia, Tihu, Singra, Damring, Manda, Dikchu, Dzu, Kha Ru, Dzucha, Torsa, Beki, Bereng, Bhogdoi, Jhanji, Jia Bharali, Sankosh, Sanuo Ru, Boginadi, Rilang, Myntang, Tlawng, Tuirial, Serlui, Vaipuanpho, Tuikual, Sakhisih, Damdiai, Chite, Tuirini, Tuivawl, Lawibual, Challui, Mat, Siakah, Chhimtuipui, Tuikum, Sesah, Phe, Teirei, Tut, Tuichhuahen, Tiau, Tuipui, Nongal, Simsang, Ganol, Damring, Waikhrwi, Kwai, Teirei, Khawthlangtuipui, Ngengpui Stream, Vantawng, Sderkariah, Laitryngew, Wahkhlek Khlek, Wahrew, Umngi, Rwiang, Kalipai, Kmai Um, Lukha, Myntdu, Lamu, Lynriang, Thlu Umwi, Simsang, Teesta, Sonai, Ranganadi, Rangit, Ranichu, Kapili, Karola, Kathakal, Kharsang, Kohora, Kolong, Kundli, Kushiara, Manu, Nonbah, Kynshi, Wah Blei, Lohit, Manas, Maney Khola, Ganol Tura, Milak, Namchik, Noa Dihing, Pachin, Pagldia, Panchnoi, Poma, Yomgo And Mora",2023-06-30
2023,3716,"DAMDIAI STREAM, AIRFIELD,NEAR TUIRIAL WASTE MANAGEMENT CENTRE,AIZAWL DIST",MIZORAM,"Tributary Streams - Burhidihing, Dhansiri, Bharalu, Dikrong, Gai Nadi, Digaru, Digboi, Dikhow, Kaljani, Gabharu, Tocklai, Tunia, Larsing, Dhateshwari, Demow, Borsila, Barak, Dibang, Dihing, Senki, Dorika, Subansiri, Siang, Baralia, Tihu, Singra, Damring, Manda, Dikchu, Dzu, Kha Ru, Dzucha, Torsa, Beki, Bereng, Bhogdoi, Jhanji, Jia Bharali, Sankosh, Sanuo Ru, Boginadi, Rilang, Myntang, Tlawng, Tuirial, Serlui, Vaipuanpho, Tuikual, Sakhisih, Damdiai, Chite, Tuirini, Tuivawl, Lawibual, Challui, Mat, Siakah, Chhimtuipui, Tuikum, Sesah, Phe, Teirei, Tut, Tuichhuahen, Tiau, Tuipui, Nongal, Simsang, Ganol, Damring, Waikhrwi, Kwai, Teirei, Khawthlangtuipui, Ngengpui Stream, Vantawng, Sderkariah, Laitryngew, Wahkhlek Khlek, Wahrew, Umngi, Rwiang, Kalipai, Kmai Um, Lukha, Myntdu, Lamu, Lynriang, Thlu Umwi, Simsang, Teesta, Sonai, Ranganadi, Rangit, Ranichu, Kapili, Karola, Kathakal, Kharsang, Kohora, Kolong, Kundli, Kushiara, Manu, Nonbah, Kynshi, Wah Blei, Lohit, Manas, Maney Khola, Ganol Tura, Milak, Namchik, Noa Dihing, Pachin, Pagldia, Panchnoi, Poma, Yomgo And Mora",,219.5,1.3,7.05,0.44,"Burhidihing, Dhansiri, Bharalu, Dikrong, Gai Nadi, Digaru, Digboi, Dikhow, Kaljani, Gabharu, Tocklai, Tunia, Larsing, Dhateshwari, Demow, Borsila, Barak, Dibang, Dihing, Senki, Dorika, Subansiri, Siang, Baralia, Tihu, Singra, Damring, Manda, Dikchu, Dzu, Kha Ru, Dzucha, Torsa, Beki, Bereng, Bhogdoi, Jhanji, Jia Bharali, Sankosh, Sanuo Ru, Boginadi, Rilang, Myntang, Tlawng, Tuirial, Serlui, Vaipuanpho, Tuikual, Sakhisih, Damdiai, Chite, Tuirini, Tuivawl, Lawibual, Challui, Mat, Siakah, Chhimtuipui, Tuikum, Sesah, Phe, Teirei, Tut, Tuichhuahen, Tiau, Tuipui, Nongal, Simsang, Ganol, Damring, Waikhrwi, Kwai, Teirei, Khawthlangtuipui, Ngengpui Stream, Vantawng, Sderkariah, Laitryngew, Wahkhlek Khlek, Wahrew, Umngi, Rwiang, Kalipai, Kmai Um, Lukha, Myntdu, Lamu, Lynriang, Thlu Umwi, Simsang, Teesta, Sonai, Ranganadi, Rangit, Ranichu, Kapili, Karola, Kathakal, Kharsang, Kohora, Kolong, Kundli, Kushiara, Manu, Nonbah, Kynshi, Wah Blei, Lohit, Manas, Maney Khola, Ganol Tura, Milak, Namchik, Noa Dihing, Pachin, Pagldia, Panchnoi, Poma, Yomgo And Mora",2023-06-30
2023,3718,"CHITE STREAM, ARMED VENG, NEAR MINI SPORTS COMPLEX, AIZAWL",MIZORAM,"Tributary Streams - Burhidihing, Dhansiri, Bharalu, Dikrong, Gai Nadi, Digaru, Digboi, Dikhow, Kaljani, Gabharu, Tocklai, Tunia, Larsing, Dhateshwari, Demow, Borsila, Barak, Dibang, Dihing, Senki, Dorika, Subansiri, Siang, Baralia, Tihu, Singra, Damring, Manda, Dikchu, Dzu, Kha Ru, Dzucha, Torsa, Beki, Bereng, Bhogdoi, Jhanji, Jia Bharali, Sankosh, Sanuo Ru, Boginadi, Rilang, Myntang, Tlawng, Tuirial, Serlui, Vaipuanpho, Tuikual, Sakhisih, Damdiai, Chite, Tuirini, Tuivawl, Lawibual, Challui, Mat, Siakah, Chhimtuipui, Tuikum, Sesah, Phe, Teirei, Tut, Tuichhuahen, Tiau, Tuipui, Nongal, Simsang, Ganol, Damring, Waikhrwi, Kwai, Teirei, Khawthlangtuipui, Ngengpui Stream, Vantawng, Sderkariah, Laitryngew, Wahkhlek Khlek, Wahrew, Umngi, Rwiang, Kalipai, Kmai Um, Lukha, Myntdu, Lamu, Lynriang, Thlu Umwi, Simsang, Teesta, Sonai, Ranganadi, Rangit, Ranichu, Kapili, Karola, Kathakal, Kharsang, Kohora, Kolong, Kundli, Kushiara, Manu, Nonbah, Kynshi, Wah Blei, Lohit, Manas, Maney Khola, Ganol Tura, Milak, Namchik, Noa Dihing, Pachin, Pagldia, Panchnoi, Poma, Yomgo And Mora",,642.5,,4.3,,"Burhidihing, Dhansiri, Bharalu, Dikrong, Gai Nadi, Digaru, Digboi, Dikhow, Kaljani, Gabharu, Tocklai, Tunia, Larsing, Dhateshwari, Demow, Borsila, Barak, Dibang, Dihing, Senki, Dorika, Subansiri, Siang, Baralia, Tihu, Singra, Damring, Manda, Dikchu, Dzu, Kha Ru, Dzucha, Torsa, Beki, Bereng, Bhogdoi, Jhanji, Jia Bharali, Sankosh, Sanuo Ru, Boginadi, Rilang, Myntang, Tlawng, Tuirial, Serlui, Vaipuanpho, Tuikual, Sakhisih, Damdiai, Chite, Tuirini, Tuivawl, Lawibual, Challui, Mat, Siakah, Chhimtuipui, Tuikum, Sesah, Phe, Teirei, Tut, Tuichhuahen, Tiau, Tuipui, Nongal, Simsang, Ganol, Damring, Waikhrwi, Kwai, Teirei, Khawthlangtuipui, Ngengpui Stream, Vantawng, Sderkariah, Laitryngew, Wahkhlek Khlek, Wahrew, Umngi, Rwiang, Kalipai, Kmai Um, Lukha, Myntdu, Lamu, Lynriang, Thlu Umwi, Simsang, Teesta, Sonai, Ranganadi, Rangit, Ranichu, Kapili, Karola, Kathakal, Kharsang, Kohora, Kolong, Kundli, Kushiara, Manu, Nonbah, Kynshi, Wah Blei, Lohit, Manas, Maney Khola, Ganol Tura, Milak, Namchik, Noa Dihing, Pachin, Pagldia, Panchnoi, Poma, Yomgo And Mora",2023-06-30
2023,3719,"TUIRINI RIVER, SELING, SAITUAL DIST",MIZORAM,"Tributary Streams - Burhidihing, Dhansiri, Bharalu, Dikrong, Gai Nadi, Digaru, Digboi, Dikhow, Kaljani, Gabharu, Tocklai, Tunia, Larsing, Dhateshwari, Demow, Borsila, Barak, Dibang, Dihing, Senki, Dorika, Subansiri, Siang, Baralia, Tihu, Singra, Damring, Manda, Dikchu, Dzu, Kha Ru, Dzucha, Torsa, Beki, Bereng, Bhogdoi, Jhanji, Jia Bharali, Sankosh, Sanuo Ru, Boginadi, Rilang, Myntang, Tlawng, Tuirial, Serlui, Vaipuanpho, Tuikual, Sakhisih, Damdiai, Chite, Tuirini, Tuivawl, Lawibual, Challui, Mat, Siakah, Chhimtuipui, Tuikum, Sesah, Phe, Teirei, Tut, Tuichhuahen, Tiau, Tuipui, Nongal, Simsang, Ganol, Damring, Waikhrwi, Kwai, Teirei, Khawthlangtuipui, Ngengpui Stream, Vantawng, Sderkariah, Laitryngew, Wahkhlek Khlek, Wahrew, Umngi, Rwiang, Kalipai, Kmai Um, Lukha, Myntdu, Lamu, Lynriang, Thlu Umwi, Simsang, Teesta, Sonai, Ranganadi, Rangit, Ranichu, Kapili, Karola, Kathakal, Kharsang, Kohora, Kolong, Kundli, Kushiara, Manu, Nonbah, Kynshi, Wah Blei, Lohit, Manas, Maney Khola, Ganol Tura, Milak, Namchik, Noa Dihing, Pachin, Pagldia, Panchnoi, Poma, Yomgo And Mora",,155.0,1.25,8.65,0.66,"Burhidihing, Dhansiri, Bharalu, Dikrong, Gai Nadi, Digaru, Digboi, Dikhow, Kaljani, Gabharu, Tocklai, Tunia, Larsing, Dhateshwari, Demow, Borsila, Barak, Dibang, Dihing, Senki, Dorika, Subansiri, Siang, Baralia, Tihu, Singra, Damring, Manda, Dikchu, Dzu, Kha Ru, Dzucha, Torsa, Beki, Bereng, Bhogdoi, Jhanji, Jia Bharali, Sankosh, Sanuo Ru, Boginadi, Rilang, Myntang, Tlawng, Tuirial, Serlui, Vaipuanpho, Tuikual, Sakhisih, Damdiai, Chite, Tuirini, Tuivawl, Lawibual, Challui, Mat, Siakah, Chhimtuipui, Tuikum, Sesah, Phe, Teirei, Tut, Tuichhuahen, Tiau, Tuipui, Nongal, Simsang, Ganol, Damring, Waikhrwi, Kwai, Teirei, Khawthlangtuipui, Ngengpui Stream, Vantawng, Sderkariah, Laitryngew, Wahkhlek Khlek, Wahrew, Umngi, Rwiang, Kalipai, Kmai Um, Lukha, Myntdu, Lamu, Lynriang, Thlu Umwi, Simsang, Teesta, Sonai, Ranganadi, Rangit, Ranichu, Kapili, Karola, Kathakal, Kharsang, Kohora, Kolong, Kundli, Kushiara, Manu, Nonbah, Kynshi, Wah Blei, Lohit, Manas, Maney Khola, Ganol Tura, Milak, Namchik, Noa Dihing, Pachin, Pagldia, Panchnoi, Poma, Yomgo And Mora",2023-06-30
2023,3720,"TUIVAWL RIVER, KEIFANG VILLAGE, NEAR TUIVAWL BRIDGE,SAITUAL DIST",MIZORAM,"Tributary Streams - Burhidihing, Dhansiri, Bharalu, Dikrong, Gai Nadi, Digaru, Digboi, Dikhow, Kaljani, Gabharu, Tocklai, Tunia, Larsing, Dhateshwari, Demow, Borsila, Barak, Dibang, Dihing, Senki, Dorika, Subansiri, Siang, Baralia, Tihu, Singra, Damring, Manda, Dikchu, Dzu, Kha Ru, Dzucha, Torsa, Beki, Bereng, Bhogdoi, Jhanji, Jia Bharali, Sankosh, Sanuo Ru, Boginadi, Rilang, Myntang, Tlawng, Tuirial, Serlui, Vaipuanpho, Tuikual, Sakhisih, Damdiai, Chite, Tuirini, Tuivawl, Lawibual, Challui, Mat, Siakah, Chhimtuipui, Tuikum, Sesah, Phe, Teirei, Tut, Tuichhuahen, Tiau, Tuipui, Nongal, Simsang, Ganol, Damring, Waikhrwi, Kwai, Teirei, Khawthlangtuipui, Ngengpui Stream, Vantawng, Sderkariah, Laitryngew, Wahkhlek Khlek, Wahrew, Umngi, Rwiang, Kalipai, Kmai Um, Lukha, Myntdu, Lamu, Lynriang, Thlu Umwi, Simsang, Teesta, Sonai, Ranganadi, Rangit, Ranichu, Kapili, Karola, Kathakal, Kharsang, Kohora, Kolong, Kundli, Kushiara, Manu, Nonbah, Kynshi, Wah Blei, Lohit, Manas, Maney Khola, Ganol Tura, Milak, Namchik, Noa Dihing, Pachin, Pagldia, Panchnoi, Poma, Yomgo And Mora",,156.0,1.2,8.35,0.305,"Burhidihing, Dhansiri, Bharalu, Dikrong, Gai Nadi, Digaru, Digboi, Dikhow, Kaljani, Gabharu, Tocklai, Tunia, Larsing, Dhateshwari, Demow, Borsila, Barak, Dibang, Dihing, Senki, Dorika, Subansiri, Siang, Baralia, Tihu, Singra, Damring, Manda, Dikchu, Dzu, Kha Ru, Dzucha, Torsa, Beki, Bereng, Bhogdoi, Jhanji, Jia Bharali, Sankosh, Sanuo Ru, Boginadi, Rilang, Myntang, Tlawng, Tuirial, Serlui, Vaipuanpho, Tuikual, Sakhisih, Damdiai, Chite, Tuirini, Tuivawl, Lawibual, Challui, Mat, Siakah, Chhimtuipui, Tuikum, Sesah, Phe, Teirei, Tut, Tuichhuahen, Tiau, Tuipui, Nongal, Simsang, Ganol, Damring, Waikhrwi, Kwai, Teirei, Khawthlangtuipui, Ngengpui Stream, Vantawng, Sderkariah, Laitryngew, Wahkhlek Khlek, Wahrew, Umngi, Rwiang, Kalipai, Kmai Um, Lukha, Myntdu, Lamu, Lynriang, Thlu Umwi, Simsang, Teesta, Sonai, Ranganadi, Rangit, Ranichu, Kapili, Karola, Kathakal, Kharsang, Kohora, Kolong, Kundli, Kushiara, Manu, Nonbah, Kynshi, Wah Blei, Lohit, Manas, Maney Khola, Ganol Tura, Milak, Namchik, Noa Dihing, Pachin, Pagldia, Panchnoi, Poma, Yomgo And Mora",2023-06-30
2023,3721,"LAWIBUAL STREAM, I.T.I VENG, AIZAWL",MIZORAM,"Tributary Streams - Burhidihing, Dhansiri, Bharalu, Dikrong, Gai Nadi, Digaru, Digboi, Dikhow, Kaljani, Gabharu, Tocklai, Tunia, Larsing, Dhateshwari, Demow, Borsila, Barak, Dibang, Dihing, Senki, Dorika, Subansiri, Siang, Baralia, Tihu, Singra, Damring, Manda, Dikchu, Dzu, Kha Ru, Dzucha, Torsa, Beki, Bereng, Bhogdoi, Jhanji, Jia Bharali, Sankosh, Sanuo Ru, Boginadi, Rilang, Myntang, Tlawng, Tuirial, Serlui, Vaipuanpho, Tuikual, Sakhisih, Damdiai, Chite, Tuirini, Tuivawl, Lawibual, Challui, Mat, Siakah, Chhimtuipui, Tuikum, Sesah, Phe, Teirei, Tut, Tuichhuahen, Tiau, Tuipui, Nongal, Simsang, Ganol, Damring, Waikhrwi, Kwai, Teirei, Khawthlangtuipui, Ngengpui Stream, Vantawng, Sderkariah, Laitryngew, Wahkhlek Khlek, Wahrew, Umngi, Rwiang, Kalipai, Kmai Um, Lukha, Myntdu, Lamu, Lynriang, Thlu Umwi, Simsang, Teesta, Sonai, Ranganadi, Rangit, Ranichu, Kapili, Karola, Kathakal, Kharsang, Kohora, Kolong, Kundli, Kushiara, Manu, Nonbah, Kynshi, Wah Blei, Lohit, Manas, Maney Khola, Ganol Tura, Milak, Namchik, Noa Dihing, Pachin, Pagldia, Panchnoi, Poma, Yomgo And Mora",,510.5,,3.6,,"Burhidihing, Dhansiri, Bharalu, Dikrong, Gai Nadi, Digaru, Digboi, Dikhow, Kaljani, Gabharu, Tocklai, Tunia, Larsing, Dhateshwari, Demow, Borsila, Barak, Dibang, Dihing, Senki, Dorika, Subansiri, Siang, Baralia, Tihu, Singra, Damring, Manda, Dikchu, Dzu, Kha Ru, Dzucha, Torsa, Beki, Bereng, Bhogdoi, Jhanji, Jia Bharali, Sankosh, Sanuo Ru, Boginadi, Rilang, Myntang, Tlawng, Tuirial, Serlui, Vaipuanpho, Tuikual, Sakhisih, Damdiai, Chite, Tuirini, Tuivawl, Lawibual, Challui, Mat, Siakah, Chhimtuipui, Tuikum, Sesah, Phe, Teirei, Tut, Tuichhuahen, Tiau, Tuipui, Nongal, Simsang, Ganol, Damring, Waikhrwi, Kwai, Teirei, Khawthlangtuipui, Ngengpui Stream, Vantawng, Sderkariah, Laitryngew, Wahkhlek Khlek, Wahrew, Umngi, Rwiang, Kalipai, Kmai Um, Lukha, Myntdu, Lamu, Lynriang, Thlu Umwi, Simsang, Teesta, Sonai, Ranganadi, Rangit, Ranichu, Kapili, Karola, Kathakal, Kharsang, Kohora, Kolong, Kundli, Kushiara, Manu, Nonbah, Kynshi, Wah Blei, Lohit, Manas, Maney Khola, Ganol Tura, Milak, Namchik, Noa Dihing, Pachin, Pagldia, Panchnoi, Poma, Yomgo And Mora",2023-06-30
2023,3724,"CHALLUI STREAM, LENGPUI, AIZAWL DIST",MIZORAM,"Tributary Streams - Burhidihing, Dhansiri, Bharalu, Dikrong, Gai Nadi, Digaru, Digboi, Dikhow, Kaljani, Gabharu, Tocklai, Tunia, Larsing, Dhateshwari, Demow, Borsila, Barak, Dibang, Dihing, Senki, Dorika, Subansiri, Siang, Baralia, Tihu, Singra, Damring, Manda, Dikchu, Dzu, Kha Ru, Dzucha, Torsa, Beki, Bereng, Bhogdoi, Jhanji, Jia Bharali, Sankosh, Sanuo Ru, Boginadi, Rilang, Myntang, Tlawng, Tuirial, Serlui, Vaipuanpho, Tuikual, Sakhisih, Damdiai, Chite, Tuirini, Tuivawl, Lawibual, Challui, Mat, Siakah, Chhimtuipui, Tuikum, Sesah, Phe, Teirei, Tut, Tuichhuahen, Tiau, Tuipui, Nongal, Simsang, Ganol, Damring, Waikhrwi, Kwai, Teirei, Khawthlangtuipui, Ngengpui Stream, Vantawng, Sderkariah, Laitryngew, Wahkhlek Khlek, Wahrew, Umngi, Rwiang, Kalipai, Kmai Um, Lukha, Myntdu, Lamu, Lynriang, Thlu Umwi, Simsang, Teesta, Sonai, Ranganadi, Rangit, Ranichu, Kapili, Karola, Kathakal, Kharsang, Kohora, Kolong, Kundli, Kushiara, Manu, Nonbah, Kynshi, Wah Blei, Lohit, Manas, Maney Khola, Ganol Tura, Milak, Namchik, Noa Dihing, Pachin, Pagldia, Panchnoi, Poma, Yomgo And Mora",,181.5,1.3,7.75,0.58,"Burhidihing, Dhansiri, Bharalu, Dikrong, Gai Nadi, Digaru, Digboi, Dikhow, Kaljani, Gabharu, Tocklai, Tunia, Larsing, Dhateshwari, Demow, Borsila, Barak, Dibang, Dihing, Senki, Dorika, Subansiri, Siang, Baralia, Tihu, Singra, Damring, Manda, Dikchu, Dzu, Kha Ru, Dzucha, Torsa, Beki, Bereng, Bhogdoi, Jhanji, Jia Bharali, Sankosh, Sanuo Ru, Boginadi, Rilang, Myntang, Tlawng, Tuirial, Serlui, Vaipuanpho, Tuikual, Sakhisih, Damdiai, Chite, Tuirini, Tuivawl, Lawibual, Challui, Mat, Siakah, Chhimtuipui, Tuikum, Sesah, Phe, Teirei, Tut, Tuichhuahen, Tiau, Tuipui, Nongal, Simsang, Ganol, Damring, Waikhrwi, Kwai, Teirei, Khawthlangtuipui, Ngengpui Stream, Vantawng, Sderkariah, Laitryngew, Wahkhlek Khlek, Wahrew, Umngi, Rwiang, Kalipai, Kmai Um, Lukha, Myntdu, Lamu, Lynriang, Thlu Umwi, Simsang, Teesta, Sonai, Ranganadi, Rangit, Ranichu, Kapili, Karola, Kathakal, Kharsang, Kohora, Kolong, Kundli, Kushiara, Manu, Nonbah, Kynshi, Wah Blei, Lohit, Manas, Maney Khola, Ganol Tura, Milak, Namchik, Noa Dihing, Pachin, Pagldia, Panchnoi, Poma, Yomgo And Mora",2023-06-30
2023,3735,"MAT RIVER, DAWN VILLAGE, NEAR MAT BRIDGE,LUNGLEI DIST.",MIZORAM,"Tributary Streams - Burhidihing, Dhansiri, Bharalu, Dikrong, Gai Nadi, Digaru, Digboi, Dikhow, Kaljani, Gabharu, Tocklai, Tunia, Larsing, Dhateshwari, Demow, Borsila, Barak, Dibang, Dihing, Senki, Dorika, Subansiri, Siang, Baralia, Tihu, Singra, Damring, Manda, Dikchu, Dzu, Kha Ru, Dzucha, Torsa, Beki, Bereng, Bhogdoi, Jhanji, Jia Bharali, Sankosh, Sanuo Ru, Boginadi, Rilang, Myntang, Tlawng, Tuirial, Serlui, Vaipuanpho, Tuikual, Sakhisih, Damdiai, Chite, Tuirini, Tuivawl, Lawibual, Challui, Mat, Siakah, Chhimtuipui, Tuikum, Sesah, Phe, Teirei, Tut, Tuichhuahen, Tiau, Tuipui, Nongal, Simsang, Ganol, Damring, Waikhrwi, Kwai, Teirei, Khawthlangtuipui, Ngengpui Stream, Vantawng, Sderkariah, Laitryngew, Wahkhlek Khlek, Wahrew, Umngi, Rwiang, Kalipai, Kmai Um, Lukha, Myntdu, Lamu, Lynriang, Thlu Umwi, Simsang, Teesta, Sonai, Ranganadi, Rangit, Ranichu, Kapili, Karola, Kathakal, Kharsang, Kohora, Kolong, Kundli, Kushiara, Manu, Nonbah, Kynshi, Wah Blei, Lohit, Manas, Maney Khola, Ganol Tura, Milak, Namchik, Noa Dihing, Pachin, Pagldia, Panchnoi, Poma, Yomgo And Mora",,,,,4.234999999999999,"Burhidihing, Dhansiri, Bharalu, Dikrong, Gai Nadi, Digaru, Digboi, Dikhow, Kaljani, Gabharu, Tocklai, Tunia, Larsing, Dhateshwari, Demow, Borsila, Barak, Dibang, Dihing, Senki, Dorika, Subansiri, Siang, Baralia, Tihu, Singra, Damring, Manda, Dikchu, Dzu, Kha Ru, Dzucha, Torsa, Beki, Bereng, Bhogdoi, Jhanji, Jia Bharali, Sankosh, Sanuo Ru, Boginadi, Rilang, Myntang, Tlawng, Tuirial, Serlui, Vaipuanpho, Tuikual, Sakhisih, Damdiai, Chite, Tuirini, Tuivawl, Lawibual, Challui, Mat, Siakah, Chhimtuipui, Tuikum, Sesah, Phe, Teirei, Tut, Tuichhuahen, Tiau, Tuipui, Nongal, Simsang, Ganol, Damring, Waikhrwi, Kwai, Teirei, Khawthlangtuipui, Ngengpui Stream, Vantawng, Sderkariah, Laitryngew, Wahkhlek Khlek, Wahrew, Umngi, Rwiang, Kalipai, Kmai Um, Lukha, Myntdu, Lamu, Lynriang, Thlu Umwi, Simsang, Teesta, Sonai, Ranganadi, Rangit, Ranichu, Kapili, Karola, Kathakal, Kharsang, Kohora, Kolong, Kundli, Kushiara, Manu, Nonbah, Kynshi, Wah Blei, Lohit, Manas, Maney Khola, Ganol Tura, Milak, Namchik, Noa Dihing, Pachin, Pagldia, Panchnoi, Poma, Yomgo And Mora",2023-06-30
2023,3740,"SAIKAH STREAM, LAWNGTLAI",MIZORAM,"Tributary Streams - Burhidihing, Dhansiri, Bharalu, Dikrong, Gai Nadi, Digaru, Digboi, Dikhow, Kaljani, Gabharu, Tocklai, Tunia, Larsing, Dhateshwari, Demow, Borsila, Barak, Dibang, Dihing, Senki, Dorika, Subansiri, Siang, Baralia, Tihu, Singra, Damring, Manda, Dikchu, Dzu, Kha Ru, Dzucha, Torsa, Beki, Bereng, Bhogdoi, Jhanji, Jia Bharali, Sankosh, Sanuo Ru, Boginadi, Rilang, Myntang, Tlawng, Tuirial, Serlui, Vaipuanpho, Tuikual, Sakhisih, Damdiai, Chite, Tuirini, Tuivawl, Lawibual, Challui, Mat, Siakah, Chhimtuipui, Tuikum, Sesah, Phe, Teirei, Tut, Tuichhuahen, Tiau, Tuipui, Nongal, Simsang, Ganol, Damring, Waikhrwi, Kwai, Teirei, Khawthlangtuipui, Ngengpui Stream, Vantawng, Sderkariah, Laitryngew, Wahkhlek Khlek, Wahrew, Umngi, Rwiang, Kalipai, Kmai Um, Lukha, Myntdu, Lamu, Lynriang, Thlu Umwi, Simsang, Teesta, Sonai, Ranganadi, Rangit, Ranichu, Kapili, Karola, Kathakal, Kharsang, Kohora, Kolong, Kundli, Kushiara, Manu, Nonbah, Kynshi, Wah Blei, Lohit, Manas, Maney Khola, Ganol Tura, Milak, Namchik, Noa Dihing, Pachin, Pagldia, Panchnoi, Poma, Yomgo And Mora",,269.5,1.25,6.1,0.785,"Burhidihing, Dhansiri, Bharalu, Dikrong, Gai Nadi, Digaru, Digboi, Dikhow, Kaljani, Gabharu, Tocklai, Tunia, Larsing, Dhateshwari, Demow, Borsila, Barak, Dibang, Dihing, Senki, Dorika, Subansiri, Siang, Baralia, Tihu, Singra, Damring, Manda, Dikchu, Dzu, Kha Ru, Dzucha, Torsa, Beki, Bereng, Bhogdoi, Jhanji, Jia Bharali, Sankosh, Sanuo Ru, Boginadi, Rilang, Myntang, Tlawng, Tuirial, Serlui, Vaipuanpho, Tuikual, Sakhisih, Damdiai, Chite, Tuirini, Tuivawl, Lawibual, Challui, Mat, Siakah, Chhimtuipui, Tuikum, Sesah, Phe, Teirei, Tut, Tuichhuahen, Tiau, Tuipui, Nongal, Simsang, Ganol, Damring, Waikhrwi, Kwai, Teirei, Khawthlangtuipui, Ngengpui Stream, Vantawng, Sderkariah, Laitryngew, Wahkhlek Khlek, Wahrew, Umngi, Rwiang, Kalipai, Kmai Um, Lukha, Myntdu, Lamu, Lynriang, Thlu Umwi, Simsang, Teesta, Sonai, Ranganadi, Rangit, Ranichu, Kapili, Karola, Kathakal, Kharsang, Kohora, Kolong, Kundli, Kushiara, Manu, Nonbah, Kynshi, Wah Blei, Lohit, Manas, Maney Khola, Ganol Tura, Milak, Namchik, Noa Dihing, Pachin, Pagldia, Panchnoi, Poma, Yomgo And Mora",2023-06-30
2023,3744,"CHHIMTUIPUI RIVER, KAWLCHAW, NEAR CHHIMTUPUI BRIDGE, SAIHA DIST.",MIZORAM,"Tributary Streams - Burhidihing, Dhansiri, Bharalu, Dikrong, Gai Nadi, Digaru, Digboi, Dikhow, Kaljani, Gabharu, Tocklai, Tunia, Larsing, Dhateshwari, Demow, Borsila, Barak, Dibang, Dihing, Senki, Dorika, Subansiri, Siang, Baralia, Tihu, Singra, Damring, Manda, Dikchu, Dzu, Kha Ru, Dzucha, Torsa, Beki, Bereng, Bhogdoi, Jhanji, Jia Bharali, Sankosh, Sanuo Ru, Boginadi, Rilang, Myntang, Tlawng, Tuirial, Serlui, Vaipuanpho, Tuikual, Sakhisih, Damdiai, Chite, Tuirini, Tuivawl, Lawibual, Challui, Mat, Siakah, Chhimtuipui, Tuikum, Sesah, Phe, Teirei, Tut, Tuichhuahen, Tiau, Tuipui, Nongal, Simsang, Ganol, Damring, Waikhrwi, Kwai, Teirei, Khawthlangtuipui, Ngengpui Stream, Vantawng, Sderkariah, Laitryngew, Wahkhlek Khlek, Wahrew, Umngi, Rwiang, Kalipai, Kmai Um, Lukha, Myntdu, Lamu, Lynriang, Thlu Umwi, Simsang, Teesta, Sonai, Ranganadi, Rangit, Ranichu, Kapili, Karola, Kathakal, Kharsang, Kohora, Kolong, Kundli, Kushiara, Manu, Nonbah, Kynshi, Wah Blei, Lohit, Manas, Maney Khola, Ganol Tura, Milak, Namchik, Noa Dihing, Pachin, Pagldia, Panchnoi, Poma, Yomgo And Mora",,328.0,1.2,7.45,1.185,"Burhidihing, Dhansiri, Bharalu, Dikrong, Gai Nadi, Digaru, Digboi, Dikhow, Kaljani, Gabharu, Tocklai, Tunia, Larsing, Dhateshwari, Demow, Borsila, Barak, Dibang, Dihing, Senki, Dorika, Subansiri, Siang, Baralia, Tihu, Singra, Damring, Manda, Dikchu, Dzu, Kha Ru, Dzucha, Torsa, Beki, Bereng, Bhogdoi, Jhanji, Jia Bharali, Sankosh, Sanuo Ru, Boginadi, Rilang, Myntang, Tlawng, Tuirial, Serlui, Vaipuanpho, Tuikual, Sakhisih, Damdiai, Chite, Tuirini, Tuivawl, Lawibual, Challui, Mat, Siakah, Chhimtuipui, Tuikum, Sesah, Phe, Teirei, Tut, Tuichhuahen, Tiau, Tuipui, Nongal, Simsang, Ganol, Damring, Waikhrwi, Kwai, Teirei, Khawthlangtuipui, Ngengpui Stream, Vantawng, Sderkariah, Laitryngew, Wahkhlek Khlek, Wahrew, Umngi, Rwiang, Kalipai, Kmai Um, Lukha, Myntdu, Lamu, Lynriang, Thlu Umwi, Simsang, Teesta, Sonai, Ranganadi, Rangit, Ranichu, Kapili, Karola, Kathakal, Kharsang, Kohora, Kolong, Kundli, Kushiara, Manu, Nonbah, Kynshi, Wah Blei, Lohit, Manas, Maney Khola, Ganol Tura, Milak, Namchik, Noa Dihing, Pachin, Pagldia, Panchnoi, Poma, Yomgo And Mora",2023-06-30
2023,3746,"TUIKUM RIVER, NEAR PHE WATER TREATMENT PLANT, SERCHHIP",MIZORAM,"Tributary Streams - Burhidihing, Dhansiri, Bharalu, Dikrong, Gai Nadi, Digaru, Digboi, Dikhow, Kaljani, Gabharu, Tocklai, Tunia, Larsing, Dhateshwari, Demow, Borsila, Barak, Dibang, Dihing, Senki, Dorika, Subansiri, Siang, Baralia, Tihu, Singra, Damring, Manda, Dikchu, Dzu, Kha Ru, Dzucha, Torsa, Beki, Bereng, Bhogdoi, Jhanji, Jia Bharali, Sankosh, Sanuo Ru, Boginadi, Rilang, Myntang, Tlawng, Tuirial, Serlui, Vaipuanpho, Tuikual, Sakhisih, Damdiai, Chite, Tuirini, Tuivawl, Lawibual, Challui, Mat, Siakah, Chhimtuipui, Tuikum, Sesah, Phe, Teirei, Tut, Tuichhuahen, Tiau, Tuipui, Nongal, Simsang, Ganol, Damring, Waikhrwi, Kwai, Teirei, Khawthlangtuipui, Ngengpui Stream, Vantawng, Sderkariah, Laitryngew, Wahkhlek Khlek, Wahrew, Umngi, Rwiang, Kalipai, Kmai Um, Lukha, Myntdu, Lamu, Lynriang, Thlu Umwi, Simsang, Teesta, Sonai, Ranganadi, Rangit, Ranichu, Kapili, Karola, Kathakal, Kharsang, Kohora, Kolong, Kundli, Kushiara, Manu, Nonbah, Kynshi, Wah Blei, Lohit, Manas, Maney Khola, Ganol Tura, Milak, Namchik, Noa Dihing, Pachin, Pagldia, Panchnoi, Poma, Yomgo And Mora",,187.5,1.25,6.949999999999999,0.54,"Burhidihing, Dhansiri, Bharalu, Dikrong, Gai Nadi, Digaru, Digboi, Dikhow, Kaljani, Gabharu, Tocklai, Tunia, Larsing, Dhateshwari, Demow, Borsila, Barak, Dibang, Dihing, Senki, Dorika, Subansiri, Siang, Baralia, Tihu, Singra, Damring, Manda, Dikchu, Dzu, Kha Ru, Dzucha, Torsa, Beki, Bereng, Bhogdoi, Jhanji, Jia Bharali, Sankosh, Sanuo Ru, Boginadi, Rilang, Myntang, Tlawng, Tuirial, Serlui, Vaipuanpho, Tuikual, Sakhisih, Damdiai, Chite, Tuirini, Tuivawl, Lawibual, Challui, Mat, Siakah, Chhimtuipui, Tuikum, Sesah, Phe, Teirei, Tut, Tuichhuahen, Tiau, Tuipui, Nongal, Simsang, Ganol, Damring, Waikhrwi, Kwai, Teirei, Khawthlangtuipui, Ngengpui Stream, Vantawng, Sderkariah, Laitryngew, Wahkhlek Khlek, Wahrew, Umngi, Rwiang, Kalipai, Kmai Um, Lukha, Myntdu, Lamu, Lynriang, Thlu Umwi, Simsang, Teesta, Sonai, Ranganadi, Rangit, Ranichu, Kapili, Karola, Kathakal, Kharsang, Kohora, Kolong, Kundli, Kushiara, Manu, Nonbah, Kynshi, Wah Blei, Lohit, Manas, Maney Khola, Ganol Tura, Milak, Namchik, Noa Dihing, Pachin, Pagldia, Panchnoi, Poma, Yomgo And Mora",2023-06-30
2023,3747,"SESAH STREAM, DINTHAR, SERCHHIP",MIZORAM,"Tributary Streams - Burhidihing, Dhansiri, Bharalu, Dikrong, Gai Nadi, Digaru, Digboi, Dikhow, Kaljani, Gabharu, Tocklai, Tunia, Larsing, Dhateshwari, Demow, Borsila, Barak, Dibang, Dihing, Senki, Dorika, Subansiri, Siang, Baralia, Tihu, Singra, Damring, Manda, Dikchu, Dzu, Kha Ru, Dzucha, Torsa, Beki, Bereng, Bhogdoi, Jhanji, Jia Bharali, Sankosh, Sanuo Ru, Boginadi, Rilang, Myntang, Tlawng, Tuirial, Serlui, Vaipuanpho, Tuikual, Sakhisih, Damdiai, Chite, Tuirini, Tuivawl, Lawibual, Challui, Mat, Siakah, Chhimtuipui, Tuikum, Sesah, Phe, Teirei, Tut, Tuichhuahen, Tiau, Tuipui, Nongal, Simsang, Ganol, Damring, Waikhrwi, Kwai, Teirei, Khawthlangtuipui, Ngengpui Stream, Vantawng, Sderkariah, Laitryngew, Wahkhlek Khlek, Wahrew, Umngi, Rwiang, Kalipai, Kmai Um, Lukha, Myntdu, Lamu, Lynriang, Thlu Umwi, Simsang, Teesta, Sonai, Ranganadi, Rangit, Ranichu, Kapili, Karola, Kathakal, Kharsang, Kohora, Kolong, Kundli, Kushiara, Manu, Nonbah, Kynshi, Wah Blei, Lohit, Manas, Maney Khola, Ganol Tura, Milak, Namchik, Noa Dihing, Pachin, Pagldia, Panchnoi, Poma, Yomgo And Mora",,153.5,1.2,7.949999999999999,0.36,"Burhidihing, Dhansiri, Bharalu, Dikrong, Gai Nadi, Digaru, Digboi, Dikhow, Kaljani, Gabharu, Tocklai, Tunia, Larsing, Dhateshwari, Demow, Borsila, Barak, Dibang, Dihing, Senki, Dorika, Subansiri, Siang, Baralia, Tihu, Singra, Damring, Manda, Dikchu, Dzu, Kha Ru, Dzucha, Torsa, Beki, Bereng, Bhogdoi, Jhanji, Jia Bharali, Sankosh, Sanuo Ru, Boginadi, Rilang, Myntang, Tlawng, Tuirial, Serlui, Vaipuanpho, Tuikual, Sakhisih, Damdiai, Chite, Tuirini, Tuivawl, Lawibual, Challui, Mat, Siakah, Chhimtuipui, Tuikum, Sesah, Phe, Teirei, Tut, Tuichhuahen, Tiau, Tuipui, Nongal, Simsang, Ganol, Damring, Waikhrwi, Kwai, Teirei, Khawthlangtuipui, Ngengpui Stream, Vantawng, Sderkariah, Laitryngew, Wahkhlek Khlek, Wahrew, Umngi, Rwiang, Kalipai, Kmai Um, Lukha, Myntdu, Lamu, Lynriang, Thlu Umwi, Simsang, Teesta, Sonai, Ranganadi, Rangit, Ranichu, Kapili, Karola, Kathakal, Kharsang, Kohora, Kolong, Kundli, Kushiara, Manu, Nonbah, Kynshi, Wah Blei, Lohit, Manas, Maney Khola, Ganol Tura, Milak, Namchik, Noa Dihing, Pachin, Pagldia, Panchnoi, Poma, Yomgo And Mora",2023-06-30
2023,3749,"RIVER PHE RESERVIOR (LAHMUN RIVER), MIZO VENG, MAMIT",MIZORAM,"Tributary Streams - Burhidihing, Dhansiri, Bharalu, Dikrong, Gai Nadi, Digaru, Digboi, Dikhow, Kaljani, Gabharu, Tocklai, Tunia, Larsing, Dhateshwari, Demow, Borsila, Barak, Dibang, Dihing, Senki, Dorika, Subansiri, Siang, Baralia, Tihu, Singra, Damring, Manda, Dikchu, Dzu, Kha Ru, Dzucha, Torsa, Beki, Bereng, Bhogdoi, Jhanji, Jia Bharali, Sankosh, Sanuo Ru, Boginadi, Rilang, Myntang, Tlawng, Tuirial, Serlui, Vaipuanpho, Tuikual, Sakhisih, Damdiai, Chite, Tuirini, Tuivawl, Lawibual, Challui, Mat, Siakah, Chhimtuipui, Tuikum, Sesah, Phe, Teirei, Tut, Tuichhuahen, Tiau, Tuipui, Nongal, Simsang, Ganol, Damring, Waikhrwi, Kwai, Teirei, Khawthlangtuipui, Ngengpui Stream, Vantawng, Sderkariah, Laitryngew, Wahkhlek Khlek, Wahrew, Umngi, Rwiang, Kalipai, Kmai Um, Lukha, Myntdu, Lamu, Lynriang, Thlu Umwi, Simsang, Teesta, Sonai, Ranganadi, Rangit, Ranichu, Kapili, Karola, Kathakal, Kharsang, Kohora, Kolong, Kundli, Kushiara, Manu, Nonbah, Kynshi, Wah Blei, Lohit, Manas, Maney Khola, Ganol Tura, Milak, Namchik, Noa Dihing, Pachin, Pagldia, Panchnoi, Poma, Yomgo And Mora",,142.0,1.3,7.25,0.47000000000000003,"Burhidihing, Dhansiri, Bharalu, Dikrong, Gai Nadi, Digaru, Digboi, Dikhow, Kaljani, Gabharu, Tocklai, Tunia, Larsing, Dhateshwari, Demow, Borsila, Barak, Dibang, Dihing, Senki, Dorika, Subansiri, Siang, Baralia, Tihu, Singra, Damring, Manda, Dikchu, Dzu, Kha Ru, Dzucha, Torsa, Beki, Bereng, Bhogdoi, Jhanji, Jia Bharali, Sankosh, Sanuo Ru, Boginadi, Rilang, Myntang, Tlawng, Tuirial, Serlui, Vaipuanpho, Tuikual, Sakhisih, Damdiai, Chite, Tuirini, Tuivawl, Lawibual, Challui, Mat, Siakah, Chhimtuipui, Tuikum, Sesah, Phe, Teirei, Tut, Tuichhuahen, Tiau, Tuipui, Nongal, Simsang, Ganol, Damring, Waikhrwi, Kwai, Teirei, Khawthlangtuipui, Ngengpui Stream, Vantawng, Sderkariah, Laitryngew, Wahkhlek Khlek, Wahrew, Umngi, Rwiang, Kalipai, Kmai Um, Lukha, Myntdu, Lamu, Lynriang, Thlu Umwi, Simsang, Teesta, Sonai, Ranganadi, Rangit, Ranichu, Kapili, Karola, Kathakal, Kharsang, Kohora, Kolong, Kundli, Kushiara, Manu, Nonbah, Kynshi, Wah Blei, Lohit, Manas, Maney Khola, Ganol Tura, Milak, Namchik, Noa Dihing, Pachin, Pagldia, Panchnoi, Poma, Yomgo And Mora",2023-06-30
2023,3750,"RIVER TEIREI BAWNGVA, MAMIT DIST.",MIZORAM,"Tributary Streams - Burhidihing, Dhansiri, Bharalu, Dikrong, Gai Nadi, Digaru, Digboi, Dikhow, Kaljani, Gabharu, Tocklai, Tunia, Larsing, Dhateshwari, Demow, Borsila, Barak, Dibang, Dihing, Senki, Dorika, Subansiri, Siang, Baralia, Tihu, Singra, Damring, Manda, Dikchu, Dzu, Kha Ru, Dzucha, Torsa, Beki, Bereng, Bhogdoi, Jhanji, Jia Bharali, Sankosh, Sanuo Ru, Boginadi, Rilang, Myntang, Tlawng, Tuirial, Serlui, Vaipuanpho, Tuikual, Sakhisih, Damdiai, Chite, Tuirini, Tuivawl, Lawibual, Challui, Mat, Siakah, Chhimtuipui, Tuikum, Sesah, Phe, Teirei, Tut, Tuichhuahen, Tiau, Tuipui, Nongal, Simsang, Ganol, Damring, Waikhrwi, Kwai, Teirei, Khawthlangtuipui, Ngengpui Stream, Vantawng, Sderkariah, Laitryngew, Wahkhlek Khlek, Wahrew, Umngi, Rwiang, Kalipai, Kmai Um, Lukha, Myntdu, Lamu, Lynriang, Thlu Umwi, Simsang, Teesta, Sonai, Ranganadi, Rangit, Ranichu, Kapili, Karola, Kathakal, Kharsang, Kohora, Kolong, Kundli, Kushiara, Manu, Nonbah, Kynshi, Wah Blei, Lohit, Manas, Maney Khola, Ganol Tura, Milak, Namchik, Noa Dihing, Pachin, Pagldia, Panchnoi, Poma, Yomgo And Mora",,210.5,1.2,7.3,0.985,"Burhidihing, Dhansiri, Bharalu, Dikrong, Gai Nadi, Digaru, Digboi, Dikhow, Kaljani, Gabharu, Tocklai, Tunia, Larsing, Dhateshwari, Demow, Borsila, Barak, Dibang, Dihing, Senki, Dorika, Subansiri, Siang, Baralia, Tihu, Singra, Damring, Manda, Dikchu, Dzu, Kha Ru, Dzucha, Torsa, Beki, Bereng, Bhogdoi, Jhanji, Jia Bharali, Sankosh, Sanuo Ru, Boginadi, Rilang, Myntang, Tlawng, Tuirial, Serlui, Vaipuanpho, Tuikual, Sakhisih, Damdiai, Chite, Tuirini, Tuivawl, Lawibual, Challui, Mat, Siakah, Chhimtuipui, Tuikum, Sesah, Phe, Teirei, Tut, Tuichhuahen, Tiau, Tuipui, Nongal, Simsang, Ganol, Damring, Waikhrwi, Kwai, Teirei, Khawthlangtuipui, Ngengpui Stream, Vantawng, Sderkariah, Laitryngew, Wahkhlek Khlek, Wahrew, Umngi, Rwiang, Kalipai, Kmai Um, Lukha, Myntdu, Lamu, Lynriang, Thlu Umwi, Simsang, Teesta, Sonai, Ranganadi, Rangit, Ranichu, Kapili, Karola, Kathakal, Kharsang, Kohora, Kolong, Kundli, Kushiara, Manu, Nonbah, Kynshi, Wah Blei, Lohit, Manas, Maney Khola, Ganol Tura, Milak, Namchik, Noa Dihing, Pachin, Pagldia, Panchnoi, Poma, Yomgo And Mora",2023-06-30
2023,3751,"RIVER TUT DAPCHHUAH, MAMIT DIST.",MIZORAM,"Tributary Streams - Burhidihing, Dhansiri, Bharalu, Dikrong, Gai Nadi, Digaru, Digboi, Dikhow, Kaljani, Gabharu, Tocklai, Tunia, Larsing, Dhateshwari, Demow, Borsila, Barak, Dibang, Dihing, Senki, Dorika, Subansiri, Siang, Baralia, Tihu, Singra, Damring, Manda, Dikchu, Dzu, Kha Ru, Dzucha, Torsa, Beki, Bereng, Bhogdoi, Jhanji, Jia Bharali, Sankosh, Sanuo Ru, Boginadi, Rilang, Myntang, Tlawng, Tuirial, Serlui, Vaipuanpho, Tuikual, Sakhisih, Damdiai, Chite, Tuirini, Tuivawl, Lawibual, Challui, Mat, Siakah, Chhimtuipui, Tuikum, Sesah, Phe, Teirei, Tut, Tuichhuahen, Tiau, Tuipui, Nongal, Simsang, Ganol, Damring, Waikhrwi, Kwai, Teirei, Khawthlangtuipui, Ngengpui Stream, Vantawng, Sderkariah, Laitryngew, Wahkhlek Khlek, Wahrew, Umngi, Rwiang, Kalipai, Kmai Um, Lukha, Myntdu, Lamu, Lynriang, Thlu Umwi, Simsang, Teesta, Sonai, Ranganadi, Rangit, Ranichu, Kapili, Karola, Kathakal, Kharsang, Kohora, Kolong, Kundli, Kushiara, Manu, Nonbah, Kynshi, Wah Blei, Lohit, Manas, Maney Khola, Ganol Tura, Milak, Namchik, Noa Dihing, Pachin, Pagldia, Panchnoi, Poma, Yomgo And Mora",,391.0,1.25,8.25,1.25,"Burhidihing, Dhansiri, Bharalu, Dikrong, Gai Nadi, Digaru, Digboi, Dikhow, Kaljani, Gabharu, Tocklai, Tunia, Larsing, Dhateshwari, Demow, Borsila, Barak, Dibang, Dihing, Senki, Dorika, Subansiri, Siang, Baralia, Tihu, Singra, Damring, Manda, Dikchu, Dzu, Kha Ru, Dzucha, Torsa, Beki, Bereng, Bhogdoi, Jhanji, Jia Bharali, Sankosh, Sanuo Ru, Boginadi, Rilang, Myntang, Tlawng, Tuirial, Serlui, Vaipuanpho, Tuikual, Sakhisih, Damdiai, Chite, Tuirini, Tuivawl, Lawibual, Challui, Mat, Siakah, Chhimtuipui, Tuikum, Sesah, Phe, Teirei, Tut, Tuichhuahen, Tiau, Tuipui, Nongal, Simsang, Ganol, Damring, Waikhrwi, Kwai, Teirei, Khawthlangtuipui, Ngengpui Stream, Vantawng, Sderkariah, Laitryngew, Wahkhlek Khlek, Wahrew, Umngi, Rwiang, Kalipai, Kmai Um, Lukha, Myntdu, Lamu, Lynriang, Thlu Umwi, Simsang, Teesta, Sonai, Ranganadi, Rangit, Ranichu, Kapili, Karola, Kathakal, Kharsang, Kohora, Kolong, Kundli, Kushiara, Manu, Nonbah, Kynshi, Wah Blei, Lohit, Manas, Maney Khola, Ganol Tura, Milak, Namchik, Noa Dihing, Pachin, Pagldia, Panchnoi, Poma, Yomgo And Mora",2023-06-30
2023,3752,"RIVER TUICHHUAHEN STREAM, NEAR PHE WATER TREATMENT PLANT, KOLASIB",MIZORAM,"Tributary Streams - Burhidihing, Dhansiri, Bharalu, Dikrong, Gai Nadi, Digaru, Digboi, Dikhow, Kaljani, Gabharu, Tocklai, Tunia, Larsing, Dhateshwari, Demow, Borsila, Barak, Dibang, Dihing, Senki, Dorika, Subansiri, Siang, Baralia, Tihu, Singra, Damring, Manda, Dikchu, Dzu, Kha Ru, Dzucha, Torsa, Beki, Bereng, Bhogdoi, Jhanji, Jia Bharali, Sankosh, Sanuo Ru, Boginadi, Rilang, Myntang, Tlawng, Tuirial, Serlui, Vaipuanpho, Tuikual, Sakhisih, Damdiai, Chite, Tuirini, Tuivawl, Lawibual, Challui, Mat, Siakah, Chhimtuipui, Tuikum, Sesah, Phe, Teirei, Tut, Tuichhuahen, Tiau, Tuipui, Nongal, Simsang, Ganol, Damring, Waikhrwi, Kwai, Teirei, Khawthlangtuipui, Ngengpui Stream, Vantawng, Sderkariah, Laitryngew, Wahkhlek Khlek, Wahrew, Umngi, Rwiang, Kalipai, Kmai Um, Lukha, Myntdu, Lamu, Lynriang, Thlu Umwi, Simsang, Teesta, Sonai, Ranganadi, Rangit, Ranichu, Kapili, Karola, Kathakal, Kharsang, Kohora, Kolong, Kundli, Kushiara, Manu, Nonbah, Kynshi, Wah Blei, Lohit, Manas, Maney Khola, Ganol Tura, Milak, Namchik, Noa Dihing, Pachin, Pagldia, Panchnoi, Poma, Yomgo And Mora",,369.0,1.2,7.5,1.135,"Burhidihing, Dhansiri, Bharalu, Dikrong, Gai Nadi, Digaru, Digboi, Dikhow, Kaljani, Gabharu, Tocklai, Tunia, Larsing, Dhateshwari, Demow, Borsila, Barak, Dibang, Dihing, Senki, Dorika, Subansiri, Siang, Baralia, Tihu, Singra, Damring, Manda, Dikchu, Dzu, Kha Ru, Dzucha, Torsa, Beki, Bereng, Bhogdoi, Jhanji, Jia Bharali, Sankosh, Sanuo Ru, Boginadi, Rilang, Myntang, Tlawng, Tuirial, Serlui, Vaipuanpho, Tuikual, Sakhisih, Damdiai, Chite, Tuirini, Tuivawl, Lawibual, Challui, Mat, Siakah, Chhimtuipui, Tuikum, Sesah, Phe, Teirei, Tut, Tuichhuahen, Tiau, Tuipui, Nongal, Simsang, Ganol, Damring, Waikhrwi, Kwai, Teirei, Khawthlangtuipui, Ngengpui Stream, Vantawng, Sderkariah, Laitryngew, Wahkhlek Khlek, Wahrew, Umngi, Rwiang, Kalipai, Kmai Um, Lukha, Myntdu, Lamu, Lynriang, Thlu Umwi, Simsang, Teesta, Sonai, Ranganadi, Rangit, Ranichu, Kapili, Karola, Kathakal, Kharsang, Kohora, Kolong, Kundli, Kushiara, Manu, Nonbah, Kynshi, Wah Blei, Lohit, Manas, Maney Khola, Ganol Tura, Milak, Namchik, Noa Dihing, Pachin, Pagldia, Panchnoi, Poma, Yomgo And Mora",2023-06-30
2023,3756,"RIVER TIAU, ZOKHAWTHAR, NEAR TIAU BRIDGE,CHAMPHAI DIST.",MIZORAM,"Tributary Streams - Burhidihing, Dhansiri, Bharalu, Dikrong, Gai Nadi, Digaru, Digboi, Dikhow, Kaljani, Gabharu, Tocklai, Tunia, Larsing, Dhateshwari, Demow, Borsila, Barak, Dibang, Dihing, Senki, Dorika, Subansiri, Siang, Baralia, Tihu, Singra, Damring, Manda, Dikchu, Dzu, Kha Ru, Dzucha, Torsa, Beki, Bereng, Bhogdoi, Jhanji, Jia Bharali, Sankosh, Sanuo Ru, Boginadi, Rilang, Myntang, Tlawng, Tuirial, Serlui, Vaipuanpho, Tuikual, Sakhisih, Damdiai, Chite, Tuirini, Tuivawl, Lawibual, Challui, Mat, Siakah, Chhimtuipui, Tuikum, Sesah, Phe, Teirei, Tut, Tuichhuahen, Tiau, Tuipui, Nongal, Simsang, Ganol, Damring, Waikhrwi, Kwai, Teirei, Khawthlangtuipui, Ngengpui Stream, Vantawng, Sderkariah, Laitryngew, Wahkhlek Khlek, Wahrew, Umngi, Rwiang, Kalipai, Kmai Um, Lukha, Myntdu, Lamu, Lynriang, Thlu Umwi, Simsang, Teesta, Sonai, Ranganadi, Rangit, Ranichu, Kapili, Karola, Kathakal, Kharsang, Kohora, Kolong, Kundli, Kushiara, Manu, Nonbah, Kynshi, Wah Blei, Lohit, Manas, Maney Khola, Ganol Tura, Milak, Namchik, Noa Dihing, Pachin, Pagldia, Panchnoi, Poma, Yomgo And Mora",,390.0,1.1,7.1499999999999995,3.0199999999999996,"Burhidihing, Dhansiri, Bharalu, Dikrong, Gai Nadi, Digaru, Digboi, Dikhow, Kaljani, Gabharu, Tocklai, Tunia, Larsing, Dhateshwari, Demow, Borsila, Barak, Dibang, Dihing, Senki, Dorika, Subansiri, Siang, Baralia, Tihu, Singra, Damring, Manda, Dikchu, Dzu, Kha Ru, Dzucha, Torsa, Beki, Bereng, Bhogdoi, Jhanji, Jia Bharali, Sankosh, Sanuo Ru, Boginadi, Rilang, Myntang, Tlawng, Tuirial, Serlui, Vaipuanpho, Tuikual, Sakhisih, Damdiai, Chite, Tuirini, Tuivawl, Lawibual, Challui, Mat, Siakah, Chhimtuipui, Tuikum, Sesah, Phe, Teirei, Tut, Tuichhuahen, Tiau, Tuipui, Nongal, Simsang, Ganol, Damring, Waikhrwi, Kwai, Teirei, Khawthlangtuipui, Ngengpui Stream, Vantawng, Sderkariah, Laitryngew, Wahkhlek Khlek, Wahrew, Umngi, Rwiang, Kalipai, Kmai Um, Lukha, Myntdu, Lamu, Lynriang, Thlu Umwi, Simsang, Teesta, Sonai, Ranganadi, Rangit, Ranichu, Kapili, Karola, Kathakal, Kharsang, Kohora, Kolong, Kundli, Kushiara, Manu, Nonbah, Kynshi, Wah Blei, Lohit, Manas, Maney Khola, Ganol Tura, Milak, Namchik, Noa Dihing, Pachin, Pagldia, Panchnoi, Poma, Yomgo And Mora",2023-06-30
2023,3757,"RIVER TUIPUI NEAR PHE WATER TREATMENT PLANT, CHAMPHAI DIST.",MIZORAM,"Tributary Streams - Burhidihing, Dhansiri, Bharalu, Dikrong, Gai Nadi, Digaru, Digboi, Dikhow, Kaljani, Gabharu, Tocklai, Tunia, Larsing, Dhateshwari, Demow, Borsila, Barak, Dibang, Dihing, Senki, Dorika, Subansiri, Siang, Baralia, Tihu, Singra, Damring, Manda, Dikchu, Dzu, Kha Ru, Dzucha, Torsa, Beki, Bereng, Bhogdoi, Jhanji, Jia Bharali, Sankosh, Sanuo Ru, Boginadi, Rilang, Myntang, Tlawng, Tuirial, Serlui, Vaipuanpho, Tuikual, Sakhisih, Damdiai, Chite, Tuirini, Tuivawl, Lawibual, Challui, Mat, Siakah, Chhimtuipui, Tuikum, Sesah, Phe, Teirei, Tut, Tuichhuahen, Tiau, Tuipui, Nongal, Simsang, Ganol, Damring, Waikhrwi, Kwai, Teirei, Khawthlangtuipui, Ngengpui Stream, Vantawng, Sderkariah, Laitryngew, Wahkhlek Khlek, Wahrew, Umngi, Rwiang, Kalipai, Kmai Um, Lukha, Myntdu, Lamu, Lynriang, Thlu Umwi, Simsang, Teesta, Sonai, Ranganadi, Rangit, Ranichu, Kapili, Karola, Kathakal, Kharsang, Kohora, Kolong, Kundli, Kushiara, Manu, Nonbah, Kynshi, Wah Blei, Lohit, Manas, Maney Khola, Ganol Tura, Milak, Namchik, Noa Dihing, Pachin, Pagldia, Panchnoi, Poma, Yomgo And Mora",,133.5,3.3,6.449999999999999,0.665,TUIPUI,2023-06-30
2023,5500,RIVER LEIMAKHONG NEAR KANTO AWANG LEIKAI,MANIPUR,"Tributary Streams - Burhidihing, Dhansiri, Bharalu, Dikrong, Gai Nadi, Digaru, Digboi, Dikhow, Kaljani, Gabharu, Tocklai, Tunia, Larsing, Dhateshwari, Demow, Borsila, Barak, Dibang, Dihing, Senki, Dorika, Subansiri, Siang, Baralia, Tihu, Singra, Damring, Manda, Dikchu, Dzu, Kha Ru, Dzucha, Torsa, Beki, Bereng, Bhogdoi, Jhanji, Jia Bharali, Sankosh, Sanuo Ru, Boginadi, Rilang, Myntang, Tlawng, Tuirial, Serlui, Vaipuanpho, Tuikual, Sakhisih, Damdiai, Chite, Tuirini, Tuivawl, Lawibual, Challui, Mat, Siakah, Chhimtuipui, Tuikum, Sesah, Phe, Teirei, Tut, Tuichhuahen, Tiau, Tuipui, Nongal, Simsang, Ganol, Damring, Waikhrwi, Kwai, Teirei, Khawthlangtuipui, Ngengpui Stream, Vantawng, Sderkariah, Laitryngew, Wahkhlek Khlek, Wahrew, Umngi, Rwiang, Kalipai, Kmai Um, Lukha, Myntdu, Lamu, Lynriang, Thlu Umwi, Simsang, Teesta, Sonai, Ranganadi, Rangit, Ranichu, Kapili, Karola, Kathakal, Kharsang, Kohora, Kolong, Kundli, Kushiara, Manu, Nonbah, Kynshi, Wah Blei, Lohit, Manas, Maney Khola, Ganol Tura, Milak, Namchik, Noa Dihing, Pachin, Pagldia, Panchnoi, Poma, Yomgo And Mora",,167.5,3.35,7.199999999999999,0.0,LEIMAKHONG,2023-06-30
2023,5501,"TUPUL RIVER AT TUPUL BRIDGE, NONEY",MANIPUR,"Tributary Streams - Burhidihing, Dhansiri, Bharalu, Dikrong, Gai Nadi, Digaru, Digboi, Dikhow, Kaljani, Gabharu, Tocklai, Tunia, Larsing, Dhateshwari, Demow, Borsila, Barak, Dibang, Dihing, Senki, Dorika, Subansiri, Siang, Baralia, Tihu, Singra, Damring, Manda, Dikchu, Dzu, Kha Ru, Dzucha, Torsa, Beki, Bereng, Bhogdoi, Jhanji, Jia Bharali, Sankosh, Sanuo Ru, Boginadi, Rilang, Myntang, Tlawng, Tuirial, Serlui, Vaipuanpho, Tuikual, Sakhisih, Damdiai, Chite, Tuirini, Tuivawl, Lawibual, Challui, Mat, Siakah, Chhimtuipui, Tuikum, Sesah, Phe, Teirei, Tut, Tuichhuahen, Tiau, Tuipui, Nongal, Simsang, Ganol, Damring, Waikhrwi, Kwai, Teirei, Khawthlangtuipui, Ngengpui Stream, Vantawng, Sderkariah, Laitryngew, Wahkhlek Khlek, Wahrew, Umngi, Rwiang, Kalipai, Kmai Um, Lukha, Myntdu, Lamu, Lynriang, Thlu Umwi, Simsang, Teesta, Sonai, Ranganadi, Rangit, Ranichu, Kapili, Karola, Kathakal, Kharsang, Kohora, Kolong, Kundli, Kushiara, Manu, Nonbah, Kynshi, Wah Blei, Lohit, Manas, Maney Khola, Ganol Tura, Milak, Namchik, Noa Dihing, Pachin, Pagldia, Panchnoi, Poma, Yomgo And Mora",,305.0,3.05,7.300000000000001,0.0,RIVER,2023-06-30
2023,5502,RIVER KONGBA AT IRONG,MANIPUR,"Tributary Streams - Burhidihing, Dhansiri, Bharalu, Dikrong, Gai Nadi, Digaru, Digboi, Dikhow, Kaljani, Gabharu, Tocklai, Tunia, Larsing, Dhateshwari, Demow, Borsila, Barak, Dibang, Dihing, Senki, Dorika, Subansiri, Siang, Baralia, Tihu, Singra, Damring, Manda, Dikchu, Dzu, Kha Ru, Dzucha, Torsa, Beki, Bereng, Bhogdoi, Jhanji, Jia Bharali, Sankosh, Sanuo Ru, Boginadi, Rilang, Myntang, Tlawng, Tuirial, Serlui, Vaipuanpho, Tuikual, Sakhisih, Damdiai, Chite, Tuirini, Tuivawl, Lawibual, Challui, Mat, Siakah, Chhimtuipui, Tuikum, Sesah, Phe, Teirei, Tut, Tuichhuahen, Tiau, Tuipui, Nongal, Simsang, Ganol, Damring, Waikhrwi, Kwai, Teirei, Khawthlangtuipui, Ngengpui Stream, Vantawng, Sderkariah, Laitryngew, Wahkhlek Khlek, Wahrew, Umngi, Rwiang, Kalipai, Kmai Um, Lukha, Myntdu, Lamu, Lynriang, Thlu Umwi, Simsang, Teesta, Sonai, Ranganadi, Rangit, Ranichu, Kapili, Karola, Kathakal, Kharsang, Kohora, Kolong, Kundli, Kushiara, Manu, Nonbah, Kynshi, Wah Blei, Lohit, Manas, Maney Khola, Ganol Tura, Milak, Namchik, Noa Dihing, Pachin, Pagldia, Panchnoi, Poma, Yomgo And Mora",,167.5,3.3,7.15,0.0,KONGBA,2023-06-30
2023,5503,RIVER KONGBA AT IRANPHAM,MANIPUR,"Tributary Streams - Burhidihing, Dhansiri, Bharalu, Dikrong, Gai Nadi, Digaru, Digboi, Dikhow, Kaljani, Gabharu, Tocklai, Tunia, Larsing, Dhateshwari, Demow, Borsila, Barak, Dibang, Dihing, Senki, Dorika, Subansiri, Siang, Baralia, Tihu, Singra, Damring, Manda, Dikchu, Dzu, Kha Ru, Dzucha, Torsa, Beki, Bereng, Bhogdoi, Jhanji, Jia Bharali, Sankosh, Sanuo Ru, Boginadi, Rilang, Myntang, Tlawng, Tuirial, Serlui, Vaipuanpho, Tuikual, Sakhisih, Damdiai, Chite, Tuirini, Tuivawl, Lawibual, Challui, Mat, Siakah, Chhimtuipui, Tuikum, Sesah, Phe, Teirei, Tut, Tuichhuahen, Tiau, Tuipui, Nongal, Simsang, Ganol, Damring, Waikhrwi, Kwai, Teirei, Khawthlangtuipui, Ngengpui Stream, Vantawng, Sderkariah, Laitryngew, Wahkhlek Khlek, Wahrew, Umngi, Rwiang, Kalipai, Kmai Um, Lukha, Myntdu, Lamu, Lynriang, Thlu Umwi, Simsang, Teesta, Sonai, Ranganadi, Rangit, Ranichu, Kapili, Karola, Kathakal, Kharsang, Kohora, Kolong, Kundli, Kushiara, Manu, Nonbah, Kynshi, Wah Blei, Lohit, Manas, Maney Khola, Ganol Tura, Milak, Namchik, Noa Dihing, Pachin, Pagldia, Panchnoi, Poma, Yomgo And Mora",,339.0,3.4,7.05,0.0,KONGBA,2023-06-30
2023,4110,RIVER NONGAL AT NANGALBIBRA,MEGHALAYA,"Tributary Streams - Burhidihing, Dhansiri, Bharalu, Dikrong, Gai Nadi, Digaru, Digboi, Dikhow, Kaljani, Gabharu, Tocklai, Tunia, Larsing, Dhateshwari, Demow, Borsila, Barak, Dibang, Dihing, Senki, Dorika, Subansiri, Siang, Baralia, Tihu, Singra, Damring, Manda, Dikchu, Dzu, Kha Ru, Dzucha, Torsa, Beki, Bereng, Bhogdoi, Jhanji, Jia Bharali, Sankosh, Sanuo Ru, Boginadi, Rilang, Myntang, Tlawng, Tuirial, Serlui, Vaipuanpho, Tuikual, Sakhisih, Damdiai, Chite, Tuirini, Tuivawl, Lawibual, Challui, Mat, Siakah, Chhimtuipui, Tuikum, Sesah, Phe, Teirei, Tut, Tuichhuahen, Tiau, Tuipui, Nongal, Simsang, Ganol, Damring, Waikhrwi, Kwai, Teirei, Khawthlangtuipui, Ngengpui Stream, Vantawng, Sderkariah, Laitryngew, Wahkhlek Khlek, Wahrew, Umngi, Rwiang, Kalipai, Kmai Um, Lukha, Myntdu, Lamu, Lynriang, Thlu Umwi, Simsang, Teesta, Sonai, Ranganadi, Rangit, Ranichu, Kapili, Karola, Kathakal, Kharsang, Kohora, Kolong, Kundli, Kushiara, Manu, Nonbah, Kynshi, Wah Blei, Lohit, Manas, Maney Khola, Ganol Tura, Milak, Namchik, Noa Dihing, Pachin, Pagldia, Panchnoi, Poma, Yomgo And Mora",,142.0,1.65,7.300000000000001,0.405,NONGAL,2023-06-30
2023,4113,RIVER DAMRING AT BOLDAMGRE,MEGHALAYA,"Tributary Streams - Burhidihing, Dhansiri, Bharalu, Dikrong, Gai Nadi, Digaru, Digboi, Dikhow, Kaljani, Gabharu, Tocklai, Tunia, Larsing, Dhateshwari, Demow, Borsila, Barak, Dibang, Dihing, Senki, Dorika, Subansiri, Siang, Baralia, Tihu, Singra, Damring, Manda, Dikchu, Dzu, Kha Ru, Dzucha, Torsa, Beki, Bereng, Bhogdoi, Jhanji, Jia Bharali, Sankosh, Sanuo Ru, Boginadi, Rilang, Myntang, Tlawng, Tuirial, Serlui, Vaipuanpho, Tuikual, Sakhisih, Damdiai, Chite, Tuirini, Tuivawl, Lawibual, Challui, Mat, Siakah, Chhimtuipui, Tuikum, Sesah, Phe, Teirei, Tut, Tuichhuahen, Tiau, Tuipui, Nongal, Simsang, Ganol, Damring, Waikhrwi, Kwai, Teirei, Khawthlangtuipui, Ngengpui Stream, Vantawng, Sderkariah, Laitryngew, Wahkhlek Khlek, Wahrew, Umngi, Rwiang, Kalipai, Kmai Um, Lukha, Myntdu, Lamu, Lynriang, Thlu Umwi, Simsang, Teesta, Sonai, Ranganadi, Rangit, Ranichu, Kapili, Karola, Kathakal, Kharsang, Kohora, Kolong, Kundli, Kushiara, Manu, Nonbah, Kynshi, Wah Blei, Lohit, Manas, Maney Khola, Ganol Tura, Milak, Namchik, Noa Dihing, Pachin, Pagldia, Panchnoi, Poma, Yomgo And Mora",,417.0,1.7000000000000002,7.2,0.44500000000000006,DAMRING,2023-06-30
2023,4114,"RIVER CHITE STREAM, NEAR SIPMIU'S STP, BETHLEHEM VENGTHLANG, AIZAWL",MIZORAM,"Tributary Streams - Burhidihing, Dhansiri, Bharalu, Dikrong, Gai Nadi, Digaru, Digboi, Dikhow, Kaljani, Gabharu, Tocklai, Tunia, Larsing, Dhateshwari, Demow, Borsila, Barak, Dibang, Dihing, Senki, Dorika, Subansiri, Siang, Baralia, Tihu, Singra, Damring, Manda, Dikchu, Dzu, Kha Ru, Dzucha, Torsa, Beki, Bereng, Bhogdoi, Jhanji, Jia Bharali, Sankosh, Sanuo Ru, Boginadi, Rilang, Myntang, Tlawng, Tuirial, Serlui, Vaipuanpho, Tuikual, Sakhisih, Damdiai, Chite, Tuirini, Tuivawl, Lawibual, Challui, Mat, Siakah, Chhimtuipui, Tuikum, Sesah, Phe, Teirei, Tut, Tuichhuahen, Tiau, Tuipui, Nongal, Simsang, Ganol, Damring, Waikhrwi, Kwai, Teirei, Khawthlangtuipui, Ngengpui Stream, Vantawng, Sderkariah, Laitryngew, Wahkhlek Khlek, Wahrew, Umngi, Rwiang, Kalipai, Kmai Um, Lukha, Myntdu, Lamu, Lynriang, Thlu Umwi, Simsang, Teesta, Sonai, Ranganadi, Rangit, Ranichu, Kapili, Karola, Kathakal, Kharsang, Kohora, Kolong, Kundli, Kushiara, Manu, Nonbah, Kynshi, Wah Blei, Lohit, Manas, Maney Khola, Ganol Tura, Milak, Namchik, Noa Dihing, Pachin, Pagldia, Panchnoi, Poma, Yomgo And Mora",,749.5,,4.800000000000001,,"Burhidihing, Dhansiri, Bharalu, Dikrong, Gai Nadi, Digaru, Digboi, Dikhow, Kaljani, Gabharu, Tocklai, Tunia, Larsing, Dhateshwari, Demow, Borsila, Barak, Dibang, Dihing, Senki, Dorika, Subansiri, Siang, Baralia, Tihu, Singra, Damring, Manda, Dikchu, Dzu, Kha Ru, Dzucha, Torsa, Beki, Bereng, Bhogdoi, Jhanji, Jia Bharali, Sankosh, Sanuo Ru, Boginadi, Rilang, Myntang, Tlawng, Tuirial, Serlui, Vaipuanpho, Tuikual, Sakhisih, Damdiai, Chite, Tuirini, Tuivawl, Lawibual, Challui, Mat, Siakah, Chhimtuipui, Tuikum, Sesah, Phe, Teirei, Tut, Tuichhuahen, Tiau, Tuipui, Nongal, Simsang, Ganol, Damring, Waikhrwi, Kwai, Teirei, Khawthlangtuipui, Ngengpui Stream, Vantawng, Sderkariah, Laitryngew, Wahkhlek Khlek, Wahrew, Umngi, Rwiang, Kalipai, Kmai Um, Lukha, Myntdu, Lamu, Lynriang, Thlu Umwi, Simsang, Teesta, Sonai, Ranganadi, Rangit, Ranichu, Kapili, Karola, Kathakal, Kharsang, Kohora, Kolong, Kundli, Kushiara, Manu, Nonbah, Kynshi, Wah Blei, Lohit, Manas, Maney Khola, Ganol Tura, Milak, Namchik, Noa Dihing, Pachin, Pagldia, Panchnoi, Poma, Yomgo And Mora",2023-06-30
2023,4115,"RIVER TUIKUAL STREAM, U/S, MIZORAM NEW CAPITAL COMPLEX , DINTHAR, AIZAWL",MIZORAM,"Tributary Streams - Burhidihing, Dhansiri, Bharalu, Dikrong, Gai Nadi, Digaru, Digboi, Dikhow, Kaljani, Gabharu, Tocklai, Tunia, Larsing, Dhateshwari, Demow, Borsila, Barak, Dibang, Dihing, Senki, Dorika, Subansiri, Siang, Baralia, Tihu, Singra, Damring, Manda, Dikchu, Dzu, Kha Ru, Dzucha, Torsa, Beki, Bereng, Bhogdoi, Jhanji, Jia Bharali, Sankosh, Sanuo Ru, Boginadi, Rilang, Myntang, Tlawng, Tuirial, Serlui, Vaipuanpho, Tuikual, Sakhisih, Damdiai, Chite, Tuirini, Tuivawl, Lawibual, Challui, Mat, Siakah, Chhimtuipui, Tuikum, Sesah, Phe, Teirei, Tut, Tuichhuahen, Tiau, Tuipui, Nongal, Simsang, Ganol, Damring, Waikhrwi, Kwai, Teirei, Khawthlangtuipui, Ngengpui Stream, Vantawng, Sderkariah, Laitryngew, Wahkhlek Khlek, Wahrew, Umngi, Rwiang, Kalipai, Kmai Um, Lukha, Myntdu, Lamu, Lynriang, Thlu Umwi, Simsang, Teesta, Sonai, Ranganadi, Rangit, Ranichu, Kapili, Karola, Kathakal, Kharsang, Kohora, Kolong, Kundli, Kushiara, Manu, Nonbah, Kynshi, Wah Blei, Lohit, Manas, Maney Khola, Ganol Tura, Milak, Namchik, Noa Dihing, Pachin, Pagldia, Panchnoi, Poma, Yomgo And Mora",,,,2.85,,"Burhidihing, Dhansiri, Bharalu, Dikrong, Gai Nadi, Digaru, Digboi, Dikhow, Kaljani, Gabharu, Tocklai, Tunia, Larsing, Dhateshwari, Demow, Borsila, Barak, Dibang, Dihing, Senki, Dorika, Subansiri, Siang, Baralia, Tihu, Singra, Damring, Manda, Dikchu, Dzu, Kha Ru, Dzucha, Torsa, Beki, Bereng, Bhogdoi, Jhanji, Jia Bharali, Sankosh, Sanuo Ru, Boginadi, Rilang, Myntang, Tlawng, Tuirial, Serlui, Vaipuanpho, Tuikual, Sakhisih, Damdiai, Chite, Tuirini, Tuivawl, Lawibual, Challui, Mat, Siakah, Chhimtuipui, Tuikum, Sesah, Phe, Teirei, Tut, Tuichhuahen, Tiau, Tuipui, Nongal, Simsang, Ganol, Damring, Waikhrwi, Kwai, Teirei, Khawthlangtuipui, Ngengpui Stream, Vantawng, Sderkariah, Laitryngew, Wahkhlek Khlek, Wahrew, Umngi, Rwiang, Kalipai, Kmai Um, Lukha, Myntdu, Lamu, Lynriang, Thlu Umwi, Simsang, Teesta, Sonai, Ranganadi, Rangit, Ranichu, Kapili, Karola, Kathakal, Kharsang, Kohora, Kolong, Kundli, Kushiara, Manu, Nonbah, Kynshi, Wah Blei, Lohit, Manas, Maney Khola, Ganol Tura, Milak, Namchik, Noa Dihing, Pachin, Pagldia, Panchnoi, Poma, Yomgo And Mora",2023-06-30
2023,4118,"RIVER TUIRIAL D/S, HEPP DAM, SAIPUM, KOLASIB DIST.",MIZORAM,"Tributary Streams - Burhidihing, Dhansiri, Bharalu, Dikrong, Gai Nadi, Digaru, Digboi, Dikhow, Kaljani, Gabharu, Tocklai, Tunia, Larsing, Dhateshwari, Demow, Borsila, Barak, Dibang, Dihing, Senki, Dorika, Subansiri, Siang, Baralia, Tihu, Singra, Damring, Manda, Dikchu, Dzu, Kha Ru, Dzucha, Torsa, Beki, Bereng, Bhogdoi, Jhanji, Jia Bharali, Sankosh, Sanuo Ru, Boginadi, Rilang, Myntang, Tlawng, Tuirial, Serlui, Vaipuanpho, Tuikual, Sakhisih, Damdiai, Chite, Tuirini, Tuivawl, Lawibual, Challui, Mat, Siakah, Chhimtuipui, Tuikum, Sesah, Phe, Teirei, Tut, Tuichhuahen, Tiau, Tuipui, Nongal, Simsang, Ganol, Damring, Waikhrwi, Kwai, Teirei, Khawthlangtuipui, Ngengpui Stream, Vantawng, Sderkariah, Laitryngew, Wahkhlek Khlek, Wahrew, Umngi, Rwiang, Kalipai, Kmai Um, Lukha, Myntdu, Lamu, Lynriang, Thlu Umwi, Simsang, Teesta, Sonai, Ranganadi, Rangit, Ranichu, Kapili, Karola, Kathakal, Kharsang, Kohora, Kolong, Kundli, Kushiara, Manu, Nonbah, Kynshi, Wah Blei, Lohit, Manas, Maney Khola, Ganol Tura, Milak, Namchik, Noa Dihing, Pachin, Pagldia, Panchnoi, Poma, Yomgo And Mora",,100.0,1.2,7.199999999999999,0.4,TUIRIAL,2023-06-30
2023,4119,"RIVER SERLUI D/S, SERLUI 'B' HEPP DAM, BILKHAWTHLIR, KOLASIB DIST.",MIZORAM,"Tributary Streams - Burhidihing, Dhansiri, Bharalu, Dikrong, Gai Nadi, Digaru, Digboi, Dikhow, Kaljani, Gabharu, Tocklai, Tunia, Larsing, Dhateshwari, Demow, Borsila, Barak, Dibang, Dihing, Senki, Dorika, Subansiri, Siang, Baralia, Tihu, Singra, Damring, Manda, Dikchu, Dzu, Kha Ru, Dzucha, Torsa, Beki, Bereng, Bhogdoi, Jhanji, Jia Bharali, Sankosh, Sanuo Ru, Boginadi, Rilang, Myntang, Tlawng, Tuirial, Serlui, Vaipuanpho, Tuikual, Sakhisih, Damdiai, Chite, Tuirini, Tuivawl, Lawibual, Challui, Mat, Siakah, Chhimtuipui, Tuikum, Sesah, Phe, Teirei, Tut, Tuichhuahen, Tiau, Tuipui, Nongal, Simsang, Ganol, Damring, Waikhrwi, Kwai, Teirei, Khawthlangtuipui, Ngengpui Stream, Vantawng, Sderkariah, Laitryngew, Wahkhlek Khlek, Wahrew, Umngi, Rwiang, Kalipai, Kmai Um, Lukha, Myntdu, Lamu, Lynriang, Thlu Umwi, Simsang, Teesta, Sonai, Ranganadi, Rangit, Ranichu, Kapili, Karola, Kathakal, Kharsang, Kohora, Kolong, Kundli, Kushiara, Manu, Nonbah, Kynshi, Wah Blei, Lohit, Manas, Maney Khola, Ganol Tura, Milak, Namchik, Noa Dihing, Pachin, Pagldia, Panchnoi, Poma, Yomgo And Mora",,212.0,1.2,7.449999999999999,0.39,SERLUI,2023-06-30
2023,4120,"RIVER TEIREI D/S NR CONFLUENCE PT WITH TLAWNG RIVER, SAPMARA, BAIRABI,KOLASIB DIST.",MIZORAM,"Tributary Streams - Burhidihing, Dhansiri, Bharalu, Dikrong, Gai Nadi, Digaru, Digboi, Dikhow, Kaljani, Gabharu, Tocklai, Tunia, Larsing, Dhateshwari, Demow, Borsila, Barak, Dibang, Dihing, Senki, Dorika, Subansiri, Siang, Baralia, Tihu, Singra, Damring, Manda, Dikchu, Dzu, Kha Ru, Dzucha, Torsa, Beki, Bereng, Bhogdoi, Jhanji, Jia Bharali, Sankosh, Sanuo Ru, Boginadi, Rilang, Myntang, Tlawng, Tuirial, Serlui, Vaipuanpho, Tuikual, Sakhisih, Damdiai, Chite, Tuirini, Tuivawl, Lawibual, Challui, Mat, Siakah, Chhimtuipui, Tuikum, Sesah, Phe, Teirei, Tut, Tuichhuahen, Tiau, Tuipui, Nongal, Simsang, Ganol, Damring, Waikhrwi, Kwai, Teirei, Khawthlangtuipui, Ngengpui Stream, Vantawng, Sderkariah, Laitryngew, Wahkhlek Khlek, Wahrew, Umngi, Rwiang, Kalipai, Kmai Um, Lukha, Myntdu, Lamu, Lynriang, Thlu Umwi, Simsang, Teesta, Sonai, Ranganadi, Rangit, Ranichu, Kapili, Karola, Kathakal, Kharsang, Kohora, Kolong, Kundli, Kushiara, Manu, Nonbah, Kynshi, Wah Blei, Lohit, Manas, Maney Khola, Ganol Tura, Milak, Namchik, Noa Dihing, Pachin, Pagldia, Panchnoi, Poma, Yomgo And Mora",,272.5,1.2,6.25,0.96,TEIREI,2023-06-30
2023,4122,"RIVER KHAWTHLANGTUIPUI ,TLABUNG, LUNGLEI DIST.",MIZORAM,"Tributary Streams - Burhidihing, Dhansiri, Bharalu, Dikrong, Gai Nadi, Digaru, Digboi, Dikhow, Kaljani, Gabharu, Tocklai, Tunia, Larsing, Dhateshwari, Demow, Borsila, Barak, Dibang, Dihing, Senki, Dorika, Subansiri, Siang, Baralia, Tihu, Singra, Damring, Manda, Dikchu, Dzu, Kha Ru, Dzucha, Torsa, Beki, Bereng, Bhogdoi, Jhanji, Jia Bharali, Sankosh, Sanuo Ru, Boginadi, Rilang, Myntang, Tlawng, Tuirial, Serlui, Vaipuanpho, Tuikual, Sakhisih, Damdiai, Chite, Tuirini, Tuivawl, Lawibual, Challui, Mat, Siakah, Chhimtuipui, Tuikum, Sesah, Phe, Teirei, Tut, Tuichhuahen, Tiau, Tuipui, Nongal, Simsang, Ganol, Damring, Waikhrwi, Kwai, Teirei, Khawthlangtuipui, Ngengpui Stream, Vantawng, Sderkariah, Laitryngew, Wahkhlek Khlek, Wahrew, Umngi, Rwiang, Kalipai, Kmai Um, Lukha, Myntdu, Lamu, Lynriang, Thlu Umwi, Simsang, Teesta, Sonai, Ranganadi, Rangit, Ranichu, Kapili, Karola, Kathakal, Kharsang, Kohora, Kolong, Kundli, Kushiara, Manu, Nonbah, Kynshi, Wah Blei, Lohit, Manas, Maney Khola, Ganol Tura, Milak, Namchik, Noa Dihing, Pachin, Pagldia, Panchnoi, Poma, Yomgo And Mora",,159.0,1.2,7.55,0.395,"Burhidihing, Dhansiri, Bharalu, Dikrong, Gai Nadi, Digaru, Digboi, Dikhow, Kaljani, Gabharu, Tocklai, Tunia, Larsing, Dhateshwari, Demow, Borsila, Barak, Dibang, Dihing, Senki, Dorika, Subansiri, Siang, Baralia, Tihu, Singra, Damring, Manda, Dikchu, Dzu, Kha Ru, Dzucha, Torsa, Beki, Bereng, Bhogdoi, Jhanji, Jia Bharali, Sankosh, Sanuo Ru, Boginadi, Rilang, Myntang, Tlawng, Tuirial, Serlui, Vaipuanpho, Tuikual, Sakhisih, Damdiai, Chite, Tuirini, Tuivawl, Lawibual, Challui, Mat, Siakah, Chhimtuipui, Tuikum, Sesah, Phe, Teirei, Tut, Tuichhuahen, Tiau, Tuipui, Nongal, Simsang, Ganol, Damring, Waikhrwi, Kwai, Teirei, Khawthlangtuipui, Ngengpui Stream, Vantawng, Sderkariah, Laitryngew, Wahkhlek Khlek, Wahrew, Umngi, Rwiang, Kalipai, Kmai Um, Lukha, Myntdu, Lamu, Lynriang, Thlu Umwi, Simsang, Teesta, Sonai, Ranganadi, Rangit, Ranichu, Kapili, Karola, Kathakal, Kharsang, Kohora, Kolong, Kundli, Kushiara, Manu, Nonbah, Kynshi, Wah Blei, Lohit, Manas, Maney Khola, Ganol Tura, Milak, Namchik, Noa Dihing, Pachin, Pagldia, Panchnoi, Poma, Yomgo And Mora",2023-06-30
2023,4123,"RIVER, TUIPUI D DARZOKAI, HNAHTHIAL DIST.",MIZORAM,"Tributary Streams - Burhidihing, Dhansiri, Bharalu, Dikrong, Gai Nadi, Digaru, Digboi, Dikhow, Kaljani, Gabharu, Tocklai, Tunia, Larsing, Dhateshwari, Demow, Borsila, Barak, Dibang, Dihing, Senki, Dorika, Subansiri, Siang, Baralia, Tihu, Singra, Damring, Manda, Dikchu, Dzu, Kha Ru, Dzucha, Torsa, Beki, Bereng, Bhogdoi, Jhanji, Jia Bharali, Sankosh, Sanuo Ru, Boginadi, Rilang, Myntang, Tlawng, Tuirial, Serlui, Vaipuanpho, Tuikual, Sakhisih, Damdiai, Chite, Tuirini, Tuivawl, Lawibual, Challui, Mat, Siakah, Chhimtuipui, Tuikum, Sesah, Phe, Teirei, Tut, Tuichhuahen, Tiau, Tuipui, Nongal, Simsang, Ganol, Damring, Waikhrwi, Kwai, Teirei, Khawthlangtuipui, Ngengpui Stream, Vantawng, Sderkariah, Laitryngew, Wahkhlek Khlek, Wahrew, Umngi, Rwiang, Kalipai, Kmai Um, Lukha, Myntdu, Lamu, Lynriang, Thlu Umwi, Simsang, Teesta, Sonai, Ranganadi, Rangit, Ranichu, Kapili, Karola, Kathakal, Kharsang, Kohora, Kolong, Kundli, Kushiara, Manu, Nonbah, Kynshi, Wah Blei, Lohit, Manas, Maney Khola, Ganol Tura, Milak, Namchik, Noa Dihing, Pachin, Pagldia, Panchnoi, Poma, Yomgo And Mora",,142.0,1.2,,0.425,"Burhidihing, Dhansiri, Bharalu, Dikrong, Gai Nadi, Digaru, Digboi, Dikhow, Kaljani, Gabharu, Tocklai, Tunia, Larsing, Dhateshwari, Demow, Borsila, Barak, Dibang, Dihing, Senki, Dorika, Subansiri, Siang, Baralia, Tihu, Singra, Damring, Manda, Dikchu, Dzu, Kha Ru, Dzucha, Torsa, Beki, Bereng, Bhogdoi, Jhanji, Jia Bharali, Sankosh, Sanuo Ru, Boginadi, Rilang, Myntang, Tlawng, Tuirial, Serlui, Vaipuanpho, Tuikual, Sakhisih, Damdiai, Chite, Tuirini, Tuivawl, Lawibual, Challui, Mat, Siakah, Chhimtuipui, Tuikum, Sesah, Phe, Teirei, Tut, Tuichhuahen, Tiau, Tuipui, Nongal, Simsang, Ganol, Damring, Waikhrwi, Kwai, Teirei, Khawthlangtuipui, Ngengpui Stream, Vantawng, Sderkariah, Laitryngew, Wahkhlek Khlek, Wahrew, Umngi, Rwiang, Kalipai, Kmai Um, Lukha, Myntdu, Lamu, Lynriang, Thlu Umwi, Simsang, Teesta, Sonai, Ranganadi, Rangit, Ranichu, Kapili, Karola, Kathakal, Kharsang, Kohora, Kolong, Kundli, Kushiara, Manu, Nonbah, Kynshi, Wah Blei, Lohit, Manas, Maney Khola, Ganol Tura, Milak, Namchik, Noa Dihing, Pachin, Pagldia, Panchnoi, Poma, Yomgo And Mora",2023-06-30
2023,4125,"RIVER TUIPUI U/S, NR CONFLUENCE PT KEILUNGLIAH STREAM, VENGTHAR, CHAMPHAI",MIZORAM,"Tributary Streams - Burhidihing, Dhansiri, Bharalu, Dikrong, Gai Nadi, Digaru, Digboi, Dikhow, Kaljani, Gabharu, Tocklai, Tunia, Larsing, Dhateshwari, Demow, Borsila, Barak, Dibang, Dihing, Senki, Dorika, Subansiri, Siang, Baralia, Tihu, Singra, Damring, Manda, Dikchu, Dzu, Kha Ru, Dzucha, Torsa, Beki, Bereng, Bhogdoi, Jhanji, Jia Bharali, Sankosh, Sanuo Ru, Boginadi, Rilang, Myntang, Tlawng, Tuirial, Serlui, Vaipuanpho, Tuikual, Sakhisih, Damdiai, Chite, Tuirini, Tuivawl, Lawibual, Challui, Mat, Siakah, Chhimtuipui, Tuikum, Sesah, Phe, Teirei, Tut, Tuichhuahen, Tiau, Tuipui, Nongal, Simsang, Ganol, Damring, Waikhrwi, Kwai, Teirei, Khawthlangtuipui, Ngengpui Stream, Vantawng, Sderkariah, Laitryngew, Wahkhlek Khlek, Wahrew, Umngi, Rwiang, Kalipai, Kmai Um, Lukha, Myntdu, Lamu, Lynriang, Thlu Umwi, Simsang, Teesta, Sonai, Ranganadi, Rangit, Ranichu, Kapili, Karola, Kathakal, Kharsang, Kohora, Kolong, Kundli, Kushiara, Manu, Nonbah, Kynshi, Wah Blei, Lohit, Manas, Maney Khola, Ganol Tura, Milak, Namchik, Noa Dihing, Pachin, Pagldia, Panchnoi, Poma, Yomgo And Mora",,140.0,1.1,5.05,1.565,TUIPUI,2023-06-30
2023,4130,"RIVER NGENGPUI STREAM,NR KALADAN MULTI MODAL RD, LAWNGTLAI DIST.",MIZORAM,"Tributary Streams - Burhidihing, Dhansiri, Bharalu, Dikrong, Gai Nadi, Digaru, Digboi, Dikhow, Kaljani, Gabharu, Tocklai, Tunia, Larsing, Dhateshwari, Demow, Borsila, Barak, Dibang, Dihing, Senki, Dorika, Subansiri, Siang, Baralia, Tihu, Singra, Damring, Manda, Dikchu, Dzu, Kha Ru, Dzucha, Torsa, Beki, Bereng, Bhogdoi, Jhanji, Jia Bharali, Sankosh, Sanuo Ru, Boginadi, Rilang, Myntang, Tlawng, Tuirial, Serlui, Vaipuanpho, Tuikual, Sakhisih, Damdiai, Chite, Tuirini, Tuivawl, Lawibual, Challui, Mat, Siakah, Chhimtuipui, Tuikum, Sesah, Phe, Teirei, Tut, Tuichhuahen, Tiau, Tuipui, Nongal, Simsang, Ganol, Damring, Waikhrwi, Kwai, Teirei, Khawthlangtuipui, Ngengpui Stream, Vantawng, Sderkariah, Laitryngew, Wahkhlek Khlek, Wahrew, Umngi, Rwiang, Kalipai, Kmai Um, Lukha, Myntdu, Lamu, Lynriang, Thlu Umwi, Simsang, Teesta, Sonai, Ranganadi, Rangit, Ranichu, Kapili, Karola, Kathakal, Kharsang, Kohora, Kolong, Kundli, Kushiara, Manu, Nonbah, Kynshi, Wah Blei, Lohit, Manas, Maney Khola, Ganol Tura, Milak, Namchik, Noa Dihing, Pachin, Pagldia, Panchnoi, Poma, Yomgo And Mora",,124.5,1.3,6.3,0.435,"Burhidihing, Dhansiri, Bharalu, Dikrong, Gai Nadi, Digaru, Digboi, Dikhow, Kaljani, Gabharu, Tocklai, Tunia, Larsing, Dhateshwari, Demow, Borsila, Barak, Dibang, Dihing, Senki, Dorika, Subansiri, Siang, Baralia, Tihu, Singra, Damring, Manda, Dikchu, Dzu, Kha Ru, Dzucha, Torsa, Beki, Bereng, Bhogdoi, Jhanji, Jia Bharali, Sankosh, Sanuo Ru, Boginadi, Rilang, Myntang, Tlawng, Tuirial, Serlui, Vaipuanpho, Tuikual, Sakhisih, Damdiai, Chite, Tuirini, Tuivawl, Lawibual, Challui, Mat, Siakah, Chhimtuipui, Tuikum, Sesah, Phe, Teirei, Tut, Tuichhuahen, Tiau, Tuipui, Nongal, Simsang, Ganol, Damring, Waikhrwi, Kwai, Teirei, Khawthlangtuipui, Ngengpui Stream, Vantawng, Sderkariah, Laitryngew, Wahkhlek Khlek, Wahrew, Umngi, Rwiang, Kalipai, Kmai Um, Lukha, Myntdu, Lamu, Lynriang, Thlu Umwi, Simsang, Teesta, Sonai, Ranganadi, Rangit, Ranichu, Kapili, Karola, Kathakal, Kharsang, Kohora, Kolong, Kundli, Kushiara, Manu, Nonbah, Kynshi, Wah Blei, Lohit, Manas, Maney Khola, Ganol Tura, Milak, Namchik, Noa Dihing, Pachin, Pagldia, Panchnoi, Poma, Yomgo And Mora",2023-06-30
2023,4132,"RIVER VANTAWNG WATER FALL, THENZAWL, SERCHHIP DIST.",MIZORAM,"Tributary Streams - Burhidihing, Dhansiri, Bharalu, Dikrong, Gai Nadi, Digaru, Digboi, Dikhow, Kaljani, Gabharu, Tocklai, Tunia, Larsing, Dhateshwari, Demow, Borsila, Barak, Dibang, Dihing, Senki, Dorika, Subansiri, Siang, Baralia, Tihu, Singra, Damring, Manda, Dikchu, Dzu, Kha Ru, Dzucha, Torsa, Beki, Bereng, Bhogdoi, Jhanji, Jia Bharali, Sankosh, Sanuo Ru, Boginadi, Rilang, Myntang, Tlawng, Tuirial, Serlui, Vaipuanpho, Tuikual, Sakhisih, Damdiai, Chite, Tuirini, Tuivawl, Lawibual, Challui, Mat, Siakah, Chhimtuipui, Tuikum, Sesah, Phe, Teirei, Tut, Tuichhuahen, Tiau, Tuipui, Nongal, Simsang, Ganol, Damring, Waikhrwi, Kwai, Teirei, Khawthlangtuipui, Ngengpui Stream, Vantawng, Sderkariah, Laitryngew, Wahkhlek Khlek, Wahrew, Umngi, Rwiang, Kalipai, Kmai Um, Lukha, Myntdu, Lamu, Lynriang, Thlu Umwi, Simsang, Teesta, Sonai, Ranganadi, Rangit, Ranichu, Kapili, Karola, Kathakal, Kharsang, Kohora, Kolong, Kundli, Kushiara, Manu, Nonbah, Kynshi, Wah Blei, Lohit, Manas, Maney Khola, Ganol Tura, Milak, Namchik, Noa Dihing, Pachin, Pagldia, Panchnoi, Poma, Yomgo And Mora",,79.0,1.25,6.15,0.725,"Burhidihing, Dhansiri, Bharalu, Dikrong, Gai Nadi, Digaru, Digboi, Dikhow, Kaljani, Gabharu, Tocklai, Tunia, Larsing, Dhateshwari, Demow, Borsila, Barak, Dibang, Dihing, Senki, Dorika, Subansiri, Siang, Baralia, Tihu, Singra, Damring, Manda, Dikchu, Dzu, Kha Ru, Dzucha, Torsa, Beki, Bereng, Bhogdoi, Jhanji, Jia Bharali, Sankosh, Sanuo Ru, Boginadi, Rilang, Myntang, Tlawng, Tuirial, Serlui, Vaipuanpho, Tuikual, Sakhisih, Damdiai, Chite, Tuirini, Tuivawl, Lawibual, Challui, Mat, Siakah, Chhimtuipui, Tuikum, Sesah, Phe, Teirei, Tut, Tuichhuahen, Tiau, Tuipui, Nongal, Simsang, Ganol, Damring, Waikhrwi, Kwai, Teirei, Khawthlangtuipui, Ngengpui Stream, Vantawng, Sderkariah, Laitryngew, Wahkhlek Khlek, Wahrew, Umngi, Rwiang, Kalipai, Kmai Um, Lukha, Myntdu, Lamu, Lynriang, Thlu Umwi, Simsang, Teesta, Sonai, Ranganadi, Rangit, Ranichu, Kapili, Karola, Kathakal, Kharsang, Kohora, Kolong, Kundli, Kushiara, Manu, Nonbah, Kynshi, Wah Blei, Lohit, Manas, Maney Khola, Ganol Tura, Milak, Namchik, Noa Dihing, Pachin, Pagldia, Panchnoi, Poma, Yomgo And Mora",2023-06-30
2023,2232,"RIVER KOHORA AT N.H. CROSSING, KOHORA, ASSAM (BRAHMAPUTRA)",ASSAM,"Tributary Streams - Burhidihing, Dhansiri, Bharalu, Dikrong, Gai Nadi, Digaru, Digboi, Dikhow, Kaljani, Gabharu, Tocklai, Tunia, Larsing, Dhateshwari, Demow, Borsila, Barak, Dibang, Dihing, Senki, Dorika, Subansiri, Siang, Baralia, Tihu, Singra, Damring, Manda, Dikchu, Dzu, Kha Ru, Dzucha, Torsa, Beki, Bereng, Bhogdoi, Jhanji, Jia Bharali, Sankosh, Sanuo Ru, Boginadi, Rilang, Myntang, Tlawng, Tuirial, Serlui, Vaipuanpho, Tuikual, Sakhisih, Damdiai, Chite, Tuirini, Tuivawl, Lawibual, Challui, Mat, Siakah, Chhimtuipui, Tuikum, Sesah, Phe, Teirei, Tut, Tuichhuahen, Tiau, Tuipui, Nongal, Simsang, Ganol, Damring, Waikhrwi, Kwai, Teirei, Khawthlangtuipui, Ngengpui Stream, Vantawng, Sderkariah, Laitryngew, Wahkhlek Khlek, Wahrew, Umngi, Rwiang, Kalipai, Kmai Um, Lukha, Myntdu, Lamu, Lynriang, Thlu Umwi, Simsang, Teesta, Sonai, Ranganadi, Rangit, Ranichu, Kapili, Karola, Kathakal, Kharsang, Kohora, Kolong, Kundli, Kushiara, Manu, Nonbah, Kynshi, Wah Blei, Lohit, Manas, Maney Khola, Ganol Tura, Milak, Namchik, Noa Dihing, Pachin, Pagldia, Panchnoi, Poma, Yomgo And Mora",,141.0,2.2,6.449999999999999,1.35,KOHORA,2023-06-30
2023,4304,RIVER SDERKARIAH AT SOHRA (CHERRAPUNJEE),MEGHALAYA,"Tributary Streams - Burhidihing, Dhansiri, Bharalu, Dikrong, Gai Nadi, Digaru, Digboi, Dikhow, Kaljani, Gabharu, Tocklai, Tunia, Larsing, Dhateshwari, Demow, Borsila, Barak, Dibang, Dihing, Senki, Dorika, Subansiri, Siang, Baralia, Tihu, Singra, Damring, Manda, Dikchu, Dzu, Kha Ru, Dzucha, Torsa, Beki, Bereng, Bhogdoi, Jhanji, Jia Bharali, Sankosh, Sanuo Ru, Boginadi, Rilang, Myntang, Tlawng, Tuirial, Serlui, Vaipuanpho, Tuikual, Sakhisih, Damdiai, Chite, Tuirini, Tuivawl, Lawibual, Challui, Mat, Siakah, Chhimtuipui, Tuikum, Sesah, Phe, Teirei, Tut, Tuichhuahen, Tiau, Tuipui, Nongal, Simsang, Ganol, Damring, Waikhrwi, Kwai, Teirei, Khawthlangtuipui, Ngengpui Stream, Vantawng, Sderkariah, Laitryngew, Wahkhlek Khlek, Wahrew, Umngi, Rwiang, Kalipai, Kmai Um, Lukha, Myntdu, Lamu, Lynriang, Thlu Umwi, Simsang, Teesta, Sonai, Ranganadi, Rangit, Ranichu, Kapili, Karola, Kathakal, Kharsang, Kohora, Kolong, Kundli, Kushiara, Manu, Nonbah, Kynshi, Wah Blei, Lohit, Manas, Maney Khola, Ganol Tura, Milak, Namchik, Noa Dihing, Pachin, Pagldia, Panchnoi, Poma, Yomgo And Mora",,98.0,1.35,7.35,0.45499999999999996,SDERKARIAH,2023-06-30
2023,4305,RIVER LAITRYNGEW AT LAITRYNGEW,MEGHALAYA,"Tributary Streams - Burhidihing, Dhansiri, Bharalu, Dikrong, Gai Nadi, Digaru, Digboi, Dikhow, Kaljani, Gabharu, Tocklai, Tunia, Larsing, Dhateshwari, Demow, Borsila, Barak, Dibang, Dihing, Senki, Dorika, Subansiri, Siang, Baralia, Tihu, Singra, Damring, Manda, Dikchu, Dzu, Kha Ru, Dzucha, Torsa, Beki, Bereng, Bhogdoi, Jhanji, Jia Bharali, Sankosh, Sanuo Ru, Boginadi, Rilang, Myntang, Tlawng, Tuirial, Serlui, Vaipuanpho, Tuikual, Sakhisih, Damdiai, Chite, Tuirini, Tuivawl, Lawibual, Challui, Mat, Siakah, Chhimtuipui, Tuikum, Sesah, Phe, Teirei, Tut, Tuichhuahen, Tiau, Tuipui, Nongal, Simsang, Ganol, Damring, Waikhrwi, Kwai, Teirei, Khawthlangtuipui, Ngengpui Stream, Vantawng, Sderkariah, Laitryngew, Wahkhlek Khlek, Wahrew, Umngi, Rwiang, Kalipai, Kmai Um, Lukha, Myntdu, Lamu, Lynriang, Thlu Umwi, Simsang, Teesta, Sonai, Ranganadi, Rangit, Ranichu, Kapili, Karola, Kathakal, Kharsang, Kohora, Kolong, Kundli, Kushiara, Manu, Nonbah, Kynshi, Wah Blei, Lohit, Manas, Maney Khola, Ganol Tura, Milak, Namchik, Noa Dihing, Pachin, Pagldia, Panchnoi, Poma, Yomgo And Mora",,132.0,1.4,7.2,0.47,LAITRYNGEW,2023-06-30
2023,4306,RIVER WAHKHLEK KHLEK AT SAITSOHPEN,MEGHALAYA,"Tributary Streams - Burhidihing, Dhansiri, Bharalu, Dikrong, Gai Nadi, Digaru, Digboi, Dikhow, Kaljani, Gabharu, Tocklai, Tunia, Larsing, Dhateshwari, Demow, Borsila, Barak, Dibang, Dihing, Senki, Dorika, Subansiri, Siang, Baralia, Tihu, Singra, Damring, Manda, Dikchu, Dzu, Kha Ru, Dzucha, Torsa, Beki, Bereng, Bhogdoi, Jhanji, Jia Bharali, Sankosh, Sanuo Ru, Boginadi, Rilang, Myntang, Tlawng, Tuirial, Serlui, Vaipuanpho, Tuikual, Sakhisih, Damdiai, Chite, Tuirini, Tuivawl, Lawibual, Challui, Mat, Siakah, Chhimtuipui, Tuikum, Sesah, Phe, Teirei, Tut, Tuichhuahen, Tiau, Tuipui, Nongal, Simsang, Ganol, Damring, Waikhrwi, Kwai, Teirei, Khawthlangtuipui, Ngengpui Stream, Vantawng, Sderkariah, Laitryngew, Wahkhlek Khlek, Wahrew, Umngi, Rwiang, Kalipai, Kmai Um, Lukha, Myntdu, Lamu, Lynriang, Thlu Umwi, Simsang, Teesta, Sonai, Ranganadi, Rangit, Ranichu, Kapili, Karola, Kathakal, Kharsang, Kohora, Kolong, Kundli, Kushiara, Manu, Nonbah, Kynshi, Wah Blei, Lohit, Manas, Maney Khola, Ganol Tura, Milak, Namchik, Noa Dihing, Pachin, Pagldia, Panchnoi, Poma, Yomgo And Mora",,98.5,1.35,7.85,2.98,WAHKHLEK KHLEK,2023-06-30
2023,4307,RIVER WAHREW AT MAJAI,MEGHALAYA,"Tributary Streams - Burhidihing, Dhansiri, Bharalu, Dikrong, Gai Nadi, Digaru, Digboi, Dikhow, Kaljani, Gabharu, Tocklai, Tunia, Larsing, Dhateshwari, Demow, Borsila, Barak, Dibang, Dihing, Senki, Dorika, Subansiri, Siang, Baralia, Tihu, Singra, Damring, Manda, Dikchu, Dzu, Kha Ru, Dzucha, Torsa, Beki, Bereng, Bhogdoi, Jhanji, Jia Bharali, Sankosh, Sanuo Ru, Boginadi, Rilang, Myntang, Tlawng, Tuirial, Serlui, Vaipuanpho, Tuikual, Sakhisih, Damdiai, Chite, Tuirini, Tuivawl, Lawibual, Challui, Mat, Siakah, Chhimtuipui, Tuikum, Sesah, Phe, Teirei, Tut, Tuichhuahen, Tiau, Tuipui, Nongal, Simsang, Ganol, Damring, Waikhrwi, Kwai, Teirei, Khawthlangtuipui, Ngengpui Stream, Vantawng, Sderkariah, Laitryngew, Wahkhlek Khlek, Wahrew, Umngi, Rwiang, Kalipai, Kmai Um, Lukha, Myntdu, Lamu, Lynriang, Thlu Umwi, Simsang, Teesta, Sonai, Ranganadi, Rangit, Ranichu, Kapili, Karola, Kathakal, Kharsang, Kohora, Kolong, Kundli, Kushiara, Manu, Nonbah, Kynshi, Wah Blei, Lohit, Manas, Maney Khola, Ganol Tura, Milak, Namchik, Noa Dihing, Pachin, Pagldia, Panchnoi, Poma, Yomgo And Mora",,45.5,1.2,8.05,2.915,WAHREW,2023-06-30
2023,4308,RIVER UMNGI AT JAKREM,MEGHALAYA,"Tributary Streams - Burhidihing, Dhansiri, Bharalu, Dikrong, Gai Nadi, Digaru, Digboi, Dikhow, Kaljani, Gabharu, Tocklai, Tunia, Larsing, Dhateshwari, Demow, Borsila, Barak, Dibang, Dihing, Senki, Dorika, Subansiri, Siang, Baralia, Tihu, Singra, Damring, Manda, Dikchu, Dzu, Kha Ru, Dzucha, Torsa, Beki, Bereng, Bhogdoi, Jhanji, Jia Bharali, Sankosh, Sanuo Ru, Boginadi, Rilang, Myntang, Tlawng, Tuirial, Serlui, Vaipuanpho, Tuikual, Sakhisih, Damdiai, Chite, Tuirini, Tuivawl, Lawibual, Challui, Mat, Siakah, Chhimtuipui, Tuikum, Sesah, Phe, Teirei, Tut, Tuichhuahen, Tiau, Tuipui, Nongal, Simsang, Ganol, Damring, Waikhrwi, Kwai, Teirei, Khawthlangtuipui, Ngengpui Stream, Vantawng, Sderkariah, Laitryngew, Wahkhlek Khlek, Wahrew, Umngi, Rwiang, Kalipai, Kmai Um, Lukha, Myntdu, Lamu, Lynriang, Thlu Umwi, Simsang, Teesta, Sonai, Ranganadi, Rangit, Ranichu, Kapili, Karola, Kathakal, Kharsang, Kohora, Kolong, Kundli, Kushiara, Manu, Nonbah, Kynshi, Wah Blei, Lohit, Manas, Maney Khola, Ganol Tura, Milak, Namchik, Noa Dihing, Pachin, Pagldia, Panchnoi, Poma, Yomgo And Mora",,37.5,1.2,7.8,0.39,UMNGI,2023-06-30
2023,4309,RIVER UMNGI AT UMPUNG,MEGHALAYA,"Tributary Streams - Burhidihing, Dhansiri, Bharalu, Dikrong, Gai Nadi, Digaru, Digboi, Dikhow, Kaljani, Gabharu, Tocklai, Tunia, Larsing, Dhateshwari, Demow, Borsila, Barak, Dibang, Dihing, Senki, Dorika, Subansiri, Siang, Baralia, Tihu, Singra, Damring, Manda, Dikchu, Dzu, Kha Ru, Dzucha, Torsa, Beki, Bereng, Bhogdoi, Jhanji, Jia Bharali, Sankosh, Sanuo Ru, Boginadi, Rilang, Myntang, Tlawng, Tuirial, Serlui, Vaipuanpho, Tuikual, Sakhisih, Damdiai, Chite, Tuirini, Tuivawl, Lawibual, Challui, Mat, Siakah, Chhimtuipui, Tuikum, Sesah, Phe, Teirei, Tut, Tuichhuahen, Tiau, Tuipui, Nongal, Simsang, Ganol, Damring, Waikhrwi, Kwai, Teirei, Khawthlangtuipui, Ngengpui Stream, Vantawng, Sderkariah, Laitryngew, Wahkhlek Khlek, Wahrew, Umngi, Rwiang, Kalipai, Kmai Um, Lukha, Myntdu, Lamu, Lynriang, Thlu Umwi, Simsang, Teesta, Sonai, Ranganadi, Rangit, Ranichu, Kapili, Karola, Kathakal, Kharsang, Kohora, Kolong, Kundli, Kushiara, Manu, Nonbah, Kynshi, Wah Blei, Lohit, Manas, Maney Khola, Ganol Tura, Milak, Namchik, Noa Dihing, Pachin, Pagldia, Panchnoi, Poma, Yomgo And Mora",,46.5,1.35,7.9,2.8200000000000003,UMNGI,2023-06-30
2023,4310,RIVER RWIANG AT RWIANG,MEGHALAYA,"Tributary Streams - Burhidihing, Dhansiri, Bharalu, Dikrong, Gai Nadi, Digaru, Digboi, Dikhow, Kaljani, Gabharu, Tocklai, Tunia, Larsing, Dhateshwari, Demow, Borsila, Barak, Dibang, Dihing, Senki, Dorika, Subansiri, Siang, Baralia, Tihu, Singra, Damring, Manda, Dikchu, Dzu, Kha Ru, Dzucha, Torsa, Beki, Bereng, Bhogdoi, Jhanji, Jia Bharali, Sankosh, Sanuo Ru, Boginadi, Rilang, Myntang, Tlawng, Tuirial, Serlui, Vaipuanpho, Tuikual, Sakhisih, Damdiai, Chite, Tuirini, Tuivawl, Lawibual, Challui, Mat, Siakah, Chhimtuipui, Tuikum, Sesah, Phe, Teirei, Tut, Tuichhuahen, Tiau, Tuipui, Nongal, Simsang, Ganol, Damring, Waikhrwi, Kwai, Teirei, Khawthlangtuipui, Ngengpui Stream, Vantawng, Sderkariah, Laitryngew, Wahkhlek Khlek, Wahrew, Umngi, Rwiang, Kalipai, Kmai Um, Lukha, Myntdu, Lamu, Lynriang, Thlu Umwi, Simsang, Teesta, Sonai, Ranganadi, Rangit, Ranichu, Kapili, Karola, Kathakal, Kharsang, Kohora, Kolong, Kundli, Kushiara, Manu, Nonbah, Kynshi, Wah Blei, Lohit, Manas, Maney Khola, Ganol Tura, Milak, Namchik, Noa Dihing, Pachin, Pagldia, Panchnoi, Poma, Yomgo And Mora",,43.5,1.35,7.65,2.8850000000000002,RWIANG,2023-06-30
2023,4311,RIVER KALIPAI AT RYMBAI,MEGHALAYA,"Tributary Streams - Burhidihing, Dhansiri, Bharalu, Dikrong, Gai Nadi, Digaru, Digboi, Dikhow, Kaljani, Gabharu, Tocklai, Tunia, Larsing, Dhateshwari, Demow, Borsila, Barak, Dibang, Dihing, Senki, Dorika, Subansiri, Siang, Baralia, Tihu, Singra, Damring, Manda, Dikchu, Dzu, Kha Ru, Dzucha, Torsa, Beki, Bereng, Bhogdoi, Jhanji, Jia Bharali, Sankosh, Sanuo Ru, Boginadi, Rilang, Myntang, Tlawng, Tuirial, Serlui, Vaipuanpho, Tuikual, Sakhisih, Damdiai, Chite, Tuirini, Tuivawl, Lawibual, Challui, Mat, Siakah, Chhimtuipui, Tuikum, Sesah, Phe, Teirei, Tut, Tuichhuahen, Tiau, Tuipui, Nongal, Simsang, Ganol, Damring, Waikhrwi, Kwai, Teirei, Khawthlangtuipui, Ngengpui Stream, Vantawng, Sderkariah, Laitryngew, Wahkhlek Khlek, Wahrew, Umngi, Rwiang, Kalipai, Kmai Um, Lukha, Myntdu, Lamu, Lynriang, Thlu Umwi, Simsang, Teesta, Sonai, Ranganadi, Rangit, Ranichu, Kapili, Karola, Kathakal, Kharsang, Kohora, Kolong, Kundli, Kushiara, Manu, Nonbah, Kynshi, Wah Blei, Lohit, Manas, Maney Khola, Ganol Tura, Milak, Namchik, Noa Dihing, Pachin, Pagldia, Panchnoi, Poma, Yomgo And Mora",,,,6.0,2.8200000000000003,KALIPAI,2023-06-30
2023,4312,RIVER KMAI UM AT RYMBAI,MEGHALAYA,"Tributary Streams - Burhidihing, Dhansiri, Bharalu, Dikrong, Gai Nadi, Digaru, Digboi, Dikhow, Kaljani, Gabharu, Tocklai, Tunia, Larsing, Dhateshwari, Demow, Borsila, Barak, Dibang, Dihing, Senki, Dorika, Subansiri, Siang, Baralia, Tihu, Singra, Damring, Manda, Dikchu, Dzu, Kha Ru, Dzucha, Torsa, Beki, Bereng, Bhogdoi, Jhanji, Jia Bharali, Sankosh, Sanuo Ru, Boginadi, Rilang, Myntang, Tlawng, Tuirial, Serlui, Vaipuanpho, Tuikual, Sakhisih, Damdiai, Chite, Tuirini, Tuivawl, Lawibual, Challui, Mat, Siakah, Chhimtuipui, Tuikum, Sesah, Phe, Teirei, Tut, Tuichhuahen, Tiau, Tuipui, Nongal, Simsang, Ganol, Damring, Waikhrwi, Kwai, Teirei, Khawthlangtuipui, Ngengpui Stream, Vantawng, Sderkariah, Laitryngew, Wahkhlek Khlek, Wahrew, Umngi, Rwiang, Kalipai, Kmai Um, Lukha, Myntdu, Lamu, Lynriang, Thlu Umwi, Simsang, Teesta, Sonai, Ranganadi, Rangit, Ranichu, Kapili, Karola, Kathakal, Kharsang, Kohora, Kolong, Kundli, Kushiara, Manu, Nonbah, Kynshi, Wah Blei, Lohit, Manas, Maney Khola, Ganol Tura, Milak, Namchik, Noa Dihing, Pachin, Pagldia, Panchnoi, Poma, Yomgo And Mora",,,,7.25,0.485,KMAI UM,2023-06-30
2023,4313,RIVER WAIKHRWI AT MOOPALA,MEGHALAYA,"Tributary Streams - Burhidihing, Dhansiri, Bharalu, Dikrong, Gai Nadi, Digaru, Digboi, Dikhow, Kaljani, Gabharu, Tocklai, Tunia, Larsing, Dhateshwari, Demow, Borsila, Barak, Dibang, Dihing, Senki, Dorika, Subansiri, Siang, Baralia, Tihu, Singra, Damring, Manda, Dikchu, Dzu, Kha Ru, Dzucha, Torsa, Beki, Bereng, Bhogdoi, Jhanji, Jia Bharali, Sankosh, Sanuo Ru, Boginadi, Rilang, Myntang, Tlawng, Tuirial, Serlui, Vaipuanpho, Tuikual, Sakhisih, Damdiai, Chite, Tuirini, Tuivawl, Lawibual, Challui, Mat, Siakah, Chhimtuipui, Tuikum, Sesah, Phe, Teirei, Tut, Tuichhuahen, Tiau, Tuipui, Nongal, Simsang, Ganol, Damring, Waikhrwi, Kwai, Teirei, Khawthlangtuipui, Ngengpui Stream, Vantawng, Sderkariah, Laitryngew, Wahkhlek Khlek, Wahrew, Umngi, Rwiang, Kalipai, Kmai Um, Lukha, Myntdu, Lamu, Lynriang, Thlu Umwi, Simsang, Teesta, Sonai, Ranganadi, Rangit, Ranichu, Kapili, Karola, Kathakal, Kharsang, Kohora, Kolong, Kundli, Kushiara, Manu, Nonbah, Kynshi, Wah Blei, Lohit, Manas, Maney Khola, Ganol Tura, Milak, Namchik, Noa Dihing, Pachin, Pagldia, Panchnoi, Poma, Yomgo And Mora",,,,7.25,0.33,WAIKHRWI,2023-06-30
2023,4314,"RIVER KWAI AT SUTNGA, JALAPHET",MEGHALAYA,"Tributary Streams - Burhidihing, Dhansiri, Bharalu, Dikrong, Gai Nadi, Digaru, Digboi, Dikhow, Kaljani, Gabharu, Tocklai, Tunia, Larsing, Dhateshwari, Demow, Borsila, Barak, Dibang, Dihing, Senki, Dorika, Subansiri, Siang, Baralia, Tihu, Singra, Damring, Manda, Dikchu, Dzu, Kha Ru, Dzucha, Torsa, Beki, Bereng, Bhogdoi, Jhanji, Jia Bharali, Sankosh, Sanuo Ru, Boginadi, Rilang, Myntang, Tlawng, Tuirial, Serlui, Vaipuanpho, Tuikual, Sakhisih, Damdiai, Chite, Tuirini, Tuivawl, Lawibual, Challui, Mat, Siakah, Chhimtuipui, Tuikum, Sesah, Phe, Teirei, Tut, Tuichhuahen, Tiau, Tuipui, Nongal, Simsang, Ganol, Damring, Waikhrwi, Kwai, Teirei, Khawthlangtuipui, Ngengpui Stream, Vantawng, Sderkariah, Laitryngew, Wahkhlek Khlek, Wahrew, Umngi, Rwiang, Kalipai, Kmai Um, Lukha, Myntdu, Lamu, Lynriang, Thlu Umwi, Simsang, Teesta, Sonai, Ranganadi, Rangit, Ranichu, Kapili, Karola, Kathakal, Kharsang, Kohora, Kolong, Kundli, Kushiara, Manu, Nonbah, Kynshi, Wah Blei, Lohit, Manas, Maney Khola, Ganol Tura, Milak, Namchik, Noa Dihing, Pachin, Pagldia, Panchnoi, Poma, Yomgo And Mora",,243.0,1.65,7.0,0.32,KWAI,2023-06-30
2023,4315,RIVER LUKHA AT KHADDUM,MEGHALAYA,"Tributary Streams - Burhidihing, Dhansiri, Bharalu, Dikrong, Gai Nadi, Digaru, Digboi, Dikhow, Kaljani, Gabharu, Tocklai, Tunia, Larsing, Dhateshwari, Demow, Borsila, Barak, Dibang, Dihing, Senki, Dorika, Subansiri, Siang, Baralia, Tihu, Singra, Damring, Manda, Dikchu, Dzu, Kha Ru, Dzucha, Torsa, Beki, Bereng, Bhogdoi, Jhanji, Jia Bharali, Sankosh, Sanuo Ru, Boginadi, Rilang, Myntang, Tlawng, Tuirial, Serlui, Vaipuanpho, Tuikual, Sakhisih, Damdiai, Chite, Tuirini, Tuivawl, Lawibual, Challui, Mat, Siakah, Chhimtuipui, Tuikum, Sesah, Phe, Teirei, Tut, Tuichhuahen, Tiau, Tuipui, Nongal, Simsang, Ganol, Damring, Waikhrwi, Kwai, Teirei, Khawthlangtuipui, Ngengpui Stream, Vantawng, Sderkariah, Laitryngew, Wahkhlek Khlek, Wahrew, Umngi, Rwiang, Kalipai, Kmai Um, Lukha, Myntdu, Lamu, Lynriang, Thlu Umwi, Simsang, Teesta, Sonai, Ranganadi, Rangit, Ranichu, Kapili, Karola, Kathakal, Kharsang, Kohora, Kolong, Kundli, Kushiara, Manu, Nonbah, Kynshi, Wah Blei, Lohit, Manas, Maney Khola, Ganol Tura, Milak, Namchik, Noa Dihing, Pachin, Pagldia, Panchnoi, Poma, Yomgo And Mora",,350.0,1.5499999999999998,7.800000000000001,0.77,LUKHA,2023-06-30
2023,4316,RIVER MYNTDU AT MIHMYNTDU,MEGHALAYA,"Tributary Streams - Burhidihing, Dhansiri, Bharalu, Dikrong, Gai Nadi, Digaru, Digboi, Dikhow, Kaljani, Gabharu, Tocklai, Tunia, Larsing, Dhateshwari, Demow, Borsila, Barak, Dibang, Dihing, Senki, Dorika, Subansiri, Siang, Baralia, Tihu, Singra, Damring, Manda, Dikchu, Dzu, Kha Ru, Dzucha, Torsa, Beki, Bereng, Bhogdoi, Jhanji, Jia Bharali, Sankosh, Sanuo Ru, Boginadi, Rilang, Myntang, Tlawng, Tuirial, Serlui, Vaipuanpho, Tuikual, Sakhisih, Damdiai, Chite, Tuirini, Tuivawl, Lawibual, Challui, Mat, Siakah, Chhimtuipui, Tuikum, Sesah, Phe, Teirei, Tut, Tuichhuahen, Tiau, Tuipui, Nongal, Simsang, Ganol, Damring, Waikhrwi, Kwai, Teirei, Khawthlangtuipui, Ngengpui Stream, Vantawng, Sderkariah, Laitryngew, Wahkhlek Khlek, Wahrew, Umngi, Rwiang, Kalipai, Kmai Um, Lukha, Myntdu, Lamu, Lynriang, Thlu Umwi, Simsang, Teesta, Sonai, Ranganadi, Rangit, Ranichu, Kapili, Karola, Kathakal, Kharsang, Kohora, Kolong, Kundli, Kushiara, Manu, Nonbah, Kynshi, Wah Blei, Lohit, Manas, Maney Khola, Ganol Tura, Milak, Namchik, Noa Dihing, Pachin, Pagldia, Panchnoi, Poma, Yomgo And Mora",,48.5,1.7000000000000002,7.1,0.515,MYNTDU,2023-06-30
2023,3379,RIVER MYNTDU AT LESHKA,MEGHALAYA,"Tributary Streams - Burhidihing, Dhansiri, Bharalu, Dikrong, Gai Nadi, Digaru, Digboi, Dikhow, Kaljani, Gabharu, Tocklai, Tunia, Larsing, Dhateshwari, Demow, Borsila, Barak, Dibang, Dihing, Senki, Dorika, Subansiri, Siang, Baralia, Tihu, Singra, Damring, Manda, Dikchu, Dzu, Kha Ru, Dzucha, Torsa, Beki, Bereng, Bhogdoi, Jhanji, Jia Bharali, Sankosh, Sanuo Ru, Boginadi, Rilang, Myntang, Tlawng, Tuirial, Serlui, Vaipuanpho, Tuikual, Sakhisih, Damdiai, Chite, Tuirini, Tuivawl, Lawibual, Challui, Mat, Siakah, Chhimtuipui, Tuikum, Sesah, Phe, Teirei, Tut, Tuichhuahen, Tiau, Tuipui, Nongal, Simsang, Ganol, Damring, Waikhrwi, Kwai, Teirei, Khawthlangtuipui, Ngengpui Stream, Vantawng, Sderkariah, Laitryngew, Wahkhlek Khlek, Wahrew, Umngi, Rwiang, Kalipai, Kmai Um, Lukha, Myntdu, Lamu, Lynriang, Thlu Umwi, Simsang, Teesta, Sonai, Ranganadi, Rangit, Ranichu, Kapili, Karola, Kathakal, Kharsang, Kohora, Kolong, Kundli, Kushiara, Manu, Nonbah, Kynshi, Wah Blei, Lohit, Manas, Maney Khola, Ganol Tura, Milak, Namchik, Noa Dihing, Pachin, Pagldia, Panchnoi, Poma, Yomgo And Mora",,58.5,1.45,7.7,0.49,MYNTDU,2023-06-30
2023,1631,RIVER MYNTDU JOWAI,MEGHALAYA,"Tributary Streams - Burhidihing, Dhansiri, Bharalu, Dikrong, Gai Nadi, Digaru, Digboi, Dikhow, Kaljani, Gabharu, Tocklai, Tunia, Larsing, Dhateshwari, Demow, Borsila, Barak, Dibang, Dihing, Senki, Dorika, Subansiri, Siang, Baralia, Tihu, Singra, Damring, Manda, Dikchu, Dzu, Kha Ru, Dzucha, Torsa, Beki, Bereng, Bhogdoi, Jhanji, Jia Bharali, Sankosh, Sanuo Ru, Boginadi, Rilang, Myntang, Tlawng, Tuirial, Serlui, Vaipuanpho, Tuikual, Sakhisih, Damdiai, Chite, Tuirini, Tuivawl, Lawibual, Challui, Mat, Siakah, Chhimtuipui, Tuikum, Sesah, Phe, Teirei, Tut, Tuichhuahen, Tiau, Tuipui, Nongal, Simsang, Ganol, Damring, Waikhrwi, Kwai, Teirei, Khawthlangtuipui, Ngengpui Stream, Vantawng, Sderkariah, Laitryngew, Wahkhlek Khlek, Wahrew, Umngi, Rwiang, Kalipai, Kmai Um, Lukha, Myntdu, Lamu, Lynriang, Thlu Umwi, Simsang, Teesta, Sonai, Ranganadi, Rangit, Ranichu, Kapili, Karola, Kathakal, Kharsang, Kohora, Kolong, Kundli, Kushiara, Manu, Nonbah, Kynshi, Wah Blei, Lohit, Manas, Maney Khola, Ganol Tura, Milak, Namchik, Noa Dihing, Pachin, Pagldia, Panchnoi, Poma, Yomgo And Mora",,47.0,2.0,7.050000000000001,0.64,"Burhidihing, Dhansiri, Bharalu, Dikrong, Gai Nadi, Digaru, Digboi, Dikhow, Kaljani, Gabharu, Tocklai, Tunia, Larsing, Dhateshwari, Demow, Borsila, Barak, Dibang, Dihing, Senki, Dorika, Subansiri, Siang, Baralia, Tihu, Singra, Damring, Manda, Dikchu, Dzu, Kha Ru, Dzucha, Torsa, Beki, Bereng, Bhogdoi, Jhanji, Jia Bharali, Sankosh, Sanuo Ru, Boginadi, Rilang, Myntang, Tlawng, Tuirial, Serlui, Vaipuanpho, Tuikual, Sakhisih, Damdiai, Chite, Tuirini, Tuivawl, Lawibual, Challui, Mat, Siakah, Chhimtuipui, Tuikum, Sesah, Phe, Teirei, Tut, Tuichhuahen, Tiau, Tuipui, Nongal, Simsang, Ganol, Damring, Waikhrwi, Kwai, Teirei, Khawthlangtuipui, Ngengpui Stream, Vantawng, Sderkariah, Laitryngew, Wahkhlek Khlek, Wahrew, Umngi, Rwiang, Kalipai, Kmai Um, Lukha, Myntdu, Lamu, Lynriang, Thlu Umwi, Simsang, Teesta, Sonai, Ranganadi, Rangit, Ranichu, Kapili, Karola, Kathakal, Kharsang, Kohora, Kolong, Kundli, Kushiara, Manu, Nonbah, Kynshi, Wah Blei, Lohit, Manas, Maney Khola, Ganol Tura, Milak, Namchik, Noa Dihing, Pachin, Pagldia, Panchnoi, Poma, Yomgo And Mora",2023-06-30
2023,1428,RIVER KYRHUHKHLA KHLIEHRIAT,MEGHALAYA,"Tributary Streams - Burhidihing, Dhansiri, Bharalu, Dikrong, Gai Nadi, Digaru, Digboi, Dikhow, Kaljani, Gabharu, Tocklai, Tunia, Larsing, Dhateshwari, Demow, Borsila, Barak, Dibang, Dihing, Senki, Dorika, Subansiri, Siang, Baralia, Tihu, Singra, Damring, Manda, Dikchu, Dzu, Kha Ru, Dzucha, Torsa, Beki, Bereng, Bhogdoi, Jhanji, Jia Bharali, Sankosh, Sanuo Ru, Boginadi, Rilang, Myntang, Tlawng, Tuirial, Serlui, Vaipuanpho, Tuikual, Sakhisih, Damdiai, Chite, Tuirini, Tuivawl, Lawibual, Challui, Mat, Siakah, Chhimtuipui, Tuikum, Sesah, Phe, Teirei, Tut, Tuichhuahen, Tiau, Tuipui, Nongal, Simsang, Ganol, Damring, Waikhrwi, Kwai, Teirei, Khawthlangtuipui, Ngengpui Stream, Vantawng, Sderkariah, Laitryngew, Wahkhlek Khlek, Wahrew, Umngi, Rwiang, Kalipai, Kmai Um, Lukha, Myntdu, Lamu, Lynriang, Thlu Umwi, Simsang, Teesta, Sonai, Ranganadi, Rangit, Ranichu, Kapili, Karola, Kathakal, Kharsang, Kohora, Kolong, Kundli, Kushiara, Manu, Nonbah, Kynshi, Wah Blei, Lohit, Manas, Maney Khola, Ganol Tura, Milak, Namchik, Noa Dihing, Pachin, Pagldia, Panchnoi, Poma, Yomgo And Mora",,330.5,2.3,6.9,0.51,"Burhidihing, Dhansiri, Bharalu, Dikrong, Gai Nadi, Digaru, Digboi, Dikhow, Kaljani, Gabharu, Tocklai, Tunia, Larsing, Dhateshwari, Demow, Borsila, Barak, Dibang, Dihing, Senki, Dorika, Subansiri, Siang, Baralia, Tihu, Singra, Damring, Manda, Dikchu, Dzu, Kha Ru, Dzucha, Torsa, Beki, Bereng, Bhogdoi, Jhanji, Jia Bharali, Sankosh, Sanuo Ru, Boginadi, Rilang, Myntang, Tlawng, Tuirial, Serlui, Vaipuanpho, Tuikual, Sakhisih, Damdiai, Chite, Tuirini, Tuivawl, Lawibual, Challui, Mat, Siakah, Chhimtuipui, Tuikum, Sesah, Phe, Teirei, Tut, Tuichhuahen, Tiau, Tuipui, Nongal, Simsang, Ganol, Damring, Waikhrwi, Kwai, Teirei, Khawthlangtuipui, Ngengpui Stream, Vantawng, Sderkariah, Laitryngew, Wahkhlek Khlek, Wahrew, Umngi, Rwiang, Kalipai, Kmai Um, Lukha, Myntdu, Lamu, Lynriang, Thlu Umwi, Simsang, Teesta, Sonai, Ranganadi, Rangit, Ranichu, Kapili, Karola, Kathakal, Kharsang, Kohora, Kolong, Kundli, Kushiara, Manu, Nonbah, Kynshi, Wah Blei, Lohit, Manas, Maney Khola, Ganol Tura, Milak, Namchik, Noa Dihing, Pachin, Pagldia, Panchnoi, Poma, Yomgo And Mora",2023-06-30
2023,4317,RIVER LAMU AT LESHKA,MEGHALAYA,"Tributary Streams - Burhidihing, Dhansiri, Bharalu, Dikrong, Gai Nadi, Digaru, Digboi, Dikhow, Kaljani, Gabharu, Tocklai, Tunia, Larsing, Dhateshwari, Demow, Borsila, Barak, Dibang, Dihing, Senki, Dorika, Subansiri, Siang, Baralia, Tihu, Singra, Damring, Manda, Dikchu, Dzu, Kha Ru, Dzucha, Torsa, Beki, Bereng, Bhogdoi, Jhanji, Jia Bharali, Sankosh, Sanuo Ru, Boginadi, Rilang, Myntang, Tlawng, Tuirial, Serlui, Vaipuanpho, Tuikual, Sakhisih, Damdiai, Chite, Tuirini, Tuivawl, Lawibual, Challui, Mat, Siakah, Chhimtuipui, Tuikum, Sesah, Phe, Teirei, Tut, Tuichhuahen, Tiau, Tuipui, Nongal, Simsang, Ganol, Damring, Waikhrwi, Kwai, Teirei, Khawthlangtuipui, Ngengpui Stream, Vantawng, Sderkariah, Laitryngew, Wahkhlek Khlek, Wahrew, Umngi, Rwiang, Kalipai, Kmai Um, Lukha, Myntdu, Lamu, Lynriang, Thlu Umwi, Simsang, Teesta, Sonai, Ranganadi, Rangit, Ranichu, Kapili, Karola, Kathakal, Kharsang, Kohora, Kolong, Kundli, Kushiara, Manu, Nonbah, Kynshi, Wah Blei, Lohit, Manas, Maney Khola, Ganol Tura, Milak, Namchik, Noa Dihing, Pachin, Pagldia, Panchnoi, Poma, Yomgo And Mora",,57.5,1.4,7.55,0.39,LAMU,2023-06-30
2023,4318,RIVER LYNRIANG AT LESHKA POWER HOUSE,MEGHALAYA,"Tributary Streams - Burhidihing, Dhansiri, Bharalu, Dikrong, Gai Nadi, Digaru, Digboi, Dikhow, Kaljani, Gabharu, Tocklai, Tunia, Larsing, Dhateshwari, Demow, Borsila, Barak, Dibang, Dihing, Senki, Dorika, Subansiri, Siang, Baralia, Tihu, Singra, Damring, Manda, Dikchu, Dzu, Kha Ru, Dzucha, Torsa, Beki, Bereng, Bhogdoi, Jhanji, Jia Bharali, Sankosh, Sanuo Ru, Boginadi, Rilang, Myntang, Tlawng, Tuirial, Serlui, Vaipuanpho, Tuikual, Sakhisih, Damdiai, Chite, Tuirini, Tuivawl, Lawibual, Challui, Mat, Siakah, Chhimtuipui, Tuikum, Sesah, Phe, Teirei, Tut, Tuichhuahen, Tiau, Tuipui, Nongal, Simsang, Ganol, Damring, Waikhrwi, Kwai, Teirei, Khawthlangtuipui, Ngengpui Stream, Vantawng, Sderkariah, Laitryngew, Wahkhlek Khlek, Wahrew, Umngi, Rwiang, Kalipai, Kmai Um, Lukha, Myntdu, Lamu, Lynriang, Thlu Umwi, Simsang, Teesta, Sonai, Ranganadi, Rangit, Ranichu, Kapili, Karola, Kathakal, Kharsang, Kohora, Kolong, Kundli, Kushiara, Manu, Nonbah, Kynshi, Wah Blei, Lohit, Manas, Maney Khola, Ganol Tura, Milak, Namchik, Noa Dihing, Pachin, Pagldia, Panchnoi, Poma, Yomgo And Mora",,,,7.0,0.395,LYNRIANG,2023-06-30
2023,4319,RIVER UMIUREM AT LALE,MEGHALAYA,"Tributary Streams - Burhidihing, Dhansiri, Bharalu, Dikrong, Gai Nadi, Digaru, Digboi, Dikhow, Kaljani, Gabharu, Tocklai, Tunia, Larsing, Dhateshwari, Demow, Borsila, Barak, Dibang, Dihing, Senki, Dorika, Subansiri, Siang, Baralia, Tihu, Singra, Damring, Manda, Dikchu, Dzu, Kha Ru, Dzucha, Torsa, Beki, Bereng, Bhogdoi, Jhanji, Jia Bharali, Sankosh, Sanuo Ru, Boginadi, Rilang, Myntang, Tlawng, Tuirial, Serlui, Vaipuanpho, Tuikual, Sakhisih, Damdiai, Chite, Tuirini, Tuivawl, Lawibual, Challui, Mat, Siakah, Chhimtuipui, Tuikum, Sesah, Phe, Teirei, Tut, Tuichhuahen, Tiau, Tuipui, Nongal, Simsang, Ganol, Damring, Waikhrwi, Kwai, Teirei, Khawthlangtuipui, Ngengpui Stream, Vantawng, Sderkariah, Laitryngew, Wahkhlek Khlek, Wahrew, Umngi, Rwiang, Kalipai, Kmai Um, Lukha, Myntdu, Lamu, Lynriang, Thlu Umwi, Simsang, Teesta, Sonai, Ranganadi, Rangit, Ranichu, Kapili, Karola, Kathakal, Kharsang, Kohora, Kolong, Kundli, Kushiara, Manu, Nonbah, Kynshi, Wah Blei, Lohit, Manas, Maney Khola, Ganol Tura, Milak, Namchik, Noa Dihing, Pachin, Pagldia, Panchnoi, Poma, Yomgo And Mora",,376.5,1.5,7.6,0.395,UMIUREM,2023-06-30
2023,4320,RIVER KUPLI AT LOOSKI,MEGHALAYA,"Tributary Streams - Burhidihing, Dhansiri, Bharalu, Dikrong, Gai Nadi, Digaru, Digboi, Dikhow, Kaljani, Gabharu, Tocklai, Tunia, Larsing, Dhateshwari, Demow, Borsila, Barak, Dibang, Dihing, Senki, Dorika, Subansiri, Siang, Baralia, Tihu, Singra, Damring, Manda, Dikchu, Dzu, Kha Ru, Dzucha, Torsa, Beki, Bereng, Bhogdoi, Jhanji, Jia Bharali, Sankosh, Sanuo Ru, Boginadi, Rilang, Myntang, Tlawng, Tuirial, Serlui, Vaipuanpho, Tuikual, Sakhisih, Damdiai, Chite, Tuirini, Tuivawl, Lawibual, Challui, Mat, Siakah, Chhimtuipui, Tuikum, Sesah, Phe, Teirei, Tut, Tuichhuahen, Tiau, Tuipui, Nongal, Simsang, Ganol, Damring, Waikhrwi, Kwai, Teirei, Khawthlangtuipui, Ngengpui Stream, Vantawng, Sderkariah, Laitryngew, Wahkhlek Khlek, Wahrew, Umngi, Rwiang, Kalipai, Kmai Um, Lukha, Myntdu, Lamu, Lynriang, Thlu Umwi, Simsang, Teesta, Sonai, Ranganadi, Rangit, Ranichu, Kapili, Karola, Kathakal, Kharsang, Kohora, Kolong, Kundli, Kushiara, Manu, Nonbah, Kynshi, Wah Blei, Lohit, Manas, Maney Khola, Ganol Tura, Milak, Namchik, Noa Dihing, Pachin, Pagldia, Panchnoi, Poma, Yomgo And Mora",,225.5,1.5499999999999998,7.5,0.375,KUPLI,2023-06-30
2023,4321,RIVER KUPLI AT KHANDONG,MEGHALAYA,"Tributary Streams - Burhidihing, Dhansiri, Bharalu, Dikrong, Gai Nadi, Digaru, Digboi, Dikhow, Kaljani, Gabharu, Tocklai, Tunia, Larsing, Dhateshwari, Demow, Borsila, Barak, Dibang, Dihing, Senki, Dorika, Subansiri, Siang, Baralia, Tihu, Singra, Damring, Manda, Dikchu, Dzu, Kha Ru, Dzucha, Torsa, Beki, Bereng, Bhogdoi, Jhanji, Jia Bharali, Sankosh, Sanuo Ru, Boginadi, Rilang, Myntang, Tlawng, Tuirial, Serlui, Vaipuanpho, Tuikual, Sakhisih, Damdiai, Chite, Tuirini, Tuivawl, Lawibual, Challui, Mat, Siakah, Chhimtuipui, Tuikum, Sesah, Phe, Teirei, Tut, Tuichhuahen, Tiau, Tuipui, Nongal, Simsang, Ganol, Damring, Waikhrwi, Kwai, Teirei, Khawthlangtuipui, Ngengpui Stream, Vantawng, Sderkariah, Laitryngew, Wahkhlek Khlek, Wahrew, Umngi, Rwiang, Kalipai, Kmai Um, Lukha, Myntdu, Lamu, Lynriang, Thlu Umwi, Simsang, Teesta, Sonai, Ranganadi, Rangit, Ranichu, Kapili, Karola, Kathakal, Kharsang, Kohora, Kolong, Kundli, Kushiara, Manu, Nonbah, Kynshi, Wah Blei, Lohit, Manas, Maney Khola, Ganol Tura, Milak, Namchik, Noa Dihing, Pachin, Pagldia, Panchnoi, Poma, Yomgo And Mora",,220.5,1.5499999999999998,7.199999999999999,0.44000000000000006,KUPLI,2023-06-30
2023,4322,RIVER THLU UMWI AT THLU UMWI,MEGHALAYA,"Tributary Streams - Burhidihing, Dhansiri, Bharalu, Dikrong, Gai Nadi, Digaru, Digboi, Dikhow, Kaljani, Gabharu, Tocklai, Tunia, Larsing, Dhateshwari, Demow, Borsila, Barak, Dibang, Dihing, Senki, Dorika, Subansiri, Siang, Baralia, Tihu, Singra, Damring, Manda, Dikchu, Dzu, Kha Ru, Dzucha, Torsa, Beki, Bereng, Bhogdoi, Jhanji, Jia Bharali, Sankosh, Sanuo Ru, Boginadi, Rilang, Myntang, Tlawng, Tuirial, Serlui, Vaipuanpho, Tuikual, Sakhisih, Damdiai, Chite, Tuirini, Tuivawl, Lawibual, Challui, Mat, Siakah, Chhimtuipui, Tuikum, Sesah, Phe, Teirei, Tut, Tuichhuahen, Tiau, Tuipui, Nongal, Simsang, Ganol, Damring, Waikhrwi, Kwai, Teirei, Khawthlangtuipui, Ngengpui Stream, Vantawng, Sderkariah, Laitryngew, Wahkhlek Khlek, Wahrew, Umngi, Rwiang, Kalipai, Kmai Um, Lukha, Myntdu, Lamu, Lynriang, Thlu Umwi, Simsang, Teesta, Sonai, Ranganadi, Rangit, Ranichu, Kapili, Karola, Kathakal, Kharsang, Kohora, Kolong, Kundli, Kushiara, Manu, Nonbah, Kynshi, Wah Blei, Lohit, Manas, Maney Khola, Ganol Tura, Milak, Namchik, Noa Dihing, Pachin, Pagldia, Panchnoi, Poma, Yomgo And Mora",,47.0,1.6,7.300000000000001,0.355,THLU UMWI,2023-06-30
2023,1633,RIVER SIMSANG WILLIAMNAGAR,MEGHALAYA,"Tributary Streams - Burhidihing, Dhansiri, Bharalu, Dikrong, Gai Nadi, Digaru, Digboi, Dikhow, Kaljani, Gabharu, Tocklai, Tunia, Larsing, Dhateshwari, Demow, Borsila, Barak, Dibang, Dihing, Senki, Dorika, Subansiri, Siang, Baralia, Tihu, Singra, Damring, Manda, Dikchu, Dzu, Kha Ru, Dzucha, Torsa, Beki, Bereng, Bhogdoi, Jhanji, Jia Bharali, Sankosh, Sanuo Ru, Boginadi, Rilang, Myntang, Tlawng, Tuirial, Serlui, Vaipuanpho, Tuikual, Sakhisih, Damdiai, Chite, Tuirini, Tuivawl, Lawibual, Challui, Mat, Siakah, Chhimtuipui, Tuikum, Sesah, Phe, Teirei, Tut, Tuichhuahen, Tiau, Tuipui, Nongal, Simsang, Ganol, Damring, Waikhrwi, Kwai, Teirei, Khawthlangtuipui, Ngengpui Stream, Vantawng, Sderkariah, Laitryngew, Wahkhlek Khlek, Wahrew, Umngi, Rwiang, Kalipai, Kmai Um, Lukha, Myntdu, Lamu, Lynriang, Thlu Umwi, Simsang, Teesta, Sonai, Ranganadi, Rangit, Ranichu, Kapili, Karola, Kathakal, Kharsang, Kohora, Kolong, Kundli, Kushiara, Manu, Nonbah, Kynshi, Wah Blei, Lohit, Manas, Maney Khola, Ganol Tura, Milak, Namchik, Noa Dihing, Pachin, Pagldia, Panchnoi, Poma, Yomgo And Mora",,61.5,1.6,7.3,0.385,"Burhidihing, Dhansiri, Bharalu, Dikrong, Gai Nadi, Digaru, Digboi, Dikhow, Kaljani, Gabharu, Tocklai, Tunia, Larsing, Dhateshwari, Demow, Borsila, Barak, Dibang, Dihing, Senki, Dorika, Subansiri, Siang, Baralia, Tihu, Singra, Damring, Manda, Dikchu, Dzu, Kha Ru, Dzucha, Torsa, Beki, Bereng, Bhogdoi, Jhanji, Jia Bharali, Sankosh, Sanuo Ru, Boginadi, Rilang, Myntang, Tlawng, Tuirial, Serlui, Vaipuanpho, Tuikual, Sakhisih, Damdiai, Chite, Tuirini, Tuivawl, Lawibual, Challui, Mat, Siakah, Chhimtuipui, Tuikum, Sesah, Phe, Teirei, Tut, Tuichhuahen, Tiau, Tuipui, Nongal, Simsang, Ganol, Damring, Waikhrwi, Kwai, Teirei, Khawthlangtuipui, Ngengpui Stream, Vantawng, Sderkariah, Laitryngew, Wahkhlek Khlek, Wahrew, Umngi, Rwiang, Kalipai, Kmai Um, Lukha, Myntdu, Lamu, Lynriang, Thlu Umwi, Simsang, Teesta, Sonai, Ranganadi, Rangit, Ranichu, Kapili, Karola, Kathakal, Kharsang, Kohora, Kolong, Kundli, Kushiara, Manu, Nonbah, Kynshi, Wah Blei, Lohit, Manas, Maney Khola, Ganol Tura, Milak, Namchik, Noa Dihing, Pachin, Pagldia, Panchnoi, Poma, Yomgo And Mora",2023-06-30
2023,1801,RIVER TEESTA AFTER CONFLUENCS OF RIVERS LACHENCHU AND LACHUNGCHU AT CHUNGTHANG,SIKKIM,"Tributary Streams - Burhidihing, Dhansiri, Bharalu, Dikrong, Gai Nadi, Digaru, Digboi, Dikhow, Kaljani, Gabharu, Tocklai, Tunia, Larsing, Dhateshwari, Demow, Borsila, Barak, Dibang, Dihing, Senki, Dorika, Subansiri, Siang, Baralia, Tihu, Singra, Damring, Manda, Dikchu, Dzu, Kha Ru, Dzucha, Torsa, Beki, Bereng, Bhogdoi, Jhanji, Jia Bharali, Sankosh, Sanuo Ru, Boginadi, Rilang, Myntang, Tlawng, Tuirial, Serlui, Vaipuanpho, Tuikual, Sakhisih, Damdiai, Chite, Tuirini, Tuivawl, Lawibual, Challui, Mat, Siakah, Chhimtuipui, Tuikum, Sesah, Phe, Teirei, Tut, Tuichhuahen, Tiau, Tuipui, Nongal, Simsang, Ganol, Damring, Waikhrwi, Kwai, Teirei, Khawthlangtuipui, Ngengpui Stream, Vantawng, Sderkariah, Laitryngew, Wahkhlek Khlek, Wahrew, Umngi, Rwiang, Kalipai, Kmai Um, Lukha, Myntdu, Lamu, Lynriang, Thlu Umwi, Simsang, Teesta, Sonai, Ranganadi, Rangit, Ranichu, Kapili, Karola, Kathakal, Kharsang, Kohora, Kolong, Kundli, Kushiara, Manu, Nonbah, Kynshi, Wah Blei, Lohit, Manas, Maney Khola, Ganol Tura, Milak, Namchik, Noa Dihing, Pachin, Pagldia, Panchnoi, Poma, Yomgo And Mora",,135.5,2.15,7.85,2.4,TEESTA AFTER CONFLUENCS OF RIVERS LACHENCHU AND LACHUNGCHU,2023-06-30
2023,1807,RIVER TEESTA AFTER CONFLUENCS WITH RANICHU AT SINGTAM,SIKKIM,"Tributary Streams - Burhidihing, Dhansiri, Bharalu, Dikrong, Gai Nadi, Digaru, Digboi, Dikhow, Kaljani, Gabharu, Tocklai, Tunia, Larsing, Dhateshwari, Demow, Borsila, Barak, Dibang, Dihing, Senki, Dorika, Subansiri, Siang, Baralia, Tihu, Singra, Damring, Manda, Dikchu, Dzu, Kha Ru, Dzucha, Torsa, Beki, Bereng, Bhogdoi, Jhanji, Jia Bharali, Sankosh, Sanuo Ru, Boginadi, Rilang, Myntang, Tlawng, Tuirial, Serlui, Vaipuanpho, Tuikual, Sakhisih, Damdiai, Chite, Tuirini, Tuivawl, Lawibual, Challui, Mat, Siakah, Chhimtuipui, Tuikum, Sesah, Phe, Teirei, Tut, Tuichhuahen, Tiau, Tuipui, Nongal, Simsang, Ganol, Damring, Waikhrwi, Kwai, Teirei, Khawthlangtuipui, Ngengpui Stream, Vantawng, Sderkariah, Laitryngew, Wahkhlek Khlek, Wahrew, Umngi, Rwiang, Kalipai, Kmai Um, Lukha, Myntdu, Lamu, Lynriang, Thlu Umwi, Simsang, Teesta, Sonai, Ranganadi, Rangit, Ranichu, Kapili, Karola, Kathakal, Kharsang, Kohora, Kolong, Kundli, Kushiara, Manu, Nonbah, Kynshi, Wah Blei, Lohit, Manas, Maney Khola, Ganol Tura, Milak, Namchik, Noa Dihing, Pachin, Pagldia, Panchnoi, Poma, Yomgo And Mora",,156.0,2.2,8.4,3.1500000000000004,TEESTA AFTER CONFLUENCS WITH RANICHU,2023-06-30
2023,1808,RIVER TEESTA AFTER CONFLUENCS WITH RONGPOCHU AFTER MEETING THE INDUSTRIAL EFFLUENTS FROM THE TOWN RANGPO,SIKKIM,"Tributary Streams - Burhidihing, Dhansiri, Bharalu, Dikrong, Gai Nadi, Digaru, Digboi, Dikhow, Kaljani, Gabharu, Tocklai, Tunia, Larsing, Dhateshwari, Demow, Borsila, Barak, Dibang, Dihing, Senki, Dorika, Subansiri, Siang, Baralia, Tihu, Singra, Damring, Manda, Dikchu, Dzu, Kha Ru, Dzucha, Torsa, Beki, Bereng, Bhogdoi, Jhanji, Jia Bharali, Sankosh, Sanuo Ru, Boginadi, Rilang, Myntang, Tlawng, Tuirial, Serlui, Vaipuanpho, Tuikual, Sakhisih, Damdiai, Chite, Tuirini, Tuivawl, Lawibual, Challui, Mat, Siakah, Chhimtuipui, Tuikum, Sesah, Phe, Teirei, Tut, Tuichhuahen, Tiau, Tuipui, Nongal, Simsang, Ganol, Damring, Waikhrwi, Kwai, Teirei, Khawthlangtuipui, Ngengpui Stream, Vantawng, Sderkariah, Laitryngew, Wahkhlek Khlek, Wahrew, Umngi, Rwiang, Kalipai, Kmai Um, Lukha, Myntdu, Lamu, Lynriang, Thlu Umwi, Simsang, Teesta, Sonai, Ranganadi, Rangit, Ranichu, Kapili, Karola, Kathakal, Kharsang, Kohora, Kolong, Kundli, Kushiara, Manu, Nonbah, Kynshi, Wah Blei, Lohit, Manas, Maney Khola, Ganol Tura, Milak, Namchik, Noa Dihing, Pachin, Pagldia, Panchnoi, Poma, Yomgo And Mora",,154.5,1.95,8.5,3.35,"Burhidihing, Dhansiri, Bharalu, Dikrong, Gai Nadi, Digaru, Digboi, Dikhow, Kaljani, Gabharu, Tocklai, Tunia, Larsing, Dhateshwari, Demow, Borsila, Barak, Dibang, Dihing, Senki, Dorika, Subansiri, Siang, Baralia, Tihu, Singra, Damring, Manda, Dikchu, Dzu, Kha Ru, Dzucha, Torsa, Beki, Bereng, Bhogdoi, Jhanji, Jia Bharali, Sankosh, Sanuo Ru, Boginadi, Rilang, Myntang, Tlawng, Tuirial, Serlui, Vaipuanpho, Tuikual, Sakhisih, Damdiai, Chite, Tuirini, Tuivawl, Lawibual, Challui, Mat, Siakah, Chhimtuipui, Tuikum, Sesah, Phe, Teirei, Tut, Tuichhuahen, Tiau, Tuipui, Nongal, Simsang, Ganol, Damring, Waikhrwi, Kwai, Teirei, Khawthlangtuipui, Ngengpui Stream, Vantawng, Sderkariah, Laitryngew, Wahkhlek Khlek, Wahrew, Umngi, Rwiang, Kalipai, Kmai Um, Lukha, Myntdu, Lamu, Lynriang, Thlu Umwi, Simsang, Teesta, Sonai, Ranganadi, Rangit, Ranichu, Kapili, Karola, Kathakal, Kharsang, Kohora, Kolong, Kundli, Kushiara, Manu, Nonbah, Kynshi, Wah Blei, Lohit, Manas, Maney Khola, Ganol Tura, Milak, Namchik, Noa Dihing, Pachin, Pagldia, Panchnoi, Poma, Yomgo And Mora",2023-06-30
2023,1809,RIVER TEESTA AT MELLI DOWNSTREAM MELLI,SIKKIM,"Tributary Streams - Burhidihing, Dhansiri, Bharalu, Dikrong, Gai Nadi, Digaru, Digboi, Dikhow, Kaljani, Gabharu, Tocklai, Tunia, Larsing, Dhateshwari, Demow, Borsila, Barak, Dibang, Dihing, Senki, Dorika, Subansiri, Siang, Baralia, Tihu, Singra, Damring, Manda, Dikchu, Dzu, Kha Ru, Dzucha, Torsa, Beki, Bereng, Bhogdoi, Jhanji, Jia Bharali, Sankosh, Sanuo Ru, Boginadi, Rilang, Myntang, Tlawng, Tuirial, Serlui, Vaipuanpho, Tuikual, Sakhisih, Damdiai, Chite, Tuirini, Tuivawl, Lawibual, Challui, Mat, Siakah, Chhimtuipui, Tuikum, Sesah, Phe, Teirei, Tut, Tuichhuahen, Tiau, Tuipui, Nongal, Simsang, Ganol, Damring, Waikhrwi, Kwai, Teirei, Khawthlangtuipui, Ngengpui Stream, Vantawng, Sderkariah, Laitryngew, Wahkhlek Khlek, Wahrew, Umngi, Rwiang, Kalipai, Kmai Um, Lukha, Myntdu, Lamu, Lynriang, Thlu Umwi, Simsang, Teesta, Sonai, Ranganadi, Rangit, Ranichu, Kapili, Karola, Kathakal, Kharsang, Kohora, Kolong, Kundli, Kushiara, Manu, Nonbah, Kynshi, Wah Blei, Lohit, Manas, Maney Khola, Ganol Tura, Milak, Namchik, Noa Dihing, Pachin, Pagldia, Panchnoi, Poma, Yomgo And Mora",,157.0,2.2,8.7,3.5,TEESTA,2023-06-30
2023,1947,"RIVER TEESTA AT SEVOKE, SILIGURI, DARJEELING",WEST BENGAL,"Tributary Streams - Burhidihing, Dhansiri, Bharalu, Dikrong, Gai Nadi, Digaru, Digboi, Dikhow, Kaljani, Gabharu, Tocklai, Tunia, Larsing, Dhateshwari, Demow, Borsila, Barak, Dibang, Dihing, Senki, Dorika, Subansiri, Siang, Baralia, Tihu, Singra, Damring, Manda, Dikchu, Dzu, Kha Ru, Dzucha, Torsa, Beki, Bereng, Bhogdoi, Jhanji, Jia Bharali, Sankosh, Sanuo Ru, Boginadi, Rilang, Myntang, Tlawng, Tuirial, Serlui, Vaipuanpho, Tuikual, Sakhisih, Damdiai, Chite, Tuirini, Tuivawl, Lawibual, Challui, Mat, Siakah, Chhimtuipui, Tuikum, Sesah, Phe, Teirei, Tut, Tuichhuahen, Tiau, Tuipui, Nongal, Simsang, Ganol, Damring, Waikhrwi, Kwai, Teirei, Khawthlangtuipui, Ngengpui Stream, Vantawng, Sderkariah, Laitryngew, Wahkhlek Khlek, Wahrew, Umngi, Rwiang, Kalipai, Kmai Um, Lukha, Myntdu, Lamu, Lynriang, Thlu Umwi, Simsang, Teesta, Sonai, Ranganadi, Rangit, Ranichu, Kapili, Karola, Kathakal, Kharsang, Kohora, Kolong, Kundli, Kushiara, Manu, Nonbah, Kynshi, Wah Blei, Lohit, Manas, Maney Khola, Ganol Tura, Milak, Namchik, Noa Dihing, Pachin, Pagldia, Panchnoi, Poma, Yomgo And Mora",,61.0,1.55,8.0,0.525,TEESTA,2023-06-30
2023,4723,RIVER TEESTA AT JALPESH,WEST BENGAL,"Tributary Streams - Burhidihing, Dhansiri, Bharalu, Dikrong, Gai Nadi, Digaru, Digboi, Dikhow, Kaljani, Gabharu, Tocklai, Tunia, Larsing, Dhateshwari, Demow, Borsila, Barak, Dibang, Dihing, Senki, Dorika, Subansiri, Siang, Baralia, Tihu, Singra, Damring, Manda, Dikchu, Dzu, Kha Ru, Dzucha, Torsa, Beki, Bereng, Bhogdoi, Jhanji, Jia Bharali, Sankosh, Sanuo Ru, Boginadi, Rilang, Myntang, Tlawng, Tuirial, Serlui, Vaipuanpho, Tuikual, Sakhisih, Damdiai, Chite, Tuirini, Tuivawl, Lawibual, Challui, Mat, Siakah, Chhimtuipui, Tuikum, Sesah, Phe, Teirei, Tut, Tuichhuahen, Tiau, Tuipui, Nongal, Simsang, Ganol, Damring, Waikhrwi, Kwai, Teirei, Khawthlangtuipui, Ngengpui Stream, Vantawng, Sderkariah, Laitryngew, Wahkhlek Khlek, Wahrew, Umngi, Rwiang, Kalipai, Kmai Um, Lukha, Myntdu, Lamu, Lynriang, Thlu Umwi, Simsang, Teesta, Sonai, Ranganadi, Rangit, Ranichu, Kapili, Karola, Kathakal, Kharsang, Kohora, Kolong, Kundli, Kushiara, Manu, Nonbah, Kynshi, Wah Blei, Lohit, Manas, Maney Khola, Ganol Tura, Milak, Namchik, Noa Dihing, Pachin, Pagldia, Panchnoi, Poma, Yomgo And Mora",,,,7.3,0.43499999999999994,TEESTA,2023-06-30
2023,4728,RIVER RAIDAK AT ALIPURDUAR,WEST BENGAL,"Tributary Streams - Burhidihing, Dhansiri, Bharalu, Dikrong, Gai Nadi, Digaru, Digboi, Dikhow, Kaljani, Gabharu, Tocklai, Tunia, Larsing, Dhateshwari, Demow, Borsila, Barak, Dibang, Dihing, Senki, Dorika, Subansiri, Siang, Baralia, Tihu, Singra, Damring, Manda, Dikchu, Dzu, Kha Ru, Dzucha, Torsa, Beki, Bereng, Bhogdoi, Jhanji, Jia Bharali, Sankosh, Sanuo Ru, Boginadi, Rilang, Myntang, Tlawng, Tuirial, Serlui, Vaipuanpho, Tuikual, Sakhisih, Damdiai, Chite, Tuirini, Tuivawl, Lawibual, Challui, Mat, Siakah, Chhimtuipui, Tuikum, Sesah, Phe, Teirei, Tut, Tuichhuahen, Tiau, Tuipui, Nongal, Simsang, Ganol, Damring, Waikhrwi, Kwai, Teirei, Khawthlangtuipui, Ngengpui Stream, Vantawng, Sderkariah, Laitryngew, Wahkhlek Khlek, Wahrew, Umngi, Rwiang, Kalipai, Kmai Um, Lukha, Myntdu, Lamu, Lynriang, Thlu Umwi, Simsang, Teesta, Sonai, Ranganadi, Rangit, Ranichu, Kapili, Karola, Kathakal, Kharsang, Kohora, Kolong, Kundli, Kushiara, Manu, Nonbah, Kynshi, Wah Blei, Lohit, Manas, Maney Khola, Ganol Tura, Milak, Namchik, Noa Dihing, Pachin, Pagldia, Panchnoi, Poma, Yomgo And Mora",,144.5,1.75,7.5,0.3,RAIDAK,2023-06-30
2023,2241,"RIVER SONAI AT SONAI, ASSAM",ASSAM,"Tributary Streams - Burhidihing, Dhansiri, Bharalu, Dikrong, Gai Nadi, Digaru, Digboi, Dikhow, Kaljani, Gabharu, Tocklai, Tunia, Larsing, Dhateshwari, Demow, Borsila, Barak, Dibang, Dihing, Senki, Dorika, Subansiri, Siang, Baralia, Tihu, Singra, Damring, Manda, Dikchu, Dzu, Kha Ru, Dzucha, Torsa, Beki, Bereng, Bhogdoi, Jhanji, Jia Bharali, Sankosh, Sanuo Ru, Boginadi, Rilang, Myntang, Tlawng, Tuirial, Serlui, Vaipuanpho, Tuikual, Sakhisih, Damdiai, Chite, Tuirini, Tuivawl, Lawibual, Challui, Mat, Siakah, Chhimtuipui, Tuikum, Sesah, Phe, Teirei, Tut, Tuichhuahen, Tiau, Tuipui, Nongal, Simsang, Ganol, Damring, Waikhrwi, Kwai, Teirei, Khawthlangtuipui, Ngengpui Stream, Vantawng, Sderkariah, Laitryngew, Wahkhlek Khlek, Wahrew, Umngi, Rwiang, Kalipai, Kmai Um, Lukha, Myntdu, Lamu, Lynriang, Thlu Umwi, Simsang, Teesta, Sonai, Ranganadi, Rangit, Ranichu, Kapili, Karola, Kathakal, Kharsang, Kohora, Kolong, Kundli, Kushiara, Manu, Nonbah, Kynshi, Wah Blei, Lohit, Manas, Maney Khola, Ganol Tura, Milak, Namchik, Noa Dihing, Pachin, Pagldia, Panchnoi, Poma, Yomgo And Mora",,104.0,2.35,5.3,0.9,SONAI,2023-06-30
2023,2234,"RIVER RANGA NADI D/S OF HYDEL PROJECT, ASSAM",ASSAM,"Tributary Streams - Burhidihing, Dhansiri, Bharalu, Dikrong, Gai Nadi, Digaru, Digboi, Dikhow, Kaljani, Gabharu, Tocklai, Tunia, Larsing, Dhateshwari, Demow, Borsila, Barak, Dibang, Dihing, Senki, Dorika, Subansiri, Siang, Baralia, Tihu, Singra, Damring, Manda, Dikchu, Dzu, Kha Ru, Dzucha, Torsa, Beki, Bereng, Bhogdoi, Jhanji, Jia Bharali, Sankosh, Sanuo Ru, Boginadi, Rilang, Myntang, Tlawng, Tuirial, Serlui, Vaipuanpho, Tuikual, Sakhisih, Damdiai, Chite, Tuirini, Tuivawl, Lawibual, Challui, Mat, Siakah, Chhimtuipui, Tuikum, Sesah, Phe, Teirei, Tut, Tuichhuahen, Tiau, Tuipui, Nongal, Simsang, Ganol, Damring, Waikhrwi, Kwai, Teirei, Khawthlangtuipui, Ngengpui Stream, Vantawng, Sderkariah, Laitryngew, Wahkhlek Khlek, Wahrew, Umngi, Rwiang, Kalipai, Kmai Um, Lukha, Myntdu, Lamu, Lynriang, Thlu Umwi, Simsang, Teesta, Sonai, Ranganadi, Rangit, Ranichu, Kapili, Karola, Kathakal, Kharsang, Kohora, Kolong, Kundli, Kushiara, Manu, Nonbah, Kynshi, Wah Blei, Lohit, Manas, Maney Khola, Ganol Tura, Milak, Namchik, Noa Dihing, Pachin, Pagldia, Panchnoi, Poma, Yomgo And Mora",,145.0,2.3,5.800000000000001,1.0,RANGA NADI,2023-06-30
2023,2034,RIVER RANGIT AT DAM SITE (NHPC),SIKKIM,"Tributary Streams - Burhidihing, Dhansiri, Bharalu, Dikrong, Gai Nadi, Digaru, Digboi, Dikhow, Kaljani, Gabharu, Tocklai, Tunia, Larsing, Dhateshwari, Demow, Borsila, Barak, Dibang, Dihing, Senki, Dorika, Subansiri, Siang, Baralia, Tihu, Singra, Damring, Manda, Dikchu, Dzu, Kha Ru, Dzucha, Torsa, Beki, Bereng, Bhogdoi, Jhanji, Jia Bharali, Sankosh, Sanuo Ru, Boginadi, Rilang, Myntang, Tlawng, Tuirial, Serlui, Vaipuanpho, Tuikual, Sakhisih, Damdiai, Chite, Tuirini, Tuivawl, Lawibual, Challui, Mat, Siakah, Chhimtuipui, Tuikum, Sesah, Phe, Teirei, Tut, Tuichhuahen, Tiau, Tuipui, Nongal, Simsang, Ganol, Damring, Waikhrwi, Kwai, Teirei, Khawthlangtuipui, Ngengpui Stream, Vantawng, Sderkariah, Laitryngew, Wahkhlek Khlek, Wahrew, Umngi, Rwiang, Kalipai, Kmai Um, Lukha, Myntdu, Lamu, Lynriang, Thlu Umwi, Simsang, Teesta, Sonai, Ranganadi, Rangit, Ranichu, Kapili, Karola, Kathakal, Kharsang, Kohora, Kolong, Kundli, Kushiara, Manu, Nonbah, Kynshi, Wah Blei, Lohit, Manas, Maney Khola, Ganol Tura, Milak, Namchik, Noa Dihing, Pachin, Pagldia, Panchnoi, Poma, Yomgo And Mora",,159.5,2.05,8.3,3.35,RANGIT,2023-06-30
2023,2035,RIVER RANGIT AT LEGSHIP,SIKKIM,"Tributary Streams - Burhidihing, Dhansiri, Bharalu, Dikrong, Gai Nadi, Digaru, Digboi, Dikhow, Kaljani, Gabharu, Tocklai, Tunia, Larsing, Dhateshwari, Demow, Borsila, Barak, Dibang, Dihing, Senki, Dorika, Subansiri, Siang, Baralia, Tihu, Singra, Damring, Manda, Dikchu, Dzu, Kha Ru, Dzucha, Torsa, Beki, Bereng, Bhogdoi, Jhanji, Jia Bharali, Sankosh, Sanuo Ru, Boginadi, Rilang, Myntang, Tlawng, Tuirial, Serlui, Vaipuanpho, Tuikual, Sakhisih, Damdiai, Chite, Tuirini, Tuivawl, Lawibual, Challui, Mat, Siakah, Chhimtuipui, Tuikum, Sesah, Phe, Teirei, Tut, Tuichhuahen, Tiau, Tuipui, Nongal, Simsang, Ganol, Damring, Waikhrwi, Kwai, Teirei, Khawthlangtuipui, Ngengpui Stream, Vantawng, Sderkariah, Laitryngew, Wahkhlek Khlek, Wahrew, Umngi, Rwiang, Kalipai, Kmai Um, Lukha, Myntdu, Lamu, Lynriang, Thlu Umwi, Simsang, Teesta, Sonai, Ranganadi, Rangit, Ranichu, Kapili, Karola, Kathakal, Kharsang, Kohora, Kolong, Kundli, Kushiara, Manu, Nonbah, Kynshi, Wah Blei, Lohit, Manas, Maney Khola, Ganol Tura, Milak, Namchik, Noa Dihing, Pachin, Pagldia, Panchnoi, Poma, Yomgo And Mora",,161.5,1.9,8.850000000000001,3.25,RANGIT,2023-06-30
2023,2036,RIVER RANGIT AT RESHI,SIKKIM,"Tributary Streams - Burhidihing, Dhansiri, Bharalu, Dikrong, Gai Nadi, Digaru, Digboi, Dikhow, Kaljani, Gabharu, Tocklai, Tunia, Larsing, Dhateshwari, Demow, Borsila, Barak, Dibang, Dihing, Senki, Dorika, Subansiri, Siang, Baralia, Tihu, Singra, Damring, Manda, Dikchu, Dzu, Kha Ru, Dzucha, Torsa, Beki, Bereng, Bhogdoi, Jhanji, Jia Bharali, Sankosh, Sanuo Ru, Boginadi, Rilang, Myntang, Tlawng, Tuirial, Serlui, Vaipuanpho, Tuikual, Sakhisih, Damdiai, Chite, Tuirini, Tuivawl, Lawibual, Challui, Mat, Siakah, Chhimtuipui, Tuikum, Sesah, Phe, Teirei, Tut, Tuichhuahen, Tiau, Tuipui, Nongal, Simsang, Ganol, Damring, Waikhrwi, Kwai, Teirei, Khawthlangtuipui, Ngengpui Stream, Vantawng, Sderkariah, Laitryngew, Wahkhlek Khlek, Wahrew, Umngi, Rwiang, Kalipai, Kmai Um, Lukha, Myntdu, Lamu, Lynriang, Thlu Umwi, Simsang, Teesta, Sonai, Ranganadi, Rangit, Ranichu, Kapili, Karola, Kathakal, Kharsang, Kohora, Kolong, Kundli, Kushiara, Manu, Nonbah, Kynshi, Wah Blei, Lohit, Manas, Maney Khola, Ganol Tura, Milak, Namchik, Noa Dihing, Pachin, Pagldia, Panchnoi, Poma, Yomgo And Mora",,164.5,2.05,8.6,3.5,RANGIT,2023-06-30
2023,2037,RIVER RANGIT AT JORETHANG,SIKKIM,"Tributary Streams - Burhidihing, Dhansiri, Bharalu, Dikrong, Gai Nadi, Digaru, Digboi, Dikhow, Kaljani, Gabharu, Tocklai, Tunia, Larsing, Dhateshwari, Demow, Borsila, Barak, Dibang, Dihing, Senki, Dorika, Subansiri, Siang, Baralia, Tihu, Singra, Damring, Manda, Dikchu, Dzu, Kha Ru, Dzucha, Torsa, Beki, Bereng, Bhogdoi, Jhanji, Jia Bharali, Sankosh, Sanuo Ru, Boginadi, Rilang, Myntang, Tlawng, Tuirial, Serlui, Vaipuanpho, Tuikual, Sakhisih, Damdiai, Chite, Tuirini, Tuivawl, Lawibual, Challui, Mat, Siakah, Chhimtuipui, Tuikum, Sesah, Phe, Teirei, Tut, Tuichhuahen, Tiau, Tuipui, Nongal, Simsang, Ganol, Damring, Waikhrwi, Kwai, Teirei, Khawthlangtuipui, Ngengpui Stream, Vantawng, Sderkariah, Laitryngew, Wahkhlek Khlek, Wahrew, Umngi, Rwiang, Kalipai, Kmai Um, Lukha, Myntdu, Lamu, Lynriang, Thlu Umwi, Simsang, Teesta, Sonai, Ranganadi, Rangit, Ranichu, Kapili, Karola, Kathakal, Kharsang, Kohora, Kolong, Kundli, Kushiara, Manu, Nonbah, Kynshi, Wah Blei, Lohit, Manas, Maney Khola, Ganol Tura, Milak, Namchik, Noa Dihing, Pachin, Pagldia, Panchnoi, Poma, Yomgo And Mora",,160.5,2.2,8.6,3.2,RANGIT,2023-06-30
2023,2038,RIVER RANGIT AT TRIVENI MELLI,SIKKIM,"Tributary Streams - Burhidihing, Dhansiri, Bharalu, Dikrong, Gai Nadi, Digaru, Digboi, Dikhow, Kaljani, Gabharu, Tocklai, Tunia, Larsing, Dhateshwari, Demow, Borsila, Barak, Dibang, Dihing, Senki, Dorika, Subansiri, Siang, Baralia, Tihu, Singra, Damring, Manda, Dikchu, Dzu, Kha Ru, Dzucha, Torsa, Beki, Bereng, Bhogdoi, Jhanji, Jia Bharali, Sankosh, Sanuo Ru, Boginadi, Rilang, Myntang, Tlawng, Tuirial, Serlui, Vaipuanpho, Tuikual, Sakhisih, Damdiai, Chite, Tuirini, Tuivawl, Lawibual, Challui, Mat, Siakah, Chhimtuipui, Tuikum, Sesah, Phe, Teirei, Tut, Tuichhuahen, Tiau, Tuipui, Nongal, Simsang, Ganol, Damring, Waikhrwi, Kwai, Teirei, Khawthlangtuipui, Ngengpui Stream, Vantawng, Sderkariah, Laitryngew, Wahkhlek Khlek, Wahrew, Umngi, Rwiang, Kalipai, Kmai Um, Lukha, Myntdu, Lamu, Lynriang, Thlu Umwi, Simsang, Teesta, Sonai, Ranganadi, Rangit, Ranichu, Kapili, Karola, Kathakal, Kharsang, Kohora, Kolong, Kundli, Kushiara, Manu, Nonbah, Kynshi, Wah Blei, Lohit, Manas, Maney Khola, Ganol Tura, Milak, Namchik, Noa Dihing, Pachin, Pagldia, Panchnoi, Poma, Yomgo And Mora",,159.0,2.25,8.55,3.15,RANGIT,2023-06-30
2023,5553,"RIVER RANGIT AT UPSTREAM OF DAM , RANGIT STAGE-IV RESHI NHPC RESHI SORENG,DIST",SIKKIM,"Tributary Streams - Burhidihing, Dhansiri, Bharalu, Dikrong, Gai Nadi, Digaru, Digboi, Dikhow, Kaljani, Gabharu, Tocklai, Tunia, Larsing, Dhateshwari, Demow, Borsila, Barak, Dibang, Dihing, Senki, Dorika, Subansiri, Siang, Baralia, Tihu, Singra, Damring, Manda, Dikchu, Dzu, Kha Ru, Dzucha, Torsa, Beki, Bereng, Bhogdoi, Jhanji, Jia Bharali, Sankosh, Sanuo Ru, Boginadi, Rilang, Myntang, Tlawng, Tuirial, Serlui, Vaipuanpho, Tuikual, Sakhisih, Damdiai, Chite, Tuirini, Tuivawl, Lawibual, Challui, Mat, Siakah, Chhimtuipui, Tuikum, Sesah, Phe, Teirei, Tut, Tuichhuahen, Tiau, Tuipui, Nongal, Simsang, Ganol, Damring, Waikhrwi, Kwai, Teirei, Khawthlangtuipui, Ngengpui Stream, Vantawng, Sderkariah, Laitryngew, Wahkhlek Khlek, Wahrew, Umngi, Rwiang, Kalipai, Kmai Um, Lukha, Myntdu, Lamu, Lynriang, Thlu Umwi, Simsang, Teesta, Sonai, Ranganadi, Rangit, Ranichu, Kapili, Karola, Kathakal, Kharsang, Kohora, Kolong, Kundli, Kushiara, Manu, Nonbah, Kynshi, Wah Blei, Lohit, Manas, Maney Khola, Ganol Tura, Milak, Namchik, Noa Dihing, Pachin, Pagldia, Panchnoi, Poma, Yomgo And Mora",,70.0,2.0,8.1,3.25,RANGIT,2023-06-30
2023,5554,"RIVER RANGIT AT JORETHANG (MAJIGOAN), NAMCHI",SIKKIM,"Tributary Streams - Burhidihing, Dhansiri, Bharalu, Dikrong, Gai Nadi, Digaru, Digboi, Dikhow, Kaljani, Gabharu, Tocklai, Tunia, Larsing, Dhateshwari, Demow, Borsila, Barak, Dibang, Dihing, Senki, Dorika, Subansiri, Siang, Baralia, Tihu, Singra, Damring, Manda, Dikchu, Dzu, Kha Ru, Dzucha, Torsa, Beki, Bereng, Bhogdoi, Jhanji, Jia Bharali, Sankosh, Sanuo Ru, Boginadi, Rilang, Myntang, Tlawng, Tuirial, Serlui, Vaipuanpho, Tuikual, Sakhisih, Damdiai, Chite, Tuirini, Tuivawl, Lawibual, Challui, Mat, Siakah, Chhimtuipui, Tuikum, Sesah, Phe, Teirei, Tut, Tuichhuahen, Tiau, Tuipui, Nongal, Simsang, Ganol, Damring, Waikhrwi, Kwai, Teirei, Khawthlangtuipui, Ngengpui Stream, Vantawng, Sderkariah, Laitryngew, Wahkhlek Khlek, Wahrew, Umngi, Rwiang, Kalipai, Kmai Um, Lukha, Myntdu, Lamu, Lynriang, Thlu Umwi, Simsang, Teesta, Sonai, Ranganadi, Rangit, Ranichu, Kapili, Karola, Kathakal, Kharsang, Kohora, Kolong, Kundli, Kushiara, Manu, Nonbah, Kynshi, Wah Blei, Lohit, Manas, Maney Khola, Ganol Tura, Milak, Namchik, Noa Dihing, Pachin, Pagldia, Panchnoi, Poma, Yomgo And Mora",,61.0,2.15,8.2,,RANGIT,2023-06-30
2023,5555,"RIVER RANGIT AT MANPUR(BELOW INDUSTRIAL AREA),NAMCHI DIST SIKKIM",SIKKIM,"Tributary Streams - Burhidihing, Dhansiri, Bharalu, Dikrong, Gai Nadi, Digaru, Digboi, Dikhow, Kaljani, Gabharu, Tocklai, Tunia, Larsing, Dhateshwari, Demow, Borsila, Barak, Dibang, Dihing, Senki, Dorika, Subansiri, Siang, Baralia, Tihu, Singra, Damring, Manda, Dikchu, Dzu, Kha Ru, Dzucha, Torsa, Beki, Bereng, Bhogdoi, Jhanji, Jia Bharali, Sankosh, Sanuo Ru, Boginadi, Rilang, Myntang, Tlawng, Tuirial, Serlui, Vaipuanpho, Tuikual, Sakhisih, Damdiai, Chite, Tuirini, Tuivawl, Lawibual, Challui, Mat, Siakah, Chhimtuipui, Tuikum, Sesah, Phe, Teirei, Tut, Tuichhuahen, Tiau, Tuipui, Nongal, Simsang, Ganol, Damring, Waikhrwi, Kwai, Teirei, Khawthlangtuipui, Ngengpui Stream, Vantawng, Sderkariah, Laitryngew, Wahkhlek Khlek, Wahrew, Umngi, Rwiang, Kalipai, Kmai Um, Lukha, Myntdu, Lamu, Lynriang, Thlu Umwi, Simsang, Teesta, Sonai, Ranganadi, Rangit, Ranichu, Kapili, Karola, Kathakal, Kharsang, Kohora, Kolong, Kundli, Kushiara, Manu, Nonbah, Kynshi, Wah Blei, Lohit, Manas, Maney Khola, Ganol Tura, Milak, Namchik, Noa Dihing, Pachin, Pagldia, Panchnoi, Poma, Yomgo And Mora",,86.5,2.0,8.1,3.35,RANGIT,2023-06-30
2023,5556,"RIVER TEESTA AT MAMRING BELOW MAMRING BRIDGE,NAMCHI, DIST , SIKKIM",SIKKIM,"Tributary Streams - Burhidihing, Dhansiri, Bharalu, Dikrong, Gai Nadi, Digaru, Digboi, Dikhow, Kaljani, Gabharu, Tocklai, Tunia, Larsing, Dhateshwari, Demow, Borsila, Barak, Dibang, Dihing, Senki, Dorika, Subansiri, Siang, Baralia, Tihu, Singra, Damring, Manda, Dikchu, Dzu, Kha Ru, Dzucha, Torsa, Beki, Bereng, Bhogdoi, Jhanji, Jia Bharali, Sankosh, Sanuo Ru, Boginadi, Rilang, Myntang, Tlawng, Tuirial, Serlui, Vaipuanpho, Tuikual, Sakhisih, Damdiai, Chite, Tuirini, Tuivawl, Lawibual, Challui, Mat, Siakah, Chhimtuipui, Tuikum, Sesah, Phe, Teirei, Tut, Tuichhuahen, Tiau, Tuipui, Nongal, Simsang, Ganol, Damring, Waikhrwi, Kwai, Teirei, Khawthlangtuipui, Ngengpui Stream, Vantawng, Sderkariah, Laitryngew, Wahkhlek Khlek, Wahrew, Umngi, Rwiang, Kalipai, Kmai Um, Lukha, Myntdu, Lamu, Lynriang, Thlu Umwi, Simsang, Teesta, Sonai, Ranganadi, Rangit, Ranichu, Kapili, Karola, Kathakal, Kharsang, Kohora, Kolong, Kundli, Kushiara, Manu, Nonbah, Kynshi, Wah Blei, Lohit, Manas, Maney Khola, Ganol Tura, Milak, Namchik, Noa Dihing, Pachin, Pagldia, Panchnoi, Poma, Yomgo And Mora",,80.0,2.15,6.2,3.3,TEESTA,2023-06-30
2023,5557,"RIVER TEESTA AT BARDANG BELOW ATTC, PAKYONG DIST",SIKKIM,"Tributary Streams - Burhidihing, Dhansiri, Bharalu, Dikrong, Gai Nadi, Digaru, Digboi, Dikhow, Kaljani, Gabharu, Tocklai, Tunia, Larsing, Dhateshwari, Demow, Borsila, Barak, Dibang, Dihing, Senki, Dorika, Subansiri, Siang, Baralia, Tihu, Singra, Damring, Manda, Dikchu, Dzu, Kha Ru, Dzucha, Torsa, Beki, Bereng, Bhogdoi, Jhanji, Jia Bharali, Sankosh, Sanuo Ru, Boginadi, Rilang, Myntang, Tlawng, Tuirial, Serlui, Vaipuanpho, Tuikual, Sakhisih, Damdiai, Chite, Tuirini, Tuivawl, Lawibual, Challui, Mat, Siakah, Chhimtuipui, Tuikum, Sesah, Phe, Teirei, Tut, Tuichhuahen, Tiau, Tuipui, Nongal, Simsang, Ganol, Damring, Waikhrwi, Kwai, Teirei, Khawthlangtuipui, Ngengpui Stream, Vantawng, Sderkariah, Laitryngew, Wahkhlek Khlek, Wahrew, Umngi, Rwiang, Kalipai, Kmai Um, Lukha, Myntdu, Lamu, Lynriang, Thlu Umwi, Simsang, Teesta, Sonai, Ranganadi, Rangit, Ranichu, Kapili, Karola, Kathakal, Kharsang, Kohora, Kolong, Kundli, Kushiara, Manu, Nonbah, Kynshi, Wah Blei, Lohit, Manas, Maney Khola, Ganol Tura, Milak, Namchik, Noa Dihing, Pachin, Pagldia, Panchnoi, Poma, Yomgo And Mora",,84.5,2.0999999999999996,8.45,3.15,TEESTA,2023-06-30
2023,1805,RIVER AFTER CONFLUENCE OF RANICHU AND RORACHU AT RANIPOOL,SIKKIM,"Tributary Streams - Burhidihing, Dhansiri, Bharalu, Dikrong, Gai Nadi, Digaru, Digboi, Dikhow, Kaljani, Gabharu, Tocklai, Tunia, Larsing, Dhateshwari, Demow, Borsila, Barak, Dibang, Dihing, Senki, Dorika, Subansiri, Siang, Baralia, Tihu, Singra, Damring, Manda, Dikchu, Dzu, Kha Ru, Dzucha, Torsa, Beki, Bereng, Bhogdoi, Jhanji, Jia Bharali, Sankosh, Sanuo Ru, Boginadi, Rilang, Myntang, Tlawng, Tuirial, Serlui, Vaipuanpho, Tuikual, Sakhisih, Damdiai, Chite, Tuirini, Tuivawl, Lawibual, Challui, Mat, Siakah, Chhimtuipui, Tuikum, Sesah, Phe, Teirei, Tut, Tuichhuahen, Tiau, Tuipui, Nongal, Simsang, Ganol, Damring, Waikhrwi, Kwai, Teirei, Khawthlangtuipui, Ngengpui Stream, Vantawng, Sderkariah, Laitryngew, Wahkhlek Khlek, Wahrew, Umngi, Rwiang, Kalipai, Kmai Um, Lukha, Myntdu, Lamu, Lynriang, Thlu Umwi, Simsang, Teesta, Sonai, Ranganadi, Rangit, Ranichu, Kapili, Karola, Kathakal, Kharsang, Kohora, Kolong, Kundli, Kushiara, Manu, Nonbah, Kynshi, Wah Blei, Lohit, Manas, Maney Khola, Ganol Tura, Milak, Namchik, Noa Dihing, Pachin, Pagldia, Panchnoi, Poma, Yomgo And Mora",,150.5,2.35,8.4,3.2,AFTER CONFLUENCE OF RANICHU AND RORACHU,2023-06-30
2023,1806,"RIVER RANICHU BEFORE CONFLUENCE WITH TEESTA AT SINGTAM, SIKKIM",SIKKIM,"Tributary Streams - Burhidihing, Dhansiri, Bharalu, Dikrong, Gai Nadi, Digaru, Digboi, Dikhow, Kaljani, Gabharu, Tocklai, Tunia, Larsing, Dhateshwari, Demow, Borsila, Barak, Dibang, Dihing, Senki, Dorika, Subansiri, Siang, Baralia, Tihu, Singra, Damring, Manda, Dikchu, Dzu, Kha Ru, Dzucha, Torsa, Beki, Bereng, Bhogdoi, Jhanji, Jia Bharali, Sankosh, Sanuo Ru, Boginadi, Rilang, Myntang, Tlawng, Tuirial, Serlui, Vaipuanpho, Tuikual, Sakhisih, Damdiai, Chite, Tuirini, Tuivawl, Lawibual, Challui, Mat, Siakah, Chhimtuipui, Tuikum, Sesah, Phe, Teirei, Tut, Tuichhuahen, Tiau, Tuipui, Nongal, Simsang, Ganol, Damring, Waikhrwi, Kwai, Teirei, Khawthlangtuipui, Ngengpui Stream, Vantawng, Sderkariah, Laitryngew, Wahkhlek Khlek, Wahrew, Umngi, Rwiang, Kalipai, Kmai Um, Lukha, Myntdu, Lamu, Lynriang, Thlu Umwi, Simsang, Teesta, Sonai, Ranganadi, Rangit, Ranichu, Kapili, Karola, Kathakal, Kharsang, Kohora, Kolong, Kundli, Kushiara, Manu, Nonbah, Kynshi, Wah Blei, Lohit, Manas, Maney Khola, Ganol Tura, Milak, Namchik, Noa Dihing, Pachin, Pagldia, Panchnoi, Poma, Yomgo And Mora",,150.0,2.25,8.6,,RANICHU BEFORE CONFLUENCE WITH TEESTA,2023-06-30
2023,1802,RIVER DIKCHU BEFORE CONFLUENCS WITH RIVER TEESTA NEAR NHPC HYDROELECTRIC POWER PROJECT DIKCHU,SIKKIM,"Tributary Streams - Burhidihing, Dhansiri, Bharalu, Dikrong, Gai Nadi, Digaru, Digboi, Dikhow, Kaljani, Gabharu, Tocklai, Tunia, Larsing, Dhateshwari, Demow, Borsila, Barak, Dibang, Dihing, Senki, Dorika, Subansiri, Siang, Baralia, Tihu, Singra, Damring, Manda, Dikchu, Dzu, Kha Ru, Dzucha, Torsa, Beki, Bereng, Bhogdoi, Jhanji, Jia Bharali, Sankosh, Sanuo Ru, Boginadi, Rilang, Myntang, Tlawng, Tuirial, Serlui, Vaipuanpho, Tuikual, Sakhisih, Damdiai, Chite, Tuirini, Tuivawl, Lawibual, Challui, Mat, Siakah, Chhimtuipui, Tuikum, Sesah, Phe, Teirei, Tut, Tuichhuahen, Tiau, Tuipui, Nongal, Simsang, Ganol, Damring, Waikhrwi, Kwai, Teirei, Khawthlangtuipui, Ngengpui Stream, Vantawng, Sderkariah, Laitryngew, Wahkhlek Khlek, Wahrew, Umngi, Rwiang, Kalipai, Kmai Um, Lukha, Myntdu, Lamu, Lynriang, Thlu Umwi, Simsang, Teesta, Sonai, Ranganadi, Rangit, Ranichu, Kapili, Karola, Kathakal, Kharsang, Kohora, Kolong, Kundli, Kushiara, Manu, Nonbah, Kynshi, Wah Blei, Lohit, Manas, Maney Khola, Ganol Tura, Milak, Namchik, Noa Dihing, Pachin, Pagldia, Panchnoi, Poma, Yomgo And Mora",,147.5,2.0,8.45,2.8,DIKCHU BEFORE CONFLUENCS WITH RIVER TEESTA,2023-06-30
2023,5281,RIVER RANGPO U/S DAM SITE,SIKKIM,"Tributary Streams - Burhidihing, Dhansiri, Bharalu, Dikrong, Gai Nadi, Digaru, Digboi, Dikhow, Kaljani, Gabharu, Tocklai, Tunia, Larsing, Dhateshwari, Demow, Borsila, Barak, Dibang, Dihing, Senki, Dorika, Subansiri, Siang, Baralia, Tihu, Singra, Damring, Manda, Dikchu, Dzu, Kha Ru, Dzucha, Torsa, Beki, Bereng, Bhogdoi, Jhanji, Jia Bharali, Sankosh, Sanuo Ru, Boginadi, Rilang, Myntang, Tlawng, Tuirial, Serlui, Vaipuanpho, Tuikual, Sakhisih, Damdiai, Chite, Tuirini, Tuivawl, Lawibual, Challui, Mat, Siakah, Chhimtuipui, Tuikum, Sesah, Phe, Teirei, Tut, Tuichhuahen, Tiau, Tuipui, Nongal, Simsang, Ganol, Damring, Waikhrwi, Kwai, Teirei, Khawthlangtuipui, Ngengpui Stream, Vantawng, Sderkariah, Laitryngew, Wahkhlek Khlek, Wahrew, Umngi, Rwiang, Kalipai, Kmai Um, Lukha, Myntdu, Lamu, Lynriang, Thlu Umwi, Simsang, Teesta, Sonai, Ranganadi, Rangit, Ranichu, Kapili, Karola, Kathakal, Kharsang, Kohora, Kolong, Kundli, Kushiara, Manu, Nonbah, Kynshi, Wah Blei, Lohit, Manas, Maney Khola, Ganol Tura, Milak, Namchik, Noa Dihing, Pachin, Pagldia, Panchnoi, Poma, Yomgo And Mora",,160.5,2.15,8.45,3.25,RANGPO,2023-06-30
2023,5282,RIVER RANGPO D/S DAM SITE,SIKKIM,"Tributary Streams - Burhidihing, Dhansiri, Bharalu, Dikrong, Gai Nadi, Digaru, Digboi, Dikhow, Kaljani, Gabharu, Tocklai, Tunia, Larsing, Dhateshwari, Demow, Borsila, Barak, Dibang, Dihing, Senki, Dorika, Subansiri, Siang, Baralia, Tihu, Singra, Damring, Manda, Dikchu, Dzu, Kha Ru, Dzucha, Torsa, Beki, Bereng, Bhogdoi, Jhanji, Jia Bharali, Sankosh, Sanuo Ru, Boginadi, Rilang, Myntang, Tlawng, Tuirial, Serlui, Vaipuanpho, Tuikual, Sakhisih, Damdiai, Chite, Tuirini, Tuivawl, Lawibual, Challui, Mat, Siakah, Chhimtuipui, Tuikum, Sesah, Phe, Teirei, Tut, Tuichhuahen, Tiau, Tuipui, Nongal, Simsang, Ganol, Damring, Waikhrwi, Kwai, Teirei, Khawthlangtuipui, Ngengpui Stream, Vantawng, Sderkariah, Laitryngew, Wahkhlek Khlek, Wahrew, Umngi, Rwiang, Kalipai, Kmai Um, Lukha, Myntdu, Lamu, Lynriang, Thlu Umwi, Simsang, Teesta, Sonai, Ranganadi, Rangit, Ranichu, Kapili, Karola, Kathakal, Kharsang, Kohora, Kolong, Kundli, Kushiara, Manu, Nonbah, Kynshi, Wah Blei, Lohit, Manas, Maney Khola, Ganol Tura, Milak, Namchik, Noa Dihing, Pachin, Pagldia, Panchnoi, Poma, Yomgo And Mora",,164.0,2.15,8.35,3.4000000000000004,RANGPO,2023-06-30
2023,5283,RIVER RONGLI U/S DAM SITE,SIKKIM,"Tributary Streams - Burhidihing, Dhansiri, Bharalu, Dikrong, Gai Nadi, Digaru, Digboi, Dikhow, Kaljani, Gabharu, Tocklai, Tunia, Larsing, Dhateshwari, Demow, Borsila, Barak, Dibang, Dihing, Senki, Dorika, Subansiri, Siang, Baralia, Tihu, Singra, Damring, Manda, Dikchu, Dzu, Kha Ru, Dzucha, Torsa, Beki, Bereng, Bhogdoi, Jhanji, Jia Bharali, Sankosh, Sanuo Ru, Boginadi, Rilang, Myntang, Tlawng, Tuirial, Serlui, Vaipuanpho, Tuikual, Sakhisih, Damdiai, Chite, Tuirini, Tuivawl, Lawibual, Challui, Mat, Siakah, Chhimtuipui, Tuikum, Sesah, Phe, Teirei, Tut, Tuichhuahen, Tiau, Tuipui, Nongal, Simsang, Ganol, Damring, Waikhrwi, Kwai, Teirei, Khawthlangtuipui, Ngengpui Stream, Vantawng, Sderkariah, Laitryngew, Wahkhlek Khlek, Wahrew, Umngi, Rwiang, Kalipai, Kmai Um, Lukha, Myntdu, Lamu, Lynriang, Thlu Umwi, Simsang, Teesta, Sonai, Ranganadi, Rangit, Ranichu, Kapili, Karola, Kathakal, Kharsang, Kohora, Kolong, Kundli, Kushiara, Manu, Nonbah, Kynshi, Wah Blei, Lohit, Manas, Maney Khola, Ganol Tura, Milak, Namchik, Noa Dihing, Pachin, Pagldia, Panchnoi, Poma, Yomgo And Mora",,144.0,2.2,8.25,3.3,RONGLI,2023-06-30
2023,5284,RIVER RONGLI D/S DAM SITE,SIKKIM,"Tributary Streams - Burhidihing, Dhansiri, Bharalu, Dikrong, Gai Nadi, Digaru, Digboi, Dikhow, Kaljani, Gabharu, Tocklai, Tunia, Larsing, Dhateshwari, Demow, Borsila, Barak, Dibang, Dihing, Senki, Dorika, Subansiri, Siang, Baralia, Tihu, Singra, Damring, Manda, Dikchu, Dzu, Kha Ru, Dzucha, Torsa, Beki, Bereng, Bhogdoi, Jhanji, Jia Bharali, Sankosh, Sanuo Ru, Boginadi, Rilang, Myntang, Tlawng, Tuirial, Serlui, Vaipuanpho, Tuikual, Sakhisih, Damdiai, Chite, Tuirini, Tuivawl, Lawibual, Challui, Mat, Siakah, Chhimtuipui, Tuikum, Sesah, Phe, Teirei, Tut, Tuichhuahen, Tiau, Tuipui, Nongal, Simsang, Ganol, Damring, Waikhrwi, Kwai, Teirei, Khawthlangtuipui, Ngengpui Stream, Vantawng, Sderkariah, Laitryngew, Wahkhlek Khlek, Wahrew, Umngi, Rwiang, Kalipai, Kmai Um, Lukha, Myntdu, Lamu, Lynriang, Thlu Umwi, Simsang, Teesta, Sonai, Ranganadi, Rangit, Ranichu, Kapili, Karola, Kathakal, Kharsang, Kohora, Kolong, Kundli, Kushiara, Manu, Nonbah, Kynshi, Wah Blei, Lohit, Manas, Maney Khola, Ganol Tura, Milak, Namchik, Noa Dihing, Pachin, Pagldia, Panchnoi, Poma, Yomgo And Mora",,119.0,2.15,8.3,3.45,RONGLI,2023-06-30
2023,5285,RIVER RANGPO AT POWER HOUSE D/S OF GATI INFRASTRUCTURE PVT. LTD.,SIKKIM,"Tributary Streams - Burhidihing, Dhansiri, Bharalu, Dikrong, Gai Nadi, Digaru, Digboi, Dikhow, Kaljani, Gabharu, Tocklai, Tunia, Larsing, Dhateshwari, Demow, Borsila, Barak, Dibang, Dihing, Senki, Dorika, Subansiri, Siang, Baralia, Tihu, Singra, Damring, Manda, Dikchu, Dzu, Kha Ru, Dzucha, Torsa, Beki, Bereng, Bhogdoi, Jhanji, Jia Bharali, Sankosh, Sanuo Ru, Boginadi, Rilang, Myntang, Tlawng, Tuirial, Serlui, Vaipuanpho, Tuikual, Sakhisih, Damdiai, Chite, Tuirini, Tuivawl, Lawibual, Challui, Mat, Siakah, Chhimtuipui, Tuikum, Sesah, Phe, Teirei, Tut, Tuichhuahen, Tiau, Tuipui, Nongal, Simsang, Ganol, Damring, Waikhrwi, Kwai, Teirei, Khawthlangtuipui, Ngengpui Stream, Vantawng, Sderkariah, Laitryngew, Wahkhlek Khlek, Wahrew, Umngi, Rwiang, Kalipai, Kmai Um, Lukha, Myntdu, Lamu, Lynriang, Thlu Umwi, Simsang, Teesta, Sonai, Ranganadi, Rangit, Ranichu, Kapili, Karola, Kathakal, Kharsang, Kohora, Kolong, Kundli, Kushiara, Manu, Nonbah, Kynshi, Wah Blei, Lohit, Manas, Maney Khola, Ganol Tura, Milak, Namchik, Noa Dihing, Pachin, Pagldia, Panchnoi, Poma, Yomgo And Mora",,81.0,1.9,8.35,3.55,RANGPO,2023-06-30
2023,5286,RIVER RANGPO AT U/S OF RORATHANG BAZAR (ABOVE SWISS GARNIER),SIKKIM,"Tributary Streams - Burhidihing, Dhansiri, Bharalu, Dikrong, Gai Nadi, Digaru, Digboi, Dikhow, Kaljani, Gabharu, Tocklai, Tunia, Larsing, Dhateshwari, Demow, Borsila, Barak, Dibang, Dihing, Senki, Dorika, Subansiri, Siang, Baralia, Tihu, Singra, Damring, Manda, Dikchu, Dzu, Kha Ru, Dzucha, Torsa, Beki, Bereng, Bhogdoi, Jhanji, Jia Bharali, Sankosh, Sanuo Ru, Boginadi, Rilang, Myntang, Tlawng, Tuirial, Serlui, Vaipuanpho, Tuikual, Sakhisih, Damdiai, Chite, Tuirini, Tuivawl, Lawibual, Challui, Mat, Siakah, Chhimtuipui, Tuikum, Sesah, Phe, Teirei, Tut, Tuichhuahen, Tiau, Tuipui, Nongal, Simsang, Ganol, Damring, Waikhrwi, Kwai, Teirei, Khawthlangtuipui, Ngengpui Stream, Vantawng, Sderkariah, Laitryngew, Wahkhlek Khlek, Wahrew, Umngi, Rwiang, Kalipai, Kmai Um, Lukha, Myntdu, Lamu, Lynriang, Thlu Umwi, Simsang, Teesta, Sonai, Ranganadi, Rangit, Ranichu, Kapili, Karola, Kathakal, Kharsang, Kohora, Kolong, Kundli, Kushiara, Manu, Nonbah, Kynshi, Wah Blei, Lohit, Manas, Maney Khola, Ganol Tura, Milak, Namchik, Noa Dihing, Pachin, Pagldia, Panchnoi, Poma, Yomgo And Mora",,91.0,1.85,8.15,3.5,RANGPO,2023-06-30
2023,5287,RIVER RANGPO AT D/S OF RORATHANG BRIDGE,SIKKIM,"Tributary Streams - Burhidihing, Dhansiri, Bharalu, Dikrong, Gai Nadi, Digaru, Digboi, Dikhow, Kaljani, Gabharu, Tocklai, Tunia, Larsing, Dhateshwari, Demow, Borsila, Barak, Dibang, Dihing, Senki, Dorika, Subansiri, Siang, Baralia, Tihu, Singra, Damring, Manda, Dikchu, Dzu, Kha Ru, Dzucha, Torsa, Beki, Bereng, Bhogdoi, Jhanji, Jia Bharali, Sankosh, Sanuo Ru, Boginadi, Rilang, Myntang, Tlawng, Tuirial, Serlui, Vaipuanpho, Tuikual, Sakhisih, Damdiai, Chite, Tuirini, Tuivawl, Lawibual, Challui, Mat, Siakah, Chhimtuipui, Tuikum, Sesah, Phe, Teirei, Tut, Tuichhuahen, Tiau, Tuipui, Nongal, Simsang, Ganol, Damring, Waikhrwi, Kwai, Teirei, Khawthlangtuipui, Ngengpui Stream, Vantawng, Sderkariah, Laitryngew, Wahkhlek Khlek, Wahrew, Umngi, Rwiang, Kalipai, Kmai Um, Lukha, Myntdu, Lamu, Lynriang, Thlu Umwi, Simsang, Teesta, Sonai, Ranganadi, Rangit, Ranichu, Kapili, Karola, Kathakal, Kharsang, Kohora, Kolong, Kundli, Kushiara, Manu, Nonbah, Kynshi, Wah Blei, Lohit, Manas, Maney Khola, Ganol Tura, Milak, Namchik, Noa Dihing, Pachin, Pagldia, Panchnoi, Poma, Yomgo And Mora",,72.0,2.0,8.3,3.15,RANGPO,2023-06-30
2023,5288,RIVER RANGPO AT D/S OF PHARMA PLANT KUMREK,SIKKIM,"Tributary Streams - Burhidihing, Dhansiri, Bharalu, Dikrong, Gai Nadi, Digaru, Digboi, Dikhow, Kaljani, Gabharu, Tocklai, Tunia, Larsing, Dhateshwari, Demow, Borsila, Barak, Dibang, Dihing, Senki, Dorika, Subansiri, Siang, Baralia, Tihu, Singra, Damring, Manda, Dikchu, Dzu, Kha Ru, Dzucha, Torsa, Beki, Bereng, Bhogdoi, Jhanji, Jia Bharali, Sankosh, Sanuo Ru, Boginadi, Rilang, Myntang, Tlawng, Tuirial, Serlui, Vaipuanpho, Tuikual, Sakhisih, Damdiai, Chite, Tuirini, Tuivawl, Lawibual, Challui, Mat, Siakah, Chhimtuipui, Tuikum, Sesah, Phe, Teirei, Tut, Tuichhuahen, Tiau, Tuipui, Nongal, Simsang, Ganol, Damring, Waikhrwi, Kwai, Teirei, Khawthlangtuipui, Ngengpui Stream, Vantawng, Sderkariah, Laitryngew, Wahkhlek Khlek, Wahrew, Umngi, Rwiang, Kalipai, Kmai Um, Lukha, Myntdu, Lamu, Lynriang, Thlu Umwi, Simsang, Teesta, Sonai, Ranganadi, Rangit, Ranichu, Kapili, Karola, Kathakal, Kharsang, Kohora, Kolong, Kundli, Kushiara, Manu, Nonbah, Kynshi, Wah Blei, Lohit, Manas, Maney Khola, Ganol Tura, Milak, Namchik, Noa Dihing, Pachin, Pagldia, Panchnoi, Poma, Yomgo And Mora",,84.0,2.15,7.7,3.3,RANGPO,2023-06-30
2023,5289,RIVER RANGPO AT D/S OF POWER HOUSE OF MADHYA BHARAT,SIKKIM,"Tributary Streams - Burhidihing, Dhansiri, Bharalu, Dikrong, Gai Nadi, Digaru, Digboi, Dikhow, Kaljani, Gabharu, Tocklai, Tunia, Larsing, Dhateshwari, Demow, Borsila, Barak, Dibang, Dihing, Senki, Dorika, Subansiri, Siang, Baralia, Tihu, Singra, Damring, Manda, Dikchu, Dzu, Kha Ru, Dzucha, Torsa, Beki, Bereng, Bhogdoi, Jhanji, Jia Bharali, Sankosh, Sanuo Ru, Boginadi, Rilang, Myntang, Tlawng, Tuirial, Serlui, Vaipuanpho, Tuikual, Sakhisih, Damdiai, Chite, Tuirini, Tuivawl, Lawibual, Challui, Mat, Siakah, Chhimtuipui, Tuikum, Sesah, Phe, Teirei, Tut, Tuichhuahen, Tiau, Tuipui, Nongal, Simsang, Ganol, Damring, Waikhrwi, Kwai, Teirei, Khawthlangtuipui, Ngengpui Stream, Vantawng, Sderkariah, Laitryngew, Wahkhlek Khlek, Wahrew, Umngi, Rwiang, Kalipai, Kmai Um, Lukha, Myntdu, Lamu, Lynriang, Thlu Umwi, Simsang, Teesta, Sonai, Ranganadi, Rangit, Ranichu, Kapili, Karola, Kathakal, Kharsang, Kohora, Kolong, Kundli, Kushiara, Manu, Nonbah, Kynshi, Wah Blei, Lohit, Manas, Maney Khola, Ganol Tura, Milak, Namchik, Noa Dihing, Pachin, Pagldia, Panchnoi, Poma, Yomgo And Mora",,83.0,2.25,7.85,3.1500000000000004,RANGPO,2023-06-30
2023,2236,"RIVER KAPILI AT DHARMTUL BRIDGE, NH-31, MORIGAON, ASSAM",ASSAM,"Tributary Streams - Burhidihing, Dhansiri, Bharalu, Dikrong, Gai Nadi, Digaru, Digboi, Dikhow, Kaljani, Gabharu, Tocklai, Tunia, Larsing, Dhateshwari, Demow, Borsila, Barak, Dibang, Dihing, Senki, Dorika, Subansiri, Siang, Baralia, Tihu, Singra, Damring, Manda, Dikchu, Dzu, Kha Ru, Dzucha, Torsa, Beki, Bereng, Bhogdoi, Jhanji, Jia Bharali, Sankosh, Sanuo Ru, Boginadi, Rilang, Myntang, Tlawng, Tuirial, Serlui, Vaipuanpho, Tuikual, Sakhisih, Damdiai, Chite, Tuirini, Tuivawl, Lawibual, Challui, Mat, Siakah, Chhimtuipui, Tuikum, Sesah, Phe, Teirei, Tut, Tuichhuahen, Tiau, Tuipui, Nongal, Simsang, Ganol, Damring, Waikhrwi, Kwai, Teirei, Khawthlangtuipui, Ngengpui Stream, Vantawng, Sderkariah, Laitryngew, Wahkhlek Khlek, Wahrew, Umngi, Rwiang, Kalipai, Kmai Um, Lukha, Myntdu, Lamu, Lynriang, Thlu Umwi, Simsang, Teesta, Sonai, Ranganadi, Rangit, Ranichu, Kapili, Karola, Kathakal, Kharsang, Kohora, Kolong, Kundli, Kushiara, Manu, Nonbah, Kynshi, Wah Blei, Lohit, Manas, Maney Khola, Ganol Tura, Milak, Namchik, Noa Dihing, Pachin, Pagldia, Panchnoi, Poma, Yomgo And Mora",,148.0,2.3,7.1,1.2,KAPILI,2023-06-30
2023,2523,"RIVER KAROLA, D/S OF JALPAIGURI, NEAR MIN BHAWAN, JALPAIGURI",WEST BENGAL,"Tributary Streams - Burhidihing, Dhansiri, Bharalu, Dikrong, Gai Nadi, Digaru, Digboi, Dikhow, Kaljani, Gabharu, Tocklai, Tunia, Larsing, Dhateshwari, Demow, Borsila, Barak, Dibang, Dihing, Senki, Dorika, Subansiri, Siang, Baralia, Tihu, Singra, Damring, Manda, Dikchu, Dzu, Kha Ru, Dzucha, Torsa, Beki, Bereng, Bhogdoi, Jhanji, Jia Bharali, Sankosh, Sanuo Ru, Boginadi, Rilang, Myntang, Tlawng, Tuirial, Serlui, Vaipuanpho, Tuikual, Sakhisih, Damdiai, Chite, Tuirini, Tuivawl, Lawibual, Challui, Mat, Siakah, Chhimtuipui, Tuikum, Sesah, Phe, Teirei, Tut, Tuichhuahen, Tiau, Tuipui, Nongal, Simsang, Ganol, Damring, Waikhrwi, Kwai, Teirei, Khawthlangtuipui, Ngengpui Stream, Vantawng, Sderkariah, Laitryngew, Wahkhlek Khlek, Wahrew, Umngi, Rwiang, Kalipai, Kmai Um, Lukha, Myntdu, Lamu, Lynriang, Thlu Umwi, Simsang, Teesta, Sonai, Ranganadi, Rangit, Ranichu, Kapili, Karola, Kathakal, Kharsang, Kohora, Kolong, Kundli, Kushiara, Manu, Nonbah, Kynshi, Wah Blei, Lohit, Manas, Maney Khola, Ganol Tura, Milak, Namchik, Noa Dihing, Pachin, Pagldia, Panchnoi, Poma, Yomgo And Mora",,117.0,4.5,6.1,0.535,"Burhidihing, Dhansiri, Bharalu, Dikrong, Gai Nadi, Digaru, Digboi, Dikhow, Kaljani, Gabharu, Tocklai, Tunia, Larsing, Dhateshwari, Demow, Borsila, Barak, Dibang, Dihing, Senki, Dorika, Subansiri, Siang, Baralia, Tihu, Singra, Damring, Manda, Dikchu, Dzu, Kha Ru, Dzucha, Torsa, Beki, Bereng, Bhogdoi, Jhanji, Jia Bharali, Sankosh, Sanuo Ru, Boginadi, Rilang, Myntang, Tlawng, Tuirial, Serlui, Vaipuanpho, Tuikual, Sakhisih, Damdiai, Chite, Tuirini, Tuivawl, Lawibual, Challui, Mat, Siakah, Chhimtuipui, Tuikum, Sesah, Phe, Teirei, Tut, Tuichhuahen, Tiau, Tuipui, Nongal, Simsang, Ganol, Damring, Waikhrwi, Kwai, Teirei, Khawthlangtuipui, Ngengpui Stream, Vantawng, Sderkariah, Laitryngew, Wahkhlek Khlek, Wahrew, Umngi, Rwiang, Kalipai, Kmai Um, Lukha, Myntdu, Lamu, Lynriang, Thlu Umwi, Simsang, Teesta, Sonai, Ranganadi, Rangit, Ranichu, Kapili, Karola, Kathakal, Kharsang, Kohora, Kolong, Kundli, Kushiara, Manu, Nonbah, Kynshi, Wah Blei, Lohit, Manas, Maney Khola, Ganol Tura, Milak, Namchik, Noa Dihing, Pachin, Pagldia, Panchnoi, Poma, Yomgo And Mora",2023-06-30
2023,2068,"RIVER KATHAKAL U/S AT MATIJURI, DIST. HAILAKANDI, ASSAM",ASSAM,"Tributary Streams - Burhidihing, Dhansiri, Bharalu, Dikrong, Gai Nadi, Digaru, Digboi, Dikhow, Kaljani, Gabharu, Tocklai, Tunia, Larsing, Dhateshwari, Demow, Borsila, Barak, Dibang, Dihing, Senki, Dorika, Subansiri, Siang, Baralia, Tihu, Singra, Damring, Manda, Dikchu, Dzu, Kha Ru, Dzucha, Torsa, Beki, Bereng, Bhogdoi, Jhanji, Jia Bharali, Sankosh, Sanuo Ru, Boginadi, Rilang, Myntang, Tlawng, Tuirial, Serlui, Vaipuanpho, Tuikual, Sakhisih, Damdiai, Chite, Tuirini, Tuivawl, Lawibual, Challui, Mat, Siakah, Chhimtuipui, Tuikum, Sesah, Phe, Teirei, Tut, Tuichhuahen, Tiau, Tuipui, Nongal, Simsang, Ganol, Damring, Waikhrwi, Kwai, Teirei, Khawthlangtuipui, Ngengpui Stream, Vantawng, Sderkariah, Laitryngew, Wahkhlek Khlek, Wahrew, Umngi, Rwiang, Kalipai, Kmai Um, Lukha, Myntdu, Lamu, Lynriang, Thlu Umwi, Simsang, Teesta, Sonai, Ranganadi, Rangit, Ranichu, Kapili, Karola, Kathakal, Kharsang, Kohora, Kolong, Kundli, Kushiara, Manu, Nonbah, Kynshi, Wah Blei, Lohit, Manas, Maney Khola, Ganol Tura, Milak, Namchik, Noa Dihing, Pachin, Pagldia, Panchnoi, Poma, Yomgo And Mora",,119.0,2.2,5.75,0.9,KATHAKAL,2023-06-30
2023,2061,"RIVER KHARSANG B/C WITH BURIDIHING NEAR KHARSANG (ASSAM-ARUNANCHAL BORDER), ASSAM",ASSAM,"Tributary Streams - Burhidihing, Dhansiri, Bharalu, Dikrong, Gai Nadi, Digaru, Digboi, Dikhow, Kaljani, Gabharu, Tocklai, Tunia, Larsing, Dhateshwari, Demow, Borsila, Barak, Dibang, Dihing, Senki, Dorika, Subansiri, Siang, Baralia, Tihu, Singra, Damring, Manda, Dikchu, Dzu, Kha Ru, Dzucha, Torsa, Beki, Bereng, Bhogdoi, Jhanji, Jia Bharali, Sankosh, Sanuo Ru, Boginadi, Rilang, Myntang, Tlawng, Tuirial, Serlui, Vaipuanpho, Tuikual, Sakhisih, Damdiai, Chite, Tuirini, Tuivawl, Lawibual, Challui, Mat, Siakah, Chhimtuipui, Tuikum, Sesah, Phe, Teirei, Tut, Tuichhuahen, Tiau, Tuipui, Nongal, Simsang, Ganol, Damring, Waikhrwi, Kwai, Teirei, Khawthlangtuipui, Ngengpui Stream, Vantawng, Sderkariah, Laitryngew, Wahkhlek Khlek, Wahrew, Umngi, Rwiang, Kalipai, Kmai Um, Lukha, Myntdu, Lamu, Lynriang, Thlu Umwi, Simsang, Teesta, Sonai, Ranganadi, Rangit, Ranichu, Kapili, Karola, Kathakal, Kharsang, Kohora, Kolong, Kundli, Kushiara, Manu, Nonbah, Kynshi, Wah Blei, Lohit, Manas, Maney Khola, Ganol Tura, Milak, Namchik, Noa Dihing, Pachin, Pagldia, Panchnoi, Poma, Yomgo And Mora",,147.0,2.3,6.6,0.7,KHARSANG B/C WITH BURIDIHING,2023-06-30
2023,2059,"RIVER KOLONG AT MARIGAON, ASSAM",ASSAM,"Tributary Streams - Burhidihing, Dhansiri, Bharalu, Dikrong, Gai Nadi, Digaru, Digboi, Dikhow, Kaljani, Gabharu, Tocklai, Tunia, Larsing, Dhateshwari, Demow, Borsila, Barak, Dibang, Dihing, Senki, Dorika, Subansiri, Siang, Baralia, Tihu, Singra, Damring, Manda, Dikchu, Dzu, Kha Ru, Dzucha, Torsa, Beki, Bereng, Bhogdoi, Jhanji, Jia Bharali, Sankosh, Sanuo Ru, Boginadi, Rilang, Myntang, Tlawng, Tuirial, Serlui, Vaipuanpho, Tuikual, Sakhisih, Damdiai, Chite, Tuirini, Tuivawl, Lawibual, Challui, Mat, Siakah, Chhimtuipui, Tuikum, Sesah, Phe, Teirei, Tut, Tuichhuahen, Tiau, Tuipui, Nongal, Simsang, Ganol, Damring, Waikhrwi, Kwai, Teirei, Khawthlangtuipui, Ngengpui Stream, Vantawng, Sderkariah, Laitryngew, Wahkhlek Khlek, Wahrew, Umngi, Rwiang, Kalipai, Kmai Um, Lukha, Myntdu, Lamu, Lynriang, Thlu Umwi, Simsang, Teesta, Sonai, Ranganadi, Rangit, Ranichu, Kapili, Karola, Kathakal, Kharsang, Kohora, Kolong, Kundli, Kushiara, Manu, Nonbah, Kynshi, Wah Blei, Lohit, Manas, Maney Khola, Ganol Tura, Milak, Namchik, Noa Dihing, Pachin, Pagldia, Panchnoi, Poma, Yomgo And Mora",,158.0,2.25,6.7,1.1,KOLONG,2023-06-30
2023,2237,"RIVER KOLONG AT U/S OF ANANDARAM DEKIAL PHUKAN BRIDGE, NAGAON, ASSAM",ASSAM,"Tributary Streams - Burhidihing, Dhansiri, Bharalu, Dikrong, Gai Nadi, Digaru, Digboi, Dikhow, Kaljani, Gabharu, Tocklai, Tunia, Larsing, Dhateshwari, Demow, Borsila, Barak, Dibang, Dihing, Senki, Dorika, Subansiri, Siang, Baralia, Tihu, Singra, Damring, Manda, Dikchu, Dzu, Kha Ru, Dzucha, Torsa, Beki, Bereng, Bhogdoi, Jhanji, Jia Bharali, Sankosh, Sanuo Ru, Boginadi, Rilang, Myntang, Tlawng, Tuirial, Serlui, Vaipuanpho, Tuikual, Sakhisih, Damdiai, Chite, Tuirini, Tuivawl, Lawibual, Challui, Mat, Siakah, Chhimtuipui, Tuikum, Sesah, Phe, Teirei, Tut, Tuichhuahen, Tiau, Tuipui, Nongal, Simsang, Ganol, Damring, Waikhrwi, Kwai, Teirei, Khawthlangtuipui, Ngengpui Stream, Vantawng, Sderkariah, Laitryngew, Wahkhlek Khlek, Wahrew, Umngi, Rwiang, Kalipai, Kmai Um, Lukha, Myntdu, Lamu, Lynriang, Thlu Umwi, Simsang, Teesta, Sonai, Ranganadi, Rangit, Ranichu, Kapili, Karola, Kathakal, Kharsang, Kohora, Kolong, Kundli, Kushiara, Manu, Nonbah, Kynshi, Wah Blei, Lohit, Manas, Maney Khola, Ganol Tura, Milak, Namchik, Noa Dihing, Pachin, Pagldia, Panchnoi, Poma, Yomgo And Mora",,149.0,2.25,6.2,1.35,KOLONG,2023-06-30
2023,2229,"RIVER KUNDLI AT KUNDLI/ SAPAKHOWA, SADIA, ASSAM",ASSAM,"Tributary Streams - Burhidihing, Dhansiri, Bharalu, Dikrong, Gai Nadi, Digaru, Digboi, Dikhow, Kaljani, Gabharu, Tocklai, Tunia, Larsing, Dhateshwari, Demow, Borsila, Barak, Dibang, Dihing, Senki, Dorika, Subansiri, Siang, Baralia, Tihu, Singra, Damring, Manda, Dikchu, Dzu, Kha Ru, Dzucha, Torsa, Beki, Bereng, Bhogdoi, Jhanji, Jia Bharali, Sankosh, Sanuo Ru, Boginadi, Rilang, Myntang, Tlawng, Tuirial, Serlui, Vaipuanpho, Tuikual, Sakhisih, Damdiai, Chite, Tuirini, Tuivawl, Lawibual, Challui, Mat, Siakah, Chhimtuipui, Tuikum, Sesah, Phe, Teirei, Tut, Tuichhuahen, Tiau, Tuipui, Nongal, Simsang, Ganol, Damring, Waikhrwi, Kwai, Teirei, Khawthlangtuipui, Ngengpui Stream, Vantawng, Sderkariah, Laitryngew, Wahkhlek Khlek, Wahrew, Umngi, Rwiang, Kalipai, Kmai Um, Lukha, Myntdu, Lamu, Lynriang, Thlu Umwi, Simsang, Teesta, Sonai, Ranganadi, Rangit, Ranichu, Kapili, Karola, Kathakal, Kharsang, Kohora, Kolong, Kundli, Kushiara, Manu, Nonbah, Kynshi, Wah Blei, Lohit, Manas, Maney Khola, Ganol Tura, Milak, Namchik, Noa Dihing, Pachin, Pagldia, Panchnoi, Poma, Yomgo And Mora",,149.0,2.3,6.7,1.1,KUNDLI,2023-06-30
2023,3417,"RIVER MANU AT MANUGHAT, CONFL POINT OF CHAWMANU CHARRA & MANU RIVER, DHALAI",TRIPURA,"Tributary Streams - Burhidihing, Dhansiri, Bharalu, Dikrong, Gai Nadi, Digaru, Digboi, Dikhow, Kaljani, Gabharu, Tocklai, Tunia, Larsing, Dhateshwari, Demow, Borsila, Barak, Dibang, Dihing, Senki, Dorika, Subansiri, Siang, Baralia, Tihu, Singra, Damring, Manda, Dikchu, Dzu, Kha Ru, Dzucha, Torsa, Beki, Bereng, Bhogdoi, Jhanji, Jia Bharali, Sankosh, Sanuo Ru, Boginadi, Rilang, Myntang, Tlawng, Tuirial, Serlui, Vaipuanpho, Tuikual, Sakhisih, Damdiai, Chite, Tuirini, Tuivawl, Lawibual, Challui, Mat, Siakah, Chhimtuipui, Tuikum, Sesah, Phe, Teirei, Tut, Tuichhuahen, Tiau, Tuipui, Nongal, Simsang, Ganol, Damring, Waikhrwi, Kwai, Teirei, Khawthlangtuipui, Ngengpui Stream, Vantawng, Sderkariah, Laitryngew, Wahkhlek Khlek, Wahrew, Umngi, Rwiang, Kalipai, Kmai Um, Lukha, Myntdu, Lamu, Lynriang, Thlu Umwi, Simsang, Teesta, Sonai, Ranganadi, Rangit, Ranichu, Kapili, Karola, Kathakal, Kharsang, Kohora, Kolong, Kundli, Kushiara, Manu, Nonbah, Kynshi, Wah Blei, Lohit, Manas, Maney Khola, Ganol Tura, Milak, Namchik, Noa Dihing, Pachin, Pagldia, Panchnoi, Poma, Yomgo And Mora",,157.0,1.7000000000000002,6.0,1.2999999999999998,MANU,2023-06-30
2023,3418,"RIVER MANU AT KAILASHAHAR D/S, NORTH TRIPURA",TRIPURA,"Tributary Streams - Burhidihing, Dhansiri, Bharalu, Dikrong, Gai Nadi, Digaru, Digboi, Dikhow, Kaljani, Gabharu, Tocklai, Tunia, Larsing, Dhateshwari, Demow, Borsila, Barak, Dibang, Dihing, Senki, Dorika, Subansiri, Siang, Baralia, Tihu, Singra, Damring, Manda, Dikchu, Dzu, Kha Ru, Dzucha, Torsa, Beki, Bereng, Bhogdoi, Jhanji, Jia Bharali, Sankosh, Sanuo Ru, Boginadi, Rilang, Myntang, Tlawng, Tuirial, Serlui, Vaipuanpho, Tuikual, Sakhisih, Damdiai, Chite, Tuirini, Tuivawl, Lawibual, Challui, Mat, Siakah, Chhimtuipui, Tuikum, Sesah, Phe, Teirei, Tut, Tuichhuahen, Tiau, Tuipui, Nongal, Simsang, Ganol, Damring, Waikhrwi, Kwai, Teirei, Khawthlangtuipui, Ngengpui Stream, Vantawng, Sderkariah, Laitryngew, Wahkhlek Khlek, Wahrew, Umngi, Rwiang, Kalipai, Kmai Um, Lukha, Myntdu, Lamu, Lynriang, Thlu Umwi, Simsang, Teesta, Sonai, Ranganadi, Rangit, Ranichu, Kapili, Karola, Kathakal, Kharsang, Kohora, Kolong, Kundli, Kushiara, Manu, Nonbah, Kynshi, Wah Blei, Lohit, Manas, Maney Khola, Ganol Tura, Milak, Namchik, Noa Dihing, Pachin, Pagldia, Panchnoi, Poma, Yomgo And Mora",,156.5,1.6,6.0,1.2999999999999998,MANU,2023-06-30
2023,3419,"RIVER MANU AT KUMARGHAT, NORTH TRIPURA",TRIPURA,"Tributary Streams - Burhidihing, Dhansiri, Bharalu, Dikrong, Gai Nadi, Digaru, Digboi, Dikhow, Kaljani, Gabharu, Tocklai, Tunia, Larsing, Dhateshwari, Demow, Borsila, Barak, Dibang, Dihing, Senki, Dorika, Subansiri, Siang, Baralia, Tihu, Singra, Damring, Manda, Dikchu, Dzu, Kha Ru, Dzucha, Torsa, Beki, Bereng, Bhogdoi, Jhanji, Jia Bharali, Sankosh, Sanuo Ru, Boginadi, Rilang, Myntang, Tlawng, Tuirial, Serlui, Vaipuanpho, Tuikual, Sakhisih, Damdiai, Chite, Tuirini, Tuivawl, Lawibual, Challui, Mat, Siakah, Chhimtuipui, Tuikum, Sesah, Phe, Teirei, Tut, Tuichhuahen, Tiau, Tuipui, Nongal, Simsang, Ganol, Damring, Waikhrwi, Kwai, Teirei, Khawthlangtuipui, Ngengpui Stream, Vantawng, Sderkariah, Laitryngew, Wahkhlek Khlek, Wahrew, Umngi, Rwiang, Kalipai, Kmai Um, Lukha, Myntdu, Lamu, Lynriang, Thlu Umwi, Simsang, Teesta, Sonai, Ranganadi, Rangit, Ranichu, Kapili, Karola, Kathakal, Kharsang, Kohora, Kolong, Kundli, Kushiara, Manu, Nonbah, Kynshi, Wah Blei, Lohit, Manas, Maney Khola, Ganol Tura, Milak, Namchik, Noa Dihing, Pachin, Pagldia, Panchnoi, Poma, Yomgo And Mora",,151.5,1.5499999999999998,5.85,1.2,MANU,2023-06-30
2023,3367,RIVER NONBAH AT NANGSTOIN MARKET,MEGHALAYA,"Tributary Streams - Burhidihing, Dhansiri, Bharalu, Dikrong, Gai Nadi, Digaru, Digboi, Dikhow, Kaljani, Gabharu, Tocklai, Tunia, Larsing, Dhateshwari, Demow, Borsila, Barak, Dibang, Dihing, Senki, Dorika, Subansiri, Siang, Baralia, Tihu, Singra, Damring, Manda, Dikchu, Dzu, Kha Ru, Dzucha, Torsa, Beki, Bereng, Bhogdoi, Jhanji, Jia Bharali, Sankosh, Sanuo Ru, Boginadi, Rilang, Myntang, Tlawng, Tuirial, Serlui, Vaipuanpho, Tuikual, Sakhisih, Damdiai, Chite, Tuirini, Tuivawl, Lawibual, Challui, Mat, Siakah, Chhimtuipui, Tuikum, Sesah, Phe, Teirei, Tut, Tuichhuahen, Tiau, Tuipui, Nongal, Simsang, Ganol, Damring, Waikhrwi, Kwai, Teirei, Khawthlangtuipui, Ngengpui Stream, Vantawng, Sderkariah, Laitryngew, Wahkhlek Khlek, Wahrew, Umngi, Rwiang, Kalipai, Kmai Um, Lukha, Myntdu, Lamu, Lynriang, Thlu Umwi, Simsang, Teesta, Sonai, Ranganadi, Rangit, Ranichu, Kapili, Karola, Kathakal, Kharsang, Kohora, Kolong, Kundli, Kushiara, Manu, Nonbah, Kynshi, Wah Blei, Lohit, Manas, Maney Khola, Ganol Tura, Milak, Namchik, Noa Dihing, Pachin, Pagldia, Panchnoi, Poma, Yomgo And Mora",,61.5,2.35,7.05,0.625,NONBAH,2023-06-30
2023,3368,RIVER NONBAH AT PHOTSOHSAT,MEGHALAYA,"Tributary Streams - Burhidihing, Dhansiri, Bharalu, Dikrong, Gai Nadi, Digaru, Digboi, Dikhow, Kaljani, Gabharu, Tocklai, Tunia, Larsing, Dhateshwari, Demow, Borsila, Barak, Dibang, Dihing, Senki, Dorika, Subansiri, Siang, Baralia, Tihu, Singra, Damring, Manda, Dikchu, Dzu, Kha Ru, Dzucha, Torsa, Beki, Bereng, Bhogdoi, Jhanji, Jia Bharali, Sankosh, Sanuo Ru, Boginadi, Rilang, Myntang, Tlawng, Tuirial, Serlui, Vaipuanpho, Tuikual, Sakhisih, Damdiai, Chite, Tuirini, Tuivawl, Lawibual, Challui, Mat, Siakah, Chhimtuipui, Tuikum, Sesah, Phe, Teirei, Tut, Tuichhuahen, Tiau, Tuipui, Nongal, Simsang, Ganol, Damring, Waikhrwi, Kwai, Teirei, Khawthlangtuipui, Ngengpui Stream, Vantawng, Sderkariah, Laitryngew, Wahkhlek Khlek, Wahrew, Umngi, Rwiang, Kalipai, Kmai Um, Lukha, Myntdu, Lamu, Lynriang, Thlu Umwi, Simsang, Teesta, Sonai, Ranganadi, Rangit, Ranichu, Kapili, Karola, Kathakal, Kharsang, Kohora, Kolong, Kundli, Kushiara, Manu, Nonbah, Kynshi, Wah Blei, Lohit, Manas, Maney Khola, Ganol Tura, Milak, Namchik, Noa Dihing, Pachin, Pagldia, Panchnoi, Poma, Yomgo And Mora",,37.5,1.4,7.6,0.43000000000000005,NONBAH,2023-06-30
2023,3369,RIVER KYNSHI AT SOHIONG,MEGHALAYA,"Tributary Streams - Burhidihing, Dhansiri, Bharalu, Dikrong, Gai Nadi, Digaru, Digboi, Dikhow, Kaljani, Gabharu, Tocklai, Tunia, Larsing, Dhateshwari, Demow, Borsila, Barak, Dibang, Dihing, Senki, Dorika, Subansiri, Siang, Baralia, Tihu, Singra, Damring, Manda, Dikchu, Dzu, Kha Ru, Dzucha, Torsa, Beki, Bereng, Bhogdoi, Jhanji, Jia Bharali, Sankosh, Sanuo Ru, Boginadi, Rilang, Myntang, Tlawng, Tuirial, Serlui, Vaipuanpho, Tuikual, Sakhisih, Damdiai, Chite, Tuirini, Tuivawl, Lawibual, Challui, Mat, Siakah, Chhimtuipui, Tuikum, Sesah, Phe, Teirei, Tut, Tuichhuahen, Tiau, Tuipui, Nongal, Simsang, Ganol, Damring, Waikhrwi, Kwai, Teirei, Khawthlangtuipui, Ngengpui Stream, Vantawng, Sderkariah, Laitryngew, Wahkhlek Khlek, Wahrew, Umngi, Rwiang, Kalipai, Kmai Um, Lukha, Myntdu, Lamu, Lynriang, Thlu Umwi, Simsang, Teesta, Sonai, Ranganadi, Rangit, Ranichu, Kapili, Karola, Kathakal, Kharsang, Kohora, Kolong, Kundli, Kushiara, Manu, Nonbah, Kynshi, Wah Blei, Lohit, Manas, Maney Khola, Ganol Tura, Milak, Namchik, Noa Dihing, Pachin, Pagldia, Panchnoi, Poma, Yomgo And Mora",,36.5,1.45,7.199999999999999,0.42500000000000004,KYNSHI,2023-06-30
2023,3370,RIVER KYNSHI AT NANGKHNUM,MEGHALAYA,"Tributary Streams - Burhidihing, Dhansiri, Bharalu, Dikrong, Gai Nadi, Digaru, Digboi, Dikhow, Kaljani, Gabharu, Tocklai, Tunia, Larsing, Dhateshwari, Demow, Borsila, Barak, Dibang, Dihing, Senki, Dorika, Subansiri, Siang, Baralia, Tihu, Singra, Damring, Manda, Dikchu, Dzu, Kha Ru, Dzucha, Torsa, Beki, Bereng, Bhogdoi, Jhanji, Jia Bharali, Sankosh, Sanuo Ru, Boginadi, Rilang, Myntang, Tlawng, Tuirial, Serlui, Vaipuanpho, Tuikual, Sakhisih, Damdiai, Chite, Tuirini, Tuivawl, Lawibual, Challui, Mat, Siakah, Chhimtuipui, Tuikum, Sesah, Phe, Teirei, Tut, Tuichhuahen, Tiau, Tuipui, Nongal, Simsang, Ganol, Damring, Waikhrwi, Kwai, Teirei, Khawthlangtuipui, Ngengpui Stream, Vantawng, Sderkariah, Laitryngew, Wahkhlek Khlek, Wahrew, Umngi, Rwiang, Kalipai, Kmai Um, Lukha, Myntdu, Lamu, Lynriang, Thlu Umwi, Simsang, Teesta, Sonai, Ranganadi, Rangit, Ranichu, Kapili, Karola, Kathakal, Kharsang, Kohora, Kolong, Kundli, Kushiara, Manu, Nonbah, Kynshi, Wah Blei, Lohit, Manas, Maney Khola, Ganol Tura, Milak, Namchik, Noa Dihing, Pachin, Pagldia, Panchnoi, Poma, Yomgo And Mora",,37.0,1.25,7.4,0.39,KYNSHI,2023-06-30
2023,3371,RIVER KYNSHI AT RANIKOR,MEGHALAYA,"Tributary Streams - Burhidihing, Dhansiri, Bharalu, Dikrong, Gai Nadi, Digaru, Digboi, Dikhow, Kaljani, Gabharu, Tocklai, Tunia, Larsing, Dhateshwari, Demow, Borsila, Barak, Dibang, Dihing, Senki, Dorika, Subansiri, Siang, Baralia, Tihu, Singra, Damring, Manda, Dikchu, Dzu, Kha Ru, Dzucha, Torsa, Beki, Bereng, Bhogdoi, Jhanji, Jia Bharali, Sankosh, Sanuo Ru, Boginadi, Rilang, Myntang, Tlawng, Tuirial, Serlui, Vaipuanpho, Tuikual, Sakhisih, Damdiai, Chite, Tuirini, Tuivawl, Lawibual, Challui, Mat, Siakah, Chhimtuipui, Tuikum, Sesah, Phe, Teirei, Tut, Tuichhuahen, Tiau, Tuipui, Nongal, Simsang, Ganol, Damring, Waikhrwi, Kwai, Teirei, Khawthlangtuipui, Ngengpui Stream, Vantawng, Sderkariah, Laitryngew, Wahkhlek Khlek, Wahrew, Umngi, Rwiang, Kalipai, Kmai Um, Lukha, Myntdu, Lamu, Lynriang, Thlu Umwi, Simsang, Teesta, Sonai, Ranganadi, Rangit, Ranichu, Kapili, Karola, Kathakal, Kharsang, Kohora, Kolong, Kundli, Kushiara, Manu, Nonbah, Kynshi, Wah Blei, Lohit, Manas, Maney Khola, Ganol Tura, Milak, Namchik, Noa Dihing, Pachin, Pagldia, Panchnoi, Poma, Yomgo And Mora",,57.0,1.3,7.7,0.41500000000000004,KYNSHI,2023-06-30
2023,3373,"RIVER WAH BLEI AT RIANGDO,",MEGHALAYA,"Tributary Streams - Burhidihing, Dhansiri, Bharalu, Dikrong, Gai Nadi, Digaru, Digboi, Dikhow, Kaljani, Gabharu, Tocklai, Tunia, Larsing, Dhateshwari, Demow, Borsila, Barak, Dibang, Dihing, Senki, Dorika, Subansiri, Siang, Baralia, Tihu, Singra, Damring, Manda, Dikchu, Dzu, Kha Ru, Dzucha, Torsa, Beki, Bereng, Bhogdoi, Jhanji, Jia Bharali, Sankosh, Sanuo Ru, Boginadi, Rilang, Myntang, Tlawng, Tuirial, Serlui, Vaipuanpho, Tuikual, Sakhisih, Damdiai, Chite, Tuirini, Tuivawl, Lawibual, Challui, Mat, Siakah, Chhimtuipui, Tuikum, Sesah, Phe, Teirei, Tut, Tuichhuahen, Tiau, Tuipui, Nongal, Simsang, Ganol, Damring, Waikhrwi, Kwai, Teirei, Khawthlangtuipui, Ngengpui Stream, Vantawng, Sderkariah, Laitryngew, Wahkhlek Khlek, Wahrew, Umngi, Rwiang, Kalipai, Kmai Um, Lukha, Myntdu, Lamu, Lynriang, Thlu Umwi, Simsang, Teesta, Sonai, Ranganadi, Rangit, Ranichu, Kapili, Karola, Kathakal, Kharsang, Kohora, Kolong, Kundli, Kushiara, Manu, Nonbah, Kynshi, Wah Blei, Lohit, Manas, Maney Khola, Ganol Tura, Milak, Namchik, Noa Dihing, Pachin, Pagldia, Panchnoi, Poma, Yomgo And Mora",,43.0,1.5,7.4,0.42000000000000004,WAH BLEI,2023-06-30
2023,3374,"RIVER WAH BLEI AT SDAD DKHAR,",MEGHALAYA,"Tributary Streams - Burhidihing, Dhansiri, Bharalu, Dikrong, Gai Nadi, Digaru, Digboi, Dikhow, Kaljani, Gabharu, Tocklai, Tunia, Larsing, Dhateshwari, Demow, Borsila, Barak, Dibang, Dihing, Senki, Dorika, Subansiri, Siang, Baralia, Tihu, Singra, Damring, Manda, Dikchu, Dzu, Kha Ru, Dzucha, Torsa, Beki, Bereng, Bhogdoi, Jhanji, Jia Bharali, Sankosh, Sanuo Ru, Boginadi, Rilang, Myntang, Tlawng, Tuirial, Serlui, Vaipuanpho, Tuikual, Sakhisih, Damdiai, Chite, Tuirini, Tuivawl, Lawibual, Challui, Mat, Siakah, Chhimtuipui, Tuikum, Sesah, Phe, Teirei, Tut, Tuichhuahen, Tiau, Tuipui, Nongal, Simsang, Ganol, Damring, Waikhrwi, Kwai, Teirei, Khawthlangtuipui, Ngengpui Stream, Vantawng, Sderkariah, Laitryngew, Wahkhlek Khlek, Wahrew, Umngi, Rwiang, Kalipai, Kmai Um, Lukha, Myntdu, Lamu, Lynriang, Thlu Umwi, Simsang, Teesta, Sonai, Ranganadi, Rangit, Ranichu, Kapili, Karola, Kathakal, Kharsang, Kohora, Kolong, Kundli, Kushiara, Manu, Nonbah, Kynshi, Wah Blei, Lohit, Manas, Maney Khola, Ganol Tura, Milak, Namchik, Noa Dihing, Pachin, Pagldia, Panchnoi, Poma, Yomgo And Mora",,75.5,1.4,7.85,0.395,WAH BLEI,2023-06-30
2023,3099,RIVER LOHIT AT ALUBARI (D/S),ARUNACHAL PRADESH,"Tributary Streams - Burhidihing, Dhansiri, Bharalu, Dikrong, Gai Nadi, Digaru, Digboi, Dikhow, Kaljani, Gabharu, Tocklai, Tunia, Larsing, Dhateshwari, Demow, Borsila, Barak, Dibang, Dihing, Senki, Dorika, Subansiri, Siang, Baralia, Tihu, Singra, Damring, Manda, Dikchu, Dzu, Kha Ru, Dzucha, Torsa, Beki, Bereng, Bhogdoi, Jhanji, Jia Bharali, Sankosh, Sanuo Ru, Boginadi, Rilang, Myntang, Tlawng, Tuirial, Serlui, Vaipuanpho, Tuikual, Sakhisih, Damdiai, Chite, Tuirini, Tuivawl, Lawibual, Challui, Mat, Siakah, Chhimtuipui, Tuikum, Sesah, Phe, Teirei, Tut, Tuichhuahen, Tiau, Tuipui, Nongal, Simsang, Ganol, Damring, Waikhrwi, Kwai, Teirei, Khawthlangtuipui, Ngengpui Stream, Vantawng, Sderkariah, Laitryngew, Wahkhlek Khlek, Wahrew, Umngi, Rwiang, Kalipai, Kmai Um, Lukha, Myntdu, Lamu, Lynriang, Thlu Umwi, Simsang, Teesta, Sonai, Ranganadi, Rangit, Ranichu, Kapili, Karola, Kathakal, Kharsang, Kohora, Kolong, Kundli, Kushiara, Manu, Nonbah, Kynshi, Wah Blei, Lohit, Manas, Maney Khola, Ganol Tura, Milak, Namchik, Noa Dihing, Pachin, Pagldia, Panchnoi, Poma, Yomgo And Mora",,194.0,1.0,5.0,0.0,LOHIT,2023-06-30
2023,3797,RIVER MANAS (SANTOSHPUR) NEAR LENGTISINGA,ASSAM,"Tributary Streams - Burhidihing, Dhansiri, Bharalu, Dikrong, Gai Nadi, Digaru, Digboi, Dikhow, Kaljani, Gabharu, Tocklai, Tunia, Larsing, Dhateshwari, Demow, Borsila, Barak, Dibang, Dihing, Senki, Dorika, Subansiri, Siang, Baralia, Tihu, Singra, Damring, Manda, Dikchu, Dzu, Kha Ru, Dzucha, Torsa, Beki, Bereng, Bhogdoi, Jhanji, Jia Bharali, Sankosh, Sanuo Ru, Boginadi, Rilang, Myntang, Tlawng, Tuirial, Serlui, Vaipuanpho, Tuikual, Sakhisih, Damdiai, Chite, Tuirini, Tuivawl, Lawibual, Challui, Mat, Siakah, Chhimtuipui, Tuikum, Sesah, Phe, Teirei, Tut, Tuichhuahen, Tiau, Tuipui, Nongal, Simsang, Ganol, Damring, Waikhrwi, Kwai, Teirei, Khawthlangtuipui, Ngengpui Stream, Vantawng, Sderkariah, Laitryngew, Wahkhlek Khlek, Wahrew, Umngi, Rwiang, Kalipai, Kmai Um, Lukha, Myntdu, Lamu, Lynriang, Thlu Umwi, Simsang, Teesta, Sonai, Ranganadi, Rangit, Ranichu, Kapili, Karola, Kathakal, Kharsang, Kohora, Kolong, Kundli, Kushiara, Manu, Nonbah, Kynshi, Wah Blei, Lohit, Manas, Maney Khola, Ganol Tura, Milak, Namchik, Noa Dihing, Pachin, Pagldia, Panchnoi, Poma, Yomgo And Mora",,139.0,2.35,5.4,1.1,"Burhidihing, Dhansiri, Bharalu, Dikrong, Gai Nadi, Digaru, Digboi, Dikhow, Kaljani, Gabharu, Tocklai, Tunia, Larsing, Dhateshwari, Demow, Borsila, Barak, Dibang, Dihing, Senki, Dorika, Subansiri, Siang, Baralia, Tihu, Singra, Damring, Manda, Dikchu, Dzu, Kha Ru, Dzucha, Torsa, Beki, Bereng, Bhogdoi, Jhanji, Jia Bharali, Sankosh, Sanuo Ru, Boginadi, Rilang, Myntang, Tlawng, Tuirial, Serlui, Vaipuanpho, Tuikual, Sakhisih, Damdiai, Chite, Tuirini, Tuivawl, Lawibual, Challui, Mat, Siakah, Chhimtuipui, Tuikum, Sesah, Phe, Teirei, Tut, Tuichhuahen, Tiau, Tuipui, Nongal, Simsang, Ganol, Damring, Waikhrwi, Kwai, Teirei, Khawthlangtuipui, Ngengpui Stream, Vantawng, Sderkariah, Laitryngew, Wahkhlek Khlek, Wahrew, Umngi, Rwiang, Kalipai, Kmai Um, Lukha, Myntdu, Lamu, Lynriang, Thlu Umwi, Simsang, Teesta, Sonai, Ranganadi, Rangit, Ranichu, Kapili, Karola, Kathakal, Kharsang, Kohora, Kolong, Kundli, Kushiara, Manu, Nonbah, Kynshi, Wah Blei, Lohit, Manas, Maney Khola, Ganol Tura, Milak, Namchik, Noa Dihing, Pachin, Pagldia, Panchnoi, Poma, Yomgo And Mora",2023-06-30
2023,2060,"RIVER MANAS AT NH-31 CROSSING, BARPETA DISTRICT, ASSAM",ASSAM,"Tributary Streams - Burhidihing, Dhansiri, Bharalu, Dikrong, Gai Nadi, Digaru, Digboi, Dikhow, Kaljani, Gabharu, Tocklai, Tunia, Larsing, Dhateshwari, Demow, Borsila, Barak, Dibang, Dihing, Senki, Dorika, Subansiri, Siang, Baralia, Tihu, Singra, Damring, Manda, Dikchu, Dzu, Kha Ru, Dzucha, Torsa, Beki, Bereng, Bhogdoi, Jhanji, Jia Bharali, Sankosh, Sanuo Ru, Boginadi, Rilang, Myntang, Tlawng, Tuirial, Serlui, Vaipuanpho, Tuikual, Sakhisih, Damdiai, Chite, Tuirini, Tuivawl, Lawibual, Challui, Mat, Siakah, Chhimtuipui, Tuikum, Sesah, Phe, Teirei, Tut, Tuichhuahen, Tiau, Tuipui, Nongal, Simsang, Ganol, Damring, Waikhrwi, Kwai, Teirei, Khawthlangtuipui, Ngengpui Stream, Vantawng, Sderkariah, Laitryngew, Wahkhlek Khlek, Wahrew, Umngi, Rwiang, Kalipai, Kmai Um, Lukha, Myntdu, Lamu, Lynriang, Thlu Umwi, Simsang, Teesta, Sonai, Ranganadi, Rangit, Ranichu, Kapili, Karola, Kathakal, Kharsang, Kohora, Kolong, Kundli, Kushiara, Manu, Nonbah, Kynshi, Wah Blei, Lohit, Manas, Maney Khola, Ganol Tura, Milak, Namchik, Noa Dihing, Pachin, Pagldia, Panchnoi, Poma, Yomgo And Mora",,150.0,2.3,5.4,1.4000000000000001,MANAS,2023-06-30
2023,1803,"RIVER MANEY KHOLA AT BURTUK NEAR ARMY BASE CAMP, 4 KM U/S OF GANGTOK",SIKKIM,"Tributary Streams - Burhidihing, Dhansiri, Bharalu, Dikrong, Gai Nadi, Digaru, Digboi, Dikhow, Kaljani, Gabharu, Tocklai, Tunia, Larsing, Dhateshwari, Demow, Borsila, Barak, Dibang, Dihing, Senki, Dorika, Subansiri, Siang, Baralia, Tihu, Singra, Damring, Manda, Dikchu, Dzu, Kha Ru, Dzucha, Torsa, Beki, Bereng, Bhogdoi, Jhanji, Jia Bharali, Sankosh, Sanuo Ru, Boginadi, Rilang, Myntang, Tlawng, Tuirial, Serlui, Vaipuanpho, Tuikual, Sakhisih, Damdiai, Chite, Tuirini, Tuivawl, Lawibual, Challui, Mat, Siakah, Chhimtuipui, Tuikum, Sesah, Phe, Teirei, Tut, Tuichhuahen, Tiau, Tuipui, Nongal, Simsang, Ganol, Damring, Waikhrwi, Kwai, Teirei, Khawthlangtuipui, Ngengpui Stream, Vantawng, Sderkariah, Laitryngew, Wahkhlek Khlek, Wahrew, Umngi, Rwiang, Kalipai, Kmai Um, Lukha, Myntdu, Lamu, Lynriang, Thlu Umwi, Simsang, Teesta, Sonai, Ranganadi, Rangit, Ranichu, Kapili, Karola, Kathakal, Kharsang, Kohora, Kolong, Kundli, Kushiara, Manu, Nonbah, Kynshi, Wah Blei, Lohit, Manas, Maney Khola, Ganol Tura, Milak, Namchik, Noa Dihing, Pachin, Pagldia, Panchnoi, Poma, Yomgo And Mora",,142.0,2.2,7.85,3.25,MANEY KHOLA,2023-06-30
2023,1804,"RIVER MANEY KHOLA AFTER CONFLUENCS WITH RAY KHOLA AT ADAMPOOL AFTER MEETING WASTE OF STP, GANGTOK",SIKKIM,"Tributary Streams - Burhidihing, Dhansiri, Bharalu, Dikrong, Gai Nadi, Digaru, Digboi, Dikhow, Kaljani, Gabharu, Tocklai, Tunia, Larsing, Dhateshwari, Demow, Borsila, Barak, Dibang, Dihing, Senki, Dorika, Subansiri, Siang, Baralia, Tihu, Singra, Damring, Manda, Dikchu, Dzu, Kha Ru, Dzucha, Torsa, Beki, Bereng, Bhogdoi, Jhanji, Jia Bharali, Sankosh, Sanuo Ru, Boginadi, Rilang, Myntang, Tlawng, Tuirial, Serlui, Vaipuanpho, Tuikual, Sakhisih, Damdiai, Chite, Tuirini, Tuivawl, Lawibual, Challui, Mat, Siakah, Chhimtuipui, Tuikum, Sesah, Phe, Teirei, Tut, Tuichhuahen, Tiau, Tuipui, Nongal, Simsang, Ganol, Damring, Waikhrwi, Kwai, Teirei, Khawthlangtuipui, Ngengpui Stream, Vantawng, Sderkariah, Laitryngew, Wahkhlek Khlek, Wahrew, Umngi, Rwiang, Kalipai, Kmai Um, Lukha, Myntdu, Lamu, Lynriang, Thlu Umwi, Simsang, Teesta, Sonai, Ranganadi, Rangit, Ranichu, Kapili, Karola, Kathakal, Kharsang, Kohora, Kolong, Kundli, Kushiara, Manu, Nonbah, Kynshi, Wah Blei, Lohit, Manas, Maney Khola, Ganol Tura, Milak, Namchik, Noa Dihing, Pachin, Pagldia, Panchnoi, Poma, Yomgo And Mora",,149.5,,8.15,,MANEY KHOLA AFTER CONFLUENCS WITH RAY KHOLA,2023-06-30
2023,2894,"RIVER MILAK AT BORBORA WARD, TULI",NAGALAND,"Tributary Streams - Burhidihing, Dhansiri, Bharalu, Dikrong, Gai Nadi, Digaru, Digboi, Dikhow, Kaljani, Gabharu, Tocklai, Tunia, Larsing, Dhateshwari, Demow, Borsila, Barak, Dibang, Dihing, Senki, Dorika, Subansiri, Siang, Baralia, Tihu, Singra, Damring, Manda, Dikchu, Dzu, Kha Ru, Dzucha, Torsa, Beki, Bereng, Bhogdoi, Jhanji, Jia Bharali, Sankosh, Sanuo Ru, Boginadi, Rilang, Myntang, Tlawng, Tuirial, Serlui, Vaipuanpho, Tuikual, Sakhisih, Damdiai, Chite, Tuirini, Tuivawl, Lawibual, Challui, Mat, Siakah, Chhimtuipui, Tuikum, Sesah, Phe, Teirei, Tut, Tuichhuahen, Tiau, Tuipui, Nongal, Simsang, Ganol, Damring, Waikhrwi, Kwai, Teirei, Khawthlangtuipui, Ngengpui Stream, Vantawng, Sderkariah, Laitryngew, Wahkhlek Khlek, Wahrew, Umngi, Rwiang, Kalipai, Kmai Um, Lukha, Myntdu, Lamu, Lynriang, Thlu Umwi, Simsang, Teesta, Sonai, Ranganadi, Rangit, Ranichu, Kapili, Karola, Kathakal, Kharsang, Kohora, Kolong, Kundli, Kushiara, Manu, Nonbah, Kynshi, Wah Blei, Lohit, Manas, Maney Khola, Ganol Tura, Milak, Namchik, Noa Dihing, Pachin, Pagldia, Panchnoi, Poma, Yomgo And Mora",,284.5,1.2,7.55,1.0,MILAK,2023-06-30
2023,2895,"RIVER MILAK AT PAPER NAGAR, TULI",NAGALAND,"Tributary Streams - Burhidihing, Dhansiri, Bharalu, Dikrong, Gai Nadi, Digaru, Digboi, Dikhow, Kaljani, Gabharu, Tocklai, Tunia, Larsing, Dhateshwari, Demow, Borsila, Barak, Dibang, Dihing, Senki, Dorika, Subansiri, Siang, Baralia, Tihu, Singra, Damring, Manda, Dikchu, Dzu, Kha Ru, Dzucha, Torsa, Beki, Bereng, Bhogdoi, Jhanji, Jia Bharali, Sankosh, Sanuo Ru, Boginadi, Rilang, Myntang, Tlawng, Tuirial, Serlui, Vaipuanpho, Tuikual, Sakhisih, Damdiai, Chite, Tuirini, Tuivawl, Lawibual, Challui, Mat, Siakah, Chhimtuipui, Tuikum, Sesah, Phe, Teirei, Tut, Tuichhuahen, Tiau, Tuipui, Nongal, Simsang, Ganol, Damring, Waikhrwi, Kwai, Teirei, Khawthlangtuipui, Ngengpui Stream, Vantawng, Sderkariah, Laitryngew, Wahkhlek Khlek, Wahrew, Umngi, Rwiang, Kalipai, Kmai Um, Lukha, Myntdu, Lamu, Lynriang, Thlu Umwi, Simsang, Teesta, Sonai, Ranganadi, Rangit, Ranichu, Kapili, Karola, Kathakal, Kharsang, Kohora, Kolong, Kundli, Kushiara, Manu, Nonbah, Kynshi, Wah Blei, Lohit, Manas, Maney Khola, Ganol Tura, Milak, Namchik, Noa Dihing, Pachin, Pagldia, Panchnoi, Poma, Yomgo And Mora",,302.5,1.25,7.65,0.8500000000000001,MILAK,2023-06-30
2023,3100,RIVER NAMCHIK AT KHARSANG,ARUNACHAL PRADESH,"Tributary Streams - Burhidihing, Dhansiri, Bharalu, Dikrong, Gai Nadi, Digaru, Digboi, Dikhow, Kaljani, Gabharu, Tocklai, Tunia, Larsing, Dhateshwari, Demow, Borsila, Barak, Dibang, Dihing, Senki, Dorika, Subansiri, Siang, Baralia, Tihu, Singra, Damring, Manda, Dikchu, Dzu, Kha Ru, Dzucha, Torsa, Beki, Bereng, Bhogdoi, Jhanji, Jia Bharali, Sankosh, Sanuo Ru, Boginadi, Rilang, Myntang, Tlawng, Tuirial, Serlui, Vaipuanpho, Tuikual, Sakhisih, Damdiai, Chite, Tuirini, Tuivawl, Lawibual, Challui, Mat, Siakah, Chhimtuipui, Tuikum, Sesah, Phe, Teirei, Tut, Tuichhuahen, Tiau, Tuipui, Nongal, Simsang, Ganol, Damring, Waikhrwi, Kwai, Teirei, Khawthlangtuipui, Ngengpui Stream, Vantawng, Sderkariah, Laitryngew, Wahkhlek Khlek, Wahrew, Umngi, Rwiang, Kalipai, Kmai Um, Lukha, Myntdu, Lamu, Lynriang, Thlu Umwi, Simsang, Teesta, Sonai, Ranganadi, Rangit, Ranichu, Kapili, Karola, Kathakal, Kharsang, Kohora, Kolong, Kundli, Kushiara, Manu, Nonbah, Kynshi, Wah Blei, Lohit, Manas, Maney Khola, Ganol Tura, Milak, Namchik, Noa Dihing, Pachin, Pagldia, Panchnoi, Poma, Yomgo And Mora",,277.0,1.0,8.4,0.0,NAMCHIK,2023-06-30
2023,3109,"RIVER NOA DIHING AT NAMSAI, (D/S OF DIHING)",ARUNACHAL PRADESH,"Tributary Streams - Burhidihing, Dhansiri, Bharalu, Dikrong, Gai Nadi, Digaru, Digboi, Dikhow, Kaljani, Gabharu, Tocklai, Tunia, Larsing, Dhateshwari, Demow, Borsila, Barak, Dibang, Dihing, Senki, Dorika, Subansiri, Siang, Baralia, Tihu, Singra, Damring, Manda, Dikchu, Dzu, Kha Ru, Dzucha, Torsa, Beki, Bereng, Bhogdoi, Jhanji, Jia Bharali, Sankosh, Sanuo Ru, Boginadi, Rilang, Myntang, Tlawng, Tuirial, Serlui, Vaipuanpho, Tuikual, Sakhisih, Damdiai, Chite, Tuirini, Tuivawl, Lawibual, Challui, Mat, Siakah, Chhimtuipui, Tuikum, Sesah, Phe, Teirei, Tut, Tuichhuahen, Tiau, Tuipui, Nongal, Simsang, Ganol, Damring, Waikhrwi, Kwai, Teirei, Khawthlangtuipui, Ngengpui Stream, Vantawng, Sderkariah, Laitryngew, Wahkhlek Khlek, Wahrew, Umngi, Rwiang, Kalipai, Kmai Um, Lukha, Myntdu, Lamu, Lynriang, Thlu Umwi, Simsang, Teesta, Sonai, Ranganadi, Rangit, Ranichu, Kapili, Karola, Kathakal, Kharsang, Kohora, Kolong, Kundli, Kushiara, Manu, Nonbah, Kynshi, Wah Blei, Lohit, Manas, Maney Khola, Ganol Tura, Milak, Namchik, Noa Dihing, Pachin, Pagldia, Panchnoi, Poma, Yomgo And Mora",,198.0,1.6,7.6499999999999995,0.0,NOA DIHING,2023-06-30
2023,3103,"RIVER PACHIN AT NAHARLAGUN (BELOW BARAPANI BRIDGE), (D/S OF RIVER SENKI)",ARUNACHAL PRADESH,"Tributary Streams - Burhidihing, Dhansiri, Bharalu, Dikrong, Gai Nadi, Digaru, Digboi, Dikhow, Kaljani, Gabharu, Tocklai, Tunia, Larsing, Dhateshwari, Demow, Borsila, Barak, Dibang, Dihing, Senki, Dorika, Subansiri, Siang, Baralia, Tihu, Singra, Damring, Manda, Dikchu, Dzu, Kha Ru, Dzucha, Torsa, Beki, Bereng, Bhogdoi, Jhanji, Jia Bharali, Sankosh, Sanuo Ru, Boginadi, Rilang, Myntang, Tlawng, Tuirial, Serlui, Vaipuanpho, Tuikual, Sakhisih, Damdiai, Chite, Tuirini, Tuivawl, Lawibual, Challui, Mat, Siakah, Chhimtuipui, Tuikum, Sesah, Phe, Teirei, Tut, Tuichhuahen, Tiau, Tuipui, Nongal, Simsang, Ganol, Damring, Waikhrwi, Kwai, Teirei, Khawthlangtuipui, Ngengpui Stream, Vantawng, Sderkariah, Laitryngew, Wahkhlek Khlek, Wahrew, Umngi, Rwiang, Kalipai, Kmai Um, Lukha, Myntdu, Lamu, Lynriang, Thlu Umwi, Simsang, Teesta, Sonai, Ranganadi, Rangit, Ranichu, Kapili, Karola, Kathakal, Kharsang, Kohora, Kolong, Kundli, Kushiara, Manu, Nonbah, Kynshi, Wah Blei, Lohit, Manas, Maney Khola, Ganol Tura, Milak, Namchik, Noa Dihing, Pachin, Pagldia, Panchnoi, Poma, Yomgo And Mora",,130.0,1.9,7.6,0.0,PACHIN,2023-06-30
2023,2065,"RIVER PAGLDIA NEAR NALBARI TOWN, DIST. NALBARI, ASSAM",ASSAM,"Tributary Streams - Burhidihing, Dhansiri, Bharalu, Dikrong, Gai Nadi, Digaru, Digboi, Dikhow, Kaljani, Gabharu, Tocklai, Tunia, Larsing, Dhateshwari, Demow, Borsila, Barak, Dibang, Dihing, Senki, Dorika, Subansiri, Siang, Baralia, Tihu, Singra, Damring, Manda, Dikchu, Dzu, Kha Ru, Dzucha, Torsa, Beki, Bereng, Bhogdoi, Jhanji, Jia Bharali, Sankosh, Sanuo Ru, Boginadi, Rilang, Myntang, Tlawng, Tuirial, Serlui, Vaipuanpho, Tuikual, Sakhisih, Damdiai, Chite, Tuirini, Tuivawl, Lawibual, Challui, Mat, Siakah, Chhimtuipui, Tuikum, Sesah, Phe, Teirei, Tut, Tuichhuahen, Tiau, Tuipui, Nongal, Simsang, Ganol, Damring, Waikhrwi, Kwai, Teirei, Khawthlangtuipui, Ngengpui Stream, Vantawng, Sderkariah, Laitryngew, Wahkhlek Khlek, Wahrew, Umngi, Rwiang, Kalipai, Kmai Um, Lukha, Myntdu, Lamu, Lynriang, Thlu Umwi, Simsang, Teesta, Sonai, Ranganadi, Rangit, Ranichu, Kapili, Karola, Kathakal, Kharsang, Kohora, Kolong, Kundli, Kushiara, Manu, Nonbah, Kynshi, Wah Blei, Lohit, Manas, Maney Khola, Ganol Tura, Milak, Namchik, Noa Dihing, Pachin, Pagldia, Panchnoi, Poma, Yomgo And Mora",,186.0,2.4,6.949999999999999,1.2,PAGLDIA,2023-06-30
2023,2235,"RIVER PANCHNOI AT NH-52 CROSSING, ORANG, ASSAM",ASSAM,"Tributary Streams - Burhidihing, Dhansiri, Bharalu, Dikrong, Gai Nadi, Digaru, Digboi, Dikhow, Kaljani, Gabharu, Tocklai, Tunia, Larsing, Dhateshwari, Demow, Borsila, Barak, Dibang, Dihing, Senki, Dorika, Subansiri, Siang, Baralia, Tihu, Singra, Damring, Manda, Dikchu, Dzu, Kha Ru, Dzucha, Torsa, Beki, Bereng, Bhogdoi, Jhanji, Jia Bharali, Sankosh, Sanuo Ru, Boginadi, Rilang, Myntang, Tlawng, Tuirial, Serlui, Vaipuanpho, Tuikual, Sakhisih, Damdiai, Chite, Tuirini, Tuivawl, Lawibual, Challui, Mat, Siakah, Chhimtuipui, Tuikum, Sesah, Phe, Teirei, Tut, Tuichhuahen, Tiau, Tuipui, Nongal, Simsang, Ganol, Damring, Waikhrwi, Kwai, Teirei, Khawthlangtuipui, Ngengpui Stream, Vantawng, Sderkariah, Laitryngew, Wahkhlek Khlek, Wahrew, Umngi, Rwiang, Kalipai, Kmai Um, Lukha, Myntdu, Lamu, Lynriang, Thlu Umwi, Simsang, Teesta, Sonai, Ranganadi, Rangit, Ranichu, Kapili, Karola, Kathakal, Kharsang, Kohora, Kolong, Kundli, Kushiara, Manu, Nonbah, Kynshi, Wah Blei, Lohit, Manas, Maney Khola, Ganol Tura, Milak, Namchik, Noa Dihing, Pachin, Pagldia, Panchnoi, Poma, Yomgo And Mora",,123.0,2.45,5.6,1.25,PANCHNOI,2023-06-30
2023,1531,"RIVER MORA BHARALI AT TEZPUR, ASSAM",ASSAM,"Tributary Streams - Burhidihing, Dhansiri, Bharalu, Dikrong, Gai Nadi, Digaru, Digboi, Dikhow, Kaljani, Gabharu, Tocklai, Tunia, Larsing, Dhateshwari, Demow, Borsila, Barak, Dibang, Dihing, Senki, Dorika, Subansiri, Siang, Baralia, Tihu, Singra, Damring, Manda, Dikchu, Dzu, Kha Ru, Dzucha, Torsa, Beki, Bereng, Bhogdoi, Jhanji, Jia Bharali, Sankosh, Sanuo Ru, Boginadi, Rilang, Myntang, Tlawng, Tuirial, Serlui, Vaipuanpho, Tuikual, Sakhisih, Damdiai, Chite, Tuirini, Tuivawl, Lawibual, Challui, Mat, Siakah, Chhimtuipui, Tuikum, Sesah, Phe, Teirei, Tut, Tuichhuahen, Tiau, Tuipui, Nongal, Simsang, Ganol, Damring, Waikhrwi, Kwai, Teirei, Khawthlangtuipui, Ngengpui Stream, Vantawng, Sderkariah, Laitryngew, Wahkhlek Khlek, Wahrew, Umngi, Rwiang, Kalipai, Kmai Um, Lukha, Myntdu, Lamu, Lynriang, Thlu Umwi, Simsang, Teesta, Sonai, Ranganadi, Rangit, Ranichu, Kapili, Karola, Kathakal, Kharsang, Kohora, Kolong, Kundli, Kushiara, Manu, Nonbah, Kynshi, Wah Blei, Lohit, Manas, Maney Khola, Ganol Tura, Milak, Namchik, Noa Dihing, Pachin, Pagldia, Panchnoi, Poma, Yomgo And Mora",,195.0,3.15,4.6,1.45,MORA BHARALI,2023-06-30
2023,1929,"RIVER CHATHE NEAR ICAR, MEDZIPHEMA",NAGALAND,"Tributary Streams - Burhidihing, Dhansiri, Bharalu, Dikrong, Gai Nadi, Digaru, Digboi, Dikhow, Kaljani, Gabharu, Tocklai, Tunia, Larsing, Dhateshwari, Demow, Borsila, Barak, Dibang, Dihing, Senki, Dorika, Subansiri, Siang, Baralia, Tihu, Singra, Damring, Manda, Dikchu, Dzu, Kha Ru, Dzucha, Torsa, Beki, Bereng, Bhogdoi, Jhanji, Jia Bharali, Sankosh, Sanuo Ru, Boginadi, Rilang, Myntang, Tlawng, Tuirial, Serlui, Vaipuanpho, Tuikual, Sakhisih, Damdiai, Chite, Tuirini, Tuivawl, Lawibual, Challui, Mat, Siakah, Chhimtuipui, Tuikum, Sesah, Phe, Teirei, Tut, Tuichhuahen, Tiau, Tuipui, Nongal, Simsang, Ganol, Damring, Waikhrwi, Kwai, Teirei, Khawthlangtuipui, Ngengpui Stream, Vantawng, Sderkariah, Laitryngew, Wahkhlek Khlek, Wahrew, Umngi, Rwiang, Kalipai, Kmai Um, Lukha, Myntdu, Lamu, Lynriang, Thlu Umwi, Simsang, Teesta, Sonai, Ranganadi, Rangit, Ranichu, Kapili, Karola, Kathakal, Kharsang, Kohora, Kolong, Kundli, Kushiara, Manu, Nonbah, Kynshi, Wah Blei, Lohit, Manas, Maney Khola, Ganol Tura, Milak, Namchik, Noa Dihing, Pachin, Pagldia, Panchnoi, Poma, Yomgo And Mora",,158.5,1.5,7.3,1.1,CHATHE,2023-06-30
2023,1930,RIVER DZU AT DZU BRIDGE,NAGALAND,"Tributary Streams - Burhidihing, Dhansiri, Bharalu, Dikrong, Gai Nadi, Digaru, Digboi, Dikhow, Kaljani, Gabharu, Tocklai, Tunia, Larsing, Dhateshwari, Demow, Borsila, Barak, Dibang, Dihing, Senki, Dorika, Subansiri, Siang, Baralia, Tihu, Singra, Damring, Manda, Dikchu, Dzu, Kha Ru, Dzucha, Torsa, Beki, Bereng, Bhogdoi, Jhanji, Jia Bharali, Sankosh, Sanuo Ru, Boginadi, Rilang, Myntang, Tlawng, Tuirial, Serlui, Vaipuanpho, Tuikual, Sakhisih, Damdiai, Chite, Tuirini, Tuivawl, Lawibual, Challui, Mat, Siakah, Chhimtuipui, Tuikum, Sesah, Phe, Teirei, Tut, Tuichhuahen, Tiau, Tuipui, Nongal, Simsang, Ganol, Damring, Waikhrwi, Kwai, Teirei, Khawthlangtuipui, Ngengpui Stream, Vantawng, Sderkariah, Laitryngew, Wahkhlek Khlek, Wahrew, Umngi, Rwiang, Kalipai, Kmai Um, Lukha, Myntdu, Lamu, Lynriang, Thlu Umwi, Simsang, Teesta, Sonai, Ranganadi, Rangit, Ranichu, Kapili, Karola, Kathakal, Kharsang, Kohora, Kolong, Kundli, Kushiara, Manu, Nonbah, Kynshi, Wah Blei, Lohit, Manas, Maney Khola, Ganol Tura, Milak, Namchik, Noa Dihing, Pachin, Pagldia, Panchnoi, Poma, Yomgo And Mora",,427.5,1.7,7.35,1.3,DZU,2023-06-30
2023,1232,"RIVER MAHI (D/S) CONF WITH R. CHAP (UNDER SAGWARA-SARHI RD. BDG.), RAJASTHAN",RAJASTHAN,"Tributary Streams - Burhidihing, Dhansiri, Bharalu, Dikrong, Gai Nadi, Digaru, Digboi, Dikhow, Kaljani, Gabharu, Tocklai, Tunia, Larsing, Dhateshwari, Demow, Borsila, Barak, Dibang, Dihing, Senki, Dorika, Subansiri, Siang, Baralia, Tihu, Singra, Damring, Manda, Dikchu, Dzu, Kha Ru, Dzucha, Torsa, Beki, Bereng, Bhogdoi, Jhanji, Jia Bharali, Sankosh, Sanuo Ru, Boginadi, Rilang, Myntang, Tlawng, Tuirial, Serlui, Vaipuanpho, Tuikual, Sakhisih, Damdiai, Chite, Tuirini, Tuivawl, Lawibual, Challui, Mat, Siakah, Chhimtuipui, Tuikum, Sesah, Phe, Teirei, Tut, Tuichhuahen, Tiau, Tuipui, Nongal, Simsang, Ganol, Damring, Waikhrwi, Kwai, Teirei, Khawthlangtuipui, Ngengpui Stream, Vantawng, Sderkariah, Laitryngew, Wahkhlek Khlek, Wahrew, Umngi, Rwiang, Kalipai, Kmai Um, Lukha, Myntdu, Lamu, Lynriang, Thlu Umwi, Simsang, Teesta, Sonai, Ranganadi, Rangit, Ranichu, Kapili, Karola, Kathakal, Kharsang, Kohora, Kolong, Kundli, Kushiara, Manu, Nonbah, Kynshi, Wah Blei, Lohit, Manas, Maney Khola, Ganol Tura, Milak, Namchik, Noa Dihing, Pachin, Pagldia, Panchnoi, Poma, Yomgo And Mora",,582.0,2.25,5.35,2.02,"Burhidihing, Dhansiri, Bharalu, Dikrong, Gai Nadi, Digaru, Digboi, Dikhow, Kaljani, Gabharu, Tocklai, Tunia, Larsing, Dhateshwari, Demow, Borsila, Barak, Dibang, Dihing, Senki, Dorika, Subansiri, Siang, Baralia, Tihu, Singra, Damring, Manda, Dikchu, Dzu, Kha Ru, Dzucha, Torsa, Beki, Bereng, Bhogdoi, Jhanji, Jia Bharali, Sankosh, Sanuo Ru, Boginadi, Rilang, Myntang, Tlawng, Tuirial, Serlui, Vaipuanpho, Tuikual, Sakhisih, Damdiai, Chite, Tuirini, Tuivawl, Lawibual, Challui, Mat, Siakah, Chhimtuipui, Tuikum, Sesah, Phe, Teirei, Tut, Tuichhuahen, Tiau, Tuipui, Nongal, Simsang, Ganol, Damring, Waikhrwi, Kwai, Teirei, Khawthlangtuipui, Ngengpui Stream, Vantawng, Sderkariah, Laitryngew, Wahkhlek Khlek, Wahrew, Umngi, Rwiang, Kalipai, Kmai Um, Lukha, Myntdu, Lamu, Lynriang, Thlu Umwi, Simsang, Teesta, Sonai, Ranganadi, Rangit, Ranichu, Kapili, Karola, Kathakal, Kharsang, Kohora, Kolong, Kundli, Kushiara, Manu, Nonbah, Kynshi, Wah Blei, Lohit, Manas, Maney Khola, Ganol Tura, Milak, Namchik, Noa Dihing, Pachin, Pagldia, Panchnoi, Poma, Yomgo And Mora",2023-06-30
2023,30061,"RIVER MAHI AT GAMMON BRIDGE NEAR PADLA CHOWKI, BANSWARA (MP & RJASTHAN)",RAJASTHAN,"Tributary Streams - Burhidihing, Dhansiri, Bharalu, Dikrong, Gai Nadi, Digaru, Digboi, Dikhow, Kaljani, Gabharu, Tocklai, Tunia, Larsing, Dhateshwari, Demow, Borsila, Barak, Dibang, Dihing, Senki, Dorika, Subansiri, Siang, Baralia, Tihu, Singra, Damring, Manda, Dikchu, Dzu, Kha Ru, Dzucha, Torsa, Beki, Bereng, Bhogdoi, Jhanji, Jia Bharali, Sankosh, Sanuo Ru, Boginadi, Rilang, Myntang, Tlawng, Tuirial, Serlui, Vaipuanpho, Tuikual, Sakhisih, Damdiai, Chite, Tuirini, Tuivawl, Lawibual, Challui, Mat, Siakah, Chhimtuipui, Tuikum, Sesah, Phe, Teirei, Tut, Tuichhuahen, Tiau, Tuipui, Nongal, Simsang, Ganol, Damring, Waikhrwi, Kwai, Teirei, Khawthlangtuipui, Ngengpui Stream, Vantawng, Sderkariah, Laitryngew, Wahkhlek Khlek, Wahrew, Umngi, Rwiang, Kalipai, Kmai Um, Lukha, Myntdu, Lamu, Lynriang, Thlu Umwi, Simsang, Teesta, Sonai, Ranganadi, Rangit, Ranichu, Kapili, Karola, Kathakal, Kharsang, Kohora, Kolong, Kundli, Kushiara, Manu, Nonbah, Kynshi, Wah Blei, Lohit, Manas, Maney Khola, Ganol Tura, Milak, Namchik, Noa Dihing, Pachin, Pagldia, Panchnoi, Poma, Yomgo And Mora",,266.5,2.25,8.8,0.41000000000000003,MAHI,2023-06-30
2023,1229,"RIVER MAHI NEAR RAJASTHAN BORDER AT KADANA DAM,",GUJARAT,"Tributary Streams - Burhidihing, Dhansiri, Bharalu, Dikrong, Gai Nadi, Digaru, Digboi, Dikhow, Kaljani, Gabharu, Tocklai, Tunia, Larsing, Dhateshwari, Demow, Borsila, Barak, Dibang, Dihing, Senki, Dorika, Subansiri, Siang, Baralia, Tihu, Singra, Damring, Manda, Dikchu, Dzu, Kha Ru, Dzucha, Torsa, Beki, Bereng, Bhogdoi, Jhanji, Jia Bharali, Sankosh, Sanuo Ru, Boginadi, Rilang, Myntang, Tlawng, Tuirial, Serlui, Vaipuanpho, Tuikual, Sakhisih, Damdiai, Chite, Tuirini, Tuivawl, Lawibual, Challui, Mat, Siakah, Chhimtuipui, Tuikum, Sesah, Phe, Teirei, Tut, Tuichhuahen, Tiau, Tuipui, Nongal, Simsang, Ganol, Damring, Waikhrwi, Kwai, Teirei, Khawthlangtuipui, Ngengpui Stream, Vantawng, Sderkariah, Laitryngew, Wahkhlek Khlek, Wahrew, Umngi, Rwiang, Kalipai, Kmai Um, Lukha, Myntdu, Lamu, Lynriang, Thlu Umwi, Simsang, Teesta, Sonai, Ranganadi, Rangit, Ranichu, Kapili, Karola, Kathakal, Kharsang, Kohora, Kolong, Kundli, Kushiara, Manu, Nonbah, Kynshi, Wah Blei, Lohit, Manas, Maney Khola, Ganol Tura, Milak, Namchik, Noa Dihing, Pachin, Pagldia, Panchnoi, Poma, Yomgo And Mora",,378.5,1.0,7.85,0.535,MAHI,2023-06-30
2023,1230,"RIVER MAHI AFTER CONF. WITH ANAS AT PARDI (BANASWADA),",GUJARAT,"Tributary Streams - Burhidihing, Dhansiri, Bharalu, Dikrong, Gai Nadi, Digaru, Digboi, Dikhow, Kaljani, Gabharu, Tocklai, Tunia, Larsing, Dhateshwari, Demow, Borsila, Barak, Dibang, Dihing, Senki, Dorika, Subansiri, Siang, Baralia, Tihu, Singra, Damring, Manda, Dikchu, Dzu, Kha Ru, Dzucha, Torsa, Beki, Bereng, Bhogdoi, Jhanji, Jia Bharali, Sankosh, Sanuo Ru, Boginadi, Rilang, Myntang, Tlawng, Tuirial, Serlui, Vaipuanpho, Tuikual, Sakhisih, Damdiai, Chite, Tuirini, Tuivawl, Lawibual, Challui, Mat, Siakah, Chhimtuipui, Tuikum, Sesah, Phe, Teirei, Tut, Tuichhuahen, Tiau, Tuipui, Nongal, Simsang, Ganol, Damring, Waikhrwi, Kwai, Teirei, Khawthlangtuipui, Ngengpui Stream, Vantawng, Sderkariah, Laitryngew, Wahkhlek Khlek, Wahrew, Umngi, Rwiang, Kalipai, Kmai Um, Lukha, Myntdu, Lamu, Lynriang, Thlu Umwi, Simsang, Teesta, Sonai, Ranganadi, Rangit, Ranichu, Kapili, Karola, Kathakal, Kharsang, Kohora, Kolong, Kundli, Kushiara, Manu, Nonbah, Kynshi, Wah Blei, Lohit, Manas, Maney Khola, Ganol Tura, Milak, Namchik, Noa Dihing, Pachin, Pagldia, Panchnoi, Poma, Yomgo And Mora",,365.0,1.0,7.8,0.6799999999999999,ANAS,2023-06-30
2023,1231,"RIVER MAHI AT VIRPUR,",GUJARAT,"Tributary Streams - Burhidihing, Dhansiri, Bharalu, Dikrong, Gai Nadi, Digaru, Digboi, Dikhow, Kaljani, Gabharu, Tocklai, Tunia, Larsing, Dhateshwari, Demow, Borsila, Barak, Dibang, Dihing, Senki, Dorika, Subansiri, Siang, Baralia, Tihu, Singra, Damring, Manda, Dikchu, Dzu, Kha Ru, Dzucha, Torsa, Beki, Bereng, Bhogdoi, Jhanji, Jia Bharali, Sankosh, Sanuo Ru, Boginadi, Rilang, Myntang, Tlawng, Tuirial, Serlui, Vaipuanpho, Tuikual, Sakhisih, Damdiai, Chite, Tuirini, Tuivawl, Lawibual, Challui, Mat, Siakah, Chhimtuipui, Tuikum, Sesah, Phe, Teirei, Tut, Tuichhuahen, Tiau, Tuipui, Nongal, Simsang, Ganol, Damring, Waikhrwi, Kwai, Teirei, Khawthlangtuipui, Ngengpui Stream, Vantawng, Sderkariah, Laitryngew, Wahkhlek Khlek, Wahrew, Umngi, Rwiang, Kalipai, Kmai Um, Lukha, Myntdu, Lamu, Lynriang, Thlu Umwi, Simsang, Teesta, Sonai, Ranganadi, Rangit, Ranichu, Kapili, Karola, Kathakal, Kharsang, Kohora, Kolong, Kundli, Kushiara, Manu, Nonbah, Kynshi, Wah Blei, Lohit, Manas, Maney Khola, Ganol Tura, Milak, Namchik, Noa Dihing, Pachin, Pagldia, Panchnoi, Poma, Yomgo And Mora",,371.5,1.0,7.85,1.095,MAHI,2023-06-30
2023,1863,RIVER MAHI AT UMETA BRIDGE,GUJARAT,"Tributary Streams - Burhidihing, Dhansiri, Bharalu, Dikrong, Gai Nadi, Digaru, Digboi, Dikhow, Kaljani, Gabharu, Tocklai, Tunia, Larsing, Dhateshwari, Demow, Borsila, Barak, Dibang, Dihing, Senki, Dorika, Subansiri, Siang, Baralia, Tihu, Singra, Damring, Manda, Dikchu, Dzu, Kha Ru, Dzucha, Torsa, Beki, Bereng, Bhogdoi, Jhanji, Jia Bharali, Sankosh, Sanuo Ru, Boginadi, Rilang, Myntang, Tlawng, Tuirial, Serlui, Vaipuanpho, Tuikual, Sakhisih, Damdiai, Chite, Tuirini, Tuivawl, Lawibual, Challui, Mat, Siakah, Chhimtuipui, Tuikum, Sesah, Phe, Teirei, Tut, Tuichhuahen, Tiau, Tuipui, Nongal, Simsang, Ganol, Damring, Waikhrwi, Kwai, Teirei, Khawthlangtuipui, Ngengpui Stream, Vantawng, Sderkariah, Laitryngew, Wahkhlek Khlek, Wahrew, Umngi, Rwiang, Kalipai, Kmai Um, Lukha, Myntdu, Lamu, Lynriang, Thlu Umwi, Simsang, Teesta, Sonai, Ranganadi, Rangit, Ranichu, Kapili, Karola, Kathakal, Kharsang, Kohora, Kolong, Kundli, Kushiara, Manu, Nonbah, Kynshi, Wah Blei, Lohit, Manas, Maney Khola, Ganol Tura, Milak, Namchik, Noa Dihing, Pachin, Pagldia, Panchnoi, Poma, Yomgo And Mora",,487.5,1.0,7.85,0.75,MAHI,2023-06-30
2023,1864,RIVER MAHI AT MUJPUR,GUJARAT,"Tributary Streams - Burhidihing, Dhansiri, Bharalu, Dikrong, Gai Nadi, Digaru, Digboi, Dikhow, Kaljani, Gabharu, Tocklai, Tunia, Larsing, Dhateshwari, Demow, Borsila, Barak, Dibang, Dihing, Senki, Dorika, Subansiri, Siang, Baralia, Tihu, Singra, Damring, Manda, Dikchu, Dzu, Kha Ru, Dzucha, Torsa, Beki, Bereng, Bhogdoi, Jhanji, Jia Bharali, Sankosh, Sanuo Ru, Boginadi, Rilang, Myntang, Tlawng, Tuirial, Serlui, Vaipuanpho, Tuikual, Sakhisih, Damdiai, Chite, Tuirini, Tuivawl, Lawibual, Challui, Mat, Siakah, Chhimtuipui, Tuikum, Sesah, Phe, Teirei, Tut, Tuichhuahen, Tiau, Tuipui, Nongal, Simsang, Ganol, Damring, Waikhrwi, Kwai, Teirei, Khawthlangtuipui, Ngengpui Stream, Vantawng, Sderkariah, Laitryngew, Wahkhlek Khlek, Wahrew, Umngi, Rwiang, Kalipai, Kmai Um, Lukha, Myntdu, Lamu, Lynriang, Thlu Umwi, Simsang, Teesta, Sonai, Ranganadi, Rangit, Ranichu, Kapili, Karola, Kathakal, Kharsang, Kohora, Kolong, Kundli, Kushiara, Manu, Nonbah, Kynshi, Wah Blei, Lohit, Manas, Maney Khola, Ganol Tura, Milak, Namchik, Noa Dihing, Pachin, Pagldia, Panchnoi, Poma, Yomgo And Mora",,,,7.449999999999999,0.78,MAHI,2023-06-30
2023,3206,RIVER MAHI AT SHERKHI BRIDGESINDHROT BRIDGE-VADODARA,GUJARAT,"Tributary Streams - Burhidihing, Dhansiri, Bharalu, Dikrong, Gai Nadi, Digaru, Digboi, Dikhow, Kaljani, Gabharu, Tocklai, Tunia, Larsing, Dhateshwari, Demow, Borsila, Barak, Dibang, Dihing, Senki, Dorika, Subansiri, Siang, Baralia, Tihu, Singra, Damring, Manda, Dikchu, Dzu, Kha Ru, Dzucha, Torsa, Beki, Bereng, Bhogdoi, Jhanji, Jia Bharali, Sankosh, Sanuo Ru, Boginadi, Rilang, Myntang, Tlawng, Tuirial, Serlui, Vaipuanpho, Tuikual, Sakhisih, Damdiai, Chite, Tuirini, Tuivawl, Lawibual, Challui, Mat, Siakah, Chhimtuipui, Tuikum, Sesah, Phe, Teirei, Tut, Tuichhuahen, Tiau, Tuipui, Nongal, Simsang, Ganol, Damring, Waikhrwi, Kwai, Teirei, Khawthlangtuipui, Ngengpui Stream, Vantawng, Sderkariah, Laitryngew, Wahkhlek Khlek, Wahrew, Umngi, Rwiang, Kalipai, Kmai Um, Lukha, Myntdu, Lamu, Lynriang, Thlu Umwi, Simsang, Teesta, Sonai, Ranganadi, Rangit, Ranichu, Kapili, Karola, Kathakal, Kharsang, Kohora, Kolong, Kundli, Kushiara, Manu, Nonbah, Kynshi, Wah Blei, Lohit, Manas, Maney Khola, Ganol Tura, Milak, Namchik, Noa Dihing, Pachin, Pagldia, Panchnoi, Poma, Yomgo And Mora",,,,7.7,1.165,MAHI,2023-06-30
2023,4415,RIVER MAHI AT DODKAVILLAGE : PRATHAMPURA,GUJARAT,"Tributary Streams - Burhidihing, Dhansiri, Bharalu, Dikrong, Gai Nadi, Digaru, Digboi, Dikhow, Kaljani, Gabharu, Tocklai, Tunia, Larsing, Dhateshwari, Demow, Borsila, Barak, Dibang, Dihing, Senki, Dorika, Subansiri, Siang, Baralia, Tihu, Singra, Damring, Manda, Dikchu, Dzu, Kha Ru, Dzucha, Torsa, Beki, Bereng, Bhogdoi, Jhanji, Jia Bharali, Sankosh, Sanuo Ru, Boginadi, Rilang, Myntang, Tlawng, Tuirial, Serlui, Vaipuanpho, Tuikual, Sakhisih, Damdiai, Chite, Tuirini, Tuivawl, Lawibual, Challui, Mat, Siakah, Chhimtuipui, Tuikum, Sesah, Phe, Teirei, Tut, Tuichhuahen, Tiau, Tuipui, Nongal, Simsang, Ganol, Damring, Waikhrwi, Kwai, Teirei, Khawthlangtuipui, Ngengpui Stream, Vantawng, Sderkariah, Laitryngew, Wahkhlek Khlek, Wahrew, Umngi, Rwiang, Kalipai, Kmai Um, Lukha, Myntdu, Lamu, Lynriang, Thlu Umwi, Simsang, Teesta, Sonai, Ranganadi, Rangit, Ranichu, Kapili, Karola, Kathakal, Kharsang, Kohora, Kolong, Kundli, Kushiara, Manu, Nonbah, Kynshi, Wah Blei, Lohit, Manas, Maney Khola, Ganol Tura, Milak, Namchik, Noa Dihing, Pachin, Pagldia, Panchnoi, Poma, Yomgo And Mora",,430.5,1.0,8.0,1.09,MAHI,2023-06-30
2023,30050,"RIVER MAHI ABOUT 500 METERS D/S OF KADANA DAM NEAR BRIDGE, PANCHMAHAL, GUJARAT (RAJASTHAN AND GUJARAT)",GUJARAT,"Tributary Streams - Burhidihing, Dhansiri, Bharalu, Dikrong, Gai Nadi, Digaru, Digboi, Dikhow, Kaljani, Gabharu, Tocklai, Tunia, Larsing, Dhateshwari, Demow, Borsila, Barak, Dibang, Dihing, Senki, Dorika, Subansiri, Siang, Baralia, Tihu, Singra, Damring, Manda, Dikchu, Dzu, Kha Ru, Dzucha, Torsa, Beki, Bereng, Bhogdoi, Jhanji, Jia Bharali, Sankosh, Sanuo Ru, Boginadi, Rilang, Myntang, Tlawng, Tuirial, Serlui, Vaipuanpho, Tuikual, Sakhisih, Damdiai, Chite, Tuirini, Tuivawl, Lawibual, Challui, Mat, Siakah, Chhimtuipui, Tuikum, Sesah, Phe, Teirei, Tut, Tuichhuahen, Tiau, Tuipui, Nongal, Simsang, Ganol, Damring, Waikhrwi, Kwai, Teirei, Khawthlangtuipui, Ngengpui Stream, Vantawng, Sderkariah, Laitryngew, Wahkhlek Khlek, Wahrew, Umngi, Rwiang, Kalipai, Kmai Um, Lukha, Myntdu, Lamu, Lynriang, Thlu Umwi, Simsang, Teesta, Sonai, Ranganadi, Rangit, Ranichu, Kapili, Karola, Kathakal, Kharsang, Kohora, Kolong, Kundli, Kushiara, Manu, Nonbah, Kynshi, Wah Blei, Lohit, Manas, Maney Khola, Ganol Tura, Milak, Namchik, Noa Dihing, Pachin, Pagldia, Panchnoi, Poma, Yomgo And Mora",,400.0,1.3,4.9,0.32,METERS,2023-06-30
2023,1233,"RIVER MAHI AT BADNAWAR, M.P.",MADHYA PRADESH,"Tributary Streams - Burhidihing, Dhansiri, Bharalu, Dikrong, Gai Nadi, Digaru, Digboi, Dikhow, Kaljani, Gabharu, Tocklai, Tunia, Larsing, Dhateshwari, Demow, Borsila, Barak, Dibang, Dihing, Senki, Dorika, Subansiri, Siang, Baralia, Tihu, Singra, Damring, Manda, Dikchu, Dzu, Kha Ru, Dzucha, Torsa, Beki, Bereng, Bhogdoi, Jhanji, Jia Bharali, Sankosh, Sanuo Ru, Boginadi, Rilang, Myntang, Tlawng, Tuirial, Serlui, Vaipuanpho, Tuikual, Sakhisih, Damdiai, Chite, Tuirini, Tuivawl, Lawibual, Challui, Mat, Siakah, Chhimtuipui, Tuikum, Sesah, Phe, Teirei, Tut, Tuichhuahen, Tiau, Tuipui, Nongal, Simsang, Ganol, Damring, Waikhrwi, Kwai, Teirei, Khawthlangtuipui, Ngengpui Stream, Vantawng, Sderkariah, Laitryngew, Wahkhlek Khlek, Wahrew, Umngi, Rwiang, Kalipai, Kmai Um, Lukha, Myntdu, Lamu, Lynriang, Thlu Umwi, Simsang, Teesta, Sonai, Ranganadi, Rangit, Ranichu, Kapili, Karola, Kathakal, Kharsang, Kohora, Kolong, Kundli, Kushiara, Manu, Nonbah, Kynshi, Wah Blei, Lohit, Manas, Maney Khola, Ganol Tura, Milak, Namchik, Noa Dihing, Pachin, Pagldia, Panchnoi, Poma, Yomgo And Mora",,438.5,1.2,7.4,1.195,MAHI,2023-06-30
2023,3318,"RIVER MAHI AT RANISINGH VILLAGE, RATLAM, UJJAIN",MADHYA PRADESH,"Tributary Streams - Anas, Malei, Panam, Shivna, Chillar, Jammer And Ajab Bourali",,330.0,1.8,7.25,0.665,MAHI,2023-06-30
2023,4608,RIVER MAHI FOREST GUEST HOUSE RAJAPUR MATAJI SHIVGARH RATLAM.,MADHYA PRADESH,"Tributary Streams - Anas, Malei, Panam, Shivna, Chillar, Jammer And Ajab Bourali",,350.0,1.8,7.4,0.535,"Anas, Malei, Panam, Shivna, Chillar, Jammer And Ajab Bourali",2023-06-30
2023,30058,RIVER MAHI AT VILLAGE BAJNA (MP & RJASTHAN),MADHYA PRADESH,"Tributary Streams - Anas, Malei, Panam, Shivna, Chillar, Jammer And Ajab Bourali",,258.5,2.15,8.65,0.62,MAHI,2023-06-30
2023,3848,RIVER ANAS RIVER NEAR ROAD BRIDGE JHABUA,MADHYA PRADESH,"Tributary Streams - Anas, Malei, Panam, Shivna, Chillar, Jammer And Ajab Bourali",,373.5,1.4,7.25,1.1400000000000001,ANAS RIVER,2023-06-30
2023,1228,"RIVER ANAS AT DAHOD, (KUSHALGARH), DIST. PANCHMAHAL",GUJARAT,"Tributary Streams - Anas, Malei, Panam, Shivna, Chillar, Jammer And Ajab Bourali",,433.5,1.0,7.8,0.38,ANAS,2023-06-30
2023,2104,RIVER MALEI AT JAORA,MADHYA PRADESH,"Tributary Streams - Anas, Malei, Panam, Shivna, Chillar, Jammer And Ajab Bourali",,564.0,1.9500000000000002,7.3,1.64,MALEI,2023-06-30
2023,2102,"RIVER SHIVNA AT RAMGHAT, MANDSAUR",MADHYA PRADESH,"Tributary Streams - Anas, Malei, Panam, Shivna, Chillar, Jammer And Ajab Bourali",,451.5,2.0,7.550000000000001,0.625,SHIVNA,2023-06-30
2023,1227,"RIVER PANAM AT LUNAWADA,",GUJARAT,"Tributary Streams - Anas, Malei, Panam, Shivna, Chillar, Jammer And Ajab Bourali",,354.0,1.0,7.8,0.35,PANAM,2023-06-30
2023,2105,RIVER CHILLAR AT SHAJAPUR,MADHYA PRADESH,"Tributary Streams - Anas, Malei, Panam, Shivna, Chillar, Jammer And Ajab Bourali",,351.0,1.8,7.1,0.61,CHILLAR,2023-06-30
2023,2103,"RIVER JAMMER AT DHOLABAD, RATLAM",MADHYA PRADESH,"Tributary Streams - Anas, Malei, Panam, Shivna, Chillar, Jammer And Ajab Bourali",,252.5,1.7,7.3,0.65,JAMMER,2023-06-30
2023,5476,"RIVER MAHI AT MAHI DAM,VILLAGE-BHOR KHERA ,BANSWARA",RAJASTHAN,"Tributary Streams - Anas, Malei, Panam, Shivna, Chillar, Jammer And Ajab Bourali",,411.0,2.35,4.7,6.875,MAHI,2023-06-30
2023,4620,"RIVER AJAB BOURALI AT PETLAWAD DAM PETLAVAD, JHABUA",MADHYA PRADESH,"Tributary Streams - Anas, Malei, Panam, Shivna, Chillar, Jammer And Ajab Bourali",,419.5,1.1,7.300000000000001,1.115,AJAB BOURALI,2023-06-30
2023,1221,"RIVER SABARMATI AT KHEROJ BRIDGE,",GUJARAT,Sabarmati,,572.5,1.15,6.3,0.675,SABARMATI,2023-06-30
2023,1223,"RIVER SABARMATI AFTER CONF. WITH MESHWA AT VAUTHA (NEAR DHOKLA),",GUJARAT,Sabarmati,,,,2.6999999999999997,,MESHWA,2023-06-30
2023,1409,"RIVER SABARMATI AT RAILWAY BRIDGE AHMEDABAD,",GUJARAT,Sabarmati,,446.0,2.55,4.75,0.8800000000000001,SABARMATI,2023-06-30
2023,1866,"RIVER SABARMATI AT HANSAOL BRIDGE,",GUJARAT,Sabarmati,,340.0,1.4,5.9,1.01,SABARMATI,2023-06-30
2023,1408,"RIVER SABARMATI AT VILL. MIROLI TALUKA DASCROI, AHMEDABAD,",GUJARAT,Sabarmati,,,,2.55,,SABARMATI,2023-06-30
2023,2075,"RIVER SABARMATI AT DHAROI DAM, DIST. MEHSANA.RIVER SABARMATI TA DHAROI DAM, TAL : SATALASANA, DIST : MEHSANA",GUJARAT,Sabarmati,,472.0,1.35,6.35,0.9400000000000001,SABARMATI,2023-06-30
2023,10014,"RIVER SABARMATI AT AHMEDABAD U/SHANSOL, AHMEDABAD",GUJARAT,Sabarmati,,340.0,1.4,5.9,0.6749999999999999,SABARMATI,2023-06-30
2023,10015,"RIVER SABARMATI AT AHMEDABAD D/SVILL: MIROLI,TALUKA DASCROI, AHMEDABAD,",GUJARAT,Sabarmati,,,,2.55,,SABARMATI,2023-06-30
2023,30042,"RIVER SABARMATI AT KHEROJ BRIDGE, SABARKANTHA, AMBAJI HIGHWAY, KHEROJ, GUJARAT (RAJASTHAN AND GUJARAT)",GUJARAT,Sabarmati,,607.0,2.5,9.6,0.32,SABARMATI,2023-06-30
2023,1482,"RIVER SABARMATI AT MAHUDI JAIN TEMPLE, 150 KM. FORM ORIGIN,",GUJARAT,Sabarmati,,468.0,1.5,5.65,0.835,SABARMATI,2023-06-30
2023,1407,"RIVER SABARMATI AT GANDHI NAGAR CHILODA BRIDGE, LEKAWADA,",GUJARAT,Sabarmati,,461.5,1.4,6.05,1.025,SABARMATI,2023-06-30
2023,1222,"RIVER SHEDHI AT KHEDA,",GUJARAT,Sabarmati,,,,5.85,4.53,SHEDHI,2023-06-30
2023,1437,"RIVER KHARI AT LALI VILLAGE NEAR AHMEDABAD,",GUJARAT,Sabarmati,,,,0.9,,KHARI,2023-06-30
2023,4772,"RIVER KELWARA RESERVIOR, N/V KELWARA, TEHSIL-KUMBHALGARH DIST- RAJSAMAND, (UPSTREAM OF KHARI RIVER)",RAJASTHAN,Narmada,,626.5,2.75,4.85,2.8,Narmada,2023-06-30
2023,1224,"RIVER MESHWA NEAR RAJASTHAN BORDER D/S AT SAMLAJI,DIST: ARVALI",GUJARAT,Narmada,,,,6.35,0.885,MESHWA,2023-06-30
2023,1242,RIVER NARMADA NEAR ORIGIN POINT AT AMARKANTAK M.P.,MADHYA PRADESH,Narmada,,,,6.65,0.33,NARMADA,2023-06-30
2023,4578,RIVER NARMADA AT PUSKAR DAM AMARKANTAK,MADHYA PRADESH,Narmada,,,,7.35,0.4,NARMADA,2023-06-30
2023,1241,RIVER NARMADA AT MANDLA NEAR ROAD BRIDGE. M.P.,MADHYA PRADESH,Narmada,,430.5,1.6,7.4,0.7999999999999999,NARMADA,2023-06-30
2023,2106,RIVER NARMADA AT NEMAWAR,MADHYA PRADESH,Narmada,,296.0,1.6,7.1,0.485,NARMADA,2023-06-30
2023,4595,RIVER NARMADA 500 M.D/S NEAR JAIN MANDER VILLAGE NEMAWAR,MADHYA PRADESH,Narmada,,321.0,2.0,7.1,0.635,Narmada,2023-06-30
2023,1239,"RIVER NARMADA AT BADWANI, M.P.",MADHYA PRADESH,Narmada,,296.0,1.1,7.5,1.01,NARMADA,2023-06-30
2023,1431,"RIVER NARMADA AT MAHESHWAR, M. P.",MADHYA PRADESH,Narmada,,264.5,1.1,7.45,0.5700000000000001,NARMADA,2023-06-30
2023,1234,RIVER NARMADA NEAR SHAHGANJ GUEST HOUSE DISTRICT SEHORE (M.P.),MADHYA PRADESH,Narmada,,275.0,1.7,,3.6849999999999996,NARMADA,2023-06-30
2023,2112,"RIVER NARMADA NEAR MORTAKKA BRIDGE, BADWAH",MADHYA PRADESH,Narmada,,285.5,1.2,7.550000000000001,1.05,NARMADA,2023-06-30
2023,1235,RIVER NARMADA AT HOSHANGABAD 100 METER D/ S AFTER CONFLUENCE OF SPM NALLA M.P.,MADHYA PRADESH,Narmada,,251.0,1.5,7.95,1.725,NARMADA,2023-06-30
2023,2113,"RIVER NARMADA NEAR PUNASA DAM, PUNASA",MADHYA PRADESH,Narmada,,246.0,1.05,7.449999999999999,0.89,NARMADA,2023-06-30
2023,1430,RIVER NARMADA AT D/S OF OMKARESHWAR M.P.,MADHYA PRADESH,Narmada,,267.5,1.05,7.4,0.96,NARMADA,2023-06-30
2023,3322,"RIVER NARMADA AT MANDLA, NEAR SHAMSHANGHAT, JABALPUR",MADHYA PRADESH,Narmada,,398.0,1.5,7.0,0.7649999999999999,NARMADA,2023-06-30
2023,2099,"RIVER NARMADA AT LALPUR, JABALPUR",MADHYA PRADESH,Narmada,,306.0,1.4,7.5,0.48000000000000004,NARMADA,2023-06-30
2023,3323,"RIVER NARMADA AT TILWARAGHAT, JABALPUR",MADHYA PRADESH,Narmada,,449.0,1.6,7.4,0.8700000000000001,NARMADA,2023-06-30
2023,3324,"RIVER NARMADA AT PANCHWATIGHAT, BEFORE MIXING WITH BAWANGANGA RIVER, JABALPUR",MADHYA PRADESH,Narmada,,470.0,1.5,7.6,0.87,NARMADA,2023-06-30
2023,3325,"RIVER NARMADA AT SARSWATIGHAT, AFTER MIXING WITH BAWANGANGA RIVER, JABALPUR",MADHYA PRADESH,Narmada,,480.5,1.7,7.300000000000001,1.18,NARMADA,2023-06-30
2023,2118,RIVER NARMADA RIVER AT D/S OF KAPILDHARA,MADHYA PRADESH,Narmada,,,,7.1,0.385,NARMADA RIVER,2023-06-30
2023,2123,RIVER NARMADA AT KORIGHAT HOSHANGABAD,MADHYA PRADESH,Narmada,,248.0,1.4500000000000002,7.85,1.32,NARMADA,2023-06-30
2023,3847,RIVER NARMADA AT DHARAMPURI,MADHYA PRADESH,Narmada,,262.5,1.05,7.55,0.535,NARMADA,2023-06-30
2023,4577,"RIVER NARMADA AT CHANDANGHAT NEAR ROAD BRIDGE, DINDORI",MADHYA PRADESH,Narmada,,556.5,1.4,7.449999999999999,0.76,NARMADA,2023-06-30
2023,4578,RIVER NARMADA AT PUSKAR DAM AMARKANTAK,MADHYA PRADESH,Narmada,,,,7.35,0.4,NARMADA,2023-06-30
2023,4579,RIVER NARMADA AT DINDORI D/S AFTER MIXING TO CITY DOMESTIC NEAR JOGOTIKARIA GHAT,MADHYA PRADESH,Narmada,,552.5,1.7999999999999998,7.75,0.53,NARMADA,2023-06-30
2023,4580,RIVER NARMADA NEAR BHAIRAV TAMPLE AT SHHASTRADHARA MANDLA,MADHYA PRADESH,Narmada,,466.0,1.5499999999999998,7.4,0.765,NARMADA,2023-06-30
2023,4581,RIVER NARMADA NEAR ROAD BRIDGE (D/S BARGI DAM) JABALPUR,MADHYA PRADESH,Narmada,,482.0,1.55,7.5,0.68,NARMADA,2023-06-30
2023,4582,"RIVER NARMADA AT JAMTARA, NEAR RAILWAY BRIDGE",MADHYA PRADESH,Narmada,,489.5,1.5499999999999998,7.5,0.73,NARMADA,2023-06-30
2023,4583,RIVER NARMADA NEAR ROAD BRIDGE JHANSINGHAT JABALPUR,MADHYA PRADESH,Narmada,,447.0,1.5499999999999998,7.4,1.4100000000000001,NARMADA,2023-06-30
2023,4584,RIVER NARMADA N.H. 44 NEAR ROAD BRIDGE AT BARMAN. JABALPUR,MADHYA PRADESH,Narmada,,453.0,1.5,7.15,0.84,BRIDGE,2023-06-30
2023,4585,"RIVER NARMADA, BARMANGHAT, 100 MDS OF MAINGHAT",MADHYA PRADESH,Narmada,,482.0,1.7999999999999998,7.3,0.7999999999999999,Narmada,2023-06-30
2023,4586,RIVER NARMADA S.N. 44 NEAR ROAD BRIDGE NEAR JHILKOLI NARSINGPUR,MADHYA PRADESH,Narmada,,462.0,1.5499999999999998,7.25,1.47,BRIDGE,2023-06-30
2023,4587,"RIVER NARMADA AT NEAR ROAD BRIDGE, SANDIA",MADHYA PRADESH,Narmada,,228.5,1.35,8.25,1.39,NARMADA,2023-06-30
2023,4588,RIVER NARMADA AT UP- STREAM OF VILLAGE JAIT NEAR NARYANAPURA DISTRICT SEHORE (M.P.),MADHYA PRADESH,Narmada,,,,,4.359999999999999,NARMADA,2023-06-30
2023,4589,RIVER NARMADA AT D/S OF VILL. JAIT,MADHYA PRADESH,Narmada,,,,,4.165,NARMADA,2023-06-30
2023,4590,RIVER NARMADA AT UP-STREAM BEFORE CONFLUENCE OF RIVER TAWA NEAR BANDRABHAN DISTRICT SEHORE M.P.,MADHYA PRADESH,Narmada,,301.5,1.55,,3.56,NARMADA,2023-06-30
2023,4591,"RIVER NARMADA AT DOWN-STREAM AFTER CONFLUENCE OF RIVER TAWA NEAR RAMNAGAR,DISTRICT SEHORE (M.P.)",MADHYA PRADESH,Narmada,,263.5,1.45,,4.195,NARMADA,2023-06-30
2023,4592,"RIVER NARMADA AT BUDHNIGHAT, BUDHNI DISTRICT SEHORE( M.P.)",MADHYA PRADESH,Narmada,,,,,2.875,NARMADA,2023-06-30
2023,4593,RIVER NARMADA AT DOWN-STREAM OF TEXTILE UNIT VILLAGE. HOLIPURA BUDNI DISTRICT SEHORE (M.P.),MADHYA PRADESH,Narmada,,329.0,1.5,,3.04,NARMADA,2023-06-30
2023,4594,RIVER NARMADA AT BEFOR CONFLU. OF RIVER JAMNER VILL. NEMAWAR,MADHYA PRADESH,Narmada,,313.5,1.7,7.15,0.575,NARMADA,2023-06-30
2023,4596,RIVER NARMADA AT HANUWANTIA DIST. KHANDWA,MADHYA PRADESH,Narmada,,261.0,4.2,7.55,0.8899999999999999,NARMADA,2023-06-30
2023,4597,RIVER NARMADA AT U/S OMKAREWHWAR DAM KHANDWA,MADHYA PRADESH,Narmada,,260.0,1.05,7.5,1.5,NARMADA,2023-06-30
2023,4598,RIVER NARMADA RIVER AT DHARESHWAR,MADHYA PRADESH,Narmada,,267.0,1.05,7.5,,NARMADA RIVER,2023-06-30
2023,4599,RIVER NARMADA NEAR W/S INTAKE JALLOD,MADHYA PRADESH,Narmada,,284.0,1.05,7.65,0.915,NARMADA,2023-06-30
2023,4600,RIVER NARMADA RIVER AT SHAHASTRADHARA (JALKOTI),MADHYA PRADESH,Narmada,,269.5,1.1,7.65,1.3199999999999998,NARMADA RIVER,2023-06-30
2023,4601,RIVER NARMADA AT KHALGHAT,MADHYA PRADESH,Narmada,,276.0,1.1,7.6,0.6,NARMADA,2023-06-30
2023,4602,RIVER NARMADA RIVER AT SEMALDA U/S OF BARWANI,MADHYA PRADESH,Narmada,,291.0,1.05,7.6,0.9349999999999999,NARMADA RIVER,2023-06-30
2023,4603,RIVER NARMADA AT KOTESHWAR,MADHYA PRADESH,Narmada,,323.5,1.05,7.35,1.3199999999999998,NARMADA,2023-06-30
2023,4605,"RIVER NARMADA AT KAKRANA, INTERSTATE BOUNDRY, ALIRAJPUR",MADHYA PRADESH,Narmada,,304.0,1.1,7.45,1.4300000000000002,NARMADA,2023-06-30
2023,30048,"RIVER NARMADA AT NAVAGAM, NEAR GORA COLONY, KEVADIA, GUJARAT (GUJARAT AND MADHYA PRADESH)",GUJARAT,Narmada,,372.0,2.5,7.7,0.32,NARMADA,2023-06-30
2023,1244,"RIVER NARMADA AT PANETHA,",GUJARAT,"Tributary Streams - Chota Tawa, Gour, Katni, Kunda, Simrar, Banjar And Hiran",,281.5,1.0,7.7,0.585,NARMADA,2023-06-30
2023,1245,"RIVER NARMADA AT CHANDOD,",GUJARAT,"Tributary Streams - Chota Tawa, Gour, Katni, Kunda, Simrar, Banjar And Hiran",,362.0,1.0,8.0,1.26,NARMADA,2023-06-30
2023,1981,"RIVER NARMADA AT ZANOR (NTPC), BHARUCHRIVER NARMADA AT ZANOR (NTPC), BHARUCH",GUJARAT,"Tributary Streams - Chota Tawa, Gour, Katni, Kunda, Simrar, Banjar And Hiran",,400.0,1.0,7.7,0.3,NARMADA,2023-06-30
2023,1243,"RIVER NARMADA AT BHARUCH, ZADESHVAR,",GUJARAT,"Tributary Streams - Chota Tawa, Gour, Katni, Kunda, Simrar, Banjar And Hiran",,520.0,1.0,7.300000000000001,0.3,NARMADA,2023-06-30
2023,1236,"RIVER CHOTA TAWA BEFORE CONFL. WITH RIVER NARMADA, M.P.",MADHYA PRADESH,"Tributary Streams - Chota Tawa, Gour, Katni, Kunda, Simrar, Banjar And Hiran",,418.0,1.1,7.5,1.0350000000000001,"Chota Tawa, Gour, Katni, Kunda, Simrar, Banjar And Hiran",2023-06-30
2023,2100,"RIVER GOUR NEAR BHOGDWAR WSS INTAKE POINT, JABALPUR",MADHYA PRADESH,"Tributary Streams - Chota Tawa, Gour, Katni, Kunda, Simrar, Banjar And Hiran",,330.5,1.4,7.6,2.035,GOUR,2023-06-30
2023,2114,RIVER KUNDA AT KHARGONE,MADHYA PRADESH,"Tributary Streams - Chota Tawa, Gour, Katni, Kunda, Simrar, Banjar And Hiran",,,,4.8,,KUNDA,2023-06-30
2023,3305,"RIVER BANJAR AT MALANJKHAND NEAR W/S INTAKE POINT, JABALPUR",MADHYA PRADESH,"Tributary Streams - Chota Tawa, Gour, Katni, Kunda, Simrar, Banjar And Hiran",,399.0,1.6,7.4,0.78,BANJAR,2023-06-30
2023,3828,"RIVER HIRAN, NH 7 ROAD BRIDGE, SIHORA, DIST JABALPUR",MADHYA PRADESH,"Tributary Streams - Chota Tawa, Gour, Katni, Kunda, Simrar, Banjar And Hiran",,470.5,1.7000000000000002,7.05,0.8700000000000001,"Chota Tawa, Gour, Katni, Kunda, Simrar, Banjar And Hiran",2023-06-30
2023,3829,"RIVER HIRAN, NH -12 ROAD BRIDGE VIL VIKRAMPUR ,DIST NARSINGPUR",MADHYA PRADESH,"Tributary Streams - Chota Tawa, Gour, Katni, Kunda, Simrar, Banjar And Hiran",,424.5,1.6,7.1,0.855,"Chota Tawa, Gour, Katni, Kunda, Simrar, Banjar And Hiran",2023-06-30
2023,4613,"RIVER HIRAN AFTER MIXING PARIYAT RIVER NEAR ROAD BRIDGE AT VILL GANIYARI, JABALPUR",MADHYA PRADESH,"Tributary Streams - Chota Tawa, Gour, Katni, Kunda, Simrar, Banjar And Hiran",,,,6.800000000000001,,HIRAN AFTER MIXING PARIYAT RIVER,2023-06-30
2023,4616,"RIVER BANJAR RIVER NEAR ROAD BRIDGE, VILL. KHARRADHAR MALANJKHAND.",MADHYA PRADESH,"Tributary Streams - Chota Tawa, Gour, Katni, Kunda, Simrar, Banjar And Hiran",,387.5,1.45,7.5,0.775,BANJAR RIVER,2023-06-30
2023,4617,"RIVER WAINGANGA RIVER NEAR VILL. BUDUNDA MALANJKHAND, DISTT BALAGHAT",MADHYA PRADESH,"Tributary Streams - Chota Tawa, Gour, Katni, Kunda, Simrar, Banjar And Hiran",,395.5,1.45,7.4,0.795,WAINGANGA RIVER,2023-06-30
2023,1250,RIVER TAPI AT HATNUR M.P.,MADHYA PRADESH,Tapi,,,,6.1,,TAPI,2023-06-30
2023,1466,"RIVER TAPI AT VILLAGE KHEDI, NEAR AMARAWATI ROAD BRIDGE , BETUL",MADHYA PRADESH,Tapi,,529.0,1.7,7.4,2.76,TAPI,2023-06-30
2023,1247,"RIVER TAPI AT MANDAVI,",GUJARAT,Tapi,,468.5,1.5,7.35,0.41000000000000003,TAPI,2023-06-30
2023,1983,"RIVER TAPI NEAR BARDOLI (KAPP BRIDGE) BARDOLIKAKRAPAR,SURAT",GUJARAT,Tapi,,441.5,1.45,7.3,3.15,TAPI,2023-06-30
2023,1248,"RIVER TAPI AT SURAT U/S KATHORE,RIVER TAPI NEAR LIMDESHWAR MAHDEV AT KATHOR",GUJARAT,Tapi,,590.5,1.7,7.5,0.57,TAPI,2023-06-30
2023,2071,"RIVER TAPI AT ONGC BRIDGE AT SURAT, DIST. SURATHAZIRA,SURAT",GUJARAT,Tapi,,,,6.25,0.3,TAPI,2023-06-30
2023,30045,"RIVER TAPI AT KUKURMUNDA BRIDGE, NIZHAR ROAD, NEAR VILLAGE KUKURMUNDA, GUJARAT (MAHARASHTRA AND GUJARAT)",GUJARAT,Tapi,,500.0,1.0,8.2,1.11,TAPI,2023-06-30
2023,30044,"RIVER TAPI AT PRAKASHA, (MAHARASHTRA)",MAHARASHTRA 22.0,Tapi,,364.0,9.6,4.8,1.08,TAPI,2023-06-30
2023,30043,"RIVER TAPI AT AJNAD, (MAHARASHTRA)",MAHARASHTRA 22.0,Tapi,,436.0,6.2,5.0,2.45,TAPI,2023-06-30
2023,1251,"RIVER TAPI AT U/S, BHUSAWAL,VILLAGE. BHUSAWAL RAILWAY COLONY, TALUKA. BHUSAWAL, DISTRICT. JALGAON.",MAHARASHTRA 22.0,Tapi,,,,6.199999999999999,1.905,TAPI,2023-06-30
2023,1313,"RIVER TAPI AT AJNAD VILLAGE, VILLAGE.AJNAD , TALUKA. RAVER, DISTRICT.JALGAON.",MAHARASHTRA 22.0,Tapi,,,,6.35,2.785,TAPI,2023-06-30
2023,1314,"RIVER TAPI AT UBAD VILLAGE NEAR GUJRATBORDER, VILLAGE. UBAD, TALUKA. SHAHADA, DISTRICT. NANDURBAR.",MAHARASHTRA 16.0,Tapi,,,,6.4,2.6599999999999997,TAPI,2023-06-30
2023,3203,"RIVER AMRAVATI AT VILLAGE DADHAL , TA ANKLESHWAR, BHARUCHNR RAILWAY BRIDGE, AT VILLAGE DHADHAL , TA: ANKLESHWAR, DIST BHARUCH",GUJARAT,Tributary Streams - Amravati At Village Dadhal,,,,5.949999999999999,1.24,AMRAVATI,2023-06-30
2023,2666,"RIVER GOMAI D/S. OF SHAHADA, VILLAGE- SHAHADA,TALUKA- DHULE,DISTRICT- DHULE.",MAHARASHTRA 17.0,Tributary Streams - Amravati At Village Dadhal,,,,6.35,2.2199999999999998,GOMAI,2023-06-30
2023,2659,"RIVER BURAI BEFORE CONFLUENCE TO TAPI RIVER, VILLAGE- MUKUDAS, TALUKA- DHULE, DISTRICT- DHULE.",MAHARASHTRA 16.0,Tributary Streams - Amravati At Village Dadhal,,411.0,3.2,5.9,2.64,Amravati At Village Dadhal,2023-06-30
2023,2070,"RIVER KIM AT SAHOL BRIDGE, OLPAD HANSOT ROAD, DIST. SURATSAHOL, OLPAD HANSOT ROAD, SAHOL BRIDGE,SURAT",GUJARAT,Tributary Streams - Amravati At Village Dadhal,,,,6.05,0.3,KIM,2023-06-30
2023,2127,"RIVER DENWA NEAR SARNI, ROAD BRIDGE",MADHYA PRADESH,Tributary Streams - Amravati At Village Dadhal,,502.0,1.8,7.35,1.565,DENWA,2023-06-30
2023,1252,"RIVER GIRNA AT JALGAON AT INTAKE OF GIRNA PUMP HUOSE, VILLAGE- GIRNA PUMP HOUSE AREA, TALUKA- JALGAON, DISTRICT- JALGAON.",MAHARASHTRA 20.0,Tributary Streams - Amravati At Village Dadhal,,621.0,3.0,6.2,3.385,GIRNA,2023-06-30
2023,1253,"RIVER GIRNA AT MALEGAON ROAD BRIDGE, VILLAGE. MALEGAON, TALUKA. MALEGAON, DISTRICT. NASHIK.",MAHARASHTRA 28.0,Tributary Streams - Amravati At Village Dadhal,,341.5,3.2,6.550000000000001,0.595,GIRNA,2023-06-30
2023,1907,"RIVER RANGAVALI AT D/S OF NAVAPUR NEAR RANGAVALI BRIDGE, VILLAGE- NAVAPUR, TALUKA- NAVAPUR, DISTRICT- NANDURBAR.",MAHARASHTRA 18.0,Tributary Streams - Amravati At Village Dadhal,,,,6.0,2.855,RANGAVALI,2023-06-30
2023,2674,"RIVER MOR NEAR PADALASHE, VILLAGE- PADALASHE,TALUKA- JALGAON, DISTRICT- JALGAON.",MAHARASHTRA 24.0,Tributary Streams - Amravati At Village Dadhal,,245.0,3.8,5.7,2.42,MOR,2023-06-30
2023,2718,"RIVER WAGHUR AT- SAKEGAON BEFORE CONFLUENCE WITH TAPI RIVER, VILLAGE- SAKEGAON, TALUKA- JALGAON, DISTRICT- JALGAON.",MAHARASHTRA 20.0,Tributary Streams - Amravati At Village Dadhal,,,,6.6,1.74,WAGHUR,2023-06-30
2023,2684,"RIVER PANZARA NEAR PANZARAKAN SSK LTD, VILLAGE- PANZARA,TALUKA- DHULE, DISTRICT- DHULE.",MAHARASHTRA 16.0,Tributary Streams - Amravati At Village Dadhal,,,,6.5,2.21,PANZARA,2023-06-30
2023,1913,"RIVER PURNA AT DHUPESHWAR AT U/S OF MALKAPUR WATER WORKS, MALKAPUR, DIST.AKOLA",MAHARASHTRA 22.0,Tributary Streams - Amravati At Village Dadhal,,,,5.85,3.39,PURNA,2023-06-30
2023,2155,"RIVER PURNA AT D/S OF CONFLUENCE OF MORNA & PURNA RIVER AT ANDURA VILLAGE, VILLAGE-ANDURA, TALUKA- BALAPUR, DISTRICT - AKOLA.",MAHARASHTRA 22.0,Tributary Streams - Amravati At Village Dadhal,,,,5.65,4.43,PURNA,2023-06-30
2023,2695,"RIVER PEDHI NEAR ROAD BRIDGE AT DADHI- PEDHI VILLAGE, VILLAGE- DADHI- PEDHI, TALUKA- BHATKULI, DISTRICT- AMRAVATI.",MAHARASHTRA 20.0,Tributary Streams - Amravati At Village Dadhal,,,,4.4,3.55,PEDHI,2023-06-30
2023,2700,"RIVER PURNA NEAR ACHALPUR- AMRAVATI ROAD BRIDGE, VILLAGE- ASEGAON,TALUKA- CHANDUR BAZAR, DISTRICT- AMRAVATI.",MAHARASHTRA 20.0,Tributary Streams - Amravati At Village Dadhal,,,,5.65,1.35,PURNA,2023-06-30
2023,1851,"RIVER MAHANADI AT SIHAWA, ORIGIN POINT OF RIVER MAHANADI",CHHATTISGARH 20.0,Mahanadi,,248.0,2.25,6.5,0.0,MAHANADI,2023-06-30
2023,1264,"RIVER MAHANADI AT RUDRI RESERVOIR U/S AT RUDRI,DHAMTARI",CHHATTISGARH 21.0,Mahanadi,,244.0,2.4000000000000004,7.05,0.0,MAHANADI,2023-06-30
2023,1099,"RIVER MAHANADI AT RAJIM,NEAR ROAD BRIDGE CHHATISGARH.",CHHATTISGARH 22.0,Mahanadi,,268.0,2.5,6.8,0.0,MAHANADI,2023-06-30
2023,1852,nan,"RIVER MAHANADI AT ARRANG, NEAR GANDHI BRIDGE CHHATTISGARH 21.0",Mahanadi,,362.0,2.45,6.85,0.0,Mahanadi,2023-06-30
2023,1100,RIVER MAHANADI AT KHAROD,CHHATTISGARH 21.4,Mahanadi,,325.5,2.2,7.25,2.9,MAHANADI,2023-06-30
2023,1282,RIVER MAHANADI AT SHEORINARAYAN VILLAGE D/S NEAR ROAD BRIDGE,CHHATTISGARH 20.2,Mahanadi,,299.0,3.4,7.0,3.6999999999999997,MAHANADI,2023-06-30
2023,1467,"RIVER MAHANADI AFTER CONFL. OF RIVER MAND,NEAR BALPUR VILLAGE.",CHHATTISGARH 20.1,Mahanadi,,333.0,3.0,7.55,3.2,Mahanadi,2023-06-30
2023,1101,"RIVER MAHANADI AT INTERSTATE BOUNDRY, NEAR SURJGARH VILLAGE",CHHATTISGARH 15.0,Mahanadi,,265.5,1.85,7.050000000000001,1.0,MAHANADI,2023-06-30
2023,1281,RIVER MAHANADI AT HIRAKUD RESERVOIR,ODISHA,Mahanadi,,190.5,1.3,7.6,0.56,MAHANADI,2023-06-30
2023,30063,RIVER MAHANADI AT HIRAKUND (ODISHA),ODISHA,Mahanadi,,190.5,1.0,,0.405,MAHANADI,2023-06-30
2023,1270,RIVER MAHANADI AT SAMBALPUR U/S,ODISHA,Mahanadi,,206.5,1.35,7.0,0.515,MAHANADI,2023-06-30
2023,1271,RIVER MAHANADI AT SAMBALPUR D/S,ODISHA,Mahanadi,,199.0,1.95,7.0,0.46499999999999997,MAHANADI,2023-06-30
2023,2405,RIVER MAHANADI AT SAMBALPUR FD/S AT HUMA,ODISHA,Mahanadi,,203.5,1.5499999999999998,7.2,0.47,MAHANADI,2023-06-30
2023,1272,RIVER MAHANADI (AFTER CONFL. WITH R. ONG ) AT SONEPUR U/S,ODISHA,Mahanadi,,259.0,1.35,8.6,0.505,SONEPUR,2023-06-30
2023,1274,RIVER MAHANADI (AFTER CONFL. WITH R. TEL) AT SONEPUR D/S,ODISHA,Mahanadi,,207.0,1.7000000000000002,,0.535,SONEPUR,2023-06-30
2023,2404,RIVER MAHANADI AT POWER CHANNEL D/S NEAR BURLA,ODISHA,Mahanadi,,209.5,1.5499999999999998,7.0,0.53,MAHANADI,2023-06-30
2023,2406,RIVER MAHANADI AT MUNDALI (WATER INTAKE POINT OF BHUBANESWAR CITY),ODISHA,Mahanadi,,201.0,1.6,7.7,0.47,MAHANADI,2023-06-30
2023,3887,RIVER MAHANADI AT SAMBALPUR FD/S AT SHANKARMATH,ODISHA,Mahanadi,,263.0,1.8,6.699999999999999,0.58,MAHANADI,2023-06-30
2023,1275,RIVER MAHANADI AT TIKARPADA,ODISHA,Mahanadi,,247.5,1.4500000000000002,,1.39,MAHANADI,2023-06-30
2023,1276,RIVER MAHANADI AT NARSINGHPUR,ODISHA,Mahanadi,,203.5,1.3,7.5,,MAHANADI,2023-06-30
2023,1277,RIVER MAHANADI AT CUTTACK U/S,ODISHA,Mahanadi,,213.0,1.4,7.5,0.9400000000000001,MAHANADI,2023-06-30
2023,1278,RIVER MAHANADI AT CUTTACK D/S,ODISHA,Mahanadi,,260.0,1.9500000000000002,7.55,0.58,MAHANADI,2023-06-30
2023,3888,RIVER MAHANADI AT POWER CHANNEL U/S NEAR BURLA,ODISHA,"Tributary Streams - Seonath, Bheden, Kharoon, Hasdeo, Ib, Serua, Kuakhai, Daya, Birupa, Arpa, Kelo, Kathajodi, Gobari, Devi, Gangua, Kushabhadra, Mangala, Bhargavi, Kansari, Badasankha, Ratnachira, Nuna Nadi, Kusumi Nadi, Sabulia Nadi, Rushikulya, Tel, Budhabalanga, Ong, Russelkunda Reservoir And Bada Nadi",,204.0,1.55,6.9,0.545,MAHANADI,2023-06-30
2023,3890,RIVER MAHANADI AT CUTTACK FD/S AT GATIRAUTAPATNA,ODISHA,"Tributary Streams - Seonath, Bheden, Kharoon, Hasdeo, Ib, Serua, Kuakhai, Daya, Birupa, Arpa, Kelo, Kathajodi, Gobari, Devi, Gangua, Kushabhadra, Mangala, Bhargavi, Kansari, Badasankha, Ratnachira, Nuna Nadi, Kusumi Nadi, Sabulia Nadi, Rushikulya, Tel, Budhabalanga, Ong, Russelkunda Reservoir And Bada Nadi",,207.5,1.75,7.45,0.635,MAHANADI,2023-06-30
2023,2407,RIVER MAHANADI AT PARADEEP U/S (BEFORE INDUSTRIAL ACTIVITY AT PARADEEP),ODISHA,"Tributary Streams - Seonath, Bheden, Kharoon, Hasdeo, Ib, Serua, Kuakhai, Daya, Birupa, Arpa, Kelo, Kathajodi, Gobari, Devi, Gangua, Kushabhadra, Mangala, Bhargavi, Kansari, Badasankha, Ratnachira, Nuna Nadi, Kusumi Nadi, Sabulia Nadi, Rushikulya, Tel, Budhabalanga, Ong, Russelkunda Reservoir And Bada Nadi",,,,7.3,0.6,MAHANADI,2023-06-30
2023,1639,RIVER MAHANADI AT PARADEEP D/S,ODISHA,"Tributary Streams - Seonath, Bheden, Kharoon, Hasdeo, Ib, Serua, Kuakhai, Daya, Birupa, Arpa, Kelo, Kathajodi, Gobari, Devi, Gangua, Kushabhadra, Mangala, Bhargavi, Kansari, Badasankha, Ratnachira, Nuna Nadi, Kusumi Nadi, Sabulia Nadi, Rushikulya, Tel, Budhabalanga, Ong, Russelkunda Reservoir And Bada Nadi",,,,6.9,1.4,MAHANADI,2023-06-30
2023,4990,MAHANADI MUHANA NORTH (5 KM FROM SHORE),ODISHA,"Tributary Streams - Seonath, Bheden, Kharoon, Hasdeo, Ib, Serua, Kuakhai, Daya, Birupa, Arpa, Kelo, Kathajodi, Gobari, Devi, Gangua, Kushabhadra, Mangala, Bhargavi, Kansari, Badasankha, Ratnachira, Nuna Nadi, Kusumi Nadi, Sabulia Nadi, Rushikulya, Tel, Budhabalanga, Ong, Russelkunda Reservoir And Bada Nadi",,,1.0,6.45,0.0,"Seonath, Bheden, Kharoon, Hasdeo, Ib, Serua, Kuakhai, Daya, Birupa, Arpa, Kelo, Kathajodi, Gobari, Devi, Gangua, Kushabhadra, Mangala, Bhargavi, Kansari, Badasankha, Ratnachira, Nuna Nadi, Kusumi Nadi, Sabulia Nadi, Rushikulya, Tel, Budhabalanga, Ong, Russelkunda Reservoir And Bada Nadi",2023-06-30
2023,4991,MAHANADI MUHANA SOUTH (5 KM FROM SHORE),ODISHA,"Tributary Streams - Seonath, Bheden, Kharoon, Hasdeo, Ib, Serua, Kuakhai, Daya, Birupa, Arpa, Kelo, Kathajodi, Gobari, Devi, Gangua, Kushabhadra, Mangala, Bhargavi, Kansari, Badasankha, Ratnachira, Nuna Nadi, Kusumi Nadi, Sabulia Nadi, Rushikulya, Tel, Budhabalanga, Ong, Russelkunda Reservoir And Bada Nadi",,,1.0,6.9,0.0,"Seonath, Bheden, Kharoon, Hasdeo, Ib, Serua, Kuakhai, Daya, Birupa, Arpa, Kelo, Kathajodi, Gobari, Devi, Gangua, Kushabhadra, Mangala, Bhargavi, Kansari, Badasankha, Ratnachira, Nuna Nadi, Kusumi Nadi, Sabulia Nadi, Rushikulya, Tel, Budhabalanga, Ong, Russelkunda Reservoir And Bada Nadi",2023-06-30
2023,4992,MAHANADI MUHANA / ESTUARY,ODISHA,"Tributary Streams - Seonath, Bheden, Kharoon, Hasdeo, Ib, Serua, Kuakhai, Daya, Birupa, Arpa, Kelo, Kathajodi, Gobari, Devi, Gangua, Kushabhadra, Mangala, Bhargavi, Kansari, Badasankha, Ratnachira, Nuna Nadi, Kusumi Nadi, Sabulia Nadi, Rushikulya, Tel, Budhabalanga, Ong, Russelkunda Reservoir And Bada Nadi",,,1.0,6.75,0.0,"Seonath, Bheden, Kharoon, Hasdeo, Ib, Serua, Kuakhai, Daya, Birupa, Arpa, Kelo, Kathajodi, Gobari, Devi, Gangua, Kushabhadra, Mangala, Bhargavi, Kansari, Badasankha, Ratnachira, Nuna Nadi, Kusumi Nadi, Sabulia Nadi, Rushikulya, Tel, Budhabalanga, Ong, Russelkunda Reservoir And Bada Nadi",2023-06-30
2023,4994,MAHANADI MUHANA (5 KM FROM SHORE),ODISHA,"Tributary Streams - Seonath, Bheden, Kharoon, Hasdeo, Ib, Serua, Kuakhai, Daya, Birupa, Arpa, Kelo, Kathajodi, Gobari, Devi, Gangua, Kushabhadra, Mangala, Bhargavi, Kansari, Badasankha, Ratnachira, Nuna Nadi, Kusumi Nadi, Sabulia Nadi, Rushikulya, Tel, Budhabalanga, Ong, Russelkunda Reservoir And Bada Nadi",,,1.0,6.1,0.0,"Seonath, Bheden, Kharoon, Hasdeo, Ib, Serua, Kuakhai, Daya, Birupa, Arpa, Kelo, Kathajodi, Gobari, Devi, Gangua, Kushabhadra, Mangala, Bhargavi, Kansari, Badasankha, Ratnachira, Nuna Nadi, Kusumi Nadi, Sabulia Nadi, Rushikulya, Tel, Budhabalanga, Ong, Russelkunda Reservoir And Bada Nadi",2023-06-30
2023,1266,RIVER SEONATH AT SHIMGA NEAR ROAD BRIDGE,CHHATTISGARH 19.0,"Tributary Streams - Seonath, Bheden, Kharoon, Hasdeo, Ib, Serua, Kuakhai, Daya, Birupa, Arpa, Kelo, Kathajodi, Gobari, Devi, Gangua, Kushabhadra, Mangala, Bhargavi, Kansari, Badasankha, Ratnachira, Nuna Nadi, Kusumi Nadi, Sabulia Nadi, Rushikulya, Tel, Budhabalanga, Ong, Russelkunda Reservoir And Bada Nadi",,397.0,2.35,6.85,0.0,SEONATH,2023-06-30
2023,1845,"RIVER SEONATH WATER SUPPLY WELL, DURG, CHHATISGARH.",CHHATTISGARH 2.6,"Tributary Streams - Seonath, Bheden, Kharoon, Hasdeo, Ib, Serua, Kuakhai, Daya, Birupa, Arpa, Kelo, Kathajodi, Gobari, Devi, Gangua, Kushabhadra, Mangala, Bhargavi, Kansari, Badasankha, Ratnachira, Nuna Nadi, Kusumi Nadi, Sabulia Nadi, Rushikulya, Tel, Budhabalanga, Ong, Russelkunda Reservoir And Bada Nadi",,343.5,1.7999999999999998,7.0,0.4,"Seonath, Bheden, Kharoon, Hasdeo, Ib, Serua, Kuakhai, Daya, Birupa, Arpa, Kelo, Kathajodi, Gobari, Devi, Gangua, Kushabhadra, Mangala, Bhargavi, Kansari, Badasankha, Ratnachira, Nuna Nadi, Kusumi Nadi, Sabulia Nadi, Rushikulya, Tel, Budhabalanga, Ong, Russelkunda Reservoir And Bada Nadi",2023-06-30
2023,3166,"RIVER SEONATH AT JHINGHRI VILLAGE, A/C OF SAMODA NALLA, CHHATISGARH.",CHHATTISGARH 24.0,"Tributary Streams - Seonath, Bheden, Kharoon, Hasdeo, Ib, Serua, Kuakhai, Daya, Birupa, Arpa, Kelo, Kathajodi, Gobari, Devi, Gangua, Kushabhadra, Mangala, Bhargavi, Kansari, Badasankha, Ratnachira, Nuna Nadi, Kusumi Nadi, Sabulia Nadi, Rushikulya, Tel, Budhabalanga, Ong, Russelkunda Reservoir And Bada Nadi",,468.5,,4.7,,SEONATH,2023-06-30
2023,3167,"RIVER SEONATH AT MOHAD, RAJNANDGAON",CHHATTISGARH 2.6,"Tributary Streams - Seonath, Bheden, Kharoon, Hasdeo, Ib, Serua, Kuakhai, Daya, Birupa, Arpa, Kelo, Kathajodi, Gobari, Devi, Gangua, Kushabhadra, Mangala, Bhargavi, Kansari, Badasankha, Ratnachira, Nuna Nadi, Kusumi Nadi, Sabulia Nadi, Rushikulya, Tel, Budhabalanga, Ong, Russelkunda Reservoir And Bada Nadi",,299.0,2.0999999999999996,7.1,0.7100000000000001,SEONATH,2023-06-30
2023,2403,RIVER BHEDEN BEFORE CONFLUENCE WITH IB RIVER,ODISHA,"Tributary Streams - Seonath, Bheden, Kharoon, Hasdeo, Ib, Serua, Kuakhai, Daya, Birupa, Arpa, Kelo, Kathajodi, Gobari, Devi, Gangua, Kushabhadra, Mangala, Bhargavi, Kansari, Badasankha, Ratnachira, Nuna Nadi, Kusumi Nadi, Sabulia Nadi, Rushikulya, Tel, Budhabalanga, Ong, Russelkunda Reservoir And Bada Nadi",,460.0,1.5,8.0,0.76,"Seonath, Bheden, Kharoon, Hasdeo, Ib, Serua, Kuakhai, Daya, Birupa, Arpa, Kelo, Kathajodi, Gobari, Devi, Gangua, Kushabhadra, Mangala, Bhargavi, Kansari, Badasankha, Ratnachira, Nuna Nadi, Kusumi Nadi, Sabulia Nadi, Rushikulya, Tel, Budhabalanga, Ong, Russelkunda Reservoir And Bada Nadi",2023-06-30
2023,1265,RIVER KHAROON AT BHATAGAON NEAR WATER SUPPLY INTAKEWELL RAIPUR,CHHATTISGARH 20.0,"Tributary Streams - Seonath, Bheden, Kharoon, Hasdeo, Ib, Serua, Kuakhai, Daya, Birupa, Arpa, Kelo, Kathajodi, Gobari, Devi, Gangua, Kushabhadra, Mangala, Bhargavi, Kansari, Badasankha, Ratnachira, Nuna Nadi, Kusumi Nadi, Sabulia Nadi, Rushikulya, Tel, Budhabalanga, Ong, Russelkunda Reservoir And Bada Nadi",,,,6.85,0.0,KHAROON,2023-06-30
2023,1846,"RIVER KHAROON B/C KHAPRI NAHLA RAIPUR ROAD,CHHATTISGARH",CHHATTISGARH 2.6,"Tributary Streams - Seonath, Bheden, Kharoon, Hasdeo, Ib, Serua, Kuakhai, Daya, Birupa, Arpa, Kelo, Kathajodi, Gobari, Devi, Gangua, Kushabhadra, Mangala, Bhargavi, Kansari, Badasankha, Ratnachira, Nuna Nadi, Kusumi Nadi, Sabulia Nadi, Rushikulya, Tel, Budhabalanga, Ong, Russelkunda Reservoir And Bada Nadi",,,,4.7,,"Seonath, Bheden, Kharoon, Hasdeo, Ib, Serua, Kuakhai, Daya, Birupa, Arpa, Kelo, Kathajodi, Gobari, Devi, Gangua, Kushabhadra, Mangala, Bhargavi, Kansari, Badasankha, Ratnachira, Nuna Nadi, Kusumi Nadi, Sabulia Nadi, Rushikulya, Tel, Budhabalanga, Ong, Russelkunda Reservoir And Bada Nadi",2023-06-30
2023,1847,nan,"RIVER KHAROON A/C KHAPRI NAHLA,CHHATTISGARH CHHATTISGARH 2.4","Tributary Streams - Seonath, Bheden, Kharoon, Hasdeo, Ib, Serua, Kuakhai, Daya, Birupa, Arpa, Kelo, Kathajodi, Gobari, Devi, Gangua, Kushabhadra, Mangala, Bhargavi, Kansari, Badasankha, Ratnachira, Nuna Nadi, Kusumi Nadi, Sabulia Nadi, Rushikulya, Tel, Budhabalanga, Ong, Russelkunda Reservoir And Bada Nadi",,469.5,,5.6,,"Seonath, Bheden, Kharoon, Hasdeo, Ib, Serua, Kuakhai, Daya, Birupa, Arpa, Kelo, Kathajodi, Gobari, Devi, Gangua, Kushabhadra, Mangala, Bhargavi, Kansari, Badasankha, Ratnachira, Nuna Nadi, Kusumi Nadi, Sabulia Nadi, Rushikulya, Tel, Budhabalanga, Ong, Russelkunda Reservoir And Bada Nadi",2023-06-30
2023,1853,"RIVER KHAROON AT VILLAGE BENDRI, NEAR WATER SUPPLY INTAKEWELL",CHHATTISGARH 22.0,"Tributary Streams - Seonath, Bheden, Kharoon, Hasdeo, Ib, Serua, Kuakhai, Daya, Birupa, Arpa, Kelo, Kathajodi, Gobari, Devi, Gangua, Kushabhadra, Mangala, Bhargavi, Kansari, Badasankha, Ratnachira, Nuna Nadi, Kusumi Nadi, Sabulia Nadi, Rushikulya, Tel, Budhabalanga, Ong, Russelkunda Reservoir And Bada Nadi",,338.0,2.5,6.550000000000001,0.0,KHAROON,2023-06-30
2023,1105,RIVER HASDEO UP STREAM OF HASDEO BANGO HYDEL POWER STATION STATION MACHADOLI KORBA,CHHATTISGARH 24.1,"Tributary Streams - Seonath, Bheden, Kharoon, Hasdeo, Ib, Serua, Kuakhai, Daya, Birupa, Arpa, Kelo, Kathajodi, Gobari, Devi, Gangua, Kushabhadra, Mangala, Bhargavi, Kansari, Badasankha, Ratnachira, Nuna Nadi, Kusumi Nadi, Sabulia Nadi, Rushikulya, Tel, Budhabalanga, Ong, Russelkunda Reservoir And Bada Nadi",,,,4.45,0.45,"Seonath, Bheden, Kharoon, Hasdeo, Ib, Serua, Kuakhai, Daya, Birupa, Arpa, Kelo, Kathajodi, Gobari, Devi, Gangua, Kushabhadra, Mangala, Bhargavi, Kansari, Badasankha, Ratnachira, Nuna Nadi, Kusumi Nadi, Sabulia Nadi, Rushikulya, Tel, Budhabalanga, Ong, Russelkunda Reservoir And Bada Nadi",2023-06-30
2023,1106,RIVER HASDEO AT U/S OF CHAMPA CHHATTISGARH,CHHATTISGARH 20.1,"Tributary Streams - Seonath, Bheden, Kharoon, Hasdeo, Ib, Serua, Kuakhai, Daya, Birupa, Arpa, Kelo, Kathajodi, Gobari, Devi, Gangua, Kushabhadra, Mangala, Bhargavi, Kansari, Badasankha, Ratnachira, Nuna Nadi, Kusumi Nadi, Sabulia Nadi, Rushikulya, Tel, Budhabalanga, Ong, Russelkunda Reservoir And Bada Nadi",,267.0,2.45,6.6,3.3000000000000003,HASDEO,2023-06-30
2023,3165,"RIVER HASDEO 100 METER DOWNSTREAM AFTER CONFLUENCE OF DENGUR NALLAH NERA C.S.E.B. EAST GUEST HOUSE, KORBA, CHHATISGARH.",CHHATTISGARH 24.5,"Tributary Streams - Seonath, Bheden, Kharoon, Hasdeo, Ib, Serua, Kuakhai, Daya, Birupa, Arpa, Kelo, Kathajodi, Gobari, Devi, Gangua, Kushabhadra, Mangala, Bhargavi, Kansari, Badasankha, Ratnachira, Nuna Nadi, Kusumi Nadi, Sabulia Nadi, Rushikulya, Tel, Budhabalanga, Ong, Russelkunda Reservoir And Bada Nadi",,,,7.6,0.855,"Seonath, Bheden, Kharoon, Hasdeo, Ib, Serua, Kuakhai, Daya, Birupa, Arpa, Kelo, Kathajodi, Gobari, Devi, Gangua, Kushabhadra, Mangala, Bhargavi, Kansari, Badasankha, Ratnachira, Nuna Nadi, Kusumi Nadi, Sabulia Nadi, Rushikulya, Tel, Budhabalanga, Ong, Russelkunda Reservoir And Bada Nadi",2023-06-30
2023,3169,"RIVER HASDEO AT DRINKING WATER INTANK WELL OF MUNICIPAL CO. KORBA (BEFORE TREATMENT ) AT LOHADIA VILLAGE,",CHHATTISGARH 24.5,"Tributary Streams - Seonath, Bheden, Kharoon, Hasdeo, Ib, Serua, Kuakhai, Daya, Birupa, Arpa, Kelo, Kathajodi, Gobari, Devi, Gangua, Kushabhadra, Mangala, Bhargavi, Kansari, Badasankha, Ratnachira, Nuna Nadi, Kusumi Nadi, Sabulia Nadi, Rushikulya, Tel, Budhabalanga, Ong, Russelkunda Reservoir And Bada Nadi",,,,7.5,0.7,HASDEO,2023-06-30
2023,3170,RIVER HASDEO DRINKING WATER INTAKE WELL OF MUNICIPAL CO. KORBA AFTER TREATMENT PLANT AT VILLAGE KOHADIA KORBA,CHHATTISGARH 24.7,"Tributary Streams - Seonath, Bheden, Kharoon, Hasdeo, Ib, Serua, Kuakhai, Daya, Birupa, Arpa, Kelo, Kathajodi, Gobari, Devi, Gangua, Kushabhadra, Mangala, Bhargavi, Kansari, Badasankha, Ratnachira, Nuna Nadi, Kusumi Nadi, Sabulia Nadi, Rushikulya, Tel, Budhabalanga, Ong, Russelkunda Reservoir And Bada Nadi",,,,7.8999999999999995,0.63,PLANT,2023-06-30
2023,1267,RIVER IB AT SUNDARGARH,ODISHA,"Tributary Streams - Seonath, Bheden, Kharoon, Hasdeo, Ib, Serua, Kuakhai, Daya, Birupa, Arpa, Kelo, Kathajodi, Gobari, Devi, Gangua, Kushabhadra, Mangala, Bhargavi, Kansari, Badasankha, Ratnachira, Nuna Nadi, Kusumi Nadi, Sabulia Nadi, Rushikulya, Tel, Budhabalanga, Ong, Russelkunda Reservoir And Bada Nadi",,143.5,1.5,6.75,0.575,IB,2023-06-30
2023,1268,RIVER IB AT JHARSUGUDA (INTAKE),ODISHA,"Tributary Streams - Seonath, Bheden, Kharoon, Hasdeo, Ib, Serua, Kuakhai, Daya, Birupa, Arpa, Kelo, Kathajodi, Gobari, Devi, Gangua, Kushabhadra, Mangala, Bhargavi, Kansari, Badasankha, Ratnachira, Nuna Nadi, Kusumi Nadi, Sabulia Nadi, Rushikulya, Tel, Budhabalanga, Ong, Russelkunda Reservoir And Bada Nadi",,215.5,1.3,8.2,0.8450000000000001,IB,2023-06-30
2023,1269,RIVER IB AT BRAJARAJNAGAR (INTAKE) D/S,ODISHA,"Tributary Streams - Seonath, Bheden, Kharoon, Hasdeo, Ib, Serua, Kuakhai, Daya, Birupa, Arpa, Kelo, Kathajodi, Gobari, Devi, Gangua, Kushabhadra, Mangala, Bhargavi, Kansari, Badasankha, Ratnachira, Nuna Nadi, Kusumi Nadi, Sabulia Nadi, Rushikulya, Tel, Budhabalanga, Ong, Russelkunda Reservoir And Bada Nadi",,226.5,1.6,7.8999999999999995,0.7050000000000001,IB,2023-06-30
2023,1300,RIVER IB AT BRAJARAJNAGAR U/S,ODISHA,"Tributary Streams - Seonath, Bheden, Kharoon, Hasdeo, Ib, Serua, Kuakhai, Daya, Birupa, Arpa, Kelo, Kathajodi, Gobari, Devi, Gangua, Kushabhadra, Mangala, Bhargavi, Kansari, Badasankha, Ratnachira, Nuna Nadi, Kusumi Nadi, Sabulia Nadi, Rushikulya, Tel, Budhabalanga, Ong, Russelkunda Reservoir And Bada Nadi",,192.5,1.5,7.8999999999999995,0.85,IB,2023-06-30
2023,2409,RIVER SERUA AT CUTTACK FD/S (SERUA) AT SANKHATRASA,ODISHA,"Tributary Streams - Seonath, Bheden, Kharoon, Hasdeo, Ib, Serua, Kuakhai, Daya, Birupa, Arpa, Kelo, Kathajodi, Gobari, Devi, Gangua, Kushabhadra, Mangala, Bhargavi, Kansari, Badasankha, Ratnachira, Nuna Nadi, Kusumi Nadi, Sabulia Nadi, Rushikulya, Tel, Budhabalanga, Ong, Russelkunda Reservoir And Bada Nadi",,214.5,2.5,7.449999999999999,0.8300000000000001,SERUA,2023-06-30
2023,1279,RIVER KUAKHAI AT BHUBANESWAR U/S,ODISHA,"Tributary Streams - Seonath, Bheden, Kharoon, Hasdeo, Ib, Serua, Kuakhai, Daya, Birupa, Arpa, Kelo, Kathajodi, Gobari, Devi, Gangua, Kushabhadra, Mangala, Bhargavi, Kansari, Badasankha, Ratnachira, Nuna Nadi, Kusumi Nadi, Sabulia Nadi, Rushikulya, Tel, Budhabalanga, Ong, Russelkunda Reservoir And Bada Nadi",,201.5,1.4,7.75,1.555,KUAKHAI,2023-06-30
2023,1280,RIVER DAYA AT BHUBANESWAR D/S,ODISHA,"Tributary Streams - Seonath, Bheden, Kharoon, Hasdeo, Ib, Serua, Kuakhai, Daya, Birupa, Arpa, Kelo, Kathajodi, Gobari, Devi, Gangua, Kushabhadra, Mangala, Bhargavi, Kansari, Badasankha, Ratnachira, Nuna Nadi, Kusumi Nadi, Sabulia Nadi, Rushikulya, Tel, Budhabalanga, Ong, Russelkunda Reservoir And Bada Nadi",,296.0,4.25,4.949999999999999,2.3600000000000003,DAYA,2023-06-30
2023,2410,RIVER KUAKHAI AT BHUBANESWAR FU/S,ODISHA,"Tributary Streams - Seonath, Bheden, Kharoon, Hasdeo, Ib, Serua, Kuakhai, Daya, Birupa, Arpa, Kelo, Kathajodi, Gobari, Devi, Gangua, Kushabhadra, Mangala, Bhargavi, Kansari, Badasankha, Ratnachira, Nuna Nadi, Kusumi Nadi, Sabulia Nadi, Rushikulya, Tel, Budhabalanga, Ong, Russelkunda Reservoir And Bada Nadi",,212.0,1.55,,0.495,KUAKHAI,2023-06-30
2023,1640,RIVER BIRUPA AT CHOUDWAR D/S,ODISHA,"Tributary Streams - Seonath, Bheden, Kharoon, Hasdeo, Ib, Serua, Kuakhai, Daya, Birupa, Arpa, Kelo, Kathajodi, Gobari, Devi, Gangua, Kushabhadra, Mangala, Bhargavi, Kansari, Badasankha, Ratnachira, Nuna Nadi, Kusumi Nadi, Sabulia Nadi, Rushikulya, Tel, Budhabalanga, Ong, Russelkunda Reservoir And Bada Nadi",,,,7.800000000000001,0.8250000000000001,BIRUPA,2023-06-30
2023,1848,"RIVER ARPA D/S OF BILASPUR CITY AT CHECK DAM OUTLET NEAR DEORI KHURD, BILASPUR",CHHATTISGARH 21.2,"Tributary Streams - Seonath, Bheden, Kharoon, Hasdeo, Ib, Serua, Kuakhai, Daya, Birupa, Arpa, Kelo, Kathajodi, Gobari, Devi, Gangua, Kushabhadra, Mangala, Bhargavi, Kansari, Badasankha, Ratnachira, Nuna Nadi, Kusumi Nadi, Sabulia Nadi, Rushikulya, Tel, Budhabalanga, Ong, Russelkunda Reservoir And Bada Nadi",,652.0,3.75,6.4,4.1,ARPA,2023-06-30
2023,1849,RIVER KELO U/S URDANA VILLAGE,CHHATTISGARH 15.2,"Tributary Streams - Seonath, Bheden, Kharoon, Hasdeo, Ib, Serua, Kuakhai, Daya, Birupa, Arpa, Kelo, Kathajodi, Gobari, Devi, Gangua, Kushabhadra, Mangala, Bhargavi, Kansari, Badasankha, Ratnachira, Nuna Nadi, Kusumi Nadi, Sabulia Nadi, Rushikulya, Tel, Budhabalanga, Ong, Russelkunda Reservoir And Bada Nadi",,279.5,2.15,7.1,1.01,KELO,2023-06-30
2023,1850,RIVER KELO D/S LAHANGAPALI BRIDGE MIDMIDA VILLAGE,CHHATTISGARH 15.0,"Tributary Streams - Seonath, Bheden, Kharoon, Hasdeo, Ib, Serua, Kuakhai, Daya, Birupa, Arpa, Kelo, Kathajodi, Gobari, Devi, Gangua, Kushabhadra, Mangala, Bhargavi, Kansari, Badasankha, Ratnachira, Nuna Nadi, Kusumi Nadi, Sabulia Nadi, Rushikulya, Tel, Budhabalanga, Ong, Russelkunda Reservoir And Bada Nadi",,438.0,2.8,6.7,1.2,KELO,2023-06-30
2023,2411,RIVER DAYA AT BHUBANESWAR FD/S ( 2 KM AFTER CONFLUENCE OF GANGUA NALLAH WITH DAYA),ODISHA,"Tributary Streams - Seonath, Bheden, Kharoon, Hasdeo, Ib, Serua, Kuakhai, Daya, Birupa, Arpa, Kelo, Kathajodi, Gobari, Devi, Gangua, Kushabhadra, Mangala, Bhargavi, Kansari, Badasankha, Ratnachira, Nuna Nadi, Kusumi Nadi, Sabulia Nadi, Rushikulya, Tel, Budhabalanga, Ong, Russelkunda Reservoir And Bada Nadi",,290.5,3.55,5.15,2.585,DAYA,2023-06-30
2023,3894,RIVER DAYA AT GELAPUR,ODISHA,"Tributary Streams - Seonath, Bheden, Kharoon, Hasdeo, Ib, Serua, Kuakhai, Daya, Birupa, Arpa, Kelo, Kathajodi, Gobari, Devi, Gangua, Kushabhadra, Mangala, Bhargavi, Kansari, Badasankha, Ratnachira, Nuna Nadi, Kusumi Nadi, Sabulia Nadi, Rushikulya, Tel, Budhabalanga, Ong, Russelkunda Reservoir And Bada Nadi",,209.5,1.45,7.800000000000001,0.45499999999999996,DAYA,2023-06-30
2023,3895,RIVER DAYA AT KANAS,ODISHA,"Tributary Streams - Seonath, Bheden, Kharoon, Hasdeo, Ib, Serua, Kuakhai, Daya, Birupa, Arpa, Kelo, Kathajodi, Gobari, Devi, Gangua, Kushabhadra, Mangala, Bhargavi, Kansari, Badasankha, Ratnachira, Nuna Nadi, Kusumi Nadi, Sabulia Nadi, Rushikulya, Tel, Budhabalanga, Ong, Russelkunda Reservoir And Bada Nadi",,307.5,1.7999999999999998,6.45,3.875,DAYA,2023-06-30
2023,3891,RIVER KATHAJODI AT CUTTACK U/S,ODISHA,"Tributary Streams - Seonath, Bheden, Kharoon, Hasdeo, Ib, Serua, Kuakhai, Daya, Birupa, Arpa, Kelo, Kathajodi, Gobari, Devi, Gangua, Kushabhadra, Mangala, Bhargavi, Kansari, Badasankha, Ratnachira, Nuna Nadi, Kusumi Nadi, Sabulia Nadi, Rushikulya, Tel, Budhabalanga, Ong, Russelkunda Reservoir And Bada Nadi",,202.5,1.35,7.75,0.45499999999999996,KATHAJODI,2023-06-30
2023,1301,RIVER KATHAJODI AT CUTTACK D/S,ODISHA,"Tributary Streams - Seonath, Bheden, Kharoon, Hasdeo, Ib, Serua, Kuakhai, Daya, Birupa, Arpa, Kelo, Kathajodi, Gobari, Devi, Gangua, Kushabhadra, Mangala, Bhargavi, Kansari, Badasankha, Ratnachira, Nuna Nadi, Kusumi Nadi, Sabulia Nadi, Rushikulya, Tel, Budhabalanga, Ong, Russelkunda Reservoir And Bada Nadi",,256.0,2.85,7.4,0.875,KATHAJODI,2023-06-30
2023,3893,RIVER KATHAJODI AT CUTTACK FD/S AT KAMASASAN,ODISHA,"Tributary Streams - Seonath, Bheden, Kharoon, Hasdeo, Ib, Serua, Kuakhai, Daya, Birupa, Arpa, Kelo, Kathajodi, Gobari, Devi, Gangua, Kushabhadra, Mangala, Bhargavi, Kansari, Badasankha, Ratnachira, Nuna Nadi, Kusumi Nadi, Sabulia Nadi, Rushikulya, Tel, Budhabalanga, Ong, Russelkunda Reservoir And Bada Nadi",,242.5,1.9,7.55,0.65,KATHAJODI,2023-06-30
2023,3900,RIVER GOBARI AT KENDRAPARA U/S,ODISHA,"Tributary Streams - Seonath, Bheden, Kharoon, Hasdeo, Ib, Serua, Kuakhai, Daya, Birupa, Arpa, Kelo, Kathajodi, Gobari, Devi, Gangua, Kushabhadra, Mangala, Bhargavi, Kansari, Badasankha, Ratnachira, Nuna Nadi, Kusumi Nadi, Sabulia Nadi, Rushikulya, Tel, Budhabalanga, Ong, Russelkunda Reservoir And Bada Nadi",,,,3.95,0.5650000000000001,GOBARI,2023-06-30
2023,3901,RIVER GOBARI AT KENDRAPARA D/S,ODISHA,"Tributary Streams - Seonath, Bheden, Kharoon, Hasdeo, Ib, Serua, Kuakhai, Daya, Birupa, Arpa, Kelo, Kathajodi, Gobari, Devi, Gangua, Kushabhadra, Mangala, Bhargavi, Kansari, Badasankha, Ratnachira, Nuna Nadi, Kusumi Nadi, Sabulia Nadi, Rushikulya, Tel, Budhabalanga, Ong, Russelkunda Reservoir And Bada Nadi",,,,3.6,0.58,GOBARI,2023-06-30
2023,3902,RIVER DEVI AT MACCHGAON,ODISHA,"Tributary Streams - Seonath, Bheden, Kharoon, Hasdeo, Ib, Serua, Kuakhai, Daya, Birupa, Arpa, Kelo, Kathajodi, Gobari, Devi, Gangua, Kushabhadra, Mangala, Bhargavi, Kansari, Badasankha, Ratnachira, Nuna Nadi, Kusumi Nadi, Sabulia Nadi, Rushikulya, Tel, Budhabalanga, Ong, Russelkunda Reservoir And Bada Nadi",,,,6.5,0.63,DEVI,2023-06-30
2023,3896,RIVER GANGUA NEAR RAJDHANI ENGINEERING COLLEGE,ODISHA,"Tributary Streams - Seonath, Bheden, Kharoon, Hasdeo, Ib, Serua, Kuakhai, Daya, Birupa, Arpa, Kelo, Kathajodi, Gobari, Devi, Gangua, Kushabhadra, Mangala, Bhargavi, Kansari, Badasankha, Ratnachira, Nuna Nadi, Kusumi Nadi, Sabulia Nadi, Rushikulya, Tel, Budhabalanga, Ong, Russelkunda Reservoir And Bada Nadi",,310.5,,1.25,,GANGUA,2023-06-30
2023,3897,RIVER GANGUA AT PALASUNI,ODISHA,"Tributary Streams - Seonath, Bheden, Kharoon, Hasdeo, Ib, Serua, Kuakhai, Daya, Birupa, Arpa, Kelo, Kathajodi, Gobari, Devi, Gangua, Kushabhadra, Mangala, Bhargavi, Kansari, Badasankha, Ratnachira, Nuna Nadi, Kusumi Nadi, Sabulia Nadi, Rushikulya, Tel, Budhabalanga, Ong, Russelkunda Reservoir And Bada Nadi",,451.5,,1.7999999999999998,,GANGUA,2023-06-30
2023,3898,RIVER GANGUA AT SAMANTARAPUR,ODISHA,"Tributary Streams - Seonath, Bheden, Kharoon, Hasdeo, Ib, Serua, Kuakhai, Daya, Birupa, Arpa, Kelo, Kathajodi, Gobari, Devi, Gangua, Kushabhadra, Mangala, Bhargavi, Kansari, Badasankha, Ratnachira, Nuna Nadi, Kusumi Nadi, Sabulia Nadi, Rushikulya, Tel, Budhabalanga, Ong, Russelkunda Reservoir And Bada Nadi",,424.0,,1.7999999999999998,,GANGUA,2023-06-30
2023,3899,RIVER GANGUA AT VADIMULA,ODISHA,"Tributary Streams - Seonath, Bheden, Kharoon, Hasdeo, Ib, Serua, Kuakhai, Daya, Birupa, Arpa, Kelo, Kathajodi, Gobari, Devi, Gangua, Kushabhadra, Mangala, Bhargavi, Kansari, Badasankha, Ratnachira, Nuna Nadi, Kusumi Nadi, Sabulia Nadi, Rushikulya, Tel, Budhabalanga, Ong, Russelkunda Reservoir And Bada Nadi",,348.5,,2.7,,GANGUA,2023-06-30
2023,3903,RIVER KUSHABHADRA AT BHINGARPUR,ODISHA,"Tributary Streams - Seonath, Bheden, Kharoon, Hasdeo, Ib, Serua, Kuakhai, Daya, Birupa, Arpa, Kelo, Kathajodi, Gobari, Devi, Gangua, Kushabhadra, Mangala, Bhargavi, Kansari, Badasankha, Ratnachira, Nuna Nadi, Kusumi Nadi, Sabulia Nadi, Rushikulya, Tel, Budhabalanga, Ong, Russelkunda Reservoir And Bada Nadi",,223.5,1.45,7.1,0.55,KUSHABHADRA,2023-06-30
2023,3904,RIVER KUSHABHADRA AT NIMAPARA,ODISHA,"Tributary Streams - Seonath, Bheden, Kharoon, Hasdeo, Ib, Serua, Kuakhai, Daya, Birupa, Arpa, Kelo, Kathajodi, Gobari, Devi, Gangua, Kushabhadra, Mangala, Bhargavi, Kansari, Badasankha, Ratnachira, Nuna Nadi, Kusumi Nadi, Sabulia Nadi, Rushikulya, Tel, Budhabalanga, Ong, Russelkunda Reservoir And Bada Nadi",,206.5,1.35,6.8500000000000005,2.645,KUSHABHADRA,2023-06-30
2023,3905,RIVER KUSHABHADRA AT GOP,ODISHA,"Tributary Streams - Seonath, Bheden, Kharoon, Hasdeo, Ib, Serua, Kuakhai, Daya, Birupa, Arpa, Kelo, Kathajodi, Gobari, Devi, Gangua, Kushabhadra, Mangala, Bhargavi, Kansari, Badasankha, Ratnachira, Nuna Nadi, Kusumi Nadi, Sabulia Nadi, Rushikulya, Tel, Budhabalanga, Ong, Russelkunda Reservoir And Bada Nadi",,256.0,1.45,6.35,0.895,KUSHABHADRA,2023-06-30
2023,3906,RIVER MANGALA AT PURI U/S MALATIPATPUR,ODISHA,"Tributary Streams - Seonath, Bheden, Kharoon, Hasdeo, Ib, Serua, Kuakhai, Daya, Birupa, Arpa, Kelo, Kathajodi, Gobari, Devi, Gangua, Kushabhadra, Mangala, Bhargavi, Kansari, Badasankha, Ratnachira, Nuna Nadi, Kusumi Nadi, Sabulia Nadi, Rushikulya, Tel, Budhabalanga, Ong, Russelkunda Reservoir And Bada Nadi",,249.0,1.6,6.949999999999999,0.48,MANGALA,2023-06-30
2023,3907,RIVER MANGALA AT PURI D/S GOLASAHI,ODISHA,"Tributary Streams - Seonath, Bheden, Kharoon, Hasdeo, Ib, Serua, Kuakhai, Daya, Birupa, Arpa, Kelo, Kathajodi, Gobari, Devi, Gangua, Kushabhadra, Mangala, Bhargavi, Kansari, Badasankha, Ratnachira, Nuna Nadi, Kusumi Nadi, Sabulia Nadi, Rushikulya, Tel, Budhabalanga, Ong, Russelkunda Reservoir And Bada Nadi",,,,,2.75,MANGALA,2023-06-30
2023,3908,RIVER BHARGAVI AT CHANDANPUR,ODISHA,"Tributary Streams - Seonath, Bheden, Kharoon, Hasdeo, Ib, Serua, Kuakhai, Daya, Birupa, Arpa, Kelo, Kathajodi, Gobari, Devi, Gangua, Kushabhadra, Mangala, Bhargavi, Kansari, Badasankha, Ratnachira, Nuna Nadi, Kusumi Nadi, Sabulia Nadi, Rushikulya, Tel, Budhabalanga, Ong, Russelkunda Reservoir And Bada Nadi",,214.0,1.9,6.8999999999999995,0.53,BHARGAVI,2023-06-30
2023,3909,RIVER KANSARI AT BANAPUR ROAD NEAR PURUSHOTTAMPUR,ODISHA,"Tributary Streams - Seonath, Bheden, Kharoon, Hasdeo, Ib, Serua, Kuakhai, Daya, Birupa, Arpa, Kelo, Kathajodi, Gobari, Devi, Gangua, Kushabhadra, Mangala, Bhargavi, Kansari, Badasankha, Ratnachira, Nuna Nadi, Kusumi Nadi, Sabulia Nadi, Rushikulya, Tel, Budhabalanga, Ong, Russelkunda Reservoir And Bada Nadi",,266.5,1.6500000000000001,6.85,0.93,KANSARI,2023-06-30
2023,3910,RIVER BADASANKHA NADI NEAR LANGALESWAR,ODISHA,"Tributary Streams - Seonath, Bheden, Kharoon, Hasdeo, Ib, Serua, Kuakhai, Daya, Birupa, Arpa, Kelo, Kathajodi, Gobari, Devi, Gangua, Kushabhadra, Mangala, Bhargavi, Kansari, Badasankha, Ratnachira, Nuna Nadi, Kusumi Nadi, Sabulia Nadi, Rushikulya, Tel, Budhabalanga, Ong, Russelkunda Reservoir And Bada Nadi",,,,,0.91,BADASANKHA NADI,2023-06-30
2023,3911,RIVER RATNACHIRA NAADI AT KUMARADIHI,ODISHA,"Tributary Streams - Seonath, Bheden, Kharoon, Hasdeo, Ib, Serua, Kuakhai, Daya, Birupa, Arpa, Kelo, Kathajodi, Gobari, Devi, Gangua, Kushabhadra, Mangala, Bhargavi, Kansari, Badasankha, Ratnachira, Nuna Nadi, Kusumi Nadi, Sabulia Nadi, Rushikulya, Tel, Budhabalanga, Ong, Russelkunda Reservoir And Bada Nadi",,566.5,1.5499999999999998,6.199999999999999,0.68,RATNACHIRA NAADI,2023-06-30
2023,3912,RIVER NUNA NADI AT BIJIPUR,ODISHA,"Tributary Streams - Seonath, Bheden, Kharoon, Hasdeo, Ib, Serua, Kuakhai, Daya, Birupa, Arpa, Kelo, Kathajodi, Gobari, Devi, Gangua, Kushabhadra, Mangala, Bhargavi, Kansari, Badasankha, Ratnachira, Nuna Nadi, Kusumi Nadi, Sabulia Nadi, Rushikulya, Tel, Budhabalanga, Ong, Russelkunda Reservoir And Bada Nadi",,234.0,1.4500000000000002,,1.595,NUNA NADI,2023-06-30
2023,3913,RIVER KUSUMI NADI NEAR TANGI (LAXMIDHARA PUR),ODISHA,"Tributary Streams - Seonath, Bheden, Kharoon, Hasdeo, Ib, Serua, Kuakhai, Daya, Birupa, Arpa, Kelo, Kathajodi, Gobari, Devi, Gangua, Kushabhadra, Mangala, Bhargavi, Kansari, Badasankha, Ratnachira, Nuna Nadi, Kusumi Nadi, Sabulia Nadi, Rushikulya, Tel, Budhabalanga, Ong, Russelkunda Reservoir And Bada Nadi",,213.0,1.7999999999999998,6.5,1.255,KUSUMI NADI,2023-06-30
2023,3914,RIVER SABULIA NADI NEAR RAMBHA (AT JAGANNATHPATNA),ODISHA,"Tributary Streams - Seonath, Bheden, Kharoon, Hasdeo, Ib, Serua, Kuakhai, Daya, Birupa, Arpa, Kelo, Kathajodi, Gobari, Devi, Gangua, Kushabhadra, Mangala, Bhargavi, Kansari, Badasankha, Ratnachira, Nuna Nadi, Kusumi Nadi, Sabulia Nadi, Rushikulya, Tel, Budhabalanga, Ong, Russelkunda Reservoir And Bada Nadi",,,,6.550000000000001,1.02,SABULIA NADI,2023-06-30
2023,2408,"RIVER TEL (OVER ROAD BRIDGE STATE HIGHWAY -41, MANAMUNDA)",ODISHA,"Tributary Streams - Seonath, Bheden, Kharoon, Hasdeo, Ib, Serua, Kuakhai, Daya, Birupa, Arpa, Kelo, Kathajodi, Gobari, Devi, Gangua, Kushabhadra, Mangala, Bhargavi, Kansari, Badasankha, Ratnachira, Nuna Nadi, Kusumi Nadi, Sabulia Nadi, Rushikulya, Tel, Budhabalanga, Ong, Russelkunda Reservoir And Bada Nadi",,177.5,1.4,,3.805,"Seonath, Bheden, Kharoon, Hasdeo, Ib, Serua, Kuakhai, Daya, Birupa, Arpa, Kelo, Kathajodi, Gobari, Devi, Gangua, Kushabhadra, Mangala, Bhargavi, Kansari, Badasankha, Ratnachira, Nuna Nadi, Kusumi Nadi, Sabulia Nadi, Rushikulya, Tel, Budhabalanga, Ong, Russelkunda Reservoir And Bada Nadi",2023-06-30
2023,1085,RIVER DHAMRA AT DHAMRA,ODISHA,Baitarni,,,,7.8,0.6,DHAMRA,2023-06-30
2023,3168,RIVER HASDEO DOWN STREAM OF HASDEO RIVER NEAR VILLAGE URGA KORBA,CHHATTISGARH 24.7,Baitarni,,,,7.5,0.9249999999999999,HASDEO DOWN STREAM OF HASDEO RIVER,2023-06-30
2023,3889,RIVER ONG AT DHARUAKHAMMA,ODISHA,Baitarni,,265.0,1.35,,0.5650000000000001,ONG,2023-06-30
2023,4993,HUKITOLA,ODISHA,Baitarni,,,1.0,5.6,0.0,Baitarni,2023-06-30
2023,5532,RIVER GOBARI AT JAMBO,ODISHA,Baitarni,,,,5.85,0.795,GOBARI,2023-06-30
2023,5533,RIVER HANSUA AT BARUNEI,ODISHA,Baitarni,,,,6.4,1.02,HANSUA,2023-06-30
2023,5534,RIVER PATSALA AT GUPTI,ODISHA,Baitarni,,,,6.0,1.6099999999999999,PATSALA,2023-06-30
2023,5535,"RIVER DHAMRA, KALIBHANJADIA",ODISHA,Baitarni,,,,6.05,0.915,Baitarni,2023-06-30
2023,5536,RIVER BHITARAKANIKA AT DANGAMALA,ODISHA,Baitarni,,,,5.5,,BHITARAKANIKA,2023-06-30
2023,1081,RIVER BAITARNI AT JODA,ODISHA,Baitarni,,122.0,1.4500000000000002,6.85,0.9500000000000001,BAITARNI,2023-06-30
2023,1082,RIVER BAITARNI AT ANANDPUR,ODISHA,Baitarni,,140.5,1.5,7.9,0.485,BAITARNI,2023-06-30
2023,1083,RIVER BAITARNI AT JAJPUR,ODISHA,Baitarni,,219.0,1.85,7.35,1.835,BAITARNI,2023-06-30
2023,3935,RIVER BAITARNI AT NAIGARH,ODISHA,Baitarni,,113.0,1.3,6.65,0.7000000000000001,BAITARNI,2023-06-30
2023,3936,RIVER BAITARNI AT UNCHABALI,ODISHA,Baitarni,,110.5,1.25,6.9,0.87,BAITARNI,2023-06-30
2023,3938,RIVER BAITARNI AT TRIBINDHA,ODISHA,Baitarni,,140.0,1.4500000000000002,6.75,0.905,BAITARNI,2023-06-30
2023,3937,RIVER BAITARNI AT CHAMPUA,ODISHA,Baitarni,,116.5,1.4,6.65,0.915,BAITARNI,2023-06-30
2023,1084,RIVER BAITARNI AT CHANDBALI U/S,ODISHA,Baitarni,,,,7.0,0.85,BAITARNI,2023-06-30
2023,10018,RIVER BAITARNI AT CHANDBALI D/S,ODISHA,Baitarni,,,,6.8,1.1099999999999999,BAITARNI,2023-06-30
2023,3940,RIVER SALANDI AT BHADRAK U/S,ODISHA,Baitarni,,213.5,1.35,7.0,1.28,SALANDI,2023-06-30
2023,3941,RIVER SALANDI AT BHADRAK D/S,ODISHA,Baitarni,,239.0,1.5499999999999998,7.0,1.005,SALANDI,2023-06-30
2023,2421,"RIVER KUSEI BEFORE JOINING WITH BAITARANI AT ANANDPUR, DEOGAON",ODISHA,Baitarni,,233.0,1.55,7.65,0.87,KUSEI BEFORE JOINING WITH BAITARANI,2023-06-30
2023,5535,"RIVER DHAMRA, KALIBHANJADIA",ODISHA,Baitarni,,,,6.05,0.915,Baitarni,2023-06-30
2023,1037,RIVER BRAHMANI AT U/S PANPOSH,ODISHA,Brahamani,,166.0,1.4,6.9,1.78,BRAHMANI,2023-06-30
2023,1038,RIVER BRAHMANI AT D/S PANPOSH AT DEOGAN,ODISHA,Brahamani,,406.5,4.45,4.7,,BRAHMANI,2023-06-30
2023,1302,RIVER BRAHMANI AT ROURKELA D/S AT JALDA,ODISHA,Brahamani,,254.5,4.35,5.3,,BRAHMANI,2023-06-30
2023,2414,RIVER BRAHMANI AT ROURKELA FD/S AT BIRITOLA,ODISHA,Brahamani,,186.5,2.15,6.75,3.58,BRAHMANI,2023-06-30
2023,1039,RIVER BRAHMANI AT BONAIGARH,ODISHA,Brahamani,,179.0,1.6,,3.31,BRAHMANI,2023-06-30
2023,1040,RIVER BRAHMANI AT RENGALI,ODISHA,Brahamani,,149.5,1.55,7.9,0.51,BRAHMANI,2023-06-30
2023,1041,RIVER BRAHMANI AT SAMAL,ODISHA,Brahamani,,137.0,1.5,,0.535,BRAHMANI,2023-06-30
2023,2415,"RIVER BRAHMANI AT TALCHER FU/S (INTAKE WELL OF MCL, TALCHER)",ODISHA,Brahamani,,144.5,1.35,8.100000000000001,0.44999999999999996,BRAHMANI,2023-06-30
2023,2416,RIVER BRAHMANI AT TALCHER FD/S,ODISHA,Brahamani,,179.5,1.5,7.3999999999999995,0.45499999999999996,BRAHMANI,2023-06-30
2023,1042,RIVER BRAHMANI AT KAMALANGA (TALCHER D/S),ODISHA,Brahamani,,183.5,1.65,7.4,0.8,BRAHMANI,2023-06-30
2023,2417,"RIVER BRAHAMNI AT DHENKANAL D/S, DHENKANAL TOWN",ODISHA,Brahamani,,180.5,1.6,7.9,0.9700000000000001,BRAHAMNI,2023-06-30
2023,1303,RIVER BRAHMANI AT TALCHER U/S,ODISHA,Brahamani,,161.5,1.75,7.9,0.495,BRAHMANI,2023-06-30
2023,1043,RIVER BRAHMANI AT BHUBAN,ODISHA,Brahamani,,259.5,1.35,7.5,1.5699999999999998,BRAHMANI,2023-06-30
2023,2418,RIVER BRAHMANI AT KABATABANDHA (BEFORE IMPACT OF INDUSTRIAL ACTIVITY IN KALINGANAGAR AREA),ODISHA,Brahamani,,217.5,1.35,7.45,0.8250000000000001,BRAHMANI,2023-06-30
2023,10019,RIVER BRAHMANI AT DHARAMSHALA U/S,ODISHA,Brahamani,,156.5,1.4500000000000002,7.4,0.99,BRAHMANI,2023-06-30
2023,1044,RIVER BRAHMANI AT DHARMASHALA U/S,ODISHA,Brahamani,,158.5,1.5,7.55,0.76,BRAHMANI,2023-06-30
2023,1045,RIVER BRAHMANI AT PATTAMUNDAI,ODISHA,Brahamani,,199.0,1.25,7.199999999999999,0.6,BRAHMANI,2023-06-30
2023,3916,RIVER BRAHMANI AT ROURKELA FD/S AT ATTAGHAT,ODISHA,Brahamani,,242.5,3.3,6.1,3.92,BRAHMANI,2023-06-30
2023,3917,RIVER BRAHMANI AT MANDAPAL,ODISHA,Brahamani,,155.5,1.5,7.5,0.51,BRAHMANI,2023-06-30
2023,3918,RIVER BRAHMANI AT DHENKANAL U/S,ODISHA,Brahamani,,173.0,1.35,7.9,0.6,BRAHMANI,2023-06-30
2023,2419,RIVER KHARASROTA AT KHANDITARA (D/S OF INDUSTRIAL ACTIVITIES AT KALINGA NAGAR),ODISHA,"Tributary Streams - Kharasrota, Kisindajhor, Bangurusingada Jhor, Karo, Badajhor, Damasala, Tikira, Singda Jhor, Ramiala, Koel, North Koel, Sankh, Nandira, Lingira And Banguru Nallah",,143.5,1.35,7.4,0.76,KHARASROTA,2023-06-30
2023,2420,RIVER KHARASROTA AT AUL,ODISHA,"Tributary Streams - Kharasrota, Kisindajhor, Bangurusingada Jhor, Karo, Badajhor, Damasala, Tikira, Singda Jhor, Ramiala, Koel, North Koel, Sankh, Nandira, Lingira And Banguru Nallah",,255.5,1.3,7.05,0.45999999999999996,KHARASROTA,2023-06-30
2023,3922,RIVER KHARASROTA AT BINJHARPUR,ODISHA,"Tributary Streams - Kharasrota, Kisindajhor, Bangurusingada Jhor, Karo, Badajhor, Damasala, Tikira, Singda Jhor, Ramiala, Koel, North Koel, Sankh, Nandira, Lingira And Banguru Nallah",,172.0,1.5,7.6,2.33,KHARASROTA,2023-06-30
2023,3921,RIVER KISINDAJHOR AT KHARAGPRASAD,ODISHA,"Tributary Streams - Kharasrota, Kisindajhor, Bangurusingada Jhor, Karo, Badajhor, Damasala, Tikira, Singda Jhor, Ramiala, Koel, North Koel, Sankh, Nandira, Lingira And Banguru Nallah",,506.0,1.5,5.8,1.7249999999999999,KISINDAJHOR,2023-06-30
2023,3931,RIVER BANGURUSINGADA JHOR,ODISHA,"Tributary Streams - Kharasrota, Kisindajhor, Bangurusingada Jhor, Karo, Badajhor, Damasala, Tikira, Singda Jhor, Ramiala, Koel, North Koel, Sankh, Nandira, Lingira And Banguru Nallah",,357.5,1.4500000000000002,7.1,0.66,"Kharasrota, Kisindajhor, Bangurusingada Jhor, Karo, Badajhor, Damasala, Tikira, Singda Jhor, Ramiala, Koel, North Koel, Sankh, Nandira, Lingira And Banguru Nallah",2023-06-30
2023,1034,"RIVER SANKH AT BOLBA, JHARKAND",JHARKHAND,"Tributary Streams - Kharasrota, Kisindajhor, Bangurusingada Jhor, Karo, Badajhor, Damasala, Tikira, Singda Jhor, Ramiala, Koel, North Koel, Sankh, Nandira, Lingira And Banguru Nallah",,,1.75,8.0,0.0,SANKH,2023-06-30
2023,2412,RIVER SANKHA U/S ( D/S OF MANDIRA DAM),ODISHA,"Tributary Streams - Kharasrota, Kisindajhor, Bangurusingada Jhor, Karo, Badajhor, Damasala, Tikira, Singda Jhor, Ramiala, Koel, North Koel, Sankh, Nandira, Lingira And Banguru Nallah",,149.0,1.3,6.9,0.44499999999999995,SANKHA,2023-06-30
2023,1035,"RIVER KARO AT LOHOJIMI U/S, JHARKAND",JHARKHAND,"Tributary Streams - Kharasrota, Kisindajhor, Bangurusingada Jhor, Karo, Badajhor, Damasala, Tikira, Singda Jhor, Ramiala, Koel, North Koel, Sankh, Nandira, Lingira And Banguru Nallah",,,1.85,7.800000000000001,0.0,KARO,2023-06-30
2023,3915,RIVER KARO AT BADBIL,ODISHA,"Tributary Streams - Kharasrota, Kisindajhor, Bangurusingada Jhor, Karo, Badajhor, Damasala, Tikira, Singda Jhor, Ramiala, Koel, North Koel, Sankh, Nandira, Lingira And Banguru Nallah",,146.5,1.35,7.15,0.5650000000000001,KARO,2023-06-30
2023,3924,RIVER BADAJHOR (AT DHENKANAL),ODISHA,"Tributary Streams - Kharasrota, Kisindajhor, Bangurusingada Jhor, Karo, Badajhor, Damasala, Tikira, Singda Jhor, Ramiala, Koel, North Koel, Sankh, Nandira, Lingira And Banguru Nallah",,285.5,1.5,,0.645,"Kharasrota, Kisindajhor, Bangurusingada Jhor, Karo, Badajhor, Damasala, Tikira, Singda Jhor, Ramiala, Koel, North Koel, Sankh, Nandira, Lingira And Banguru Nallah",2023-06-30
2023,3933,RIVER DAMASALA AT DAYANABIL,ODISHA,"Tributary Streams - Kharasrota, Kisindajhor, Bangurusingada Jhor, Karo, Badajhor, Damasala, Tikira, Singda Jhor, Ramiala, Koel, North Koel, Sankh, Nandira, Lingira And Banguru Nallah",,144.0,1.55,7.2,0.685,DAMASALA,2023-06-30
2023,3927,RIVER TIKIRA AT KANIHA U/S,ODISHA,"Tributary Streams - Kharasrota, Kisindajhor, Bangurusingada Jhor, Karo, Badajhor, Damasala, Tikira, Singda Jhor, Ramiala, Koel, North Koel, Sankh, Nandira, Lingira And Banguru Nallah",,264.5,1.25,7.6,,TIKIRA,2023-06-30
2023,3928,RIVER TIKIRA AT KANIHA D/S,ODISHA,"Tributary Streams - Kharasrota, Kisindajhor, Bangurusingada Jhor, Karo, Badajhor, Damasala, Tikira, Singda Jhor, Ramiala, Koel, North Koel, Sankh, Nandira, Lingira And Banguru Nallah",,295.0,1.7,,0.75,TIKIRA,2023-06-30
2023,3932,RIVER RAMIALA NEAR KAMAKHYANAGAR,ODISHA,"Tributary Streams - Kharasrota, Kisindajhor, Bangurusingada Jhor, Karo, Badajhor, Damasala, Tikira, Singda Jhor, Ramiala, Koel, North Koel, Sankh, Nandira, Lingira And Banguru Nallah",,186.5,1.5,6.9,0.485,RAMIALA,2023-06-30
2023,1033,"RIVER KOEL AT BASIA, DAM U/S, JHARKHAND",JHARKHAND,"Tributary Streams - Kharasrota, Kisindajhor, Bangurusingada Jhor, Karo, Badajhor, Damasala, Tikira, Singda Jhor, Ramiala, Koel, North Koel, Sankh, Nandira, Lingira And Banguru Nallah",,,1.65,7.75,0.0,KOEL,2023-06-30
2023,1036,"RIVER KOEL AT MANOHARPUR AFTER MEETING KOINA RIVER D/S, JHARKAND",JHARKHAND,"Tributary Streams - Kharasrota, Kisindajhor, Bangurusingada Jhor, Karo, Badajhor, Damasala, Tikira, Singda Jhor, Ramiala, Koel, North Koel, Sankh, Nandira, Lingira And Banguru Nallah",,311.0,2.2,7.699999999999999,0.0,KOEL,2023-06-30
2023,2376,RIVER NORTH KOEL U/S DALTANGANJ,JHARKHAND,"Tributary Streams - Kharasrota, Kisindajhor, Bangurusingada Jhor, Karo, Badajhor, Damasala, Tikira, Singda Jhor, Ramiala, Koel, North Koel, Sankh, Nandira, Lingira And Banguru Nallah",,,1.85,7.550000000000001,0.0,NORTH KOEL,2023-06-30
2023,2377,"RIVER NORTH KOEL D/S BCCL, REHLA",JHARKHAND,"Tributary Streams - Kharasrota, Kisindajhor, Bangurusingada Jhor, Karo, Badajhor, Damasala, Tikira, Singda Jhor, Ramiala, Koel, North Koel, Sankh, Nandira, Lingira And Banguru Nallah",,,1.9500000000000002,7.45,0.0,NORTH KOEL,2023-06-30
2023,2413,RIVER KOEL U/S (AFTER CONFLUENCE OF KARO),ODISHA,"Tributary Streams - Kharasrota, Kisindajhor, Bangurusingada Jhor, Karo, Badajhor, Damasala, Tikira, Singda Jhor, Ramiala, Koel, North Koel, Sankh, Nandira, Lingira And Banguru Nallah",,171.5,1.4500000000000002,6.65,0.8150000000000001,KOEL,2023-06-30
2023,3919,RIVER NANDIRA U/S AT KUKUDANGA,ODISHA,"Tributary Streams - Kharasrota, Kisindajhor, Bangurusingada Jhor, Karo, Badajhor, Damasala, Tikira, Singda Jhor, Ramiala, Koel, North Koel, Sankh, Nandira, Lingira And Banguru Nallah",,460.0,1.35,,2.165,NANDIRA,2023-06-30
2023,3920,RIVER NANDIRA D/S AT DASNALI,ODISHA,"Tributary Streams - Kharasrota, Kisindajhor, Bangurusingada Jhor, Karo, Badajhor, Damasala, Tikira, Singda Jhor, Ramiala, Koel, North Koel, Sankh, Nandira, Lingira And Banguru Nallah",,565.5,1.65,,1.3299999999999998,NANDIRA,2023-06-30
2023,3925,RIVER LINGIRA U/S OF ANGUL,ODISHA,"Tributary Streams - Kharasrota, Kisindajhor, Bangurusingada Jhor, Karo, Badajhor, Damasala, Tikira, Singda Jhor, Ramiala, Koel, North Koel, Sankh, Nandira, Lingira And Banguru Nallah",,406.5,1.35,,1.05,LINGIRA,2023-06-30
2023,3926,RIVER LINGIRA D/S OF ANGUL,ODISHA,"Tributary Streams - Kharasrota, Kisindajhor, Bangurusingada Jhor, Karo, Badajhor, Damasala, Tikira, Singda Jhor, Ramiala, Koel, North Koel, Sankh, Nandira, Lingira And Banguru Nallah",,421.0,1.6,,,LINGIRA,2023-06-30
2023,3929,"RIVER SINGDA JHOR (TALCHER KANIHA ROAD BRIDGE, BALANGI)",ODISHA,"Tributary Streams - Kharasrota, Kisindajhor, Bangurusingada Jhor, Karo, Badajhor, Damasala, Tikira, Singda Jhor, Ramiala, Koel, North Koel, Sankh, Nandira, Lingira And Banguru Nallah",,400.0,1.35,,2.0300000000000002,"Kharasrota, Kisindajhor, Bangurusingada Jhor, Karo, Badajhor, Damasala, Tikira, Singda Jhor, Ramiala, Koel, North Koel, Sankh, Nandira, Lingira And Banguru Nallah",2023-06-30
2023,3930,"BANGURU NALLAH (OVER BRIDGE TALCHER RENGALI DAM ROAD, SARKISOREPAL)",ODISHA,"Tributary Streams - Kharasrota, Kisindajhor, Bangurusingada Jhor, Karo, Badajhor, Damasala, Tikira, Singda Jhor, Ramiala, Koel, North Koel, Sankh, Nandira, Lingira And Banguru Nallah",,,,7.4,1.65,"Kharasrota, Kisindajhor, Bangurusingada Jhor, Karo, Badajhor, Damasala, Tikira, Singda Jhor, Ramiala, Koel, North Koel, Sankh, Nandira, Lingira And Banguru Nallah",2023-06-30
2023,1095,"RIVER GODAVARI AT U/S OF GANGAPUR DAM, VILLAGE- GANGAPUR,TALUKA- NASHIK, DISTRICT- NASHIK.",MAHARASHTRA 20.0,Godavari,,229.5,3.0,6.6,1.3499999999999999,GODAVARI,2023-06-30
2023,2177,"RIVER GODAVARI NEAR SOMESHWAR TEMPLE, VILLAGE- SOMESHWAR, TALUKA- NASHIK, DISTRICT- NASHIK.",MAHARASHTRA 20.0,Godavari,,568.0,3.2,6.0,2.21,GODAVARI,2023-06-30
2023,2179,"RIVER GODAVARI AT HANUMAN GHAT, VILLAGE- NASHIK CITY, TALUKA- NASHIK, DISTRICT- NASHIK.",MAHARASHTRA 20.0,Godavari,,,,6.0,1.9,GODAVARI,2023-06-30
2023,1096,"RIVER GODAVARI AT RAMKUND, VILLAGE- PANCHAVATI, TALUKA- NASHIK, DISTRICT- NASHIK.",MAHARASHTRA 20.0,Godavari,,425.0,3.8,5.2,1.6649999999999998,GODAVARI,2023-06-30
2023,1211,"RIVER GODAVARI AT D/S OF NASHIK NEAR AMARDHAM, VILLAGE- GADGEBABAMAHARAJ NAGAR, TALUKA - NASHIK, DISTRICT- NASHIK.",MAHARASHTRA 20.0,Godavari,,430.0,3.6,5.3,2.3449999999999998,GODAVARI,2023-06-30
2023,2180,"RIVER GODAVARI AT TAPOVAN,VILLAGE- TAPOVAN, TALUKA- NASHIK, DISTRICT- NASHIK.",MAHARASHTRA 20.0,Godavari,,392.0,5.5,4.35,2.355,GODAVARI,2023-06-30
2023,2181,"RIVER GODAVARI AT KAPILA- GODAVARI CONFLUENCE POINT, VILLAGE- TAPOVAN, TALUKA- NASHIK, DISTRICT- NASHIK.",MAHARASHTRA 20.0,Godavari,,,,6.25,2.47,GODAVARI,2023-06-30
2023,2182,"RIVER GODAVARI AT SAIKHEDA VILLAGE, VILLAGE- SAIKHEDA, TALUKA- NIPHAD, DISTRICT- NASHIK.",MAHARASHTRA 20.0,Godavari,,499.5,3.3,5.95,3.015,GODAVARI,2023-06-30
2023,2183,"RIVER GODAVARI AT NANDUR-MADHMESHWAR DAM, VILLAGE- NANDUR, TALUKA- NIPHAD, DISTRICT- NASHIK.",MAHARASHTRA 20.0,Godavari,,514.5,3.4,6.1,2.0149999999999997,GODAVARI,2023-06-30
2023,2160,"RIVER GODAVARI AT U/S OF AURANGABAD RESERVOIR,KAIGAON TOKKA NEAR KAIGAON BRIDGE,VILLAGE- KAIGAON,TALUKA- GANGAPUR, DISTRICT- AURANGABAD.",MAHARASHTRA 22.0,Godavari,,,,5.85,3.9,GODAVARI,2023-06-30
2023,2158,"RIVER GODAVARI AT U/S OF PAITHAN AT PAITHAN INTAKE PUMP HOUSE, VILLAGE- JAYAKWADI, TALUKA- PAITHAN, DISTRICT- AURANGABAD.",MAHARASHTRA 22.0,Godavari,,,,6.65,0.875,GODAVARI,2023-06-30
2023,1312,"RIVER GODAVARI AT JAIKWADI DAM, VILLAGE- PAITHAN, TALUKA- PAITHAN, DISTRICT-AURANGABAD.",MAHARASHTRA 22.0,Godavari,,,,6.5,0.8300000000000001,GODAVARI,2023-06-30
2023,2159,"RIVER GODAVARI AT D/S OF PAITHAN AT PATHEGAON BRIDGE, VILLAGE- PATHEGAON, TALUKA- PAITHAN, DISTRICT- AURANGABAD.",MAHARASHTRA 22.0,Godavari,,,,6.65,1.385,GODAVARI,2023-06-30
2023,2161,"RIVER GODAVARI AT JALNA INTAKE WATER PUMP HOUSE, VILLAGE- SHAHABAD, TALUKA- AMBAD, DISTRICT- JALNA.",MAHARASHTRA 23.0,Godavari,,,,5.05,,GODAVARI,2023-06-30
2023,2157,"RIVER GODAVARI AT LATUR WATER INTAKE NEAR PUMP HOUSE. VILLAGE. DHAMEGAON, TALUKA. KALUMB, DISTRICT. OSMANABAD.",MAHARASHTRA 19.0,Godavari,,482.5,4.5,5.65,1.76,GODAVARI,2023-06-30
2023,1209,"RIVER GODAVARI AT RAHER, VILLAGE.RAHER, TALUKA. NAYAGAON, DISTRICT. NANDED.",MAHARASHTRA 18.0,Godavari,,,,6.35,2.315,GODAVARI,2023-06-30
2023,1210,"RIVER GODAVARI NEAR INTAKE WATER PUMP HOUSE, VILLAGE- VISHNUPURI, TALUKA- NANDED, DISTRICT- NANDED.",MAHARASHTRA 19.0,Godavari,,,,6.800000000000001,,GODAVARI,2023-06-30
2023,30049,"RIVER GODAVARI AT BELUR,DHARMADABAD, NANDED (MAHARSHTRA)",MAHARASHTRA 21.0,Godavari,,530.0,4.8,5.3,1.17,GODAVARI,2023-06-30
2023,2360,"RIVER GODAVARI AT BASARA (V & M), NIRMAL (D)",TELANGANA,Godavari,,,,7.2,,GODAVARI,2023-06-30
2023,4227,"RIVER GODAVARI- POCHERA WATER FALLS, POCHERA (V), BOATH (M), ADILABAD (D)",TELANGANA,Godavari,,659.5,,7.0,,Godavari,2023-06-30
2023,5105,"RIVER GODAVARI PUSHKAR GHAT , MANCHERIAL (V&M), MANCHERIAL (D)",TELANGANA,Godavari,,,,6.8,,Godavari,2023-06-30
2023,2361,"RIVER GODAVARI-RIVER GODAVARI AT MANCHERIAL, NEAR RAIL WAY BRIDGE B/C OF RALLAVAGU, MANCHERIAL (D)",TELANGANA,Godavari,,,,5.800000000000001,1.61,GODAVARI-RIVER GODAVARI,2023-06-30
2023,2362,"RIVER GODAVARI-D/S AT RAMAGUNDAM NEAR FCI INTAKE WELL, PEDDAPALLI",TELANGANA,Godavari,,481.0,2.2,5.65,1.61,GODAVARI-D/S,2023-06-30
2023,2363,"RIVER GODAVARI AT GODAVARIKHANI NEAR BATHING GHAT , PEDDAPALLI",TELANGANA,Godavari,,498.0,2.7,5.449999999999999,1.4900000000000002,GODAVARI,2023-06-30
2023,2364,"RIVER GODAVARI AT RAMAGUNDAM UPSTREAM NEAR DAM, PEDDAPALLI",TELANGANA,Godavari,,562.0,2.5,5.6,1.41,GODAVARI,2023-06-30
2023,5497,"RIVER GODAVARI D/S AFTER CONFLUENCE OF RAMAGUNDAM FERTILIZE AND CHEMICALS LTD (RFCL),DISCHARGE INTO RIVER",TELANGANA,Godavari,,,,4.5,2.3,GODAVARI,2023-06-30
2023,2356,"RIVER GODAVARI D/S OF RAMAGUNDAM AT MANTHANI, PEDDAPALLI",TELANGANA,Godavari,,578.0,1.7,5.6,1.6099999999999999,GODAVARI,2023-06-30
2023,4662,"RIVER GODAVARI AT KALESHWARAM, 500 MTS. BEFORE BATHING GHAT, KALESHWARAM (V), MAHADEVPUR (M),JAYASHANKAR BHUPALAPALLY",TELANGANA,Godavari,,,,5.949999999999999,2.4499999999999997,GODAVARI,2023-06-30
2023,2365,"RIVER GODAVARI - U/S AT KAMALAPUR ,AT M/S.AP RAYONS LTD., INTAKE WELL , KAMALAPUR (V), MANGAPET (M), MULUGU (D)",TELANGANA,Godavari,,419.5,1.5,5.800000000000001,1.45,GODAVARI -,2023-06-30
2023,2366,"RIVER GODAVARI - D/S AT KAMALAPUR ,AT M/S.AP RAYONS LTD., DISCHARGE POINT , MANGAPET (V&M), MULUGU (D)",TELANGANA,Godavari,,371.0,1.6,5.800000000000001,1.75,GODAVARI -,2023-06-30
2023,2367,"RIVER GODAVARI - U/S AT BHADRACHALAM BATHING GHAT, BHADRADRI KOTHAGUDEM",TELANGANA,Godavari,,508.0,1.75,5.6,1.615,GODAVARI -,2023-06-30
2023,2368,"RIVER GODAVARI - D/S AT BHADRACHALAM BATHING GHAT , BHADRADRI KOTHAGUDEM",TELANGANA,Godavari,,367.5,1.7000000000000002,5.6,1.855,GODAVARI -,2023-06-30
2023,2369,"RIVER GODAVARI AT BURGAMPAHAD , BHADRADRI KOTHAGUDEM",TELANGANA,Godavari,,467.0,2.1,5.5,,GODAVARI,2023-06-30
2023,4367,"RIVER GODAVARI KOUNDINYA MUKTHI (V), KUKUNUR (M), BORDER POINT BETWEEN ANDHRA PRADESH & TELANGANA STATES",ANDHRA PRADESH,Godavari,,,,6.85,1.3199999999999998,Godavari,2023-06-30
2023,4359,RIVER GODAVARI AFTER CONFLUENCE WITH SABARI TRIBUTARY (KUNAVARAM) AT WADDIGUDEM(V) V.R. PURAM (M),ANDHRA PRADESH,"Tributary Streams - Indravati, Shankni, Manjeera, Maneru, Waingang, Wardha, Kinnerasani, Sabari, Pench, Kolar, Kanhan, Bindusara, Darna, Manjra, Morna, Penganga, Wena, Gostani, Indrawati, Gautami-Godavari And Coringa",,413.0,1.7999999999999998,7.0,0.6900000000000001,"Indravati, Shankni, Manjeera, Maneru, Waingang, Wardha, Kinnerasani, Sabari, Pench, Kolar, Kanhan, Bindusara, Darna, Manjra, Morna, Penganga, Wena, Gostani, Indrawati, Gautami-Godavari And Coringa",2023-06-30
2023,1218,"RIVER GODAVARI AT RAJAHMUNDRY U/S, KUMARADEVAM (V), KOVVUR (M)",ANDHRA PRADESH,"Tributary Streams - Indravati, Shankni, Manjeera, Maneru, Waingang, Wardha, Kinnerasani, Sabari, Pench, Kolar, Kanhan, Bindusara, Darna, Manjra, Morna, Penganga, Wena, Gostani, Indrawati, Gautami-Godavari And Coringa",,392.5,1.9000000000000001,7.25,1.06,GODAVARI,2023-06-30
2023,2370,"RIVER GODAVARI AT RAJAMUNDRY U/S OF NALLA CHANNEL,RAJAMUNDRY",ANDHRA PRADESH,"Tributary Streams - Indravati, Shankni, Manjeera, Maneru, Waingang, Wardha, Kinnerasani, Sabari, Pench, Kolar, Kanhan, Bindusara, Darna, Manjra, Morna, Penganga, Wena, Gostani, Indrawati, Gautami-Godavari And Coringa",,270.5,2.1,7.1,1.47,GODAVARI,2023-06-30
2023,2371,"RIVER GODAVARI AT RAJAMUNDRY D/S OF NALLA CHANNEL, RAJAMUNDRY",ANDHRA PRADESH,"Tributary Streams - Indravati, Shankni, Manjeera, Maneru, Waingang, Wardha, Kinnerasani, Sabari, Pench, Kolar, Kanhan, Bindusara, Darna, Manjra, Morna, Penganga, Wena, Gostani, Indrawati, Gautami-Godavari And Coringa",,218.5,2.2,6.65,1.375,GODAVARI,2023-06-30
2023,3067,"RIVER GODAVARI D/S DOWLEISWARAM AFTER CONFLUENCE OF STP OUTLET, DOWLEISWARAM (V)",ANDHRA PRADESH,"Tributary Streams - Indravati, Shankni, Manjeera, Maneru, Waingang, Wardha, Kinnerasani, Sabari, Pench, Kolar, Kanhan, Bindusara, Darna, Manjra, Morna, Penganga, Wena, Gostani, Indrawati, Gautami-Godavari And Coringa",,213.0,2.1,6.9,1.3699999999999999,GODAVARI,2023-06-30
2023,1219,"RIVER GODAVARI AT RAJAHMUNDRY D/S, DOWLESWARAM (V), RAJAHMUNDRY (M)",ANDHRA PRADESH,"Tributary Streams - Indravati, Shankni, Manjeera, Maneru, Waingang, Wardha, Kinnerasani, Sabari, Pench, Kolar, Kanhan, Bindusara, Darna, Manjra, Morna, Penganga, Wena, Gostani, Indrawati, Gautami-Godavari And Coringa",,205.0,2.2,6.9,0.67,GODAVARI,2023-06-30
2023,3948,RIVER INDRAVATI AT NAWARANGPUR,ODISHA,"Tributary Streams - Indravati, Shankni, Manjeera, Maneru, Waingang, Wardha, Kinnerasani, Sabari, Pench, Kolar, Kanhan, Bindusara, Darna, Manjra, Morna, Penganga, Wena, Gostani, Indrawati, Gautami-Godavari And Coringa",,141.0,1.4500000000000002,6.35,2.045,INDRAVATI,2023-06-30
2023,30062,RIVER INDRAWATI AT NOWRANGPUR (ODISHA),ODISHA,"Tributary Streams - Indravati, Shankni, Manjeera, Maneru, Waingang, Wardha, Kinnerasani, Sabari, Pench, Kolar, Kanhan, Bindusara, Darna, Manjra, Morna, Penganga, Wena, Gostani, Indrawati, Gautami-Godavari And Coringa",,106.0,1.0,7.55,0.32,INDRAWATI,2023-06-30
2023,1854,"RIVER INDRAVATI NELSONNAR,A/C OF DANTEWADA",CHHATTISGARH 27.0,"Tributary Streams - Indravati, Shankni, Manjeera, Maneru, Waingang, Wardha, Kinnerasani, Sabari, Pench, Kolar, Kanhan, Bindusara, Darna, Manjra, Morna, Penganga, Wena, Gostani, Indrawati, Gautami-Godavari And Coringa",,,1.9,7.65,0.0,"Indravati, Shankni, Manjeera, Maneru, Waingang, Wardha, Kinnerasani, Sabari, Pench, Kolar, Kanhan, Bindusara, Darna, Manjra, Morna, Penganga, Wena, Gostani, Indrawati, Gautami-Godavari And Coringa",2023-06-30
2023,1855,"RIVER INDRAVATI,PANDEMURGA B/C OF GODAVARI RIVER",CHHATTISGARH 27.0,"Tributary Streams - Indravati, Shankni, Manjeera, Maneru, Waingang, Wardha, Kinnerasani, Sabari, Pench, Kolar, Kanhan, Bindusara, Darna, Manjra, Morna, Penganga, Wena, Gostani, Indrawati, Gautami-Godavari And Coringa",,,2.15,7.55,0.0,"Indravati, Shankni, Manjeera, Maneru, Waingang, Wardha, Kinnerasani, Sabari, Pench, Kolar, Kanhan, Bindusara, Darna, Manjra, Morna, Penganga, Wena, Gostani, Indrawati, Gautami-Godavari And Coringa",2023-06-30
2023,3312,"RIVER KANHAN AT CHINDWARA BEFORE MIXING BOREGAON GROWTHCENTRE NALLA, JABALPUR",MADHYA PRADESH,"Tributary Streams - Indravati, Shankni, Manjeera, Maneru, Waingang, Wardha, Kinnerasani, Sabari, Pench, Kolar, Kanhan, Bindusara, Darna, Manjra, Morna, Penganga, Wena, Gostani, Indrawati, Gautami-Godavari And Coringa",,713.5,2.0,7.15,2.02,KANHAN,2023-06-30
2023,5537,"RIVER KANHAN NEAR MANDIR MAIN GHAT KHAPPADIWAR, CHHINDWARA",MADHYA PRADESH,"Tributary Streams - Indravati, Shankni, Manjeera, Maneru, Waingang, Wardha, Kinnerasani, Sabari, Pench, Kolar, Kanhan, Bindusara, Darna, Manjra, Morna, Penganga, Wena, Gostani, Indrawati, Gautami-Godavari And Coringa",,552.0,1.6,7.449999999999999,1.69,KANHAN,2023-06-30
2023,2170,"RIVER KANHAN AT U/S OF M/S VIDARBHA PAPER MILLS, VILLAGE- SINORA, TALUKA- PARSEONI, DISTRICT- NAGPUR.",MAHARASHTRA 19.0,"Tributary Streams - Indravati, Shankni, Manjeera, Maneru, Waingang, Wardha, Kinnerasani, Sabari, Pench, Kolar, Kanhan, Bindusara, Darna, Manjra, Morna, Penganga, Wena, Gostani, Indrawati, Gautami-Godavari And Coringa",,,,6.1,1.515,KANHAN,2023-06-30
2023,2171,"RIVER KANHAN AT D/S OF M/S VIDARBHA PAPER MILLS, VILLAGE- SINORA, TALUKA- PARSEONI, DISTRICT- NAGPUR.",MAHARASHTRA 19.0,"Tributary Streams - Indravati, Shankni, Manjeera, Maneru, Waingang, Wardha, Kinnerasani, Sabari, Pench, Kolar, Kanhan, Bindusara, Darna, Manjra, Morna, Penganga, Wena, Gostani, Indrawati, Gautami-Godavari And Coringa",,,,5.85,1.64,KANHAN,2023-06-30
2023,1909,"RIVER KANHAN AT D/S OF NAGPUR, VILLAGE- AGARGAON, TALUKA- KUHI, DISTRICT- NAGPUR.",MAHARASHTRA 16.0,"Tributary Streams - Indravati, Shankni, Manjeera, Maneru, Waingang, Wardha, Kinnerasani, Sabari, Pench, Kolar, Kanhan, Bindusara, Darna, Manjra, Morna, Penganga, Wena, Gostani, Indrawati, Gautami-Godavari And Coringa",,,,4.1,1.615,KANHAN,2023-06-30
2023,3080,"RIVER KINNERASANI (TRIBUTRARY OF GODAVARI) - U/S OF KARAKAVAGU AT PALONCHA , BHADRADRI KOTHAGUDEM",TELANGANA,"Tributary Streams - Indravati, Shankni, Manjeera, Maneru, Waingang, Wardha, Kinnerasani, Sabari, Pench, Kolar, Kanhan, Bindusara, Darna, Manjra, Morna, Penganga, Wena, Gostani, Indrawati, Gautami-Godavari And Coringa",,623.5,1.6,5.6,1.3499999999999999,KARAKAVAGU,2023-06-30
2023,3081,"RIVER KINNERASANI (TRIBUTRARY OF GODAVARI) - D/S OF KARAKAVAGU AT PALONCHA, BHADRADRI KOTHAGUDEM",TELANGANA,"Tributary Streams - Indravati, Shankni, Manjeera, Maneru, Waingang, Wardha, Kinnerasani, Sabari, Pench, Kolar, Kanhan, Bindusara, Darna, Manjra, Morna, Penganga, Wena, Gostani, Indrawati, Gautami-Godavari And Coringa",,502.0,1.7,5.35,1.5499999999999998,KARAKAVAGU,2023-06-30
2023,2372,"RIVER KINNERASANI (TRIBUTRARY OF GODAVARI) - KINNERASANI AFTER CONFLUENCE OF KTPS ASH POND EFFLUENTS ,BHADRADRI KOTHAGUDEM",TELANGANA,"Tributary Streams - Indravati, Shankni, Manjeera, Maneru, Waingang, Wardha, Kinnerasani, Sabari, Pench, Kolar, Kanhan, Bindusara, Darna, Manjra, Morna, Penganga, Wena, Gostani, Indrawati, Gautami-Godavari And Coringa",,395.5,1.9,5.5,1.6400000000000001,"Indravati, Shankni, Manjeera, Maneru, Waingang, Wardha, Kinnerasani, Sabari, Pench, Kolar, Kanhan, Bindusara, Darna, Manjra, Morna, Penganga, Wena, Gostani, Indrawati, Gautami-Godavari And Coringa",2023-06-30
2023,1908,"RIVER KOLAR BEFORE CONFLUENCE WITH KANHAN RIVER AT WAREGAON BRIDGE, VILLAGE- WAREGAON, TALUKA-KAMPTEE, DISTRICT -NAGPUR.",MAHARASHTRA 19.0,"Tributary Streams - Indravati, Shankni, Manjeera, Maneru, Waingang, Wardha, Kinnerasani, Sabari, Pench, Kolar, Kanhan, Bindusara, Darna, Manjra, Morna, Penganga, Wena, Gostani, Indrawati, Gautami-Godavari And Coringa",,,,5.949999999999999,1.5999999999999999,KOLAR BEFORE CONFLUENCE WITH KANHAN RIVER,2023-06-30
2023,4257,"RIVER MANERU (TRIBUTARY OF GODAVARI) - AT D/S OF MUNICIPAL DUMP SITE, KARIMNAGAR",TELANGANA,"Tributary Streams - Indravati, Shankni, Manjeera, Maneru, Waingang, Wardha, Kinnerasani, Sabari, Pench, Kolar, Kanhan, Bindusara, Darna, Manjra, Morna, Penganga, Wena, Gostani, Indrawati, Gautami-Godavari And Coringa",,,,3.1,,"Indravati, Shankni, Manjeera, Maneru, Waingang, Wardha, Kinnerasani, Sabari, Pench, Kolar, Kanhan, Bindusara, Darna, Manjra, Morna, Penganga, Wena, Gostani, Indrawati, Gautami-Godavari And Coringa",2023-06-30
2023,4664,"RIVER MANERU (TRIBUTARY OF GODAVARI) - AT GHATTEPALLI (V) NEAR SULTHANABAD, KARIMNAGAR",TELANGANA,"Tributary Streams - Indravati, Shankni, Manjeera, Maneru, Waingang, Wardha, Kinnerasani, Sabari, Pench, Kolar, Kanhan, Bindusara, Darna, Manjra, Morna, Penganga, Wena, Gostani, Indrawati, Gautami-Godavari And Coringa",,648.0,2.7,5.0,2.74,"Indravati, Shankni, Manjeera, Maneru, Waingang, Wardha, Kinnerasani, Sabari, Pench, Kolar, Kanhan, Bindusara, Darna, Manjra, Morna, Penganga, Wena, Gostani, Indrawati, Gautami-Godavari And Coringa",2023-06-30
2023,1158,"RIVER MANERU (TRIBUTARY OF GODAVARI) - AT SOMANPALLY , PEDDAPALLI",TELANGANA,"Tributary Streams - Indravati, Shankni, Manjeera, Maneru, Waingang, Wardha, Kinnerasani, Sabari, Pench, Kolar, Kanhan, Bindusara, Darna, Manjra, Morna, Penganga, Wena, Gostani, Indrawati, Gautami-Godavari And Coringa",,623.5,1.95,5.7,1.9100000000000001,"Indravati, Shankni, Manjeera, Maneru, Waingang, Wardha, Kinnerasani, Sabari, Pench, Kolar, Kanhan, Bindusara, Darna, Manjra, Morna, Penganga, Wena, Gostani, Indrawati, Gautami-Godavari And Coringa",2023-06-30
2023,1891,RIVER MANJEERA AT D/S INTAKE POINT TO BIDAR CITY,KARNATAKA,"Tributary Streams - Indravati, Shankni, Manjeera, Maneru, Waingang, Wardha, Kinnerasani, Sabari, Pench, Kolar, Kanhan, Bindusara, Darna, Manjra, Morna, Penganga, Wena, Gostani, Indrawati, Gautami-Godavari And Coringa",,486.0,2.5,7.4,2.29,MANJEERA,2023-06-30
2023,1157,"RIVER MANJEERA (TRIBUTARY OF GODAVARI) - AT RAIPALLY, SANGAREEDY",TELANGANA,"Tributary Streams - Indravati, Shankni, Manjeera, Maneru, Waingang, Wardha, Kinnerasani, Sabari, Pench, Kolar, Kanhan, Bindusara, Darna, Manjra, Morna, Penganga, Wena, Gostani, Indrawati, Gautami-Godavari And Coringa",,625.5,2.7,6.85,,"Indravati, Shankni, Manjeera, Maneru, Waingang, Wardha, Kinnerasani, Sabari, Pench, Kolar, Kanhan, Bindusara, Darna, Manjra, Morna, Penganga, Wena, Gostani, Indrawati, Gautami-Godavari And Coringa",2023-06-30
2023,1781,"RIVER MANJEERA (TRIBUTARY OF GODAVARI) - AT GANAPATHI SUGARS, SANGAREDDY",TELANGANA,"Tributary Streams - Indravati, Shankni, Manjeera, Maneru, Waingang, Wardha, Kinnerasani, Sabari, Pench, Kolar, Kanhan, Bindusara, Darna, Manjra, Morna, Penganga, Wena, Gostani, Indrawati, Gautami-Godavari And Coringa",,681.5,2.6,6.199999999999999,,"Indravati, Shankni, Manjeera, Maneru, Waingang, Wardha, Kinnerasani, Sabari, Pench, Kolar, Kanhan, Bindusara, Darna, Manjra, Morna, Penganga, Wena, Gostani, Indrawati, Gautami-Godavari And Coringa",2023-06-30
2023,2374,"RIVER MANJEERA (TRIBUTARY OF GODAVARI) - U/S OF RIVER MANJEERA AT GOWDICHERLA BEFORE CONFLUENCE WITH NAKKAVAGU, SANGAREDY",TELANGANA,"Tributary Streams - Indravati, Shankni, Manjeera, Maneru, Waingang, Wardha, Kinnerasani, Sabari, Pench, Kolar, Kanhan, Bindusara, Darna, Manjra, Morna, Penganga, Wena, Gostani, Indrawati, Gautami-Godavari And Coringa",,,,6.4,,MANJEERA,2023-06-30
2023,2375,"RIVER MANJEERA (TRIBUTARY OF GODAVARI) - D/S OF RIVER MANJEERA AT GOWDICHERLA ATFTER CONFLUENCE WITH NAKKAVAGU, SANGAREDDY",TELANGANA,"Tributary Streams - Indravati, Shankni, Manjeera, Maneru, Waingang, Wardha, Kinnerasani, Sabari, Pench, Kolar, Kanhan, Bindusara, Darna, Manjra, Morna, Penganga, Wena, Gostani, Indrawati, Gautami-Godavari And Coringa",,,,6.45,,MANJEERA,2023-06-30
2023,4226,"RIVER MANJEERA (TRIBUTARY OF GODAVARI) - RIVER MANJEERA AT YEDU PAYALA TEMPLE, NAGSAMPALLI (V), PAPANNAPET (M), MEDAK DISTRICT",TELANGANA,"Tributary Streams - Indravati, Shankni, Manjeera, Maneru, Waingang, Wardha, Kinnerasani, Sabari, Pench, Kolar, Kanhan, Bindusara, Darna, Manjra, Morna, Penganga, Wena, Gostani, Indrawati, Gautami-Godavari And Coringa",,,,6.75,,MANJEERA,2023-06-30
2023,2673,"RIVER MANJRA AT D/S OF LATUR, NEAR LATUR- NANDED BRIDGE, VILLAGE- BHATKHEDA, TALUKA- LATUR, DISTRICT- LATUR.",MAHARASHTRA 18.0,"Tributary Streams - Indravati, Shankni, Manjeera, Maneru, Waingang, Wardha, Kinnerasani, Sabari, Pench, Kolar, Kanhan, Bindusara, Darna, Manjra, Morna, Penganga, Wena, Gostani, Indrawati, Gautami-Godavari And Coringa",,716.5,5.2,6.25,0.605,MANJRA,2023-06-30
2023,30055,RIVER MANJEERA AT JANWADA(BANGALORE),KARNATAKA,"Tributary Streams - Indravati, Shankni, Manjeera, Maneru, Waingang, Wardha, Kinnerasani, Sabari, Pench, Kolar, Kanhan, Bindusara, Darna, Manjra, Morna, Penganga, Wena, Gostani, Indrawati, Gautami-Godavari And Coringa",,532.5,4.0,8.5,2.4,MANJEERA,2023-06-30
2023,2675,RIVER MORNA D/S OF RAILWAY BRIDGE AKOLA,MAHARASHTRA 23.0,"Tributary Streams - Indravati, Shankni, Manjeera, Maneru, Waingang, Wardha, Kinnerasani, Sabari, Pench, Kolar, Kanhan, Bindusara, Darna, Manjra, Morna, Penganga, Wena, Gostani, Indrawati, Gautami-Godavari And Coringa",,,,4.5,4.875,MORNA,2023-06-30
2023,2349,"RIVER MANJEERA (TRIBUTARY OF GODAVARI) - NAKKA VAGU AT BACHUGUDEM, SANGAREEDY",TELANGANA,"Tributary Streams - Indravati, Shankni, Manjeera, Maneru, Waingang, Wardha, Kinnerasani, Sabari, Pench, Kolar, Kanhan, Bindusara, Darna, Manjra, Morna, Penganga, Wena, Gostani, Indrawati, Gautami-Godavari And Coringa",,,,4.800000000000001,,VAGU,2023-06-30
2023,1214,"RIVER PENCH AT CHHINDWARA ,NEAR SINGORI ROAD BRIDGE, CHHINDWARA",MADHYA PRADESH,"Tributary Streams - Indravati, Shankni, Manjeera, Maneru, Waingang, Wardha, Kinnerasani, Sabari, Pench, Kolar, Kanhan, Bindusara, Darna, Manjra, Morna, Penganga, Wena, Gostani, Indrawati, Gautami-Godavari And Coringa",,490.0,1.7,7.4,2.755,PENCH,2023-06-30
2023,5541,"RIVER PENCHÂ NEAR ROAD BRIDGE HALLAKHURD,CHHINDWARA",MADHYA PRADESH,"Tributary Streams - Indravati, Shankni, Manjeera, Maneru, Waingang, Wardha, Kinnerasani, Sabari, Pench, Kolar, Kanhan, Bindusara, Darna, Manjra, Morna, Penganga, Wena, Gostani, Indrawati, Gautami-Godavari And Coringa",,519.0,1.5,7.449999999999999,2.55,"Indravati, Shankni, Manjeera, Maneru, Waingang, Wardha, Kinnerasani, Sabari, Pench, Kolar, Kanhan, Bindusara, Darna, Manjra, Morna, Penganga, Wena, Gostani, Indrawati, Gautami-Godavari And Coringa",2023-06-30
2023,2699,"RIVER PENGANGA AT MEHKAR -BULDANA ROAD BRIDGE, VILLAGE-MEHKAR, TALUKA-MEHKAR,DISTRICT-AKOLA.",MAHARASHTRA 23.0,"Tributary Streams - Indravati, Shankni, Manjeera, Maneru, Waingang, Wardha, Kinnerasani, Sabari, Pench, Kolar, Kanhan, Bindusara, Darna, Manjra, Morna, Penganga, Wena, Gostani, Indrawati, Gautami-Godavari And Coringa",,,,5.65,3.7,PENGANGA,2023-06-30
2023,2698,"RIVER PENGANGA D/S OF ISAPUR DAM, VILLAGE- ISAPUR,TALUKA- PUSAD, DISTRICT- YAVATMAL.",MAHARASHTRA 19.0,"Tributary Streams - Indravati, Shankni, Manjeera, Maneru, Waingang, Wardha, Kinnerasani, Sabari, Pench, Kolar, Kanhan, Bindusara, Darna, Manjra, Morna, Penganga, Wena, Gostani, Indrawati, Gautami-Godavari And Coringa",,,,5.75,2.025,PENGANGA,2023-06-30
2023,2697,"RIVER PENGANGA NEAR WATER SUPPLY SCHEME OF UMARKHED M.C., VILLAGE. BELKHED, TALUKA. UMARKHED, DISTRICT. YAVATMAL.",MAHARASHTRA 20.0,"Tributary Streams - Indravati, Shankni, Manjeera, Maneru, Waingang, Wardha, Kinnerasani, Sabari, Pench, Kolar, Kanhan, Bindusara, Darna, Manjra, Morna, Penganga, Wena, Gostani, Indrawati, Gautami-Godavari And Coringa",,,,5.95,1.9349999999999998,PENGANGA,2023-06-30
2023,2373,"RIVER SABARI AT KUNAVARAM, EAST GODAVARI DIST",ANDHRA PRADESH,"Tributary Streams - Indravati, Shankni, Manjeera, Maneru, Waingang, Wardha, Kinnerasani, Sabari, Pench, Kolar, Kanhan, Bindusara, Darna, Manjra, Morna, Penganga, Wena, Gostani, Indrawati, Gautami-Godavari And Coringa",,,,6.8,1.17,SABARI,2023-06-30
2023,1856,nan,"RIVER SHANKNI DANTEWADA,A/C OF DANKANI RIVER CHHATTISGARH 27.0","Tributary Streams - Indravati, Shankni, Manjeera, Maneru, Waingang, Wardha, Kinnerasani, Sabari, Pench, Kolar, Kanhan, Bindusara, Darna, Manjra, Morna, Penganga, Wena, Gostani, Indrawati, Gautami-Godavari And Coringa",,,2.2,7.45,0.0,"Indravati, Shankni, Manjeera, Maneru, Waingang, Wardha, Kinnerasani, Sabari, Pench, Kolar, Kanhan, Bindusara, Darna, Manjra, Morna, Penganga, Wena, Gostani, Indrawati, Gautami-Godavari And Coringa",2023-06-30
2023,3330,"RIVER RIVER WAINGANGA AT CHHAPARA , SEONI, NEAR WSS INTAKE POINT",MADHYA PRADESH,"Tributary Streams - Indravati, Shankni, Manjeera, Maneru, Waingang, Wardha, Kinnerasani, Sabari, Pench, Kolar, Kanhan, Bindusara, Darna, Manjra, Morna, Penganga, Wena, Gostani, Indrawati, Gautami-Godavari And Coringa",,303.0,1.4,7.35,0.895,RIVER WAINGANGA,2023-06-30
2023,3331,"RIVER WAINGANGA AT CHHAPARA, NEAR ROAD BRIDGE AFTER MIXING MOTI & CHAMARIYA NALLA, JABALPUR",MADHYA PRADESH,"Tributary Streams - Indravati, Shankni, Manjeera, Maneru, Waingang, Wardha, Kinnerasani, Sabari, Pench, Kolar, Kanhan, Bindusara, Darna, Manjra, Morna, Penganga, Wena, Gostani, Indrawati, Gautami-Godavari And Coringa",,339.0,2.0,6.6,0.785,WAINGANGA,2023-06-30
2023,1213,"RIVER WAINGANGA AT BALAGHAT, M.P.",MADHYA PRADESH,"Tributary Streams - Indravati, Shankni, Manjeera, Maneru, Waingang, Wardha, Kinnerasani, Sabari, Pench, Kolar, Kanhan, Bindusara, Darna, Manjra, Morna, Penganga, Wena, Gostani, Indrawati, Gautami-Godavari And Coringa",,394.5,1.75,7.45,0.8150000000000001,WAINGANGA,2023-06-30
2023,30041,"RIVER WAINGANGA AT BAPERA, BHANDARA, (MAHARASHTRA)",MAHARASHTRA 21.0,"Tributary Streams - Indravati, Shankni, Manjeera, Maneru, Waingang, Wardha, Kinnerasani, Sabari, Pench, Kolar, Kanhan, Bindusara, Darna, Manjra, Morna, Penganga, Wena, Gostani, Indrawati, Gautami-Godavari And Coringa",,736.0,3.0,6.0,0.68,WAINGANGA,2023-06-30
2023,2173,"RIVER WAINGANGA AT U/S OF ELLORA PAPER MILLS, VILLAGE. TUMSAR, TALUKA. TUMSAR, DISTRICT. BHANDARA.",MAHARASHTRA 18.0,"Tributary Streams - Indravati, Shankni, Manjeera, Maneru, Waingang, Wardha, Kinnerasani, Sabari, Pench, Kolar, Kanhan, Bindusara, Darna, Manjra, Morna, Penganga, Wena, Gostani, Indrawati, Gautami-Godavari And Coringa",,,,6.35,1.585,WAINGANGA,2023-06-30
2023,2172,"RIVER WAINGANGA AT D/S OF ELLORA PAPER MILLS, VILLAGE. TUMSAR, TALUKA. TUMSAR, DISTRICT. BHANDARA.",MAHARASHTRA 18.0,"Tributary Streams - Indravati, Shankni, Manjeera, Maneru, Waingang, Wardha, Kinnerasani, Sabari, Pench, Kolar, Kanhan, Bindusara, Darna, Manjra, Morna, Penganga, Wena, Gostani, Indrawati, Gautami-Godavari And Coringa",,,,6.15,0.7100000000000001,WAINGANGA,2023-06-30
2023,2175,"RIVER WAINGANGA AT U/S OF GAURAV PAPER MILLS, NEAR JACKWELL, VILLAGE. BRAMHPURI, TALUKA. CHANDRAPUR, DISTRICT. CHANDRAPUR.",MAHARASHTRA 19.0,"Tributary Streams - Indravati, Shankni, Manjeera, Maneru, Waingang, Wardha, Kinnerasani, Sabari, Pench, Kolar, Kanhan, Bindusara, Darna, Manjra, Morna, Penganga, Wena, Gostani, Indrawati, Gautami-Godavari And Coringa",,,,6.35,1.77,WAINGANGA,2023-06-30
2023,2176,"RIVER WAINGANGA AT D/S OF GAURAV PAPER MILLS, NEAR JACKWELL VILLAGE. BRAMHPURI, TALUKA. CHANDRAPUR, DISTRICT. CHANDRAPUR.",MAHARASHTRA 19.0,"Tributary Streams - Indravati, Shankni, Manjeera, Maneru, Waingang, Wardha, Kinnerasani, Sabari, Pench, Kolar, Kanhan, Bindusara, Darna, Manjra, Morna, Penganga, Wena, Gostani, Indrawati, Gautami-Godavari And Coringa",,,,6.1,1.76,WAINGANGA,2023-06-30
2023,1910,"RIVER WAINGANGA AFTER CONFLUENCE WITH KANHAN RIVER, VILLAGE- AMBHORA,TALUKA- KUHI, DISTRICT- NAGPUR.",MAHARASHTRA 16.0,"Tributary Streams - Indravati, Shankni, Manjeera, Maneru, Waingang, Wardha, Kinnerasani, Sabari, Pench, Kolar, Kanhan, Bindusara, Darna, Manjra, Morna, Penganga, Wena, Gostani, Indrawati, Gautami-Godavari And Coringa",,,,5.0,0.72,"Indravati, Shankni, Manjeera, Maneru, Waingang, Wardha, Kinnerasani, Sabari, Pench, Kolar, Kanhan, Bindusara, Darna, Manjra, Morna, Penganga, Wena, Gostani, Indrawati, Gautami-Godavari And Coringa",2023-06-30
2023,30059,RIVER WARDHA AT VILLAGE BANGAON NEAR PANDHURNA (MP & MAHARASHTRA),MADHYA PRADESH,"Tributary Streams - Indravati, Shankni, Manjeera, Maneru, Waingang, Wardha, Kinnerasani, Sabari, Pench, Kolar, Kanhan, Bindusara, Darna, Manjra, Morna, Penganga, Wena, Gostani, Indrawati, Gautami-Godavari And Coringa",,330.0,1.65,8.2,0.49,WARDHA,2023-06-30
2023,1315,"RIVER WARDHA AT PULGAON RAILWAY BRIDGE, VILLAGE- PULGAON,TALUKA - WARDHA, DISTRICT- WARDHA.",MAHARASHTRA 16.0,"Tributary Streams - Indravati, Shankni, Manjeera, Maneru, Waingang, Wardha, Kinnerasani, Sabari, Pench, Kolar, Kanhan, Bindusara, Darna, Manjra, Morna, Penganga, Wena, Gostani, Indrawati, Gautami-Godavari And Coringa",,,,6.25,1.585,WARDHA,2023-06-30
2023,2721,"RIVER WARDHA AT U/S OF ACC LTD. GHUGGUS NEAR WCL PUMP HOUSE, VILLAGE- GHUGGUS, TALUKA- CHANDRAPUR, DISTRICT- CHANDRAPUR.",MAHARASHTRA 19.0,Krishna,,,,6.199999999999999,1.6549999999999998,WARDHA,2023-06-30
2023,2174,"RIVER WARDHA AT D/S OF ACC LTD. GHUGGUS NEAR WCL PUMP HOUSE, VILLAGE- GHUGGUS, TALUKA- CHANDRAPUR, DISTRICT- CHANDRAPUR.",MAHARASHTRA 19.0,Krishna,,,,5.65,1.815,WARDHA,2023-06-30
2023,2156,"RIVER WARDHA AT CONFLUENCE POINT OF PENGANGA & WARDHA. VILLAGE. JUGAD, TALUKA. WANI, DISTRICT. YAVATMAL.",MAHARASHTRA 19.0,Krishna,,,,5.65,2.185,WARDHA,2023-06-30
2023,2720,"RIVER WARDHA AT U/S OF ERAI RIVER AT HADASTI NEAR ARUN ENGG. WORKS, VILLAGE- HADASTI, TALUKA- CHANDRAPUR, DISTRICT- CHANDRAPUR.",MAHARASHTRA 19.0,Krishna,,,,6.05,1.74,WARDHA,2023-06-30
2023,2719,"RIVER WARDHA AT D/S OF ERAI RIVER AT HADASTI NEAR ARUN ENGG. WORKS, VILLAGE- HADASTI, TALUKA- CHANDRAPUR, DISTRICT- CHANDRAPUR.",MAHARASHTRA 19.0,Krishna,,,,5.800000000000001,1.76,WARDHA,2023-06-30
2023,1212,"RIVER WARDHA AT RAJURA BRIDGE, VILLAGE- RAJURA, TALUKA- CHANDRAPUR, DISTRICT- CHANDRAPUR.",MAHARASHTRA 19.0,Krishna,,,,5.85,1.805,WARDHA,2023-06-30
2023,2722,"RIVER WENA AT U/S OF MOHATA MILLS, NEAR RAILWAY BRIDGE ON WARDHA, CHANDRAPUR RAILWAY LINE, VILLAGE- HINGANGHAT, TALUKA- HINGANGHAT, DISTRICT- WARDHA.",MAHARASHTRA 16.0,Krishna,,,,6.3,1.8299999999999998,WENA,2023-06-30
2023,2723,"RIVER WENA AT D/S OF MOHATA MILLS, NEAR BRIDGE ON HINGANGHAT- WADNER ROAD, VILLAGE- HINGANGHAT, TALUKA- HINGANGHAT, DISTRICT- WARDHA.",MAHARASHTRA 16.0,Krishna,,,,5.9,1.595,WENA,2023-06-30
2023,1194,"RIVER KRISHNA AT DHOM DAM, VILLAGE- WAI, TALUKA-MAHABALESHWAR, DISTRICT-SATARA.",MAHARASHTRA 22.0,Krishna,,71.0,2.0,3.4499999999999997,0.975,KRISHNA,2023-06-30
2023,2190,"RIEVR KRISHNA AT GANPATI GHAT, WAI, VILLAGE- WAI,TALUKA- WAI,DISTRICT- SATARA.",MAHARASHTRA 25.0,Krishna,,,,5.699999999999999,0.93,KRISHNA,2023-06-30
2023,2187,"RIVER KRISHNA AT KSHETRA MAHULI, VILLAGE- KSHETRA-MAHULI,TALUKA- MAHULI, DISTRICT- SATARA.",MAHARASHTRA 23.0,Krishna,,481.0,3.95,5.699999999999999,1.96,KRISHNA,2023-06-30
2023,2188,"RIVER KRISHNA AT KRISHNA- VENNA SANGAM MAHULI , VILLAGE- MAHULI,TALUKA- MAHULI, DISTRICT- SATARA.",MAHARASHTRA 25.0,Krishna,,,,5.550000000000001,1.5899999999999999,KRISHNA,2023-06-30
2023,1906,"RIVER KRISHNA AT WALWA, D/S OF ISLAMPUR NEAR VITHAL TEMPLE, VILLAGE- WALWA, TALUKA- WALWA, DISTRICT- SANGLI.",MAHARASHTRA 26.0,Krishna,,,,6.8,2.095,KRISHNA,2023-06-30
2023,30047,"RIVER KRISHNA AT KURUNDWAD, KOLHAPUR, (MAHARASHTRA)",MAHARASHTRA 22.0,Krishna,,659.0,5.8,5.1,1.67,KRISHNA,2023-06-30
2023,1310,"RIVER KRISHNA AT KURUNDWAD NEAR SANTAJI GHORPADE GHAT, VILLAGE.NARSHINGWADI, KURUNDWAD, TALUKA. SHIROL, DISTRICT. KOLHAPUR.",MAHARASHTRA 24.0,Krishna,,445.5,2.4,6.5,2.505,KRISHNA,2023-06-30
2023,1153,"RIVER KRISHNA AT RAJAPUR WEIR, VILLAGE. RAJAPUR, TALUKA. SHIROL, DISTRICT. KOLHAPUR.",MAHARASHTRA 24.0,Krishna,,,,6.449999999999999,2.09,KRISHNA,2023-06-30
2023,1889,RIVER KRISHNA - ANKALI BRIDGE ALONG CHIKKODI KAGWAD ROAD,KARNATAKA,Krishna,,615.0,2.45,7.4,,Krishna,2023-06-30
2023,1182,RIVER KRISHNA AT U/S OF UGARKHURD BARRAGE,KARNATAKA,Krishna,,585.0,2.25,7.3,,KRISHNA,2023-06-30
2023,2763,RIVER KRISHNA AT ASANGI VILLAGE (JAMAKANDI VILLAGE),KARNATAKA,Krishna,,,,,,KRISHNA,2023-06-30
2023,5597,"RIVER KRISHNA AT ALMATTI DAM HAVELI , OLD JACKWELL POINT, BAGALKOTE",KARNATAKA,Krishna,,672.0,2.0,,,KRISHNA,2023-06-30
2023,2781,RIVER KRISHNA AT D/S OF ALAMATTI DAM,KARNATAKA,Krishna,,,,7.1499999999999995,,KRISHNA,2023-06-30
2023,1181,RIVER KRISHNA AT D/S OF NARAYANPURA DAM,KARNATAKA,Krishna,,,,7.449999999999999,,KRISHNA,2023-06-30
2023,1028,RIVER KRISHNA AT TINTINI BRIDGE,KARNATAKA,Krishna,,,,7.35,2.05,KRISHNA,2023-06-30
2023,30056,RIVER KRISHNA AT DEODURGA (BANGALORE),KARNATAKA,Krishna,,,,,0.71,KRISHNA,2023-06-30
2023,1784,"RIVER KRISHNA AT THANGADI, THANGADI(V), KRISHNA(M), NARAYANAPET(D)",TELANGANA,Krishna,,,,5.7,3.15,KRISHNA,2023-06-30
2023,1170,RIVER KRISHNA AT D/S OF DEVASAGAR BDG.,KARNATAKA,Krishna,,,,7.5,5.0649999999999995,KRISHNA,2023-06-30
2023,4225,"RIVER KRISHNA AT JOGULAMBA TEMPLE, ALAMPUR(V&M), JOGULAMBA GADWAL(D)",TELANGANA,Krishna,,,,5.300000000000001,,KRISHNA,2023-06-30
2023,1175,"RIVER KRISHNA A/C WITH TUNGABHADRA, SANGAMESHWARAM (V), KOTTAPALLE (M)",ANDHRA PRADESH,Krishna,,,,5.75,0.645,Krishna,2023-06-30
2023,3083,"RIVER KRISHNA D/S OF SRISHAILAM, SRISHAILAM",ANDHRA PRADESH,Krishna,,711.0,1.35,5.75,0.8250000000000001,KRISHNA,2023-06-30
2023,5108,"RIVER KRISHNA BEFORE CONFLUENCE OF RIVER MUSI AT WADAPALLY (V), DAMARACHARLA (M), NALGONDA (D)",TELANGANA,Krishna,,,,6.9,,KRISHNA BEFORE CONFLUENCE OF RIVER MUSI,2023-06-30
2023,1465,"RIVER KRISHNA - CONFLUENCE OF RIVER KRISHNA & RIVER MUSI AT WADAPALLY (V), DAMARCHARLA (M), NALGONDA DISTRICT",TELANGANA,Krishna,,,,6.300000000000001,,MUSI,2023-06-30
2023,4381,"RIVER KRISHNA AFTER CONFLUENCE WITH RIVER MUSI AT VADAPALLI (V), DACHEPALLI (M) BETWEEN ANDHRA PRADESH & TELANGANA STATES",ANDHRA PRADESH,Krishna,,809.5,2.75,7.25,1.565,KRISHNA AFTER CONFLUENCE WITH RIVER MUSI,2023-06-30
2023,5109,"RIVER KRISHNA AFTER CONFLUENCE OF RIVER MUSI AT WADAPALLY (V), DAMARACHARLA (M), NALGONDA(D)",TELANGANA,"Tributary Streams - Ghataprabha, Malprabha, Tungabhadra, Tunga, Bhadra, Musi, Palleru, Muneru, Kagina, Hundri, Mula, Mutha, Nira, Chandrabhaga, Venna, Koyna, Pawana, Indrayani, Ghod, Sina, Urmodi, Vel, And Upputeru",,,,6.95,,KRISHNA AFTER CONFLUENCE OF RIVER MUSI,2023-06-30
2023,4663,"RIVER KRISHNA AT MATTEPALLY, 500 MTS. BEFORE BATHING GHAT, SURYAPET",TELANGANA,"Tributary Streams - Ghataprabha, Malprabha, Tungabhadra, Tunga, Bhadra, Musi, Palleru, Muneru, Kagina, Hundri, Mula, Mutha, Nira, Chandrabhaga, Venna, Koyna, Pawana, Indrayani, Ghod, Sina, Urmodi, Vel, And Upputeru",,,,6.550000000000001,,KRISHNA,2023-06-30
2023,5110,"RIVER KRISHNA AT PULICHINTALA RESERVOIR AT CHINTHALAPALEM (V&M), SURYAPET (D)",TELANGANA,"Tributary Streams - Ghataprabha, Malprabha, Tungabhadra, Tunga, Bhadra, Musi, Palleru, Muneru, Kagina, Hundri, Mula, Mutha, Nira, Chandrabhaga, Venna, Koyna, Pawana, Indrayani, Ghod, Sina, Urmodi, Vel, And Upputeru",,,,6.4,,KRISHNA,2023-06-30
2023,1786,"RIVER KRISHNA AT VEDADRI (V), JAGGAYYAPETA (M)",ANDHRA PRADESH,"Tributary Streams - Ghataprabha, Malprabha, Tungabhadra, Tunga, Bhadra, Musi, Palleru, Muneru, Kagina, Hundri, Mula, Mutha, Nira, Chandrabhaga, Venna, Koyna, Pawana, Indrayani, Ghod, Sina, Urmodi, Vel, And Upputeru",,861.0,2.5999999999999996,7.4,1.405,KRISHNA,2023-06-30
2023,1787,"RIVER KRISHNA AT AMARAVATI, AMARAVATI (V & M)",ANDHRA PRADESH,"Tributary Streams - Ghataprabha, Malprabha, Tungabhadra, Tunga, Bhadra, Musi, Palleru, Muneru, Kagina, Hundri, Mula, Mutha, Nira, Chandrabhaga, Venna, Koyna, Pawana, Indrayani, Ghod, Sina, Urmodi, Vel, And Upputeru",,773.0,2.5999999999999996,7.300000000000001,1.35,KRISHNA,2023-06-30
2023,4375,"RIVER KRISHNA, PAVITHRA SANGAMAM, AFTER CONFLUENCE WITH RIVER GODAVARI WATER, FERRY (V), IBRAHIMPATNAM (M)",ANDHRA PRADESH,"Tributary Streams - Ghataprabha, Malprabha, Tungabhadra, Tunga, Bhadra, Musi, Palleru, Muneru, Kagina, Hundri, Mula, Mutha, Nira, Chandrabhaga, Venna, Koyna, Pawana, Indrayani, Ghod, Sina, Urmodi, Vel, And Upputeru",,618.0,2.5,7.35,1.25,"Ghataprabha, Malprabha, Tungabhadra, Tunga, Bhadra, Musi, Palleru, Muneru, Kagina, Hundri, Mula, Mutha, Nira, Chandrabhaga, Venna, Koyna, Pawana, Indrayani, Ghod, Sina, Urmodi, Vel, And Upputeru",2023-06-30
2023,1463,"RIVER NIRA AT SAROLA BRIDGE, VILLAGE- SAROLA, TALUKA-BHOR, DISTRICT- PUNE.",MAHARASHTRA 27.0,"Tributary Streams - Ghataprabha, Malprabha, Tungabhadra, Tunga, Bhadra, Musi, Palleru, Muneru, Kagina, Hundri, Mula, Mutha, Nira, Chandrabhaga, Venna, Koyna, Pawana, Indrayani, Ghod, Sina, Urmodi, Vel, And Upputeru",,,,5.7,1.89,NIRA,2023-06-30
2023,2683,"RIVER NIRA AT SHINDEWADI, VILLAGE- SHIRVAL, TALUKA- KHANDALA, DISTRICT- SATARA.",MAHARASHTRA 25.0,"Tributary Streams - Ghataprabha, Malprabha, Tungabhadra, Tunga, Bhadra, Musi, Palleru, Muneru, Kagina, Hundri, Mula, Mutha, Nira, Chandrabhaga, Venna, Koyna, Pawana, Indrayani, Ghod, Sina, Urmodi, Vel, And Upputeru",,169.5,3.75,5.9,1.1749999999999998,NIRA,2023-06-30
2023,2682,"RIVER NIRA AT U/S OF JUBILANT ORGANOSIS, VILLAGE- NIRA (DATTAGHAT),TALUKA- BARAMATI, DISTRICT- PUNE.",MAHARASHTRA 26.0,"Tributary Streams - Ghataprabha, Malprabha, Tungabhadra, Tunga, Bhadra, Musi, Palleru, Muneru, Kagina, Hundri, Mula, Mutha, Nira, Chandrabhaga, Venna, Koyna, Pawana, Indrayani, Ghod, Sina, Urmodi, Vel, And Upputeru",,713.5,4.6,5.75,1.8399999999999999,NIRA,2023-06-30
2023,2195,"RIVER NIRA AT D/S OF JUBILANT ORGANOSIS, VILLAGE- NIMBUT, TALUKA- BARAMATI, DISTRICT- PUNE.",MAHARASHTRA 26.0,"Tributary Streams - Ghataprabha, Malprabha, Tungabhadra, Tunga, Bhadra, Musi, Palleru, Muneru, Kagina, Hundri, Mula, Mutha, Nira, Chandrabhaga, Venna, Koyna, Pawana, Indrayani, Ghod, Sina, Urmodi, Vel, And Upputeru",,,,5.35,2.59,NIRA,2023-06-30
2023,2681,"RIVER NIRA AT SANGAVI, VILLAGE- SANGAVI, TALUKA- PHALTAN, DISTRICT- SATARA.",MAHARASHTRA 25.0,"Tributary Streams - Ghataprabha, Malprabha, Tungabhadra, Tunga, Bhadra, Musi, Palleru, Muneru, Kagina, Hundri, Mula, Mutha, Nira, Chandrabhaga, Venna, Koyna, Pawana, Indrayani, Ghod, Sina, Urmodi, Vel, And Upputeru",,,,4.949999999999999,,NIRA,2023-06-30
2023,2716,"RIVER VENNA AT MAHABALESHWAR, VILLAGE. MAHABALESHWAR, TALUKA. MAHABALESHWAR, DISTRICT. SATARA.",MAHARASHTRA 20.0,"Tributary Streams - Ghataprabha, Malprabha, Tungabhadra, Tunga, Bhadra, Musi, Palleru, Muneru, Kagina, Hundri, Mula, Mutha, Nira, Chandrabhaga, Venna, Koyna, Pawana, Indrayani, Ghod, Sina, Urmodi, Vel, And Upputeru",,364.0,2.9000000000000004,6.15,1.2049999999999998,VENNA,2023-06-30
2023,2186,"RIVER VENNA AT VARYE, VILLAGE - VARYE,TALUKA- SATARA, DISTRICT- SATARA.",MAHARASHTRA 23.0,"Tributary Streams - Ghataprabha, Malprabha, Tungabhadra, Tunga, Bhadra, Musi, Palleru, Muneru, Kagina, Hundri, Mula, Mutha, Nira, Chandrabhaga, Venna, Koyna, Pawana, Indrayani, Ghod, Sina, Urmodi, Vel, And Upputeru",,311.0,3.8,5.85,1.13,VENNA,2023-06-30
2023,2717,"RIVER VENNA AT MAHULI, VILLAGE- MAHULI, TALUKA- MAHULI, DISTRICT- SATARA.",MAHARASHTRA 23.0,"Tributary Streams - Ghataprabha, Malprabha, Tungabhadra, Tunga, Bhadra, Musi, Palleru, Muneru, Kagina, Hundri, Mula, Mutha, Nira, Chandrabhaga, Venna, Koyna, Pawana, Indrayani, Ghod, Sina, Urmodi, Vel, And Upputeru",,379.5,4.6,5.5,1.5599999999999998,VENNA,2023-06-30
2023,4253,"RIVER MUSI AT BAPUGHAT SANGAM, HYDERABAD",TELANGANA,"Tributary Streams - Ghataprabha, Malprabha, Tungabhadra, Tunga, Bhadra, Musi, Palleru, Muneru, Kagina, Hundri, Mula, Mutha, Nira, Chandrabhaga, Venna, Koyna, Pawana, Indrayani, Ghod, Sina, Urmodi, Vel, And Upputeru",,,,1.65,,MUSI,2023-06-30
2023,2339,"RIVER MUSI AT NAGOLE, RANGA REDDY",TELANGANA,"Tributary Streams - Ghataprabha, Malprabha, Tungabhadra, Tunga, Bhadra, Musi, Palleru, Muneru, Kagina, Hundri, Mula, Mutha, Nira, Chandrabhaga, Venna, Koyna, Pawana, Indrayani, Ghod, Sina, Urmodi, Vel, And Upputeru",,,,0.3,,MUSI,2023-06-30
2023,4659,"RIVER MUSI - OUTLET OF NALLA CHERUVU, PEERAJADIGUDA, RANGAREDDY",TELANGANA,"Tributary Streams - Ghataprabha, Malprabha, Tungabhadra, Tunga, Bhadra, Musi, Palleru, Muneru, Kagina, Hundri, Mula, Mutha, Nira, Chandrabhaga, Venna, Koyna, Pawana, Indrayani, Ghod, Sina, Urmodi, Vel, And Upputeru",,,,0.3,,"Ghataprabha, Malprabha, Tungabhadra, Tunga, Bhadra, Musi, Palleru, Muneru, Kagina, Hundri, Mula, Mutha, Nira, Chandrabhaga, Venna, Koyna, Pawana, Indrayani, Ghod, Sina, Urmodi, Vel, And Upputeru",2023-06-30
2023,4660,"RIVER MUSI AT PEERAJADIGUDA, RANGA REDDY",TELANGANA,"Tributary Streams - Ghataprabha, Malprabha, Tungabhadra, Tunga, Bhadra, Musi, Palleru, Muneru, Kagina, Hundri, Mula, Mutha, Nira, Chandrabhaga, Venna, Koyna, Pawana, Indrayani, Ghod, Sina, Urmodi, Vel, And Upputeru",,,,0.55,,MUSI,2023-06-30
2023,1173,"RIVER MUSI - D/S AT PRATAPASINGARAM , SHAMSHABAD",TELANGANA,"Tributary Streams - Ghataprabha, Malprabha, Tungabhadra, Tunga, Bhadra, Musi, Palleru, Muneru, Kagina, Hundri, Mula, Mutha, Nira, Chandrabhaga, Venna, Koyna, Pawana, Indrayani, Ghod, Sina, Urmodi, Vel, And Upputeru",,,,0.75,,MUSI -,2023-06-30
2023,4657,"RIVER MUSI AT PILLAIPALLI, RANGAREDDY",TELANGANA,"Tributary Streams - Ghataprabha, Malprabha, Tungabhadra, Tunga, Bhadra, Musi, Palleru, Muneru, Kagina, Hundri, Mula, Mutha, Nira, Chandrabhaga, Venna, Koyna, Pawana, Indrayani, Ghod, Sina, Urmodi, Vel, And Upputeru",,,,1.75,,MUSI,2023-06-30
2023,4254,"RIVER MUSI AT RUDRAVELLY BRIDGE,YADADRI",TELANGANA,"Tributary Streams - Ghataprabha, Malprabha, Tungabhadra, Tunga, Bhadra, Musi, Palleru, Muneru, Kagina, Hundri, Mula, Mutha, Nira, Chandrabhaga, Venna, Koyna, Pawana, Indrayani, Ghod, Sina, Urmodi, Vel, And Upputeru",,,,6.45,,MUSI,2023-06-30
2023,4658,"RIVER MUSI AT VALIGONDA BRIDGE, NALGONDA DIST",TELANGANA,"Tributary Streams - Ghataprabha, Malprabha, Tungabhadra, Tunga, Bhadra, Musi, Palleru, Muneru, Kagina, Hundri, Mula, Mutha, Nira, Chandrabhaga, Venna, Koyna, Pawana, Indrayani, Ghod, Sina, Urmodi, Vel, And Upputeru",,,,6.75,,MUSI,2023-06-30
2023,3082,"RIVER MUSI AT SOLIPET (KASANIGUDA), NALGONDA",TELANGANA,"Tributary Streams - Ghataprabha, Malprabha, Tungabhadra, Tunga, Bhadra, Musi, Palleru, Muneru, Kagina, Hundri, Mula, Mutha, Nira, Chandrabhaga, Venna, Koyna, Pawana, Indrayani, Ghod, Sina, Urmodi, Vel, And Upputeru",,,,6.949999999999999,,MUSI,2023-06-30
2023,5106,"RIVER MUSI AT BHEEMARAM BRIDGE, BHEEMARAM (V), KETHEPALLY (M), NALGONDA (D)",TELANGANA,"Tributary Streams - Ghataprabha, Malprabha, Tungabhadra, Tunga, Bhadra, Musi, Palleru, Muneru, Kagina, Hundri, Mula, Mutha, Nira, Chandrabhaga, Venna, Koyna, Pawana, Indrayani, Ghod, Sina, Urmodi, Vel, And Upputeru",,,,6.45,,MUSI,2023-06-30
2023,5107,"RIVER MUSI BEFORE CONFLUENCE OF RIVER KRISHNA AT WADAPALLY (V), DAMARACHARLA (M), NALGONDA(D)",TELANGANA,"Tributary Streams - Ghataprabha, Malprabha, Tungabhadra, Tunga, Bhadra, Musi, Palleru, Muneru, Kagina, Hundri, Mula, Mutha, Nira, Chandrabhaga, Venna, Koyna, Pawana, Indrayani, Ghod, Sina, Urmodi, Vel, And Upputeru",,,,6.6,,MUSI BEFORE CONFLUENCE OF RIVER KRISHNA,2023-06-30
2023,1189,"RIVER BHIMA AT PUNE (MUTHA RIVER) AT U/S OF VITHALWADI NEAR SHANKAR MANDIR, VILLAGE. VITHALWADI, TALUKA. HAWELI, DISTRICT. PUNE.",MAHARASHTRA 27.5,"Tributary Streams - Ghataprabha, Malprabha, Tungabhadra, Tunga, Bhadra, Musi, Palleru, Muneru, Kagina, Hundri, Mula, Mutha, Nira, Chandrabhaga, Venna, Koyna, Pawana, Indrayani, Ghod, Sina, Urmodi, Vel, And Upputeru",,,,3.5,,BHIMA,2023-06-30
2023,1190,"RIVER BHIMA AT D/S OF BUNDGARDEN, VILLAGE YERWADA, TALUKA. HAWELI, DISTRICT. PUNE.",MAHARASHTRA 27.0,"Tributary Streams - Ghataprabha, Malprabha, Tungabhadra, Tunga, Bhadra, Musi, Palleru, Muneru, Kagina, Hundri, Mula, Mutha, Nira, Chandrabhaga, Venna, Koyna, Pawana, Indrayani, Ghod, Sina, Urmodi, Vel, And Upputeru",,,,3.9,,BHIMA,2023-06-30
2023,2655,"RIVER BHIMA AT KOREGAON NEAR KOREGAON BRIDGE, VILLAGE- KOREGAON,TALUKA- SHIRUR, DISTRICT- PUNE.",MAHARASHTRA 26.0,"Tributary Streams - Ghataprabha, Malprabha, Tungabhadra, Tunga, Bhadra, Musi, Palleru, Muneru, Kagina, Hundri, Mula, Mutha, Nira, Chandrabhaga, Venna, Koyna, Pawana, Indrayani, Ghod, Sina, Urmodi, Vel, And Upputeru",,468.0,4.2,5.6,2.85,BHIMA,2023-06-30
2023,1191,"RIVER BHIMA AFTER CONFLUENCE WITH MULA-MUTHA AT PARGAON NEAR VASANT BANDARA,VILLAGE- PARGAON,TALUKA- DAUND, DISTRICT- PUNE.",MAHARASHTRA 27.0,"Tributary Streams - Ghataprabha, Malprabha, Tungabhadra, Tunga, Bhadra, Musi, Palleru, Muneru, Kagina, Hundri, Mula, Mutha, Nira, Chandrabhaga, Venna, Koyna, Pawana, Indrayani, Ghod, Sina, Urmodi, Vel, And Upputeru",,,,5.0,,BHIMA AFTER CONFLUENCE WITH MULA-MUTHA,2023-06-30
2023,1192,"RIVER BHIMA AT DAUND NEAR MAHADEV TEMPLE,VILLAGE- DAUND, TALUKA- DAUND, DISTRICT- PUNE.",MAHARASHTRA 27.0,"Tributary Streams - Ghataprabha, Malprabha, Tungabhadra, Tunga, Bhadra, Musi, Palleru, Muneru, Kagina, Hundri, Mula, Mutha, Nira, Chandrabhaga, Venna, Koyna, Pawana, Indrayani, Ghod, Sina, Urmodi, Vel, And Upputeru",,,,5.15,,BHIMA,2023-06-30
2023,2656,"RIVER BHIMA BACKWATER OF UJANI DAM, NEAR RAW WATER PUMP HOUSE, VILLAGE- KUMBARGAON, TALUKA- INDAPUR, DISTRICT- PUNE.",MAHARASHTRA 27.0,"Tributary Streams - Ghataprabha, Malprabha, Tungabhadra, Tunga, Bhadra, Musi, Palleru, Muneru, Kagina, Hundri, Mula, Mutha, Nira, Chandrabhaga, Venna, Koyna, Pawana, Indrayani, Ghod, Sina, Urmodi, Vel, And Upputeru",,649.5,5.15,5.550000000000001,2.695,"Ghataprabha, Malprabha, Tungabhadra, Tunga, Bhadra, Musi, Palleru, Muneru, Kagina, Hundri, Mula, Mutha, Nira, Chandrabhaga, Venna, Koyna, Pawana, Indrayani, Ghod, Sina, Urmodi, Vel, And Upputeru",2023-06-30
2023,1188,"RIVER BHIMA AT NARSINGPUR NEAR SANGAM BRIDGE AFTER CONFLUENCE WITH NIRA, VILLAGE- NARSINGPUR, TALUKA-MALSHIRAS, DISTRICT- SOLAPUR.",MAHARASHTRA 29.0,"Tributary Streams - Ghataprabha, Malprabha, Tungabhadra, Tunga, Bhadra, Musi, Palleru, Muneru, Kagina, Hundri, Mula, Mutha, Nira, Chandrabhaga, Venna, Koyna, Pawana, Indrayani, Ghod, Sina, Urmodi, Vel, And Upputeru",,,,5.85,1.535,BHIMA,2023-06-30
2023,30046,"RIVER BHIMA AT TAKLI, SOLAPUR, (MAHARASHTRA)",MAHARASHTRA 22.0,"Tributary Streams - Ghataprabha, Malprabha, Tungabhadra, Tunga, Bhadra, Musi, Palleru, Muneru, Kagina, Hundri, Mula, Mutha, Nira, Chandrabhaga, Venna, Koyna, Pawana, Indrayani, Ghod, Sina, Urmodi, Vel, And Upputeru",,,,4.9,1.11,BHIMA,2023-06-30
2023,5582,"RIVER BHIMA DOWNSTREAM, DHULKED VILL",KARNATAKA,"Tributary Streams - Ghataprabha, Malprabha, Tungabhadra, Tunga, Bhadra, Musi, Palleru, Muneru, Kagina, Hundri, Mula, Mutha, Nira, Chandrabhaga, Venna, Koyna, Pawana, Indrayani, Ghod, Sina, Urmodi, Vel, And Upputeru",,,,,5.21,"Ghataprabha, Malprabha, Tungabhadra, Tunga, Bhadra, Musi, Palleru, Muneru, Kagina, Hundri, Mula, Mutha, Nira, Chandrabhaga, Venna, Koyna, Pawana, Indrayani, Ghod, Sina, Urmodi, Vel, And Upputeru",2023-06-30
2023,1183,RIVER BHIMA AT D/S OF ROAD BRIDGE AT GANGAPUR VILLAGE,KARNATAKA,"Tributary Streams - Ghataprabha, Malprabha, Tungabhadra, Tunga, Bhadra, Musi, Palleru, Muneru, Kagina, Hundri, Mula, Mutha, Nira, Chandrabhaga, Venna, Koyna, Pawana, Indrayani, Ghod, Sina, Urmodi, Vel, And Upputeru",,,,7.3,1.9949999999999999,BHIMA,2023-06-30
2023,1184,RIVER BHIMA AT FEROZABAD VILLAGE (D/S),KARNATAKA,"Tributary Streams - Ghataprabha, Malprabha, Tungabhadra, Tunga, Bhadra, Musi, Palleru, Muneru, Kagina, Hundri, Mula, Mutha, Nira, Chandrabhaga, Venna, Koyna, Pawana, Indrayani, Ghod, Sina, Urmodi, Vel, And Upputeru",,,,,,BHIMA,2023-06-30
2023,1888,RIVER BHIMA AT CONFLUENCE OF JEWARGI TOWN SEWAGE DISPOSAL POINT,KARNATAKA,"Tributary Streams - Ghataprabha, Malprabha, Tungabhadra, Tunga, Bhadra, Musi, Palleru, Muneru, Kagina, Hundri, Mula, Mutha, Nira, Chandrabhaga, Venna, Koyna, Pawana, Indrayani, Ghod, Sina, Urmodi, Vel, And Upputeru",,,,,3.68,BHIMA,2023-06-30
2023,30057,RIVER BHIMA AT GANGAPUR (BANGALORE),KARNATAKA,"Tributary Streams - Ghataprabha, Malprabha, Tungabhadra, Tunga, Bhadra, Musi, Palleru, Muneru, Kagina, Hundri, Mula, Mutha, Nira, Chandrabhaga, Venna, Koyna, Pawana, Indrayani, Ghod, Sina, Urmodi, Vel, And Upputeru",,,,7.8999999999999995,1.86,BHIMA,2023-06-30
2023,1167,RIVER BHIMA AT D/S OF BDG. NEAR YADGIR,KARNATAKA,"Tributary Streams - Ghataprabha, Malprabha, Tungabhadra, Tunga, Bhadra, Musi, Palleru, Muneru, Kagina, Hundri, Mula, Mutha, Nira, Chandrabhaga, Venna, Koyna, Pawana, Indrayani, Ghod, Sina, Urmodi, Vel, And Upputeru",,,,7.5,,BHIMA,2023-06-30
2023,5158,"RIVER HUNDRI AT GAJULADINNE RESERVOIR GAJULADINNE (V),GONEGANDLA (M)",ANDHRA PRADESH,"Tributary Streams - Ghataprabha, Malprabha, Tungabhadra, Tunga, Bhadra, Musi, Palleru, Muneru, Kagina, Hundri, Mula, Mutha, Nira, Chandrabhaga, Venna, Koyna, Pawana, Indrayani, Ghod, Sina, Urmodi, Vel, And Upputeru",,721.5,1.9,5.85,0.8150000000000001,HUNDRI,2023-06-30
2023,2350,"RIVER HUNDRI AT LAXMIPURAM (V), KALLUR (M)",ANDHRA PRADESH,"Tributary Streams - Ghataprabha, Malprabha, Tungabhadra, Tunga, Bhadra, Musi, Palleru, Muneru, Kagina, Hundri, Mula, Mutha, Nira, Chandrabhaga, Venna, Koyna, Pawana, Indrayani, Ghod, Sina, Urmodi, Vel, And Upputeru",,,,5.85,1.5250000000000001,HUNDRI,2023-06-30
2023,1091,RIVER BHADRA AT MALLESWARAM D/S OF KIOCL,KARNATAKA,"Tributary Streams - Ghataprabha, Malprabha, Tungabhadra, Tunga, Bhadra, Musi, Palleru, Muneru, Kagina, Hundri, Mula, Mutha, Nira, Chandrabhaga, Venna, Koyna, Pawana, Indrayani, Ghod, Sina, Urmodi, Vel, And Upputeru",,117.0,1.8,7.15,0.44999999999999996,BHADRA,2023-06-30
2023,2771,RIVER BHADRA AT U/S OF KIOCL,KARNATAKA,"Tributary Streams - Ghataprabha, Malprabha, Tungabhadra, Tunga, Bhadra, Musi, Palleru, Muneru, Kagina, Hundri, Mula, Mutha, Nira, Chandrabhaga, Venna, Koyna, Pawana, Indrayani, Ghod, Sina, Urmodi, Vel, And Upputeru",,105.5,1.6,7.25,0.41000000000000003,BHADRA,2023-06-30
2023,2765,RIVER BHADRA AT U/S OF MPM,KARNATAKA,"Tributary Streams - Ghataprabha, Malprabha, Tungabhadra, Tunga, Bhadra, Musi, Palleru, Muneru, Kagina, Hundri, Mula, Mutha, Nira, Chandrabhaga, Venna, Koyna, Pawana, Indrayani, Ghod, Sina, Urmodi, Vel, And Upputeru",,176.5,1.7,7.35,0.565,BHADRA,2023-06-30
2023,1387,RIVER BHADRA AT D/S OF BHADRAVATHI,KARNATAKA,"Tributary Streams - Ghataprabha, Malprabha, Tungabhadra, Tunga, Bhadra, Musi, Palleru, Muneru, Kagina, Hundri, Mula, Mutha, Nira, Chandrabhaga, Venna, Koyna, Pawana, Indrayani, Ghod, Sina, Urmodi, Vel, And Upputeru",,175.0,2.2,6.45,0.915,BHADRA,2023-06-30
2023,4105,"RIVER BHADRA D/S MYSORE PAPER MILL (MPM), BHADRAWATI, SHIVAMOGGA",KARNATAKA,"Tributary Streams - Ghataprabha, Malprabha, Tungabhadra, Tunga, Bhadra, Musi, Palleru, Muneru, Kagina, Hundri, Mula, Mutha, Nira, Chandrabhaga, Venna, Koyna, Pawana, Indrayani, Ghod, Sina, Urmodi, Vel, And Upputeru",,150.5,2.3,8.1,0.63,BHADRA,2023-06-30
2023,1169,"RIVER BHADRA AT D/S OF KIOCL ROAD BRIDGE, NEAR HOLEHUNNUR",KARNATAKA,"Tributary Streams - Ghataprabha, Malprabha, Tungabhadra, Tunga, Bhadra, Musi, Palleru, Muneru, Kagina, Hundri, Mula, Mutha, Nira, Chandrabhaga, Venna, Koyna, Pawana, Indrayani, Ghod, Sina, Urmodi, Vel, And Upputeru",,161.0,2.0,6.9,0.75,BHADRA,2023-06-30
2023,1911,"RIVER CHANDRABHAGA AT U/S OF PANDHARPUR TOWN, VILLAGE. GURSALE, TALUKA. PANDHARPUR, DISTRICT. SOLAPUR.",MAHARASHTRA 25.0,"Tributary Streams - Ghataprabha, Malprabha, Tungabhadra, Tunga, Bhadra, Musi, Palleru, Muneru, Kagina, Hundri, Mula, Mutha, Nira, Chandrabhaga, Venna, Koyna, Pawana, Indrayani, Ghod, Sina, Urmodi, Vel, And Upputeru",,,,5.45,1.21,CHANDRABHAGA,2023-06-30
2023,1912,"RIVER CHANDRABHAGA AT D/S OF PANDHARPUR TOWN REAR VISHNUPANT MANDIR, VILLAGE. GOPALPUR, TALUKA. PANDHARPUR DISTRICT. SOLAPUR.",MAHARASHTRA 25.0,"Tributary Streams - Ghataprabha, Malprabha, Tungabhadra, Tunga, Bhadra, Musi, Palleru, Muneru, Kagina, Hundri, Mula, Mutha, Nira, Chandrabhaga, Venna, Koyna, Pawana, Indrayani, Ghod, Sina, Urmodi, Vel, And Upputeru",,,,5.15,1.825,CHANDRABHAGA,2023-06-30
2023,1163,RIVER GHATAPRABHA AT W.A. POINT TO GOKAK TOWN,KARNATAKA,"Tributary Streams - Ghataprabha, Malprabha, Tungabhadra, Tunga, Bhadra, Musi, Palleru, Muneru, Kagina, Hundri, Mula, Mutha, Nira, Chandrabhaga, Venna, Koyna, Pawana, Indrayani, Ghod, Sina, Urmodi, Vel, And Upputeru",,540.0,2.05,7.3999999999999995,,GHATAPRABHA,2023-06-30
2023,4104,RIVER GHATAPRABHA DAVALSHWAR BARRAGE JACKWELL FOR DRINKING WATER SUPPLY,KARNATAKA,"Tributary Streams - Ghataprabha, Malprabha, Tungabhadra, Tunga, Bhadra, Musi, Palleru, Muneru, Kagina, Hundri, Mula, Mutha, Nira, Chandrabhaga, Venna, Koyna, Pawana, Indrayani, Ghod, Sina, Urmodi, Vel, And Upputeru",,,,,,"Ghataprabha, Malprabha, Tungabhadra, Tunga, Bhadra, Musi, Palleru, Muneru, Kagina, Hundri, Mula, Mutha, Nira, Chandrabhaga, Venna, Koyna, Pawana, Indrayani, Ghod, Sina, Urmodi, Vel, And Upputeru",2023-06-30
2023,1185,RIVER GHATAPRABHA AT D/S OF MUDHOL ROAD CROSS BDG.,KARNATAKA,"Tributary Streams - Ghataprabha, Malprabha, Tungabhadra, Tunga, Bhadra, Musi, Palleru, Muneru, Kagina, Hundri, Mula, Mutha, Nira, Chandrabhaga, Venna, Koyna, Pawana, Indrayani, Ghod, Sina, Urmodi, Vel, And Upputeru",,,,,,GHATAPRABHA,2023-06-30
2023,2665,"RIVER GHOD AT SHIRUR, VILLAGE. SHIRUR, TALUKA. SHIRUR, DISTRICT. PUNE.",MAHARASHTRA 26.0,"Tributary Streams - Ghataprabha, Malprabha, Tungabhadra, Tunga, Bhadra, Musi, Palleru, Muneru, Kagina, Hundri, Mula, Mutha, Nira, Chandrabhaga, Venna, Koyna, Pawana, Indrayani, Ghod, Sina, Urmodi, Vel, And Upputeru",,,,5.35,1.8599999999999999,GHOD,2023-06-30
2023,2669,"RIVER INDRAYANI AT U/S OF MOSHIGAON,VILLAGE- MOSHI, TALUKA- HAWELI, DISTRICT- PUNE.",MAHARASHTRA 25.0,"Tributary Streams - Ghataprabha, Malprabha, Tungabhadra, Tunga, Bhadra, Musi, Palleru, Muneru, Kagina, Hundri, Mula, Mutha, Nira, Chandrabhaga, Venna, Koyna, Pawana, Indrayani, Ghod, Sina, Urmodi, Vel, And Upputeru",,496.5,5.25,5.449999999999999,3.775,INDRAYANI,2023-06-30
2023,2668,"RIVER INDRAYANI AT D/S OF MOSHI VILLAGE. VILLAGE- MOSHI, TALUKA- HAWELI, DISTRICT- PUNE.",MAHARASHTRA 26.0,"Tributary Streams - Ghataprabha, Malprabha, Tungabhadra, Tunga, Bhadra, Musi, Palleru, Muneru, Kagina, Hundri, Mula, Mutha, Nira, Chandrabhaga, Venna, Koyna, Pawana, Indrayani, Ghod, Sina, Urmodi, Vel, And Upputeru",,497.0,5.800000000000001,5.5,1.855,INDRAYANI,2023-06-30
2023,2197,"RIVER INDRAYANI AT D/S OF ALANDIGAON, VILLAGE. ALANDIGAON, TALUKA. HAWELI, DISTRICT. PUNE.",MAHARASHTRA 26.0,"Tributary Streams - Ghataprabha, Malprabha, Tungabhadra, Tunga, Bhadra, Musi, Palleru, Muneru, Kagina, Hundri, Mula, Mutha, Nira, Chandrabhaga, Venna, Koyna, Pawana, Indrayani, Ghod, Sina, Urmodi, Vel, And Upputeru",,450.5,6.2,5.3,4.0,INDRAYANI,2023-06-30
2023,1895,RIVER KAGINA D/S OF SEWAGE DISPOSAL POINT,KARNATAKA,"Tributary Streams - Ghataprabha, Malprabha, Tungabhadra, Tunga, Bhadra, Musi, Palleru, Muneru, Kagina, Hundri, Mula, Mutha, Nira, Chandrabhaga, Venna, Koyna, Pawana, Indrayani, Ghod, Sina, Urmodi, Vel, And Upputeru",,475.0,2.85,7.75,1.855,KAGINA,2023-06-30
2023,2777,RIVER KAGINA AT SHAHABAD BRIDGE,KARNATAKA,"Tributary Streams - Ghataprabha, Malprabha, Tungabhadra, Tunga, Bhadra, Musi, Palleru, Muneru, Kagina, Hundri, Mula, Mutha, Nira, Chandrabhaga, Venna, Koyna, Pawana, Indrayani, Ghod, Sina, Urmodi, Vel, And Upputeru",,475.5,2.3,8.05,1.67,KAGINA,2023-06-30
2023,4500,"RIVER KAGINA AT D/S OF BRIDGE CUM BARRAGE, SADEM",KARNATAKA,"Tributary Streams - Ghataprabha, Malprabha, Tungabhadra, Tunga, Bhadra, Musi, Palleru, Muneru, Kagina, Hundri, Mula, Mutha, Nira, Chandrabhaga, Venna, Koyna, Pawana, Indrayani, Ghod, Sina, Urmodi, Vel, And Upputeru",,448.0,4.0,7.699999999999999,2.24,KAGINA,2023-06-30
2023,2189,"RIVER KOYNA AT KARAD, VILLAGE- KARAD,TALUKA- KARAD, DISTRICT- SATARA.",MAHARASHTRA 26.0,"Tributary Streams - Ghataprabha, Malprabha, Tungabhadra, Tunga, Bhadra, Musi, Palleru, Muneru, Kagina, Hundri, Mula, Mutha, Nira, Chandrabhaga, Venna, Koyna, Pawana, Indrayani, Ghod, Sina, Urmodi, Vel, And Upputeru",,152.0,3.5,6.050000000000001,1.5699999999999998,KOYNA,2023-06-30
2023,1187,RIVER MALPRABHA AT D/S OF KHANAPUR VILLAGE,KARNATAKA,"Tributary Streams - Ghataprabha, Malprabha, Tungabhadra, Tunga, Bhadra, Musi, Palleru, Muneru, Kagina, Hundri, Mula, Mutha, Nira, Chandrabhaga, Venna, Koyna, Pawana, Indrayani, Ghod, Sina, Urmodi, Vel, And Upputeru",,229.0,2.1,7.0,,MALPRABHA,2023-06-30
2023,1164,"RIVER MALAPRABHA AT WATER ABSTRACTION POINT TO HUBLI, DHARWAD",KARNATAKA,"Tributary Streams - Ghataprabha, Malprabha, Tungabhadra, Tunga, Bhadra, Musi, Palleru, Muneru, Kagina, Hundri, Mula, Mutha, Nira, Chandrabhaga, Venna, Koyna, Pawana, Indrayani, Ghod, Sina, Urmodi, Vel, And Upputeru",,393.0,2.05,7.2,,MALAPRABHA,2023-06-30
2023,2764,RIVER MALAPRABHA AT BADAMI BRIDGE,KARNATAKA,"Tributary Streams - Ghataprabha, Malprabha, Tungabhadra, Tunga, Bhadra, Musi, Palleru, Muneru, Kagina, Hundri, Mula, Mutha, Nira, Chandrabhaga, Venna, Koyna, Pawana, Indrayani, Ghod, Sina, Urmodi, Vel, And Upputeru",,,,,,MALAPRABHA,2023-06-30
2023,1186,RIVER MALAPRABHA AT D/S OF AIHOLE TOWN,KARNATAKA,"Tributary Streams - Ghataprabha, Malprabha, Tungabhadra, Tunga, Bhadra, Musi, Palleru, Muneru, Kagina, Hundri, Mula, Mutha, Nira, Chandrabhaga, Venna, Koyna, Pawana, Indrayani, Ghod, Sina, Urmodi, Vel, And Upputeru",,,,,,MALAPRABHA,2023-06-30
2023,4098,RIVER MARKANDEYA AT RAKKASAKOPPA RESRVOIR,KARNATAKA,"Tributary Streams - Ghataprabha, Malprabha, Tungabhadra, Tunga, Bhadra, Musi, Palleru, Muneru, Kagina, Hundri, Mula, Mutha, Nira, Chandrabhaga, Venna, Koyna, Pawana, Indrayani, Ghod, Sina, Urmodi, Vel, And Upputeru",,230.0,1.9,6.7,,MARKANDEYA,2023-06-30
2023,2193,"RIVER MULA AT AUNDH BRIDGE, VILLAGE- AUNDHGAON,TALUKA- HAWELI, DISTRICT- PUNE.",MAHARASHTRA 27.0,"Tributary Streams - Ghataprabha, Malprabha, Tungabhadra, Tunga, Bhadra, Musi, Palleru, Muneru, Kagina, Hundri, Mula, Mutha, Nira, Chandrabhaga, Venna, Koyna, Pawana, Indrayani, Ghod, Sina, Urmodi, Vel, And Upputeru",,527.0,,4.85,,MULA,2023-06-30
2023,2194,"RIVER MULA AT HARRISON BRIDGE NEAR MULA-PAWANA SANGAM, VILLAGE- BOPODI,TALUKA- HAWELI, DISTRICT- PUNE.",MAHARASHTRA 27.5,"Tributary Streams - Ghataprabha, Malprabha, Tungabhadra, Tunga, Bhadra, Musi, Palleru, Muneru, Kagina, Hundri, Mula, Mutha, Nira, Chandrabhaga, Venna, Koyna, Pawana, Indrayani, Ghod, Sina, Urmodi, Vel, And Upputeru",,487.0,,4.25,,MULA,2023-06-30
2023,2192,"RIVER MULA-MUTHA AT MUNDHAWA BRIDGE,VILLAGE- MUNDHAWA,TALUKA- HAWELI,DISTRICT- PUNE.",MAHARASHTRA 27.0,"Tributary Streams - Ghataprabha, Malprabha, Tungabhadra, Tunga, Bhadra, Musi, Palleru, Muneru, Kagina, Hundri, Mula, Mutha, Nira, Chandrabhaga, Venna, Koyna, Pawana, Indrayani, Ghod, Sina, Urmodi, Vel, And Upputeru",,,,4.1,,MULA-MUTHA,2023-06-30
2023,2677,"RIVER MULA-MUTHA AT D/S OF THEUR, VILLAGE. THEUR, TALUKA. HAWELI, DISTRICT. PUNE.",MAHARASHTRA 25.0,"Tributary Streams - Ghataprabha, Malprabha, Tungabhadra, Tunga, Bhadra, Musi, Palleru, Muneru, Kagina, Hundri, Mula, Mutha, Nira, Chandrabhaga, Venna, Koyna, Pawana, Indrayani, Ghod, Sina, Urmodi, Vel, And Upputeru",,509.5,,4.699999999999999,,MULA-MUTHA,2023-06-30
2023,1177,"RIVER MUNNERU B/C WITH KRISHNA, KEESARA (V & M)",ANDHRA PRADESH,"Tributary Streams - Ghataprabha, Malprabha, Tungabhadra, Tunga, Bhadra, Musi, Palleru, Muneru, Kagina, Hundri, Mula, Mutha, Nira, Chandrabhaga, Venna, Koyna, Pawana, Indrayani, Ghod, Sina, Urmodi, Vel, And Upputeru",,791.5,2.65,7.300000000000001,1.5899999999999999,"Ghataprabha, Malprabha, Tungabhadra, Tunga, Bhadra, Musi, Palleru, Muneru, Kagina, Hundri, Mula, Mutha, Nira, Chandrabhaga, Venna, Koyna, Pawana, Indrayani, Ghod, Sina, Urmodi, Vel, And Upputeru",2023-06-30
2023,4251,"RIVER KRISHNA - D/S OF MUNNERU RIVER, PRAKASH NAGAR, KHAMMAM",TELANGANA,"Tributary Streams - Ghataprabha, Malprabha, Tungabhadra, Tunga, Bhadra, Musi, Palleru, Muneru, Kagina, Hundri, Mula, Mutha, Nira, Chandrabhaga, Venna, Koyna, Pawana, Indrayani, Ghod, Sina, Urmodi, Vel, And Upputeru",,572.5,2.1,5.35,2.16,KRISHNA -,2023-06-30
2023,2680,"RIVER MUTHA AT KHADAKVASLA DAM, VILLAGE- KHADAKVASLA,TALUKA- HAWELI, DISTRICT- PUNE.",MAHARASHTRA 25.0,"Tributary Streams - Ghataprabha, Malprabha, Tungabhadra, Tunga, Bhadra, Musi, Palleru, Muneru, Kagina, Hundri, Mula, Mutha, Nira, Chandrabhaga, Venna, Koyna, Pawana, Indrayani, Ghod, Sina, Urmodi, Vel, And Upputeru",,107.0,2.7,6.199999999999999,0.76,MUTHA,2023-06-30
2023,2679,"RIVER MUTHA AT DECCAN BRIDGE, VILLAGE- DECCAN,TALUKA- PUNE, DISTRICT- PUNE.",MAHARASHTRA 27.5,"Tributary Streams - Ghataprabha, Malprabha, Tungabhadra, Tunga, Bhadra, Musi, Palleru, Muneru, Kagina, Hundri, Mula, Mutha, Nira, Chandrabhaga, Venna, Koyna, Pawana, Indrayani, Ghod, Sina, Urmodi, Vel, And Upputeru",,,,3.2,,MUTHA,2023-06-30
2023,2678,"RIVER MUTHA NEAR VEER SAVARKAR BHAVAN, VILLAGE- PUNE M.C, TALUKA- PUNE, DISTRICT -PUNE.",MAHARASHTRA 27.5,"Tributary Streams - Ghataprabha, Malprabha, Tungabhadra, Tunga, Bhadra, Musi, Palleru, Muneru, Kagina, Hundri, Mula, Mutha, Nira, Chandrabhaga, Venna, Koyna, Pawana, Indrayani, Ghod, Sina, Urmodi, Vel, And Upputeru",,,,3.4,,MUTHA,2023-06-30
2023,2191,"RIVER MUTHA AT SANGAM BRIDGE NEAR GANAPATHYGHAT, VILLAGE. SHIVAJI NAGAR, TALUKA. PUNE, DISTRICT. PUNE.",MAHARASHTRA 27.0,"Tributary Streams - Ghataprabha, Malprabha, Tungabhadra, Tunga, Bhadra, Musi, Palleru, Muneru, Kagina, Hundri, Mula, Mutha, Nira, Chandrabhaga, Venna, Koyna, Pawana, Indrayani, Ghod, Sina, Urmodi, Vel, And Upputeru",,,,3.4499999999999997,,MUTHA,2023-06-30
2023,1904,"RIVER PANCHAGANGA AT U/S OF KOLHAPUR TOWN NEAR BALINGA PUMPING STATION, VILLAGE-BALINGA, TALUKA- KARVIR, DISTRICT- KOLHAPUR.",MAHARASHTRA 24.0,"Tributary Streams - Ghataprabha, Malprabha, Tungabhadra, Tunga, Bhadra, Musi, Palleru, Muneru, Kagina, Hundri, Mula, Mutha, Nira, Chandrabhaga, Venna, Koyna, Pawana, Indrayani, Ghod, Sina, Urmodi, Vel, And Upputeru",,138.5,2.4,6.55,1.49,PANCHAGANGA,2023-06-30
2023,1905,"RIVER PANCHAGANGA AT D/S OF KOLHAPUR TOWN AT GANDHI NAGAR NEAR NH.4 BRIDGE AND MIDC, VILLAGE. UCHEGAON, TALUKA. KOLHAPUR, DISTRICT. KOLHAPUR.",MAHARASHTRA 24.0,"Tributary Streams - Ghataprabha, Malprabha, Tungabhadra, Tunga, Bhadra, Musi, Palleru, Muneru, Kagina, Hundri, Mula, Mutha, Nira, Chandrabhaga, Venna, Koyna, Pawana, Indrayani, Ghod, Sina, Urmodi, Vel, And Upputeru",,153.0,2.4,6.6,1.4449999999999998,PANCHAGANGA,2023-06-30
2023,1311,"RIVER PANCHAGANGA AT ICHALKARANJI NEAR MIDC INTAKE WELL. VILLAGE. SHIRADHWAD (ICHALKARANJI GHAT), TALUKA.HATKANANGALE, DISTRICT. KOLHAPUR.",MAHARASHTRA 24.0,"Tributary Streams - Ghataprabha, Malprabha, Tungabhadra, Tunga, Bhadra, Musi, Palleru, Muneru, Kagina, Hundri, Mula, Mutha, Nira, Chandrabhaga, Venna, Koyna, Pawana, Indrayani, Ghod, Sina, Urmodi, Vel, And Upputeru",,409.0,2.8,6.699999999999999,2.125,PANCHAGANGA,2023-06-30
2023,2163,"RIVER PANCHAGANGA AT SHIROL NEAR SHIROL INTAKE WELL, VILLAGE- SHIROL, TALUKA- SHIROL, DISTRICT- KOLHAPUR.",MAHARASHTRA 24.0,"Tributary Streams - Ghataprabha, Malprabha, Tungabhadra, Tunga, Bhadra, Musi, Palleru, Muneru, Kagina, Hundri, Mula, Mutha, Nira, Chandrabhaga, Venna, Koyna, Pawana, Indrayani, Ghod, Sina, Urmodi, Vel, And Upputeru",,,,6.550000000000001,1.96,PANCHAGANGA,2023-06-30
2023,2196,"RIVER PAWANA AT SANGAVIGAON, VILLAGE- SANGAVIGAON, TALUKA- HAWELI, DISTRICT- PUNE.",MAHARASHTRA 26.0,"Tributary Streams - Ghataprabha, Malprabha, Tungabhadra, Tunga, Bhadra, Musi, Palleru, Muneru, Kagina, Hundri, Mula, Mutha, Nira, Chandrabhaga, Venna, Koyna, Pawana, Indrayani, Ghod, Sina, Urmodi, Vel, And Upputeru",,,,3.75,,PAWANA,2023-06-30
2023,2692,"RIVER PAWANA AT RAVET WEIR, VILLAGE. RAVET, TALUKA. HAWELI, DISTRICT. PUNE.",MAHARASHTRA 26.0,"Tributary Streams - Ghataprabha, Malprabha, Tungabhadra, Tunga, Bhadra, Musi, Palleru, Muneru, Kagina, Hundri, Mula, Mutha, Nira, Chandrabhaga, Venna, Koyna, Pawana, Indrayani, Ghod, Sina, Urmodi, Vel, And Upputeru",,195.0,3.5999999999999996,5.9,0.86,PAWANA,2023-06-30
2023,2693,"RIVER PAWANA AT CHINCHWADGAON, VILLAGE. CHINCHWADGAON, TALUKA. HAWELI, DISTRICT. PUNE.",MAHARASHTRA 26.0,"Tributary Streams - Ghataprabha, Malprabha, Tungabhadra, Tunga, Bhadra, Musi, Palleru, Muneru, Kagina, Hundri, Mula, Mutha, Nira, Chandrabhaga, Venna, Koyna, Pawana, Indrayani, Ghod, Sina, Urmodi, Vel, And Upputeru",,392.0,,5.0,,PAWANA,2023-06-30
2023,2694,"RIVER PAWANA AT PIMPRIGAON, VILLAGE- PIMPRIGAON, TALUKA- HAWELI, DISTRICT- PUNE.",MAHARASHTRA 26.0,"Tributary Streams - Ghataprabha, Malprabha, Tungabhadra, Tunga, Bhadra, Musi, Palleru, Muneru, Kagina, Hundri, Mula, Mutha, Nira, Chandrabhaga, Venna, Koyna, Pawana, Indrayani, Ghod, Sina, Urmodi, Vel, And Upputeru",,537.5,,4.050000000000001,,PAWANA,2023-06-30
2023,2690,"RIVER PAWANA AT KASARWADI, VILLAGE- KASARWADI, TALUKA- HAWELI, DISTRICT- PUNE.",MAHARASHTRA 26.0,"Tributary Streams - Ghataprabha, Malprabha, Tungabhadra, Tunga, Bhadra, Musi, Palleru, Muneru, Kagina, Hundri, Mula, Mutha, Nira, Chandrabhaga, Venna, Koyna, Pawana, Indrayani, Ghod, Sina, Urmodi, Vel, And Upputeru",,,,4.050000000000001,,PAWANA,2023-06-30
2023,2691,"RIVER PAWANA AT DAPODI BRIDGE, AT PAWANA- MULLA SANGAM, VILLAGE- DAPODI, TALUKA- HAWELI, DISTRICT- PUNE.",MAHARASHTRA 25.0,"Tributary Streams - Ghataprabha, Malprabha, Tungabhadra, Tunga, Bhadra, Musi, Palleru, Muneru, Kagina, Hundri, Mula, Mutha, Nira, Chandrabhaga, Venna, Koyna, Pawana, Indrayani, Ghod, Sina, Urmodi, Vel, And Upputeru",,,,3.5999999999999996,,PAWANA,2023-06-30
2023,2705,"RIVER SINA NEAR LABOTI TOLL NAKA, VILLAGE. LABOTI, TALUKA. MOHAL, DISTRICT. SOLAPUR.",MAHARASHTRA 28.0,"Tributary Streams - Ghataprabha, Malprabha, Tungabhadra, Tunga, Bhadra, Musi, Palleru, Muneru, Kagina, Hundri, Mula, Mutha, Nira, Chandrabhaga, Venna, Koyna, Pawana, Indrayani, Ghod, Sina, Urmodi, Vel, And Upputeru",,,,5.0,,SINA,2023-06-30
2023,1168,RIVER TUNGA AT D/S OF SHIMOGA TOWN,KARNATAKA,"Tributary Streams - Ghataprabha, Malprabha, Tungabhadra, Tunga, Bhadra, Musi, Palleru, Muneru, Kagina, Hundri, Mula, Mutha, Nira, Chandrabhaga, Venna, Koyna, Pawana, Indrayani, Ghod, Sina, Urmodi, Vel, And Upputeru",,224.0,4.6,4.9,1.5599999999999998,TUNGA,2023-06-30
2023,4106,RIVER TUNGA U/S SHIVAMOGGA CITY,KARNATAKA,"Tributary Streams - Ghataprabha, Malprabha, Tungabhadra, Tunga, Bhadra, Musi, Palleru, Muneru, Kagina, Hundri, Mula, Mutha, Nira, Chandrabhaga, Venna, Koyna, Pawana, Indrayani, Ghod, Sina, Urmodi, Vel, And Upputeru",,143.0,1.75,7.35,0.61,TUNGA,2023-06-30
2023,1896,RIVER TUNGABHADRA AT CONFLUENCE POINT OF TUNGA AND BHADRA AT KUDLI,KARNATAKA,"Tributary Streams - Ghataprabha, Malprabha, Tungabhadra, Tunga, Bhadra, Musi, Palleru, Muneru, Kagina, Hundri, Mula, Mutha, Nira, Chandrabhaga, Venna, Koyna, Pawana, Indrayani, Ghod, Sina, Urmodi, Vel, And Upputeru",,146.5,2.0,7.25,0.7000000000000001,TUNGABHADRA,2023-06-30
2023,1029,RIVER TUNGABHADRA AT HARALAHALLI BRIDGE,KARNATAKA,"Tributary Streams - Ghataprabha, Malprabha, Tungabhadra, Tunga, Bhadra, Musi, Palleru, Muneru, Kagina, Hundri, Mula, Mutha, Nira, Chandrabhaga, Venna, Koyna, Pawana, Indrayani, Ghod, Sina, Urmodi, Vel, And Upputeru",,436.5,2.2,7.3,0.75,TUNGABHADRA,2023-06-30
2023,2766,RIVER TUNGABHADRA AT NEW BRIDGE,KARNATAKA,"Tributary Streams - Ghataprabha, Malprabha, Tungabhadra, Tunga, Bhadra, Musi, Palleru, Muneru, Kagina, Hundri, Mula, Mutha, Nira, Chandrabhaga, Venna, Koyna, Pawana, Indrayani, Ghod, Sina, Urmodi, Vel, And Upputeru",,236.0,2.05,7.2,0.935,TUNGABHADRA,2023-06-30
2023,2770,RIVER TUNGABHADRA AT HARIHAR WATER SUPPLY INTAKE,KARNATAKA,"Tributary Streams - Ghataprabha, Malprabha, Tungabhadra, Tunga, Bhadra, Musi, Palleru, Muneru, Kagina, Hundri, Mula, Mutha, Nira, Chandrabhaga, Venna, Koyna, Pawana, Indrayani, Ghod, Sina, Urmodi, Vel, And Upputeru",,369.0,4.2,6.85,1.045,TUNGABHADRA,2023-06-30
2023,2769,RIVER TUNGABHADRA AT JACKWELL POINT,KARNATAKA,"Tributary Streams - Ghataprabha, Malprabha, Tungabhadra, Tunga, Bhadra, Musi, Palleru, Muneru, Kagina, Hundri, Mula, Mutha, Nira, Chandrabhaga, Venna, Koyna, Pawana, Indrayani, Ghod, Sina, Urmodi, Vel, And Upputeru",,,,6.5,0.89,TUNGABHADRA,2023-06-30
2023,5591,RIVER TUNGABHADRA AT NADIHARALAHALLI,KARNATAKA,"Tributary Streams - Ghataprabha, Malprabha, Tungabhadra, Tunga, Bhadra, Musi, Palleru, Muneru, Kagina, Hundri, Mula, Mutha, Nira, Chandrabhaga, Venna, Koyna, Pawana, Indrayani, Ghod, Sina, Urmodi, Vel, And Upputeru",,,,7.25,1.17,TUNGABHADRA,2023-06-30
2023,5592,RIVER TUNGABHADRA AT AIRANI,KARNATAKA,"Tributary Streams - Ghataprabha, Malprabha, Tungabhadra, Tunga, Bhadra, Musi, Palleru, Muneru, Kagina, Hundri, Mula, Mutha, Nira, Chandrabhaga, Venna, Koyna, Pawana, Indrayani, Ghod, Sina, Urmodi, Vel, And Upputeru",,508.0,2.6,7.1,0.9850000000000001,TUNGABHADRA,2023-06-30
2023,4495,RIVER TUNGABHADRA AT ARAVI,KARNATAKA,"Tributary Streams - Ghataprabha, Malprabha, Tungabhadra, Tunga, Bhadra, Musi, Palleru, Muneru, Kagina, Hundri, Mula, Mutha, Nira, Chandrabhaga, Venna, Koyna, Pawana, Indrayani, Ghod, Sina, Urmodi, Vel, And Upputeru",,471.0,1.95,7.1,0.9,TUNGABHADRA,2023-06-30
2023,5593,RIVER TUNGABHADRA AT HIREBIDARI,KARNATAKA,"Tributary Streams - Ghataprabha, Malprabha, Tungabhadra, Tunga, Bhadra, Musi, Palleru, Muneru, Kagina, Hundri, Mula, Mutha, Nira, Chandrabhaga, Venna, Koyna, Pawana, Indrayani, Ghod, Sina, Urmodi, Vel, And Upputeru",,545.0,2.5,7.65,1.5350000000000001,TUNGABHADRA,2023-06-30
2023,5594,RIVER TUNGABHADRA AT KONANATHAMBIGE,KARNATAKA,"Tributary Streams - Ghataprabha, Malprabha, Tungabhadra, Tunga, Bhadra, Musi, Palleru, Muneru, Kagina, Hundri, Mula, Mutha, Nira, Chandrabhaga, Venna, Koyna, Pawana, Indrayani, Ghod, Sina, Urmodi, Vel, And Upputeru",,493.0,2.3,,1.03,TUNGABHADRA,2023-06-30
2023,5595,RIVER TUNGABHADRA AT SOMALAPURA,KARNATAKA,"Tributary Streams - Ghataprabha, Malprabha, Tungabhadra, Tunga, Bhadra, Musi, Palleru, Muneru, Kagina, Hundri, Mula, Mutha, Nira, Chandrabhaga, Venna, Koyna, Pawana, Indrayani, Ghod, Sina, Urmodi, Vel, And Upputeru",,478.5,3.8,,1.045,TUNGABHADRA,2023-06-30
2023,5596,RIVER TUNGABHADRA AT KURUVATHI,KARNATAKA,"Tributary Streams - Ghataprabha, Malprabha, Tungabhadra, Tunga, Bhadra, Musi, Palleru, Muneru, Kagina, Hundri, Mula, Mutha, Nira, Chandrabhaga, Venna, Koyna, Pawana, Indrayani, Ghod, Sina, Urmodi, Vel, And Upputeru",,402.5,2.0,,0.97,TUNGABHADRA,2023-06-30
2023,4494,RIVER TUNGABHADRA AT MYLARA,KARNATAKA,"Tributary Streams - Ghataprabha, Malprabha, Tungabhadra, Tunga, Bhadra, Musi, Palleru, Muneru, Kagina, Hundri, Mula, Mutha, Nira, Chandrabhaga, Venna, Koyna, Pawana, Indrayani, Ghod, Sina, Urmodi, Vel, And Upputeru",,467.0,2.3,7.35,0.95,TUNGABHADRA,2023-06-30
2023,2776,RIVER TUNGABHADRA AT D/S OF GANGAWATHI,KARNATAKA,"Tributary Streams - Ghataprabha, Malprabha, Tungabhadra, Tunga, Bhadra, Musi, Palleru, Muneru, Kagina, Hundri, Mula, Mutha, Nira, Chandrabhaga, Venna, Koyna, Pawana, Indrayani, Ghod, Sina, Urmodi, Vel, And Upputeru",,614.0,2.5,7.449999999999999,1.8199999999999998,TUNGABHADRA,2023-06-30
2023,3558,RIVER TUNGABHADRA AT DADESUGUR BRIDGE GAUGING STATION,KARNATAKA,"Tributary Streams - Ghataprabha, Malprabha, Tungabhadra, Tunga, Bhadra, Musi, Palleru, Muneru, Kagina, Hundri, Mula, Mutha, Nira, Chandrabhaga, Venna, Koyna, Pawana, Indrayani, Ghod, Sina, Urmodi, Vel, And Upputeru",,,,7.75,2.55,TUNGABHADRA,2023-06-30
2023,1785,RIVER TUNGABHADRA AT MANTHRALAYAM (V & M),ANDHRA PRADESH,"Tributary Streams - Ghataprabha, Malprabha, Tungabhadra, Tunga, Bhadra, Musi, Palleru, Muneru, Kagina, Hundri, Mula, Mutha, Nira, Chandrabhaga, Venna, Koyna, Pawana, Indrayani, Ghod, Sina, Urmodi, Vel, And Upputeru",,,,5.85,0.985,TUNGABHADRA,2023-06-30
2023,1174,"RIVER TUNGABHADRA AT KURNOOL U/S, BHAVAPURAM (V), KURNOOL (M)",ANDHRA PRADESH,"Tributary Streams - Ghataprabha, Malprabha, Tungabhadra, Tunga, Bhadra, Musi, Palleru, Muneru, Kagina, Hundri, Mula, Mutha, Nira, Chandrabhaga, Venna, Koyna, Pawana, Indrayani, Ghod, Sina, Urmodi, Vel, And Upputeru",,,,5.75,1.3850000000000002,TUNGABHADRA,2023-06-30
2023,4388,"RIVER TUNGABHADRA, UPSTREAM OF KURNOOL TOWN BEFORE JOINING CITY DOMESTIC SEWAGE AND AFTER M/S RAYALASEEMA ALKALIES INDUSTRIES NEAR SIVALAYAM TEMPLE, GONDIPARLA (V), KURNOOL (M)",ANDHRA PRADESH,"Tributary Streams - Ghataprabha, Malprabha, Tungabhadra, Tunga, Bhadra, Musi, Palleru, Muneru, Kagina, Hundri, Mula, Mutha, Nira, Chandrabhaga, Venna, Koyna, Pawana, Indrayani, Ghod, Sina, Urmodi, Vel, And Upputeru",,,,5.45,0.99,INDUSTRIES,2023-06-30
2023,4389,"RIVER TUNGABHADRA, DOWNSTREAM OF KURNOOL TOWN AFTER JOINING CITY DOMESTIC SEWAGE, PADIDEMPADU (V),",ANDHRA PRADESH,"Tributary Streams - Ghataprabha, Malprabha, Tungabhadra, Tunga, Bhadra, Musi, Palleru, Muneru, Kagina, Hundri, Mula, Mutha, Nira, Chandrabhaga, Venna, Koyna, Pawana, Indrayani, Ghod, Sina, Urmodi, Vel, And Upputeru",,,,5.4,1.465,"Ghataprabha, Malprabha, Tungabhadra, Tunga, Bhadra, Musi, Palleru, Muneru, Kagina, Hundri, Mula, Mutha, Nira, Chandrabhaga, Venna, Koyna, Pawana, Indrayani, Ghod, Sina, Urmodi, Vel, And Upputeru",2023-06-30
2023,4379,"RIVER UPPUTERU BEFORE CONFLUENCE WITH SEA, AT CHINNA GOLLAPALEM (V), KRUTHIVENNU (M)",ANDHRA PRADESH,"Tributary Streams - Ghataprabha, Malprabha, Tungabhadra, Tunga, Bhadra, Musi, Palleru, Muneru, Kagina, Hundri, Mula, Mutha, Nira, Chandrabhaga, Venna, Koyna, Pawana, Indrayani, Ghod, Sina, Urmodi, Vel, And Upputeru",,,,6.25,0.95,"Ghataprabha, Malprabha, Tungabhadra, Tunga, Bhadra, Musi, Palleru, Muneru, Kagina, Hundri, Mula, Mutha, Nira, Chandrabhaga, Venna, Koyna, Pawana, Indrayani, Ghod, Sina, Urmodi, Vel, And Upputeru",2023-06-30
2023,2711,"RIVER URMODI AT NAGTHNE KT WARE, VILLAGE- NAGTHANE,TALUKA- SATARA, DISTRICT- SATARA.",MAHARASHTRA 25.0,Pennar,,530.5,4.1,5.65,1.065,URMODI,2023-06-30
2023,2715,"RIVER VEL AT SHIKRAPUR, VILLAGE. SHIKRAPUR, TALUKA. SHIRUR, DISTRICT. PUNE.",MAHARASHTRA 26.0,Pennar,,379.5,6.2,5.55,0.3,VEL,2023-06-30
2023,1255,"RIVER PENNAR B/C WITH CHITRAVATHI, TADIPATRI (M), VENGANUR (V)",ANDHRA PRADESH,Pennar,,,,5.6,1.11,Pennar,2023-06-30
2023,1256,"RIVER PENNAR A/C WITH PAPAGNI, PUSHPAGIRI (V),VALLUR (M)",ANDHRA PRADESH,Pennar,,,,5.85,1.06,Pennar,2023-06-30
2023,1257,"RIVER PENNAR A/C WITH CHEYYURU, SOMASILA (V), ANANTHASAGARAM (M)",ANDHRA PRADESH,Pennar,,,,7.550000000000001,1.0,Pennar,2023-06-30
2023,2351,"RIVER KUNDU, NANDYAL, NEAR OVER BDG.,NANDYAL TOWN",ANDHRA PRADESH,Pennar,,,,4.65,1.565,Pennar,2023-06-30
2023,1689,"CHUNNAMBAR RIVER, KILINJIKUPPAM ROAD, NONANKUPPAM, PUDUCHERRY.",PUDUCHERRY,Pennar,,,,,0.16,Pennar,2023-06-30
2023,1198,RIVER CAUVERY AT NAPOKULU BDG (D/S),KARNATAKA,Pennar,,109.0,1.75,7.0,0.65,CAUVERY,2023-06-30
2023,1195,RIVER CAUVERY AT KUSHAL NAGAR U/S (NEAR BAICHANAHALLI),KARNATAKA,Pennar,,194.5,2.0,6.95,1.0999999999999999,CAUVERY,2023-06-30
2023,1171,"RIVER CAUVERY AT SRI RANGAPATTANNA, D/S OF ROAD BDG.",KARNATAKA,Pennar,,369.5,3.25,6.2,2.425,CAUVERY,2023-06-30
2023,1386,RIVER CAUVERY AT D/S OF KAREKUARA VILLAGE,KARNATAKA,Pennar,,298.0,3.0,6.2,2.0999999999999996,CAUVERY,2023-06-30
2023,2773,RIVER CAUVERY AT BANNUR BRIDGE,KARNATAKA,Pennar,,345.0,2.25,6.4,1.8849999999999998,CAUVERY,2023-06-30
2023,2774,RIVER CAUVERY AT RANGANATHITTU,KARNATAKA,Pennar,,308.5,2.4,6.550000000000001,1.89,CAUVERY,2023-06-30
2023,3566,RIVER CAUVERY AT KRS DAM MANDYA,KARNATAKA,Pennar,,352.0,2.0,6.6,1.93,CAUVERY,2023-06-30
2023,3568,RIVER CAUVERY AT WATER SUPPLY INTAKE POINT TO SRIRANGAPATNA TOWN,KARNATAKA,Pennar,,394.5,3.25,6.050000000000001,2.31,CAUVERY,2023-06-30
2023,3569,RIVER CAUVERY AT WATER SUPPLY INTAKE POINT TO MANDYA TOWN,KARNATAKA,Pennar,,460.0,3.25,6.25,2.405,CAUVERY,2023-06-30
2023,3570,RIVER CAUVERY D/S OF KR NAGAR BRIDGE,KARNATAKA,Pennar,,337.5,2.25,6.45,2.4299999999999997,CAUVERY,2023-06-30
2023,3571,RIVER CAUVERY U/S OF KR NAGAR,KARNATAKA,Pennar,,306.5,2.0,6.75,1.69,CAUVERY,2023-06-30
2023,3573,RIVER CAUVERY D/S OF KUSHALANAGAR TOWN,KARNATAKA,Pennar,,196.0,2.0,6.95,1.06,CAUVERY,2023-06-30
2023,3576,RIVER CAUVERY AT WATER SUPPLY INTAKE POINT TO MYSORE,KARNATAKA,Pennar,,307.0,2.0,6.800000000000001,2.0,CAUVERY,2023-06-30
2023,3578,RIVER CAUVERY D/S OF MADDUR WATER SUPPLY TREATMENT PLANT AT BACHALLI,KARNATAKA,Pennar,,349.5,2.0,6.9,1.575,CAUVERY,2023-06-30
2023,3579,RIVER CAUVERY AT WATER SUPPLY INTAKE POINT AT KOLLEGALA DASANAPURA,KARNATAKA,Pennar,,348.5,3.0,6.0,2.2,CAUVERY,2023-06-30
2023,3581,RIVER CAUVERY AT WATER SUPPLY INTAKE POINT AT TORE KADANA HALLI,KARNATAKA,Pennar,,349.0,2.0,6.8,1.77,CAUVERY,2023-06-30
2023,4109,RIVER CAUVERY BEFORE CONFLUENCE AT SANGAM,KARNATAKA,Pennar,,,,5.25,,CAUVERY BEFORE CONFLUENCE,2023-06-30
2023,4099,"RIVER CAUVERY D/S BHARACHUKI FALLS, SATHEGALA, KOLLEGALA",KARNATAKA,Pennar,,350.5,2.0,6.6,2.08,CAUVERY,2023-06-30
2023,4102,RIVER CAUVERY D/S AT BHAGAMANDALA BRIDGE,KARNATAKA,Pennar,,87.5,1.75,7.15,0.65,CAUVERY,2023-06-30
2023,4103,"RIVER CAUVERY D/S AT KANIVE RAMALINGESWARA TEMPLE BRIDGE, KUSHALANAGAR",KARNATAKA,Pennar,,195.5,2.0,7.1,1.25,CAUVERY,2023-06-30
2023,30052,RIVER CAUVERY AT AJJIBORE (BANGALORE),KARNATAKA,Pennar,,457.5,1.0,7.35,0.86,CAUVERY,2023-06-30
2023,1320,"RIVER CAUVERY AT ERODE NEAR VIRAPALAYAM,",TAMIL NADU,Pennar,,,,5.85,1.8699999999999999,CAUVERY,2023-06-30
2023,3015,"RIVER CAUVERY AT PUGALUR, KARUR, TAMILNADU",TAMIL NADU,Pennar,,,,6.449999999999999,0.535,CAUVERY,2023-06-30
2023,1324,"RIVER CAUVERY AT MOHANUR NEAR PATTAIPALAYAM, TAMILNADU",TAMIL NADU,Pennar,,,,6.1,0.62,CAUVERY,2023-06-30
2023,1451,"RIVER CAUVERY AT THIRUMUKKUDAL-CONFL. PT.OF R. AMRAVATI, TAMILNADU",TAMIL NADU,Pennar,,,,6.199999999999999,0.765,CAUVERY,2023-06-30
2023,3016,"RIVER CAUVERY AT PETTAIVAITHALAI, TRICHY,",TAMIL NADU,Pennar,,662.0,2.5,6.2,1.2,CAUVERY,2023-06-30
2023,1202,"RIVER CAUVERY AT TIRUCHIRAPPALLI U/S, TAMILNADU",TAMIL NADU,Pennar,,644.0,2.0,6.050000000000001,1.27,CAUVERY,2023-06-30
2023,1325,"RIVER CAUVERY AT TIRUCHIRAPPALLI D/S, TAMILNADU",TAMIL NADU,Pennar,,,,6.85,,CAUVERY,2023-06-30
2023,1203,"RIVER CAUVERY AT TRICHY, GRAND ANAICUT,",TAMIL NADU,Pennar,,709.0,1.95,6.2,3.4000000000000004,CAUVERY,2023-06-30
2023,1206,"RIVER CAUVERY AT KARUTHATTANUDI THANJAVUR,",TAMIL NADU,Pennar,,642.5,1.9,6.75,1.3399999999999999,CAUVERY,2023-06-30
2023,3012,"RIVER CAUVERY AT KOMARAPALAYAM, NAMAKAL,",TAMIL NADU,Pennar,,603.5,1.7,6.15,0.905,CAUVERY,2023-06-30
2023,3013,"RIVER CAUVERY AT URRACHIKOTTAI, ERODE,",TAMIL NADU,Pennar,,514.5,2.0,5.800000000000001,0.48,CAUVERY,2023-06-30
2023,3014,"RIVER CAUVERY AT SEERAPALAYAM, NAMAKAL,",TAMIL NADU,Pennar,,626.5,1.55,6.2,0.62,CAUVERY,2023-06-30
2023,4827,RIVER CAUVERY LOCATIONS AT KUMARAPALAYAM,TAMIL NADU,Pennar,,,,6.3,0.89,CAUVERY LOCATIONS,2023-06-30
2023,3017,"RIVER CAUVERY AT KUMBAKONAM, THANJAVUR,",TAMIL NADU,Pennar,,436.5,2.55,6.15,0.68,CAUVERY,2023-06-30
2023,1326,"RIVER CAUVERY AT COLEROON, TAMILNADU",TAMIL NADU,Pennar,,,,5.85,,CAUVERY,2023-06-30
2023,1327,"RIVER CAUVERY AT PITCHAVARAM, TAMILNADU",TAMIL NADU,Pennar,,,,5.85,3.66,CAUVERY,2023-06-30
2023,1322,"RIVER CAUVERY AT 1KM. D/S OF BHAVANI CONFL.,R.N. PUNDUR, TAMILNADU",TAMIL NADU,Pennar,,645.0,2.0,5.85,1.6199999999999999,CAUVERY,2023-06-30
2023,10064,RIVER CAUVERY AT BHAWANI D/S,TAMIL NADU,Pennar,,516.5,1.85,6.15,0.23,CAUVERY,2023-06-30
2023,10065,RIVER CAUVERY AT ERODE U/S,TAMIL NADU,Pennar,,472.0,1.9,6.2,0.91,CAUVERY,2023-06-30
2023,10067,RIVER CAUVERY AT KUMARAPALAYAM U/S,TAMIL NADU,Pennar,,500.0,1.55,6.1,0.42500000000000004,CAUVERY,2023-06-30
2023,10070,RIVER CAUVERY AT PALLIPALAYAM D/S,TAMIL NADU,Pennar,,614.5,1.85,6.25,1.015,CAUVERY,2023-06-30
2023,10073,RIVER CAUVERY AT KARUR U/S,TAMIL NADU,Pennar,,,,6.199999999999999,0.725,CAUVERY,2023-06-30
2023,10078,RIVER CAUVERY AT MAYILADUTHURAI D/S,TAMIL NADU,Pennar,,575.0,1.0,5.9,0.54,CAUVERY,2023-06-30
2023,3580,RIVER CAUVERY AT WATER SUPPLY INTAKE POINT AT SHIVANSAMUDRA,KARNATAKA,Pennar,,350.5,2.0,6.699999999999999,1.74,CAUVERY,2023-06-30
2023,5587,RIVER CAUVERY AT BALMAVATI BRIDGE TO THANDRA HOLE TRIBUTARY,KARNATAKA,Pennar,,65.5,1.5,7.0,0.47,CAUVERY,2023-06-30
2023,5583,RIVER CAUVERY D/S AT KONDANAGIRI BRIDGE,KARNATAKA,"Tributary Streams - Yagachi, Hemavathi, Shimsha, Thirumanimuthar, Vasista, Amravati, Akravathi, Kabini, Lakshmantirtha, Sarabanga, Bhavani, Arasalar, Papanasini, Kalindi, Adyar, Cooum, Vennar, Vaigai",,68.0,1.5,7.2,0.43000000000000005,CAUVERY,2023-06-30
2023,5584,"RIVER CAUVERY D/S OF AT BETHRI BRIDGE , MURNAD",KARNATAKA,"Tributary Streams - Yagachi, Hemavathi, Shimsha, Thirumanimuthar, Vasista, Amravati, Akravathi, Kabini, Lakshmantirtha, Sarabanga, Bhavani, Arasalar, Papanasini, Kalindi, Adyar, Cooum, Vennar, Vaigai",,67.5,1.75,7.15,0.49,CAUVERY,2023-06-30
2023,5585,"RIVER CAUVERY D/S OF AT NELLU DIKERI BRIDGE, SIDDAPURA",KARNATAKA,"Tributary Streams - Yagachi, Hemavathi, Shimsha, Thirumanimuthar, Vasista, Amravati, Akravathi, Kabini, Lakshmantirtha, Sarabanga, Bhavani, Arasalar, Papanasini, Kalindi, Adyar, Cooum, Vennar, Vaigai",,81.5,1.5,7.199999999999999,0.47,CAUVERY,2023-06-30
2023,5586,"RIVER CAUVERY D/S OF AT DUBARE, HANGING BRIDGE (THEPPA DA KINDI)",KARNATAKA,"Tributary Streams - Yagachi, Hemavathi, Shimsha, Thirumanimuthar, Vasista, Amravati, Akravathi, Kabini, Lakshmantirtha, Sarabanga, Bhavani, Arasalar, Papanasini, Kalindi, Adyar, Cooum, Vennar, Vaigai",,71.0,1.5,7.15,0.49,CAUVERY,2023-06-30
2023,5590,"RIVER CAUVERY AT GANJAM WATER SUPPLY INTAKE POINT NEAR GOSAI GHAT, SRIRANGAPATNA",KARNATAKA,"Tributary Streams - Yagachi, Hemavathi, Shimsha, Thirumanimuthar, Vasista, Amravati, Akravathi, Kabini, Lakshmantirtha, Sarabanga, Bhavani, Arasalar, Papanasini, Kalindi, Adyar, Cooum, Vennar, Vaigai",,295.5,2.5,6.45,1.73,CAUVERY,2023-06-30
2023,5580,"RIVER CAUVERY ATGANJAM WATER SUPPLY INTAKE POINT NEAR GOSAI GHAT, SRIRANGAPATNA,MAYDYA",KARNATAKA,"Tributary Streams - Yagachi, Hemavathi, Shimsha, Thirumanimuthar, Vasista, Amravati, Akravathi, Kabini, Lakshmantirtha, Sarabanga, Bhavani, Arasalar, Papanasini, Kalindi, Adyar, Cooum, Vennar, Vaigai",,297.0,2.25,6.5,1.95,CAUVERY ATGANJAM WATER SUPPLY INTAKE POINT,2023-06-30
2023,5579,"RIVER CAUVERY AT KARIGHATTA NIMISHAMBA TEMPLE ROAD BRIDGE SRIRANGAPATNA,MAYDYA",KARNATAKA,"Tributary Streams - Yagachi, Hemavathi, Shimsha, Thirumanimuthar, Vasista, Amravati, Akravathi, Kabini, Lakshmantirtha, Sarabanga, Bhavani, Arasalar, Papanasini, Kalindi, Adyar, Cooum, Vennar, Vaigai",,397.0,3.1,6.050000000000001,3.0,CAUVERY,2023-06-30
2023,5581,"RIVER CAUVERY AT MAHADEVPURA ROAD BRIDGE,MAYDYA",KARNATAKA,"Tributary Streams - Yagachi, Hemavathi, Shimsha, Thirumanimuthar, Vasista, Amravati, Akravathi, Kabini, Lakshmantirtha, Sarabanga, Bhavani, Arasalar, Papanasini, Kalindi, Adyar, Cooum, Vennar, Vaigai",,394.0,3.75,5.85,2.55,CAUVERY,2023-06-30
2023,1323,RIVER CAUVERY ATPARAMATHY VELORE TAMILNADU,TAMIL NADU,"Tributary Streams - Yagachi, Hemavathi, Shimsha, Thirumanimuthar, Vasista, Amravati, Akravathi, Kabini, Lakshmantirtha, Sarabanga, Bhavani, Arasalar, Papanasini, Kalindi, Adyar, Cooum, Vennar, Vaigai",,700.0,1.85,6.1,0.675,"Yagachi, Hemavathi, Shimsha, Thirumanimuthar, Vasista, Amravati, Akravathi, Kabini, Lakshmantirtha, Sarabanga, Bhavani, Arasalar, Papanasini, Kalindi, Adyar, Cooum, Vennar, Vaigai",2023-06-30
2023,3015,"RIVER CAUVERY AT PUGALUR, KARUR, TAMILNADU",TAMIL NADU,"Tributary Streams - Yagachi, Hemavathi, Shimsha, Thirumanimuthar, Vasista, Amravati, Akravathi, Kabini, Lakshmantirtha, Sarabanga, Bhavani, Arasalar, Papanasini, Kalindi, Adyar, Cooum, Vennar, Vaigai",,,,6.449999999999999,0.535,CAUVERY,2023-06-30
2023,1205,"RIVER BHAVANI AT BHAVANI, TAMILNADU",TAMIL NADU,"Tributary Streams - Yagachi, Hemavathi, Shimsha, Thirumanimuthar, Vasista, Amravati, Akravathi, Kabini, Lakshmantirtha, Sarabanga, Bhavani, Arasalar, Papanasini, Kalindi, Adyar, Cooum, Vennar, Vaigai",,655.0,1.7,6.0,2.12,BHAVANI,2023-06-30
2023,1201,"RIVER BHAVANI AT BADTHARAKALIAMMAN KOIL, TAMILNADU",TAMIL NADU,"Tributary Streams - Yagachi, Hemavathi, Shimsha, Thirumanimuthar, Vasista, Amravati, Akravathi, Kabini, Lakshmantirtha, Sarabanga, Bhavani, Arasalar, Papanasini, Kalindi, Adyar, Cooum, Vennar, Vaigai",,251.0,1.85,6.1,0.53,BHAVANI,2023-06-30
2023,1204,"RIVER BHAVANI AT SIRUMUGAI, TAMILNADU",TAMIL NADU,"Tributary Streams - Yagachi, Hemavathi, Shimsha, Thirumanimuthar, Vasista, Amravati, Akravathi, Kabini, Lakshmantirtha, Sarabanga, Bhavani, Arasalar, Papanasini, Kalindi, Adyar, Cooum, Vennar, Vaigai",,259.5,1.7,6.25,0.785,BHAVANI,2023-06-30
2023,1321,"RIVER BHAVANI AT BHAVANI SAGAR, TAMILNADU",TAMIL NADU,"Tributary Streams - Yagachi, Hemavathi, Shimsha, Thirumanimuthar, Vasista, Amravati, Akravathi, Kabini, Lakshmantirtha, Sarabanga, Bhavani, Arasalar, Papanasini, Kalindi, Adyar, Cooum, Vennar, Vaigai",,381.5,1.95,5.85,0.895,BHAVANI,2023-06-30
2023,3019,"RIVER BHAVANI AT D/S OF BHAVANISAGAR, SATHYAMANGALAM, ERODE, TAMILNADU",TAMIL NADU,"Tributary Streams - Yagachi, Hemavathi, Shimsha, Thirumanimuthar, Vasista, Amravati, Akravathi, Kabini, Lakshmantirtha, Sarabanga, Bhavani, Arasalar, Papanasini, Kalindi, Adyar, Cooum, Vennar, Vaigai",,297.5,1.85,6.35,1.635,BHAVANI,2023-06-30
2023,3020,"RIVER BHAVANI AT U/S OF KALINGARAYAN CANAL (B5), ERODE, TAMILNADU",TAMIL NADU,"Tributary Streams - Yagachi, Hemavathi, Shimsha, Thirumanimuthar, Vasista, Amravati, Akravathi, Kabini, Lakshmantirtha, Sarabanga, Bhavani, Arasalar, Papanasini, Kalindi, Adyar, Cooum, Vennar, Vaigai",,645.5,2.0,5.95,1.4749999999999999,BHAVANI,2023-06-30
2023,3021,"RIVER BHAVANI AT D/S OF KALINGARAYAN CANAL (B10), ERODE, TAMILNADU",TAMIL NADU,"Tributary Streams - Yagachi, Hemavathi, Shimsha, Thirumanimuthar, Vasista, Amravati, Akravathi, Kabini, Lakshmantirtha, Sarabanga, Bhavani, Arasalar, Papanasini, Kalindi, Adyar, Cooum, Vennar, Vaigai",,644.0,1.85,6.2,0.605,BHAVANI,2023-06-30
2023,1199,RIVER HEMAVATHI AT D/S OF HOLENARASIPURA TOWN AT RAMADEV WEIR,KARNATAKA,"Tributary Streams - Yagachi, Hemavathi, Shimsha, Thirumanimuthar, Vasista, Amravati, Akravathi, Kabini, Lakshmantirtha, Sarabanga, Bhavani, Arasalar, Papanasini, Kalindi, Adyar, Cooum, Vennar, Vaigai",,200.0,2.1,7.050000000000001,0.46499999999999997,HEMAVATHI,2023-06-30
2023,1166,"RIVER SHIMSHA AT D/S OF BRIDGE, HALAGUR",KARNATAKA,"Tributary Streams - Yagachi, Hemavathi, Shimsha, Thirumanimuthar, Vasista, Amravati, Akravathi, Kabini, Lakshmantirtha, Sarabanga, Bhavani, Arasalar, Papanasini, Kalindi, Adyar, Cooum, Vennar, Vaigai",,652.5,3.5,5.9,3.0,SHIMSHA,2023-06-30
2023,1200,"RIVER SHIMSHA AT D/S OF HIGHWAY BRIDGE, YEDIYUR",KARNATAKA,"Tributary Streams - Yagachi, Hemavathi, Shimsha, Thirumanimuthar, Vasista, Amravati, Akravathi, Kabini, Lakshmantirtha, Sarabanga, Bhavani, Arasalar, Papanasini, Kalindi, Adyar, Cooum, Vennar, Vaigai",,386.0,,4.2,,SHIMSHA,2023-06-30
2023,3567,RIVER SHIMSHA D/S NEAR MADDUAR TOWN,KARNATAKA,"Tributary Streams - Yagachi, Hemavathi, Shimsha, Thirumanimuthar, Vasista, Amravati, Akravathi, Kabini, Lakshmantirtha, Sarabanga, Bhavani, Arasalar, Papanasini, Kalindi, Adyar, Cooum, Vennar, Vaigai",,681.0,3.75,5.5,2.9,SHIMSHA,2023-06-30
2023,3022,"RIVER THIRUMANIMUTHAR AT SALEM, D/S OF SAGO & TEXTILE DYING INDUSTRIES, TAMILNADU",TAMIL NADU,"Tributary Streams - Yagachi, Hemavathi, Shimsha, Thirumanimuthar, Vasista, Amravati, Akravathi, Kabini, Lakshmantirtha, Sarabanga, Bhavani, Arasalar, Papanasini, Kalindi, Adyar, Cooum, Vennar, Vaigai",,,,2.75,,THIRUMANIMUTHAR,2023-06-30
2023,3023,"RIVER VASISTA AT THULUKANNUR AT SALEM, D/S OF SAGO INDUSRIES EFFLUENT, TAMILNADU",TAMIL NADU,"Tributary Streams - Yagachi, Hemavathi, Shimsha, Thirumanimuthar, Vasista, Amravati, Akravathi, Kabini, Lakshmantirtha, Sarabanga, Bhavani, Arasalar, Papanasini, Kalindi, Adyar, Cooum, Vennar, Vaigai",,,,3.15,,VASISTA,2023-06-30
2023,1319,RIVER AMRAVATI AT 1KM D/S FROM EFF.DIS. PT. AT MADHUTHUKKULAM,TAMIL NADU,"Tributary Streams - Yagachi, Hemavathi, Shimsha, Thirumanimuthar, Vasista, Amravati, Akravathi, Kabini, Lakshmantirtha, Sarabanga, Bhavani, Arasalar, Papanasini, Kalindi, Adyar, Cooum, Vennar, Vaigai",,239.5,1.7,6.35,0.57,AMRAVATI,2023-06-30
2023,4812,RIVER LOCATED ON THE SOUTHERN BANK OF AMARAVATHI AND DOWNSTREAM SIDE OF KARUR DYEING CLUSTER,TAMIL NADU,"Tributary Streams - Yagachi, Hemavathi, Shimsha, Thirumanimuthar, Vasista, Amravati, Akravathi, Kabini, Lakshmantirtha, Sarabanga, Bhavani, Arasalar, Papanasini, Kalindi, Adyar, Cooum, Vennar, Vaigai",,,,5.95,1.505,"Yagachi, Hemavathi, Shimsha, Thirumanimuthar, Vasista, Amravati, Akravathi, Kabini, Lakshmantirtha, Sarabanga, Bhavani, Arasalar, Papanasini, Kalindi, Adyar, Cooum, Vennar, Vaigai",2023-06-30
2023,4813,RIVER LOCATED ADJACENT TO KARU MSW DUMP SITE AND ON THE NORTHERN BANK OF AMARAVATHI AND DOWNSTREAM SIDE OF KARU DYEING CLUSTER,TAMIL NADU,"Tributary Streams - Yagachi, Hemavathi, Shimsha, Thirumanimuthar, Vasista, Amravati, Akravathi, Kabini, Lakshmantirtha, Sarabanga, Bhavani, Arasalar, Papanasini, Kalindi, Adyar, Cooum, Vennar, Vaigai",,,,6.15,1.92,"Yagachi, Hemavathi, Shimsha, Thirumanimuthar, Vasista, Amravati, Akravathi, Kabini, Lakshmantirtha, Sarabanga, Bhavani, Arasalar, Papanasini, Kalindi, Adyar, Cooum, Vennar, Vaigai",2023-06-30
2023,1165,RIVER ARKAVATHI AT D/S OF KANAKAPURA TOWN,KARNATAKA,"Tributary Streams - Yagachi, Hemavathi, Shimsha, Thirumanimuthar, Vasista, Amravati, Akravathi, Kabini, Lakshmantirtha, Sarabanga, Bhavani, Arasalar, Papanasini, Kalindi, Adyar, Cooum, Vennar, Vaigai",,,,5.1,,ARKAVATHI,2023-06-30
2023,2779,RIVER ARKAVATHI AT HESARAGHATTA RESERVOIR,KARNATAKA,"Tributary Streams - Yagachi, Hemavathi, Shimsha, Thirumanimuthar, Vasista, Amravati, Akravathi, Kabini, Lakshmantirtha, Sarabanga, Bhavani, Arasalar, Papanasini, Kalindi, Adyar, Cooum, Vennar, Vaigai",,628.0,,3.1999999999999997,,ARKAVATHI,2023-06-30
2023,4108,RIVER AKRAVATHI BEFORE CONFLUENCE AT SANGAM,KARNATAKA,"Tributary Streams - Yagachi, Hemavathi, Shimsha, Thirumanimuthar, Vasista, Amravati, Akravathi, Kabini, Lakshmantirtha, Sarabanga, Bhavani, Arasalar, Papanasini, Kalindi, Adyar, Cooum, Vennar, Vaigai",,,,4.7,,AKRAVATHI BEFORE CONFLUENCE,2023-06-30
2023,1197,RIVER KABINI AT SARAGUR VILLAGE D/S,KARNATAKA,"Tributary Streams - Yagachi, Hemavathi, Shimsha, Thirumanimuthar, Vasista, Amravati, Akravathi, Kabini, Lakshmantirtha, Sarabanga, Bhavani, Arasalar, Papanasini, Kalindi, Adyar, Cooum, Vennar, Vaigai",,256.0,3.0,6.199999999999999,1.2,KABINI,2023-06-30
2023,1207,"RIVER KABANI AT MUTHANKARA, WAYANAD",KERALA,"Tributary Streams - Yagachi, Hemavathi, Shimsha, Thirumanimuthar, Vasista, Amravati, Akravathi, Kabini, Lakshmantirtha, Sarabanga, Bhavani, Arasalar, Papanasini, Kalindi, Adyar, Cooum, Vennar, Vaigai",,117.0,1.1,6.9,0.3,KABANI,2023-06-30
2023,1445,RIVER KABINI AT WATER INTAKE OF KIADB AT NANJANGUD,KARNATAKA,"Tributary Streams - Yagachi, Hemavathi, Shimsha, Thirumanimuthar, Vasista, Amravati, Akravathi, Kabini, Lakshmantirtha, Sarabanga, Bhavani, Arasalar, Papanasini, Kalindi, Adyar, Cooum, Vennar, Vaigai",,258.5,2.0,6.8,1.3099999999999998,KABINI,2023-06-30
2023,2775,"RIVER KABINI AT BATHING GHAT, NANJANAGUD",KARNATAKA,"Tributary Streams - Yagachi, Hemavathi, Shimsha, Thirumanimuthar, Vasista, Amravati, Akravathi, Kabini, Lakshmantirtha, Sarabanga, Bhavani, Arasalar, Papanasini, Kalindi, Adyar, Cooum, Vennar, Vaigai",,407.0,3.75,5.8,2.25,KABINI,2023-06-30
2023,3575,RIVER KABINI U/S INTAKE POINT TO NANJANAGUD & GUNDLUPET AT DEBUR,KARNATAKA,"Tributary Streams - Yagachi, Hemavathi, Shimsha, Thirumanimuthar, Vasista, Amravati, Akravathi, Kabini, Lakshmantirtha, Sarabanga, Bhavani, Arasalar, Papanasini, Kalindi, Adyar, Cooum, Vennar, Vaigai",,317.0,2.25,6.5,1.5999999999999999,KABINI,2023-06-30
2023,3577,RIVER KABINI AT WATER SUPPLY INTAKE POINT TO T. NARASIPURA,KARNATAKA,"Tributary Streams - Yagachi, Hemavathi, Shimsha, Thirumanimuthar, Vasista, Amravati, Akravathi, Kabini, Lakshmantirtha, Sarabanga, Bhavani, Arasalar, Papanasini, Kalindi, Adyar, Cooum, Vennar, Vaigai",,411.0,4.25,5.45,2.6799999999999997,KABINI,2023-06-30
2023,1196,RIVER LAKSHMANTIRTHA AT D/S OF HUNSUR TOWN,KARNATAKA,"Tributary Streams - Yagachi, Hemavathi, Shimsha, Thirumanimuthar, Vasista, Amravati, Akravathi, Kabini, Lakshmantirtha, Sarabanga, Bhavani, Arasalar, Papanasini, Kalindi, Adyar, Cooum, Vennar, Vaigai",,589.0,5.5,4.35,3.45,LAKSHMANTIRTHA,2023-06-30
2023,2772,RIVER LAKSHMANTIRTHA AT D/S OF KATTEMALAVADI,KARNATAKA,"Tributary Streams - Yagachi, Hemavathi, Shimsha, Thirumanimuthar, Vasista, Amravati, Akravathi, Kabini, Lakshmantirtha, Sarabanga, Bhavani, Arasalar, Papanasini, Kalindi, Adyar, Cooum, Vennar, Vaigai",,542.5,5.5,4.7,3.5,LAKSHMANTIRTHA,2023-06-30
2023,3572,RIVER LAKSHMANTIRTHA AT WATER SUPPLY INTAKE POINT TO HUNSUR TOWN,KARNATAKA,"Tributary Streams - Yagachi, Hemavathi, Shimsha, Thirumanimuthar, Vasista, Amravati, Akravathi, Kabini, Lakshmantirtha, Sarabanga, Bhavani, Arasalar, Papanasini, Kalindi, Adyar, Cooum, Vennar, Vaigai",,475.0,4.5,5.4,2.55,LAKSHMANTIRTHA,2023-06-30
2023,3024,"RIVER SARABANGA AT EDAPADI AT SALEM, D/S OF TEXTILE DYEING INDUSTRIES EFFLUENT, TAMILNADU",TAMIL NADU,"Tributary Streams - Yagachi, Hemavathi, Shimsha, Thirumanimuthar, Vasista, Amravati, Akravathi, Kabini, Lakshmantirtha, Sarabanga, Bhavani, Arasalar, Papanasini, Kalindi, Adyar, Cooum, Vennar, Vaigai",,,,3.1,,SARABANGA,2023-06-30
2023,10034,RIVER ADYAR AT EKKATTUTHANGAL,TAMIL NADU,"Tributary Streams - Yagachi, Hemavathi, Shimsha, Thirumanimuthar, Vasista, Amravati, Akravathi, Kabini, Lakshmantirtha, Sarabanga, Bhavani, Arasalar, Papanasini, Kalindi, Adyar, Cooum, Vennar, Vaigai",,,,1.95,,ADYAR,2023-06-30
2023,10035,RIVER ADYAR AT JAFERKHANPET,TAMIL NADU,"Tributary Streams - Yagachi, Hemavathi, Shimsha, Thirumanimuthar, Vasista, Amravati, Akravathi, Kabini, Lakshmantirtha, Sarabanga, Bhavani, Arasalar, Papanasini, Kalindi, Adyar, Cooum, Vennar, Vaigai",,,,1.5999999999999999,,ADYAR,2023-06-30
2023,10036,RIVER ADYAR AT MARAIMALAI BRIDGE,TAMIL NADU,"Tributary Streams - Yagachi, Hemavathi, Shimsha, Thirumanimuthar, Vasista, Amravati, Akravathi, Kabini, Lakshmantirtha, Sarabanga, Bhavani, Arasalar, Papanasini, Kalindi, Adyar, Cooum, Vennar, Vaigai",,,,2.1,,ADYAR,2023-06-30
2023,10038,RIVER ADYAR AT KOTTURPURAM BRIDGE,TAMIL NADU,"Tributary Streams - Yagachi, Hemavathi, Shimsha, Thirumanimuthar, Vasista, Amravati, Akravathi, Kabini, Lakshmantirtha, Sarabanga, Bhavani, Arasalar, Papanasini, Kalindi, Adyar, Cooum, Vennar, Vaigai",,,,1.5,,ADYAR,2023-06-30
2023,10039,RIVER ADYAR NEAR BOAT CLUB,TAMIL NADU,"Tributary Streams - Yagachi, Hemavathi, Shimsha, Thirumanimuthar, Vasista, Amravati, Akravathi, Kabini, Lakshmantirtha, Sarabanga, Bhavani, Arasalar, Papanasini, Kalindi, Adyar, Cooum, Vennar, Vaigai",,,,2.1999999999999997,,ADYAR,2023-06-30
2023,10040,RIVER COOUM AT ANNA NAGAR,TAMIL NADU,"Tributary Streams - Yagachi, Hemavathi, Shimsha, Thirumanimuthar, Vasista, Amravati, Akravathi, Kabini, Lakshmantirtha, Sarabanga, Bhavani, Arasalar, Papanasini, Kalindi, Adyar, Cooum, Vennar, Vaigai",,,,1.0999999999999999,,COOUM,2023-06-30
2023,10041,RIVER COOUM AT ARUMBAKKAM,TAMIL NADU,"Tributary Streams - Yagachi, Hemavathi, Shimsha, Thirumanimuthar, Vasista, Amravati, Akravathi, Kabini, Lakshmantirtha, Sarabanga, Bhavani, Arasalar, Papanasini, Kalindi, Adyar, Cooum, Vennar, Vaigai",,,,1.3499999999999999,,COOUM,2023-06-30
2023,10042,RIVER COOUM AT AMANJIKARAI,TAMIL NADU,"Tributary Streams - Yagachi, Hemavathi, Shimsha, Thirumanimuthar, Vasista, Amravati, Akravathi, Kabini, Lakshmantirtha, Sarabanga, Bhavani, Arasalar, Papanasini, Kalindi, Adyar, Cooum, Vennar, Vaigai",,,,2.35,,COOUM,2023-06-30
2023,10043,RIVER COOUM AT POONAMALLE,TAMIL NADU,"Tributary Streams - Yagachi, Hemavathi, Shimsha, Thirumanimuthar, Vasista, Amravati, Akravathi, Kabini, Lakshmantirtha, Sarabanga, Bhavani, Arasalar, Papanasini, Kalindi, Adyar, Cooum, Vennar, Vaigai",,,,1.8499999999999999,,COOUM,2023-06-30
2023,10044,RIVER COOUM AT COLLAGE ROAD,TAMIL NADU,"Tributary Streams - Yagachi, Hemavathi, Shimsha, Thirumanimuthar, Vasista, Amravati, Akravathi, Kabini, Lakshmantirtha, Sarabanga, Bhavani, Arasalar, Papanasini, Kalindi, Adyar, Cooum, Vennar, Vaigai",,,,1.75,,COOUM,2023-06-30
2023,10045,RIVER COOUM NEAR CENTRAL JAIL,TAMIL NADU,"Tributary Streams - Yagachi, Hemavathi, Shimsha, Thirumanimuthar, Vasista, Amravati, Akravathi, Kabini, Lakshmantirtha, Sarabanga, Bhavani, Arasalar, Papanasini, Kalindi, Adyar, Cooum, Vennar, Vaigai",,,,0.65,,COOUM,2023-06-30
2023,10046,RIVER COOUM AT NAPIER BRIDGE,TAMIL NADU,"Tributary Streams - Yagachi, Hemavathi, Shimsha, Thirumanimuthar, Vasista, Amravati, Akravathi, Kabini, Lakshmantirtha, Sarabanga, Bhavani, Arasalar, Papanasini, Kalindi, Adyar, Cooum, Vennar, Vaigai",,,,1.4,,COOUM,2023-06-30
2023,10059,RIVER VAIGAI AT MADURAI U/S,TAMIL NADU,"Tributary Streams - Yagachi, Hemavathi, Shimsha, Thirumanimuthar, Vasista, Amravati, Akravathi, Kabini, Lakshmantirtha, Sarabanga, Bhavani, Arasalar, Papanasini, Kalindi, Adyar, Cooum, Vennar, Vaigai",,480.0,2.0,6.05,0.515,VAIGAI,2023-06-30
2023,10060,RIVER VAIGAI AT MADURAI D/S,TAMIL NADU,"Tributary Streams - Yagachi, Hemavathi, Shimsha, Thirumanimuthar, Vasista, Amravati, Akravathi, Kabini, Lakshmantirtha, Sarabanga, Bhavani, Arasalar, Papanasini, Kalindi, Adyar, Cooum, Vennar, Vaigai",,,,6.0,0.865,VAIGAI,2023-06-30
2023,10057,RIVER VENNAR AT THANJAVUR U/S,TAMIL NADU,"Tributary Streams - Yagachi, Hemavathi, Shimsha, Thirumanimuthar, Vasista, Amravati, Akravathi, Kabini, Lakshmantirtha, Sarabanga, Bhavani, Arasalar, Papanasini, Kalindi, Adyar, Cooum, Vennar, Vaigai",,,,6.699999999999999,1.375,VENNAR,2023-06-30
2023,10058,RIVER VENNAR AT THANJAVUR D/S,TAMIL NADU,"Tributary Streams - Yagachi, Hemavathi, Shimsha, Thirumanimuthar, Vasista, Amravati, Akravathi, Kabini, Lakshmantirtha, Sarabanga, Bhavani, Arasalar, Papanasini, Kalindi, Adyar, Cooum, Vennar, Vaigai",,,,6.6,0.735,VENNAR,2023-06-30
2023,5578,"RIVER SHIMSHA DOWNSTREAM OF MADDUR NEAR VYDYANATHESWARA TEMPLE ROAD BRIDGE,MAYDYA",KARNATAKA,"Tributary Streams - Yagachi, Hemavathi, Shimsha, Thirumanimuthar, Vasista, Amravati, Akravathi, Kabini, Lakshmantirtha, Sarabanga, Bhavani, Arasalar, Papanasini, Kalindi, Adyar, Cooum, Vennar, Vaigai",,685.5,4.75,5.65,4.0,SHIMSHA DOWNSTREAM OF MADDUR,2023-06-30
2023,4501,"RIVER ARKAVATHI AT MANCHANBELE RESERVOIR, MANCHANABALE DAM",KARNATAKA,"Tributary Streams - Yagachi, Hemavathi, Shimsha, Thirumanimuthar, Vasista, Amravati, Akravathi, Kabini, Lakshmantirtha, Sarabanga, Bhavani, Arasalar, Papanasini, Kalindi, Adyar, Cooum, Vennar, Vaigai",,,,4.3,,ARKAVATHI,2023-06-30
2023,1208,"RIVER BHAVANI AT ELACHIVAZHY, PALAKKAD",KERALA,"Tributary Streams - Yagachi, Hemavathi, Shimsha, Thirumanimuthar, Vasista, Amravati, Akravathi, Kabini, Lakshmantirtha, Sarabanga, Bhavani, Arasalar, Papanasini, Kalindi, Adyar, Cooum, Vennar, Vaigai",,160.0,1.7,7.7,0.38,BHAVANI,2023-06-30
2023,5228,"RIVER KABANI AT MUTHANGA,WAYANAD",KERALA,"Tributary Streams - Yagachi, Hemavathi, Shimsha, Thirumanimuthar, Vasista, Amravati, Akravathi, Kabini, Lakshmantirtha, Sarabanga, Bhavani, Arasalar, Papanasini, Kalindi, Adyar, Cooum, Vennar, Vaigai",,124.5,1.5,6.800000000000001,0.3,KABANI,2023-06-30
2023,5229,"RIVER KABANI AT BANASURA SAGAR DAM AT KALPETTA,WAYANAD",KERALA,"Tributary Streams - Yagachi, Hemavathi, Shimsha, Thirumanimuthar, Vasista, Amravati, Akravathi, Kabini, Lakshmantirtha, Sarabanga, Bhavani, Arasalar, Papanasini, Kalindi, Adyar, Cooum, Vennar, Vaigai",,30.0,1.3,6.85,0.3,KABANI,2023-06-30
2023,5227,"RIVER KALINDI AT BAVALI, WAYANAD",KERALA,"Tributary Streams - Yagachi, Hemavathi, Shimsha, Thirumanimuthar, Vasista, Amravati, Akravathi, Kabini, Lakshmantirtha, Sarabanga, Bhavani, Arasalar, Papanasini, Kalindi, Adyar, Cooum, Vennar, Vaigai",,134.5,1.4,7.1,0.3,KALINDI,2023-06-30
2023,5226,"RIVER PAPANASINI AT THIRUNELLY, WAYANAD",KERALA,Subarnrekha,,76.0,1.25,7.45,0.3,PAPANASINI,2023-06-30
2023,30053,RIVER THENPENNAIYAR AT CHOKKARASANAHALLI BRIDGE (BANGALORE),KARNATAKA,Subarnrekha,,,,0.3,,THENPENNAIYAR,2023-06-30
2023,1641,RIVER SUBARNAREKHA AT RAJGHAT (THENGUDIA),ODISHA,Subarnrekha,,293.5,1.4500000000000002,7.8,0.62,SUBARNAREKHA,2023-06-30
2023,2385,RIVER SUBARNAREKHA AT NAMKUM ROAD BRIDGE,JHARKHAND,Subarnrekha,,,2.7,5.65,0.0,SUBARNAREKHA,2023-06-30
2023,2386,RIVER SUBARNAREKHA AT MURI ROAD BRIDGE,JHARKHAND,Subarnrekha,,,2.2,7.25,0.0,SUBARNAREKHA,2023-06-30
2023,2387,RIVER SUBARNAREKHA AT GHATISLA ROAD BRIDGE,JHARKHAND,Subarnrekha,,308.0,,7.65,,SUBARNAREKHA,2023-06-30
2023,2395,RIVER SUBARNAREKHA AT HATIA DAM,JHARKHAND,Subarnrekha,,,1.75,7.4,0.0,SUBARNAREKHA,2023-06-30
2023,2397,RIVER SUBARNAREKHA AT GATALSUD DAM,JHARKHAND,Subarnrekha,,,2.3499999999999996,7.25,0.0,SUBARNAREKHA,2023-06-30
2023,2399,RIVER SUBARNAREKHA AT CHANDIL DAM,JHARKHAND,Subarnrekha,,282.5,1.7,8.25,0.0,SUBARNAREKHA,2023-06-30
2023,4743,"RIVER SUBARNAREKHA U/S HCL GHATSHILA, E.S",JHARKHAND,Subarnrekha,,253.5,2.0,7.6,0.0,SUBARNAREKHA,2023-06-30
2023,4744,RIVER SUBARNAREKHA BEFORE MEETING KHARKAI RIVER,JHARKHAND,Subarnrekha,,288.5,2.3,7.7,0.0,Subarnrekha,2023-06-30
2023,4746,RIVER SUBARNAREKHA AFTER CONFLUENCE OF KHARKAI RIVER,JHARKHAND,Subarnrekha,,338.0,2.6999999999999997,7.45,0.0,Subarnrekha,2023-06-30
2023,4748,"RIVER SUBARNAREKHA AT BAHARAGORA ROAD BRIDGE, P.O- BAHARAGORA, E.S",JHARKHAND,Subarnrekha,,341.0,1.7,8.4,0.0,SUBARNAREKHA,2023-06-30
2023,4749,"RIVER SUBARNAREKHA, NEAR RING ROAD BRIDGE SEMBO, NAGRI, RANCHI",JHARKHAND,Subarnrekha,,,2.45,6.5,0.0,Subarnrekha,2023-06-30
2023,4084,"RIVER SURBARNREKHA AT HATIA ROAD BRIDGE, RANCHI",JHARKHAND,Subarnrekha,,,2.8,3.2,0.0,SURBARNREKHA,2023-06-30
2023,4750,RIVER SUBARNAREKHA NEAR INTAKE WELL HATIA RAILWAY,JHARKHAND,Subarnrekha,,,2.4,3.8,0.0,SUBARNAREKHA,2023-06-30
2023,4752,"RIVER SUBARNAREKHA NEAR OBERIA ROAD BRIDGE, HATIA RANCH",JHARKHAND,Subarnrekha,,,2.5,4.85,0.0,SUBARNAREKHA,2023-06-30
2023,30067,RIVER SUBARNAREKHA AT BEHRAGORA ODISHA-JHARKHAND,JHARKHAND,Subarnrekha,,286.0,1.5,,0.33999999999999997,SUBARNAREKHA,2023-06-30
2023,30068,RIVER SUBARNAREKHA AT GOPIBALLAVPUR (WEST BENGAL),WEST BENGAL,Subarnrekha,,273.0,1.0,,0.345,SUBARNAREKHA,2023-06-30
2023,30069,RIVER SUBARNAREKHA AT LAKHANNATH (ORISSA),ODISHA,Subarnrekha,,243.0,1.0,8.2,0.32,SUBARNAREKHA,2023-06-30
2023,4086,"RIVER SUBARNAREKHA U/S HINDALCO IND LTD, MURLI WORKS, CHHOTAMURI, RANCHI",JHARKHAND,Subarnrekha,,,2.4,7.65,0.0,SUBARNAREKHA,2023-06-30
2023,4756,"RIVER SUBARNAREKHA AT RUCCA DAM, RUCCA, RANCHI",JHARKHAND,Subarnrekha,,,2.4,7.8,0.0,SUBARNAREKHA,2023-06-30
2023,2423,RIVER BUDHABALANGA AT D/S OF BARIPADA TOWN,ODISHA,Subarnrekha,,236.0,1.75,7.199999999999999,0.435,BUDHABALANGA,2023-06-30
2023,3943,RIVER BUDHABALANGA AT BALASORE U/S,ODISHA,Subarnrekha,,254.0,1.75,7.6,0.59,BUDHABALANGA,2023-06-30
2023,3942,"RIVER SONO AT KANAKDURGA ROAD NEAR REMUNA, HATOGOND",ODISHA,Subarnrekha,,276.5,1.4500000000000002,6.4,0.625,SONO,2023-06-30
2023,2115,RIVER TAPTI AT NEPA NAGAR 100 METRE D/S AFTER MIXING PANDHAR NALLA,MADHYA PRADESH,Subarnrekha,,387.0,1.4,7.15,0.9949999999999999,TAPTI,2023-06-30
2023,4753,"RIVER HARMU NEAR HARMU BRIDGE, HARMU, RANCHI",JHARKHAND,Subarnrekha,,,,3.25,,HARMU,2023-06-30
2023,4754,RIVER HARMU BEFORE METTING TO SWARNREKHA RIVER,JHARKHAND,Subarnrekha,,,,3.95,,Subarnrekha,2023-06-30
