year,code,station,state,section_title,waterbody,temp_min,temp_max,do_min,do_max,ph_min,ph_max,cond_min,cond_max,bod_min,bod_max,nitrate_min,nitrate_max,fecal_min,fecal_max,total_coli_min,total_coli_max
2020,1001,BEAS AT U/S MANALI,HIMACHAL PRADESH,Beas,BEAS,3,13,8.7,11.5,7.5,8.1,61,119,BDL,BDL,BDL,0.66,11,58,32,280
2020,4444,RIVER BEAS D/S OF WPF AT MANALI,HIMACHAL PRADESH,Beas,BEAS,3,12,8,10.6,6.5,8.2,47,94,BDL,1,BDL,1.12,26,94,170,350
2020,4037,RIVER BEAS D/S MANALSU NALLAH,HIMACHAL PRADESH,Beas,BEAS,3,13,8.5,11.4,6.5,8.2,59,845,BDL,1,BDL,0.84,2,58,12,240
2020,2601,BEAS AT D/S MANALI,HIMACHAL PRADESH,Beas,BEAS,1,13,8.5,10.8,6.7,8,66,720,BDL,1,BDL,0.81,21,84,110,350
2020,2602,BEAS AT U/S KULLU,HIMACHAL PRADESH,Beas,BEAS,4,18,8.5,10.6,7.2,8,57,920,BDL,1,BDL,0.7,23,120,140,430
2020,4445,RIVER BEAS D/S OF WPF AT KULLU,HIMACHAL PRADESH,Beas,BEAS,4,20,8.5,10.2,7.3,7.9,60,139,BDL,1,BDL,1.16,32,220,130,920
2020,1002,BEAS AT D/S KULU,HIMACHAL PRADESH,Beas,BEAS,4,18,8.5,10,7.4,7.9,65,156,BDL,1,BDL,0.94,17,150,150,540
2020,1003,BEAS AT D/S AUT,HIMACHAL PRADESH,Beas,BEAS,5,12,8.4,9.9,7.1,7.8,51,141,BDL,1,BDL,1.19,21,94,94,350
2020,1004,BEAS AT U/S PANDON DAM,HIMACHAL PRADESH,Beas,BEAS,17,23,7.6,10.5,7.1,8,62,153,BDL,1,BDL,0.81,22,49,94,220
2020,2603,BEAS AT D/S PANDOH DAM,HIMACHAL PRADESH,Beas,BEAS,17,22,8.4,10.3,7.6,8,81,147,BDL,1,BDL,0.81,23,79,94,350
2020,1005,BEAS AT EXIT OF TUNNEL DEHAL POWER HOUSE,HIMACHAL PRADESH,Beas,BEAS,14,24,8.1,9.7,7.4,8.5,84,205,BDL,1,BDL,0.51,23,79,110,350
2020,1550,BEAS U/S MANDI,HIMACHAL PRADESH,Beas,BEAS,17,22,8.3,9.9,7.1,8.2,71,176,BDL,1,BDL,0.95,21,49,94,170
2020,1006,BEAS AT D/S MANDI,HIMACHAL PRADESH,Beas,BEAS,9,23,8.5,10.3,7.3,8.6,62,1582,BDL,1.2,BDL,1.48,13,350,220,1600
2020,2604,BEAS AT D/S JAISINGHPUR,HIMACHAL PRADESH,Beas,BEAS,11,24,8.5,9.2,7.7,8.2,112,378,BDL,1,BDL,1.35,2,4,21,49
2020,1007,BEAS AT D/S ALAMPUR,HIMACHAL PRADESH,Beas,BEAS,12,32,8.7,9.4,7.5,8.2,148,347,BDL,1,BDL,2.34,2,4,21,48
2020,3855,"BEAS D/S NADAUN BRIDGE, VILL BHADOLI",HIMACHAL PRADESH,Beas,BEAS,12,26,8,9.4,7.5,8.2,116,393,BDL,1,BDL,1.23,2,4,26,40
2020,1009,BEAS AT D/S PONG DAM,HIMACHAL PRADESH,Beas,BEAS,11.5,27.5,5.2,9.2,6.8,8,172,309,BDL,1,BDL,1.16,2,2,31,79
2020,1008,BEAS AT D/S DEHRAGOPIPUR,HIMACHAL PRADESH,Beas,BEAS,13,27,8.6,9.3,7.6,8.1,135,362,BDL,1,BDL,1.59,2,2,21,58
2020,4435,RIVER BEAS U/S SUJANPUR TIHRA,HIMACHAL PRADESH,Beas,BEAS,12.2,26,8.2,9.8,7.1,8.2,151,364,BDL,1,BDL,1.32,2,2,23,47
2020,4436,RIVER BEAS D/S SUJANPUR TIHRA,HIMACHAL PRADESH,Beas,BEAS,12.1,26,8.1,9.7,7.6,8.5,157,478,BDL,1,BDL,1.5,2,2,26,79
2020,4437,RIVER BEAS U/S NADAUM TOWN,HIMACHAL PRADESH,Beas,BEAS,7.6,28,8.2,9.9,7.3,8.3,199,587,BDL,1,BDL,0.97,2,2,22,48
2020,4438,RIVER BEAS D/S NADAUN TOWN AFTER CONFLUENCE OF MAAN KHAD,HIMACHAL PRADESH,Beas,BEAS,10,29,7.8,9.9,7.5,8.3,163,336,BDL,1,0.3,1.35,2,4,31,58
2020,4443,RIVER BEAS AT RAISON,HIMACHAL PRADESH,Beas,BEAS,3,13,8.5,11.5,7.2,8,52,136,BDL,1,BDL,0.75,31,70,170,280
2020,30083,BEAS AT TALWARA (PONG DAM),INTER-STATE,Beas,BEAS,23,23,9.2,9.2,8.1,8.1,194,194,1,1,BDL,1.66,2,2,31,31
2020,30084,"BEAS AT D/S CHANGARWA VILLAGE, (PUNJAB)",INTER-STATE,Beas,BEAS,33,33,8.1,8.1,7.2,7.2,244,244,1,1,BDL,1.4,92,92,220,220
2020,1693,"BEAS AT TALWARA H/W, PUNJAB",PUNJAB,Beas,BEAS,8,36,6.9,7.9,7.5,8.1,160,262,1,1.4,BDL,0.7,17,68,84,170
2020,1694,"BEAS AT U/S PATHANKOT, PUNJAB",PUNJAB,Beas,BEAS,10,36,6.6,8,7.4,7.9,219,394,1,1.4,0.5,0.8,20,68,70,250
2020,1010,"BEAS AT MIRTHAL BRIDGE, GURDASPUR",PUNJAB,Beas,BEAS,9,36,7.2,8.1,7.5,8.1,216,380,1,1.5,0.4,0.8,31,170,84,390
2020,1695,"BEAS D/S PATHANKOT, PUNJAB",PUNJAB,Beas,BEAS,10,35,6.8,7.8,7.4,8.1,232,390,1,1.7,0.4,0.9,58,130,170,490
2020,1294,"BEAS AT 1KM.D/S OF EFFL. DISH. POINT AT MUKERIAN ,",PUNJAB,Beas,BEAS,16.5,32.4,6.1,7.9,7.6,8,218,365,1,1.6,0.4,0.9,78,210,330,490
2020,4164,"BEAS RIVER, NR VILL KIRI AFGHANA, TEHSIL BATALA, GURDASPUR",PUNJAB,Beas,,17.9,31.3,6.4,8.3,7.6,8.1,213,321,1,1.4,0.5,0.9,78,210,210,490
2020,1012,BEAS AT 100M D/S INDUST. DISCH. GOINDWAL,PUNJAB,Beas,BEAS,11,33,7.1,8.8,7.6,8.1,197,270,1,1.3,BDL,0.7,78,210,220,490
2020,1696,"BEAS U/S GOINDWAL, PUNJAB",PUNJAB,Beas,BEAS,10,32,0.3,8.9,7.8,8.1,190,268,1,1.3,BDL,0.7,68,200,150,450
2020,1697,"BEAS AT HARIKE, PUNJAB",PUNJAB,Beas,BEAS,14,34,7.3,9.1,7.7,8.2,192,280,1,1.2,BDL,0.8,70,210,170,480
2020,3866,MANALSU NALLAH BEFORE CONFLUENCE TO RIVER BEAS,HIMACHAL PRADESH,Beas,CONFLUENCE,3,11,8.8,11.2,7,8.5,29,430,BDL,1,BDL,0.73,12,46,46,210
2020,3867,SARVARI NALLAH BEFORE CONFLUENCE TO RIVER BEAS,HIMACHAL PRADESH,Beas,CONFLUENCE,5,18,8.7,10.7,7,7.8,119,187,BDL,BDL,0.35,0.58,-,-,0.35,0.58
2020,3868,BARAGRAM NALLAH BEFORE CONFLUENCE TO RIVER BEAS,HIMACHAL PRADESH,Beas,CONFLUENCE,3,11,8.9,11.2,6.9,8.1,39,110,BDL,BDL,0.37,0.66,-,-,0.37,0.66
2020,1867,"SUTLEJ RIVER B/C WITH RIVER SPITI AT KHAB, DISTT. KINNAUR",HIMACHAL PRADESH,Sutlej,B/C WITH RIVER SPITI,6,9,9,9.5,7.2,8.4,962,4420,BDL,BDL,BDL,0.5,20,94,140,540
2020,2611,SUTLEJ AT KHAB,HIMACHAL PRADESH,Sutlej,SUTLEJ,6,9,9,9.6,7.2,8.4,355,3351,BDL,BDL,BDL,0.72,17,120,140,540
2020,3872,SUTLEJ RIVER D/S TIDONG HEP,HIMACHAL PRADESH,Sutlej,RIVER,7,11,7.8,9.4,7.6,8.4,228,3843,BDL,1,BDL,0.96,7,84,210,540
2020,4448,RIVER SUTLEJ U/S CONFLUENCES OF RIVER TIDONG HIMACHAL PRADESH,,Sutlej,SUTLEJ,7,11,8.1,9.4,7.4,8.5,348,4317,BDL,1,BDL,0.61,7,39,170,430
2020,4449,RIVER SUTLEJ D/S CONFLUENCES OF RIVER TIDONG HIMACHAL PRADESH,,Sutlej,SUTLEJ,7,11,8,9.3,7.7,8.5,338,4235,BDL,1,BDL,0.55,11,54,170,540
2020,4452,RIVER SUTLEJ U/S CONFLUENCES OF RIVER BASPA,HIMACHAL PRADESH,Sutlej,SUTLEJ,7,12,8.5,9.6,7.5,8.7,170,4165,BDL,1,BDL,0.47,9,79,170,920
2020,3871,SUTLEJ RIVER D/S POWER HOUSE KASHANG HEP,HIMACHAL PRADESH,Sutlej,RIVER,7,12,8.2,9,7.5,8.4,359,4304,BDL,1,BDL,0.56,7,47,130,540
2020,3870,RIVER SUTLEJ AT KARCHAM DRAIN,HIMACHAL PRADESH,Sutlej,SUTLEJ,8,12,8,9,7.8,8.6,124,4180,BDL,1,BDL,0.58,5,70,49,920
2020,1389,SUTLEJ AT NEPTHA ZAKHAI,HIMACHAL PRADESH,Sutlej,SUTLEJ,8,12,8,9,7.3,8.3,161,3698,BDL,1.4,BDL,0.69,14,110,140,920
2020,3869,SUTLEJ RIVER D/S TRT OF RAMPUR HYDEL ELECTRIC PROJECT,HIMACHAL PRADESH,Sutlej,RIVER,8,15,8.2,8.7,7.3,8.4,145,3828,BDL,1.1,0.26,1.06,11,700,180,920
2020,1086,SUTLEJ AT U/S RAMPUR,HIMACHAL PRADESH,Sutlej,SUTLEJ,8,14,8.4,9.1,7.4,8.4,152,2923,BDL,1.1,BDL,0.56,22,150,140,920
2020,1087,SUTLEJ AT D/S RAMPUR,HIMACHAL PRADESH,Sutlej,SUTLEJ,8.9,14,5,9.2,7.1,8.4,147,3759,BDL,1.6,BDL,0.92,2,170,39,1600
2020,1013,SUTLEJ AT U/S TATAPANI,HIMACHAL PRADESH,Sutlej,SUTLEJ,9,15,8,8.9,7.4,8.4,158,3745,BDL,1,BDL,0.56,11,79,280,920
2020,4446,RIVER SUTLEJ U/S IANDFILL SITE RAMPUR,HIMACHAL PRADESH,Sutlej,SUTLEJ,8,14,8.4,9.2,7.3,8.5,148,3721,BDL,1.6,BDL,0.91,13,45,130,920
2020,4447,RIVER STLUJ D/S LANDFILL SITE RAMPUR,HIMACHAL PRADESH,Sutlej,STLUJ,8,14,8.3,9,7.5,8.4,141,3763,BDL,6,BDL,1.03,4,110,13,1600
2020,1014,SUTLEJ AT U/S SLAPPER,HIMACHAL PRADESH,Sutlej,SUTLEJ,14,23,8.3,9.6,7.4,8.4,85,221,BDL,1,BDL,0.51,22,84,94,280
2020,1015,SUTLEJ AT D/S SLAPPER,HIMACHAL PRADESH,Sutlej,SUTLEJ,14,24,7.9,9.2,7.5,8.2,90,200,BDL,1,BDL,4.68,23,110,94,350
2020,1016,SUTLEJ AT D/S BHAKHRA,HIMACHAL PRADESH,Sutlej,SUTLEJ,15,23.4,7.7,9.8,7.1,8.2,137,310,BDL,1,BDL,1.21,2,4,21,84
2020,4032,U/S KHAIRIAN SOLID WASTE DUMPING SITE BILASPUR,HIMACHAL PRADESH,Sutlej,,15,23,7.5,9.8,7.7,8.6,77,406,BDL,1,BDL,1.24,23,150,94,350
2020,4033,D/S KHAIRIAN SOLID WASTE DUMPING SITE BILASPUR,HIMACHAL PRADESH,Sutlej,,16,22,8.2,10.6,7.4,8.3,173,400,BDL,1.2,BDL,2.53,23,170,120,540
2020,4451,RIVER SUTLEJ D/S CONFLUENCE WITH GANVI KHAD HIMACHAL PRADESH,,Sutlej,SUTLEJ,7,13,8.4,9.8,7.7,8.3,140,3810,BDL,1,BDL,0.66,11,42,79,920
2020,30009,SUTLEJ AT NANGAL (H.P.),INTER-STATE,Sutlej,SUTLEJ,,,8.9,10.2,7,8,223,1871,1,1.4,0.41,0.61,13,680,33,3300
2020,30010,SUTLEJ AT NOORPUR BEDI ROAD (PUNJAB),INTER-STATE,Sutlej,SUTLEJ,,,9.1,9.8,7.3,8.1,221,1888,1,1,0.31,0.51,8,1100,170,7000
2020,30087,"RIVER SUTLEJ U/S AT OLINDA, NEAR BHAKRA DAM, H.P.",INTER-STATE,Sutlej,SUTLEJ,24,24,8.9,8.9,7.1,7.1,181,181,1,1,-,-,2,2,34,34
2020,1814,"SUTLEJ AT D/S KIRATPUR SAHIB, PUNJAB",PUNJAB,Sutlej,SUTLEJ,11,29,7,10.6,7.3,8.4,194,306,1,1,1.1,2.69,82,230,250,700
2020,2915,"SUTLEJ AT 100 MT. D/S OF PACL, NANGAL, PUNJAB",PUNJAB,Sutlej,SUTLEJ,12,24,7.5,10.3,7.5,8.5,196,377,1,1.2,1.2,2.61,20,93,140,340
2020,1380,"SUTLEJ AT D/S NFL, PUNJAB",PUNJAB,Sutlej,SUTLEJ,12,23,8,9.9,7.7,10.2,190,376,1,1,1,3.2,20,110,140,330
2020,10020,RIVER SUTLEJ AT ANANDPUR SAHIB,PUNJAB,Sutlej,SUTLEJ,12,28,7.6,10,7.4,8.8,225,369,1,1,1.2,3.98,82,220,310,490
2020,10021,RIVER SUTLEJ AT BUNGA SAHIB,PUNJAB,Sutlej,SUTLEJ,12,19,7.4,10.5,7.6,8.5,190,271,1,1.2,1.3,1.86,100,260,330,630
2020,10022,RIVER SUTLEJ AT PHILLAUR U/S,PUNJAB,Sutlej,SUTLEJ,14,37,6.4,7.4,7,7.4,232,320,1,4,BDL,0.9,120,1700,280,4900
2020,10023,RIVER SUTLEJ AT PHAGWARA U/S (CHAHERU BRIDGE),PUNJAB,Sutlej,SUTLEJ,15,37,1.2,4,6.9,7.4,717,962,3.6,16,0.4,0.72,170,4000,790,11000
2020,10024,RIVER SUTLEJ AT PHAGWARA D/S (KANGANIWAL BRIDGE),PUNJAB,Sutlej,SUTLEJ,15,36,0.3,1,7.1,7.4,1003,1104,10,20,0.8,1.6,700,13000,2600,33000
2020,10027,RIVER SUTLEJ AT LUDHIANA U/S,PUNJAB,Sutlej,SUTLEJ,11,25,5.2,9.6,7.3,8.4,211,391,1,1.4,1.3,3.25,100,790,580,3500
2020,10028,RIVER SUTLEJ AT LUDHIANA D/S,PUNJAB,Sutlej,SUTLEJ,13,28,0.3,6.8,6.7,7.7,243,1219,2,27,1.2,579,33000,330000,94000,840000
2020,1017,"SUTLEJ AT 100M U/S OF HEADWORKS, NANGAL",PUNJAB,Sutlej,SUTLEJ,12,23,7.3,10.4,7.3,8.3,192,349,1,1,1,2.44,18,78,100,230
2020,1018,"SUTLEJ AT 100M D/S , NANGAL",PUNJAB,Sutlej,SUTLEJ,11,24,7.9,10.2,7.3,8.5,187,302,1,1,1.2,2.41,11,110,170,330
2020,1293,"SUTLEJ AT 1 KM. D/S OF ZENITH, PUNJAB",PUNJAB,Sutlej,SUTLEJ,11,22,6.5,9.9,7.3,8.5,204,421,1,1,1.2,2.56,170,780,580,2100
2020,1019,SUTLEJ AT U/S HEAD WORKS ROPAR,PUNJAB,Sutlej,SUTLEJ,11,19,6.4,10.2,7.4,8.5,213,341,1,1.6,1.2,3.18,130,460,470,1700
2020,1690,"SUTLEJ AT U/S BUDHA NALLAH (UPPER), PUNJAB",PUNJAB,Sutlej,SUTLEJ,11,27,6.3,9,7.4,8,221,436,1,3,1.3,2.6,170,1700,700,6300
2020,1020,"SUTLEJ AT 100M D/S BUDHA NALA CONFL., LUDHIANA",PUNJAB,Sutlej,SUTLEJ,13,31,0.3,4.1,6.6,7.6,306,1410,5,38,1.4,5.96,70000,1400000,170000,2200000
2020,1022,"SUTLEJ AT BRIDGE HARIKE, AMRITSAR",PUNJAB,Sutlej,SUTLEJ,11,29,4.1,7.2,6.8,8.2,264,438,1.2,4.2,1.1,3.74,260,2100,1100,7900
2020,10025,RIVER SUTLEJ AT JALANDHAR U/S (PEERU SHAH KA DARGA,PUNJAB,Sutlej,SUTLEJ,15,36,0.3,0.3,7.1,7.4,1060,1124,42,68,1.4,2.6,9300,46000,28000,94000
2020,1021,"SUTLEJ AT BOAT BDG. DHARMKOTNAKODAR ROAD, JALANDHAR",PUNJAB,Sutlej,SUTLEJ,12,30,1.8,5.8,6.9,8.2,292,642,1.8,14,1.1,2.4,11000,140000,58000,280000
2020,1381,"SUTLEJ AT D/S EAST BEIN, PUNJAB",PUNJAB,Sutlej,SUTLEJ,13,31,0.3,5.6,6.9,8,287,939,2.2,15,1.1,2.66,22000,110000,84000,540000
2020,1691,"SUTLEJ AT U/S HUSSANIWALA - H/W FEROZEPUR, PUNJAB",PUNJAB,Sutlej,SUTLEJ,11,30,6.2,11.8,7.5,8.5,227,269,1,1.4,1.1,2.45,92,400,580,1200
2020,1692,"SUTLEJ AT D/S HUSSANIWALA-H/W FEROZEPUR, PUNJAB",PUNJAB,Sutlej,SUTLEJ,10,39,6.4,11.6,7.4,8.5,229,268,1,1.5,1.1,2.3,110,400,610,1000
2020,1088,RAVI AT U/S MADHOPUR,HIMACHAL PRADESH,Sutlej,RAVI,10,32,6.9,9,6.9,7.9,118,265,BDL,1,BDL,1.16,2,4,22,63
2020,1089,RAVI AT U/S CHAMBA,HIMACHAL PRADESH,Sutlej,RAVI,3,16,8,9.5,7.3,8,101,281,BDL,1,BDL,6.2,2,2,20,33
2020,2614,RAVI AT CHAMERA RESERVOIR,HIMACHAL PRADESH,Sutlej,RAVI,3,20,8.1,9.4,7.6,7.8,123,232,BDL,1,BDL,1.21,2,4,25,110
2020,2615,RAVI AT D/S AT CHAMERA III HEP,HIMACHAL PRADESH,Sutlej,RAVI,3,16,8.2,9.8,7.3,8,101,303,BDL,1,BDL,3.1,2,2,21,46
2020,2613,RAVI AT D/S OF CHAMBA TOWN,HIMACHAL PRADESH,Sutlej,RAVI,3,16,7.8,9.5,6.8,7.8,127,328,BDL,1,BDL,2.09,2,4,26,41
2020,30085,RAVI AT MADHOPUR (PUNJAB),INTER-STATE,Sutlej,RAVI,33,33,8.1,8.1,7.8,7.8,159,159,1,1,BDL,0.5,20,20,94,94
2020,1097,"RAVI AT U/S OF MADHOPUR HEADWORKS, GURDASPUR, PUNJAB",PUNJAB,Sutlej,RAVI,6,34,7.9,8.6,7.4,8.1,138,212,1,1.2,BDL,0.6,18,81,61,170
2020,4059,"RANJIT SAGAR DAM, AT PANAGAR (BASOHIL)",JAMMU & KASHMIR,Sutlej,,21,21,7.6,7.6,7.6,7.6,198,198,BDL,BDL,BDL,BDL,-,-,-,-
2020,4082,"BAJU NALLAH AT KHOKHYAL NEAR BARAGE, CONFLUENCE POINT OF SAHAR-KHAD AND KATHUA CITY NALLAHS",JAMMU & KASHMIR,Sutlej,NALLAH,22,22,6.2,6.2,8.1,8.1,339,339,1.8,1.8,-,-,BDL,BDL,BDL,BDL
2020,4061,"RIVER RAVI AT LAKHANPUR, 1 km D/s FROM MADHOPUR BRIDGE",JAMMU & KASHMIR,Sutlej,RAVI,22,22,7.5,7.5,7.8,7.8,264,264,BDL,BDL,BDL,BDL,-,-,-,-
2020,1290,PARVATI BEFORE CONF. TO RIVER BEAS,HIMACHAL PRADESH,Sutlej,,3,11,8.5,10.6,6.7,7.6,34,100,BDL,1,BDL,0.53,21,70,70,220
2020,2605,PARVATI AT U/S MANIKARAN,HIMACHAL PRADESH,Sutlej,PARVATI,1,10,8.1,11.4,6.8,8.2,31,930,BDL,1,BDL,0.57,13,33,63,140
2020,2606,PARVATI AT D/S MANIKARAN,HIMACHAL PRADESH,Sutlej,PARVATI,1,10,7.9,11.4,6.8,7.6,35,91,BDL,1,BDL,0.61,17,40,70,170
2020,1090,"LARGI AT D/S, DWADA",HIMACHAL PRADESH,Sutlej,LARGI,6,15,8.6,10.5,7.3,8,53,860,BDL,1,BDL,0.67,17,79,94,280
2020,1551,"SIRSA RIVER , U/S SITOMAJRI NALLAHGARH",HIMACHAL PRADESH,Sutlej,,17,30,5.8,8.5,6.6,8,281,924,BDL,2.2,-,-,4,21,17,49
2020,1552,"SIRSA RIVER, D/S NALAGARH BRIDGE",HIMACHAL PRADESH,Sutlej,,18,35,5.6,9.8,7.4,8.2,484,12290,BDL,1.8,-,-,11,49,32,220
2020,1868,SIRSA RIVER AT D/S NALAGARH DISTT. SOLAN,HIMACHAL PRADESH,Sutlej,AT,18,36,5.8,9.9,7.1,8.2,423,1246,1,2.8,-,-,9,22,26,110
2020,2616,SIUEL AT D/S SURGANI,HIMACHAL PRADESH,Sutlej,SIUEL,3,18,8.2,9.4,7.3,7.9,129,246,BDL,1,BDL,1.25,2,2,21,63
2020,2607,SUKETI KHAD AT D/S MANDI,HIMACHAL PRADESH,Sutlej,KHAD,16,22,8.2,9.9,7.7,8.6,210,342,BDL,1,BDL,2.7,38,1600,280,1600
2020,2608,BINWA AT D/S PAPROLA/BAIJNATH,HIMACHAL PRADESH,Sutlej,BINWA,11,23,7.3,9.2,7.5,8,94,163,BDL,1,BDL,1.09,2,4,21,110
2020,2609,NEUGAL AT D/S THURAL,HIMACHAL PRADESH,Sutlej,NEUGAL,10,30,8.6,9.1,7.5,8.1,111,284,BDL,1,BDL,1.59,2,2,17,47
2020,2610,SPITI AT KHAB,HIMACHAL PRADESH,Sutlej,SPITI,6,8,9.4,9.9,7.4,8.4,357,2900,BDL,BDL,BDL,0.95,11,120,130,350
2020,2612,BASPA AT U/S RESERVOIR BASPA PROJECT,HIMACHAL PRADESH,Sutlej,BASPA,6,11,9.2,9.8,7.5,8.5,138,3651,BDL,1,BDL,0.64,2,46,33,350
2020,2755,"BANGANGA (BATHING GHAT), KATRA,",JAMMU & KASHMIR,Sutlej,,11,23,6.1,7.5,8.2,8.7,280,380,1.1,4.2,BDL,0.78,-,-,-,-
2020,2756,BANGANGA (IN FRONT OF PONY SHED NEAR REASI BRIDGE),JAMMU & KASHMIR,Sutlej,SHED,11,24,6.1,7.7,8.4,8.6,300,342,1.4,5.6,BDL,0.79,-,-,-,-
2020,2752,"BASANTER U/S (R.H.S) SAMBA (BELOW NH-1A BRIDGE),",JAMMU & KASHMIR,Sutlej,BASANTER,15,22,6.4,7.4,8.4,8.5,210,340,1,1.6,BDL,0.72,-,-,-,-
2020,2748,CHENAB AT L.H.S.(BELOW BRIDGE CHENAB),JAMMU & KASHMIR,Sutlej,CHENAB,13,16,8.2,9,7.8,8.1,126,180,BDL,BDL,BDL,BDL,-,-,-,-
2020,2749,CHENAB AT BLIND CURVE SHAMSHAN GHAT (1.5 KM U/S FR,JAMMU & KASHMIR,Sutlej,CHENAB,13,16,8,9.1,7.7,8.1,128,180,BDL,BDL,BDL,BDL,-,-,-,-
2020,2750,CHENAB RIVER AT CHADRA GAON VIEW POINT(4 KM U/S F,JAMMU & KASHMIR,Sutlej,RIVER,13,16,8,9.1,7.6,8.1,128,183,BDL,BDL,BDL,BDL,-,-,-,-
2020,2751,CHENAB AT JAL PATAN MANDIR AFTER MEETING WITH MAIN DRAIN OF AKHNOOR CITY(1.5 KMD/S FROM SPOT),JAMMU & KASHMIR,Sutlej,CHENAB,13,16,8.3,8.3,8.1,8.2,104,184,BDL,BDL,BDL,BDL,-,-,-,-
2020,2754,DEVAK RIVER UDHAMPUR(NEAR SHIV MANDIR D/S)L.H.S.,JAMMU & KASHMIR,Sutlej,MANDIR,16,24,5,6.7,7.3,7.9,430,540,3,7.2,0.3,1.9,-,-,-,-
2020,2757,DEVAK RIVER AT UTTERBEHNI,JAMMU & KASHMIR,Sutlej,RIVER,16,20,8.1,8.2,8.6,8.8,386,400,BDL,BDL,BDL,BDL,-,-,-,-
2020,2742,TAWI AT SHETALI LIFTING POINT NAGROTA(5KM U/S TAWI,JAMMU & KASHMIR,Sutlej,TAWI,14,23,7.7,9.1,7.4,8.2,100,286,BDL,BDL,BDL,BDL,-,-,-,-
2020,2743,TAWI AT BAGH-E-BAHU LIFTING POINT(1 KM U/S TAWI BRIDGE,JAMMU & KASHMIR,Sutlej,TAWI,14,23,7.3,9,7.2,8.3,110,373,BDL,BDL,BDL,BDL,-,-,-,-
2020,1412,"TAWI AT JAMMU U/S, (TAWI BRIDGE )",JAMMU & KASHMIR,Sutlej,TAWI,14.2,25,5.2,6.8,7.8,8.6,440,650,2,2.5,BDL,0.47,-,-,-,-
2020,2744,TAWI BELOW TAWI BRIDGE,JAMMU & KASHMIR,Sutlej,,14,24,6.5,8.2,7.2,8.7,114,380,1.5,2.8,BDL,BDL,-,-,-,-
2020,2745,TAWI BAGHWATI NAGAR (2KM D/S TAWI BRIDGE,JAMMU & KASHMIR,Sutlej,,14,24,5.2,8,7.7,8.9,120,705,3,8.5,BDL,0.3,-,-,-,-
2020,2746,TAWI AT BELICHARANA(4KM D/S TAWI BRIDGE),JAMMU & KASHMIR,Sutlej,TAWI,14,24,7.2,8.5,7.5,8.7,116,353,BDL,1,BDL,BDL,-,-,-,-
2020,2747,TAWI AT SURAJPUR CHATHA(10 KM D/S TAWI BRIDGE)BELO,JAMMU & KASHMIR,Sutlej,TAWI,14,24,7.5,8.6,7.5,8.6,118,350,BDL,BDL,BDL,1,-,-,-,-
2020,1307,RIVER CHUNT KOL (MAULANA AZAD BRIDGE),JAMMU & KASHMIR,Sutlej,,16.9,27,1.5,5.5,7.1,7.5,131,320,2.5,6.8,-,-,-,-,-,-
2020,1306,"RIVER GAWKADAL, SRG (SHERGHARI, SRG)",JAMMU & KASHMIR,Sutlej,,15.5,21.5,4.1,6.7,7.0,8.1,123,333,2.0,3.7,-,-,-,-,-,-
2020,1304,RIVER JHELUM AT ANANTNAG D/S,JAMMU & KASHMIR,Sutlej,JHELUM,12,22,5.5,8.5,7.2,7.7,156,425,1.3,4.3,-,-,-,-,-,-
2020,1410,"RIVER JHELUM AT DALAGATE (INLET), SRINAGAR",JAMMU & KASHMIR,Sutlej,JHELUM,14.8,22,4.7,9.8,7.1,8.8,126,321,1.5,3.3,-,-,-,-,-,-
2020,1411,RIVER JHELUM AT CHATTABAL WEIR (OUTLET,JAMMU & KASHMIR,Sutlej,JHELUM,14.1,28.1,4.2,6.5,7.1,7.8,125,335,1.7,3.1,-,-,-,-,-,-
2020,3272,RIVER JHELUM AT VERINAG,JAMMU & KASHMIR,Sutlej,JHELUM,12,18,6.3,8.0,7.1,7.6,270,355,BDL,BDL,-,-,-,-,-,-
2020,3273,"RIVER JHELUM AT SANGAM, CONFLUENCE POINT OF VISHAV NALLAH",JAMMU & KASHMIR,Sutlej,JHELUM,11,23,5,7,7.2,7.7,113,318,1.5,2.0,-,-,-,-,-,-
2020,3274,RIVER JHELUM AT AWANTIPORA,JAMMU & KASHMIR,Sutlej,JHELUM,11,22.5,4.9,6,7.5,7.6,192,277,1.6,2.1,-,-,-,-,-,-
2020,3275,RIVER JHELUM AT PAMPORE,JAMMU & KASHMIR,Sutlej,JHELUM,10,25.5,4.6,7.7,7.3,7.6,106,312,1.7,2.6,-,-,-,-,-,-
2020,3276,"RIVER JHELUM AT SOPORE, CONFLUENCE POINT OF WULAR LAKE",JAMMU & KASHMIR,Sutlej,JHELUM,11.8,25.8,4.3,8.5,7.2,7.6,165,300,1.5,3.0,-,-,-,-,-,-
2020,3277,RIVER JHELUM AT BARAMULLA D/S,JAMMU & KASHMIR,Sutlej,JHELUM,12,25.5,5,6.6,7.2,7.7,175,370,1.8,3.2,-,-,-,-,-,-
2020,4053,RIVER JHELUM AT BIJEHARA,JAMMU & KASHMIR,Sutlej,JHELUM,11,22,4.9,6.5,7.5,7.6,163,363,1.3,2.0,-,-,-,-,-,-
2020,4054,RIVER JHELUM AT PANTHACHOWK,JAMMU & KASHMIR,Sutlej,JHELUM,1,22,5.2,7,7.3,7.7,106,310,1.8,3.2,-,-,-,-,-,-
2020,3278,RIVER LIDDER AT LARIPORA,JAMMU & KASHMIR,Sutlej,LIDDER,10.1,14.4,7.1,8.7,7.6,7.9,87,141,BDL,BDL,-,-,-,-,-,-
2020,3279,RIVER LIDDER AT CLUB PARK,JAMMU & KASHMIR,Sutlej,LIDDER,9.8,14.5,6.8,8.5,7.4,7.9,92,142,BDL,BDL,-,-,-,-,-,-
2020,3280,RIVER LIDDER AT BUS ADDA,JAMMU & KASHMIR,Sutlej,LIDDER,10.3,14.8,7.0,8.2,7.2,7.9,80,166,BDL,1.1,-,-,-,-,-,-
2020,3281,"RIVER LIDDER AT YANEER, D/S OF PHALGUM",JAMMU & KASHMIR,Sutlej,LIDDER,13.0,17.3,7.1,8.9,7.2,8.3,71,122,BDL,BDL,-,-,-,-,-,-
2020,3282,"RIVER LIDDER NERA BUMZOO, ANANTNAG",JAMMU & KASHMIR,Sutlej,,14,18.7,6.4,8.8,7.3,8.0,88,192,BDL,1.2,-,-,-,-,-,-
2020,4051,RIVER LIDDER AT NUNWAN,JAMMU & KASHMIR,Sutlej,LIDDER,13.2,15.8,7.3,8.8,7.5,7.9,74,110,BDL,1.0,-,-,-,-,-,-
2020,4052,RIVER LIDDER NEAR LAVENDER PARK,JAMMU & KASHMIR,Sutlej,LIDDER,10.3,14.6,7.3,8.5,7.5,7.9,91,142,BDL,BDL,-,-,-,-,-,-
2020,3283,RIVER SINDH AT SONAMARG U/S,JAMMU & KASHMIR,Sutlej,SINDH,6.8,14.2,6.6,8.4,7.2,8.0,136,347,BDL,1.1,-,-,-,-,-,-
2020,3284,RIVER SINDH AT SONAMARG D/S,JAMMU & KASHMIR,Sutlej,SINDH,6,14.1,6.9,8.5,7.8,8,140,346,BDL,BDL,-,-,-,-,-,-
2020,3285,RIVER SINDH AT WAIL BRIDGE,JAMMU & KASHMIR,Sutlej,SINDH,11.6,18.4,6.8,8.8,7.7,7.9,147,255,BDL,1.2,-,-,-,-,-,-
2020,3286,RIVER SINDH AT DUDERHAMA,JAMMU & KASHMIR,Sutlej,SINDH,12.5,19.1,6.7,8,7.4,7.7,209,345,1,1.5,-,-,-,-,-,-
2020,3287,"RIVER SINDH AT RANGIL, SRINAGAR",JAMMU & KASHMIR,Sutlej,SINDH,10.2,19.9,5.7,8.7,7.4,7.7,117,283,BDL,1.1,-,-,-,-,-,-
2020,2758,"RIVER UJH AT DAM SITE(L.H.S.), KATHUA",JAMMU & KASHMIR,Sutlej,UJH,20,20,7.8,7.8,7.8,7.8,238,238,BDL,BDL,-,-,-,-,-,-
2020,1870,"SUKHANA RIVER AT PARWANOO, DISTT. SOLAN",HIMACHAL PRADESH,At Parwanoo,RIVER,17,19,5.2,7,6.2,8.1,284,855,BDL,3.8,-,-,7,21,32,70
2020,4161,CONFLUENCE POINT OF SARSA NADI WITH RIVER SUT,PUNJAB,At Parwanoo,,11,20,7,10.5,7.5,8.5,239,505,1,1,1.3,3.52,91,370,310,1100
2020,3856,SWAN RIVER U/S GAGRET,HIMACHAL PRADESH,At Parwanoo,RIVER,22,30,6.5,8.1,7.7,8,332,497,BDL,1,0.4,3.71,2,6,33,130
2020,3857,SWAN RIVER D/S GAGRET,HIMACHAL PRADESH,At Parwanoo,RIVER,22,29,6,8.2,7.7,8,345,490,BDL,1,0.42,4.14,2,6,41,150
2020,3858,SWAN RIVER U/S SANTOSHGARH BRIDGE,HIMACHAL PRADESH,At Parwanoo,RIVER,21,30,6.3,8.3,7.6,8.2,385,773,BDL,1,0.41,2.34,2,4,32,120
2020,3859,SWAN RIVER U/S UNA TOWN GHALLUWAL BRIDGE,HIMACHAL PRADESH,At Parwanoo,RIVER,20,30,6.1,9.1,7.7,8,338,462,BDL,10,0.41,2.7,2,6,27,240
2020,4030,SWAN RIVER B/C OF GARNI KHAD,HIMACHAL PRADESH,At Parwanoo,,21.5,31,6.3,8.2,7.8,8.1,318,526,BDL,1,0.53,3.7,2,4,33,110
2020,4031,SWAN RIVER A/C GARNI KHAD,HIMACHAL PRADESH,At Parwanoo,,21,28,6.1,8.3,7.6,8,326,500,BDL,1,0.47,2.9,2,4,39,130
2020,4433,SWAN RIVER D/S OF UNA AT RAMPUR BRIDGE,HIMACHAL PRADESH,At Parwanoo,D/S OF UNA,20,30,6.1,8.3,7.7,8.3,358,487,BDL,1,0.54,1.6,2,4,34,130
2020,1869,SWAN RIVER AT D/S NANGAL DISTT. UNA,HIMACHAL PRADESH,At Parwanoo,AT,21,34,7,8.1,7.4,7.9,355,589,BDL,1,0.55,1.81,2,6,39,210
2020,4038,RIVER TIRTHAN B/C TO RIVER SUTLEJ,HIMACHAL PRADESH,At Parwanoo,,6,16,8.5,10.1,7.3,8.1,65,257,BDL,1,BDL,0.8,13,40,70,170
2020,2617,PABBAR AT U/S DHAMBARI,HIMACHAL PRADESH,At Parwanoo,PABBAR,5,16,8.6,9.5,7.4,8.4,51,7578,BDL,1,BDL,0.79,2,27,20,240
2020,2618,PABBAR AT U/S ROHRU,HIMACHAL PRADESH,At Parwanoo,PABBAR,8,19,8,12.8,7.3,8.2,45,8729,BDL,1,BDL,0.72,9,33,76,350
2020,4039,RIVER PABBAR U/S HATKOTI,HIMACHAL PRADESH,At Parwanoo,PABBAR,11,23,7.5,13.8,7.2,8.1,67,1179,BDL,1,BDL,2.06,9,34,84,540
2020,4464,ALHI RIVER-NOG(NEAR WATER SUPPLY SCHEME INTAKE) TRIUTARY OF RIVER SUTLEJ,HIMACHAL PRADESH,At Parwanoo,,16,23,8,9.2,7.9,8.8,60,415,BDL,1,BDL,4.95,17,49,110,220
2020,4465,HARABAGH(INTAKE FROM BBMB SOURCE-BBMB ADIT HARABGH) WATER SPRING,HIMACHAL PRADESH,At Parwanoo,,16,22,7.5,9.1,7.2,8.5,265,565,BDL,1,BDL,0.62,13,38,94,170
2020,4036,"KUNNI PUL, VILL SAMAHU, PO KUNIHAR, TEHSIL ARKI",HIMACHAL PRADESH,At Parwanoo,,16,19,7.1,8.2,7,8.5,279,1862,BDL,1.6,-,-,3,13,14,31
2020,4479,ASHWANI RIVER AT SADHUPUL (U/S OF BRIDGE TOWARDS CHAIL. ),HIMACHAL PRADESH,At Parwanoo,RIVER,17,19,5.8,7.8,6.4,9,256,636,BDL,2.4,-,-,2,68,10,38
2020,2620,ASHWANI AT U/S YASHWANT NAGAR,HIMACHAL PRADESH,At Parwanoo,ASHWANI,17,19,5.8,8,6.6,8.6,204,1946,BDL,1.8,-,-,2,14,21,41
2020,4024,MANJHI KHAD D/S DHARAMSHALA AT CHETRU,HIMACHAL PRADESH,At Parwanoo,KHAD,9,20,8.1,9,7.1,8.4,82,263,BDL,1,BDL,1.06,2,2,24,47
2020,4025,MOL KHAD U/S PALAMPU,HIMACHAL PRADESH,At Parwanoo,KHAD,9,23,7.2,8.9,7.6,8,102,181,BDL,1,BDL,1.7,2,2,20,58
2020,4026,MOL KHAD D/S PALAMPU,HIMACHAL PRADESH,At Parwanoo,KHAD,9,24,7.4,9,7.5,8.1,115,154,BDL,1,BDL,0.49,2,2,24,46
2020,4060,DAM-SITE AT THEIN,JAMMU & KASHMIR,At Parwanoo,SITE,21,21,7.4,7.4,7.5,7.5,196,196,BDL,BDL,BDL,BDL,-,-,-,-
2020,4457,BANER KHAD U/S CHAMUNDA TEMPLE,HIMACHAL PRADESH,At Parwanoo,KHAD,8,20,6.9,9.1,7.1,7.9,94,206,BDL,1,BDL,1.02,2,2,17,40
2020,4458,BANER KHAD D/S CHAMUNDA TEMPLE,HIMACHAL PRADESH,At Parwanoo,KHAD,8,20,6.8,9.1,7.1,8,94,233,BDL,1,BDL,0.83,2,2,25,46
2020,4460,CHARAN KHAND U/S BHAGSUNAG,HIMACHAL PRADESH,At Parwanoo,KHAND,9,19.5,7.8,9.2,6.9,8.1,62,110,BDL,1,BDL,1.08,2,2,13,48
2020,4428,U/S OF WEIR SITE OF WTP NEAR ASHWANI BRIDGE,HIMACHAL PRADESH,At Parwanoo,WTP,9,25,7.2,8.9,6.9,8.2,80,4306,BDL,5.4,0.39,7.5,13,240,110,1600
2020,4429,D/S OF ASHWANI KHAD (AFTER CONFLUENCE OF LIFT NALLAH),HIMACHAL PRADESH,At Parwanoo,,11.5,27,6.8,8.4,6.9,8.1,390,5919,1.8,75,1.04,8.88,70,1600,920,1600
2020,4424,RAW WATER FROM AT GUMMA NAUTI KHAD,HIMACHAL PRADESH,At Parwanoo,FROM,10,28,7.7,9.5,8.1,8.8,305,3624,BDL,1,BDL,1.87,2,33,11,920
2020,4432,DHAULI KHAD AT CHARAN GANGA MEDI,HIMACHAL PRADESH,At Parwanoo,KHAD,21,27,6.5,8.1,7.8,8.1,348,764,BDL,1,BDL,1.44,2,4,26,84
2020,4431,SHIKARI BEFORE CONFLUENCE TO RIVER PABBAR NEAR HRTC ROHRU BUS STAND,HIMACHAL PRADESH,At Parwanoo,PABBAR,11,28,7.1,10.6,7.4,8.2,132,1976,BDL,1.8,BDL,2.08,14,1600,150,1600
2020,2626,BATTA AT U/S PAONTA,HIMACHAL PRADESH,At Parwanoo,BATTA,11,35,7,9,7.1,7.7,308,443,BDL,2.2,BDL,1.08,6,220,26,1100
2020,2627,BATTA BEFORE CONFLUENCE TO YAMUNA,HIMACHAL PRADESH,At Parwanoo,CONFLUENCE,14,33,6.9,8.4,7.2,7.7,238,448,BDL,2.4,BDL,1.28,11,70,38,170
2020,2913,"KALI BEIN FALLING INTO RIVER BEAS, PUNJAB",PUNJAB,At Parwanoo,,15,38,3.7,5.7,7.2,7.9,254,402,2,3.4,0.6,1.6,210,2100,1100,8400
2020,1491,"BHAGIRATHI AT GANGOTRI,",UTTARAKHAND,Ganga,BHAGIRATHI,-,-,9.8,9.8,7.1,7.1,109,109,1.5,1.5,0.32,0.32,2,2,2,2
2020,1484,ALAKNANDA B/C MANDAKINI AT RUDRA PRAYAG,UTTARAKHAND,Ganga,MANDAKINI,12,19,9.2,10.8,7.3,8,173,303,1,1,BDL,BDL,2,2,2,2
2020,1486,ALAKNANDA A/C MANDAKINI AT RUDRAPRAYAG,UTTARAKHAND,Ganga,MANDAKINI,13,20,10,10.8,7.4,8,116,284,1,1,BDL,0.35,2,2,2,2
2020,1487,ALAKNANDA B/C TO BHAGIRATHI AT DEVPRAYAG,UTTARAKHAND,Ganga,BHAGIRATHI,15,20,9,12.8,7.3,8.1,87,223,BDL,1,BDL,BDL,2,2,2,2
2020,1060,"GANGA AT RISHIKESH U/S,",UTTARAKHAND,Ganga,GANGA,16,26,8.8,11.6,7.1,8.4,79,194,BDL,1,BDL,2.9,2,26,2,50
2020,1485,"MANDAKINI B/C ALKALNADA AT RUDRAPRAYAG,",UTTARAKHAND,Ganga,ALKALNADA,12,20,9.4,10.6,7.4,7.8,111,207,1,1,BDL,BDL,2,2,2,2
2020,10147,RIVER GANGA D/S RISHIKESH,UTTARAKHAND,Ganga,GANGA,17,25,8.8,10.6,7,8.3,91,211,BDL,4,BDL,0.75,2,30,2,50
2020,2725,"GANGA RIVER AFTER CONFLUENCE OF RIVER SONG NEAR SATYANARAYAN TEMPLE, D/s RAIWALA, DEHRADUN",UTTARAKHAND,Ganga,AFTER CONFLUENCE OF RIVER SONG,17,29,8.2,10.8,7.1,8.4,164,726,1,2,BDL,2.59,2,84,2,140
2020,3997,"RIVER GANGA U/S HARIDWAR AT ABINDUGHAT, DUDHIYABAD, HARIDWAR",UTTARAKHAND,Ganga,GANGA,19,27,8.2,10.4,7.4,8.1,114,275,1,1.2,BDL,0.43,30,60,60,110
2020,10148,RIVER GANGA AT HAR-KI-PAURI GHAT,UTTARAKHAND,Ganga,GANGA,17,27,8,10.8,7.3,8,96,396,BDL,1.2,BDL,0.36,2,60,2,90
2020,1061,"GANGA AT HARIDWAR D/S, UPPER GANGA CANAL D/S BALKUMARI MANDIR, AJEETPUR, HARIDWAR",UTTARAKHAND,Ganga,GANGA,16,29,8,10.6,7.1,8,103,441,1,2.2,BDL,0.53,2,110,2,170
2020,30005,GANGA AT SULTANPUR (UTTARAKHAND),INTER-STATE,Ganga,GANGA,-,-,8.4,9.1,6.8,7.7,150,281,1,4.2,0.31,1.61,68,4900,450,54000
2020,30006,GANGA AT BIJNOR (U.P.),INTER-STATE,Ganga,GANGA,-,-,8.6,9,7.3,7.7,179,211,1,1.6,BDL,1.31,78,1300,1300,5400
2020,10150,"RIVER GANGA AT MADHYA GANGA BARRAGE, BIJNOR",UTTAR PRADESH,Ganga,GANGA,-,-,8,9.9,7.4,8.1,110,239,BDL,1.5,-,-,700,1300,1200,2800
2020,1062,"GANGA AT GARHMUKTESHWAR, U.P",UTTAR PRADESH,Ganga,GANGA,15.4,22,7.1,10.8,7,8.5,150,275,BDL,9.8,BDL,0.5,140,7000,280,9400
2020,10149,RIVER GANGA AT GHARMUKTESHWAR,UTTAR PRADESH,Ganga,GANGA,15,22,7.5,11.2,7,8.3,150,250,BDL,2.1,BDL,9.4,120,920,220,1600
2020,2488,"GANGA U/S, ANOOPSHAHAR",UTTAR PRADESH,Ganga,GANGA,14,28,7.5,9.2,6.7,7.3,164,2200,1,2.7,BDL,0.35,150,930,180,2100
2020,2489,"GANGA D/S, ANOOPSHAHAR",UTTAR PRADESH,Ganga,GANGA,14,28,7.6,9.3,6.9,7.4,196,224,1,2.6,BDL,4.1,220,1400,540,4800
2020,1145,"GANGA AT NARORA (BULANDSAHAR), U.P.",UTTAR PRADESH,Ganga,GANGA,15,29,7.8,9.4,6.9,7.3,168,212,BDL,2.6,BDL,0.42,430,1700,750,3300
2020,2490,"GANGA AT KACHHLA GHAT, ALIGARH",UTTAR PRADESH,Ganga,GANGA,17.5,22.5,8.8,10.7,7.1,7.7,48,1960,BDL,1.6,BDL,4.72,140,320,170,480
2020,10151,RIVER GANGA AT FARRUKABAD,UTTAR PRADESH,Ganga,GANGA,16,30,7.2,11.5,7.2,8.4,160,324,1.2,2.6,-,-,920,2100,1700,4000
2020,1063,"GANGA AT KANNAUJ U/S (RAJGHAT), U.P",UTTAR PRADESH,Ganga,GANGA,16,30,6.7,11,7.6,8.5,177,396,2,2.8,-,-,1100,11000,1300,4900
2020,1066,"GANGA AT KANNAUJ D/S, U.P",UTTAR PRADESH,Ganga,GANGA,16,30,6.3,10.6,7.5,8.4,182,488,2.2,3.1,-,-,1700,4600,4200,9400
2020,1146,"GANGA AT BITHOOR (KANPUR), U.P.",UTTAR PRADESH,Ganga,GANGA,16,31,6.2,12,7.6,8.6,186,370,2.4,3.2,-,-,1100,4900,3300,9400
2020,1067,"GANGA AT KANPUR U/S (RANIGHAT), U.P",UTTAR PRADESH,Ganga,GANGA,20,31,6.2,12.1,7.5,8.52,212,356,2.9,6.3,-,-,1400,9200,3900,17000
2020,10154,RIVER GANGA AT BATHING GHAT (BHARAOGHAT),UTTAR PRADESH,Ganga,GANGA,20,31,6,11.8,7.6,8.59,212,351,2.5,3.4,-,-,1300,13000,2300,23000
2020,10155,RIVER GANGA AT D/S (SHUKLAGANJ),UTTAR PRADESH,Ganga,GANGA,20,31,6,11.7,7.4,8.5,180,372,3.1,3.8,-,-,2200,21000,5800,40000
2020,1068,"GANGA AT KANPUR D/S (JAJMAU PUMPING STATION), U.P",UTTAR PRADESH,Ganga,GANGA,20,31,5.6,10.9,7.3,8.4,210,448,4,4.4,-,-,9400,27000,21000,54000
2020,1147,"GANGA AT DALMAU (RAI BAREILLY), U.P.",UTTAR PRADESH,Ganga,GANGA,19,26,7.6,10.5,7.7,8.2,231,341,3.4,4.2,BDL,0.84,1100,3100,1600,4000
2020,2498,"GANGA AT KALA KANKAR, RAEBARELI",UTTAR PRADESH,Ganga,GANGA,19,26,7.8,10.6,7.7,8.2,228,347,3.3,4,BDL,0.8,1300,3000,1700,3900
2020,1046,"GANGA AT ALLAHABAD (RASOOLABAD), U.P.",UTTAR PRADESH,Ganga,GANGA,18.8,28,7.6,12.5,7.3,8.5,214,334,2,3.2,BDL,1.47,610,2300,2100,4900
2020,2487,"GANGA AT KADAGHAT, ALLAHABAD",UTTAR PRADESH,Ganga,GANGA,18.7,26.7,7,11.7,7.4,8.5,263,338,2,2.9,BDL,1.53,680,2200,1500,4600
2020,1049,"GANGA AT ALLAHABAD D/S (SANGAM), U.P.",UTTAR PRADESH,Ganga,GANGA,18.8,26.9,7.1,11.8,7.8,8.4,285,369,2,2.7,0.42,1.76,680,3300,2000,7900
2020,2485,"GANGA U/S, VINDHYACHAL, MIRZAPUR",UTTAR PRADESH,Ganga,GANGA,19.5,32,6.4,9.9,7.8,8.5,238,824,1.7,3.3,-,-,500,2300,1400,4300
2020,2486,"GANGA D/S, MIRZAPUR",UTTAR PRADESH,Ganga,GANGA,19.5,32,5.8,8.8,7.7,8.7,246,536,3.1,4.4,-,-,5400,17000,11000,33000
2020,10153,RIVER GANGA AT CHUNAR,UTTAR PRADESH,Ganga,GANGA,19.5,33,6.2,9.1,3.3,8.5,238,532,2.8,4.1,-,-,1700,13000,3400,22000
2020,1070,"GANGA AT VARANASI U/S (ASSIGHAT), U.P",UTTAR PRADESH,Ganga,GANGA,17.5,31.5,6.5,10.4,7.9,8.6,242,512,2.1,6.5,BDL,0.6,500,1400,1100,3400
2020,1071,"GANGA AT VARANASI D/S (MALVIYA BRIDGE), U.P",UTTAR PRADESH,Ganga,GANGA,17.5,31.5,5.8,9.5,7.8,8.7,254,546,3.5,4.2,BDL,0.7,7000,17000,14000,31000
2020,10152,"RIVER GANGA A/C GOMTI RIVER, BHUSAULA",UTTAR PRADESH,Ganga,,18,31.5,6.3,9.9,7.9,8.7,250,530,2.8,3.8,BDL,0.6,2100,13000,4600,22000
2020,10156,RIVER GANGA AT BATHING GHAT (GOLA GHAT),UTTAR PRADESH,Ganga,GANGA,20,31,5.7,11.5,7.4,8.6,175,388,2.5,4.4,-,-,2100,23000,3300,54000
2020,1073,"GANGA AT TRIGHAT (GHAZIPUR), U.P",UTTAR PRADESH,Ganga,GANGA,18,32,5.7,9,7.8,8.8,260,538,3.4,4.3,BDL,0.7,4300,17000,11000,31000
2020,30076,GANGA AT MANJHIGHAT(BIHAR),INTER-STATE,Ganga,GANGA,19,30,6.4,11.8,7.8,8.9,232,496,3.3,5.3,BDL,1,200,11000,400,21000
2020,1074,GANGA AT BUXAR,BIHAR,Ganga,GANGA,13,33,5.2,11.1,7.7,8.6,209,550,1.2,2,BDL,0.88,2200,160000,3900,160000
2020,10113,"RIVER GANGA AT U/S JAIL GHAT, BUXAR",BIHAR,Ganga,GANGA,12,34,5.6,9.8,7.7,8.4,233,530,1.2,2.2,BDL,0.77,3300,160000,4000,160000
2020,2551,"GANGA AT BUXAR, RAMREKHAGHAT",BIHAR,Ganga,GANGA,12,34,5.6,10.1,7.7,8.6,257,565,1.3,2.4,BDL,1.35,2200,160000,13000,160000
2020,3113,GANGA AT D/S BUXAR NEAR ROAD BRIDGE,BIHAR,Ganga,GANGA,12,34,5.4,10.1,7.6,8.5,261,554,1.1,2.3,BDL,0.78,11000,160000,28000,160000
2020,10131,RIVER GANGA AT U/S BARAHPUR BINDTOLI,BIHAR,Ganga,GANGA,18,30,6,9.6,7.4,8.4,247,382,1.3,2.6,BDL,0.44,1700,160000,7000,160000
2020,10162,GANGA AT ARA- CHAPRA ROAD BRIDGE (KOILWER BANURA - CHAPRA ROAD,BIHAR,Ganga,GANGA,15,34,5.6,10,7.2,8.5,204,503,1.2,3,BDL,1.57,1700,35000,3300,160000
2020,2564,"GANGA AT THE CONFLUENCE OF SONE RIVER DORIGANJ, CHAPRA",BIHAR,Ganga,GANGA,16,31,5.7,9.8,7.2,8.5,166,387,1.4,3.1,BDL,1.39,1400,160000,3300,160000
2020,10114,"GANGA AT MAA AMBIKA ASTHAN, AAMI, SARAN",BIHAR,Ganga,GANGA,12,31,5.8,9.5,7.3,8.4,206,487,1.4,2.3,BDL,0.44,1700,160000,17000,160000
2020,3114,"GANGA NEAR DANAPUR (NEAR PIPA PUL) ,PATNA",BIHAR,Ganga,GANGA,20,34,5,9.5,7.1,8.4,214,361,1.1,3,BDL,BDL,680,160000,1400,160000
2020,1077,"GANGA AT KURJI, PATNA U/S",BIHAR,Ganga,GANGA,18,35,5.6,10,7.5,8.5,239,388,1.3,2.4,BDL,0.65,2200,160000,3300,160000
2020,2552,"GANGA AT GANDHIGHAT, NIT AT PATNA",BIHAR,Ganga,GANGA,19,36,5.4,9.7,7.3,8.5,259,500,1.4,4,BDL,0.46,2200,160000,17000,160000
2020,10115,"GANGA AT GULABI GHAT, PATNA",BIHAR,Ganga,GANGA,19,36,5.4,9.8,7.3,8.4,245,500,1.4,2.9,BDL,0.67,14000,160000,28000,160000
2020,1079,"GANGA AT PATNA D/S (GANGA BRIDGE), GAIGHAT",BIHAR,Ganga,GANGA,20,36,5.5,9.5,7.3,8.4,237,598,1.3,3,BDL,0.62,2200,160000,4000,160000
2020,3122,"GANGA AT MALSALAMI, PATNA",BIHAR,Ganga,GANGA,20,35,7.4,9.8,7.9,8.5,304,500,1.1,1.9,BDL,BDL,1700,92000,4000,160000
2020,4297,"KACHCHI-DARGAH-BIDUPUR ROAD BRIDGE, PATNA",BIHAR,Ganga,,20,34,5.6,9.6,7.6,8.4,245,405,1.2,3,BDL,0.54,1100,92000,3900,92000
2020,10122,"RIVER GANGA AT TRIVENI GHAT, PATNA",BIHAR,Ganga,GANGA,18,34,5.4,10.4,7.3,8.4,235,473,1.4,2.4,BDL,0.44,1300,54000,2100,92000
2020,4301,"BAKHTIYARPUR-TAJPUR BRIDGE ON GANGA, ATHMALGOLA, PATNA",BIHAR,Ganga,,18,34,5.4,9.7,7.5,8.9,228,401,1.2,2.4,BDL,0.41,1400,160000,2600,160000
2020,2553,"GANGA AT KEWALA GHAT,FATUHA, PATNA",BIHAR,Ganga,GANGA,18,34,5.2,8.7,7.3,8.3,240,500,1.4,3,BDL,0.98,3300,160000,17000,160000
2020,2555,"GANGA AT PUNPUN, PATNA",BIHAR,Ganga,GANGA,23,34,0.8,8,7.2,8.4,288,896,2,4.8,BDL,0.5,17000,160000,35000,160000
2020,3115,GANGA RIVER AT BARH,BIHAR,Ganga,RIVER,18,34,5.2,9.7,7.6,8.4,230,412,1.2,2.3,BDL,0.45,3300,160000,13000,160000
2020,1817,"GANGA AT MOKAMA (U/s), MAHADEO ASTHAN, PATNA",BIHAR,Ganga,GANGA,16,34,5.8,9.8,7.7,8.5,215,424,1.2,2.7,BDL,0.46,1100,160000,2700,160000
2020,1815,GANGA AT MOKAMA (D/s),BIHAR,Ganga,GANGA,19,37,5.1,9.8,6.8,8.5,200,406,1.4,2,BDL,0.42,2600,160000,7900,160000
2020,3123,"GANGA RIVER AT BARAHIYA, NEPALITOLA, MARANCHI, LAKSHISARAI",BIHAR,Ganga,RIVER,16,30,5.4,10.5,7.6,8.5,219,429,1.3,2.4,BDL,0.36,1400,160000,2300,160000
2020,3116,GANGA AT U/S MUNGER (NEAR INTAKE WELL ON GANGA),BIHAR,Ganga,GANGA,15,30,5.3,9.8,7.5,8.5,222,370,1.2,3.3,BDL,0.43,1400,160000,3300,160000
2020,1818,GANGA AT MUNGER,BIHAR,Ganga,GANGA,15,30,5.1,9.7,7.4,8.3,222,394,1.3,2.9,BDL,0.49,2200,160000,11000,160000
2020,3117,"GANGA AT U/S SULTANGANJ, BHAGALPUR",BIHAR,Ganga,GANGA,18,30,5,9.6,7.4,8.3,226,377,1.3,2.6,BDL,0.45,1400,160000,2700,160000
2020,4398,"GANGA RIVER AT WATER INTAKE POINT, BHAGALPUR",BIHAR,Ganga,RIVER,17,32,5.5,9.8,7.2,8.5,241,632,1.4,6.7,BDL,3.64,1700,160000,35000,160000
2020,2554,"GANGA AT SULTANGANJ, BHAGALPUR",BIHAR,Ganga,GANGA,18,30,5.2,9.6,7.4,8.5,221,371,1.4,2.5,BDL,0.98,2200,160000,14000,160000
2020,10138,"RIVER GANGA AT CHAMPANAGAR, BHAGALPUR",BIHAR,Ganga,GANGA,17,32,5.5,9.5,7.2,8.2,228,856,1.2,4.2,BDL,0.63,1700,92000,2200,160000
2020,1819,GANGA AT BHAGALPUR,BIHAR,Ganga,GANGA,16,40,6.1,9.8,7.5,8.4,222,396,1.1,2.3,BDL,2.2,1100,160000,2200,160000
2020,3118,GANGA AT U/S BHAGALPUR NEAR BARARIGHAT,BIHAR,Ganga,GANGA,16,32,4.3,9.8,6.9,8.4,234,493,1.4,3.4,BDL,0.82,1700,160000,3300,160000
2020,1816,GANGA AT KAHALGAON,BIHAR,Ganga,GANGA,16,30,6,9.8,7.7,8.4,220,372,1.3,2,BDL,0.37,1300,160000,3200,160000
2020,10143,RIVER GANGA D/S NEAR CREMATION GHAT,BIHAR,Ganga,GANGA,16,30,6,9.8,7.5,8.4,219,394,1.2,2.2,BDL,0.39,1700,160000,13000,160000
2020,30075,GANGA AT TARIGHAT GHAZIPUR (U.P.),INTER-STATE,Ganga,GANGA,19,29.5,5.7,11.6,6.8,8.7,260,486,3.5,5,BDL,0.96,18,14000,450,27000
2020,10144,RIVER GANGA U/S NEAR LCT GHAT,JHARKHAND,Ganga,GANGA,14,36,2.4,10.4,7.1,8.5,120,330,1.6,2.6,-,-,-,-,-,-
2020,10145,RIVER GANGA D/S NEAR JANTA GHAT,JHARKHAND,Ganga,GANGA,15,37,7.6,9.8,7.1,8.4,308,330,1.6,2.8,-,-,-,-,-,-
2020,10146,RIVER GANGA AT SANGI DALAN,JHARKHAND,Ganga,GANGA,14,35,7.8,10.5,7,8.4,125,334,1.4,2.6,-,-,-,-,-,-
2020,1059,GANGA AT RAJMAHAL,JHARKHAND,Ganga,GANGA,15,34,8.1,10.5,7,8.5,310,335,1.4,2.8,-,-,-,-,-,-
2020,1080,"GANGA AT BAHARAMPORE, MURSHIDABAD, WEST BENGAL",WEST BENGAL,Ganga,GANGA,17,32,5.3,11.8,,7.87  8.85,222,410,1,4.95,0.3,0.63,800,140000,1300,300000
2020,10159,"RIVER GANGA AT BEHRAMPORE(KHAGRA), MURSHIDABAD",WEST BENGAL,Ganga,GANGA,17,32,5,11.3,,7.68  8.72,220,464,1.2,5.5,BDL,0.62,1700,140000,2300,300000
2020,10160,"RIVER GANGA AT BEHRAMPORE, (GORA BAZAR),MURSHIDABAD",WEST BENGAL,Ganga,GANGA,17,32,5,11.2,,7.72  8.66,219,472,1.05,4.3,BDL,0.62,1300,110000,3000,350000
2020,2511,"NABADIP ON GANGA, GHOSHPARA NEAR MONIPURGHAT,NADIA",WEST BENGAL,Ganga,GHOSHPARA,17,32,5.2,11.1,,7.84  8.75,188,392,1.35,6.2,BDL,0.73,1300,300000,2300,900000
2020,2506,"TRIBENI ON GANGA, NEAR BURNING GHAT, HOOGHLY",WEST BENGAL,Ganga,,16,33.5,4.6,11.2,,7.41  8.64,221,402,1.2,7.75,BDL,1.14,400,240000,8000,500000
2020,10161,"RIVER GANGA AT PALTA, SHITALTALA,",WEST BENGAL,Ganga,GANGA,18.5,32,4.5,11.5,,7.62  8.68,235,407,1.25,6.2,0.38,0.76,8000,350000,13000,900000
2020,1054,GANGA AT PALTA WEST BENGAL,WEST BENGAL,Ganga,GANGA,19,32,4.4,11.5,7.86,8.7,202,373,1.85,6.7,0.35,0.75,7000,170000,14000,350000
2020,1472,"GANGA AT SERAMPORE, HOOGHLY,WEST BENGAL",WEST BENGAL,Yamuna,GANGA,18,34,4.2,12.5,7.7,8.84,228,384,1.3,4.4,0.36,0.9,7000,70000,17000,300000
2020,1053,"GANGA AT DAKSHMINESHWAR, KOLKATA, WEST BENGAL",WEST BENGAL,Yamuna,GANGA,17,34,4.1,8.1,,6.92  7.98,178,559,1.55,5,BDL,2.68,49000,170000,80000,490000
2020,1471,GANGA AT HOWRAH-SHIVPUR WEST BENGAL,WEST BENGAL,Yamuna,GANGA,20,35,3.9,7.8,,6.75  8.05,160,770,1.15,4.9,0.3,2.21,23000,130000,110000,220000
2020,1470,"GANGA AT GARDEN REACH, KOLKATA, WEST BENGAL",WEST BENGAL,Yamuna,GANGA,20,34,3.7,7.6,,6.77  7.98,177,589,1.1,5.3,BDL,2.1,30000,140000,70000,700000
2020,1052,"GANGA AT ULUBERIA , HOWRAH,WEST BENGAL",WEST BENGAL,Yamuna,GANGA,16,33,3.9,8.2,,6.78  7.98,231,623,1.05,3.9,0.35,2.45,8000,70000,13000,110000
2020,1335,GANGA AT PATIKALI NEAR DURGA CHAK WEST BENGAL,WEST BENGAL,Yamuna,GANGA,21,32,4.6,8.6,,6.13  8.54,566,11980,BDL,3.33,BDL,3.4,450,17000,2200,35000
2020,1469,"GANGA AT DIAMOND HARBOUR, 24 PARGANAS (S)WEST BENGAL",WEST BENGAL,Yamuna,GANGA,22,32,4.5,7.5,,6.82  8.11,275,4210,1.2,4.2,BDL,1.92,790,17000,1300,170000
2020,1492,YAMUNA AT YAMUNOTRI,UTTARAKHAND,Yamuna,YAMUNA,-,-,10.8,10.8,7.4,7.4,79,79,1,1,BDL,BDL,4,4,4,4
2020,1493,YAMUNA AT HANUMANCHATTI,UTTARAKHAND,Yamuna,YAMUNA,-,-,11.6,11.6,7.9,7.9,145,145,1,1,0.32,0.32,94,94,140,140
2020,1494,YAMUNA AT U/S OF LAKHWAR DAM,UTTARAKHAND,Yamuna,YAMUNA,16,22,8.6,10.8,7.7,8.4,142,320,BDL,1,BDL,0.33,2,9,2,30
2020,30025,YAMUNA AT DAK PATHER (UTTARAKHAND),INTER-STATE,Yamuna,YAMUNA,-,-,8.6,10.3,7.2,7.9,144,266,1,1.1,0.41,0.61,45,330,230,1300
2020,1490,"YAMUNA AT U/S DAK PATHER,",UTTARAKHAND,Yamuna,YAMUNA,17,24,8.2,10.2,8,8.2,106,162,1,1.2,BDL,0.38,17,34,40,70
2020,30027,YAMUNA AT PONTA SAHIB (H.P),INTER-STATE,Yamuna,YAMUNA,-,-,8.8,10,7.7,8.2,170,452,1,2.2,0.51,1.23,78,170,260,790
2020,1553,"YAMUNA RIVER, U/S PAONTA SAHIB",HIMACHAL PRADESH,Yamuna,,13,28,7.1,9.1,6.4,8,214,5866,BDL,1.8,BDL,1.11,9,46,32,140
2020,1554,"YAMUNA RIVER, D/S PAONTA SAHIB",HIMACHAL PRADESH,Yamuna,,11,31,7,9,6.6,7.7,248,448,BDL,2,BDL,1.17,11,27,38,94
2020,30028,"YAMUNA AT BURIYA U/S JAGADHARI, MANDOLI, HARYANA",INTER-STATE,Yamuna,YAMUNA,-,-,8.9,9.8,7.6,8.1,220,312,1,1.9,BDL,1.04,20,180,130,2200
2020,30035,YAMUNA AT HATHNIKUND,INTER-STATE,Yamuna,YAMUNA,-,-,8.3,10.2,7.5,8.1,190,300,1,1,0.61,0.91,78,610,490,92000
2020,1117,"YAMUNA AT HATHNIKUND, YAMUNANAGAR",HARYANA,Yamuna,YAMUNA,21,29,7.1,8.5,7.3,8.3,192,620,2.4,6.6,BDL,0.65,200,3200,110,21200
2020,1496,"YAMUNA AT KALANAUR, YAMUNA NAGAR",HARYANA,Yamuna,YAMUNA,19,29,6.8,9.3,7.2,8.3,197,608,2.2,5.2,BDL,26,200,49000,3900,1600000
2020,30032,"YAMUNA AT SONAULI ROAD, SHAMLI BORDER , PANIPAT (HARYANA)",HARYANA,Yamuna,YAMUNA,-,-,6.9,9,7.1,8.3,175,392,1.2,6.4,BDL,1.01,26,18000,33,330000
2020,10004,RIVER YAMUNA AT KHOJIPUR PANIPAT,HARYANA,Yamuna,YAMUNA,24,26,5.6,8.6,6.9,8.4,230,761,1.5,9.1,BDL,1.95,34,110000,240,540000
2020,30029,"YAMUNA AT SONIPAT, BAGHPAT ROAD(HARYANA)",HARYANA,Yamuna,YAMUNA,-,-,6.7,8.6,7.2,8.6,212,624,2.8,4.4,BDL,1.23,18,49000,92,79000
2020,1119,YAMUNA AT SONEPAT,HARYANA,Yamuna,YAMUNA,14,35,7.1,10.6,6.5,8.6,235,683,1.8,5.5,BDL,0.36,110,220000,330,1600000
2020,10005,"RIVER YAMUNA AT PALLA,SONEPAT",HARYANA,Yamuna,YAMUNA,14,35,5.8,12.5,6.7,8.6,271,682,1.6,5.6,BDL,0.54,170,94000,410,345000
2020,30026,"YAMUNA AT PALLA, WAZIRABAD (DELHI)",INTER-STATE,Yamuna,YAMUNA,-,-,7.2,17.1,7.7,8.6,323,665,3.7,7.9,0.5,1.4,110,79000,490,170000
2020,1120,"YAMUNA AT PALLA, DELHI",DELHI,Yamuna,YAMUNA,15.5,33,5.6,17.1,7.6,9,273,789,1.4,7.9,BDL,1.4,78,79000,330,350000
2020,1121,"YAMUNA AT NIZAMUDDIN, DELHI",DELHI,Yamuna,YAMUNA,13,31,0.3,2.4,7.1,7.9,460,1641,5.6,57,BDL,2.8,,210000  11000000  700000  28000000,,
2020,1375,"YAMUNA AT OKHLA BRIDGE (INLET OF AGRA CANAL), DELHI",DELHI,Yamuna,YAMUNA,15,31,0.3,2.6,7.1,7.9,488,1526,5.6,27,BDL,1.2,78000,3300000,,350000  16000000
2020,1812,"YAMUNA AT OKHLA AFTER MEETING OF SHAHDARA DRAIN, DELHI",DELHI,Yamuna,YAMUNA,15,33,0.3,5.6,7.2,7.8,499,1773,7.7,114,BDL,2,68000,7900000,,490000  35000000
2020,1497,"YAMUNA AT MAZAWALI, U.P",UTTAR PRADESH,Yamuna,YAMUNA,13,14,0.1,2.3,6.4,8.1,978,1719,8.7,59,BDL,1.81,680,4900000,3300,9200000
2020,30030,"YAMUNA AT ASGARPUR VILLAGE,U.P",INTER-STATE,Yamuna,YAMUNA,-,-,0.2,7.2,7.4,7.6,499,1202,7.7,51,0.7,0.81,68000,140000,490000,1300000
2020,30031,YAMUNA AT HASANPUR,INTER-STATE,Yamuna,YAMUNA,-,-,3.4,4.8,7.5,8.2,1341,1456,5.7,16,0.41,0.55,490,47000,790,54000
2020,30024,"YAMUNA AT MOHENA PALWAL ROAD, HARYANA",INTER-STATE,Yamuna,YAMUNA,-,-,0.2,2.3,6.4,8.1,1283,1719,19,59,BDL,1.81,680,3900000,3300,4600000
2020,2493,RIVER YAMUNA AT SHAHPUR,UTTAR PRADESH,Yamuna,YAMUNA,14,32,4.6,6.9,7.1,7.5,-,-,5.8,10,-,-,31000,85000,53000,110000
2020,2495,"YAMUNA AT KESIGHAT, VRINDAVAN",UTTAR PRADESH,Yamuna,YAMUNA,15,32,4,7.6,7.1,7.6,-,-,6,10.4,-,-,24000,65000,46000,88000
2020,1123,"YAMUNA AT MATHURA U/S , U.P.",UTTAR PRADESH,Yamuna,YAMUNA,12,13,0.3,4.6,6.5,8.5,1096,1816,7.3,30,0.5,1.66,400,920000,1100,9200000
2020,2494,"YAMUNA AT VISHRAMGHAT, MATHURA",UTTAR PRADESH,Yamuna,YAMUNA,14,32,4.1,7.4,6.9,7.6,-,-,6.8,12,-,-,31000,92000,54000,140000
2020,1124,"YAMUNA AT MATHURA D/S , U.P.",UTTAR PRADESH,Yamuna,YAMUNA,12,12,1.6,6.8,6.5,8.3,1195,1903,6.9,21,0.51,1.61,1700,170000,2200,1400000
2020,1125,"YAMUNA AT AGRA U/S, U.P.",UTTAR PRADESH,Yamuna,YAMUNA,12,12,1.4,9.6,6.5,8.5,1154,1872,4.7,25,0.48,2.4,220,3300000,2200,7900000
2020,1126,"YAMUNA AT D/S OF AGRA, U.P.",UTTAR PRADESH,At Sirmaur Himachal Pradesh Tons At Haripur,YAMUNA,-,-,3.8,16.2,6.5,8.7,875,1920,9.1,25,0.44,3.56,450,6100000,2200,32000000
2020,1498,"YAMUNA AT BATESWAR, U.P",UTTAR PRADESH,At Sirmaur Himachal Pradesh Tons At Haripur,YAMUNA,-,-,2.6,9.2,7.8,7.9,1054,1471,14,20,0.76,2.8,450,1400,3300,13000
2020,10081,RIVER YAMUNA AT ETAWAH D/S,UTTAR PRADESH,At Sirmaur Himachal Pradesh Tons At Haripur,YAMUNA,26,29,5.2,6.9,7.3,7.9,814,1044,11.6,18.8,-,-,-,-,-,-
2020,10082,RIVER YAMUNA AT UDI,UTTAR PRADESH,At Sirmaur Himachal Pradesh Tons At Haripur,YAMUNA,26,29,5.4,7.1,7.5,8,784,1088,10.4,17.2,-,-,-,-,-,-
2020,1127,"YAMUNA AT ETAWAH, U.P.",UTTAR PRADESH,At Sirmaur Himachal Pradesh Tons At Haripur,YAMUNA,-,-,7.3,7.3,7.7,7.9,1288,1507,13,15,0.75,1.02,20,200,1300,1700
2020,1499,"YAMUNA AT JUHIKA B/C WITH CHAMBAL, ETAWAH, U.P",UTTAR PRADESH,At Sirmaur Himachal Pradesh Tons At Haripur,YAMUNA,-,-,8.1,11.3,7.7,8.2,846,937,8.7,13,1.65,3.8,68,7800,1700,220000
2020,30034,YAMUNA AT ETAWAH,UTTAR PRADESH,At Sirmaur Himachal Pradesh Tons At Haripur,YAMUNA,-,-,7.3,7.6,7.7,7.9,1507,1814,15,25,0.75,1.4,200,4000,1300,5000
2020,30033,"YAMUNA A/C OF CHAMBAL AT SHERGARH, JUHIKA (U.P)",INTER-STATE,At Sirmaur Himachal Pradesh Tons At Haripur,CHAMBAL,-,-,8.1,9.6,7.7,8.4,406,937,2.9,8.7,BDL,3.05,2,7800,9,220000
2020,1069,"YAMUNA AT ALLAHABAD D/S (BALUA GHAT), U.P",UTTAR PRADESH,At Sirmaur Himachal Pradesh Tons At Haripur,YAMUNA,18.9,27.4,7.3,11.5,7.8,8.4,418,725,1.8,2.4,BDL,1.66,310,2100,1700,3900
2020,2283,YAMUNA AT HAMIRPUR,UTTAR PRADESH,At Sirmaur Himachal Pradesh Tons At Haripur,YAMUNA,-,-,8.4,8.4,8,8.4,750,832,2.8,6,1.14,3.1,330,2200,1300,13000
2020,1510,TONS RIVER AT SIRMAUR,HIMACHAL PRADESH,At Sirmaur Himachal Pradesh Tons At Haripur,RIVER,8,26,4.4,12.8,7.4,8.2,55,9759,BDL,1.1,BDL,1.08,4,79,31,540
2020,30023,TONS AT HARIPUR (U.K.),INTER-STATE,At Sirmaur Himachal Pradesh Tons At Haripur,TONS,-,-,8.8,10.1,7.6,8.1,85,218,1,5,0.41,0.61,18,3300,110,14000
2020,4027,RIVER GIRI D/S RAJGARH TOWN,HIMACHAL PRADESH,At Sirmaur Himachal Pradesh Tons At Haripur,GIRI,13,25,6.7,9.6,6.9,7.9,248,453,BDL,1.7,BDL,0.9,6,22,26,70
2020,4441,RIVER GIRI U/S PROPOSED SITE OF SRI RENUKAJI DAM SITE,HIMACHAL PRADESH,At Sirmaur Himachal Pradesh Tons At Haripur,GIRI,14,26,7,9.1,6.7,7.9,298,512,BDL,2.2,BDL,1.14,8,78,26,79
2020,4442,RIVER GIRI D/S PROPOSED SITE OF SRI RENUKAJI DAM S,HIMACHAL PRADESH,At Sirmaur Himachal Pradesh Tons At Haripur,GIRI,14,26,6.6,9,6.7,7.9,272,396,BDL,2.4,BDL,1.01,8,33,31,94
2020,4028,"RIVER GIRI D/S LAIGIDHAR TRUST, BARU SAHIB",HIMACHAL PRADESH,At Sirmaur Himachal Pradesh Tons At Haripur,GIRI,13,26,6.7,9.7,6.8,7.9,251,622,BDL,2,BDL,0.85,9,32,32,110
2020,4427,RIVER GIRI U/S CHAILLA,HIMACHAL PRADESH,At Sirmaur Himachal Pradesh Tons At Haripur,GIRI,2.4,27,7.6,9.9,7.5,8.7,128,2267,BDL,1.6,BDL,1.81,2,76,79,350
2020,2621,GIRI AT D/S YASHWANT NAGAR,HIMACHAL PRADESH,At Sirmaur Himachal Pradesh Tons At Haripur,GIRI,17,19,6.2,8.2,7,8.8,198,1623,BDL,1.8,BDL,BDL,4,13,20,38
2020,2622,GIRI AT U/S CCI MINES,HIMACHAL PRADESH,At Sirmaur Himachal Pradesh Tons At Haripur,GIRI,19,31,7.2,9.4,7.4,7.9,315,809,BDL,1.6,BDL,0.97,7,93,26,40
2020,2623,GIRI D/S SATAUN,HIMACHAL PRADESH,At Sirmaur Himachal Pradesh Tons At Haripur,GIRI,19,33,7.1,9.2,7.4,7.8,504,841,BDL,1,BDL,1.59,9,20,31,47
2020,3877,GIRI RIVER U/S LWSS AT SAINJ,HIMACHAL PRADESH,At Sirmaur Himachal Pradesh Tons At Haripur,U/S LWSS,9,27,7.4,9.3,7.2,8.7,147,2564,BDL,1,0.36,1.8,2,49,58,430
2020,3878,GIRI RIVER D/S LWSS AT SAINJ,HIMACHAL PRADESH,At Sirmaur Himachal Pradesh Tons At Haripur,D/S LWSS,10,27,7.4,9.6,7.2,8.8,146,2736,BDL,1.2,0.34,2,2,70,84,540
2020,3860,"GIRI RIVER D/S CEMENT CORPORATION OF INDIA, RAJBA",HIMACHAL PRADESH,At Sirmaur Himachal Pradesh Tons At Haripur,RIVER,16,30,6.9,9.5,7.2,7.7,496,756,BDL,1.1,BDL,1.02,9,93,32,49
2020,3876,"GIRI RIVER AFTER CONFLUENCE OF ASHWANI RIVER AT GIRIPUL, YASHWANT NAGAR",HIMACHAL PRADESH,At Sirmaur Himachal Pradesh Tons At Haripur,AFTER CONFLUENCE OF ASHWANI RIVER,17,18,6.3,8.5,6.4,8.5,219,878,BDL,2.2,-,-,5,17,14,58
2020,1357,"HINDON AT SAHARANPUR D/S, U.P.",UTTAR PRADESH,At Sirmaur Himachal Pradesh Tons At Haripur,HINDON,20,22,-,-,7.8,8.1,670,750,42,48,-,-,-,-,-,-
2020,10098,RIVER HINDON AT MAHESHPUR U/S,UTTAR PRADESH,At Sirmaur Himachal Pradesh Tons At Haripur,HINDON,16,22,-,-,7.3,8.3,590,790,38,52,-,-,-,-,-,-
2020,10102,RIVER HINDON AT MOHAN NAGAR U/S,UTTAR PRADESH,At Sirmaur Himachal Pradesh Tons At Haripur,HINDON,18,25,0.4,2.5,6.5,7.7,348,740,12,29,0.46,67,110000  1100000,,150000,2800000
2020,10103,RIVER HINDON AT MOHAN NAGAR D/S,UTTAR PRADESH,At Sirmaur Himachal Pradesh Tons At Haripur,HINDON,19,43,0.5,0.5,6.3,7.9,500,1350,20,45,0.54,1.9,21000,2400000,170000,3500000
2020,10106,RIVER HINDON AT GHAZIABAD U/S,UTTAR PRADESH,At Sirmaur Himachal Pradesh Tons At Haripur,HINDON,18,23,0.7,2.8,6.6,7.8,327,766,8.9,25,0.43,0.96,90000,3500000,150000,4300000
2020,1483,"HINDON AFTER CONFL. WITH R. KRISHNA & KALI NEAR BINAULI TOWN, MEERUT, U.P.",UTTAR PRADESH,At Sirmaur Himachal Pradesh Tons At Haripur,KALI,-,-,0.3,0.8,7.5,8,735,1370,15,125,0.41,3.61,40000,140000,170000,920000
2020,2496,"RIVER HINDON AT SARDHANA BUDHANA ROAD, VILLAGE BAPARSI, MEERUT",UTTAR PRADESH,At Sirmaur Himachal Pradesh Tons At Haripur,HINDON,14,24,0.3,0.3,7.4,7.7,670,1310,54,80,21.4,27.4,2,94000,110000,170000
2020,1358,"HINDON AT GHAZIABAD D/S, U.P.",UTTAR PRADESH,At Sirmaur Himachal Pradesh Tons At Haripur,HINDON,18,25,-,-,6.8,7.8,819,1505,30,49,0.6,1.6,130000  2800000,,210000,4300000
2020,1356,"BETWA BEFORE CONF. YAMUNA AT HAMIRPUR,",UTTAR PRADESH,At Sirmaur Himachal Pradesh Tons At Haripur,YAMUNA,14,35.9,6.4,7.4,7.5,8.2,259,3720,4.6,5.6,-,-,1100,2400,14000,21000
2020,30079,"BETWA AT SUKMA DUKMA DAM, JHANSI (U.P.)",INTER-STATE,At Sirmaur Himachal Pradesh Tons At Haripur,BETWA,20.4,21.4,7.4,10.1,7.6,8.2,229,378,1,2.8,BDL,1,2,600,200,1200
2020,1735,"RIVER GOVIND SAGAR, U.P",UTTAR PRADESH,At Sirmaur Himachal Pradesh Tons At Haripur,,16.1,35.8,6.8,8.4,7.2,8.3,174,392,2.4,3.9,-,-,1100,1300,1300,2400
2020,1614,"BETWA NEAR INTAKE POINT, VIDISHA, M.P",MADHYA PRADESH,At Sirmaur Himachal Pradesh Tons At Haripur,BETWA,17,33,7.8,10.8,7.4,8.1,283,4362,BDL,2.3,BDL,5.33,2,3300,63,160000
2020,2107,"RIVER BETWA AT U/S AT MAHUTA GHAT, AGASOD",MADHYA PRADESH,At Sirmaur Himachal Pradesh Tons At Haripur,BETWA,20,29,6.9,7.5,7.3,8.5,297,3786,BDL,1.2,BDL,BDL,2,2,6,26
2020,2108,"RIVER BETWA AT M/S J.P. THERMAL POWER, BINA",MADHYA PRADESH,At Sirmaur Himachal Pradesh Tons At Haripur,BETWA,19,30,6.9,7.3,7.3,8.4,288,430,BDL,1.4,BDL,BDL,2,2,4,25
2020,2124,"BETWA AT CHARANTIRGHAT, VIDISHA",MADHYA PRADESH,At Sirmaur Himachal Pradesh Tons At Haripur,BETWA,20,32,7.9,8.7,7.4,8.4,263,3609,1,2.4,BDL,6.2,2,35000,94,160000
2020,2125,BETWA D/S AFTER MIXING OF RIVER BAIS AT VIDISHA,MADHYA PRADESH,At Sirmaur Himachal Pradesh Tons At Haripur,BAIS,19,33,6.4,9,6.6,8.2,248,688,1,2.8,BDL,15.05,2,24000,130,160000
2020,3832,BETWA AT U/S NEAR ROAD BRIDGE ORCHHA,MADHYA PRADESH,At Sirmaur Himachal Pradesh Tons At Haripur,BETWA,17,31,6.7,7.5,7,7.8,228,337,BDL,1.4,BDL,BDL,2,2,4,26
2020,30080,"BETWA AT KANJIA ROAD BRIDGE, ASHOK NAGAR (M.P.)",INTER-STATE,At Sirmaur Himachal Pradesh Tons At Haripur,BETWA,20,21.5,8.7,10.2,7.9,8.1,388,493,1.8,2.3,0.55,0.82,2,200,200,400
2020,2953,"KALI SINDH AT ANICUT OF M/S CFCL GADEPAN, KOTA,",RAJASTHAN,At Sirmaur Himachal Pradesh Tons At Haripur,SINDH,20,29,3.5,6.3,8.3,8.5,330,600,BDL,2.6,1.2,1.7,14,39,64,75
2020,2956,"KALI SINDH AT BAROD ROAD BRIDGE, KOTA",RAJASTHAN,At Sirmaur Himachal Pradesh Tons At Haripur,SINDH,18,29,3.1,5.9,8.4,8.6,360,550,1.5,2.8,0.84,2.06,20,39,28,75
2020,2950,"DHANARI DAM, NEAR SWAROOPGANJ, SIROHI,",RAJASTHAN,At Sirmaur Himachal Pradesh Tons At Haripur,,16.5,26,3.2,7.3,7.7,8.3,240,360,1,3.2,1.02,2.06,20,75,64,120
2020,2951,"BISULPUR DAM, TONK, RAJASTHAN",RAJASTHAN,At Sirmaur Himachal Pradesh Tons At Haripur,,21,32,4.5,6.2,7.8,8.4,280,410,BDL,2.6,1.04,1.82,20,39,28,75
2020,2952,"NEAR NEWTA DAM, JAIPUR, RAJASTHAN",RAJASTHAN,At Sirmaur Himachal Pradesh Tons At Haripur,,18,35,0.3,7.3,8.6,9.3,950,1710,2.8,13.5,1.71,3.69,93,240,210,460
2020,2945,"CHHAPI DAM UPSTREAM , JHALAWAR,",RAJASTHAN,At Sirmaur Himachal Pradesh Tons At Haripur,,21,30,5.2,6.8,8.2,8.4,250,380,BDL,2.1,0.74,1.82,21,39,28,64
2020,2946,"UJAD AT BHIM SAGAR DAM UPSTREAM , JHALAWAR,",RAJASTHAN,At Sirmaur Himachal Pradesh Tons At Haripur,UJAD,21,30,4,6.3,8.1,8.4,230,330,1,2,0.58,1.84,14,75,28,210
2020,2955,CHAMBAL ENTERING IN RAJASTHAN AT GANDHI SAGAR DAM,RAJASTHAN,At Sirmaur Himachal Pradesh Tons At Haripur,RAJASTHAN,18,32,4,7.9,8,8.3,260,380,BDL,2.7,0.80,98,21,93,75,240
2020,3309,"CHAMBAL AT TAL VILLAGE NEAR BRIDGE, UJJAIN",MADHYA PRADESH,At Sirmaur Himachal Pradesh Tons At Haripur,CHAMBAL,27,29,6.8,7.9,7.3,8.5,450,2847,2,6,BDL,7.42,3,430,70,1600
2020,1365,CHAMBAL AT NAGDA U/S (WATER INTAKE POINT),MADHYA PRADESH,At Sirmaur Himachal Pradesh Tons At Haripur,CHAMBAL,24,29,6.8,7.7,7.4,8.7,304,1054,1.9,2.2,0.47,1.19,2,4,47,49
2020,1366,"CHAMBAL AT NAGDA D/S, M.P.",MADHYA PRADESH,At Sirmaur Himachal Pradesh Tons At Haripur,CHAMBAL,24,30,2,6.9,2,8.5,587,9819,3,34,1.09,7.79,10,14000,150,160000
2020,1432,"PARVATI NEAR VILLAGE BATAODAPAR, M.P.",MADHYA PRADESH,At Sirmaur Himachal Pradesh Tons At Haripur,PARVATI,18,26,6.2,7.8,7.3,8.5,202,745,1.7,2.4,BDL,0.8,2,4,24,70
2020,2954,"PARVATI BEFORE MEETING RIVER CHAMBAL AT KHATOLI,",RAJASTHAN,At Sirmaur Himachal Pradesh Tons At Haripur,CHAMBAL,19,30,3.7,7.4,8.3,8.5,400,670,1.2,2.4,0.84,1.842,20,75,28,120
2020,2109,"PARVATI RIVER, GUNA",MADHYA PRADESH,At Sirmaur Himachal Pradesh Tons At Haripur,,20,26,6.8,7.8,7.1,8.6,254,1020,1.4,2.2,BDL,0.8,2,4,22,63
2020,2126,"PARVATI A/C OF VINDHYACHAL NALLA, PILUKHEDI",MADHYA PRADESH,At Sirmaur Himachal Pradesh Tons At Haripur,,11,26,6.8,7.5,7.3,8.1,358,680,1.4,2.4,BDL,1,2,4,28,79
2020,1367,KHAN AT KABIT KHEDI (NEAR INDORE) M.P.,MADHYA PRADESH,At Sirmaur Himachal Pradesh Tons At Haripur,KHAN,20,25,0.8,2.1,7.2,7.9,937,10301,7,26,3.69,7.96,170,1600,1500,2200
2020,2110,"KHAN AT SAKKAR KHADI, INDORE",MADHYA PRADESH,At Sirmaur Himachal Pradesh Tons At Haripur,KHAN,19,25,0.8,2,7.1,7.8,907,1440,10,28,3.10,8.05,150,1600,1200,2200
2020,2111,KHAN AT SANWER,MADHYA PRADESH,At Sirmaur Himachal Pradesh Tons At Haripur,KHAN,15,25,2.4,5.4,7.2,7.7,805,4076,2.6,14,2.15,7.22,17,1600,540,1600
2020,1369,"KSHIPRA AT RAMGHAT AT UJJAIN, M.P.",MADHYA PRADESH,At Sirmaur Himachal Pradesh Tons At Haripur,KSHIPRA,20,30,6.2,7.7,7.7,8.4,543,1318,4,8,0.95,2.50,34,5400,920,160000
2020,1370,"KSHIPRA AT TRIVENISANGAM (1 KM. D/S OF SANGAM), M.P.",MADHYA PRADESH,At Sirmaur Himachal Pradesh Tons At Haripur,KSHIPRA,29,29,7,7.9,7.3,8.3,549,1250,3.2,6,0.83,2.01,24,5400,1600,160000
2020,1468,"KSHIPRA AT SIDDHAWAT (D/S) OF UJJAIN., M.P.",MADHYA PRADESH,At Sirmaur Himachal Pradesh Tons At Haripur,KSHIPRA,22,29,5.9,8.1,7.3,8.5,561,1792,6,15,1.06,2.81,540,54000,1600,160000
2020,3315,"KSHIPRA AT GAUGHAT, UJJAIN",MADHYA PRADESH,At Sirmaur Himachal Pradesh Tons At Haripur,KSHIPRA,25,29,6.5,7.8,7.6,8.5,532,1363,3.4,7,0.92,2.70,36,5400,1400,160000
2020,3316,"KSHIPRA AT U/S OF MAHIDPUR CITY, UJJAIN",MADHYA PRADESH,At Sirmaur Himachal Pradesh Tons At Haripur,KSHIPRA,26,29,6.6,7.6,7.1,8.4,568,1942,2,4,0.40,1.93,3,540,70,9200
2020,3317,"KSHIPRA AT W/S INTAKE POINT OF DEWAS, UJJAIN",MADHYA PRADESH,At Sirmaur Himachal Pradesh Tons At Haripur,KSHIPRA,22,26,7,7.5,7.2,7.9,300,674,1.6,14,BDL,1.70,2,10,26,58
2020,2724,"SUSWA RIVER AT MATHURAWALA, DEHRADUN",UTTARAKHAND,At Sirmaur Himachal Pradesh Tons At Haripur,RIVER,17,26,2.6,4.2,6.6,8.3,390,1153,26,34,BDL,2.85,2,1600,2,1600
2020,2734,BHELLA RIVER U/S KASHIPUR,UTTARAKHAND,At Sirmaur Himachal Pradesh Tons At Haripur,RIVER,8,39,3.2,8.4,7,8.1,158,440,3,7.9,-,-,-,-,-,-
2020,2735,BHELLA RIVER AT LOHIYA BRIDGE D/S KASHIPUR,UTTARAKHAND,At Sirmaur Himachal Pradesh Tons At Haripur,AT LOHIYA BRIDGE,8,39,0.2,4,6.2,7.6,330,690,18,28,-,-,-,-,-,-
2020,2732,DHELLA RIVER U/S AT KASHIPUR MORADABAD ROAD BRIDGE,UTTARAKHAND,At Sirmaur Himachal Pradesh Tons At Haripur,U/S,8,39,3.4,7.8,7.2,8.4,240,520,4,15,-,-,-,-,-,-
2020,2733,DHELLA RIVER D/S AT THAKURDWARA ALIGANJ ROAD,UTTARAKHAND,At Sirmaur Himachal Pradesh Tons At Haripur,D/S,8,32,0.3,3.4,7.1,7.9,410,650,6,26,-,-,-,-,-,-
2020,2731,KOSHI RIVER AT KASHIPUR BAJPUR ROAD BRIDGE,UTTARAKHAND,At Sirmaur Himachal Pradesh Tons At Haripur,RIVER,17,40,3.2,6.7,7.3,8.3,200,450,3,4.9,-,-,-,-,-,-
2020,2728,GOLA RIVER AT HALDWANI,UTTARAKHAND,At Sirmaur Himachal Pradesh Tons At Haripur,RIVER,14,27,6.2,8,7.2,8.1,180,280,1.2,3.6,-,-,110,110,170,170
2020,2729,KICHHA RIVER AT KICHHA U.S. NAGAR,UTTARAKHAND,At Sirmaur Himachal Pradesh Tons At Haripur,RIVER,10,39,2.4,6.9,7,8.8,310,820,3,12,-,-,-,-,-,-
2020,2730,PILKHAR RIVER AFTER BILASPUR RAMPUR,UTTARAKHAND,At Sirmaur Himachal Pradesh Tons At Haripur,,9,33,4,7.2,7.1,8.2,320,580,4,9.2,-,-,-,-,-,-
2020,2736,"NANDOUR RIVER U/S SITARGANJ INDUSTRIAL AREA, Us NAGAR",UTTARAKHAND,At Sirmaur Himachal Pradesh Tons At Haripur,RIVER,10,33,3,6.9,7,8.5,180,310,5,9,-,-,-,-,-,-
2020,2737,"NANDOUR RIVER D/S SITARGANJ INDUSTRIAL AREA, Us NAGAR",UTTARAKHAND,At Sirmaur Himachal Pradesh Tons At Haripur,RIVER,10,41,2.6,6.3,7.5,8.9,170,520,2.5,12,-,-,-,-,-,-
2020,3439,"KALYANI RIVER AT D/S PANTNAGAR INDUSTRIAL AREA, Us NAGAR",UTTARAKHAND,At Sirmaur Himachal Pradesh Tons At Haripur,AT,10,39,1.4,7.3,6.9,7.9,410,760,4.1,20,-,-,-,-,-,-
2020,3438,"KALYANI RIVER AT U/S PANTNAGAR INDL AREA, Us NAGAR",UTTARAKHAND,At Sirmaur Himachal Pradesh Tons At Haripur,AT,10,39,2,8,7.1,8.5,260,540,3,10,-,-,-,-,-,-
2020,1064,"RAMGANGA AT KANNAUJ (BEFORE CONF.), U.P",UTTAR PRADESH,At Sirmaur Himachal Pradesh Tons At Haripur,RAMGANGA,16,32,5.9,10.3,7.8,8.5,296,616,2.8,5,-,-,3200,17000,5800,26000
2020,30078,RAMGANGA AT D/S KALAGARH DAM (U.K.),INTER-STATE,At Sirmaur Himachal Pradesh Tons At Haripur,RAMGANGA,16,16,8.5,9.5,6.8,7.4,185,195,1.1,1.9,BDL,0.67,450,23000,780,490000
2020,30077,"RAMGANGA AT D/S SHERKOT, KALAGARH (U.P.)",INTER-STATE,At Sirmaur Himachal Pradesh Tons At Haripur,RAMGANGA,16,16.2,7,9,6.9,7.3,152,359,1,2.9,BDL,0.55,2,7800,780,23000
2020,2497,"RIVER KALI EAST AT KHARKHODA-PARIKSHIT GARH ROAD, VILL. KOL, MEERUT",UTTAR PRADESH,Kali East At Kharkhoda-Parikshit Garh Road,KALI EAST,14,23,0.3,0.3,7.2,7.6,1000,1590,47,67,21.4,,44.4  120000,120000,110000,260000
2020,1477,KALINADI AT U/S OF MUZAFFAR NAGAR U.P.,UTTAR PRADESH,Kali East At Kharkhoda-Parikshit Garh Road,KALINADI,-,-,0.3,6.2,7.2,7.8,331,427,4.8,10,0.54,1.28,270,140000,3500,1600000
2020,1478,"KALINADI AT D/S OF MUZAFFAR NAGAR, U.P.",UTTAR PRADESH,Kali East At Kharkhoda-Parikshit Garh Road,KALINADI,-,-,0.3,0.3,6.8,7.7,625,1805,24,440,0.51,,7.31  490000  35000000  790000  54000000,,,
2020,1065,"KALINADI AT KANNAUJ (BEFORE CONF.), U.P",UTTAR PRADESH,Kali East At Kharkhoda-Parikshit Garh Road,KALINADI,16,30,5.5,8.2,7.4,7.9,278,1135,3,6,-,-,2000,11000,4200,27000
2020,30037,BANGANGA AT U/S IDRISHPUR (U.K.),UTTAR PRADESH,Kali East At Kharkhoda-Parikshit Garh Road,BANGANGA,-,-,3.6,7.6,7.7,7.9,524,582,1.4,6.9,0.66,3.22,78,790,1300,5400
2020,30038,BANGANGA AT D/S SHUKRATAL (BEFORE CONFLUENCE OF LAKSAR DRAIN ),UTTAR PRADESH,Kali East At Kharkhoda-Parikshit Garh Road,BANGANGA,-,-,5.7,7.2,7.6,7.9,415,496,1,2.7,0.61,3.35,78,7900,170,17000
2020,2482,"RIVER VARUNA AT RAMESHWAR, VARANASI",UTTAR PRADESH,Kali East At Kharkhoda-Parikshit Garh Road,VARUNA,18.5,32,6.2,8.7,8.2,8.9,236,522,2.8,3.6,BDL,0.35,800,1700,2100,3400
2020,2483,RIVER VARUNA B/C WITH RIVER GANGA AT VARANASI,UTTAR PRADESH,Kali East At Kharkhoda-Parikshit Garh Road,VARUNA B/C WITH RIVER GANGA,18.5,32.5,2.1,4.5,7,7.8,158,782,7.6,18.2,BDL,1.42,33000,70000,49000,110000
2020,1361,"SAI AT UNNAO AFTER DRAIN OUTFALL, U.P.",UTTAR PRADESH,Kali East At Kharkhoda-Parikshit Garh Road,SAI,18,32,6,9.2,7.7,8.3,224,487,3.1,3.9,-,-,2600,4300,4600,9400
2020,2484,"RIVER SAI AT JALALPUR, JAUNPUR",UTTAR PRADESH,Kali East At Kharkhoda-Parikshit Garh Road,SAI,18.5,32.5,6.2,8.6,7.9,8.5,248,486,2.8,3.9,BDL,0.4,6300,13000,11000,21000
2020,1350,"GOMTI AT SITAPUR U/S AT WATER INTAKE, U.P.",UTTAR PRADESH,Kali East At Kharkhoda-Parikshit Garh Road,GOMTI,12.5,35,6.1,12.4,7.7,8.6,244,436,1.9,2.8,BDL,1.45,330,2200,790,2600
2020,1351,"GOMTI AT LUCKNOW U/S AT WATER INTAKE POINT, U.P.",UTTAR PRADESH,Kali East At Kharkhoda-Parikshit Garh Road,GOMTI,12,33.5,4,11.6,7.6,8.4,282,495,2.5,4,BDL,2,2300,9300,3300,14000
2020,1352,"GOMTI AT LUCKNOW D/S, U.P.",UTTAR PRADESH,Kali East At Kharkhoda-Parikshit Garh Road,GOMTI,13,34.5,1.5,3.8,7.3,7.8,309,680,8.5,12.5,BDL,3.8,49000,130000,130000,350000
2020,1353,"GOMTI AT JAUNPUR D/S, U.P.",UTTAR PRADESH,Kali East At Kharkhoda-Parikshit Garh Road,GOMTI,18,32.5,6,8.7,7.9,8.7,250,548,3.5,4.6,BDL,0.5,4600,14000,9000,26000
2020,1072,"GOMTI AT VARANASI, U.P",UTTAR PRADESH,Kali East At Kharkhoda-Parikshit Garh Road,GOMTI,18,32.5,6.2,8.8,8,8.7,248,534,3.1,4.3,BDL,0.6,3300,13000,7000,23000
2020,10095,RIVER GOMTI AT SULTANPUR U/S,UTTAR PRADESH,Kali East At Kharkhoda-Parikshit Garh Road,GOMTI,21,28,5.8,7,7.8,8.3,311,369,4.5,4.9,BDL,0.82,4300,5200,7900,8300
2020,10096,RIVER GOMTI AT SULTANPUR D/S,UTTAR PRADESH,Kali East At Kharkhoda-Parikshit Garh Road,GOMTI,21,28,6,7.2,7.7,8.2,309,361,4.4,4.7,BDL,0.8,4100,4900,7000,8000
2020,10097,RIVER GOMTI AT JAUNPUR U/S,UTTAR PRADESH,Kali East At Kharkhoda-Parikshit Garh Road,GOMTI,18,32.5,6.4,9.3,8.1,8.6,238,506,2,3.6,BDL,0.4,500,1400,1300,3100
2020,2491,"RIVER RAPTI AT RAJGHAT, GORAKHPUR",UTTAR PRADESH,Kali East At Kharkhoda-Parikshit Garh Road,RAPTI,16,28,7,7.8,7.4,7.7,326,356,5,6,-,-,20000,30000,42000,50000
2020,1363,"RAPTI AFTER CONFL. OF R. HONIN NR. DOMINGARH RLY BRIDGE, GORAKHPUR, U.P.",UTTAR PRADESH,Kali East At Kharkhoda-Parikshit Garh Road,HONIN,16,26,7.4,8.5,7.5,8.1,272,298,3.4,4.6,-,-,6000,20000,22000,30000
2020,1354,"SARYU AT AYODHYA AT MAIN BATHING GHAT,",UTTAR PRADESH,Kali East At Kharkhoda-Parikshit Garh Road,SARYU,18,24,9,10.8,7.7,7.8,201,311,2.7,3.2,BDL,0.7,1100,2900,2100,3900
2020,1355,"GHAGHARA AT DEORIA D/S, U.P.",UTTAR PRADESH,Kali East At Kharkhoda-Parikshit Garh Road,GHAGHARA,16,26,7.2,8,7.4,7.8,312,332,3.2,4.4,-,-,11000,25000,22000,33000
2020,2492,"RIVER GHAGHRA AT BARHALGANJ, GORAKHPUR",UTTAR PRADESH,Near Banzari,GHAGHRA,18,28,6.9,7.8,7.6,7.8,378,398,3.9,7.8,-,-,18000,34000,34000,52000
2020,1076,"GHAGHARA NEAR CHAPRA, RIBILGANJ, SARAN",BIHAR,Near Banzari,GHAGHARA,16,30,5.8,10,7.3,8.5,160,389,1.4,2.5,BDL,0.45,2200,160000,11000,160000
2020,1359,"RIHAND AT RENUKUT U/S, U.P.",UTTAR PRADESH,Near Banzari,RIHAND,17,29,7.5,10.2,3.1,8.3,224,322,1.4,7.6,-,-,200,800,800,14000
2020,1360,"RIHAND AT RENUKUT D/S, U.P.",UTTAR PRADESH,Near Banzari,RIHAND,17,30,7.2,9.5,6.3,8.5,238,340,2.5,3.5,-,-,800,2100,2200,4300
2020,1075,"SONE AT KOELWAR, BHOJPUR",BIHAR,Near Banzari,SONE,11,36,6.5,10,7.5,8.3,184,511,1.2,2.2,BDL,0.64,1300,160000,3300,160000
2020,3121,"SONE RIVER NEAR BANZARI, ROHTAS",BIHAR,Near Banzari,RIVER,17,29,6.9,8.8,7.5,8.3,72,218,1.3,2.2,BDL,0.64,1700,160000,3900,160000
2020,3127,"SONE RIVER AT BAHIYARA, BHOJPUR",BIHAR,Near Banzari,RIVER,19,36,6.6,10,7.6,8.5,151,242,1.2,2.3,BDL,0.34,1300,92000,1700,160000
2020,3128,"SONE RIVER AT NASIRIGANJ DAM, ROHTAS",BIHAR,Near Banzari,RIVER,14,29,6.2,8.5,7.4,8.4,135,470,1.1,2.4,BDL,0.69,1100,160000,2600,160000
2020,2556,"SONE AT INDRAPURI, DEHRI ON SONE, ROHTAS",BIHAR,Near Banzari,SONE,16,29,6.7,8.9,7.6,8.3,131,201,1.1,2.5,BDL,0.52,936,160000,2100,160000
2020,4406,"SONE AT OBRA, AURANGABAD",BIHAR,Near Banzari,SONE,14,30,5.1,9.6,7.6,8.6,218,541,1.3,2.9,BDL,0.39,3300,160000,28000,160000
2020,4407,"SONE AT WATER INTAKE POINT BHARTIYA RAIL BIJALI CO. LTD. (BRBCL), NAVINAGAR, AURANGABAD",BIHAR,Near Banzari,SONE,13,29,6.7,9.2,7.5,8.2,187,470,1,2.4,BDL,BDL,11000,160000,28000,160000
2020,4298,"ROAD BRIDGE-DEHRI-ON-SONE, ROHTAS",BIHAR,Near Banzari,,16,30,6.5,8.7,7.5,8.3,127,470,1.2,2.3,BDL,0.49,450,160000,1100,160000
2020,2568,"GANDAK AT REWAGHAT, MUJAFFARPUR",BIHAR,Near Banzari,GANDAK,17,29,6.8,9.5,7.6,8.3,160,324,1.2,2.1,BDL,1.06,1700,54000,2200,160000
2020,3125,GANDAK RIVER GOPALGANJ PIPRAKOTHI ROAD BRIDGE (DUMARIA GHAT),BIHAR,Near Banzari,,17,30,6.4,9.6,7.3,8.7,198,332,1.4,2.2,BDL,0.46,2100,54000,7000,160000
2020,10126,"GANDAK AT KONHARA GHAT, VAISHALI",BIHAR,Near Banzari,GANDAK,14,30,6.3,9.5,7.2,8.3,192,295,1.4,2.8,BDL,0.35,1700,92000,7900,160000
2020,10163,"GANDAK AT ROAD BRIDGE, U/S HAJIPUR",BIHAR,Near Banzari,GANDAK,14,30,6.5,9.9,7.5,8.5,185,306,1.3,3.5,BDL,0.61,1100,92000,4000,160000
2020,2575,"SIKRAHNA RIVER AT LAL PARSE, BITTIAH, EAST CHAMPARAN",BIHAR,Near Banzari,RIVER,18,30,4.5,8.2,7.4,7.9,185,489,1.6,7.2,BDL,0.85,11000,160000,11000,160000
2020,1820,"SIKRAHNA AT CHANPATIYA, EAST CHAMPARAN",BIHAR,Near Banzari,SIKRAHNA,14,31,3.6,8.2,7.2,8.1,224,488,1.2,7.2,BDL,BDL,4900,160000,11000,160000
2020,3134,"SIKRAHNA RIVER AT LAUREA, HARINAGAR ROAD BRIDGE",BIHAR,Near Banzari,RIVER,13,30,5.3,9,7.5,8.1,224,432,1.4,2.1,BDL,BDL,2700,160000,14000,160000
2020,4291,"RIVER SIKRAHNA LAURIA-NARKATIAGANJ ROAD BRIDGE, WEST CHAMPARAN",BIHAR,Near Banzari,,16,31,1.1,8.5,6.9,8.1,237,625,1.4,10,BDL,0.47,7900,160000,22000,160000
2020,2570,"BURHI GANDAK AT Z ROAD BRIDGE, SAMASTIPUR",BIHAR,Near Banzari,GANDAK,15,29,5.4,9.1,7.1,8.1,172,515,1.6,2.3,BDL,0.47,4900,160000,14000,160000
2020,3124,BURHI GANDAK RIVER U/S ROAD BRIDGE MUZAFFARPUR (NH),BIHAR,Near Banzari,RIVER,19,32,5.4,9.9,6.7,8.3,199,437,BDL,3.5,BDL,0.5,780,35000,2100,160000
2020,2562,"BURHI GANDAK AT AKHARAGHAT, MUZAFFARPUR",BIHAR,Near Banzari,GANDAK,18,32,5.2,9.5,6.8,8.1,192,445,1.3,2.6,BDL,0.51,1100,160000,7000,160000
2020,4300,"LAL BAGLA GHAT, MOTIHARI DHAKA ROAD, EAST CHAMPARA",BIHAR,Near Banzari,,14,30,4.4,9,7.1,7.9,170,469,1.5,3.7,BDL,0.87,1700,35000,11000,54000
2020,4295,"KHAGARIA ROAD BRIDGE, KHAGARIA",BIHAR,Near Banzari,,18,36,5.5,9,7,8.3,252,488,1.5,2.4,BDL,0.36,1700,160000,3300,160000
2020,3126,"U/S HARBORA RIVER, WEST CHAMPARAN",BIHAR,Near Banzari,,16,29,6.3,8.9,7.5,8,280,473,1.1,2,BDL,0.31,1700,160000,7000,160000
2020,2567,KAMALA RIVER AT BENIPATTI (MADHUBANI),BIHAR,Near Banzari,RIVER,17,28,5.2,9.5,7.4,8.1,203,436,1.4,2,BDL,0.43,2300,160000,3300,160000
2020,2569,KAMALA RIVER AT DARBHANGA,BIHAR,Near Banzari,RIVER,10,29,0.4,6.8,7,7.9,131,664,1.5,4,BDL,1.13,1100,160000,2200,160000
2020,2558,"HARBORA RIVER AT NARKATIAGANJ, WEST CHAMPARAN",BIHAR,Near Banzari,RIVER,16,29,3.5,7.7,7.3,8.1,287,499,1.5,3.2,BDL,0.43,2200,160000,11000,160000
2020,3133,KAMALA RIVER AT JAYNAGAR,BIHAR,Near Banzari,RIVER,12,28,5.6,9.7,7.2,8.3,160,373,1.4,2.4,BDL,0.42,1100,160000,1400,160000
2020,4299,"JEEWACH GHAT, DARBHANGA",BIHAR,Near Banzari,,11,29,4.2,8.1,7.1,7.9,158,619,1.6,2.7,BDL,0.95,2300,160000,3200,160000
2020,2565,KOSHI RIVER AT KURSHELA AT KATIHAR,BIHAR,Near Banzari,AT KURSHELA,14,28,6.2,9.2,7,8.3,154,302,1.7,2.9,BDL,BDL,2200,160000,3300,160000
2020,2566,KOSHI RIVER AT MADHEPURA,BIHAR,Near Banzari,RIVER,12,27,5.5,8.1,7.2,8.2,185,268,1.4,2.8,BDL,BDL,930,160000,1400,160000
2020,3137,"KOSHI RIVER AT BEERPUR, SUPAUL",BIHAR,Near Banzari,RIVER,18,27,7,9.6,7.4,8.4,214,299,1.2,2.2,BDL,1.4,920,160000,1400,160000
2020,1821,DAHA AT SIWAN,BIHAR,Near Banzari,DAHA,17,31,3,6,7.3,8.1,230,619,1.9,3.4,BDL,1.22,4900,160000,7000,160000
2020,4397,DAHA RIVER D/S RAJENDRA ROAD BRIDE SIWAN,BIHAR,Near Banzari,RIVER,17,31,3.6,5.8,7.2,8.3,254,716,1.8,3.8,BDL,0.96,9400,160000,9400,160000
2020,2560,"D/S DAHA RIVER AT SASAMUSA, GOPALGANJ",BIHAR,Near Banzari,RIVER,16,31,2.2,6.9,7,8.2,231,570,2,6.8,BDL,1.14,7000,160000,17000,160000
2020,2561,"DAHA RIVER AT ITWA BRIDGE, GOPALGANJ",BIHAR,Near Banzari,RIVER,16,30,1.7,8.6,7.3,8.5,292,528,1.4,3.5,BDL,0.57,2200,160000,7900,160000
2020,3129,DAHA RIVER AT MEERGANJ,BIHAR,Near Banzari,RIVER,17,30,4.3,9,7.3,8.3,242,521,1.6,3,BDL,0.4,2700,160000,14000,160000
2020,4292,"U/S SASAMUSA, GOPALGANJ",BIHAR,Near Banzari,,16,31,4.4,7.5,7.5,8.3,283,555,1.8,3.9,BDL,BDL,2200,160000,11000,160000
2020,1823,"RIVER DHOUS AT MADHUVAPUR, MADHUBANI",BIHAR,Near Banzari,DHOUS,20,30,4.7,8.7,7,7.9,121,296,1.4,2.1,BDL,0.4,1100,35000,17000,54000
2020,4405,"RIVER DHONS AT MADHUVAPUR, MADHUBANI",BIHAR,Near Banzari,DHONS,19,29,4.8,8.5,7.2,7.9,130,354,1.1,2,BDL,0.33,1100,160000,14000,160000
2020,2559,"RAMREKHA RIVER AT HARINAGAR, WEST CHAMPARAN",BIHAR,Near Banzari,RIVER,13,28,1.8,5.4,6.2,7.3,395,658,1.9,7,BDL,0.45,28000,160000,43000,160000
2020,3130,"RAMREKHA RIVER AT U/S HARINAGAR, WEST CHAMPARAN",BIHAR,Near Banzari,AT,12,28,1.2,5.5,6.9,7.3,318,407,1.9,5,BDL,0.55,17000,160000,43000,160000
2020,1822,"SIRSIYA AT RAXAUL, EAST CHAMPARAN",BIHAR,Near Banzari,SIRSIYA,17,31,0.9,2.7,6.9,7.8,321,789,3.2,7,BDL,0.62,14000,160000,35000,160000
2020,3136,"SIRSIYA RIVER D/S RAXAUL (KOERIA TOLA), EAST CHAMPARAN",BIHAR,Near Banzari,RIVER,17,31,0.3,2.1,6.8,7.9,326,776,3.3,6,BDL,0.38,21000,160000,35000,160000
2020,3132,BAGMATI RIVER AT MUZAFFARPUR- SITAMARHI ROAD BRIDG,BIHAR,Near Banzari,RIVER,15,34,6,9.5,7.5,8.3,185,502,1.4,3.6,BDL,1.2,4000,160000,13000,160000
2020,3135,"BAGMATI RIVER AT DARBANGA, SAMASTIPUR ROAD BRIDGE,",BIHAR,Near Banzari,RIVER,15,31,5.5,9.8,7.2,8.3,179,440,1.5,2.2,BDL,0.95,1700,35000,3300,160000
2020,3131,"U/S MANUSMAR RIVER (RIGA), SITAMARHI",BIHAR,Near Banzari,,13,32,5.2,8.5,7.5,8.2,184,452,1.1,2.7,BDL,0.37,2100,160000,6300,160000
2020,2563,"MANUSMAR RIVER AT RIGA, SITAMARHI",BIHAR,Near Banzari,RIVER,13,32,4.3,8,7.6,8.1,194,464,1.5,3.3,BDL,0.47,2200,160000,14000,160000
2020,4402,"MANUSMAR AT PARSHURAMPUR, RIGA - BELSUND ROAD, SITAMARHI",BIHAR,Near Banzari,MANUSMAR,12,32,5,8.5,7.6,8,206,514,1.5,2.7,BDL,0.34,780,160000,1700,160000
2020,3119,"POONPUN RIVER NEAR POONPUN RAIL BRIDGE,",BIHAR,Near Banzari,RIVER,15,30,5.8,9.1,6.2,8.4,217,431,1.2,2.8,BDL,0.5,1400,160000,7900,160000
2020,3120,"POONPUN RIVER NEAR KINZER ROAD BRIDGE, JEHANABAD",BIHAR,Near Banzari,RIVER,15,32,5.3,9.4,6.9,8.5,226,472,1,3,BDL,0.51,1200,160000,2100,160000
2020,4293,"U/S KOHRA, RAJ GHAT, MANJHAULIA, WEST CHAMPARAN",BIHAR,Near Banzari,,14,29,4.3,7.2,7.4,8.3,283,552,1.7,2.9,BDL,BDL,2100,54000,4900,160000
2020,4294,"D/S KOHRA, RAJ GHAT, MANJHAULIA, WEST CHAMPARAN",BIHAR,Near Banzari,,15,31,4.1,6.9,7.3,7.7,288,688,1.7,4.2,BDL,BDL,2600,160000,22000,160000
2020,4399,"HARHA RIVER AT BAGHA, LAURIYA ROAD BRIDGE",BIHAR,Near Banzari,RIVER,16,28,6.6,9.8,7.4,8,203,352,1.3,2.3,BDL,0.74,780,160000,1700,16000 0
2020,4400,RIVER LAKHANDEI SITAMARHI U/S,BIHAR,Near Banzari,LAKHANDEI SITAMARHI,17,32,5.5,8.5,7.5,8.3,169,668,1.9,3.8,BDL,0.54,2100,160000,3900,160000
2020,4401,RIVER LAKHANDEI SITAMARHI D/S,BIHAR,Near Banzari,LAKHANDEI SITAMARHI,16,28,1.1,7.5,7.3,7.6,209,771,2.5,4,BDL,0.57,4000,160000,28000,160000
2020,4404,"GANGI AT ARA, D/S",BIHAR,Near Banzari,GANGI,21,35,1,6.6,7,7.8,225,654,1.6,6,BDL,1.69,14000,160000,28000,160000
2020,2117,"BICHIA, BRIDGE GOVINDGARH ROAD",MADHYA PRADESH,Bhoga Door,,19.3,32.5,5.5,7,7.1,8.1,280,908,2,4,BDL,0.77,8,82,84,430
2020,1433,"SANKH AT TIGRA RESERVOIR, M.P.",MADHYA PRADESH,Bhoga Door,SANKH,18,28,7,8,7.2,7.5,114,220,BDL,1.8,BDL,0.8,2,2,24,27
2020,1610,"SONE AT ORIGINE AMARKANTAK, M.P",MADHYA PRADESH,Bhoga Door,SONE,18,29,6.7,7.2,6.2,7.7,158,795,BDL,7,BDL,0.32,2,2,2,18
2020,1142,"SONE AT CHACHAI, M.P.",MADHYA PRADESH,Bhoga Door,SONE,21.4,30,1.6,7.9,7.3,8,158,387,BDL,1.6,BDL,22,2,18,2,48
2020,1371,"SONE AT AMLAI, M.P.",MADHYA PRADESH,Bhoga Door,SONE,21.5,32,7,8.1,7.51,8.1,187,375,BDL,1.5,BDL,0.56,2,18,2,43
2020,1612,"SONE AT DEVLOAD OUT LET OF BANSAGAR DAM,",MADHYA PRADESH,Bhoga Door,SONE,22,30.2,7,8,7.4,8.1,198,467,BDL,7.9,BDL,0.62,2,18,27,47
2020,3327,"SONE AT AMLAI, 100 METRE D/S AFTER MIXING OF ATPS EFFLUENT, REWA",MADHYA PRADESH,Bhoga Door,SONE,22,30,7,7.8,7.51,8,231,457,BDL,1.7,BDL,0.65,2,18,37,52
2020,3846,"SONE AT JARWAHI NEAR ROAD BRIDGE, SHAHDOL",MADHYA PRADESH,Bhoga Door,SONE,22,30.2,7,8,7.2,8.1,193,486,BDL,1.5,BDL,0.46,2,18,27,48
2020,30082,SONE DEORA U/S RIHAND (M. P.),INTER-STATE,Bhoga Door,DEORA,19,30,6.2,7.4,7.4,8.1,159,194,2.7,3.5,BDL,0.74,2000,2600,4500,6300
2020,3851,SONE NEAR BHANVARSEN ROAD BRIDGE AFTER CONFLUENCE,MADHYA PRADESH,Bhoga Door,SONE,19.7,30.5,1.8,8.9,7.5,7.9,296,519,BDL,2,BDL,0.43,2,2,31,380
2020,1607,"GOHAD DAM, GOHAD, M.P",MADHYA PRADESH,Bhoga Door,,20,24,5,7.8,7.2,8.1,360,1220,1.9,3,0.32,1,2,45,34,170
2020,3313,KARIYARI U/S BEFORE MIXING WITH WASTE WATER OF M/S,MADHYA PRADESH,Bhoga Door,KARIYARI,19,30.5,6.5,7.9,7.6,8.6,310,986,BDL,2,BDL,0.57,2,2,33,49
2020,3314,KARIYARI 100 MTR. D/S AFTER MIXING WITH WASTE WATE,MADHYA PRADESH,Bhoga Door,,19,30.5,6.5,8.4,7.7,8.4,316,995,1,2,BDL,0.84,2,18,34,58
2020,3319,"NEWAJ AT W/S INTAKE POINT, SHUJALPUR, UJJAIN",MADHYA PRADESH,Bhoga Door,NEWAJ,21,29,6.4,7.8,7.4,8.6,402,604,1.6,2.2,BDL,1.81,2,83,30,70
2020,3320,"NEWAJ AT U/S NEAR W/S INTAKE POINT, RAJGARH, GUNA",MADHYA PRADESH,Bhoga Door,NEWAJ,20,26,6.8,7.9,7,7.9,206,415,1,1.9,BDL,0.78,2,4,17,40
2020,3310,"CHAMLA AT W/S INTAKE POINT BADNAGAR, UJJAIN",MADHYA PRADESH,Bhoga Door,CHAMLA,24,29,7.1,7.7,7.8,8.1,298,770,1.8,2,0.48,1.10,2,6,46,49
2020,3306,"CHOUPAN AT VIJAYPUR U/S NFL NALLA, GUNA",MADHYA PRADESH,Bhoga Door,CHOUPAN,12,26,6.8,8,7.1,8.4,280,503,1.1,1.8,BDL,0.68,2,2,24,34
2020,3307,"CHOUPAN AT VIJAYPUR 100 METRE D/S OF NFL NALLA, GUNA",MADHYA PRADESH,Bhoga Door,CHOUPAN,12,27,6.7,7.3,7.3,8.5,318,536,1.3,2.2,BDL,0.88,2,4,26,40
2020,2100,"GOUR RIVER BHOGA DOOR, JABALPUR",MADHYA PRADESH,Bhoga Door,,17,26,7,7.8,7.2,8.7,130,410,BDL,1.6,BDL,0.8,2,2,12,47
2020,3311,"JAMUNI AT BARIYAGHAT U/S NEAR INTAKE POINT, TIKAMGARH",MADHYA PRADESH,Bhoga Door,JAMUNI,23,31,6.6,7.2,7.1,7.9,262,393,BDL,1.3,BDL,BDL,2,2,5,24
2020,4085,"JUMAR RIVER AT BIT MESRA, RANCHI",JHARKHAND,Tributary Streams - At Bit Mesra,RIVER,8,28,5.4,7,6.5,7.5,-,-,2.1,3.2,-,-,140,150,280,930
2020,2396,JUMAR AT KANKE DAM,JHARKHAND,Tributary Streams - At Bit Mesra,JUMAR,9,23,6.7,8.5,6.8,7.7,-,-,2,3.5,-,-,140,150,140,930
2020,2401,AJAY RIVER AT MASANJORE DAM,JHARKHAND,Tributary Streams - At Bit Mesra,RIVER,15,35,8,8.6,7.1,8,304,314,1.4,2.8,-,-,-,-,-,-
2020,3554,"KONAR RIVER NEAR SWANG COAL WASHERY, BOKARO",JHARKHAND,Tributary Streams - At Bit Mesra,RIVER,20,35,7.4,7.6,7.4,7.6,-,-,1.2,2.3,-,-,-,-,-,-
2020,2388,KONAR AT TILAYA DAM,JHARKHAND,Tributary Streams - At Bit Mesra,KONAR,19,33,7.4,8.4,7.3,7.6,-,-,1.2,1.9,-,-,-,-,-,-
2020,2389,KONAR AT KONAR DAM,JHARKHAND,Tributary Streams - At Bit Mesra,KONAR,19.5,32.5,7.4,8.6,7.2,7.6,-,-,1.1,2,-,-,-,-,-,-
2020,2390,KONAR AT TENUGHAT DAM,JHARKHAND,Tributary Streams - At Bit Mesra,KONAR,17,34,7.4,7.8,7.6,7.7,-,-,BDL,1.4,-,-,-,-,-,-
2020,4000,GARGA RIVER NEAR TELMUCHO BRIDGE,JHARKHAND,Tributary Streams - At Bit Mesra,RIVER,16,30,5.9,6.9,6.5,6.9,-,-,1.8,4.6,-,-,-,-,-,-
2020,2379,NALKARI TRIBUTARY AT PATRATU,JHARKHAND,Tributary Streams - At Bit Mesra,TRIBUTARY,19,33,3.9,8,6.7,7.6,-,-,1.2,2.9,-,-,-,-,-,-
2020,2381,BOKARO AT ZARANGDIH BRIDGE,JHARKHAND,Tributary Streams - At Bit Mesra,BOKARO,19.5,36.5,7.2,7.5,7.3,7.5,-,-,1.9,2.8,-,-,-,-,-,-
2020,1034,"SANKH AT BOLBA, JHARKAND",JHARKHAND,Tributary Streams - At Bit Mesra,SANKH,17,18,7.8,8.6,7.2,7.3,-,-,1.9,2.2,-,-,140,150,750,930
2020,2378,DAMODAR D/S BHAIRABI AT RAJRAPPA,JHARKHAND,Tributary Streams - At Bit Mesra,DAMODAR,17,33,7.6,8.6,7.3,7.8,-,-,1,1.8,-,-,-,-,-,-
2020,3555,"DAMODAR RIVER NEAR ZARANGDIH BRIDGE, BOKARO",JHARKHAND,Tributary Streams - At Bit Mesra,RIVER,19,36,7.5,7.9,7.6,7.8,-,-,1,2,-,-,-,-,-,-
2020,4083,"DAMODAR RIVER NEAR ROHINI PROJECT, NK AREA, PO-DAKRA, RANCHI",JHARKHAND,Tributary Streams - At Bit Mesra,RIVER,10,28,8.2,8.5,7.3,7.4,-,-,2.5,2.8,-,-,140,150,750,930
2020,3553,DAMODAR RIVER NEAR TELMUCHO BRIDGE,JHARKHAND,Tributary Streams - At Bit Mesra,RIVER,17.5,29,7.4,7.7,7.4,7.6,-,-,1,2,-,-,-,-,-,-
2020,3556,CONFLUENCE OF BOKARO & DAMODAR RIVER NEAR ZARANGDI,JHARKHAND,Tributary Streams - At Bit Mesra,RIVER,19,36,7.4,7.8,7.5,7.6,-,-,1.3,2.1,-,-,-,-,-,-
2020,3557,"DAMODAR RIVER NEAR BERMO RAILWAY STATION, BOKARO",JHARKHAND,Tributary Streams - At Bit Mesra,RIVER,18,36,7.4,7.7,7.5,7.8,-,-,1.1,1.9,-,-,-,-,-,-
2020,2382,DAMODAR AT PHUSRO ROAD BRIDGE,JHARKHAND,Tributary Streams - At Bit Mesra,DAMODAR,17.5,35,7.3,7.7,7.5,7.6,-,-,1.3,2.4,-,-,-,-,-,-
2020,2380,DAMODAR AT RAMGARH ROAD BRIDGE,JHARKHAND,Tributary Streams - At Bit Mesra,DAMODAR,19,32,7.2,8.3,7.3,7.7,-,-,1.1,2.9,-,-,-,-,-,-
2020,2383,DAMODAR U/S JAMADOBA WATER WORKS,JHARKHAND,Tributary Streams - At Bit Mesra,DAMODAR,19,31,7.5,7.8,7.2,7.6,-,-,BDL,1.5,-,-,-,-,-,-
2020,2384,DAMODAR AT DOMGARH WATER WORKS D/S SINDRI,JHARKHAND,Tributary Streams - At Bit Mesra,DAMODAR,18,33,7.5,7.7,7.3,7.6,-,-,BDL,2.2,-,-,-,-,-,-
2020,2391,DAMODAR AT PANCHET DAM,JHARKHAND,Tributary Streams - At Bit Mesra,DAMODAR,16,36,7.5,7.7,7.4,7.8,,,BDL,1.4,,,,,,
2020,1331,"DAMODAR AT DISHERGARH VILL.(NR.BIHAR-WEST BENGAL BORDER) , BURDWAN",WEST BENGAL,Tributary Streams - At Bit Mesra,DAMODAR,22,30,7.7,8.9,,7.19  8.11,134,293,1.75,2.55,BDL,0.65,1400,4800,3100,8400
2020,1332,"DAMODAR AT D/S OF IISCO AFTER 3RD OUTFALL AT DHENNA VILLAGE, BURDWAN,WEST BENGAL",WEST BENGAL,Tributary Streams - At Bit Mesra,DAMODAR,21,31,7.7,8.8,,7.24  8.09,143,327,1.4,2.45,BDL,0.33,2200,3900,3800,6300
2020,1333,"DAMODAR AT NARAINPUR AFTER CONFL. OF NUNIA NALLAH, BURDWAN,WEST BENGAL",WEST BENGAL,Tributary Streams - At Bit Mesra,DAMODAR,21,32,7.5,9,,7.28  8.29,194,367,1.9,2.7,BDL,0.47,1000,3200,1700,5800
2020,1334,"DAMODAR NEAR MUJHER MANA VILLAGE AFTER CONF. OF TAMLA NALLAH, BURDWAN",WEST BENGAL,Tributary Streams - At Bit Mesra,DAMODAR,18,31.5,6.9,7.9,,7.06  8.14,240,516,2.6,3.9,BDL,0.40,3900,7900,6300,12000
2020,10107,"RIVER DAMODAR AT ANDAL U/S, BURDWAN",WEST BENGAL,Tributary Streams - At Bit Mesra,DAMODAR,20,32,7.3,8.8,,7.26  8.15,190,338,1.6,2.9,BDL,1,1100,3300,1700,4700
2020,10108,"RIVER DAMODAR AT ANDAL D/S, BURDWAN",WEST BENGAL,Tributary Streams - At Bit Mesra,DAMODAR,20,31,7.2,8.4,,7.38  8.22,186,306,1.6,2.35,BDL,0.7,1200,2700,1700,4700
2020,10109,"RIVER DAMODAR AT ASANSOL U/S, BURDWAN",WEST BENGAL,Tributary Streams - At Bit Mesra,DAMODAR,22,30,8,9,,7.55  8.24,140,288,1.5,2.55,BDL,0.3,1700,3400,2600,4700
2020,10110,"RIVER DAMODAR AT DURGAPUR U/S, BURDWAN",WEST BENGAL,Tributary Streams - At Bit Mesra,DAMODAR,21,31,7.3,8.5,,7.37  8.45,194,322,1.5,2.5,BDL,0.4,1300,3100,2000,6300
2020,10111,"RIVER DAMODAR AT RANIGANJ D/S, BURDWAN",WEST BENGAL,Tributary Streams - At Bit Mesra,DAMODAR,21.5,32,7.5,8.7,,7.21  8.14,273,373,1.5,2.75,BDL,0.3,1700,4300,3100,7000
2020,2527,"WATER INTAKE POINT FOR BURDWAN TOWN,",WEST BENGAL,Tributary Streams - At Bit Mesra,,21.5,33.5,8,8.5,7.4,8.6,191,372,1.8,2.85,BDL,0.4,1700,3300,2400,4600
2020,1764,"CHURNI D/S OF RANAGHAT TOWN,",WEST BENGAL,Tributary Streams - At Bit Mesra,CHURNI,19,32,1,6.5,,7.64  8.17,279,718,2,9.45,BDL,0.62,1700,800000,14000,13000000
2020,2518,"CHURNI, MAJHADIA, NADIA",WEST BENGAL,Tributary Streams - At Bit Mesra,,19,33,0.4,4,,7.58  8.15,235,689,1.1,7.13,0.39,0.63,450,160000,780,300000
2020,2541,"WATER INTAKE POINT FOR BANKURA TOWN ON RIVER DWARAKESHWAR, BANKURA",WEST BENGAL,Tributary Streams - At Bit Mesra,,18.5,35,7.9,8.6,,7.48  8.19,174,368,1.8,3.3,BDL,0.50,1100,3100,1400,4300
2020,2531,"U/S OF TARAPITH ON RIVER DWARKA AT SADHAK BAMDEB GHAT, BIRBHUM",WEST BENGAL,Tributary Streams - At Bit Mesra,DWARKA,20,32.5,6.9,7.9,,7.46  8.16,111,246,2.8,3.85,BDL,0.4,3300,24000,5800,35000
2020,2532,"D/S OF TARAPITH ON RIVER DWARKA, SATIGHAT",WEST BENGAL,Tributary Streams - At Bit Mesra,,19,32,6.7,7.5,,7.06  7.94,116,267,3.1,4.2,BDL,0.4,3900,54000,12000,92000
2020,2514,"JALANGI, D/S OF KRISHNA NAGAR, NADIA",WEST BENGAL,Tributary Streams - At Bit Mesra,,19,33,2.2,10.9,,7.66  8.27,253,635,1.35,6.35,BDL,0.61,200,14000,800,17000
2020,1337,"RUPNARAYAN BEFORE CONFL. TO RIVER GANGA NEAR GEONKHALI,MEDINIPORE, WEST BENGAL",WEST BENGAL,Tributary Streams - At Bit Mesra,GANGA,20,32,6,8.7,,6.71  8.29,266,3045,BDL,2.8,1.06,6.05,2200,8400,7900,17000
2020,2509,"D/S OF RUPNARAYAN AT KOLAGHAT, NEAR KOLAGHAT RAIL BRIDGE NO.3,MEDINIPORE",WEST BENGAL,Tributary Streams - At Bit Mesra,RUPNARAYAN,21,31,5.1,9.2,,7.02  8.05,201,2533,BDL,3.3,0.88,3.2,4100,9400,11000,130000
2020,2531,"U/S OF TARAPITH ON RIVER DWARKA AT SADHAK BAMDEB GHAT, BIRBHUM",WEST BENGAL,Tributary Streams - At Bit Mesra,DWARKA,24,32.5,6.9,7.6,,7.46  8.16,111,246,2.85,3.85,0.08,0.204,3300,24000,5800,35000
2020,2532,"D/S OF TARAPITH ON RIVER DWARKA, SATIGHAT",WEST BENGAL,Tributary Streams - At Bit Mesra,,24,32,6.7,7.5,,7.21  7.94,116,267,3.15,4.2,0.08,0.211,3900,54000,12000,92000
2020,2541,"WATER INTAKE POINT FOR BANKURA TOWN ON RIVER DWARAKESHWAR, BANKURA",WEST BENGAL,Tributary Streams - At Bit Mesra,,18.5,35,8,8.6,,7.54  8.19,174,368,2.7,3.3,,0.098  0.497,1700,3100,2400,4300
2020,1030,"BRAHAMPUTRA AT DIBRUGARH, ASSAM",ASSAM,Brahamputra,BRAHAMPUTRA,20,25,6.8,9.9,7,8.1,134,203,1.3,2.1,0.5,1.6,300,910,720,2100
2020,1262,"BRAHAMPUTRA AT NIMATIGHAT, ASSAM",ASSAM,Brahamputra,BRAHAMPUTRA,16,27,6.1,8,7.3,7.8,146,172,1,2.8,0.3,1.4,2,360,300,910
2020,1526,"BRAHMPUTRA RIVER AT DHENUKHAPAHAR,",ASSAM,Brahamputra,RIVER,19,30,6.6,8,7.2,7.9,127,150,1.1,2.2,0.4,1.4,300,1500,910,3500
2020,1031,"BRAHAMPUTRA AT PANDU, ASSAM",ASSAM,Brahamputra,BRAHAMPUTRA,17,30,6.6,10.3,7,8.1,108,156,1.6,1.8,0.6,1.2,300,1400,720,2800
2020,1299,"BRAHAMPUTRA AT JOGIJHOGA NEAR BRIDGE,",ASSAM,Brahamputra,BRAHAMPUTRA,20,30,5.1,7.7,7,8,153,174,1.2,2,0.7,1.4,300,1500,360,2800
2020,2069,BRAHMPUTRA RIVER NEAR WATER INTAKE POINT AT KACHAR,ASSAM,Brahamputra,NEAR WATER INTAKE POINT,20,33,6.1,10.4,7.3,8,97,186,1.3,2.6,0.5,1.6,360,1100,1100,2700
2020,2064,"BRAHMAPUTRA RIVER AT CHANDRAPUR, GUWAHATI, ASSAM",ASSAM,Brahamputra,RIVER,20,33,5.2,10.2,7,7.8,108,188,1.2,2.8,0.6,1.4,300,910,720,2100
2020,2067,"BRAHMPUTRA RIVER AT SUALKUCHI, DIST. KAMRUP, ASSAM",ASSAM,Brahamputra,RIVER,18,30,6.8,10.8,7,8.2,115,189,1.5,2.8,0.7,2,300,730,1100,2100
2020,2066,"BRAHMAPUTRA RIVER AT DHUBRI, ASSAM",ASSAM,Brahamputra,RIVER,22,35,5.2,7.3,6.8,7.7,156,211,1.6,2.4,0.6,1.2,360,1100,730,2800
2020,3781,"BRAHAMPUTRA RIVER AT BOGIBEEL BRIDGE, BOGIBEEL, DIGBOI",ASSAM,Brahamputra,RIVER,19,26,5.6,8.7,7.2,7.8,117,157,1.6,2.6,0.4,1.4,300,730,700,1500
2020,4004,BRAHAMPUTRA RIVER AT BISWANATH GHAT,ASSAM,Brahamputra,RIVER,17,30,7.2,7.8,7.2,8,146,208,1.4,2.3,0.6,1.4,300,1100,1100,2800
2020,1422,"BURHIDIHING AT MARGHERITA, ASSAM",ASSAM,Brahamputra,BURHIDIHING,21,25,5.6,9.5,7,7.8,114,228,1.2,2.1,0.6,1.2,300,910,360,2000
2020,2062,"BURHIDIHING NEAR DULIAJAN AT D/S, TINSUKIA,",ASSAM,Brahamputra,BURHIDIHING,20,28,6.2,9,7,8.1,151,186,1,2.2,0.3,1.8,300,910,720,2100
2020,2230,BURHIDIHING RIVER AT DULIAJAN (INTAKE POINT OF OIL,ASSAM,Brahamputra,RIVER,20,26,5.9,7.7,7.4,8.1,160,196,1.1,2.4,BDL,1.4,300,910,360,1500
2020,1796,DHANSIRI AT FULL NAGARJAN,NAGALAND,Brahamputra,DHANSIRI,17.9,31,0.4,8.8,7.2,8.2,97,229,1.4,2.4,BDL,2.4,-,-,-,-
2020,1797,"DHANSIRI AT BRIDGE NEAR PURANA BAZAAR, NAGALAND",NAGALAND,Brahamputra,DHANSIRI,18,31,5,9.2,7,8.2,74,300,1.8,2.6,BDL,1.8,-,-,-,-
2020,1800,DHANSIRI AT NUTON BASTI,NAGALAND,Brahamputra,DHANSIRI,16.6,29.8,1.4,4.8,6.7,7.9,102,302,1.9,6.2,BDL,2.2,-,-,-,-
2020,1798,DHANSIRI AT NEAR CHECK GATE (DIMAPUR KHUTKHUTI ROA,NAGALAND,Brahamputra,DHANSIRI,17.8,32,4.8,6.8,7.1,7.8,100,254,1.8,2.9,BDL,1.4,-,-,-,-
2020,1259,"DHANSIRI AT GOLAGHAT, ASSAM",ASSAM,Brahamputra,DHANSIRI,20,32,5.8,10,7,7.7,103,130,1.7,2.1,0.3,1.3,300,1100,720,2100
2020,1799,DHANSIRI AT TOWN BOUNDARY BRIDGE (DIPHU ROAD),NAGALAND,Brahamputra,DHANSIRI,15.1,30.2,4.4,6.2,7,8.4,59,198,1.1,2.1,BDL,1.7,-,-,-,-
2020,1928,"DHANSIRI AT NAGALAND-ASSAM BORDER, DIMAPUR",NAGALAND,Brahamputra,DHANSIRI,18.7,31.2,4.5,7.7,6.7,8.1,99,251,2,3.5,BDL,1.9,-,-,-,-
2020,3764,"DHANSIRI RIVER NEAR BRIDGE AT NH-15, DHANSIRI BHALUKMARI JUNGLE, UDALGIRI",ASSAM,Brahamputra,NEAR BRIDGE,19,28,6.2,7.3,7.2,7.7,95,128,1.2,2.1,0.3,1.7,300,730,720,1500
2020,3792,DHANSIRI RIVER AT JAHAIGHAT,ASSAM,Brahamputra,RIVER,20,32,6.6,10.3,7.2,7.7,133,162,1.6,2.2,0.4,1,300,730,720,2000
2020,3759,"DIKRONG RIVER NEAR BRIDGE AT NH-52, BANDARDEWA",ASSAM,Brahamputra,NEAR BRIDGE,19,36,5.4,7.1,6.9,8,113,138,1.3,2,0.7,1.2,300,730,720,2000
2020,3786,"GAI NADI/ RIVER AT SOMARAJAN, DHEMAJI",ASSAM,Brahamputra,RIVER,19,25,5.2,8,7,7.8,165,196,1.2,2.1,0.6,1.4,300,730,700,2000
2020,3807,DIGARU RIVER AT NH CROSSING,ASSAM,Brahamputra,RIVER,19,30,6.5,9.8,7,7.7,47,96,1.4,2.2,0.6,1.1,300,1500,1100,3500
2020,1530,"DIGBOI RIVER AT LAKHIPATHE, RESERVE FOREST, DIGBOI",ASSAM,Brahamputra,RIVER,21,26,1.4,6.8,7,7.8,271,300,2.2,2.8,1,2.1,610,1100,1100,2800
2020,2231,"DIKHOW RIVER AT DIKHOW BRIDGE SIVASAGAR,",ASSAM,Brahamputra,RIVER,18,31,5.4,7.8,7.3,8,156,234,BDL,2.1,0.3,1.3,2,360,300,930
2020,3776,DIKHOW RIVER AT NAGINI MORA (INTER-STATE BOUNDARIE,ASSAM,Brahamputra,RIVER,17,29,6.2,7.8,7.1,7.8,126,245,1.2,1.9,0.3,1.4,2,360,2,930
2020,3778,DIKHOW RIVER AT DIKHOMUKH CONFLUENCE WITH BRAHAMPU,ASSAM,Brahamputra,RIVER,20,28,5.7,8.8,7,8.1,158,180,1.3,2.1,0.3,1.2,300,910,720,2100
2020,3821,"DIPLAI BEEL AT SILGARA, KOKRAJHAR",ASSAM,Brahamputra,BEEL,21,34,4.1,5.1,7.1,7.5,43,57,1.2,2.4,0.6,0.9,300,730,360,1400
2020,1298,"DISANG AT GUNDAMGHAT, ASSAM",ASSAM,Brahamputra,DISANG,16,28,5.1,7.9,6.8,7.7,172,210,BDL,2.1,0.6,2.1,2,300,2,730
2020,2058,"DISANG RIVER AT DILLIGHAT, DIBRUGARH DIST.,",ASSAM,Brahamputra,RIVER,19,26,5.2,9.2,7,8.1,131,152,1.1,2.2,0.7,1.6,300,1100,720,2700
2020,4005,DISANG RIVER AT NH CROSSING,ASSAM,Brahamputra,RIVER,18,29,5.4,7.7,7.2,7.8,90,206,BDL,1.9,0.7,1.9,2,360,300,730
2020,3763,"GABHARU RIVER NEAR BRIDGE AT NH-52, NEAR TUMIUKI,",ASSAM,Brahamputra,NEAR BRIDGE,18,30,5,6.8,6.6,7.5,74,96,1.3,2.1,0.4,1.2,300,730,720,2100
2020,4011,TOCKLAI RIVER NEAR BRIDGE AT JORHAT,ASSAM,Brahamputra,NEAR BRIDGE,18,30,5.4,7.1,6.9,8,98,176,2,2.6,0.7,1.6,360,930,730,1900
2020,4012,TUNIA RIVER AT D/S BRPL,ASSAM,Brahamputra,AT,24,32,5.1,5.7,7.2,7.7,97,124,1.2,2.4,0.5,1.1,300,1100,720,2800
2020,4329,LARSING RIVER NEAR LOCL DEPO AT MOINARBOND,ASSAM,Brahamputra,NEAR LOCL DEPO,20,24,5.2,6.1,7,7.3,92,112,1.6,2.3,0.5,1,300,730,610,2000
2020,4331,DOWNSTREAM OF DHATESHWARI RIVER AT HAILAKANDI,ASSAM,Brahamputra,RIVER,22,25,5.1,5.6,6.8,7.6,126,157,1.9,2.3,0.6,1.2,300,910,1100,2100
2020,4332,DEMOW RIVER DEMOW TOWN,ASSAM,Brahamputra,,18,29,5.2,7.5,6.9,7.6,116,200,BDL,2.3,0.4,1.3,2,720,2,1100
2020,4336,"BORSILA RIVER AT BORSILA, DEOPANI, NAMTI",ASSAM,Brahamputra,RIVER,15,30,5.3,8.2,6.9,7.5,54,90,BDL,2.2,0.5,1.2,2,300,2,910
2020,4341,"BARNADI RIVER NEAR BRIDGE, NH-52, DUMUNICHOWKI KAM",ASSAM,Brahamputra,RIVER,18,35,5.7,10.1,7,8.2,81,144,1.3,2,0.6,1.2,300,730,600,2100
2020,4342,"BARALIA RIVER (NEAR CHATPUJA GHAT) RANGIA, KAMRUP",ASSAM,Brahamputra,,19,34,6.1,10.2,7,8.2,90,176,1.2,2.2,0.5,1,300,1100,730,2800
2020,4343,BURADIA RIVER (NEAR BRIDGE ALONG NH-31) NALBARI,ASSAM,Brahamputra,,18,34,5.3,10.1,7,8.1,131,160,1.3,1.9,0.5,1.8,300,730,720,2700
2020,4344,"TIHU RIVER (NEAR BRIDGE ALONG NH-31) TIHU, NALBARI",ASSAM,Brahamputra,,18,32,5.9,11.6,7.2,8.2,138,177,1.2,1.8,0.5,1.4,300,910,1100,2700
2020,4345,"SINGRA RIVER (NEAR BRIDGE ALONG NH-37) BOKO, KAMRUP (R)",ASSAM,Brahamputra,,20,35,6.5,10.6,7,7.8,48,70,1.5,1.8,0.4,1.1,300,730,720,2000
2020,3381,"MANDA RIVER (DUDHAI RIVER) AT JAMPA,",MEGHALAYA,Brahamputra,,17,30.4,7,7.9,6.7,7.3,50,80,1.2,1.9,0.33,0.47,14,49,140,320
2020,3382,MANDA RIVER (DUDHAI RIVER) AT WAGAISI,MEGHALAYA,Brahamputra,,17,31.5,7,8.3,7.1,7.7,58,88,1,1.8,0.32,0.78,12,58,110,320
2020,1802,DIKCHU B/c WITH TEESTA NEAR NHPC HYDROELECTRIC POW,SIKKIM,Brahamputra,TEESTA,15,21,8.5,12,6.5,7.1,165,280,1,2.2,1.2,2.5,30,55,95,135
2020,1930,DZU D/S KOHIMA TOWN,NAGALAND,Brahamputra,DZU,14.4,28,5.1,6.8,7.6,8.5,142,586,1.8,2.9,BDL,2.4,-,-,-,-
2020,1929,"CHATHE AT MEDZIPHEMA, DIMAPUR",NAGALAND,Brahamputra,CHATHE,14.5,30.8,5.4,7.4,7.2,8.3,80,185,1.4,2.7,BDL,1.8,-,-,-,-
2020,2888,"CHATHE RIVER NEAR CHRISTIAN INSTITUTE OF HEALTH SCIENCES AND RESEARCH (CIHSR), DIMAPUR",NAGALAND,Brahamputra,RIVER,17.1,28,5.4,7.6,7.1,8,28,181,1.2,2.9,BDL,1.2,-,-,-,-
2020,2891,DZUCHA RU IN KOHIMA,NAGALAND,Brahamputra,,11.4,25.5,5.4,8,7.5,8.4,78,280,1,2.3,0.6,1.5,-,-,-,-
2020,2889,DZUDZA RU IN KOHIMA,NAGALAND,Brahamputra,,10,26.1,5.4,8.8,7,8.4,57,142,BDL,1.8,BDL,2.7,-,-,-,-
2020,2892,"DZUNA RU IN KOHIMA, ADJOINING THE NEW KOHIMA MUNIC",NAGALAND,Brahamputra,,11.5,25.4,5.2,7.2,7.2,8.3,32,386,1.2,2.4,1,2.4,-,-,-,-
2020,2893,DZUNA RU (CONFLUENCE OF DZUCHA & DZUNA RU) IN KOHI,NAGALAND,Mahi,,11.3,25.7,5.4,7,7,8.1,135,375,1.2,2.3,1.1,3.1,-,-,-,-
2020,4719,RIVER TORSA D/S OF GHUGHUMARI,WEST BENGAL,Mahi,TORSA,14,29,6.8,7.4,6.8,7.8,72,166,1.2,2.6,BDL,1.37,1300,5000,5000,11000
2020,4724,RIVER TORSA AT HASIMARA,WEST BENGAL,Mahi,TORSA,18,29,6.1,8.6,6.9,7.82,39,87,1.2,2.1,BDL,1.83,1300,5000,5000,22000
2020,1232,MAHI (D/S) CONF WITH R. CHAP (UNDER SAGWARA-SARHI,RAJASTHAN,Mahi,,19,32,4.4,6.5,8.2,8.6,360,560,BDL,2.9,1.10,2.07,28,460,75,1100
2020,1864,MAHI AT MUJPUR,GUJARAT,Mahi,MAHI,26,32,1.3,7.9,7.8,8.4,385,2860,BDL,2.3,BDL,0.59,4,30,63,210
2020,1233,"MAHI AT BADNAWAR, M.P.",MADHYA PRADESH,Mahi,MAHI,17,26,6.8,7.9,7.5,8.7,306,511,BDL,1.3,0.62,2.12,2,2,40,70
2020,1230,"MAHI AFTER CONF. WITH ANAS AT PARDI (BANASWADA),",GUJARAT,Mahi,ANAS,26,31,7.1,8.7,7.8,8.4,360,476,BDL,BDL,BDL,0.57,2,12,11,70
2020,1231,"MAHI AT VIRPUR,",GUJARAT,Mahi,MAHI,26,30,7.6,8.6,7.9,8.3,264,480,BDL,BDL,BDL,0.60,2,12,21,64
2020,1863,MAHI AT UMETA BRIDGE,GUJARAT,Mahi,MAHI,23,32,7.2,8.5,7.9,8.5,387,599,BDL,BDL,BDL,0.58,6,26,49,130
2020,3206,MAHI AT SHERKHI BRIDGE,GUJARAT,Mahi,MAHI,22,32,2.3,8.6,8,8.8,320,1663,BDL,8.9,BDL,0.58,4,47,47,350
2020,3318,"MAHI AT RANISINGH VILLAGE, RATLAM, UJJAIN",MADHYA PRADESH,Mahi,MAHI,25,29,6.2,7.9,7.6,7.9,280,570,1.4,2.1,0.61,1.13,2,8,43,50
2020,3848,ANAS RIVER NEAR ROAD BRIDGE JHABUA,MADHYA PRADESH,Mahi,RIVER,17,26,6.9,8,7.6,8.3,262,669,BDL,1.4,0.59,1.73,2,2,39,84
2020,1228,"ANAS AT DAHOD, (KUSHALGARH), DIST. PANCHMAHAL",GUJARAT,Sabarmati,ANAS,26,31,6.7,8.2,7.9,8.4,318,754,BDL,BDL,BDL,0.75,4,40,31,210
2020,2104,MALEI AT JAORA,MADHYA PRADESH,Sabarmati,MALEI,24,28,6.8,7.8,7.3,8.1,324,1040,1.8,2.8,0.49,1.25,2,12,46,90
2020,2102,"SHIVNA AT RAMGHAT, MANDSAUR",MADHYA PRADESH,Sabarmati,SHIVNA,24,26,6.5,7.7,7.3,7.8,218,750,1.8,2,0.52,0.96,2,7,48,58
2020,1227,"PANAM AT LUNAWADA,",GUJARAT,Sabarmati,PANAM,26,30,7.1,8.4,7.6,8.6,361,513,BDL,BDL,BDL,0.58,2,21,33,120
2020,1221,"SABARMATI AT KHEROJ BRIDGE,",GUJARAT,Sabarmati,SABARMATI,26,27.7,4.2,8.7,7.2,8.1,420,1248,BDL,1.9,BDL,1.76,4,70,21,280
2020,1223,SABARMATI AFTER CONF. WITH MESHWA AT VAUTHA (NEAR,GUJARAT,Sabarmati,MESHWA,27,30,0.3,6.5,7.1,8,510,2661,5,48,BDL,0.52,2,540,70,1700
2020,1409,"SABARMATI AT RAILWAY BRIDGE AHMEDABAD,",GUJARAT,Sabarmati,SABARMATI,25,29,6,8.2,7.4,8.5,220,340,BDL,2.5,BDL,0.68,17,220,150,540
2020,1866,"SABARMATI RIVER AT HANSAOL BRIDGE,",GUJARAT,Sabarmati,RIVER,25,29,6.2,8,7.3,8.1,223,403,BDL,2.6,BDL,1.02,6,63,47,280
2020,1407,"SABARMATI AT GANDHI NAGAR CHILODA BRIDGE, LEKAWADA",GUJARAT,Sabarmati,SABARMATI,27,29,7,7.9,7.7,8.3,322,362,1.1,1.9,BDL,0.31,4,47,21,240
2020,1408,"SABARMATI AT VILL. MIROLI TALUKA DASCROI, AHMEDABA",GUJARAT,Sabarmati,SABARMATI,29,33,0.3,4.2,7.1,8.2,664,2630,9,76,BDL,0.61,170,1600,920,5400
2020,1482,"SABARMATI AT MAHUDI JAIN TEMPLE, 150 KM. FORM ORIG",GUJARAT,Sabarmati,SABARMATI,28,28,7,7.3,7.9,8.2,415,452,1,2,BDL,BDL,4,12,33,70
2020,2075,"DHAROI DAM, DIST. MEHSANA.",GUJARAT,Sabarmati,,24,29,5,8.1,7.6,8.3,334,643,0.5,1.1,BDL,BDL,2,4,2,27
2020,1222,"SHEDHI AT KHEDA,",GUJARAT,Sabarmati,SHEDHI,24,33,2.3,6.1,7.5,8.5,460,2530,1.3,8.7,BDL,1.12,17,1600,110,1600
2020,1437,"KHARI AT LALI VILLAGE NEAR AHMEDABAD,",GUJARAT,Sabarmati,KHARI,27,30,BDL,0.3,7.2,8,230,3422,42,189,BDL,1.463,540,4300,1600,21000
2020,3321,"NARMADA AT AMARKANTAKE FROM ORIGIN POINT, REWA",MADHYA PRADESH,Narmada,NARMADA,18.5,29.5,7.5,8.4,7.5,8.01,218,387,BDL,1.7,BDL,0.49,2,18,26,43
2020,1242,NARMADA NEAR SOURCE AT AMARKANTAK M.P.,MADHYA PRADESH,Narmada,NARMADA,18,29.5,3.6,7.7,7,7.9,183,2216,BDL,0.4,BDL,0.42,2,18,2,44
2020,1241,NARMADA AT MANDLA NEAR ROAD BDG. M.P.,MADHYA PRADESH,Narmada,NARMADA,17.2,26,6.8,8.3,7.2,8.7,160,363,BDL,2.6,BDL,0.8,2,14,17,48
2020,1240,NARMADA AT NARSINGHPUR M.P.,MADHYA PRADESH,Narmada,NARMADA,17,23.5,7,8.6,7,8.3,170,357,BDL,1.9,BDL,1.16,2,11,12,49
2020,2106,NARMADA AT NEMAWAR,MADHYA PRADESH,Narmada,NARMADA,22,28,7,7.9,7.3,8.3,279,360,BDL,2,0.31,51,2,18,28,49
2020,1239,"NARMADA AT BADWANI, M.P.",MADHYA PRADESH,Narmada,NARMADA,20,24.6,7.2,8,7.7,8.3,152,594,BDL,1.2,BDL,1.24,2,2,34,48
2020,1431,"NARMADA AT MAHESHWAR, M. P.",MADHYA PRADESH,Narmada,NARMADA,19,24.3,7.3,8,7.4,8.1,258,338,BDL,1.3,0.61,1.11,2,2,38,49
2020,2099,"NARMADA LALPUR, JABALPUR",MADHYA PRADESH,Narmada,,17,25,7,8.7,7.4,8.6,130,378,BDL,1.9,BDL,0.87,2,4,9,39
2020,1234,NARMADA AT HOSHANGABAD U S,MADHYA PRADESH,Narmada,NARMADA,17,32,8.3,9.8,7.5,7.9,246,298,1.1,1.7,0.95,1.75,2,2,26,63
2020,2112,"NARMADA NEAR MORTAKKA BRIDGE, BADWAH",MADHYA PRADESH,Narmada,NARMADA,19,24.2,7.2,8.3,7,8.3,270,489,BDL,1.2,BDL,3.65,2,2,34,49
2020,1235,NARMADA AT HOSHANGABAD D S,MADHYA PRADESH,Narmada,NARMADA,18,30,5.6,8.7,7.4,8.2,278,365,1,1.5,2.12,8.12,2,57000,84,160000
2020,2113,"NARMADA NEAR PUNASA DAM, PUNASA",MADHYA PRADESH,Narmada,NARMADA,19,24.3,7.1,8.2,7.3,8.4,242,2676,BDL,1.1,0.59,1.02,2,2,27,49
2020,1430,NARMADA AT D S OF OMKARESHWAR M.P.,MADHYA PRADESH,Narmada,NARMADA,19,24.4,7,8.1,7.4,8.2,224,292,BDL,1.2,0.58,1.11,2,2,31,49
2020,3322,"NARMADA AT MANDLA, NEAR SHAMSHANGHAT, JABALPUR",MADHYA PRADESH,Narmada,NARMADA,13,26,7,7.8,7.3,8.6,160,366,BDL,2,BDL,0.85,2,6,14,48
2020,3323,"NARMADA AT LALPUR, NEAR WATER SUPPLY INTAKE POINT,",MADHYA PRADESH,Narmada,NARMADA,17,25.2,7,8.6,7.2,8.7,138,411,BDL,1.8,BDL,1.1,2,59,20,48
2020,3324,"NARMADA AT PANCHWATIGHAT, BEFORE MIXING WITH BAWAN",MADHYA PRADESH,Narmada,NARMADA,17.2,23.5,7,8.1,7.3,8.3,218,385,BDL,1.9,BDL,1.2,2,6,8,400
2020,3325,"NARMADA AT SARSWATIGHAT, AFTER MIXING WITH BAWANGA",MADHYA PRADESH,Narmada,NARMADA,17.2,23.3,7,7.8,7.3,8.3,226,2600,BDL,1.9,BDL,1.34,2,6,10,49
2020,2118,NARMADA RIVER AT D/S OF KAPILDHARA,MADHYA PRADESH,Narmada,AT,18.2,29.6,7.1,7.8,7.19,8,179,311,BDL,1.7,BDL,0.45,2,18,33,47
2020,2123,NARMADA AT KORIGHAT HOSHANGABAD,MADHYA PRADESH,Narmada,NARMADA,17,30,5.8,8.6,,7.59  8.34,251,388,1,1.4,1.42,10.72,2,35000,63,92000
2020,3847,NARMADA RIVER AT DHARAMPURI,MADHYA PRADESH,Narmada,RIVER,20,24.6,7.1,8,7.6,8.3,244,306,BDL,1.4,0.66,1.778,2,2,32,49
2020,4582,"NARMADA AT JAMTARA, NEAR RAILWAY BRIDGE",MADHYA PRADESH,Narmada,NARMADA,17.3,25.9,7,8.4,7.4,8.3,150,3330,0.4,2,0.31,1.3,1.8,4,39,39
2020,4583,NARMADA NEAR ROAD BRIDGE JHANSINGHAT JABALPUR,MADHYA PRADESH,Narmada,NARMADA,17.4,23.6,7,8.2,7.2,8.1,160,390,0.7,1.8,0.46,2.44,1.8,6,40,40
2020,4584,NARMADA N.H. 44 NEAR ROAD BRIDGE AT BARMAN. JABALP,MADHYA PRADESH,Narmada,BRIDGE,17.3,23.4,7,8.1,7.1,8.3,160,352,0.7,1.9,0.36,1.21,1.8,10,430,430
2020,4586,NARMADA S.N. 44 NEAE ROAD BRIDGE NEAR JHILKOLI NARSINGPUR,MADHYA PRADESH,Narmada,BRIDGE,17.3,23.6,7,8,7.1,8.2,147,2800,0.8,1.8,0.53,2.42,1.8,1.8,0,0
2020,4587,"NARMADA AT NEAR ROAD BRIDGE, SANDIA",MADHYA PRADESH,Narmada,NARMADA,18,25,8.6,8.9,8,8.1,208,288,1,1.1,1.02,1.55,2,2,41,58
2020,4588,NARMADA AT U/S OF VILLAGE JAIT,MADHYA PRADESH,Narmada,NARMADA,18,32,8.8,9.3,7.7,8,216,307,1,1.2,0.87,4.6,1.8,2,58,63
2020,4589,NARMADA AT D/S OF VILL. JAIT,MADHYA PRADESH,Narmada,NARMADA,17,32,8.5,9.2,7.8,8,258,327,1.2,1.5,1.37,3.03,1.8,2,70,84
2020,4590,NARMADA U/S BEFOR CONFLU. RIVER TAWA NEAR BANDRABH,MADHYA PRADESH,Narmada,TAWA,18,31,8.7,9.9,7.9,8,237,295,1,1.4,1.29,2.08,1.8,2,49,70
2020,4591,NARMADA D/S AFTER CONFLU. RIVER TAWA RAMNAGAR,MADHYA PRADESH,Narmada,NARMADA,17,31,8.1,9.7,7.8,8,251,306,1.1,1.6,1.83,2.2,1.8,2,58,79
2020,4592,"RIVER NARMADA AT BUDHNIGHAT, BUDHNI",MADHYA PRADESH,Narmada,NARMADA,18,31,8.2,9.9,7.5,8,178,287,1.1,1.7,0.97,2.04,1.8,2,58,84
2020,4593,NARMADA AT D/S OF TEXTILE UNIT VILLAGE. HOLIPURA BUDNI,MADHYA PRADESH,Narmada,NARMADA,18,32,8.6,9.3,7.7,8,218,285,1.2,1.5,0.17,3.8,1.8,2,58,79
2020,4594,NARMADA AT BEFOR CONFLU. OF RIVER JAMNER VILL. NEMAWAR,MADHYA PRADESH,Narmada,NARMADA,22,28,7.1,7.8,7.4,8.6,319,352,0.7,2.4,,0.581  0.857,2,18,30,49
2020,4595,NARMADA 500 M.D/S NEAR JAIN MANDER VILLAGE NEMAWAR,MADHYA PRADESH,Narmada,,20,28,7,7.8,7.4,8.3,325,343,0.7,2.8,,0.011  0.918,2,6,29,58
2020,4596,NARMADA AT HANUWANTIA DIST. KHANDWA,MADHYA PRADESH,Narmada,NARMADA,19,24.8,7.2,8.2,7.5,8.5,208,284,0.6,1.1,,0.602  0.932,1,1,14,43
2020,4597,NARMADA AT U/S OMKAREWHWAR DAM KHANDWA,MADHYA PRADESH,Narmada,NARMADA,19,24.4,7,8.2,7.4,8.2,248,429,0.6,1.1,,0.512  0.908,1,1,31,43
2020,4598,NARMADA RIVER AT DHARESHWAR,MADHYA PRADESH,Narmada,RIVER,20,25,7.2,8.4,7.5,8.4,248,328,0.5,1.2,,0.521  1.291,1,1,31,49
2020,4599,NARMADA NEAR W/S INTAKE JALLOD,MADHYA PRADESH,Narmada,NARMADA,19,24.3,7.3,8,7.5,8.1,207,305,0.6,1,,0.601  1.098,1,1,32,43
2020,4600,NARMADA RIVER AT SHAHASTRADHARA (JALKOTI),MADHYA PRADESH,Narmada,RIVER,19,24.3,7.2,8.3,7.6,8.3,254,341,0.5,1.1,,0.521  1.966,1,1,33,48
2020,4601,NARMADA AT KHALGHAT,MADHYA PRADESH,Narmada,NARMADA,19,24.6,6.9,8.1,7.6,8.8,264,307,0.6,1.2,,0.451  1.238,1,1,36,49
2020,1244,"NARMADA AT PANETHA,",GUJARAT,Narmada,NARMADA,27,33,6.9,8,7.6,8.3,248,2656,BDL,1.1,BDL,BDL,21,32,46,94
2020,1245,"NARMADA AT CHANDOD,",GUJARAT,Narmada,NARMADA,22,28,6.8,8.7,7.1,8,288,510,BDL,1,BDL,0.704,4,18,21,210
2020,1981,"NARMADA AT ZANOR (NTPC), BHARUCH",GUJARAT,Narmada,NARMADA,26,30,6.4,7.7,7.5,8.4,321,481,BDL,1.1,BDL,BDL,21,49,68,92
2020,1243,"NARMADA AT BHARUCH, ZADESHVAR",GUJARAT,Narmada,NARMADA,26,30,3.6,7.5,7.5,8.2,244,972,BDL,1,BDL,BDL,70,170,210,320
2020,1236,"CHOTA TAWA BEFORE CONFL. WITH RIVER NARMADA, M.P.",MADHYA PRADESH,Narmada,,20,24,6.8,8.2,7.4,8.5,298,661,BDL,1.4,BDL,1.25,2,2,40,70
2020,2100,"GOUR RIVER BHOGA DOOR, JABALPUR",MADHYA PRADESH,Narmada,,17,26,7,7.8,7.2,8.7,130,410,BDL,1.6,BDL,0.8,2,2,12,47
2020,2114,KUNDA AT KHARGONE,MADHYA PRADESH,Narmada,KUNDA,19,25,5.6,7.6,7.7,8.7,345,569,BDL,1.8,BDL,6.12,2,150,40,1600
2020,3305,"BANJAR AT MALANJKHAND NEAR W/S INTAKE POINT, JABALPUR",MADHYA PRADESH,Narmada,BANJAR,17.3,26.5,7,7.8,7.4,8.6,160,3680,BDL,1.9,BDL,0.8,2,4,11,46
2020,3326,"SIMRAR AT KATNI NEAR ACC W/S INTAKE POINT, JABALPUR",MADHYA PRADESH,Narmada,SIMRAR,23.4,27.8,5.1,6.9,7.3,8.6,160,368,BDL,1.9,BDL,2.21,2,10,14,41
2020,3829,"HIRAN, NH -12 ROAD BRIDGE VIL VIKRAMPUR ,DIST. NARSINGPUR",MADHYA PRADESH,Narmada,,17.5,23.5,7,7.8,7.1,8.6,182,398,BDL,2.8,BDL,0.75,2,24,17,210
2020,2115,TAPI AT NEPA NAGAR 100 METRE D/S AFTER MIXING PANDHAR NALLAH,MADHYA PRADESH,Tapi,TAPI,19,26,6.6,8.2,7.3,8.5,255,490,BDL,1.6,BDL,1.64,2,12,38,210
2020,1250,TAPI AT HATHNUR M.P.,MADHYA PRADESH,Tapi,TAPI,19,26,4.8,8.2,7.6,8.3,280,659,1.3,1.9,BDL,1.29,2,6,47,170
2020,1247,TAPI AT MANDAVI,GUJARAT,Tapi,TAPI,26,29,7,7.6,7,8.3,321,4128,BDL,1.2,BDL,0.81,2,14,2,58
2020,1983,TAPI RIVER NEAR BARDOLI (KAPP BRIDGE) BARDOLI,GUJARAT,Tapi,RIVER,25,30,6.5,7.4,7,7.9,335,553,BDL,0.9,BDL,0.19,2,17,2,63
2020,1248,TAPI AT SURAT U/S KATHORE,GUJARAT,Tapi,TAPI,25,29,7,7.4,7.1,8,240,678,BDL,1.8,BDL,0.54,2,23,2,79
2020,1982,"TAPI AT RANDER BRIDGE, SURAT",GUJARAT,Tapi,TAPI,25,29,7,7.4,7.1,8.4,216,813,BDL,1.3,BDL,0.47,2,14,2,83
2020,2070,"KIM RIVER AT SAHOL BRIDGE, OLPAD HANSOT ROAD, DIST. SURAT",GUJARAT,Tapi,RIVER,25,30,4.8,7.2,7.1,8.2,211,3160,BDL,2,BDL,0.55,6,21,39,64
2020,3203,"AMRAVATI AT VILLAGE DADHAL , TA ANKLESHWAR, BHARUCH",GUJARAT,Tapi,AMRAVATI,27,31,6.1,8.2,7.4,8.2,298,1410,BDL,1.6,BDL,0.35,27,79,94,170
2020,1851,"MAHANADI AT SIHAWA, CHHATISGARH.",CHHATTISGARH,Mahanadi,MAHANADI,23,27,6.5,7.1,7.3,7.5,176,356,2.2,3,-,-,9,11,2,41
2020,1264,"MAHANADI AT RUDRI U/S AT DHAMTORI RESERVOIR, CHHATISGARH.",CHHATTISGARH,Mahanadi,MAHANADI,22,26,6.6,7.4,7.4,7.4,184,378,1.2,7,-,-,2,2,4,40
2020,1099,"MAHANADI AT U/S OF RAJIM, CHHATISGARH.",CHHATTISGARH,Mahanadi,MAHANADI,22,29,6.2,6.8,7.3,7.6,288,2940,2,4.6,-,-,2,32,12,94
2020,1852,"MAHANADI AT ARRANG, RAIPUR, CHHATISGARH.",CHHATTISGARH,Mahanadi,MAHANADI,22,28,6.4,6.8,7.5,7.6,284,386,1,2.6,-,-,11,21,6,48
2020,1100,"MAHANADI AT KHARAD, CHHATISGARH.",CHHATTISGARH,Mahanadi,MAHANADI,19,32,7.3,7.9,8,8.6,222,298,1.1,2.2,1.9,4.7,2,20,2,220
2020,1282,"MAHANADI AT SHEORINARAYAN VILLAGE, CHHATISGARH.",CHHATTISGARH,Mahanadi,MAHANADI,19.5,32,6.3,7.5,8.2,8.7,70,292,1.3,2.5,2.1,5.2,2,30,10,220
2020,1467,"MAHANADI AFTER CONFL. WITH RIVER MAND, CHHATISGARH",CHHATTISGARH,Mahanadi,,20,31.5,6.5,7.5,8,8.7,244,322,1.2,2.6,2.8,4.9,2,40,2,280
2020,3168,DOWNSTREAM OF HASDEO RIVER NEAR URGA VILLAGE KORBA,CHHATTISGARH,Mahanadi,RIVER,25.5,26.1,6.4,6.9,7.1,7.2,118,12621,BDL,1.4,BDL,7.84,13,260,49,700
2020,1101,"MAHANADI AT INTERSTATE BOUNDRY, CHHATISGARH.",CHHATTISGARH,Mahanadi,MAHANADI,19,27,6.5,7.4,7,7.6,194,224,1.2,4.2,0.84,44.03,2,9,9,48
2020,1281,MAHANADI AT HIRAKUD RESERVOIR,ODISHA,Mahanadi,MAHANADI,22,31,7.4,8.8,6.8,8.3,124,215,BDL,1.5,BDL,1.23,20,490,130,2400
2020,1270,MAHANADI AT SAMBALPUR U/S,ODISHA,Mahanadi,MAHANADI,21,30,6.6,8.6,6.6,8.2,143,299,BDL,1.4,BDL,0.88,45,1400,130,3500
2020,1271,MAHANADI AT SAMBALPUR D/S,ODISHA,Mahanadi,MAHANADI,22,31,7,8.4,6.9,8.5,157,342,1,2.7,BDL,1.80,130,2200,540,7000
2020,2405,SAMBHALPUR FD/s AT HUMA,ODISHA,Mahanadi,,23,29,6.8,8.4,7,8.3,140,206,BDL,1.5,BDL,1.02,130,2200,330,3500
2020,1272,MAHANADI D/S (AFTER CONFL. WITH R. ONG SONEPUR U/S,ODISHA,Mahanadi,MAHANADI,23,30,6.8,8.8,7.1,8.3,128,255,BDL,1.5,BDL,1.29,2,1300,20,3300
2020,1274,MAHANADI A/c WITH TEL (SONEPUR D/S),ODISHA,Mahanadi,SONEPUR,23,31,6.2,8.8,7.1,8.3,147,287,BDL,1.9,BDL,2.24,20,1700,170,3400
2020,2404,MAHANADI POWER CHANNEL D/S NEAR BURLA,ODISHA,Mahanadi,CHANNEL,22,30,6.8,8,7.1,7.9,143,208,BDL,1.7,BDL,1.23,20,1300,170,2400
2020,2406,MAHANADI AT MUNDALI (WATER INTAKE POINT OF BHUBANE,ODISHA,Mahanadi,MAHANADI,19,33,7.1,8.8,7.2,8.4,142,212,BDL,1.4,BDL,2.49,20,790,170,2400
2020,3887,SAMBALPUR FD/S T SHANKARMATH,ODISHA,Mahanadi,,23,29,5.3,8.2,6.6,8,140,408,BDL,1.8,BDL,1.07,170,1700,790,4900
2020,1275,MAHANADI AT TIKARPADA,ODISHA,Mahanadi,MAHANADI,18,28,5.8,10.4,6.8,8.3,145,272,BDL,1.6,BDL,1.91,2,780,78,1700
2020,1276,MAHANADI AT NARSINGHPUR,ODISHA,Mahanadi,MAHANADI,19,35,7.2,9.2,7.2,8.4,146,225,BDL,1.7,BDL,1.82,45,1400,170,2800
2020,1277,MAHANADI AT CUTTACK U/S,ODISHA,Mahanadi,MAHANADI,19,33,6.8,9.4,7.3,8.5,82,209,BDL,1.5,BDL,1.62,78,1300,230,3500
2020,1278,MAHANADI AT CUTTACK D/S,ODISHA,Mahanadi,MAHANADI,20,31,6.3,8.9,7.3,8.3,135,230,BDL,2.6,BDL,1.99,220,2300,790,4900
2020,3888,MAHANADI POWER CHANNEL U/S,ODISHA,Mahanadi,CHANNEL,22,31,6.8,8.2,6.9,8.1,146,195,BDL,1.4,BDL,1.18,2,330,78,790
2020,2407,MAHANADI AT PARADEEP U/S (BEFORE INDUSTRIAL ACTIVITY AT PARADEEP),ODISHA,Mahanadi,MAHANADI,21,33,6.4,8.6,7.1,8.1,146,7746,BDL,1.3,BDL,1.06,2,490,2,1700
2020,1639,MAHANADI AT PARADEEP D/s,ODISHA,Mahanadi,MAHANADI,21,34,6,8.6,7.1,8.4,292,42560,BDL,2.4,BDL,2.13,2,700,2,1700
2020,1107,"SEONATH AT U/S RAJNANDGAON, CHHATISGARH.",CHHATTISGARH,Mahanadi,SEONATH,23,36,7.4,7.6,7,7.5,229,229,1,1.8,BDL,0.33,4,380,2,1600
2020,1266,"SEONATH AT SHIMGA AFTER CONFL. WITH R. KHAROON, CHHATISGARH.",CHHATTISGARH,Mahanadi,SEONATH,24,27,6.4,7.2,7.4,7.6,274,398,2.8,3.8,-,-,4,46,2,94
2020,1845,"SEONATH RIVER WATER SUPPLY WELL, DURG, CHHATISGARH.",CHHATTISGARH,Mahanadi,,22,28,7.1,7.8,7.1,7.5,200,204,1.1,1.8,BDL,BDL,5,270,2,1600
2020,3166,"SEONATH AT JHINGHRI VILLAGE, A/C OF SAMODA NALLA, CHHATISGARH.",CHHATTISGARH,Mahanadi,SEONATH,22,36,5.5,7.4,7.4,7.8,465,465,2,3.8,BDL,0.78,2,360,4,1600
2020,3167,"SEONATH AT RAJNANDGAON, D/S AT MOHAD, RAJNANDGAON, CHHATISGARH.",CHHATTISGARH,Mahanadi,SEONATH,23,35,7.3,7.6,7.1,7.5,208,208,1.2,1.8,BDL,34.02,2,500,9,1700
2020,1265,"KHAROON AT RAIPUR U/S, CHHATISGARH.",CHHATTISGARH,Mahanadi,KHAROON,21,26,6.6,7.1,7.3,7.5,186,387,2,2.7,-,-,14,25,9,84
2020,1847,"KHAROON RIVER B/C KHAPRI DRAIN, DURG, RAIPUR ROAD BRIDGE, CHHATISGARH.",CHHATTISGARH,Mahanadi,,23,35,6.7,7.6,7.2,7.5,285,285,1.6,2.1,BDL,0.98,10,210,2,1600
2020,1853,"KHAROON RIVER BUNDRI, RAIPUR, CHHATISGARH.",CHHATTISGARH,Mahanadi,,23,26,6.4,6.5,7.3,7.6,192,396,1.9,2.6,-,-,11,11,7,79
2020,1105,"HASDEO AT U/S KORBA, CHHATISGARH.",CHHATTISGARH,Mahanadi,HASDEO,25.4,25.9,7,8,7,7.1,126,10403,BDL,0.6,BDL,2.63,11,78,33,270
2020,1106,"HASDEO AT U/S OF CHAMPA, CHHATISGARH.",CHHATTISGARH,Mahanadi,HASDEO,19,30,6.9,7.5,7.4,8.5,298,350,1.2,7.5,2.1,6,4,40,22,170
2020,3165,HASDEO RIVER 100 METER DOWNSTREAM AFTER CONFLUENCE,CHHATTISGARH,Mahanadi,,25.5,26.1,0.6,7.4,7.1,7.1,107,15134,BDL,0.8,BDL,5.05,9,140,27,490
2020,3169,DRINKING WATER INTAKE WELL OF MUNICIPAL CO. KORBA,CHHATTISGARH,Mahanadi,,25.5,26.2,0.6,8,7.1,7.1,118,12896,BDL,0.6,BDL,2.65,2,37,17,240
2020,3170,DRINKING WATER INTAKE WELL OF MUNICIPAL CO. KORBA,CHHATTISGARH,Mahanadi,,25.6,26.3,7.2,8,7.1,7.2,114,15723,BDL,0.4,BDL,2.3,18,20,18,20
2020,1267,IB AT SUNDARGARH,ODISHA,Mahanadi,,20,31,6.4,8.2,6.8,8.3,66,183,BDL,1.6,BDL,7.43,110,1400,330,1800
2020,1268,IB AT JHARSUGUDA (INTAKE),ODISHA,Mahanadi,,18,29,7.4,8.6,6.8,8.3,109,204,BDL,1.8,BDL,1.07,45,1100,230,2200
2020,1269,IB AT BRAJARAJNAGAR (INTAKE) D/S,ODISHA,Mahanadi,,17,29,7.4,8.8,6.9,8.1,102,248,BDL,1.8,BDL,0.941,130,2200,490,3500
2020,1300,IB AT BRAJARAJNAGAR U/S,ODISHA,Mahanadi,BRAJARAJNAGAR,18,30,7.8,8.6,6.9,8.3,97,242,BDL,1.8,BDL,0.81,45,790,330,3500
2020,2409,SERUA AT CUTTACK FD/s (SERUA) AT SANKHATRASA,ODISHA,Mahanadi,SERUA,20,31,6.1,8.8,7,8.5,128,301,BDL,3.8,BDL,2.51,130,22000,490,54000
2020,1279,KUAKHAI AT BHUBANESWAR U/s,ODISHA,Mahanadi,KUAKHAI,19,30,5.4,8.9,7.1,8.3,141,258,BDL,1.9,BDL,0.81,330,2400,1300,5400
2020,1280,KUAKHAI AT BHUBANESWAR D/s,ODISHA,Mahanadi,KUAKHAI,19,30,4.2,8.8,7,8.4,152,391,2.2,4.7,BDL,8.2,1300,92000,2400,160000
2020,2410,KUAKHAI AT BHUBANESWAR FU/s,ODISHA,Mahanadi,KUAKHAI,19,30,4.7,9.7,7.4,8.3,113,251,BDL,1.7,BDL,0.70,130,1700,490,3500
2020,1301,KATHAJODI AT CUTTACK D/s,ODISHA,Mahanadi,KATHAJODI,19,30,6.1,8.4,7.5,8.5,162,318,BDL,3.6,BDL,2.34,1300,24000,1700,54000
2020,1640,BIRUPA AT CHOUDWAR D/s,ODISHA,Mahanadi,BIRUPA,20,33,6.2,8.6,7,8.5,121,226,BDL,1.3,BDL,1.42,45,4900,230,7000
2020,1848,"ARPA RIVER D/S OF BILASPUR, CHHATISGARH.",CHHATTISGARH,Mahanadi,RIVER,20.6,29.2,6.4,7.3,8,8.6,298,3240,1.7,2.8,3.7,6.8,4,60,17,280
2020,1849,"KELO RIVER U/S OF RAIGARH, CHHATISGARH.",CHHATTISGARH,Mahanadi,RIVER,19,27,6.5,7.3,7.1,7.5,198,2240,1.2,4.1,0.92,1.14,4,83,17,27
2020,1850,"KELO RIVER D/S OF RAIGARH, CHHATISGARH.",CHHATTISGARH,Mahanadi,RIVER,19,27,5.7,7.4,7.3,7.9,202,226,2.2,7,0.99,1.36,6,26,31,84
2020,2411,DAYA AT BHUBANESWAR FD/s ( 2 KM AFTER CONFLUENCE O,ODISHA,Mahanadi,DAYA,19,30,4.1,8.9,7,8.1,148,402,1.7,4.2,BDL,9.25,790,160000,2400,160000
2020,3894,RIVER DAYA AT GELAPUR,ODISHA,Mahanadi,DAYA,19,30,4.7,9.5,7,8.3,151,346,BDL,1.4,BDL,1.3,490,13000,1400,35000
2020,3895,RIVER DAYA AT KANAS,ODISHA,Mahanadi,DAYA,19,31,5.5,8.5,7,7.9,162,430,BDL,2.9,BDL,3.52,450,17000,1400,35000
2020,3891,KATHAJODI AT CUTTACK U/s,ODISHA,Mahanadi,KATHAJODI,21,31,7.4,8.6,7.6,8.4,136,225,BDL,1.3,BDL,1.42,45,1700,170,3500
2020,3892,KATHJODI AT CUTTACK FD/s AT MATTAGAJPUR,ODISHA,Mahanadi,KATHJODI,21,33,5.6,9,7.2,8.2,147,334,BDL,3.3,BDL,2.08,68,7900,330,17000
2020,3893,KATHJODI AT CUTTACK FD/s AT KAMASASAN,ODISHA,Mahanadi,KATHJODI,20,34,6.2,9.2,7.4,8.2,130,287,BDL,1.4,BDL,1.37,45,1700,230,4900
2020,3900,GOBARI AT KENDRAPARA U/s,ODISHA,Mahanadi,GOBARI,23,33,5.2,8.2,7,8.2,110,1644,BDL,1.6,BDL,1.92,20,1100,230,2800
2020,3901,GOBARI AT KENDRAPARA D/s,ODISHA,Mahanadi,GOBARI,23,33,4.6,8,6.8,8.2,178,1645,BDL,2.4,BDL,1.96,45,2200,470,4700
2020,3902,DEVI AT MACCHGAON,ODISHA,Mahanadi,DEVI,21,32,5.8,8.4,6.9,8.2,147,24960,BDL,2.1,BDL,1.28,2,1300,45,3300
2020,3896,GANGUA NEAR RAJDHANI ENGINEERING COLLEGE,ODISHA,Mahanadi,GANGUA,20,31,0.6,3.4,6.9,7.9,186,391,3.3,13.3,BDL,9.93,14000,160000,92000,160000
2020,3897,GANGUA AT PALASUNI,ODISHA,Mahanadi,GANGUA,20,29,0.4,2.3,5.9,7.8,180,642,3.8,19.9,BDL,9.05,16000,160000,54000,160000
2020,3898,GANGUA AT SAMANTARAPUR,ODISHA,Mahanadi,GANGUA,21,29,0.2,3.2,5.7,7.8,212,511,5.1,13.8,BDL,,11.92  13000,160000,35000,160000
2020,3899,GANGUA AT VADIMULA,ODISHA,Mahanadi,GANGUA,21,28,1.3,8.3,6.1,7.9,175,401,3.4,8.5,BDL,9.52,2100,54000,7900,92000
2020,3903,KUSHABHADRA AT BHINGARPUR,ODISHA,Mahanadi,KUSHABHADRA,22,33,5.5,11.3,6.6,8.2,172,359,BDL,2.2,BDL,5.64,330,7900,790,17000
2020,3904,KUSHABHADRA AT NIMAPARA,ODISHA,Mahanadi,KUSHABHADRA,23,32,5.8,10.3,6.8,8,166,401,BDL,2,BDL,3.64,110,4900,780,13000
2020,3905,KUSHABHADRA AT GOP,ODISHA,Mahanadi,KUSHABHADRA,23,32,5.3,8.6,6.7,8,148,318,BDL,2.1,BDL,6.19,700,13000,1300,22000
2020,3906,MANGALA AT PURI U/s MALATIPATPUR,ODISHA,Mahanadi,MANGALA,20,32,6.1,7.8,6.7,8.3,128,3286,BDL,1.7,BDL,1.4,45,4900,130,11000
2020,3907,MANGALA AT PURI D/s GOLASAHI,ODISHA,Mahanadi,MANGALA,23,33,4.5,15.7,6.8,8.3,163,16140,1.3,4.6,BDL,8.86,130,22000,490,160000
2020,3908,BHARGAVI AT CHANDANPUR,ODISHA,Mahanadi,BHARGAVI,20,31,5.8,8.3,6.9,7.9,148,1100,BDL,1.4,BDL,2.24,78,2300,230,4900
2020,3909,KANSARI RIVER AT BANAPUR ROAD NEAR PURUSHOTTAMPUR,ODISHA,Mahanadi,AT BANAPUR ROAD,20,30,5.9,8.3,7.2,8.3,166,290,BDL,1.9,BDL,0.80,230,1100,790,3500
2020,3910,BADASANKHA NADI NEAR LANGALESWAR,ODISHA,Mahanadi,NADI,19,30,5.6,8,6.9,7.8,315,877,BDL,2.1,BDL,0.67,130,2800,330,4900
2020,3911,RATNACHIRA NAADI AT KUMARADIHI,ODISHA,Mahanadi,NAADI,20,32,5.4,8.3,6.6,7.9,173,627,BDL,1.8,BDL,3.6,170,1700,220,4900
2020,3912,NUNA NADI AT BIJIPUR,ODISHA,Mahanadi,NADI,18,30,5.3,8.8,7,8.1,141,446,BDL,1.8,BDL,1.47,110,22000,1700,54000
2020,3913,KUSUMI NADI NEAR TANGI (LAXMIDHARA PUR),ODISHA,Mahanadi,NADI,20,30,6.3,8.7,6.9,8.1,124,273,BDL,2,BDL,1.06,400,2200,2200,4900
2020,3914,SABULIA NADI NEAR RAMBHA (AT JAGANNATHPATNA),ODISHA,Mahanadi,NADI,20,29,5.8,10.6,7.5,8.4,298,14160,BDL,2.6,BDL,0.66,170,2300,790,4900
2020,2412,SANKHA U/s ( D/S OF MANDIRA DAM),ODISHA,Mahanadi,SANKHA,20,31,6.2,8.6,6.5,8,91,272,BDL,1.3,BDL,2.10,110,1300,270,3500
2020,1081,BAITARNI AT JODA,ODISHA,Baitarni,BAITARNI,16,25,6,7.9,6.9,8,90,153,BDL,1.6,BDL,1.58,78,1300,170,4900
2020,1082,BAITARNI AT ANANDPUR,ODISHA,Baitarni,BAITARNI,16,24,5.6,8.4,6.9,8,117,166,BDL,1.8,BDL,1.59,170,2300,270,3300
2020,1083,BAITARNI AT JAJPUR,ODISHA,Baitarni,BAITARNI,20,25,6.9,7.9,6.9,8.3,111,269,BDL,1.3,BDL,1.92,20,1300,130,3500
2020,3935,BAITARNI RIVER AT NAIGARH,ODISHA,Baitarni,RIVER,16,23,5.9,7.9,6.9,7.5,68,159,BDL,1.5,BDL,1.4,45,1300,140,2300
2020,3936,BAITARNI RIVER AT UNCHABALI,ODISHA,Baitarni,RIVER,16,26,5.8,7.6,6.7,7.7,64,171,BDL,1.4,BDL,3.46,68,1700,220,4900
2020,1085,BAITARNI AT DHAMRA,ODISHA,Baitarni,BAITARNI,18,30,6,8.8,6.7,8,306,34510,BDL,1.8,BDL,1.84,45,790,220,2400
2020,3938,BAITARNI RIVER AT TRIBINDHA,ODISHA,Baitarni,RIVER,20,26,5.8,7.7,6.8,7.8,107,212,BDL,1.6,BDL,1.85,2,790,78,3300
2020,3937,BAITARNI RIVER AT CHAMPUA,ODISHA,Baitarni,RIVER,18,26,6.2,8.3,6.6,7.6,105,196,BDL,1.8,BDL,1.40,20,790,140,3300
2020,1084,BAITARNI AT CHANDBALI U/s,ODISHA,Baitarni,BAITARNI,18,30,5.6,8.4,6.8,8,139,6210,BDL,2.3,BDL,0.92,110,2200,220,3500
2020,10018,RIVER BAITARNI AT CHANDBALI D/S,Odisha,Baitarni,BAITARNI,18,30,6,8.8,6.7,7.9,142,7980,BDL,2.4,BDL,0.99,110,2400,270,4900
2020,3940,SALANDI AT BHADRAK U/S,ODISHA,Baitarni,SALANDI,18,30,6,9.2,6.5,8.1,96,322,BDL,1.3,BDL,1.44,220,1300,780,2400
2020,3941,SALANDI AT BHADRAK D/s,ODISHA,Baitarni,SALANDI,18,30,6,9.6,6.5,8.5,85,288,BDL,2,BDL,0.95,130,2800,230,4900
2020,2421,KUSEI BEFORE JOINING WITH BAITARANI RIVER AT ANAND,ODISHA,Baitarni,RIVER,16,23,5.8,8.4,7.3,8.1,108,280,BDL,1.6,BDL,0.85,130,1700,220,4900
2020,1037,BRAHMANI AT U/S PANPOSH,ODISHA,Baitarni,BRAHMANI,17,30,6.3,8.4,6.7,8,95,245,BDL,1.6,BDL,0.67,110,2200,170,4600
2020,1038,BRAHMANI AT D/S PANPOSH AT DEOGAN,ODISHA,Baitarni,BRAHMANI,18,33,2.8,7.2,6.6,8.2,168,379,2.8,6.3,BDL,12.6,1100,13000,4000,24000
2020,1302,BRAHMANI AT ROURKELA D/s AT JALDA,ODISHA,Baitarni,BRAHMANI,18,31,4,8.6,6.5,7.9,120,249,2.1,5.4,BDL,5.6,230,4900,1100,14000
2020,2414,ROURKELA FD/s AT BIRITOLA,ODISHA,Baitarni,,20,32,6.7,8.4,6.8,7.9,95,227,BDL,3.2,BDL,2,20,1700,220,3500
2020,1039,BRAHMANI AT BONAIGARH,ODISHA,Baitarni,BRAHMANI,20,31,6,8.5,6.8,8.4,94,220,BDL,1.4,BDL,6.91,20,1300,140,2300
2020,1040,BRAHMANI AT RENGALI,ODISHA,Baitarni,BRAHMANI,22,29,5.8,9.4,7,8.4,93,169,BDL,1.2,BDL,0.78,2,790,20,1700
2020,1041,BRAHMANI AT SAMAL,ODISHA,Baitarni,BRAHMANI,22,29,5,8.6,6.9,8.3,94,183,BDL,1.3,BDL,0.76,110,1300,220,3500
2020,2415,"BRAHMANI AT TALCHER FU/s (INTAKE WELL OF MCL, TALC",ODISHA,Baitarni,BRAHMANI,23,28,6.8,9.6,7,8.2,103,184,BDL,1.1,BDL,0.75,8,1100,46,2800
2020,2416,BRAHMANI AT TALCHER FD/s,ODISHA,Baitarni,BRAHMANI,21,28,6.8,8.8,7,8,129,215,BDL,1.9,BDL,0.92,23,1700,130,3300
2020,1042,BRAHMANI AT KAMALANGA (TALCHER D/s),ODISHA,Baitarni,BRAHMANI,21,27,6.2,8.8,7,8.1,115,241,BDL,2.4,BDL,1.90,20,3300,170,7900
2020,1303,BRAHMANI AT TALCHER U/s,ODISHA,Baitarni,BRAHMANI,22,29,6.4,8.8,7,8.2,111,205,BDL,1.1,BDL,0.77,33,1300,140,3300
2020,1043,BRAHMANI AT BHUBAN,ODISHA,Baitarni,BRAHMANI,22,28,6.2,8.6,7.2,8.1,112,191,BDL,2.4,BDL,0.73,78,1700,490,3300
2020,2418,BRAHMANI AT KABATABANDHA (BEFORE IMPACT OF INDUSTRIAL ACTIVITY IN KALINGANAGAR AREA),ODISHA,Baitarni,BRAHMANI,20,25,6.5,8.2,6.8,8.2,114,181,BDL,1.6,BDL,1.42,78,1300,330,3500
2020,1044,BRAHMANI AT DHARMASHALA U/s,ODISHA,Baitarni,BRAHMANI,21,26,7.2,8,6.9,8.3,119,246,BDL,1.9,BDL,1.18,170,1300,790,3500
2020,1045,BRAHMANI AT PATTAMUNDAI,ODISHA,Baitarni,BRAHMANI,23,33,5.8,8.3,7.1,8,123,477,BDL,1.8,BDL,1.00,170,790,220,3500
2020,3916,ROURKELA FD/s AT ATTAGHAT,ODISHA,Baitarni,,20,32,5.6,10,6.6,7.8,101,240,1.5,4,BDL,2.29,20,3300,130,11000
2020,3917,BRAHMANI AT MANDAPAL,ODISHA,Baitarni,BRAHMANI,22,28,6.6,9.4,7.1,8.1,113,199,BDL,1.6,BDL,0.67,170,2400,490,17000
2020,3918,BRAHMANI AT DHENKANAL U/s,ODISHA,Baitarni,BRAHMANI,23,28,6.4,8.8,7.2,8.1,113,187,BDL,1.3,BDL,1.81,45,1300,170,2300
2020,2419,KHARASROTA AT KHANDITARA (D/S OF INDUSTRIAL ACTIVITY,ODISHA,Baitarni,KHARASROTA,20,26,7.1,8.2,6.6,8.4,113,203,BDL,1.8,BDL,2.31,17,790,130,2100
2020,2420,KHARASROTA AT AUL,ODISHA,Baitarni,KHARASROTA,23,33,5.2,9,6.9,8.2,115,506,BDL,1.6,BDL,1.07,78,1700,270,4300
2020,3922,KHARASROTA AT BINJHARPUR,ODISHA,Baitarni,KHARASROTA,22,25,7,8.6,6.7,8.1,102,209,BDL,1.1,BDL,1.08,78,1300,220,2800
2020,3931,BANGURUSINGADA JHOR,ODISHA,Baitarni,,22,28,5.8,9.6,7.5,8.2,222,485,BDL,1.8,BDL,0.69,460,1700,950,3500
2020,1035,"KARO AT LOHOJIMI U/S, JHARKAND",JHARKHAND,Baitarni,KARO,18,18,7.8,8.3,7.3,7.5,,,1.9,2.3,,,200,230,1200,1200
2020,3915,KARO RIVER T BADBIL,ODISHA,Baitarni,,19,27,6.7,8,6.8,8.1,109,282,BDL,1.8,BDL,1.67,45,1300,210,2400
2020,2360,"GODAVARI AT BASARA, ADILABAD",TELANGANA,Godavari,GODAVARI,15,27,6.7,7.6,7,7.4,336,491,2.1,21,2.09,4.18,2,17,8,49
2020,2361,"GODAVARI AT MANCHERIAL, NEAR RLY BDG B/C OF RALLAVAGU",TELANGANA,Godavari,GODAVARI,27,30,4.5,5.9,7.8,8.3,441,585,2,3,0.5,1.4,2,4,8,120
2020,2362,"GODAVARI AT RAMAGUNDAM D/S, NEAR FCI INTAKE WELL, KARIMNAGAR",TELANGANA,Godavari,GODAVARI,26,30,4.6,6.1,7.7,8.4,408,563,2.1,3.1,0.3,2,2,6,7,79
2020,2363,"GODAVARI AT GODAVARIKHANI, NEAR BATHING GHAT, KARIMNAGAR",TELANGANA,Godavari,GODAVARI,26,30,4.2,6,7.3,8.42,418,559,2.1,5.3,0.4,3,2,4,7,63
2020,2364,"GODAVARI AT RAMAGUNDAM U/S , KARIMNAGAR",TELANGANA,Godavari,GODAVARI,27,29,4,5.9,7.7,8.4,436,586,2.1,3,0.4,2,2,4,2,63
2020,2365,GODAVARI AT KAMALPUR U/S M/S AP RAYONS LTD. INTAKE,TELANGANA,Godavari,GODAVARI,26,29,4.2,6.3,7.6,8.36,210,622,2.1,4,0.3,3,2,3.6,4,34
2020,2367,"GODAVARI AT BHADRACHALAM U/S BATHING GHAT, KHAMMAM",TELANGANA,Godavari,GODAVARI,26,33,5.2,6,7.4,8.3,180,396,2.1,3.3,0.3,1,2,4,8,120
2020,2369,"GODAVARI AT BURGAMPAHAD, KHAMMAM",TELANGANA,Godavari,GODAVARI,27,32,4,6.2,7.4,8.32,103,436,2,3.2,0.3,2,2,4,4,84
2020,2366,"GODAVARI AT KAMALPUR D/S AT M/S. AP RAYONS LTD. DISCHARGE POINT, WARANGAL",TELANGANA,Godavari,GODAVARI,27,29,5.4,6.2,7.2,8.4,219,484,2,3,0.3,3,2,3.7,4,48
2020,2368,"GODAVARI AT BHADRACHALAM D/S BATHING GHAT, KHAMMAM",TELANGANA,Godavari,GODAVARI,26,33,5,5.9,,7.44  8.32,182,438,2.1,4,0.3,1.2,2,4,5,110
2020,2356,"GODAVARI, D/S OF RAMANUGUNDAM, MANTHANI",TELANGANA,Godavari,,26,28,4.1,6,7.75,8.3,455,680,2.1,4,0.4,3,2,20,8,150
2020,4662,"RIVER GODAVARI AT KALESHWARAM, 500 MTS.BEFORE BATHING GHAT",TELANGANA,Godavari,GODAVARI,27,28,5.2,6.2,,7.31  8.39,272,4600,2.1,2.9,BDL,2,2,4,7,49
2020,1218,"GODAVARI AT RAJAHMUNDRY U/s, KUMARADEVAM, EAST GODAVARI",ANDHRA PRADESH,Godavari,GODAVARI,23,28,6.2,7.7,7.1,8.4,120,326,1.1,2,BDL,4.2,3,15,63,210
2020,1219,"GODAVARI AT RAJAHMUNDRY D/s, DHAVALESWARAM, EAST GODAVARI",ANDHRA PRADESH,Godavari,GODAVARI,25,30,6.2,8.4,7.1,8,125,340,1,2.6,BDL,2.93,9,21,120,240
2020,2370,"GODAVARI AT RAJAMUNDRY U/s OF NALLA CHANNEL, EAST GODAVARI DIST.",ANDHRA PRADESH,Godavari,GODAVARI,24,30,6.2,8.5,7,8.2,168,440,1,2.2,0.3,2.51,7,15,93,240
2020,2371,"GODAVARI AT RAJAMUNDRY D/s OF NALLA CHANNEL, EAST GODAVARI DIST.",ANDHRA PRADESH,Godavari,GODAVARI,24,31,5.9,8,6.8,8.2,211,452,1.6,2.6,0.36,2.37,9,21,120,460
2020,4367,"RIVER GODAVARI KOUNDINYA MUKTHI (V), KUKUNUR (M), BORDER BETWEEN A.P. & TELANGANA",ANDHRA PRADESH,Godavari,,22,29,6.4,7.7,7.2,8.7,255,760,1,2.2,BDL,2.79,4,50,64,210
2020,1854,"INDRAVATI RIVER A/C DANTEWADA RIVER, NELSONNAR, DANTEWADA, CHATTISGARH",CHHATTISGARH,Godavari,,26,34,7.5,7.6,7.3,7.6,-,-,1.5,2.8,-,-,2,12,7,79
2020,1855,"INDRAVATI RIVER B/C GODAVARI AT BHOPALPATNAM, DANTEWADA, CHATTISGARH",CHHATTISGARH,Godavari,B/C GODAVARI,26,34,7.4,7.5,7.4,7.6,-,-,1.8,2.4,-,-,7,17,14,94
2020,1856,"SHANKNI RIVER A/C DANKANI RIVER DANTEWADA, CHHATISGARH",CHHATTISGARH,Godavari,,26,34,7.4,7.6,7.3,7.6,-,-,2,2.8,-,-,2,14,5,70
2020,2374,MANJEERA AT GOWDICHARLA B/C WITH NAKKAVAGU,TELANGANA,Godavari,MANJEERA,18,24,0.1,6.9,,7.04  7.41,614,1785,2.4,3,BDL,17.31,2,2,24,36
2020,2375,MANJEERA AT GOWDICHARLA A/C WITH NAKKAVAGU,TELANGANA,Godavari,MANJEERA,18,24,0.1,7.2,7.1,7.43,621,1863,2.4,3,BDL,19,2,4,31,40
2020,1781,"MANJEERA RIVER - NEAR GANAPATHI SUGARS , MEDAK DIST.",TELANGANA,Godavari,-,19,22,6,6.8,7.1,7.37,568,836,2.2,2.9,BDL,9.22,2,2,17,34
2020,1157,MANJEERA AT RAIPALLY,TELANGANA,Godavari,MANJEERA,20,25,5.9,7.3,7,7.46,256,480,2.1,2.2,BDL,4.31,2,5,13,22
2020,1215,MANER AT WARANGAL U/S (RIVER MANERU AT THUMMALA CHERUVU/MADANNAPET),TELANGANA,Godavari,MANERU,27,29,5,6.8,6.7,8.2,206,438,2,3.1,0.3,5.6,2,4,2,79
2020,1158,MANER AT SOMNAPALLI,TELANGANA,Godavari,MANER,25,30,4.8,6,7.9,8.5,512,680,2.1,4,BDL,1.1,2,8,9,49
2020,1213,"WAINGANGA AT BALAGHAT, M.P.",MADHYA PRADESH,Godavari,WAINGANGA,17.3,24.2,7,8.3,7.1,8.3,220,388,BDL,1.8,0.06,1.21,2,4,7,46
2020,3330,"WAINGANGA AT CHHAPARA, NEAR W/S INTAKE POINT, JABALPUR",MADHYA PRADESH,Godavari,WAINGANGA,17.1,25.8,7,7.9,7.2,8.4,234,424,BDL,1.7,BDL,0.5,2,10,7,46
2020,2372,"KINNERASANI A/C OF KTPS ASH POND EFFLUENTS, KHAMMAM",TELANGANA,Godavari,,26,32,3.9,5.6,7.7,8.1,328,577,2.2,6,0.3,2.6,2,4,8,70
2020,2373,"SABARI AT KUNAVARAM, KHAMMAM",TELANGANA,Godavari,SABARI,27,36,5.6,6.4,,7.02  8.32,67,120,2,2.3,BDL,2,2,2,2,26
2020,3080,"KARAKAVAGU U/S AT PALONCHA, KHAMMAM",TELANGANA,Godavari,KARAKAVAGU,25,30,3.7,6,7.4,8.2,469,859,2.1,5,0.8,2,2,4,2,64
2020,3081,"KARAKAVAGU D/S AT PALONCHA, KHAMMAM",TELANGANA,Godavari,KARAKAVAGU,25,32,4.5,6.1,7.6,8.4,409,580,2.1,4,0.6,2,2,37,2,70
2020,30059,WARDHA AT BANGON VILLAGE NEAR PANDHURNA (M.P.),INTER-STATE,Godavari,WARDHA,29,29,6.2,8.1,8.1,8.3,331,356,3,4,,0.092  0.333,85,240,1600,1600
2020,1889,KRISHNA - ANKALI BRIDGE ALONG CHIKKODI KAGWAD ROAD,KARNATAKA,Krishna,,22,31,6,8.4,7.2,8.7,330,766,BDL,1.6,0.31,4.56,220,920,900,1600
2020,1182,"KRISHNA AT U/S OF UGARKHURD BARRAGE,",KARNATAKA,Krishna,KRISHNA,22,32,6.9,8.3,7.4,8.7,390,760,BDL,2.5,0.33,4.32,350,920,900,1600
2020,2781,"KRISHNA AT D/S OF ALAMATTI DAM,",KARNATAKA,Krishna,KRISHNA,29,32,6,9.1,6.8,8.7,400,835,BDL,3.4,0.39,2.34,350,920,900,1600
2020,1181,"KRISHNA AT D/S OF NARAYANPURA DAM,",KARNATAKA,Krishna,KRISHNA,29,32,6.1,9.3,6.8,8.7,379,1020,BDL,3,BDL,2.91,350,920,900,1600
2020,1028,"KRISHNA AT TINTINI BRIDGE,",KARNATAKA,Krishna,KRISHNA,27,29,7,7.8,7.8,8.5,311,1202,2,2,BDL,0.54,170,450,920,2200
2020,1170,KRISHNA AT D/S OF DEVASAGAR BLDG.,KARNATAKA,Krishna,KRISHNA,26,32,7,7.8,7.9,8.4,465,1728,2,3,BDL,0.62,220,470,920,2200
2020,1465,KRISHNA AT WADAPALLY AFTER CONFL. WITH R. MUSI(SHIFTED FROM 1220),TELANGANA,Krishna,KRISHNA,16,25,5.9,7.1,7,7.76,495,1204,2.2,3,4.14,9.37,2,280,13,920
2020,1784,"KRISHNA AT THANGADI , MAHABOOBNAGAR DIST.",TELANGANA,Krishna,KRISHNA,26,29,5.3,6.6,7.5,9.14,426,1595,2.1,4,0.6,9.84,2,2,2,48
2020,4663,"RIVER KRISHNA AT MATTEPALLY, 500 MTS BEFORE BATHING GAHT",TELANGANA,Krishna,KRISHNA,17,25,5,7,7.1,7.5,422,960,2,2.8,BDL,8.28,2,15,13,47
2020,1175,"KRISHNA A/c WITH TUNGABHADRA, SANGAMESHWARAM, KURNOOL",ANDHRA PRADESH,Krishna,,19,30,4.9,6.5,6.6,8.1,394,1243,1,2.6,BDL,1.7,63,100,280,900
2020,1786,"KRISHNA AT VEDADRI, KURNOOL",ANDHRA PRADESH,Krishna,KRISHNA,25,27,6.8,7.6,7.2,8.4,514,1393,1.2,2.4,0.67,1.86,3,3,75,380
2020,3083,"KRISHNA D/S OF SRISHAILAM, KURNOOL",ANDHRA PRADESH,Krishna,KRISHNA,19,28,5.2,6.8,6.7,7.7,467,778,BDL,2.2,BDL,1.88,72,300,280,1400
2020,3079,"D/S OF RIVER KRISHNA A/C WITH TREATED SEWAGE DISCHARGING FROM STP LOCATED AT RAMALINGESHWARNAGAR, VIJAYAWADA, KRISHNA",ANDHRA PRADESH,Krishna,KRISHNA A/C WITH TREATED SEWAGE DISCHARGING FROM STP LOCATED,26,26,7.3,7.5,7.7,8,498,698,2,2.2,BDL,0.82,3,3,120,120
2020,1787,"KRISHNA AT AMARAVATI, GUNTUR",ANDHRA PRADESH,Krishna,KRISHNA,20,28,6.9,7.6,7.4,8.4,550,998,BDL,2.2,0.55,1.3,3,3,64,240
2020,1782,KRISHNA AT HAMSALADEEVI PULIGADDA AQUEDUCT NEAR,ANDHRA PRADESH,Krishna,KRISHNA,24,27,4,4.9,7.3,8,,19580  36500,2,2.8,0.56,1.12,3,3,47,150
2020,4375,"RIVER KRISHNA, PAVITHRA SANGAMAM, AFTER CONFLUENCE",ANDHRA PRADESH,Krishna,,24,27,7,7.4,7.5,8.4,316,880,BDL,2.2,0.36,1.34,3,3,64,230
2020,4381,RIVER KRISHNA AFTER CONFLUENCE WITH RIVER MUSI AT VADAPALLI (V) BETWEEN A.P. & TELANGANA,ANDHRA PRADESH,Krishna,KRISHNA AFTER CONFLUENCE WITH RIVER MUSI,21,27,6.8,7.5,7.5,8.4,620,1163,BDL,2.6,0.72,1.2,3,3,120,250
2020,1311,"PANCHAGANGA AT ICHALKARANJI, SHIRADWAD,HATKANANGALE,KOHLAPUR",MAHARASHTRA,At Shirol Near Shirol Intake Well,PANCHAGANGA,33,33,5.4,7.3,7.1,8.1,126,587,1.8,2.2,-,-,4.5,17,21,79
2020,2163,"PANCHAGANGA RIVER AT SHIROL NEAR SHIROL INTAKE WELL, KOLHAPUR",MAHARASHTRA,At Shirol Near Shirol Intake Well,AT SHIROL,32,32,5.8,7.4,6.9,8.2,140,719,1.6,2,-,-,4.5,13,22,94
2020,1904,"PANCHAGANGA U/S OF KOLHAPUR TOWN, BALINGA, KARVIR, KOLHAPUR",MAHARASHTRA,At Shirol Near Shirol Intake Well,PANCHAGANGA,31,31,6.2,7.4,6.5,8.2,74,376,1.6,2,-,-,4.5,11,17,84
2020,1905,"PANCHAGANGA D/S OF KOLHAPUR TOWN, UCHEGAON, KOLHAPUR",MAHARASHTRA,At Shirol Near Shirol Intake Well,PANCHAGANGA,30,30,6,7.6,6.8,8.1,123,479,1.8,2,-,-,5.6,21,24,130
2020,1189,"BHIMA AT PUNE U/S VITHALWADI, HAWELI, PUNE",MAHARASHTRA,At Shirol Near Shirol Intake Well,BHIMA,29,29,2.8,5.9,6.7,8.2,244,593,5.2,25,-,-,50,550,550,1800
2020,2655,"BHIMA RIVER AT KOREGAON NEAR KOREGAON BRIDGE, SHIRUR, PUNE",MAHARASHTRA,At Shirol Near Shirol Intake Well,AT KOREGAON,28,28,5,6.8,7.24,8.6,186.2,1363,3,9,-,-,8,350,350,1600
2020,1190,"BHIMA AT PUNE, D/S OF BUNDGARDEN, YERWADA, HAWELI, PUNE",MAHARASHTRA,At Shirol Near Shirol Intake Well,BHIMA,29,29,4.5,6.2,6.72,8.3,229.6,767.8,6,20,-,-,250,1600,1800,1800
2020,1191,"BHIMA AT PARGAON (AFTER CONFL.WITH MULA MUTHA),PARGAON, DAUND, PUNE",MAHARASHTRA,At Shirol Near Shirol Intake Well,BHIMA,30,30,3.5,6.8,6.85,8.6,443,932,3,14,-,-,4,120,225,900
2020,1192,"BHIMA AFTER CONF. WITH DAUND, DAUND, PUNE",MAHARASHTRA,At Shirol Near Shirol Intake Well,,29,29,3.3,6.7,6.92,8.5,178,1512,3.8,10,-,-,12,140,350,900
2020,1188,"BHIMA AT NARSINGPUR, (D/S AF.CONFL.WITH R.NIRA), NARSINGPUR, MALSHIROS, SOLAPUR",MAHARASHTRA,At Shirol Near Shirol Intake Well,BHIMA,35,35,5.1,6.8,7.6,8.6,458,1592,3.6,11.5,-,-,7,12,200,350
2020,30057,BHIMA AT GANGAPUR (BANGALORE),INTER-STATE,At Shirol Near Shirol Intake Well,BHIMA,29,29,6.8,7.4,8,8.5,882,1407,2,3,-,-,630,1100,2800,3500
2020,1183,"BHIMA AT D/S OF ROAD BRIDGE AT GANGAPUR VILLAGE,",KARNATAKA,At Shirol Near Shirol Intake Well,BHIMA,25,31,6.8,7.4,7.5,8.5,782,1660,2,3,BDL,2.17,460,1100,2200,3500
2020,1184,"BHIMA AT FEROZABAD VILLAGE (D/S),",KARNATAKA,At Shirol Near Shirol Intake Well,BHIMA,26,31,6.4,7.8,7.8,8.7,640,1554,2,3.5,BDL,1.31,220,700,920,3500
2020,1167,"BHIMA AT D/S OF BDG. NEAR YADGIR,",KARNATAKA,At Shirol Near Shirol Intake Well,BHIMA,32,32,6.8,7.6,7.5,8.3,390,1326,2.5,3,-,-,170,1100,920,4300
2020,1888,BHIMA RIVER AT CONFLUENCE OF JEWARGI TOWN SEWAGE DISPOSAL POINT,KARNATAKA,At Shirol Near Shirol Intake Well,RIVER,31,31,6.8,7.7,7.6,8.5,712,1355,2.5,3,-,-,330,1200,1700,5400
2020,2656,"BHIMA RIVER-BACKWATER OF UJANI DAM NEAR RAW WATER PUMP HOUSE, KUMBARGAON, INDAPUR, PUNE",MAHARASHTRA,At Shirol Near Shirol Intake Well,DAM,29,29,5.6,6.8,7,8.5,635,920,3.4,8,-,-,2,40,170,900
2020,1163,"GHATPRABHA AT W.A. POINT TO GOKAK TOWN,",KARNATAKA,At Shirol Near Shirol Intake Well,GHATPRABHA,20,34,6.1,8.6,7.1,8.6,260,766,BDL,2.1,0.44,4.56,220,900,900,1600
2020,1187,"MALPRABHA AT D/S OF KHANAPUR VILLAGE,",KARNATAKA,At Shirol Near Shirol Intake Well,MALPRABHA,22,28,5.4,10.9,7,8.6,130,264,BDL,2.9,0.3,2.3,500,900,900,1600
2020,1164,"MALPRABHA AT WATER ABSTR. PT. TO HUBLI, DHARWAR,",KARNATAKA,At Shirol Near Shirol Intake Well,MALPRABHA,24,34,1.5,8.5,7.5,8.8,194,328,BDL,1.5,BDL,4.92,220,900,900,1600
2020,1186,"MALPRABHA AT D/S OF AIHOLE TOWN,",KARNATAKA,At Shirol Near Shirol Intake Well,MALPRABHA,17,20,5.1,8.2,7.3,8.8,318,1192,BDL,2.8,0.78,3.72,220,1800,900,3200
2020,2764,"MALPRABHA AT BADAMI BRIDGE,",KARNATAKA,At Shirol Near Shirol Intake Well,MALPRABHA,18,20,5.3,8.3,7.3,8.8,320,1068,BDL,2.8,1.32,6.4,500,1800,900,3200
2020,1029,"TUNGABHADRA AT HARALAHALLI BRIDGE,",KARNATAKA,At Shirol Near Shirol Intake Well,TUNGABHADRA,27,30,6.3,7.5,7.1,8,158,390,2.2,2.8,BDL,1.33,900,1100,1600,1700
2020,2767,TUNGABHADRA AT U/S OF HPF,KARNATAKA,At Shirol Near Shirol Intake Well,TUNGABHADRA,26,28,7.3,7.5,7.2,8.1,150,290,2.3,2.8,BDL,0.52,500,800,200,1600
2020,2768,TUNGABHADRA AT D/S OF HPF,KARNATAKA,At Shirol Near Shirol Intake Well,TUNGABHADRA,28,29,6,6.5,7.1,8,210,710,2.5,5.6,BDL,1.98,800,3500,2200,9000
2020,2769,TUNGABHADRA AT JACKWELL POINT,KARNATAKA,At Shirol Near Shirol Intake Well,TUNGABHADRA,27,29,6.1,6.8,7.1,8,172,454,2.3,3.2,BDL,1.66,800,1400,1700,2200
2020,2776,TUNGABHADRA AT D/S OF GANGAWATHI,KARNATAKA,At Shirol Near Shirol Intake Well,TUNGABHADRA,24,30,7,7.6,7.7,8.5,168,610,2,3,BDL,0.15,140,350,920,1600
2020,2766,TUNGABHADRA AT NEW BRIDGE,KARNATAKA,At Shirol Near Shirol Intake Well,TUNGABHADRA,26,28,7.3,7.5,7.2,8.1,156,320,2.4,3.2,BDL,0.56,500,900,900,2200
2020,1174,"TUNGABHADRA AT KURNOOL U/s, BHAVAPURAM, KURNOOL",ANDHRA PRADESH,At Shirol Near Shirol Intake Well,TUNGABHADRA,20,28,5.4,6.6,7.3,7.9,602,1730,1.3,3,0.32,2.54,95,300,400,1200
2020,1785,"TUNGABHADRA AT MANTHRALAYAM, KURNOOL",ANDHRA PRADESH,At Shirol Near Shirol Intake Well,TUNGABHADRA,22,29,5.3,6.6,6.9,7.9,361,1611,1.4,2.8,0.46,2.6,100,400,400,1500
2020,1168,TUNGA AT D/S OF SHIMOGA TOWN,KARNATAKA,At Shirol Near Shirol Intake Well,TUNGA,26,29,4.9,8.8,7.1,8,150,280,2.6,4.2,0.3,0.94,3000,11000,5000,17000
2020,1896,TUNGABHADRA AT CONFLUENCE POINT OF TUNGA AND BHADRA AT KUDLI,KARNATAKA,At Shirol Near Shirol Intake Well,TUNGABHADRA,24,29,5.4,7.6,7.1,8.2,162,240,2.2,2.8,BDL,0.77,800,800,1400,1700
2020,1091,BHADRA AT MALLESWARAM D/S OF KIOCL,KARNATAKA,At Shirol Near Shirol Intake Well,BHADRA,19,25,5.5,8,6.8,7.3,60,120,1.6,2,BDL,0.1,14,49,170,350
2020,1387,BHADRA AT D/S OF BHADRAVATHI,KARNATAKA,At Shirol Near Shirol Intake Well,BHADRA,28,30,5.6,7.5,7.2,8.1,198,302,2.8,3.8,BDL,0.6,3500,14000,5000,22000
2020,1169,"BHADRA AT D/S OF KIOCL ROAD BRIDGE, NEAR HOLEHUNNUR",KARNATAKA,At Shirol Near Shirol Intake Well,BHADRA,26,30,5.1,7.8,7.2,8.3,172,290,2.2,3.2,0.34,0.7,1300,2200,2400,3500
2020,2765,BHADRA AT U/S OF MPM,KARNATAKA,At Shirol Near Shirol Intake Well,BHADRA,27,30,5.4,7.6,7.2,8.2,155,210,2.1,2.8,BDL,0.48,500,900,900,1600
2020,2771,BHADRA AT U/S OF KIOCL,KARNATAKA,At Shirol Near Shirol Intake Well,BHADRA,18,24,5.7,8.2,6.7,7.2,56,110,1.4,2,BDL,0.1,13,46,140,350
2020,1172,"MUSI U/S AT GANDIPET, OSMANSAGAR LAKE, HYDERABAD",TELANGANA,At Shirol Near Shirol Intake Well,MUSI,26,32,4,6.4,6.8,7.9,426,1162,2.1,5,0.33,4.24,1.8,9,34,94
2020,1173,"MUSI D/S AT PRATAPSINGARAM, HYDERABAD",TELANGANA,At Shirol Near Shirol Intake Well,MUSI,21,28,0.1,13,6.91,7.9,1084,1410,10,32,1.71,16.01,39,430,540,1600
2020,2339,"RIVER MUSI AT NAGOLE, RANGAREDDY",TELANGANA,At Shirol Near Shirol Intake Well,MUSI,25,29,0.1,1.4,7,8,1041,1460,10,44,2.2,16,33,920,1600,1600
2020,3082,"MUSI RESERVOIR AT KASANIGUDA, NALGONDA",TELANGANA,At Shirol Near Shirol Intake Well,RESERVOIR,16,27,5,7.1,7.1,7.7,798,1655,3,5,4.11,14.39,1.8,13,15,94
2020,1178,"PALLERU B/c WITH KRISHNA, JAGGAIAPET",ANDHRA PRADESH,At Shirol Near Shirol Intake Well,,25,27,7.1,7.6,7.6,8.4,828,1400,1.2,2.4,0.64,1.68,3,3,120,460
2020,1177,"MUNERU B/c WITH KRISHNA, NANDIGAMA",ANDHRA PRADESH,At Shirol Near Shirol Intake Well,,25,26,6.9,7.4,7.6,8.1,794,1128,1.8,2.6,0.92,1.32,3,3,120,250
2020,1895,KAGINA D/S OF SEWAGE DISPOSAL POINT,KARNATAKA,At Shirol Near Shirol Intake Well,KAGINA,27,31,6.4,7.6,7.8,9,380,715,2,3,BDL,0.6,330,1100,1600,3500
2020,2777,KAGINA AT SHAHABAD BRIDGE,KARNATAKA,At Shirol Near Shirol Intake Well,KAGINA,26,31,6.2,7.5,7.8,8.7,348,598,2,3,BDL,0.61,460,1100,2200,4300
2020,2349,"NAKKAVAGU, BACHUGUDEM, MEDAK",TELANGANA,At Shirol Near Shirol Intake Well,,18,26,1.5,2.3,6.9,7.5,1311,1920,5.8,12,6.21,16.47,1.8,350,31,1600
2020,2350,"RIVER HUNDRI AT JOHARAPURAM(V), NEAR TEMPLE, KURNO",ANDHRA PRADESH,At Shirol Near Shirol Intake Well,HUNDRI,22,30,4.7,6.4,7.4,7.8,730,1350,1.5,2.8,0.56,2.54,84,200,280,900
2020,4259,SAMPLE FROM NAGARJUNA SAGAR DAM SPILL WAY,TELANGANA,At Shirol Near Shirol Intake Well,,16,30,6,7.5,7,9.1,349,1442,1.9,2.4,2.16,10.12,1.8,13,11,49
2020,1255,"PENNAR B/c WITH CHITRAVATHI, TADIPATRI, UNGANOOR",ANDHRA PRADESH,Pennar,,23,25,5.7,6.1,7.2,7.8,420,803,BDL,2.2,BDL,1.51,1.8,130,400,600
2020,1256,"PENNAR A/c WITH PAPAGNI, PUSHPAGINI, KADAPA",ANDHRA PRADESH,Pennar,,25,38,5.4,6.4,6.7,7.8,480,1270,1.2,3,0.44,3.4,100,300,350,900
2020,1257,"PENNAR A/c WITH CHEYYURU, SOMASILA, NELLORE",ANDHRA PRADESH,Pennar,,21,27,6.8,7.6,7.4,8.4,737,1066,1.2,2.4,0.76,1.11,3,3,120,380
2020,2351,"RIVER KUNDU, NANDYAL, NEAR OVER BDG., KURNOOL",ANDHRA PRADESH,Pennar,,21,30,4.7,6.3,5.9,7.9,493,1433,1.2,2.8,0.42,2.03,100,400,600,1600
2020,1198,CAUVERY AT NAPOKULU BDG (D/S),KARNATAKA,Pennar,CAUVERY,19,28,6.9,7.8,7.2,8.1,32,187,1,1.8,BDL,0.5,20,83,210,410
2020,1195,CAUVERY AT KUSHAL NAGAR U/S (NEAR BAICHANAHALLI),KARNATAKA,Pennar,CAUVERY,19,26,6.8,7.2,7.3,8,75,225,1.1,2,BDL,0.96,32,93,280,460
2020,1171,"CAUVERY AT SRI RANGAPATTANNA, D/S OF ROAD BDG.",KARNATAKA,Pennar,CAUVERY,25,29,6.3,7.1,7.4,8.3,147,344,1.4,2.5,0.55,2.1,210,700,1100,1700
2020,1386,CAUVERY AT D/S OF KAREKUARA VILLAGE,KARNATAKA,Pennar,CAUVERY,23,27,6.7,7.3,7.6,8.2,118,301,1.2,1.8,BDL,2.1,130,460,700,1300
2020,2773,CAUVERY AT BANNUR BRIDGE,KARNATAKA,Pennar,CAUVERY,22,29,6.7,7.3,7.6,8.2,128,420,1.2,2,0.48,1.5,110,460,630,1200
2020,2774,CAUVERY AT RANGANATHITTU,KARNATAKA,Pennar,CAUVERY,23,28,6.5,7,7.5,8.2,157,327,1.5,2,0.41,2.8,160,580,1100,1700
2020,3566,CAUVERY AT KRS DAM MANDYA,KARNATAKA,Pennar,CAUVERY,24,28,6.7,7.4,7.8,8.3,125,290,1.1,1.8,0.32,1.2,91,320,580,1200
2020,3568,CAUVERY AT WATER SUPPLY INTAKE POINT TO SRIRANGAPATANAN,KARNATAKA,Pennar,CAUVERY,23,28,6.3,7.3,7.6,8.3,145,325,1.2,22,0.44,1.3,140,430,630,1500
2020,3569,CAUVERY AT WATER SUPPLY INTAKE POINT TO MANDYA TOWN,KARNATAKA,Pennar,CAUVERY,24,27,6.3,7.1,7.6,8.2,148,328,1.2,2.6,0.32,2.1,210,390,840,1400
2020,3570,CAUVERY D/S OF KR NAGAR BRIDGE,KARNATAKA,Pennar,CAUVERY,23,29,6.8,7.3,7.5,8.3,128,448,1.1,1.9,0.32,3.5,110,340,790,1300
2020,3571,CAUVERY U/S OF KR NAGAR,KARNATAKA,Pennar,CAUVERY,22,29,6.7,7.4,7.4,8.3,108,450,1.1,2.1,0.34,2.9,91,260,630,1200
2020,3573,CAUVERY D/S OF KUSHALANAGAR TOWN,KARNATAKA,Pennar,CAUVERY,19,26,6.9,7.3,7.1,8.2,45,291,1.1,1.6,BDL,5,33,93,280,480
2020,3574,CAUVERY AT WATER SUPPLY INTAKE POINT TO MADIKERI,KARNATAKA,Pennar,CAUVERY,18,29,7,7.7,7.2,8.2,44,253,1,1.8,BDL,0.81,21,78,170,390
2020,3576,CAUVERY AT WATER SUPPLY INTAKE POINT TO MYSORE PUMP HOUSE,KARNATAKA,Pennar,CAUVERY,20,28,6.5,7.5,7.8,8.3,139,309,1,2,0.5,1.7,93,270,630,840
2020,3578,CAUVERY D/S OF MADDUR WATER SUPPLY TREATMENT PLAN,KARNATAKA,Pennar,CAUVERY,23,28,5.8,7.4,7.7,8.4,169,369,1,3,0.34,1.6,91,330,700,1100
2020,3579,CAUVERY AT WATER SUPPLY INTAKE POINT AT KOLLEGALA,KARNATAKA,Pennar,CAUVERY,21,29,6,8,7,8.4,161,389,1.2,2,0.54,2.1,130,490,840,1300
2020,3581,CAUVERY AT WATER SUPPLY INTAKE POINT AT T K HALLI,KARNATAKA,Pennar,CAUVERY,23,28,6.8,7.4,7.7,8.4,132,365,1.2,1.8,0.32,1.8,91,430,630,1200
2020,4109,CAUVERY RIVER BEFORE CONFLUENCE AT SANGAM,KARNATAKA,Pennar,BEFORE CONFLUENCE,24,26,4.5,8,7.1,7.9,255,1177,3,5.2,BDL,8.75,21,11000,350,160000
2020,30052,CAUVERY AT AJJIBORE (BANGALORE),INTER-STATE,Pennar,CAUVERY,26,26,7.7,8.4,7.6,8.3,336,554,BDL,0.1,BDL,0.73,110,490,920,3500
2020,1320,"CAUVERY AT ERODE NEAR CHIRAPALAYAM, TAMILNADU",TAMIL NADU,Pennar,CAUVERY,29,33,6,7,7.5,8.4,269,660,BDL,2,BDL,0.36,12,220,33,470
2020,1323,"CAUVERY AT VELORE NEAR KATTIPALAYAM, TAMILNADU",TAMIL NADU,Pennar,CAUVERY,26,32,5.6,6.9,7.6,8.6,343,831,BDL,2,BDL,0.36,21,260,63,630
2020,3015,"CAUVERY AT PUGALUR, KARUR, TAMILNADU",TAMIL NADU,Pennar,CAUVERY,29,35,6,7,7.6,8.8,493,879,BDL,2,BDL,0.39,58,260,170,630
2020,1324,"CAUVERY AT MOHANUR NEAR PATTAIPALAYAM, TAMILNADU",TAMIL NADU,Pennar,CAUVERY,26,32,5.7,7,7.6,8.7,356,836,BDL,2.4,BDL,0.34,23,260,70,630
2020,1451,"CAUVERY AT THIRUMUKKUDAL-CONFL. PT.OF R. AMRAVATI,",TAMIL NADU,Pennar,CAUVERY,24,35,6,7,7.6,8.6,468,856,BDL,3,BDL,0.81,46,210,150,470
2020,1202,"CAUVERY AT TIRUCHIRAPPALLI U/S, TAMILNADU",TAMIL NADU,Pennar,CAUVERY,27,33,6,7.4,7.7,8.4,362,592,BDL,4,0.30,0.86,63,310,150,1100
2020,1325,"CAUVERY AT TIRUCHIRAPPALLI D/S, TAMILNADU",TAMIL NADU,Pennar,CAUVERY,30,33,5.5,7.6,7.3,7.9,382,798,BDL,3.3,BDL,3.81,14,460,49,1400
2020,1203,"CAUVERY AT TRICHY, GRAND ANAICUT,",TAMIL NADU,Pennar,CAUVERY,26,31,5.4,7.5,7.4,7.9,425,730,BDL,3,BDL,2.08,26,110,70,270
2020,1206,"CAUVERY AT THANJAVUR, TAMILNADU",TAMIL NADU,Pennar,CAUVERY,30,34,5.5,7.9,7.5,8.2,357,660,1,4,BDL,0.83,17,130,46,320
2020,3018,"CAUVERY AT MAYILADUTHURAI, NAGAPATTINAM,",TAMIL NADU,Pennar,CAUVERY,23,27,5.1,6.7,7.2,7.9,341,6080,1,3,BDL,0.55,23,110,70,270
2020,3012,"CAUVERY AT KOMARAPALAYAM, NAMAKAL,",TAMIL NADU,Pennar,CAUVERY,20,32,4.6,6.7,7.3,8.3,324,513,BDL,6.9,BDL,1.37,49,260,170,630
2020,3013,"CAUVERY AT URRACHIKOTTAI, ERODE, TAMILNADU",TAMIL NADU,Pennar,CAUVERY,19,32,5.8,6.9,7.6,8.5,270,420,BDL,2,BDL,0.36,26,84,63,210
2020,3014,"CAUVERY AT VAIRAPALAYAM, NAMAKAL,",TAMIL NADU,Pennar,CAUVERY,20,32,5.4,6.9,7.1,8.3,276,429,BDL,3.6,BDL,1.38,31,220,84,490
2020,3017,"CAUVERY AT KUMBAKONAM, THANJAVUR,",TAMIL NADU,Pennar,CAUVERY,28,31,5.2,7.5,7.5,7.9,386,511,1,3.6,BDL,1.6,23,170,70,390
2020,1326,"CAUVERY AT COLEROON, TAMILNADU",TAMIL NADU,Pennar,CAUVERY,23,27,6,6.8,7.9,8.5,796,39900,1,2,BDL,5.43,43,170,94,410
2020,1327,"CAUVERY AT PITCHAVARAM, TAMILNADU",TAMIL NADU,Pennar,CAUVERY,21,29,5.9,6.9,6.9,8.4,420,831,1,2,BDL,3.48,33,140,120,380
2020,4099,"CAUVERY RIVER D/S BARACHUKI FALLS, SATHEGALA, KOLL",KARNATAKA,Pennar,RIVER,20,28,6.5,7.5,8.1,8.4,150,395,1.1,2,0.52,1.8,91,260,580,1100
2020,4101,"GUNDAL RESERVOIR, GUNDAL KOLLEGALA TQ & CHAMARAJAN",KARNATAKA,Pennar,,20,28,6.9,7.6,7.9,8.4,118,276,1,1.6,BDL,1.5,78,220,430,840
2020,4102,D/S OF CAUVERY AT BHAGAMANDALA BRIDGE,KARNATAKA,Pennar,CAUVERY,18,28,6.4,7.4,7.2,8.3,33,145,1.1,2,BDL,0.3,14,110,170,490
2020,4103,D/s OF CAUVERY AT KANIVE RAMALINGESWARA TEMPLE BRI,KARNATAKA,Pennar,CAUVERY,18,26,6.8,7.4,7.2,8.2,76,204,1.2,1.8,BDL,0.8,22,78,220,460
2020,1322,"CAUVERY AT 1KM. D/S OF BHAVANI RIVER CONFL., TAMIL",TAMIL NADU,Pennar,CAUVERY,28,33,0.4,7,7.7,8.4,338,1123,0.5,23.3,BDL,0.36,22,430,49,940
2020,1893,YAGACHI RIVER NEAR PUMPING STATION. HASSAN CITY,KARNATAKA,Pennar,RIVER,24,28,5.6,6.8,7.2,7.6,180,360,1.8,2.2,BDL,BDL,260,450,1700,3500
2020,1199,HEMAVATI AT D/S OF HOLENARASIPURA TOWN AT RAMADEVA,KARNATAKA,Pennar,HEMAVATI,24,28,5.8,7,7.2,7.6,110,190,1.6,2,BDL,BDL,46,140,540,940
2020,1166,"SHIMSHA AT D/S OF BRIDGE, HALAGUR",KARNATAKA,Pennar,SHIMSHA,25,28,4.8,6.8,7.7,8.3,280,1136,2.4,4,0.41,7.3,270,700,1700,2800
2020,1200,"SHIMSHA AT D/S OF HIGHWAY BRIDGE, YEDIYAR",KARNATAKA,Pennar,SHIMSHA,23,33,4.9,7.5,6.4,8.4,170,485,3,6,0.62,3.5,58,4600,920,35000
2020,3567,SHIMSHA D/S NEAR MADDUAR TOWN,KARNATAKA,Pennar,SHIMSHA,24,26,5.7,7.1,7.6,8.2,182,714,1.3,3,BDL,5.8,270,490,1300,2400
2020,3580,SHIMSHA AT WATER SUPPLY INTAKE POINT AT MADDUAR,KARNATAKA,Pennar,SHIMSHA,22,28,6.9,7.4,7.8,8.3,144,377,1,1.8,BDL,2.5,91,330,580,1100
2020,3022,"THIRUMANIMUTHAR AT SALEM, D/S OF SAGO & TEXTILE DYEING",TAMIL NADU,Pennar,THIRUMANIMUTHAR,24,30,2.2,6.7,7.2,8.5,1169,3390,1,21,BDL,6.25,1.8,1400,2,2600
2020,3023,"VASISTA AT SALEM, D/S OF SAGO INDUSRIES EFFLUENT",TAMIL NADU,Pennar,VASISTA,19,31,0.9,6.9,7.2,7.9,3390,7560,1,10,BDL,0.91,1.8,61,4,17
2020,1319,AMRAVATI AT 1KM D/S FROM EFF.DIS. PT. AT MADHUTHUKKULAM,TAMIL NADU,Pennar,AMRAVATI,26,33,5.3,6.9,6.1,8.1,64,1619,1,3,BDL,0.79,14,170,24,400
2020,1165,ARKAVATHI AT D/S OF KANAKAPURA TOWN,KARNATAKA,Pennar,ARKAVATHI,25,27,3.9,6.6,6.5,7.9,774,1388,5,14,1.83,26.8,480,63000,3500,540000
2020,2778,ARKAVATHI AT T.G. HALLI RESERVOIR,KARNATAKA,Pennar,ARKAVATHI,25,32.7,4.1,13,6.3,8.3,1002,1306,6,16,1.03,9,43,4600,540,54000
2020,2779,"ARKAVATHI AT HESARAGHATTA RESERVOIR,",KARNATAKA,Pennar,ARKAVATHI,24.8,34,0.9,7.5,6.2,8,85,1659,2,28,0.46,14.5,940,210000,5400,1600000
2020,4108,AKRAVATHI RIVER BEFORE CONFLUENCE AT SANGAM,KARNATAKA,Pennar,BEFORE CONFLUENCE,24,26,4,9,7.3,8.1,954,1428,4,17,BDL,25,460,12000,2400,92000
2020,1197,"KABINI AT SARAGUR VILLAGE D/S,",KARNATAKA,Pennar,KABINI,20,28,6.5,7.2,7.4,8.2,109,391,1.2,2.5,BDL,1.9,110,380,840,1400
2020,1207,"KABINI AT MUTHANKARA, KERALA",KERALA,Pennar,KABINI,20,33,5.3,7.2,6.8,7.6,45,110,BDL,1.4,BDL,0.12,10,63,30,170
2020,2775,"KABINI AT BATHING GHAT, NANJANAGUD",KARNATAKA,Pennar,KABINI,21,27,5,7.3,7.2,8.3,114,499,1.2,3.6,BDL,2.1,210,840,940,2800
2020,1196,LAKSHMANTIRTHA AT D/S OF HUNSUR TOWN,KARNATAKA,Pennar,LAKSHMANTIRTHA,22,27,6,6.8,7.5,8.2,143,644,2,3,0.3,2.8,390,940,2100,4000
2020,2772,"LAKSHMANTIRTHA AT D/S OF KATTEMALAVADI,",KARNATAKA,Subarnrekha,LAKSHMANTIRTHA,22,29,5.8,6.5,7.3,8.3,208,640,2.2,3,0.52,2.8,410,1800,2400,3900
2020,3572,LAKSHMANTIRTHA AT WATER SUPPLY INTAKE POINT TO HUN,KARNATAKA,Subarnrekha,LAKSHMANTIRTHA,22,27,5.8,7,7.5,8.3,143,700,1.4,2.8,0.3,2.1,330,940,1700,2800
2020,3024,"SARABANGA AT SALEM, D/S OF TEXTILE DYEING INDUSTRIES",TAMIL NADU,Subarnrekha,SARABANGA,22,31,6,6.6,7.7,8.4,2130,2880,1,2,BDL,10.11,1.8,11,4,39
2020,2385,SUBARNAREKHA AT NAMKUM ROAD BRIDGE,JHARKHAND,Subarnrekha,SUBARNAREKHA,9,26,5.7,7,6.3,7.8,-,-,2.3,6.9,-,-,140,150,750,930
2020,2386,SUBARNAREKHA AT MURI ROAD BRIDGE,JHARKHAND,Subarnrekha,SUBARNAREKHA,11,26,7.1,8.4,7.3,7.5,-,-,2.3,3.8,-,-,140,150,540,930
2020,2387,SUBAREKHA AT GHATISLA ROAD BRIDGE,JHARKHAND,Subarnrekha,SUBAREKHA,19,35,7.2,7.8,7.4,7.4,158,176,BDL,1.1,BDL,BDL,-,-,-,-
2020,2395,SUBARNAREKHA AT HATIA DAM,JHARKHAND,Subarnrekha,SUBARNAREKHA,9,22,7.6,8.9,7.3,7.5,-,-,1.1,2.4,-,-,140,150,70,930
2020,2397,SUBARNAREKHA AT GATALSUD DAM,JHARKHAND,Subarnrekha,SUBARNAREKHA,8,23,7.6,8.5,7.2,7.5,-,-,2,2.5,-,-,140,150,84,930
2020,2399,SUBARNAREKHA AT CHANDIL DAM,JHARKHAND,Subarnrekha,SUBARNAREKHA,16,33,7.4,8.2,7.4,7.6,148,158,BDL,1,BDL,BDL,-,-,-,-
2020,30067,SUBARNAREKHA AT BEHRAGORA (JHARKHAND),INTER-STATE,Subarnrekha,SUBARNAREKHA,26,32,5.4,8.8,7.7,8.9,209,325,2.4,2.4,BDL,0.45,490,2200,1100,35000
2020,30068,SUBARNAREKHA AT GOPIBALLAVPUR (WEST BENGAL),INTER-STATE,Subarnrekha,SUBARNAREKHA,26,32,6.4,8.9,8,8.8,195,307,1.7,1.7,BDL,0.74,490,16000,790,35000
2020,30069,SUBARNAREKHA AT LAKHANNATH (ORISSA),INTER-STATE,Subarnrekha,SUBARNAREKHA,26,32,6.1,9,6.9,8.9,200,315,BDL,1.5,BDL,0.39,490,1100,1100,22000
2020,1641,SUBARNAREKHA AT RAJGHAT (THENGUDIA),ODISHA,Subarnrekha,SUBARNAREKHA,18,30,6,8.8,7.2,8.4,134,1224,1,1.8,BDL,4.75,45,2400,170,3500
2020,4710,HALDI RIVER AT NORGHAT,WEST BENGAL,Subarnrekha,RIVER,19,32,4.6,8.5,,6.85  8.35,265,10430,BDL,3,1.19,4.76,3200,9400,8000,160000
2020,4711,RASULPUR RIVER AT RASULPUR GHAT,WEST BENGAL,Subarnrekha,RIVER,20,32,5.7,7.9,,7.61  8.35,886,22440,BDL,2.67,0.6,2.39,400,11000,700,22000
