year,code,station,state,section_title,waterbody,temp_min,temp_max,do_min,do_max,ph_min,ph_max,cond_min,cond_max,bod_min,bod_max,nitrate_min,nitrate_max,fecal_min,fecal_max,total_coli_min,total_coli_max
2023,1001,RIVER BEAS AT U/S MANALI,HIMACHAL PRADESH,Beas,BEAS,2.0,24.0,7.8,9.2,,7.2  8.2,68,380,1.0,2.8,0.32,1.15,2,170,63,540
2023,2601,RIVER BEAS AT D/S MANALI,HIMACHAL PRADESH,Beas,BEAS,2.0,13.0,7.6,9.0,,6.5  8.1,58,135,1.0,2.8,0.32,1.87,110,1600,920,1600
2023,4444,RIVER BEAS D/S OF WASTE PROCESSING FACILITY AT MANALI,HIMACHAL PRADESH,Beas,BEAS,2.0,13.0,7.8,8.8,,6.7  7.8,62,113,1.0,2.8,0.32,1.08,110,1600,350,1600
2023,4037,RIVER BEAS D/S MANALSU NALLAH,HIMACHAL PRADESH,Beas,BEAS,2.0,14.0,7.9,8.9,,6.3  8.0,52,137,1.0,1.0,0.32,1.74,22,110,79,540
2023,3866,RIVER BEAS U/S BEFORE CONF. OF MANALSU NALLAH,HIMACHAL PRADESH,Beas,BEAS,2.0,13.0,7.8,9.1,,7.0  7.8,51,113,1.0,1.0,0.32,0.97,23,120,110,430
2023,2602,"RIVER BEAS, U/S KULLU",HIMACHAL PRADESH,Beas,,4.0,16.0,7.6,8.7,,6.7  7.8,44,128,1.0,1.0,0.32,0.90,49,220,240,920
2023,4445,RIVER BEAS D/S OF WASTE PROCESSING FACILITY AT KULLU,HIMACHAL PRADESH,Beas,BEAS,4.0,16.0,7.6,8.4,,6.6  7.7,73,170,1.0,1.6,0.32,0.96,47,150,280,920
2023,1002,RIVER BEAS D/S KULLU,HIMACHAL PRADESH,Beas,BEAS,4.0,16.0,7.5,8.4,,7.2  8.0,77,144,1.0,1.6,0.32,2.65,110,540,540,1600
2023,1003,RIVER BEAS D/S AUT,HIMACHAL PRADESH,Beas,BEAS,5.0,16.0,7.5,8.1,,7.2  8.2,61,129,1.0,1.0,0.32,0.77,34,280,170,1600
2023,1004,RIVER BEAS AT PANDOH DAM,HIMACHAL PRADESH,Beas,BEAS,9.0,26.0,8.3,9.0,,7.1  8.3,65,205,1.0,1.0,0.32,1.06,22,79,70,430
2023,2603,"RIVER BEAS, D/S PANDOH DAM",HIMACHAL PRADESH,Beas,,8.0,26.0,8.0,9.3,,7.1  8.2,61,202,1.0,1.0,0.32,1.15,41,110,210,920
2023,1005,RIVER BEAS AT EXIT OF DEHAR POWER HOUSE,HIMACHAL PRADESH,Beas,BEAS,10.0,28.0,8.1,9.1,,6.9  8.1,96,280,1.0,1.0,0.32,0.95,17,94,63,350
2023,1550,"BEAS RIVER, U/S OF MANDI TOWN",HIMACHAL PRADESH,Beas,,6.0,25.0,7.8,9.2,,7.2  8.0,80,190,1.0,1.0,0.32,0.98,23,94,120,430
2023,1006,RIVER BEAS D/S MANDI TOWN,HIMACHAL PRADESH,Beas,BEAS,8.0,25.0,8.3,9.1,,7.0  8.0,84,191,1.0,1.0,0.51,5.30,41,280,220,1600
2023,2604,RIVER BEAS AT D/S JAISINGHPUR,HIMACHAL PRADESH,Beas,BEAS,13.0,22.0,8.6,9.4,,7.2  8.2,115,362,1.0,1.0,1.20,4.83,2,68,110,16000
2023,1007,RIVER BEAS AT D/S ALAMPUR,HIMACHAL PRADESH,Beas,BEAS,13.0,22.0,8.5,9.2,,7.3  8.3,123,960,1.0,1.0,0.98,4.21,2,45,70,9200
2023,3855,"RIVER BEAS D/S NADAUN BRIDGE, VILL BHADOLI",HIMACHAL PRADESH,Beas,BEAS,14.0,22.0,6.8,9.3,,7.5  8.5,81,404,1.0,1.2,0.30,2.53,2,93,39,5400
2023,1292,"RIVER BEAS AT PONG DAM ,PONG VILLAGE",HIMACHAL PRADESH,Beas,BEAS,7.0,19.0,8.2,9.1,,7.5  8.5,157,257,1.0,1.0,0.41,3.57,2,78,220,5400
2023,1009,RIVER BEAS AT D/S PONG DAM,HIMACHAL PRADESH,Beas,BEAS,8.0,20.0,8.1,9.2,,7.4  8.2,158,264,1.0,1.0,0.73,2.87,2,68,170,5400
2023,1008,RIVER BEAS AT D/S DEHRAGOPIPUR,HIMACHAL PRADESH,Beas,BEAS,15.0,22.0,6.7,9.2,,7.2  8.2,107,386,1.0,1.0,1.08,3.27,2,110,40,5400
2023,4435,RIVER BEAS U/S SUJANPUR TIHRA,HIMACHAL PRADESH,Beas,BEAS,15.0,28.0,7.7,9.0,,6.9  8.8,241,964,1.0,4.8,0.32,2.59,2,5,17,170
2023,4436,RIVER BEAS D/S SUJANPUR TIHRA,HIMACHAL PRADESH,Beas,BEAS,14.9,28.0,7.6,8.8,,7.0  8.2,229,545,1.0,3.6,0.32,3.12,2,5,17,220
2023,4437,RIVER BEAS U/S NADAUM TOWN,HIMACHAL PRADESH,Beas,BEAS,15.6,27.0,6.7,8.9,,7.4  8.3,241,,3040  1.0,2.8,0.30,1.17,2,8,17,170
2023,4438,RIVER BEAS D/S NADAUN TOWN AFTER CONFLUENCE OF MAAN KHAD,HIMACHAL PRADESH,Beas,BEAS,15.5,28.0,7.8,8.9,,7.2  8.4,216,397,1.0,3.4,0.32,1.16,2,8,21,140
2023,4443,RIVER BEAS AT RAISON,HIMACHAL PRADESH,Beas,BEAS,3.0,15.0,7.8,8.7,,6.8  8.2,53,137,1.0,1.0,0.32,0.96,47,140,220,920
2023,5765,RIVER BEAS D/S NEW BAJAURA BRIDGE,HIMACHAL PRADESH,Beas,BEAS,4.0,16.0,7.5,8.5,,7.0  8.1,56,281,1.0,1.0,0.32,0.84,58,140,280,920
2023,30083,RIVER BEAS AT TALWARA (PONG DAM),HIMACHAL PRADESH,Beas,BEAS,17.5,27.0,,7.2  10.0  8.1  8.6,,,174,230,1.0,2.0,0.37,2.57,11,3800,46,17000
2023,30084,"RIVER BEAS AT D/S CHANGARWA VILLAGE, (PUNJAB)",PUNJAB,Beas,BEAS,18.0,28.0,,5.8  10.7  8.0  8.4,,,201,226,1.0,1.1,0.40,2.17,110,22000,270,92000
2023,1693,"RIVER BEAS AT TALWARA H/W, PUNJAB",PUNJAB,Beas,BEAS,13.0,33.0,,6.7  10.1  7.4  8.2,,,178,244,1.0,1.2,0.70,1.20,18,46,70,150
2023,1694,"RIVER BEAS AT U/S PATHANKOT, PUNJAB",PUNJAB,Beas,BEAS,11.0,34.0,7.7,9.1,,7.7  8.3,198,359,1.0,1.2,0.40,1.11,27,93,110,240
2023,1010,"RIVER BEAS AT MIRTHAL BRIDGE, GURDASPUR",PUNJAB,Beas,BEAS,11.0,34.0,7.7,9.1,,7.5  8.3,204,395,1.0,1.3,0.60,0.90,26,78,94,170
2023,1695,"RIVER BEAS D/S PATHANKOT, PUNJAB",PUNJAB,Beas,BEAS,11.0,34.0,7.4,8.9,,7.5  8.3,218,295,1.0,1.2,0.50,1.10,31,140,120,330
2023,1294,"RIVER BEAS AT 1KM.D/S OF EFFL. DISH. POINT AT MUKERIAN , PUNJAB",PUNJAB,Beas,BEAS,15.0,27.0,7.0,9.1,,7.6  8.2,203,275,1.0,1.3,0.70,1.40,27,140,110,340
2023,1696,"RIVER BEAS U/S GOINDWAL, PUNJAB",PUNJAB,Beas,BEAS,14.0,28.0,8.0,9.2,,7.5  8.2,191,245,1.0,1.2,0.40,1.05,68,140,220,330
2023,1697,"RIVER BEAS AT HARIKE, PUNJAB",PUNJAB,Beas,BEAS,14.0,28.0,8.1,9.1,,7.7  8.2,201,256,1.0,1.2,0.60,1.31,120,210,280,400
2023,1011,RIVER BEAS AT G.T. ROAD UNDER BDG. NEAR KAPURTHALA,PUNJAB,Beas,BEAS,16.0,28.0,6.9,9.4,,7.8  8.2,190,276,1.0,1.4,0.50,0.97,63,170,220,380
2023,1012,RIVER BEAS AT 100M D/S INDUST. DISCH. GOINDWAL,PUNJAB,Beas,BEAS,14.0,28.0,7.9,8.9,,7.8  8.1,203,264,1.0,1.3,0.50,1.10,93,170,260,380
2023,4164,"RIVER BEAS RIVER, NR VILL KIRI AFGHANA, TEHSIL BATALA, GURDASPUR",PUNJAB,Beas,,16.0,27.0,6.5,9.2,,7.7  8.2,192,288,1.0,1.3,0.60,1.00,33,170,140,350
2023,5504,RIVER BEAS AT KARMOWALA VILLAGE,PUNJAB,Beas,BEAS,26.0,27.0,7.9,8.8,,7.9  8.1,211,240,1.0,1.2,0.70,0.97,84,130,260,280
2023,5505,RIVER BEAS AT CHAMBA KALAN,PUNJAB,Beas,BEAS,26.0,27.0,7.9,9.0,,7.9  8.1,208,239,1.0,1.1,0.70,0.93,70,110,220,370
2023,5506,RIVER BEAS AT KAMBOH DAHIWALA,PUNJAB,Beas,BEAS,26.0,27.0,7.8,8.9,,7.8  8.0,209,241,1.0,1.1,0.80,0.97,94,140,280,340
2023,1867,RIVER SUTLEJ BEFORE CONF. WITH RIVER SPITI AT KHAB,HIMACHAL PRADESH,Sutlej,SPITI,7.0,11.5,9.1,9.4,,7.5  8.3,141,534,1.0,1.0,0.32,1.49,2,33,9,280
2023,2611,RIVER SUTLEJ AFTER CONF. WITH RIVER SPIT AT KHAB,HIMACHAL PRADESH,Sutlej,SPIT,7.0,11.5,9.2,9.5,,7.8  8.4,127,531,1.0,1.0,0.32,1.50,2,49,7,1600
2023,3872,RIVER SUTLEJ D/S TIDONG HEP,HIMACHAL PRADESH,Sutlej,SUTLEJ,7.0,11.5,9.0,9.3,,7.6  8.4,118,505,1.0,1.0,0.32,1.19,2,350,4,1600
2023,4448,RIVER SUTLEJ BEFORE CONFLUENCES WITH RIVER TIDONG,HIMACHAL PRADESH,Sutlej,,7.5,11.5,9.0,9.3,,7.6  8.4,118,490,1.0,1.0,0.32,1.40,7,33,17,350
2023,4449,RIVER SUTLEJ AFTER CONFLUENCES WITH RIVER TIDONG,HIMACHAL PRADESH,Sutlej,,7.0,11.5,9.0,9.3,,7.8  8.4,122,481,1.0,1.0,0.32,1.23,5,140,17,350
2023,4452,RIVER SUTLEJ BEFORE CONFLUENCES OF RIVER BASPA,HIMACHAL PRADESH,Sutlej,,7.5,12.0,8.7,9.3,,7.5  8.3,119,517,1.0,1.0,0.32,1.44,2,33,11,350
2023,3871,RIVER SUTLEJ D/S POWER HOUSE KASHANG HEP,HIMACHAL PRADESH,Sutlej,SUTLEJ,7.0,12.0,8.9,9.4,,7.5  8.5,117,491,1.0,1.0,0.32,1.39,2,110,7,540
2023,3870,RIVER SUTLEJ AFTER CONF. OF RIVER BASPA AT KARCHAM DAM,HIMACHAL PRADESH,Sutlej,BASPA,7.0,12.0,8.8,9.3,,7.8  8.4,121,460,1.0,1.0,0.32,1.39,2,27,8,540
2023,1389,RIVER SUTLEJ AT WANGTOO BRIDGE,HIMACHAL PRADESH,Sutlej,SUTLEJ,7.5,12.0,8.7,9.3,,7.7  8.4,108,468,1.0,1.0,0.32,1.40,2,46,9,1600
2023,4453,RIVER SUTLEJ AFTER CONFLUENCES OF RIVER BASPA,HIMACHAL PRADESH,Sutlej,,7.0,12.0,8.7,9.3,,7.5  8.4,115,437,1.0,1.0,0.32,1.43,5,22,17,350
2023,3869,RIVER SUTLEJ D/S TRT OF RAMPUR HYDEL ELECTRIC PROJECT,HIMACHAL PRADESH,Sutlej,SUTLEJ,7.5,13.5,8.7,9.2,,7.5  8.3,105,254,1.0,1.0,0.32,1.42,7,170,17,1600
2023,1086,RIVER SUTLEJ AT U/S RAMPUR,HIMACHAL PRADESH,Sutlej,SUTLEJ,7.5,13.0,8.5,9.3,,7.7  8.3,107,251,1.0,1.0,0.32,0.95,2,39,17,350
2023,1087,RIVER SUTLEJ AT D/S RAMPUR,HIMACHAL PRADESH,Sutlej,SUTLEJ,8.0,13.5,8.6,9.2,,7.6  8.3,100,249,1.0,1.0,0.32,0.95,2,280,5,1600
2023,1013,RIVER SUTLEJ AT U/S TATAPANI,HIMACHAL PRADESH,Sutlej,SUTLEJ,7.5,14.0,8.6,9.3,,6.5  8.2,117,447,1.0,1.0,0.32,3.95,4,26,17,1600
2023,4446,RIVER SUTLEJ U/S IANDFILL SITE RAMPUR,HIMACHAL PRADESH,Sutlej,SUTLEJ,7.0,13.0,8.5,9.3,,7.5  8.3,97,245,1.0,1.0,0.32,0.77,7,39,32,920
2023,4447,RIVER STLUJ D/S LANDFILL SITE RAMPUR,HIMACHAL PRADESH,Sutlej,STLUJ,7.5,13.0,8.6,9.2,,7.5  8.2,104,253,1.0,1.0,0.32,0.89,2,79,7,1600
2023,4032,RIVER SUTLEJ D/S ACC BARMANA,HIMACHAL PRADESH,Sutlej,SUTLEJ,9.0,26.0,8.3,9.2,,7.4  8.0,102,235,1.0,1.0,0.32,2.21,23,84,110,280
2023,4033,RIVER SUTLEJ NEAR LUHNOO GROUND,HIMACHAL PRADESH,Sutlej,SUTLEJ,10.0,33.0,8.1,8.9,,6.8  8.3,150,335,1.0,2.8,0.39,3.50,33,1600,240,1600
2023,4450,RIVER SUTLEJ BEFORE CONFLUENCE WITH GANVI KHAND,HIMACHAL PRADESH,Sutlej,,7.0,13.0,8.9,9.4,,7.5  8.3,117,258,1.0,1.0,0.32,1.01,5,26,17,350
2023,4451,RIVER SUTLEJ AFTER CONFLUENCE WITH GANVI KHAD,HIMACHAL PRADESH,Sutlej,,7.5,13.0,8.9,9.4,,7.6  8.2,100,248,1.0,1.0,0.32,0.82,7,110,17,1600
2023,30009,RIVER SUTLEJ AT NANGAL (H.P.),HIMACHAL PRADESH,Sutlej,SUTLEJ,16.5,23.0,7.0,9.8,,7.9  8.3,230,356,1.0,1.0,0.42,0.71,20,4500,460,33000
2023,1014,RIVER SUTLEJ U/S OF EXIT POINT OF DEHAR POWER HOUSE,HIMACHAL PRADESH,Sutlej,SUTLEJ,9.0,26.0,8.5,9.6,,5.7  8.0,96,286,1.0,1.0,0.32,0.98,22,49,70,240
2023,1015,RIVER SUTLEJ D/S OF EXIT POINT OF DEHAR POWER HOUSE,HIMACHAL PRADESH,Sutlej,SUTLEJ,9.0,26.0,8.1,9.1,,7.3  8.1,94,240,1.0,1.0,0.32,2.08,32,84,110,430
2023,1016,RIVER SUTLEJ D/S BHAKHRA,HIMACHAL PRADESH,Sutlej,SUTLEJ,16.0,26.0,8.2,9.3,,6.9  8.3,203,354,1.0,2.3,0.32,0.93,2,6,13,80
2023,30088,"RIVER SUTLEJ D/S OLINDA, NEAR BHAKRA DAM, H.P.",HIMACHAL PRADESH,Sutlej,SUTLEJ,18.5,23.0,,7.1  10.4  8.0  8.3,,,217,272,1.0,1.0,0.47,1.13,4,2200,14,92000
2023,30010,RIVER SUTLEJ AT NOORPUR BEDI ROAD (PUNJAB),PUNJAB,Sutlej,SUTLEJ,19.5,24.0,7.1,9.8,,7.7  8.3,257,333,1.0,5.0,0.32,1.10,200,13000,1700,350000
2023,1814,"RIVER SUTLEJ AT D/S KIRATPUR SAHIB, PUNJAB",PUNJAB,Sutlej,SUTLEJ,14.0,28.0,7.2,9.4,,7.0  8.3,227,290,1.0,1.0,0.70,5.90,33,250,120,580
2023,1380,"RIVER SUTLEJ AT D/S NFL, PUNJAB",PUNJAB,Sutlej,SUTLEJ,16.0,22.0,,7.0  12.1  7.4  8.3,,,206,274,1.0,1.0,0.80,3.10,17,100,70,330
2023,2915,"RIVER SUTLEJ AT 100 MT. D/S OF PACL, NANGAL",PUNJAB,Sutlej,SUTLEJ,16.0,22.0,,7.0  12.2  7.6  8.4,,,207,275,1.0,1.0,0.80,3.10,20,110,79,330
2023,10020,RIVER SUTLEJ AT ANANDPUR SAHIB,PUNJAB,Sutlej,SUTLEJ,15.0,23.0,,7.4  12.3  7.1  8.5,,,202,298,1.0,1.0,0.90,6.00,22,210,110,470
2023,10021,RIVER SUTLEJ AT BUNGA SAHIB,PUNJAB,Sutlej,SUTLEJ,13.0,28.0,,7.5  10.0  7.0  8.3,,,210,302,1.0,1.0,0.90,2.40,38,380,140,840
2023,10022,RIVER SUTLEJ AT PHILLAUR U/S,PUNJAB,Sutlej,SUTLEJ,15.0,35.0,4.6,8.4,,7.6  8.1,248,574,1.0,3.0,0.30,1.40,200,1700,700,3900
2023,10023,RIVER SUTLEJ AT PHAGWARA U/S (CHAHERU BRIDGE),PUNJAB,Sutlej,SUTLEJ,15.0,35.0,0.3,5.8,,7.2  8.1,518,,1144  4.5  14.0  0.40,,,2.80,330,2300,1400,4300
2023,10024,RIVER SUTLEJ AT PHAGWARA D/S (KANGANIWAL BRIDGE),PUNJAB,Sutlej,SUTLEJ,15.0,32.0,0.3,1.9,,7.3  7.8,538,,1248  4.8  21.0  0.40,,,2.00,1100,110000,6300,340000
2023,10027,RIVER SUTLEJ AT LUDHIANA U/S,PUNJAB,Sutlej,SUTLEJ,10.0,29.0,6.3,8.8,,7.6  8.3,257,320,1.0,1.8,0.80,3.10,130,780,700,2600
2023,10028,RIVER SUTLEJ AT LUDHIANA D/S,PUNJAB,Sutlej,SUTLEJ,13.0,30.0,0.3,6.6,,7.2  7.9,247,,1245  2.3  75.0  1.40,,,3.80,17000,1700000,54000,6300000
2023,1017,"RIVER SUTLEJ AT 100M U/S OF HEADWORKS, NANGAL",PUNJAB,Sutlej,SUTLEJ,16.0,21.0,6.7,9.6,,7.5  8.1,196,264,1.0,1.0,0.40,1.80,17,78,68,270
2023,1018,"RIVER SUTLEJ AT 100M D/S , NANGAL",PUNJAB,Sutlej,SUTLEJ,17.0,24.0,,7.6  11.4  7.6  8.5,,,200,270,1.0,1.0,0.80,2.20,20,170,70,390
2023,1293,"RIVER SUTLEJ AT 1 KM. D/S OF ZENITH, PUNJAB",PUNJAB,Sutlej,SUTLEJ,14.0,29.0,7.0,9.8,,7.3  8.5,243,363,1.0,1.0,0.70,2.70,78,700,490,1700
2023,1019,RIVER SUTLEJ AT U/S HEAD WORKS ROPAR,PUNJAB,"Tributary Streams - Ravi, Parvati, Sirsa, Sarsa, Baira Siul, Suketi Khad, Binwa, Neugal Khad, Spiti, Baspa, Banganga, Basanter, Chenab, Devak, Tawi, Ujh, Swan, Tirthan, Pabbar, Ashwani Khad, Manjhi Khad, Mol Khad, Baner Khad, Charan Khand, Dhauli Khad, Shikari Khad, Batta, Kali Bein, Sainj, Markanda, Gaj Khad, Bather Khad, Bald, Ratta, Uhl Suketi Khad, Seer Khad, Bhagga, Chandra, Giri And Koshalya -",SUTLEJ,14.0,27.0,6.4,9.0,,7.5  8.2,240,348,1.0,1.2,1.10,2.60,61,460,330,1300
2023,1020,"RIVER SUTLEJ AT 100M D/S BUDHA NALA CONFL., LUDHIANA",PUNJAB,"Tributary Streams - Ravi, Parvati, Sirsa, Sarsa, Baira Siul, Suketi Khad, Binwa, Neugal Khad, Spiti, Baspa, Banganga, Basanter, Chenab, Devak, Tawi, Ujh, Swan, Tirthan, Pabbar, Ashwani Khad, Manjhi Khad, Mol Khad, Baner Khad, Charan Khand, Dhauli Khad, Shikari Khad, Batta, Kali Bein, Sainj, Markanda, Gaj Khad, Bather Khad, Bald, Ratta, Uhl Suketi Khad, Seer Khad, Bhagga, Chandra, Giri And Koshalya -",SUTLEJ,12.0,30.0,0.3,2.1,,7.2  7.8,505,,1250  17.0 105.0 1.10,,,8.00,79000,,2200000  220000,7900000
2023,1022,"RIVER SUTLEJ AT BRIDGE HARIKE, AMRITSAR",PUNJAB,"Tributary Streams - Ravi, Parvati, Sirsa, Sarsa, Baira Siul, Suketi Khad, Binwa, Neugal Khad, Spiti, Baspa, Banganga, Basanter, Chenab, Devak, Tawi, Ujh, Swan, Tirthan, Pabbar, Ashwani Khad, Manjhi Khad, Mol Khad, Baner Khad, Charan Khand, Dhauli Khad, Shikari Khad, Batta, Kali Bein, Sainj, Markanda, Gaj Khad, Bather Khad, Bald, Ratta, Uhl Suketi Khad, Seer Khad, Bhagga, Chandra, Giri And Koshalya -",SUTLEJ,11.0,30.0,4.2,7.5,,7.2  7.9,271,442,1.0,3.6,1.10,3.20,270,2200,700,5400
2023,10025,RIVER SUTLEJ AT JALANDHAR U/S (PEERU SHAH KA DARGAH),PUNJAB,"Tributary Streams - Ravi, Parvati, Sirsa, Sarsa, Baira Siul, Suketi Khad, Binwa, Neugal Khad, Spiti, Baspa, Banganga, Basanter, Chenab, Devak, Tawi, Ujh, Swan, Tirthan, Pabbar, Ashwani Khad, Manjhi Khad, Mol Khad, Baner Khad, Charan Khand, Dhauli Khad, Shikari Khad, Batta, Kali Bein, Sainj, Markanda, Gaj Khad, Bather Khad, Bald, Ratta, Uhl Suketi Khad, Seer Khad, Bhagga, Chandra, Giri And Koshalya -",SUTLEJ,15.0,34.0,0.3,0.3,,6.9  7.8,937,,1165  42.0 100.0 1.10,,,2.80,63000,490000,220000,790000
2023,10026,RIVER SUTLEJ AT JALANDHAR D/S (MALSIAN BRIDGE),PUNJAB,"Tributary Streams - Ravi, Parvati, Sirsa, Sarsa, Baira Siul, Suketi Khad, Binwa, Neugal Khad, Spiti, Baspa, Banganga, Basanter, Chenab, Devak, Tawi, Ujh, Swan, Tirthan, Pabbar, Ashwani Khad, Manjhi Khad, Mol Khad, Baner Khad, Charan Khand, Dhauli Khad, Shikari Khad, Batta, Kali Bein, Sainj, Markanda, Gaj Khad, Bather Khad, Bald, Ratta, Uhl Suketi Khad, Seer Khad, Bhagga, Chandra, Giri And Koshalya -",SUTLEJ,16.0,31.0,0.3,0.3,,6.7  7.7,849,,1309  35.0  79.0  0.82,,,5.00,63000,460000,210000,700000
2023,1021,"RIVER SUTLEJ AT BOAT BDG. DHARMKOTNAKODAR ROAD, JALANDHAR",PUNJAB,"Tributary Streams - Ravi, Parvati, Sirsa, Sarsa, Baira Siul, Suketi Khad, Binwa, Neugal Khad, Spiti, Baspa, Banganga, Basanter, Chenab, Devak, Tawi, Ujh, Swan, Tirthan, Pabbar, Ashwani Khad, Manjhi Khad, Mol Khad, Baner Khad, Charan Khand, Dhauli Khad, Shikari Khad, Batta, Kali Bein, Sainj, Markanda, Gaj Khad, Bather Khad, Bald, Ratta, Uhl Suketi Khad, Seer Khad, Bhagga, Chandra, Giri And Koshalya -",SUTLEJ,11.0,28.0,0.3,7.6,,7.1  7.8,305,733,,2.2  41.0  1.30,,4.60,4900,1200000,17000,2800000
2023,1381,"RIVER SUTLEJ AT D/S EAST BEIN, PUNJAB",PUNJAB,"Tributary Streams - Ravi, Parvati, Sirsa, Sarsa, Baira Siul, Suketi Khad, Binwa, Neugal Khad, Spiti, Baspa, Banganga, Basanter, Chenab, Devak, Tawi, Ujh, Swan, Tirthan, Pabbar, Ashwani Khad, Manjhi Khad, Mol Khad, Baner Khad, Charan Khand, Dhauli Khad, Shikari Khad, Batta, Kali Bein, Sainj, Markanda, Gaj Khad, Bather Khad, Bald, Ratta, Uhl Suketi Khad, Seer Khad, Bhagga, Chandra, Giri And Koshalya -",SUTLEJ,12.0,29.0,0.3,7.8,,7.1  7.8,300,808,,2.0  50.0  1.70,,6.30,7900,1700000,17000,3500000
2023,1691,"RIVER SUTLEJ AT U/S HUSSANIWALA - H/W FEROZEPUR, PUNJAB",PUNJAB,"Tributary Streams - Ravi, Parvati, Sirsa, Sarsa, Baira Siul, Suketi Khad, Binwa, Neugal Khad, Spiti, Baspa, Banganga, Basanter, Chenab, Devak, Tawi, Ujh, Swan, Tirthan, Pabbar, Ashwani Khad, Manjhi Khad, Mol Khad, Baner Khad, Charan Khand, Dhauli Khad, Shikari Khad, Batta, Kali Bein, Sainj, Markanda, Gaj Khad, Bather Khad, Bald, Ratta, Uhl Suketi Khad, Seer Khad, Bhagga, Chandra, Giri And Koshalya -",SUTLEJ,12.0,30.0,4.8,9.1,,7.0  8.1,248,422,1.0,2.0,1.10,2.60,110,780,540,2600
2023,1692,"RIVER SUTLEJ AT D/S HUSSANIWALA-H/W FEROZEPUR, PUNJAB",PUNJAB,"Tributary Streams - Ravi, Parvati, Sirsa, Sarsa, Baira Siul, Suketi Khad, Binwa, Neugal Khad, Spiti, Baspa, Banganga, Basanter, Chenab, Devak, Tawi, Ujh, Swan, Tirthan, Pabbar, Ashwani Khad, Manjhi Khad, Mol Khad, Baner Khad, Charan Khand, Dhauli Khad, Shikari Khad, Batta, Kali Bein, Sainj, Markanda, Gaj Khad, Bather Khad, Bald, Ratta, Uhl Suketi Khad, Seer Khad, Bhagga, Chandra, Giri And Koshalya -",SUTLEJ,12.0,30.0,4.7,8.9,,6.9  8.0,251,420,1.0,2.4,1.20,2.80,170,1100,540,2700
2023,4059,"RIVER RAVI AT RANJIT SAGAR DAM, AT PANAGAR (BASOHIL)",JAMMU & KASHMIR,"Tributary Streams - Ravi, Parvati, Sirsa, Sarsa, Baira Siul, Suketi Khad, Binwa, Neugal Khad, Spiti, Baspa, Banganga, Basanter, Chenab, Devak, Tawi, Ujh, Swan, Tirthan, Pabbar, Ashwani Khad, Manjhi Khad, Mol Khad, Baner Khad, Charan Khand, Dhauli Khad, Shikari Khad, Batta, Kali Bein, Sainj, Markanda, Gaj Khad, Bather Khad, Bald, Ratta, Uhl Suketi Khad, Seer Khad, Bhagga, Chandra, Giri And Koshalya -",RAVI,12.0,26.0,7.4,7.5,,7.5  8.2,109,230,1.0,1.0,0.00,0.00,,,,
2023,4060,RIVER RAVI AT DAM-SITE AT THEIN,JAMMU & KASHMIR,"Tributary Streams - Ravi, Parvati, Sirsa, Sarsa, Baira Siul, Suketi Khad, Binwa, Neugal Khad, Spiti, Baspa, Banganga, Basanter, Chenab, Devak, Tawi, Ujh, Swan, Tirthan, Pabbar, Ashwani Khad, Manjhi Khad, Mol Khad, Baner Khad, Charan Khand, Dhauli Khad, Shikari Khad, Batta, Kali Bein, Sainj, Markanda, Gaj Khad, Bather Khad, Bald, Ratta, Uhl Suketi Khad, Seer Khad, Bhagga, Chandra, Giri And Koshalya -",RAVI,12.0,26.0,7.4,7.4,,7.4  8.2,107,185,1.0,1.0,0.00,0.00,,,,
2023,4061,"RIVER RAVI AT LAKHANPUR, 1 KM D/S FROM MADHOPUR BRIDGE",JAMMU & KASHMIR,"Tributary Streams - Ravi, Parvati, Sirsa, Sarsa, Baira Siul, Suketi Khad, Binwa, Neugal Khad, Spiti, Baspa, Banganga, Basanter, Chenab, Devak, Tawi, Ujh, Swan, Tirthan, Pabbar, Ashwani Khad, Manjhi Khad, Mol Khad, Baner Khad, Charan Khand, Dhauli Khad, Shikari Khad, Batta, Kali Bein, Sainj, Markanda, Gaj Khad, Bather Khad, Bald, Ratta, Uhl Suketi Khad, Seer Khad, Bhagga, Chandra, Giri And Koshalya -",RAVI,12.0,26.0,6.3,6.5,,7.6  8.6,108,560,1.0,1.3,0.00,0.00,,,,
2023,1089,RIVER RAVI U/S CHAMBA,HIMACHAL PRADESH,"Tributary Streams - Ravi, Parvati, Sirsa, Sarsa, Baira Siul, Suketi Khad, Binwa, Neugal Khad, Spiti, Baspa, Banganga, Basanter, Chenab, Devak, Tawi, Ujh, Swan, Tirthan, Pabbar, Ashwani Khad, Manjhi Khad, Mol Khad, Baner Khad, Charan Khand, Dhauli Khad, Shikari Khad, Batta, Kali Bein, Sainj, Markanda, Gaj Khad, Bather Khad, Bald, Ratta, Uhl Suketi Khad, Seer Khad, Bhagga, Chandra, Giri And Koshalya -",RAVI,10.0,18.0,8.7,9.1,,7.5  8.4,141,276,1.0,1.0,0.30,6.43,2,68,21,16000
2023,1088,RIVER RAVI AT U/S MADHOPUR,HIMACHAL PRADESH,"Tributary Streams - Ravi, Parvati, Sirsa, Sarsa, Baira Siul, Suketi Khad, Binwa, Neugal Khad, Spiti, Baspa, Banganga, Basanter, Chenab, Devak, Tawi, Ujh, Swan, Tirthan, Pabbar, Ashwani Khad, Manjhi Khad, Mol Khad, Baner Khad, Charan Khand, Dhauli Khad, Shikari Khad, Batta, Kali Bein, Sainj, Markanda, Gaj Khad, Bather Khad, Bald, Ratta, Uhl Suketi Khad, Seer Khad, Bhagga, Chandra, Giri And Koshalya -",RAVI,9.0,22.0,8.1,9.0,,7.4  8.2,164,467,1.0,1.0,0.30,4.58,2,20,130,1400
2023,2614,RIVER RAVI CHAMERA-I RESERVOIR,HIMACHAL PRADESH,"Tributary Streams - Ravi, Parvati, Sirsa, Sarsa, Baira Siul, Suketi Khad, Binwa, Neugal Khad, Spiti, Baspa, Banganga, Basanter, Chenab, Devak, Tawi, Ujh, Swan, Tirthan, Pabbar, Ashwani Khad, Manjhi Khad, Mol Khad, Baner Khad, Charan Khand, Dhauli Khad, Shikari Khad, Batta, Kali Bein, Sainj, Markanda, Gaj Khad, Bather Khad, Bald, Ratta, Uhl Suketi Khad, Seer Khad, Bhagga, Chandra, Giri And Koshalya -",,11.0,17.5,8.5,9.2,,6.9  8.2,158,286,1.0,1.0,0.31,2.18,2,27,110,5400
2023,2615,RIVER RAVI D/S CHAMERA- III HEP DAM,HIMACHAL PRADESH,"Tributary Streams - Ravi, Parvati, Sirsa, Sarsa, Baira Siul, Suketi Khad, Binwa, Neugal Khad, Spiti, Baspa, Banganga, Basanter, Chenab, Devak, Tawi, Ujh, Swan, Tirthan, Pabbar, Ashwani Khad, Manjhi Khad, Mol Khad, Baner Khad, Charan Khand, Dhauli Khad, Shikari Khad, Batta, Kali Bein, Sainj, Markanda, Gaj Khad, Bather Khad, Bald, Ratta, Uhl Suketi Khad, Seer Khad, Bhagga, Chandra, Giri And Koshalya -",RAVI,9.0,17.0,8.9,9.2,,7.1  8.3,136,274,1.0,1.0,0.41,3.61,2,40,27,3500
2023,2613,RIVER RAVI AT D/S OF CHAMBA TOWN,HIMACHAL PRADESH,"Tributary Streams - Ravi, Parvati, Sirsa, Sarsa, Baira Siul, Suketi Khad, Binwa, Neugal Khad, Spiti, Baspa, Banganga, Basanter, Chenab, Devak, Tawi, Ujh, Swan, Tirthan, Pabbar, Ashwani Khad, Manjhi Khad, Mol Khad, Baner Khad, Charan Khand, Dhauli Khad, Shikari Khad, Batta, Kali Bein, Sainj, Markanda, Gaj Khad, Bather Khad, Bald, Ratta, Uhl Suketi Khad, Seer Khad, Bhagga, Chandra, Giri And Koshalya -",RAVI,10.0,17.0,8.0,9.0,,7.5  8.1,130,266,1.0,1.0,0.30,3.23,2,78,26,16000
2023,3873,RIVER RAVI U/S STP AT BHARGA,HIMACHAL PRADESH,"Tributary Streams - Ravi, Parvati, Sirsa, Sarsa, Baira Siul, Suketi Khad, Binwa, Neugal Khad, Spiti, Baspa, Banganga, Basanter, Chenab, Devak, Tawi, Ujh, Swan, Tirthan, Pabbar, Ashwani Khad, Manjhi Khad, Mol Khad, Baner Khad, Charan Khand, Dhauli Khad, Shikari Khad, Batta, Kali Bein, Sainj, Markanda, Gaj Khad, Bather Khad, Bald, Ratta, Uhl Suketi Khad, Seer Khad, Bhagga, Chandra, Giri And Koshalya -",RAVI,10.0,17.5,8.8,9.1,,7.5  8.4,142,281,1.0,1.0,0.59,4.71,2,40,21,9200
2023,3874,RIVER RAVI D/S STP AT BHAGOT,HIMACHAL PRADESH,"Tributary Streams - Ravi, Parvati, Sirsa, Sarsa, Baira Siul, Suketi Khad, Binwa, Neugal Khad, Spiti, Baspa, Banganga, Basanter, Chenab, Devak, Tawi, Ujh, Swan, Tirthan, Pabbar, Ashwani Khad, Manjhi Khad, Mol Khad, Baner Khad, Charan Khand, Dhauli Khad, Shikari Khad, Batta, Kali Bein, Sainj, Markanda, Gaj Khad, Bather Khad, Bald, Ratta, Uhl Suketi Khad, Seer Khad, Bhagga, Chandra, Giri And Koshalya -",RAVI,10.0,18.5,8.3,9.0,,7.5  8.3,140,264,1.0,1.0,0.30,3.06,2,110,32,9200
2023,30089,"RIVER RAVI AT LAKHANPUR,",JAMMU & KASHMIR,"Tributary Streams - Ravi, Parvati, Sirsa, Sarsa, Baira Siul, Suketi Khad, Binwa, Neugal Khad, Spiti, Baspa, Banganga, Basanter, Chenab, Devak, Tawi, Ujh, Swan, Tirthan, Pabbar, Ashwani Khad, Manjhi Khad, Mol Khad, Baner Khad, Charan Khand, Dhauli Khad, Shikari Khad, Batta, Kali Bein, Sainj, Markanda, Gaj Khad, Bather Khad, Bald, Ratta, Uhl Suketi Khad, Seer Khad, Bhagga, Chandra, Giri And Koshalya -",RAVI,19.0,31.0,,8.7  10.8  8.0  8.7,,,175,351,1.0,3.0,0.32,0.83,2200,24000000,7000,160000000
2023,30085,RIVER RAVI AT MADHOPUR,PUNJAB,"Tributary Streams - Ravi, Parvati, Sirsa, Sarsa, Baira Siul, Suketi Khad, Binwa, Neugal Khad, Spiti, Baspa, Banganga, Basanter, Chenab, Devak, Tawi, Ujh, Swan, Tirthan, Pabbar, Ashwani Khad, Manjhi Khad, Mol Khad, Baner Khad, Charan Khand, Dhauli Khad, Shikari Khad, Batta, Kali Bein, Sainj, Markanda, Gaj Khad, Bather Khad, Bald, Ratta, Uhl Suketi Khad, Seer Khad, Bhagga, Chandra, Giri And Koshalya -",RAVI,18.0,24.0,,9.0  10.0  7.9  8.4,,,172,237,1.0,1.3,0.39,1.79,37,28000,400,28000
2023,1097,"RIVER RAVI AT U/S OF MADHOPUR HEADWORKS, GURDASPUR, PUNJAB",PUNJAB,"Tributary Streams - Ravi, Parvati, Sirsa, Sarsa, Baira Siul, Suketi Khad, Binwa, Neugal Khad, Spiti, Baspa, Banganga, Basanter, Chenab, Devak, Tawi, Ujh, Swan, Tirthan, Pabbar, Ashwani Khad, Manjhi Khad, Mol Khad, Baner Khad, Charan Khand, Dhauli Khad, Shikari Khad, Batta, Kali Bein, Sainj, Markanda, Gaj Khad, Bather Khad, Bald, Ratta, Uhl Suketi Khad, Seer Khad, Bhagga, Chandra, Giri And Koshalya -",RAVI,11.0,34.0,,8.1  10.2  7.5  8.2,,,152,207,1.0,1.1,0.40,1.20,18,40,70,140
2023,1290,RIVER PARVATI BEFORE CONF. TO RIVER BEAS AT BHUNTER,HIMACHAL PRADESH,"Tributary Streams - Ravi, Parvati, Sirsa, Sarsa, Baira Siul, Suketi Khad, Binwa, Neugal Khad, Spiti, Baspa, Banganga, Basanter, Chenab, Devak, Tawi, Ujh, Swan, Tirthan, Pabbar, Ashwani Khad, Manjhi Khad, Mol Khad, Baner Khad, Charan Khand, Dhauli Khad, Shikari Khad, Batta, Kali Bein, Sainj, Markanda, Gaj Khad, Bather Khad, Bald, Ratta, Uhl Suketi Khad, Seer Khad, Bhagga, Chandra, Giri And Koshalya -",BEAS,4.0,16.0,7.0,8.6,,6.5  8.1,42,100,1.0,1.0,0.32,0.85,43,170,220,920
2023,1090,RIVER SAINJ D/S LARJI,HIMACHAL PRADESH,"Tributary Streams - Ravi, Parvati, Sirsa, Sarsa, Baira Siul, Suketi Khad, Binwa, Neugal Khad, Spiti, Baspa, Banganga, Basanter, Chenab, Devak, Tawi, Ujh, Swan, Tirthan, Pabbar, Ashwani Khad, Manjhi Khad, Mol Khad, Baner Khad, Charan Khand, Dhauli Khad, Shikari Khad, Batta, Kali Bein, Sainj, Markanda, Gaj Khad, Bather Khad, Bald, Ratta, Uhl Suketi Khad, Seer Khad, Bhagga, Chandra, Giri And Koshalya -",SAINJ,6.0,15.0,7.4,8.2,,7.0  8.0,60,145,1.0,1.0,0.32,0.84,22,110,94,920
2023,2605,RIVER PARVATI AT U/S MANIKARAN,HIMACHAL PRADESH,"Tributary Streams - Ravi, Parvati, Sirsa, Sarsa, Baira Siul, Suketi Khad, Binwa, Neugal Khad, Spiti, Baspa, Banganga, Basanter, Chenab, Devak, Tawi, Ujh, Swan, Tirthan, Pabbar, Ashwani Khad, Manjhi Khad, Mol Khad, Baner Khad, Charan Khand, Dhauli Khad, Shikari Khad, Batta, Kali Bein, Sainj, Markanda, Gaj Khad, Bather Khad, Bald, Ratta, Uhl Suketi Khad, Seer Khad, Bhagga, Chandra, Giri And Koshalya -",PARVATI,3.0,15.0,7.2,8.8,,6.8  8.3,40,94,1.0,1.0,0.32,1.06,17,47,63,220
2023,2606,RIVER PARVATI AT D/S MANIKARAN,HIMACHAL PRADESH,"Tributary Streams - Ravi, Parvati, Sirsa, Sarsa, Baira Siul, Suketi Khad, Binwa, Neugal Khad, Spiti, Baspa, Banganga, Basanter, Chenab, Devak, Tawi, Ujh, Swan, Tirthan, Pabbar, Ashwani Khad, Manjhi Khad, Mol Khad, Baner Khad, Charan Khand, Dhauli Khad, Shikari Khad, Batta, Kali Bein, Sainj, Markanda, Gaj Khad, Bather Khad, Bald, Ratta, Uhl Suketi Khad, Seer Khad, Bhagga, Chandra, Giri And Koshalya -",PARVATI,3.0,16.0,7.1,8.7,,6.8  8.0,42,100,1.0,1.0,0.32,1.23,22,94,70,350
2023,1551,RIVER SIRSA U/S SITOMAJRI NALLAH,HIMACHAL PRADESH,"Tributary Streams - Ravi, Parvati, Sirsa, Sarsa, Baira Siul, Suketi Khad, Binwa, Neugal Khad, Spiti, Baspa, Banganga, Basanter, Chenab, Devak, Tawi, Ujh, Swan, Tirthan, Pabbar, Ashwani Khad, Manjhi Khad, Mol Khad, Baner Khad, Charan Khand, Dhauli Khad, Shikari Khad, Batta, Kali Bein, Sainj, Markanda, Gaj Khad, Bather Khad, Bald, Ratta, Uhl Suketi Khad, Seer Khad, Bhagga, Chandra, Giri And Koshalya -",SIRSA,12.0,23.0,5.8,7.1,,7.4  8.2,331,766,1.0,7.2,,1.73  15.80,2,920,26,1600
2023,1552,RIVER SIRSA D/S NALAGARH BRIDGE,HIMACHAL PRADESH,"Tributary Streams - Ravi, Parvati, Sirsa, Sarsa, Baira Siul, Suketi Khad, Binwa, Neugal Khad, Spiti, Baspa, Banganga, Basanter, Chenab, Devak, Tawi, Ujh, Swan, Tirthan, Pabbar, Ashwani Khad, Manjhi Khad, Mol Khad, Baner Khad, Charan Khand, Dhauli Khad, Shikari Khad, Batta, Kali Bein, Sainj, Markanda, Gaj Khad, Bather Khad, Bald, Ratta, Uhl Suketi Khad, Seer Khad, Bhagga, Chandra, Giri And Koshalya -",SIRSA,12.0,26.0,5.5,7.1,,7.3  8.1,408,,1436  1.0,6.0,,2.62  15.54,4,920,21,1600
2023,1868,RIVER SIRSA D/S NALAGARH TOWN,HIMACHAL PRADESH,"Tributary Streams - Ravi, Parvati, Sirsa, Sarsa, Baira Siul, Suketi Khad, Binwa, Neugal Khad, Spiti, Baspa, Banganga, Basanter, Chenab, Devak, Tawi, Ujh, Swan, Tirthan, Pabbar, Ashwani Khad, Manjhi Khad, Mol Khad, Baner Khad, Charan Khand, Dhauli Khad, Shikari Khad, Batta, Kali Bein, Sainj, Markanda, Gaj Khad, Bather Khad, Bald, Ratta, Uhl Suketi Khad, Seer Khad, Bhagga, Chandra, Giri And Koshalya -",SIRSA,11.0,26.0,3.4,7.1,,7.1  8.1,403,,1611  1.0,3.9,,3.05  15.31,2,540,26,1600
2023,4485,RIVER SIRSA U/S SANDHOLI NALLAH,HIMACHAL PRADESH,"Tributary Streams - Ravi, Parvati, Sirsa, Sarsa, Baira Siul, Suketi Khad, Binwa, Neugal Khad, Spiti, Baspa, Banganga, Basanter, Chenab, Devak, Tawi, Ujh, Swan, Tirthan, Pabbar, Ashwani Khad, Manjhi Khad, Mol Khad, Baner Khad, Charan Khand, Dhauli Khad, Shikari Khad, Batta, Kali Bein, Sainj, Markanda, Gaj Khad, Bather Khad, Bald, Ratta, Uhl Suketi Khad, Seer Khad, Bhagga, Chandra, Giri And Koshalya -",SIRSA,11.0,24.0,6.0,7.1,,7.5  8.2,329,768,1.0,3.8,,1.86  11.86,4,46,34,920
2023,4486,RIVER BALD D/S LANDFILLSITE AT BADDI,HIMACHAL PRADESH,"Tributary Streams - Ravi, Parvati, Sirsa, Sarsa, Baira Siul, Suketi Khad, Binwa, Neugal Khad, Spiti, Baspa, Banganga, Basanter, Chenab, Devak, Tawi, Ujh, Swan, Tirthan, Pabbar, Ashwani Khad, Manjhi Khad, Mol Khad, Baner Khad, Charan Khand, Dhauli Khad, Shikari Khad, Batta, Kali Bein, Sainj, Markanda, Gaj Khad, Bather Khad, Bald, Ratta, Uhl Suketi Khad, Seer Khad, Bhagga, Chandra, Giri And Koshalya -",BALD,12.0,24.0,4.0,7.6,,7.2  8.1,302,,1754  1.0  24.0  1.40,,,9.23,2,1600,12,1600
2023,4487,RIVER SIRSA D/S HOUSING BOARD NALLAH,HIMACHAL PRADESH,"Tributary Streams - Ravi, Parvati, Sirsa, Sarsa, Baira Siul, Suketi Khad, Binwa, Neugal Khad, Spiti, Baspa, Banganga, Basanter, Chenab, Devak, Tawi, Ujh, Swan, Tirthan, Pabbar, Ashwani Khad, Manjhi Khad, Mol Khad, Baner Khad, Charan Khand, Dhauli Khad, Shikari Khad, Batta, Kali Bein, Sainj, Markanda, Gaj Khad, Bather Khad, Bald, Ratta, Uhl Suketi Khad, Seer Khad, Bhagga, Chandra, Giri And Koshalya -",SIRSA,11.0,25.0,3.0,6.9,,7.6  8.2,360,,1913  1.0  16.0  1.48  14.24,,,,7,1600,39,1600
2023,4489,RIVER SIRSA AFTER CONF. TO RIVER RATTA,HIMACHAL PRADESH,"Tributary Streams - Ravi, Parvati, Sirsa, Sarsa, Baira Siul, Suketi Khad, Binwa, Neugal Khad, Spiti, Baspa, Banganga, Basanter, Chenab, Devak, Tawi, Ujh, Swan, Tirthan, Pabbar, Ashwani Khad, Manjhi Khad, Mol Khad, Baner Khad, Charan Khand, Dhauli Khad, Shikari Khad, Batta, Kali Bein, Sainj, Markanda, Gaj Khad, Bather Khad, Bald, Ratta, Uhl Suketi Khad, Seer Khad, Bhagga, Chandra, Giri And Koshalya -",,12.0,24.0,5.2,7.1,,7.7  8.3,418,,1385  1.0,5.6,,1.93  12.83,4,540,33,1600
2023,30012,"RIVER SARSA AT BADDI , ,GHANOLI VILLAGE) PUNJAB",PUNJAB,"Tributary Streams - Ravi, Parvati, Sirsa, Sarsa, Baira Siul, Suketi Khad, Binwa, Neugal Khad, Spiti, Baspa, Banganga, Basanter, Chenab, Devak, Tawi, Ujh, Swan, Tirthan, Pabbar, Ashwani Khad, Manjhi Khad, Mol Khad, Baner Khad, Charan Khand, Dhauli Khad, Shikari Khad, Batta, Kali Bein, Sainj, Markanda, Gaj Khad, Bather Khad, Bald, Ratta, Uhl Suketi Khad, Seer Khad, Bhagga, Chandra, Giri And Koshalya -",SARSA,19.0,27.0,6.0,6.8,,7.6  8.1,330,,1269  3.0  45.0  1.27,,,5.52,3400,490000,28000,1600000
2023,4161,"RIVER CONFLUENCE POINT OF SARSA NADI WITH SUTLEJ, NR VILL ASPUR, ROOPNAGAR",PUNJAB,"Tributary Streams - Ravi, Parvati, Sirsa, Sarsa, Baira Siul, Suketi Khad, Binwa, Neugal Khad, Spiti, Baspa, Banganga, Basanter, Chenab, Devak, Tawi, Ujh, Swan, Tirthan, Pabbar, Ashwani Khad, Manjhi Khad, Mol Khad, Baner Khad, Charan Khand, Dhauli Khad, Shikari Khad, Batta, Kali Bein, Sainj, Markanda, Gaj Khad, Bather Khad, Bald, Ratta, Uhl Suketi Khad, Seer Khad, Bhagga, Chandra, Giri And Koshalya -",,12.0,29.0,,6.5  12.2  7.2  8.3,,,262,554,1.0,1.2,0.90,4.70,78,460,210,1100
2023,2616,RIVER BAIRA SIUL D/S SURGANI,HIMACHAL PRADESH,"Tributary Streams - Ravi, Parvati, Sirsa, Sarsa, Baira Siul, Suketi Khad, Binwa, Neugal Khad, Spiti, Baspa, Banganga, Basanter, Chenab, Devak, Tawi, Ujh, Swan, Tirthan, Pabbar, Ashwani Khad, Manjhi Khad, Mol Khad, Baner Khad, Charan Khand, Dhauli Khad, Shikari Khad, Batta, Kali Bein, Sainj, Markanda, Gaj Khad, Bather Khad, Bald, Ratta, Uhl Suketi Khad, Seer Khad, Bhagga, Chandra, Giri And Koshalya -",BAIRA SIUL,10.0,16.0,8.7,9.2,,6.7  8.1,64,283,1.0,1.0,0.37,3.32,2,14,70,1700
2023,2607,SUKETI KHAD BEFORE CONF. WITH RIVER BEAS,HIMACHAL PRADESH,"Tributary Streams - Ravi, Parvati, Sirsa, Sarsa, Baira Siul, Suketi Khad, Binwa, Neugal Khad, Spiti, Baspa, Banganga, Basanter, Chenab, Devak, Tawi, Ujh, Swan, Tirthan, Pabbar, Ashwani Khad, Manjhi Khad, Mol Khad, Baner Khad, Charan Khand, Dhauli Khad, Shikari Khad, Batta, Kali Bein, Sainj, Markanda, Gaj Khad, Bather Khad, Bald, Ratta, Uhl Suketi Khad, Seer Khad, Bhagga, Chandra, Giri And Koshalya -",,10.0,27.0,8.0,8.9,,7.1  8.3,210,385,1.0,2.0,0.32,3.22,63,1600,350,1600
2023,2608,RIVER BINWA AT D/S PAPROLA/BAIJNATH,HIMACHAL PRADESH,"Tributary Streams - Ravi, Parvati, Sirsa, Sarsa, Baira Siul, Suketi Khad, Binwa, Neugal Khad, Spiti, Baspa, Banganga, Basanter, Chenab, Devak, Tawi, Ujh, Swan, Tirthan, Pabbar, Ashwani Khad, Manjhi Khad, Mol Khad, Baner Khad, Charan Khand, Dhauli Khad, Shikari Khad, Batta, Kali Bein, Sainj, Markanda, Gaj Khad, Bather Khad, Bald, Ratta, Uhl Suketi Khad, Seer Khad, Bhagga, Chandra, Giri And Koshalya -",BINWA,15.0,20.0,8.6,9.2,,7.3  8.2,57,294,1.0,1.0,0.59,3.10,2,40,49,9200
2023,2609,NEUGAL KHAD D/S THURAL,HIMACHAL PRADESH,"Tributary Streams - Ravi, Parvati, Sirsa, Sarsa, Baira Siul, Suketi Khad, Binwa, Neugal Khad, Spiti, Baspa, Banganga, Basanter, Chenab, Devak, Tawi, Ujh, Swan, Tirthan, Pabbar, Ashwani Khad, Manjhi Khad, Mol Khad, Baner Khad, Charan Khand, Dhauli Khad, Shikari Khad, Batta, Kali Bein, Sainj, Markanda, Gaj Khad, Bather Khad, Bald, Ratta, Uhl Suketi Khad, Seer Khad, Bhagga, Chandra, Giri And Koshalya -",KHAD,12.0,22.0,8.5,9.1,,7.1  8.5,88,283,1.0,1.0,0.95,4.18,2,45,70,16000
2023,2610,RIVER SPITI BEFORE CONF.WITH RIVER SUTLEJ AT KHAB,HIMACHAL PRADESH,"Tributary Streams - Ravi, Parvati, Sirsa, Sarsa, Baira Siul, Suketi Khad, Binwa, Neugal Khad, Spiti, Baspa, Banganga, Basanter, Chenab, Devak, Tawi, Ujh, Swan, Tirthan, Pabbar, Ashwani Khad, Manjhi Khad, Mol Khad, Baner Khad, Charan Khand, Dhauli Khad, Shikari Khad, Batta, Kali Bein, Sainj, Markanda, Gaj Khad, Bather Khad, Bald, Ratta, Uhl Suketi Khad, Seer Khad, Bhagga, Chandra, Giri And Koshalya -",SUTLEJ,7.0,11.5,9.2,9.7,,7.6  8.4,129,509,1.0,1.0,0.32,0.82,2,70,2,280
2023,2612,RIVER BASPA U/S RESERVOIR BASPA HEP AT KUPPA,HIMACHAL PRADESH,"Tributary Streams - Ravi, Parvati, Sirsa, Sarsa, Baira Siul, Suketi Khad, Binwa, Neugal Khad, Spiti, Baspa, Banganga, Basanter, Chenab, Devak, Tawi, Ujh, Swan, Tirthan, Pabbar, Ashwani Khad, Manjhi Khad, Mol Khad, Baner Khad, Charan Khand, Dhauli Khad, Shikari Khad, Batta, Kali Bein, Sainj, Markanda, Gaj Khad, Bather Khad, Bald, Ratta, Uhl Suketi Khad, Seer Khad, Bhagga, Chandra, Giri And Koshalya -",BASPA,7.0,12.0,9.3,9.8,,7.5  8.4,104,304,1.0,1.0,0.32,1.45,2,39,9,280
2023,5767,RIVER ANDHRA B/C TO RIVER PABBAR AT CHIRGAON,HIMACHAL PRADESH,"Tributary Streams - Ravi, Parvati, Sirsa, Sarsa, Baira Siul, Suketi Khad, Binwa, Neugal Khad, Spiti, Baspa, Banganga, Basanter, Chenab, Devak, Tawi, Ujh, Swan, Tirthan, Pabbar, Ashwani Khad, Manjhi Khad, Mol Khad, Baner Khad, Charan Khand, Dhauli Khad, Shikari Khad, Batta, Kali Bein, Sainj, Markanda, Gaj Khad, Bather Khad, Bald, Ratta, Uhl Suketi Khad, Seer Khad, Bhagga, Chandra, Giri And Koshalya -",ANDHRA B/C TO RIVER PABBAR,6.0,10.4,7.6,8.7,,7.0  8.4,42,136,1.0,1.0,0.32,0.66,2,20,2,280
2023,5769,BANOI KHAD AT KALAPUL ON CANT ROAD DHARAMSHALA,HIMACHAL PRADESH,"Tributary Streams - Ravi, Parvati, Sirsa, Sarsa, Baira Siul, Suketi Khad, Binwa, Neugal Khad, Spiti, Baspa, Banganga, Basanter, Chenab, Devak, Tawi, Ujh, Swan, Tirthan, Pabbar, Ashwani Khad, Manjhi Khad, Mol Khad, Baner Khad, Charan Khand, Dhauli Khad, Shikari Khad, Batta, Kali Bein, Sainj, Markanda, Gaj Khad, Bather Khad, Bald, Ratta, Uhl Suketi Khad, Seer Khad, Bhagga, Chandra, Giri And Koshalya -",KHAD,12.0,19.0,9.0,9.1,,7.5  8.2,79,213,1.0,1.0,0.69,3.12,2,93,26,5400
2023,2755,"RIVER BANGANGA (BATHING GHAT), KATRA,",JAMMU & KASHMIR,"Tributary Streams - Ravi, Parvati, Sirsa, Sarsa, Baira Siul, Suketi Khad, Binwa, Neugal Khad, Spiti, Baspa, Banganga, Basanter, Chenab, Devak, Tawi, Ujh, Swan, Tirthan, Pabbar, Ashwani Khad, Manjhi Khad, Mol Khad, Baner Khad, Charan Khand, Dhauli Khad, Shikari Khad, Batta, Kali Bein, Sainj, Markanda, Gaj Khad, Bather Khad, Bald, Ratta, Uhl Suketi Khad, Seer Khad, Bhagga, Chandra, Giri And Koshalya -",,11.0,22.0,2.6,7.8,,8.1  8.8,280,487,1.0,2.7,0.00,0.77,,,500,3000
2023,2756,RIVER BANGANGA (IN FRONT OF PONY SHED NEAR REASI BRIDGE)KATRA,JAMMU & KASHMIR,"Tributary Streams - Ravi, Parvati, Sirsa, Sarsa, Baira Siul, Suketi Khad, Binwa, Neugal Khad, Spiti, Baspa, Banganga, Basanter, Chenab, Devak, Tawi, Ujh, Swan, Tirthan, Pabbar, Ashwani Khad, Manjhi Khad, Mol Khad, Baner Khad, Charan Khand, Dhauli Khad, Shikari Khad, Batta, Kali Bein, Sainj, Markanda, Gaj Khad, Bather Khad, Bald, Ratta, Uhl Suketi Khad, Seer Khad, Bhagga, Chandra, Giri And Koshalya -",SHED,11.0,22.0,2.4,6.2,,8.0  8.5,264,589,1.3,3.0,0.00,1.10,,,700,3000
2023,2752,"RIVER BASANTER U/S (R.H.S) SAMBA (BELOW NH-1A BRIDGE),",JAMMU & KASHMIR,"Tributary Streams - Ravi, Parvati, Sirsa, Sarsa, Baira Siul, Suketi Khad, Binwa, Neugal Khad, Spiti, Baspa, Banganga, Basanter, Chenab, Devak, Tawi, Ujh, Swan, Tirthan, Pabbar, Ashwani Khad, Manjhi Khad, Mol Khad, Baner Khad, Charan Khand, Dhauli Khad, Shikari Khad, Batta, Kali Bein, Sainj, Markanda, Gaj Khad, Bather Khad, Bald, Ratta, Uhl Suketi Khad, Seer Khad, Bhagga, Chandra, Giri And Koshalya -",BASANTER,7.8,24.0,4.7,7.2,,7.3  8.0,234,386,1.0,2.3,0.00,0.32,,,700,700
2023,2753,RIVER BASANTER D/S(R.H.S.) SAMBA (AT CHAK MANGA GUJJAR,JAMMU & KASHMIR,"Tributary Streams - Ravi, Parvati, Sirsa, Sarsa, Baira Siul, Suketi Khad, Binwa, Neugal Khad, Spiti, Baspa, Banganga, Basanter, Chenab, Devak, Tawi, Ujh, Swan, Tirthan, Pabbar, Ashwani Khad, Manjhi Khad, Mol Khad, Baner Khad, Charan Khand, Dhauli Khad, Shikari Khad, Batta, Kali Bein, Sainj, Markanda, Gaj Khad, Bather Khad, Bald, Ratta, Uhl Suketi Khad, Seer Khad, Bhagga, Chandra, Giri And Koshalya -",BASANTER,14.0,26.0,3.1,6.5,,7.5  8.2,224,446,1.0,3.7,0.00,0.79,,,600,1000
2023,2747,"RIVER TAWI AT SURAJPUR CHATHA(10 KM D/S TAWI BRIDGE)BELOW BRIDGE NEAR CHATHA MSW DUMPING SITE, J&K",JAMMU & KASHMIR,"Tributary Streams - Ravi, Parvati, Sirsa, Sarsa, Baira Siul, Suketi Khad, Binwa, Neugal Khad, Spiti, Baspa, Banganga, Basanter, Chenab, Devak, Tawi, Ujh, Swan, Tirthan, Pabbar, Ashwani Khad, Manjhi Khad, Mol Khad, Baner Khad, Charan Khand, Dhauli Khad, Shikari Khad, Batta, Kali Bein, Sainj, Markanda, Gaj Khad, Bather Khad, Bald, Ratta, Uhl Suketi Khad, Seer Khad, Bhagga, Chandra, Giri And Koshalya -",TAWI,17.0,26.0,6.7,7.2,,7.6  8.4,160,324,1.0,1.0,0.00,0.32,,,600,1300
2023,2748,RIVER CHENAB AT L.H.S.(BELOW BRIDGE CHENAB),JAMMU & KASHMIR,"Tributary Streams - Ravi, Parvati, Sirsa, Sarsa, Baira Siul, Suketi Khad, Binwa, Neugal Khad, Spiti, Baspa, Banganga, Basanter, Chenab, Devak, Tawi, Ujh, Swan, Tirthan, Pabbar, Ashwani Khad, Manjhi Khad, Mol Khad, Baner Khad, Charan Khand, Dhauli Khad, Shikari Khad, Batta, Kali Bein, Sainj, Markanda, Gaj Khad, Bather Khad, Bald, Ratta, Uhl Suketi Khad, Seer Khad, Bhagga, Chandra, Giri And Koshalya -",CHENAB,9.0,16.0,7.2,7.6,,7.1  7.5,110,224,1.0,1.1,0.00,0.32,,,,
2023,2749,RIVER CHENAB AT BLIND CURVE SHAMSHAN GHAT (1.5 KM U/S FROM SPOT),JAMMU & KASHMIR,"Tributary Streams - Ravi, Parvati, Sirsa, Sarsa, Baira Siul, Suketi Khad, Binwa, Neugal Khad, Spiti, Baspa, Banganga, Basanter, Chenab, Devak, Tawi, Ujh, Swan, Tirthan, Pabbar, Ashwani Khad, Manjhi Khad, Mol Khad, Baner Khad, Charan Khand, Dhauli Khad, Shikari Khad, Batta, Kali Bein, Sainj, Markanda, Gaj Khad, Bather Khad, Bald, Ratta, Uhl Suketi Khad, Seer Khad, Bhagga, Chandra, Giri And Koshalya -",CHENAB,9.0,16.0,7.2,7.6,,7.2  7.5,110,206,1.0,1.1,0.00,0.32,,,,
2023,2750,RIVER CHENAB AT CHADRA GAON VIEW POINT(4 KM U/S FROM SPOT),JAMMU & KASHMIR,"Tributary Streams - Ravi, Parvati, Sirsa, Sarsa, Baira Siul, Suketi Khad, Binwa, Neugal Khad, Spiti, Baspa, Banganga, Basanter, Chenab, Devak, Tawi, Ujh, Swan, Tirthan, Pabbar, Ashwani Khad, Manjhi Khad, Mol Khad, Baner Khad, Charan Khand, Dhauli Khad, Shikari Khad, Batta, Kali Bein, Sainj, Markanda, Gaj Khad, Bather Khad, Bald, Ratta, Uhl Suketi Khad, Seer Khad, Bhagga, Chandra, Giri And Koshalya -",CHENAB,9.0,16.0,7.3,7.5,,7.2  7.5,110,204,1.0,1.1,0.00,0.32,,,,
2023,2751,RIVER CHENAB AT JAL PATAN MANDIR AFTER MEETING WITH MAIN DRAIN OF AKHNOOR CITY(1.5 KMD/S FROM SPOT),JAMMU & KASHMIR,"Tributary Streams - Ravi, Parvati, Sirsa, Sarsa, Baira Siul, Suketi Khad, Binwa, Neugal Khad, Spiti, Baspa, Banganga, Basanter, Chenab, Devak, Tawi, Ujh, Swan, Tirthan, Pabbar, Ashwani Khad, Manjhi Khad, Mol Khad, Baner Khad, Charan Khand, Dhauli Khad, Shikari Khad, Batta, Kali Bein, Sainj, Markanda, Gaj Khad, Bather Khad, Bald, Ratta, Uhl Suketi Khad, Seer Khad, Bhagga, Chandra, Giri And Koshalya -",CHENAB,9.0,16.0,6.8,7.0,,7.3  7.9,114,227,1.1,1.6,0.00,1.19,,,600,1000
2023,2754,RIVER DEVAK UDHAMPUR(NEAR SHIV MANDIR D/S)L.H.S.,JAMMU & KASHMIR,"Tributary Streams - Ravi, Parvati, Sirsa, Sarsa, Baira Siul, Suketi Khad, Binwa, Neugal Khad, Spiti, Baspa, Banganga, Basanter, Chenab, Devak, Tawi, Ujh, Swan, Tirthan, Pabbar, Ashwani Khad, Manjhi Khad, Mol Khad, Baner Khad, Charan Khand, Dhauli Khad, Shikari Khad, Batta, Kali Bein, Sainj, Markanda, Gaj Khad, Bather Khad, Bald, Ratta, Uhl Suketi Khad, Seer Khad, Bhagga, Chandra, Giri And Koshalya -",MANDIR,16.0,26.0,3.1,5.3,,7.9  8.2,312,627,2.3,4.4,0.00,4.32,,,800,2000
2023,2757,RIVER DEVAK AT UTTERBEHNI,JAMMU & KASHMIR,"Tributary Streams - Ravi, Parvati, Sirsa, Sarsa, Baira Siul, Suketi Khad, Binwa, Neugal Khad, Spiti, Baspa, Banganga, Basanter, Chenab, Devak, Tawi, Ujh, Swan, Tirthan, Pabbar, Ashwani Khad, Manjhi Khad, Mol Khad, Baner Khad, Charan Khand, Dhauli Khad, Shikari Khad, Batta, Kali Bein, Sainj, Markanda, Gaj Khad, Bather Khad, Bald, Ratta, Uhl Suketi Khad, Seer Khad, Bhagga, Chandra, Giri And Koshalya -",DEVAK,17.0,22.0,6.4,7.3,,7.6  8.6,164,314,1.0,1.0,0.00,0.32,,,,
2023,4058,"RIVER DEVAK AT PURMANDAL, NEAR TEMPLE",JAMMU & KASHMIR,"Tributary Streams - Ravi, Parvati, Sirsa, Sarsa, Baira Siul, Suketi Khad, Binwa, Neugal Khad, Spiti, Baspa, Banganga, Basanter, Chenab, Devak, Tawi, Ujh, Swan, Tirthan, Pabbar, Ashwani Khad, Manjhi Khad, Mol Khad, Baner Khad, Charan Khand, Dhauli Khad, Shikari Khad, Batta, Kali Bein, Sainj, Markanda, Gaj Khad, Bather Khad, Bald, Ratta, Uhl Suketi Khad, Seer Khad, Bhagga, Chandra, Giri And Koshalya -",DEVAK,17.0,24.0,5.0,7.3,,8.3  8.7,412,589,1.0,1.3,0.00,0.32,,,,
2023,4062,"RIVER DEVAK 2 KM D/S FROM SHIV MANDIR AT UDHAMPUR,",JAMMU & KASHMIR,"Tributary Streams - Ravi, Parvati, Sirsa, Sarsa, Baira Siul, Suketi Khad, Binwa, Neugal Khad, Spiti, Baspa, Banganga, Basanter, Chenab, Devak, Tawi, Ujh, Swan, Tirthan, Pabbar, Ashwani Khad, Manjhi Khad, Mol Khad, Baner Khad, Charan Khand, Dhauli Khad, Shikari Khad, Batta, Kali Bein, Sainj, Markanda, Gaj Khad, Bather Khad, Bald, Ratta, Uhl Suketi Khad, Seer Khad, Bhagga, Chandra, Giri And Koshalya -",MANDIR,16.0,26.0,5.8,7.8,,7.6  8.3,300,542,1.0,1.9,0.00,1.55,,,700,3000
2023,4063,"RIVER DEVAK ABOUT 10 KM D/S FROM SHIV MANDIR, BELOW RAILWAY BRIDGE, UDHAMPUR",JAMMU & KASHMIR,"Tributary Streams - Ravi, Parvati, Sirsa, Sarsa, Baira Siul, Suketi Khad, Binwa, Neugal Khad, Spiti, Baspa, Banganga, Basanter, Chenab, Devak, Tawi, Ujh, Swan, Tirthan, Pabbar, Ashwani Khad, Manjhi Khad, Mol Khad, Baner Khad, Charan Khand, Dhauli Khad, Shikari Khad, Batta, Kali Bein, Sainj, Markanda, Gaj Khad, Bather Khad, Bald, Ratta, Uhl Suketi Khad, Seer Khad, Bhagga, Chandra, Giri And Koshalya -",,16.0,26.0,5.6,8.0,,7.3  8.5,286,420,1.0,2.0,0.00,0.32,,,700,2000
2023,4081,SURAN RIVER BELOW SHER-E-KASHMIR BRIDGE AT POONCH,JAMMU & KASHMIR,"Tributary Streams - Ravi, Parvati, Sirsa, Sarsa, Baira Siul, Suketi Khad, Binwa, Neugal Khad, Spiti, Baspa, Banganga, Basanter, Chenab, Devak, Tawi, Ujh, Swan, Tirthan, Pabbar, Ashwani Khad, Manjhi Khad, Mol Khad, Baner Khad, Charan Khand, Dhauli Khad, Shikari Khad, Batta, Kali Bein, Sainj, Markanda, Gaj Khad, Bather Khad, Bald, Ratta, Uhl Suketi Khad, Seer Khad, Bhagga, Chandra, Giri And Koshalya -",BELOW SHER-E-KASHMIR BRIDGE,17.0,24.0,7.4,7.6,,7.5  7.6,110,165,1.0,1.0,0.32,0.32,,,,
2023,3277,RIVER JHELUM AT BARAMULLA D/S,JAMMU & KASHMIR,"Tributary Streams - Ravi, Parvati, Sirsa, Sarsa, Baira Siul, Suketi Khad, Binwa, Neugal Khad, Spiti, Baspa, Banganga, Basanter, Chenab, Devak, Tawi, Ujh, Swan, Tirthan, Pabbar, Ashwani Khad, Manjhi Khad, Mol Khad, Baner Khad, Charan Khand, Dhauli Khad, Shikari Khad, Batta, Kali Bein, Sainj, Markanda, Gaj Khad, Bather Khad, Bald, Ratta, Uhl Suketi Khad, Seer Khad, Bhagga, Chandra, Giri And Koshalya -",JHELUM,5.5,23.0,5.8,9.8,,7.4  8.2,160,325,2.5,3.8,0.00,0.00,,,,
2023,1410,"RIVER JHELAM AT DALAGATE (INLET), SRINAGAR",JAMMU & KASHMIR,"Tributary Streams - Ravi, Parvati, Sirsa, Sarsa, Baira Siul, Suketi Khad, Binwa, Neugal Khad, Spiti, Baspa, Banganga, Basanter, Chenab, Devak, Tawi, Ujh, Swan, Tirthan, Pabbar, Ashwani Khad, Manjhi Khad, Mol Khad, Baner Khad, Charan Khand, Dhauli Khad, Shikari Khad, Batta, Kali Bein, Sainj, Markanda, Gaj Khad, Bather Khad, Bald, Ratta, Uhl Suketi Khad, Seer Khad, Bhagga, Chandra, Giri And Koshalya -",JHELAM,6.1,25.1,4.6,8.9,,7.3  8.0,155,366,1.9,5.9,0.00,0.00,,,,
2023,1411,RIVER JHELAM AT CHATTABAL WEIR (OUTLET,JAMMU & KASHMIR,"Tributary Streams - Ravi, Parvati, Sirsa, Sarsa, Baira Siul, Suketi Khad, Binwa, Neugal Khad, Spiti, Baspa, Banganga, Basanter, Chenab, Devak, Tawi, Ujh, Swan, Tirthan, Pabbar, Ashwani Khad, Manjhi Khad, Mol Khad, Baner Khad, Charan Khand, Dhauli Khad, Shikari Khad, Batta, Kali Bein, Sainj, Markanda, Gaj Khad, Bather Khad, Bald, Ratta, Uhl Suketi Khad, Seer Khad, Bhagga, Chandra, Giri And Koshalya -",JHELAM,7.3,25.1,4.1,8.2,,7.3  8.1,154,371,2.9,7.8,0.00,0.00,,,,
2023,3272,RIVER JHELUM AT VERINAG,JAMMU & KASHMIR,"Tributary Streams - Ravi, Parvati, Sirsa, Sarsa, Baira Siul, Suketi Khad, Binwa, Neugal Khad, Spiti, Baspa, Banganga, Basanter, Chenab, Devak, Tawi, Ujh, Swan, Tirthan, Pabbar, Ashwani Khad, Manjhi Khad, Mol Khad, Baner Khad, Charan Khand, Dhauli Khad, Shikari Khad, Batta, Kali Bein, Sainj, Markanda, Gaj Khad, Bather Khad, Bald, Ratta, Uhl Suketi Khad, Seer Khad, Bhagga, Chandra, Giri And Koshalya -",JHELUM,7.0,19.5,6.0,9.7,,7.1  7.9,152,351,1.0,4.2,0.00,0.00,,,,
2023,3273,"RIVER JHELUM AT SANGAM, CONFLUENCE POINT OF VISHAV NALLAH",JAMMU & KASHMIR,"Tributary Streams - Ravi, Parvati, Sirsa, Sarsa, Baira Siul, Suketi Khad, Binwa, Neugal Khad, Spiti, Baspa, Banganga, Basanter, Chenab, Devak, Tawi, Ujh, Swan, Tirthan, Pabbar, Ashwani Khad, Manjhi Khad, Mol Khad, Baner Khad, Charan Khand, Dhauli Khad, Shikari Khad, Batta, Kali Bein, Sainj, Markanda, Gaj Khad, Bather Khad, Bald, Ratta, Uhl Suketi Khad, Seer Khad, Bhagga, Chandra, Giri And Koshalya -",JHELUM,8.0,22.0,5.9,9.0,,7.7  8.0,120,281,1.8,4.4,0.00,0.00,,,,
2023,3274,RIVER JHELUM AT AWANTIPORA,JAMMU & KASHMIR,"Tributary Streams - Ravi, Parvati, Sirsa, Sarsa, Baira Siul, Suketi Khad, Binwa, Neugal Khad, Spiti, Baspa, Banganga, Basanter, Chenab, Devak, Tawi, Ujh, Swan, Tirthan, Pabbar, Ashwani Khad, Manjhi Khad, Mol Khad, Baner Khad, Charan Khand, Dhauli Khad, Shikari Khad, Batta, Kali Bein, Sainj, Markanda, Gaj Khad, Bather Khad, Bald, Ratta, Uhl Suketi Khad, Seer Khad, Bhagga, Chandra, Giri And Koshalya -",JHELUM,7.5,22.2,6.0,9.9,,7.5  8.1,118,297,2.0,3.2,0.00,0.00,,,,
2023,3275,RIVER JHELUM AT PAMPORE,JAMMU & KASHMIR,"Tributary Streams - Ravi, Parvati, Sirsa, Sarsa, Baira Siul, Suketi Khad, Binwa, Neugal Khad, Spiti, Baspa, Banganga, Basanter, Chenab, Devak, Tawi, Ujh, Swan, Tirthan, Pabbar, Ashwani Khad, Manjhi Khad, Mol Khad, Baner Khad, Charan Khand, Dhauli Khad, Shikari Khad, Batta, Kali Bein, Sainj, Markanda, Gaj Khad, Bather Khad, Bald, Ratta, Uhl Suketi Khad, Seer Khad, Bhagga, Chandra, Giri And Koshalya -",JHELUM,7.6,22.1,5.9,9.8,,7.3  8.1,114,312,2.1,4.2,0.00,0.00,,,,
2023,3276,"RIVER JHELUM AT SOPORE, CONFLUENCE POINT OF WULAR LAKE",JAMMU & KASHMIR,"Tributary Streams - Ravi, Parvati, Sirsa, Sarsa, Baira Siul, Suketi Khad, Binwa, Neugal Khad, Spiti, Baspa, Banganga, Basanter, Chenab, Devak, Tawi, Ujh, Swan, Tirthan, Pabbar, Ashwani Khad, Manjhi Khad, Mol Khad, Baner Khad, Charan Khand, Dhauli Khad, Shikari Khad, Batta, Kali Bein, Sainj, Markanda, Gaj Khad, Bather Khad, Bald, Ratta, Uhl Suketi Khad, Seer Khad, Bhagga, Chandra, Giri And Koshalya -",JHELUM,5.0,23.4,,6.0  10.8  7.3  8.2,,,153,354,1.6,3.2,0.00,0.00,,,,
2023,4053,RIVER JHELUM AT BIJEHARA,JAMMU & KASHMIR,"Tributary Streams - Ravi, Parvati, Sirsa, Sarsa, Baira Siul, Suketi Khad, Binwa, Neugal Khad, Spiti, Baspa, Banganga, Basanter, Chenab, Devak, Tawi, Ujh, Swan, Tirthan, Pabbar, Ashwani Khad, Manjhi Khad, Mol Khad, Baner Khad, Charan Khand, Dhauli Khad, Shikari Khad, Batta, Kali Bein, Sainj, Markanda, Gaj Khad, Bather Khad, Bald, Ratta, Uhl Suketi Khad, Seer Khad, Bhagga, Chandra, Giri And Koshalya -",JHELUM,8.4,22.8,5.3,9.4,,7.6  7.9,121,310,2.0,3.8,0.00,0.00,,,,
2023,4054,RIVER JHELUM AT PANTHACHOWK,JAMMU & KASHMIR,"Tributary Streams - Ravi, Parvati, Sirsa, Sarsa, Baira Siul, Suketi Khad, Binwa, Neugal Khad, Spiti, Baspa, Banganga, Basanter, Chenab, Devak, Tawi, Ujh, Swan, Tirthan, Pabbar, Ashwani Khad, Manjhi Khad, Mol Khad, Baner Khad, Charan Khand, Dhauli Khad, Shikari Khad, Batta, Kali Bein, Sainj, Markanda, Gaj Khad, Bather Khad, Bald, Ratta, Uhl Suketi Khad, Seer Khad, Bhagga, Chandra, Giri And Koshalya -",JHELUM,7.5,22.3,5.5,9.9,,7.5  8.0,114,316,,2.0  32.0  0.00,,0.00,,,,
2023,2742,RIVER TAWI AT SHETALI LIFTING POINT NAGROTA(5KM U/S TAWI BRIDGE),JAMMU & KASHMIR,"Tributary Streams - Ravi, Parvati, Sirsa, Sarsa, Baira Siul, Suketi Khad, Binwa, Neugal Khad, Spiti, Baspa, Banganga, Basanter, Chenab, Devak, Tawi, Ujh, Swan, Tirthan, Pabbar, Ashwani Khad, Manjhi Khad, Mol Khad, Baner Khad, Charan Khand, Dhauli Khad, Shikari Khad, Batta, Kali Bein, Sainj, Markanda, Gaj Khad, Bather Khad, Bald, Ratta, Uhl Suketi Khad, Seer Khad, Bhagga, Chandra, Giri And Koshalya -",TAWI,16.0,26.0,7.2,7.6,,7.3  8.2,166,455,1.0,1.0,0.00,0.32,,,,
2023,2743,RIVER TAWI AT BAGH-E-BAHU LIFTING POINT(1 KM U/S TAWI BRIDGE),JAMMU & KASHMIR,"Tributary Streams - Ravi, Parvati, Sirsa, Sarsa, Baira Siul, Suketi Khad, Binwa, Neugal Khad, Spiti, Baspa, Banganga, Basanter, Chenab, Devak, Tawi, Ujh, Swan, Tirthan, Pabbar, Ashwani Khad, Manjhi Khad, Mol Khad, Baner Khad, Charan Khand, Dhauli Khad, Shikari Khad, Batta, Kali Bein, Sainj, Markanda, Gaj Khad, Bather Khad, Bald, Ratta, Uhl Suketi Khad, Seer Khad, Bhagga, Chandra, Giri And Koshalya -",TAWI,17.0,26.0,6.8,7.5,,7.5  8.5,176,370,1.0,1.0,0.00,0.32,,,,
2023,1412,"RIVER TAWI AT JAMMU U/S, (TAWI BRIDGE )",JAMMU & KASHMIR,"Tributary Streams - Ravi, Parvati, Sirsa, Sarsa, Baira Siul, Suketi Khad, Binwa, Neugal Khad, Spiti, Baspa, Banganga, Basanter, Chenab, Devak, Tawi, Ujh, Swan, Tirthan, Pabbar, Ashwani Khad, Manjhi Khad, Mol Khad, Baner Khad, Charan Khand, Dhauli Khad, Shikari Khad, Batta, Kali Bein, Sainj, Markanda, Gaj Khad, Bather Khad, Bald, Ratta, Uhl Suketi Khad, Seer Khad, Bhagga, Chandra, Giri And Koshalya -",TAWI,14.0,28.0,4.8,6.0,,7.9  8.4,420,442,2.0,3.6,0.00,0.26,,,,
2023,2744,RIVER TAWI BELOW TAWI BRIDGE,JAMMU & KASHMIR,"Tributary Streams - Ravi, Parvati, Sirsa, Sarsa, Baira Siul, Suketi Khad, Binwa, Neugal Khad, Spiti, Baspa, Banganga, Basanter, Chenab, Devak, Tawi, Ujh, Swan, Tirthan, Pabbar, Ashwani Khad, Manjhi Khad, Mol Khad, Baner Khad, Charan Khand, Dhauli Khad, Shikari Khad, Batta, Kali Bein, Sainj, Markanda, Gaj Khad, Bather Khad, Bald, Ratta, Uhl Suketi Khad, Seer Khad, Bhagga, Chandra, Giri And Koshalya -",,17.0,26.0,3.0,7.5,,7.9  8.9,185,372,1.1,4.0,0.00,1.42,,,700,800
2023,2745,RIVER TAWI BAGHWATI NAGAR (2KM D/S TAWI BRIDGE,JAMMU & KASHMIR,"Tributary Streams - Ravi, Parvati, Sirsa, Sarsa, Baira Siul, Suketi Khad, Binwa, Neugal Khad, Spiti, Baspa, Banganga, Basanter, Chenab, Devak, Tawi, Ujh, Swan, Tirthan, Pabbar, Ashwani Khad, Manjhi Khad, Mol Khad, Baner Khad, Charan Khand, Dhauli Khad, Shikari Khad, Batta, Kali Bein, Sainj, Markanda, Gaj Khad, Bather Khad, Bald, Ratta, Uhl Suketi Khad, Seer Khad, Bhagga, Chandra, Giri And Koshalya -",,17.0,17.0,3.0,3.0,,9.0  9.0,176,176,9.0,9.0,0.00,0.00,,,,
2023,2746,RIVER TAWI AT BELICHARANA(4KM D/S TAWI BRIDGE),JAMMU & KASHMIR,"Tributary Streams - Ravi, Parvati, Sirsa, Sarsa, Baira Siul, Suketi Khad, Binwa, Neugal Khad, Spiti, Baspa, Banganga, Basanter, Chenab, Devak, Tawi, Ujh, Swan, Tirthan, Pabbar, Ashwani Khad, Manjhi Khad, Mol Khad, Baner Khad, Charan Khand, Dhauli Khad, Shikari Khad, Batta, Kali Bein, Sainj, Markanda, Gaj Khad, Bather Khad, Bald, Ratta, Uhl Suketi Khad, Seer Khad, Bhagga, Chandra, Giri And Koshalya -",TAWI,17.0,26.0,6.5,7.2,,7.9  8.5,156,360,1.0,1.0,0.00,0.32,,,500,1500
2023,4055,RIVER TAWI AT 1 KM D/S BELOW STP DISCHARGE POINT AT BHAGWATI NAGAR,JAMMU & KASHMIR,"Tributary Streams - Ravi, Parvati, Sirsa, Sarsa, Baira Siul, Suketi Khad, Binwa, Neugal Khad, Spiti, Baspa, Banganga, Basanter, Chenab, Devak, Tawi, Ujh, Swan, Tirthan, Pabbar, Ashwani Khad, Manjhi Khad, Mol Khad, Baner Khad, Charan Khand, Dhauli Khad, Shikari Khad, Batta, Kali Bein, Sainj, Markanda, Gaj Khad, Bather Khad, Bald, Ratta, Uhl Suketi Khad, Seer Khad, Bhagga, Chandra, Giri And Koshalya -",TAWI,18.0,18.0,2.3,2.3,,8.9  8.9,172,172,9.5,9.5,0.00,0.00,,,,
2023,4056,"RIVER TAWI AT BALOL NALLAH, NEAR NIT COLLEGE, MIRAN SAHIB, BEFORE MIXING",JAMMU & KASHMIR,"Tributary Streams - Ravi, Parvati, Sirsa, Sarsa, Baira Siul, Suketi Khad, Binwa, Neugal Khad, Spiti, Baspa, Banganga, Basanter, Chenab, Devak, Tawi, Ujh, Swan, Tirthan, Pabbar, Ashwani Khad, Manjhi Khad, Mol Khad, Baner Khad, Charan Khand, Dhauli Khad, Shikari Khad, Batta, Kali Bein, Sainj, Markanda, Gaj Khad, Bather Khad, Bald, Ratta, Uhl Suketi Khad, Seer Khad, Bhagga, Chandra, Giri And Koshalya -",TAWI,16.0,28.0,2.9,6.0,,7.7  8.2,326,612,1.0,4.9,0.00,0.31,,,,
2023,1307,RIVER CHUNT KOL (MAULANA AZAD BRIDGE),JAMMU & KASHMIR,"Tributary Streams - Ravi, Parvati, Sirsa, Sarsa, Baira Siul, Suketi Khad, Binwa, Neugal Khad, Spiti, Baspa, Banganga, Basanter, Chenab, Devak, Tawi, Ujh, Swan, Tirthan, Pabbar, Ashwani Khad, Manjhi Khad, Mol Khad, Baner Khad, Charan Khand, Dhauli Khad, Shikari Khad, Batta, Kali Bein, Sainj, Markanda, Gaj Khad, Bather Khad, Bald, Ratta, Uhl Suketi Khad, Seer Khad, Bhagga, Chandra, Giri And Koshalya -",,5.8,24.7,1.1,6.6,,7.1  7.8,190,382,,4.5  10.7  0.00,,0.00,,,,
2023,4030,RIVER SWAN BEFORE CONF. OF GARNI KHAD AT CHURURU,HIMACHAL PRADESH,"Tributary Streams - Ravi, Parvati, Sirsa, Sarsa, Baira Siul, Suketi Khad, Binwa, Neugal Khad, Spiti, Baspa, Banganga, Basanter, Chenab, Devak, Tawi, Ujh, Swan, Tirthan, Pabbar, Ashwani Khad, Manjhi Khad, Mol Khad, Baner Khad, Charan Khand, Dhauli Khad, Shikari Khad, Batta, Kali Bein, Sainj, Markanda, Gaj Khad, Bather Khad, Bald, Ratta, Uhl Suketi Khad, Seer Khad, Bhagga, Chandra, Giri And Koshalya -",KHAD,19.2,32.0,6.6,7.8,,7.6  8.0,350,494,1.0,2.8,0.32,7.11,2,6,17,270
2023,4031,RIVER SWAN AFTER CONF. GARNI KHAD AT CHURURU,HIMACHAL PRADESH,"Tributary Streams - Ravi, Parvati, Sirsa, Sarsa, Baira Siul, Suketi Khad, Binwa, Neugal Khad, Spiti, Baspa, Banganga, Basanter, Chenab, Devak, Tawi, Ujh, Swan, Tirthan, Pabbar, Ashwani Khad, Manjhi Khad, Mol Khad, Baner Khad, Charan Khand, Dhauli Khad, Shikari Khad, Batta, Kali Bein, Sainj, Markanda, Gaj Khad, Bather Khad, Bald, Ratta, Uhl Suketi Khad, Seer Khad, Bhagga, Chandra, Giri And Koshalya -",KHAD,19.5,31.0,6.5,8.1,,7.4  7.8,421,484,1.0,2.7,0.32,4.06,2,6,14,70
2023,1869,RIVER SWAN D/S BELA BATHARI (BHANGLA),HIMACHAL PRADESH,"Tributary Streams - Ravi, Parvati, Sirsa, Sarsa, Baira Siul, Suketi Khad, Binwa, Neugal Khad, Spiti, Baspa, Banganga, Basanter, Chenab, Devak, Tawi, Ujh, Swan, Tirthan, Pabbar, Ashwani Khad, Manjhi Khad, Mol Khad, Baner Khad, Charan Khand, Dhauli Khad, Shikari Khad, Batta, Kali Bein, Sainj, Markanda, Gaj Khad, Bather Khad, Bald, Ratta, Uhl Suketi Khad, Seer Khad, Bhagga, Chandra, Giri And Koshalya -",SWAN,24.0,32.0,5.5,7.2,,6.7  8.0,371,663,1.0,2.8,0.32,2.13,2,4,13,140
2023,3856,RIVER SWAN U/S INDUSTRIAL AREA GAGRET,HIMACHAL PRADESH,"Tributary Streams - Ravi, Parvati, Sirsa, Sarsa, Baira Siul, Suketi Khad, Binwa, Neugal Khad, Spiti, Baspa, Banganga, Basanter, Chenab, Devak, Tawi, Ujh, Swan, Tirthan, Pabbar, Ashwani Khad, Manjhi Khad, Mol Khad, Baner Khad, Charan Khand, Dhauli Khad, Shikari Khad, Batta, Kali Bein, Sainj, Markanda, Gaj Khad, Bather Khad, Bald, Ratta, Uhl Suketi Khad, Seer Khad, Bhagga, Chandra, Giri And Koshalya -",SWAN,19.7,32.0,6.8,7.8,,7.3  7.9,346,520,1.0,2.6,0.32,7.81,2,4,14,160
2023,3857,RIVER SWAN D/S INDUSTRIAL AREA GAGRET,HIMACHAL PRADESH,"Tributary Streams - Ravi, Parvati, Sirsa, Sarsa, Baira Siul, Suketi Khad, Binwa, Neugal Khad, Spiti, Baspa, Banganga, Basanter, Chenab, Devak, Tawi, Ujh, Swan, Tirthan, Pabbar, Ashwani Khad, Manjhi Khad, Mol Khad, Baner Khad, Charan Khand, Dhauli Khad, Shikari Khad, Batta, Kali Bein, Sainj, Markanda, Gaj Khad, Bather Khad, Bald, Ratta, Uhl Suketi Khad, Seer Khad, Bhagga, Chandra, Giri And Koshalya -",SWAN,19.0,32.3,6.4,7.6,,7.5  8.2,362,515,1.0,2.6,0.32,6.93,2,6,13,140
2023,3858,RIVER SWAN U/S SANTOSHGARH BRIDGE,HIMACHAL PRADESH,"Tributary Streams - Ravi, Parvati, Sirsa, Sarsa, Baira Siul, Suketi Khad, Binwa, Neugal Khad, Spiti, Baspa, Banganga, Basanter, Chenab, Devak, Tawi, Ujh, Swan, Tirthan, Pabbar, Ashwani Khad, Manjhi Khad, Mol Khad, Baner Khad, Charan Khand, Dhauli Khad, Shikari Khad, Batta, Kali Bein, Sainj, Markanda, Gaj Khad, Bather Khad, Bald, Ratta, Uhl Suketi Khad, Seer Khad, Bhagga, Chandra, Giri And Koshalya -",SWAN,23.0,31.0,5.9,7.3,,7.4  7.8,358,745,1.0,2.5,0.32,2.10,2,8,13,114
2023,3859,RIVER SWAN U/S UNA TOWN AT GHALLUWAL BRIDGE,HIMACHAL PRADESH,"Tributary Streams - Ravi, Parvati, Sirsa, Sarsa, Baira Siul, Suketi Khad, Binwa, Neugal Khad, Spiti, Baspa, Banganga, Basanter, Chenab, Devak, Tawi, Ujh, Swan, Tirthan, Pabbar, Ashwani Khad, Manjhi Khad, Mol Khad, Baner Khad, Charan Khand, Dhauli Khad, Shikari Khad, Batta, Kali Bein, Sainj, Markanda, Gaj Khad, Bather Khad, Bald, Ratta, Uhl Suketi Khad, Seer Khad, Bhagga, Chandra, Giri And Koshalya -",SWAN,19.0,31.0,6.4,8.2,,7.4  8.0,340,476,1.0,2.8,0.32,2.52,2,4,17,140
2023,30011,"RIVER SWAN AT DHANGLA VILLAGE, SANTOSHGARH (PUNJAB)",PUNJAB,"Tributary Streams - Ravi, Parvati, Sirsa, Sarsa, Baira Siul, Suketi Khad, Binwa, Neugal Khad, Spiti, Baspa, Banganga, Basanter, Chenab, Devak, Tawi, Ujh, Swan, Tirthan, Pabbar, Ashwani Khad, Manjhi Khad, Mol Khad, Baner Khad, Charan Khand, Dhauli Khad, Shikari Khad, Batta, Kali Bein, Sainj, Markanda, Gaj Khad, Bather Khad, Bald, Ratta, Uhl Suketi Khad, Seer Khad, Bhagga, Chandra, Giri And Koshalya -",SWAN,23.0,26.0,,3.9  12.0  7.6  8.5,,,256,475,,2.0  30.0  0.32,,5.59,78,130000,1300,350000
2023,4433,RIVER SWAN D/S OF UNA AT RAMPUR BRIDGE,HIMACHAL PRADESH,"Tributary Streams - Ravi, Parvati, Sirsa, Sarsa, Baira Siul, Suketi Khad, Binwa, Neugal Khad, Spiti, Baspa, Banganga, Basanter, Chenab, Devak, Tawi, Ujh, Swan, Tirthan, Pabbar, Ashwani Khad, Manjhi Khad, Mol Khad, Baner Khad, Charan Khand, Dhauli Khad, Shikari Khad, Batta, Kali Bein, Sainj, Markanda, Gaj Khad, Bather Khad, Bald, Ratta, Uhl Suketi Khad, Seer Khad, Bhagga, Chandra, Giri And Koshalya -",SWAN,16.0,32.0,6.1,7.9,,7.4  8.2,259,498,1.0,4.0,0.32,2.42,2,6,17,170
2023,2758,"RIVER UJH AT DAM SITE(L.H.S.), KATHUA",JAMMU & KASHMIR,"Tributary Streams - Ravi, Parvati, Sirsa, Sarsa, Baira Siul, Suketi Khad, Binwa, Neugal Khad, Spiti, Baspa, Banganga, Basanter, Chenab, Devak, Tawi, Ujh, Swan, Tirthan, Pabbar, Ashwani Khad, Manjhi Khad, Mol Khad, Baner Khad, Charan Khand, Dhauli Khad, Shikari Khad, Batta, Kali Bein, Sainj, Markanda, Gaj Khad, Bather Khad, Bald, Ratta, Uhl Suketi Khad, Seer Khad, Bhagga, Chandra, Giri And Koshalya -",UJH,12.0,26.0,7.3,7.5,,7.5  8.7,103,480,1.0,1.0,0.00,0.00,,,,
2023,2913,"RIVER KALI BEIN FALLING INTO BEAS, PUNJAB",PUNJAB,"Tributary Streams - Ravi, Parvati, Sirsa, Sarsa, Baira Siul, Suketi Khad, Binwa, Neugal Khad, Spiti, Baspa, Banganga, Basanter, Chenab, Devak, Tawi, Ujh, Swan, Tirthan, Pabbar, Ashwani Khad, Manjhi Khad, Mol Khad, Baner Khad, Charan Khand, Dhauli Khad, Shikari Khad, Batta, Kali Bein, Sainj, Markanda, Gaj Khad, Bather Khad, Bald, Ratta, Uhl Suketi Khad, Seer Khad, Bhagga, Chandra, Giri And Koshalya -",,13.0,32.0,4.0,7.8,,6.8  8.2,242,421,2.0,3.0,1.13,1.90,450,1400,1700,3400
2023,3278,RIVER LIDDER AT LARIPORA,JAMMU & KASHMIR,"Tributary Streams - Ravi, Parvati, Sirsa, Sarsa, Baira Siul, Suketi Khad, Binwa, Neugal Khad, Spiti, Baspa, Banganga, Basanter, Chenab, Devak, Tawi, Ujh, Swan, Tirthan, Pabbar, Ashwani Khad, Manjhi Khad, Mol Khad, Baner Khad, Charan Khand, Dhauli Khad, Shikari Khad, Batta, Kali Bein, Sainj, Markanda, Gaj Khad, Bather Khad, Bald, Ratta, Uhl Suketi Khad, Seer Khad, Bhagga, Chandra, Giri And Koshalya -",LIDDER,3.8,16.5,,7.1  11.0  7.0  8.5,,,100,204,1.0,2.0,0.00,0.00,,,,
2023,3279,RIVER LIDDER AT CLUB PARK,JAMMU & KASHMIR,"Tributary Streams - Ravi, Parvati, Sirsa, Sarsa, Baira Siul, Suketi Khad, Binwa, Neugal Khad, Spiti, Baspa, Banganga, Basanter, Chenab, Devak, Tawi, Ujh, Swan, Tirthan, Pabbar, Ashwani Khad, Manjhi Khad, Mol Khad, Baner Khad, Charan Khand, Dhauli Khad, Shikari Khad, Batta, Kali Bein, Sainj, Markanda, Gaj Khad, Bather Khad, Bald, Ratta, Uhl Suketi Khad, Seer Khad, Bhagga, Chandra, Giri And Koshalya -",LIDDER,4.3,18.0,,6.8  11.4  7.5  8.9,,,94,205,1.0,2.7,0.00,0.00,,,,
2023,3280,RIVER LIDDER AT BUS ADDA,JAMMU & KASHMIR,"Tributary Streams - Ravi, Parvati, Sirsa, Sarsa, Baira Siul, Suketi Khad, Binwa, Neugal Khad, Spiti, Baspa, Banganga, Basanter, Chenab, Devak, Tawi, Ujh, Swan, Tirthan, Pabbar, Ashwani Khad, Manjhi Khad, Mol Khad, Baner Khad, Charan Khand, Dhauli Khad, Shikari Khad, Batta, Kali Bein, Sainj, Markanda, Gaj Khad, Bather Khad, Bald, Ratta, Uhl Suketi Khad, Seer Khad, Bhagga, Chandra, Giri And Koshalya -",LIDDER,5.2,18.9,,7.2  10.8  7.8  8.4,,,101,240,1.0,2.6,0.00,0.00,,,,
2023,3281,"RIVER LIDDER AT YANEER, D/S OF PHALGUM",JAMMU & KASHMIR,"Tributary Streams - Ravi, Parvati, Sirsa, Sarsa, Baira Siul, Suketi Khad, Binwa, Neugal Khad, Spiti, Baspa, Banganga, Basanter, Chenab, Devak, Tawi, Ujh, Swan, Tirthan, Pabbar, Ashwani Khad, Manjhi Khad, Mol Khad, Baner Khad, Charan Khand, Dhauli Khad, Shikari Khad, Batta, Kali Bein, Sainj, Markanda, Gaj Khad, Bather Khad, Bald, Ratta, Uhl Suketi Khad, Seer Khad, Bhagga, Chandra, Giri And Koshalya -",LIDDER,3.8,19.9,,7.1  11.7  7.4  8.4,,,62,150,1.0,2.7,0.00,0.00,,,,
2023,3282,"RIVER LIDDER NERA BUMZOO, ANANTNAG",JAMMU & KASHMIR,"Tributary Streams - Ravi, Parvati, Sirsa, Sarsa, Baira Siul, Suketi Khad, Binwa, Neugal Khad, Spiti, Baspa, Banganga, Basanter, Chenab, Devak, Tawi, Ujh, Swan, Tirthan, Pabbar, Ashwani Khad, Manjhi Khad, Mol Khad, Baner Khad, Charan Khand, Dhauli Khad, Shikari Khad, Batta, Kali Bein, Sainj, Markanda, Gaj Khad, Bather Khad, Bald, Ratta, Uhl Suketi Khad, Seer Khad, Bhagga, Chandra, Giri And Koshalya -",,5.6,22.0,,7.3  11.5  7.1  8.4,,,81,185,1.0,2.9,0.00,0.00,,,,
2023,4051,RIVER LIDDER AT NUNWAN,JAMMU & KASHMIR,"Tributary Streams - Ravi, Parvati, Sirsa, Sarsa, Baira Siul, Suketi Khad, Binwa, Neugal Khad, Spiti, Baspa, Banganga, Basanter, Chenab, Devak, Tawi, Ujh, Swan, Tirthan, Pabbar, Ashwani Khad, Manjhi Khad, Mol Khad, Baner Khad, Charan Khand, Dhauli Khad, Shikari Khad, Batta, Kali Bein, Sainj, Markanda, Gaj Khad, Bather Khad, Bald, Ratta, Uhl Suketi Khad, Seer Khad, Bhagga, Chandra, Giri And Koshalya -",LIDDER,4.3,19.0,,7.0  11.4  7.6  8.8,,,76,156,1.0,3.2,0.00,0.00,,,,
2023,4052,RIVER LIDDER NEAR LAVENDER PARK,JAMMU & KASHMIR,"Tributary Streams - Ravi, Parvati, Sirsa, Sarsa, Baira Siul, Suketi Khad, Binwa, Neugal Khad, Spiti, Baspa, Banganga, Basanter, Chenab, Devak, Tawi, Ujh, Swan, Tirthan, Pabbar, Ashwani Khad, Manjhi Khad, Mol Khad, Baner Khad, Charan Khand, Dhauli Khad, Shikari Khad, Batta, Kali Bein, Sainj, Markanda, Gaj Khad, Bather Khad, Bald, Ratta, Uhl Suketi Khad, Seer Khad, Bhagga, Chandra, Giri And Koshalya -",LIDDER,4.6,17.5,,6.8  11.2  7.8  8.8,,,99,211,1.0,3.6,0.00,0.00,,,,
2023,3283,RIVER SINDH AT SONAMARG U/S,JAMMU & KASHMIR,"Tributary Streams - Ravi, Parvati, Sirsa, Sarsa, Baira Siul, Suketi Khad, Binwa, Neugal Khad, Spiti, Baspa, Banganga, Basanter, Chenab, Devak, Tawi, Ujh, Swan, Tirthan, Pabbar, Ashwani Khad, Manjhi Khad, Mol Khad, Baner Khad, Charan Khand, Dhauli Khad, Shikari Khad, Batta, Kali Bein, Sainj, Markanda, Gaj Khad, Bather Khad, Bald, Ratta, Uhl Suketi Khad, Seer Khad, Bhagga, Chandra, Giri And Koshalya -",SINDH,4.0,9.9,,7.7  10.0  7.6  8.4,,,195,463,1.0,1.9,0.00,0.00,,,,
2023,3284,RIVER SINDH AT SONAMARG D/S,JAMMU & KASHMIR,"Tributary Streams - Ravi, Parvati, Sirsa, Sarsa, Baira Siul, Suketi Khad, Binwa, Neugal Khad, Spiti, Baspa, Banganga, Basanter, Chenab, Devak, Tawi, Ujh, Swan, Tirthan, Pabbar, Ashwani Khad, Manjhi Khad, Mol Khad, Baner Khad, Charan Khand, Dhauli Khad, Shikari Khad, Batta, Kali Bein, Sainj, Markanda, Gaj Khad, Bather Khad, Bald, Ratta, Uhl Suketi Khad, Seer Khad, Bhagga, Chandra, Giri And Koshalya -",SINDH,4.1,10.8,,7.3  10.2  7.3  8.4,,,203,454,1.0,1.8,0.00,0.00,,,,
2023,3285,RIVER SINDH AT WAIL BRIDGE,JAMMU & KASHMIR,"Tributary Streams - Ravi, Parvati, Sirsa, Sarsa, Baira Siul, Suketi Khad, Binwa, Neugal Khad, Spiti, Baspa, Banganga, Basanter, Chenab, Devak, Tawi, Ujh, Swan, Tirthan, Pabbar, Ashwani Khad, Manjhi Khad, Mol Khad, Baner Khad, Charan Khand, Dhauli Khad, Shikari Khad, Batta, Kali Bein, Sainj, Markanda, Gaj Khad, Bather Khad, Bald, Ratta, Uhl Suketi Khad, Seer Khad, Bhagga, Chandra, Giri And Koshalya -",SINDH,3.5,16.0,,7.2  10.9  7.6  8.3,,,143,340,1.0,2.0,0.00,0.00,,,,
2023,3286,RIVER SINDH AT DUDERHAMA,JAMMU & KASHMIR,"Tributary Streams - Ravi, Parvati, Sirsa, Sarsa, Baira Siul, Suketi Khad, Binwa, Neugal Khad, Spiti, Baspa, Banganga, Basanter, Chenab, Devak, Tawi, Ujh, Swan, Tirthan, Pabbar, Ashwani Khad, Manjhi Khad, Mol Khad, Baner Khad, Charan Khand, Dhauli Khad, Shikari Khad, Batta, Kali Bein, Sainj, Markanda, Gaj Khad, Bather Khad, Bald, Ratta, Uhl Suketi Khad, Seer Khad, Bhagga, Chandra, Giri And Koshalya -",SINDH,4.1,17.2,7.4,9.7,,7.4  8.2,146,344,1.0,2.6,0.00,0.00,,,,
2023,3287,"RIVER SINDH AT RANGIL, SRINAGAR",JAMMU & KASHMIR,"Tributary Streams - Ravi, Parvati, Sirsa, Sarsa, Baira Siul, Suketi Khad, Binwa, Neugal Khad, Spiti, Baspa, Banganga, Basanter, Chenab, Devak, Tawi, Ujh, Swan, Tirthan, Pabbar, Ashwani Khad, Manjhi Khad, Mol Khad, Baner Khad, Charan Khand, Dhauli Khad, Shikari Khad, Batta, Kali Bein, Sainj, Markanda, Gaj Khad, Bather Khad, Bald, Ratta, Uhl Suketi Khad, Seer Khad, Bhagga, Chandra, Giri And Koshalya -",SINDH,4.0,18.8,,7.5  10.8  7.5  8.2,,,156,359,1.0,2.6,0.00,0.00,,,,
2023,4023,MANJHI KHAD U/S DHARAMSHALA OF KHANIYARA,HIMACHAL PRADESH,"Tributary Streams - Ravi, Parvati, Sirsa, Sarsa, Baira Siul, Suketi Khad, Binwa, Neugal Khad, Spiti, Baspa, Banganga, Basanter, Chenab, Devak, Tawi, Ujh, Swan, Tirthan, Pabbar, Ashwani Khad, Manjhi Khad, Mol Khad, Baner Khad, Charan Khand, Dhauli Khad, Shikari Khad, Batta, Kali Bein, Sainj, Markanda, Gaj Khad, Bather Khad, Bald, Ratta, Uhl Suketi Khad, Seer Khad, Bhagga, Chandra, Giri And Koshalya -",KHAD,11.0,20.0,8.2,9.1,,7.5  8.4,59,228,1.0,1.0,0.41,2.76,2,20,22,3500
2023,4024,MANJHI KHAD D/S DHARAMSHALA AT CHETRU,HIMACHAL PRADESH,"Tributary Streams - Ravi, Parvati, Sirsa, Sarsa, Baira Siul, Suketi Khad, Binwa, Neugal Khad, Spiti, Baspa, Banganga, Basanter, Chenab, Devak, Tawi, Ujh, Swan, Tirthan, Pabbar, Ashwani Khad, Manjhi Khad, Mol Khad, Baner Khad, Charan Khand, Dhauli Khad, Shikari Khad, Batta, Kali Bein, Sainj, Markanda, Gaj Khad, Bather Khad, Bald, Ratta, Uhl Suketi Khad, Seer Khad, Bhagga, Chandra, Giri And Koshalya -",KHAD,12.0,20.0,8.2,9.2,,7.6  8.5,59,242,1.0,1.0,0.49,2.67,2,20,39,5400
2023,4025,MOL KHAD U/S PALAMPUR,HIMACHAL PRADESH,"Tributary Streams - Ravi, Parvati, Sirsa, Sarsa, Baira Siul, Suketi Khad, Binwa, Neugal Khad, Spiti, Baspa, Banganga, Basanter, Chenab, Devak, Tawi, Ujh, Swan, Tirthan, Pabbar, Ashwani Khad, Manjhi Khad, Mol Khad, Baner Khad, Charan Khand, Dhauli Khad, Shikari Khad, Batta, Kali Bein, Sainj, Markanda, Gaj Khad, Bather Khad, Bald, Ratta, Uhl Suketi Khad, Seer Khad, Bhagga, Chandra, Giri And Koshalya -",KHAD,12.0,21.0,8.6,9.2,,7.3  8.0,74,329,1.0,1.0,0.30,2.04,2,45,13,9200
2023,4026,MOL KHAD D/S PALAMPUR,HIMACHAL PRADESH,"Tributary Streams - Ravi, Parvati, Sirsa, Sarsa, Baira Siul, Suketi Khad, Binwa, Neugal Khad, Spiti, Baspa, Banganga, Basanter, Chenab, Devak, Tawi, Ujh, Swan, Tirthan, Pabbar, Ashwani Khad, Manjhi Khad, Mol Khad, Baner Khad, Charan Khand, Dhauli Khad, Shikari Khad, Batta, Kali Bein, Sainj, Markanda, Gaj Khad, Bather Khad, Bald, Ratta, Uhl Suketi Khad, Seer Khad, Bhagga, Chandra, Giri And Koshalya -",KHAD,10.0,21.0,8.4,9.3,,7.0  8.2,74,368,1.0,1.0,0.30,2.62,2,45,22,16000
2023,4038,RIVER TIRTHAN BEFORE CONF. TO RIVER SUTLEJ,HIMACHAL PRADESH,"Tributary Streams - Ravi, Parvati, Sirsa, Sarsa, Baira Siul, Suketi Khad, Binwa, Neugal Khad, Spiti, Baspa, Banganga, Basanter, Chenab, Devak, Tawi, Ujh, Swan, Tirthan, Pabbar, Ashwani Khad, Manjhi Khad, Mol Khad, Baner Khad, Charan Khand, Dhauli Khad, Shikari Khad, Batta, Kali Bein, Sainj, Markanda, Gaj Khad, Bather Khad, Bald, Ratta, Uhl Suketi Khad, Seer Khad, Bhagga, Chandra, Giri And Koshalya -",,7.0,19.0,7.8,8.5,,7.2  8.0,61,280,1.0,1.0,0.32,4.93,21,79,79,430
2023,4424,RAW WATER FOR LWSS OF NAUTI KHAD AT GUMMA (BASANTPUR),HIMACHAL PRADESH,"Tributary Streams - Ravi, Parvati, Sirsa, Sarsa, Baira Siul, Suketi Khad, Binwa, Neugal Khad, Spiti, Baspa, Banganga, Basanter, Chenab, Devak, Tawi, Ujh, Swan, Tirthan, Pabbar, Ashwani Khad, Manjhi Khad, Mol Khad, Baner Khad, Charan Khand, Dhauli Khad, Shikari Khad, Batta, Kali Bein, Sainj, Markanda, Gaj Khad, Bather Khad, Bald, Ratta, Uhl Suketi Khad, Seer Khad, Bhagga, Chandra, Giri And Koshalya -",KHAD,8.0,18.0,7.2,8.1,,7.2  8.3,105,800,1.0,1.0,0.32,2.34,4,220,17,920
2023,4432,DHAULI KHAD AT CHARAN GANGA MEDI,HIMACHAL PRADESH,"Tributary Streams - Ravi, Parvati, Sirsa, Sarsa, Baira Siul, Suketi Khad, Binwa, Neugal Khad, Spiti, Baspa, Banganga, Basanter, Chenab, Devak, Tawi, Ujh, Swan, Tirthan, Pabbar, Ashwani Khad, Manjhi Khad, Mol Khad, Baner Khad, Charan Khand, Dhauli Khad, Shikari Khad, Batta, Kali Bein, Sainj, Markanda, Gaj Khad, Bather Khad, Bald, Ratta, Uhl Suketi Khad, Seer Khad, Bhagga, Chandra, Giri And Koshalya -",KHAD,17.0,33.4,6.9,8.0,,7.4  8.3,344,517,1.0,3.0,0.32,5.94,2,6,14,170
2023,4457,BANER KHAD U/S CHAMUNDA TEMPLE,HIMACHAL PRADESH,"Tributary Streams - Ravi, Parvati, Sirsa, Sarsa, Baira Siul, Suketi Khad, Binwa, Neugal Khad, Spiti, Baspa, Banganga, Basanter, Chenab, Devak, Tawi, Ujh, Swan, Tirthan, Pabbar, Ashwani Khad, Manjhi Khad, Mol Khad, Baner Khad, Charan Khand, Dhauli Khad, Shikari Khad, Batta, Kali Bein, Sainj, Markanda, Gaj Khad, Bather Khad, Bald, Ratta, Uhl Suketi Khad, Seer Khad, Bhagga, Chandra, Giri And Koshalya -",KHAD,16.0,20.0,8.8,9.4,,7.1  8.1,97,201,1.0,1.0,0.48,3.68,2,40,33,16000
2023,4458,BANER KHAD D/S CHAMUNDA TEMPLE,HIMACHAL PRADESH,"Tributary Streams - Ravi, Parvati, Sirsa, Sarsa, Baira Siul, Suketi Khad, Binwa, Neugal Khad, Spiti, Baspa, Banganga, Basanter, Chenab, Devak, Tawi, Ujh, Swan, Tirthan, Pabbar, Ashwani Khad, Manjhi Khad, Mol Khad, Baner Khad, Charan Khand, Dhauli Khad, Shikari Khad, Batta, Kali Bein, Sainj, Markanda, Gaj Khad, Bather Khad, Bald, Ratta, Uhl Suketi Khad, Seer Khad, Bhagga, Chandra, Giri And Koshalya -",KHAD,16.0,21.0,8.8,9.2,,7.3  8.3,95,187,1.0,1.0,0.57,3.26,2,78,79,16000
2023,4460,CHARAN KHAND U/S BHAGSUNAG,HIMACHAL PRADESH,"Tributary Streams - Ravi, Parvati, Sirsa, Sarsa, Baira Siul, Suketi Khad, Binwa, Neugal Khad, Spiti, Baspa, Banganga, Basanter, Chenab, Devak, Tawi, Ujh, Swan, Tirthan, Pabbar, Ashwani Khad, Manjhi Khad, Mol Khad, Baner Khad, Charan Khand, Dhauli Khad, Shikari Khad, Batta, Kali Bein, Sainj, Markanda, Gaj Khad, Bather Khad, Bald, Ratta, Uhl Suketi Khad, Seer Khad, Bhagga, Chandra, Giri And Koshalya -",KHAND,12.0,19.0,9.1,9.2,,7.6  8.2,74,197,1.0,1.0,0.30,5.53,2,20,13,3500
2023,4469,GAJ KHAD NEAR WATER SUPPLY SCHEME DHARAMSHALA CANTT.,HIMACHAL PRADESH,"Tributary Streams - Ravi, Parvati, Sirsa, Sarsa, Baira Siul, Suketi Khad, Binwa, Neugal Khad, Spiti, Baspa, Banganga, Basanter, Chenab, Devak, Tawi, Ujh, Swan, Tirthan, Pabbar, Ashwani Khad, Manjhi Khad, Mol Khad, Baner Khad, Charan Khand, Dhauli Khad, Shikari Khad, Batta, Kali Bein, Sainj, Markanda, Gaj Khad, Bather Khad, Bald, Ratta, Uhl Suketi Khad, Seer Khad, Bhagga, Chandra, Giri And Koshalya -",KHAD,11.0,18.0,8.8,9.1,,7.7  8.6,67,237,1.0,1.0,0.30,6.43,2,7,11,790
2023,4470,BATHER KHAD WATER SUPPLY SCHEME AT DAL LAKE,HIMACHAL PRADESH,"Tributary Streams - Ravi, Parvati, Sirsa, Sarsa, Baira Siul, Suketi Khad, Binwa, Neugal Khad, Spiti, Baspa, Banganga, Basanter, Chenab, Devak, Tawi, Ujh, Swan, Tirthan, Pabbar, Ashwani Khad, Manjhi Khad, Mol Khad, Baner Khad, Charan Khand, Dhauli Khad, Shikari Khad, Batta, Kali Bein, Sainj, Markanda, Gaj Khad, Bather Khad, Bald, Ratta, Uhl Suketi Khad, Seer Khad, Bhagga, Chandra, Giri And Koshalya -",SCHEME,10.0,18.0,9.0,9.2,,7.4  8.4,70,196,1.0,1.0,0.30,5.96,2,20,11,1300
2023,4471,"NEUGAL KHAD NEAR WATER SUPPLY SCHEME AT BANDLA, PALAMPUR",HIMACHAL PRADESH,"Tributary Streams - Ravi, Parvati, Sirsa, Sarsa, Baira Siul, Suketi Khad, Binwa, Neugal Khad, Spiti, Baspa, Banganga, Basanter, Chenab, Devak, Tawi, Ujh, Swan, Tirthan, Pabbar, Ashwani Khad, Manjhi Khad, Mol Khad, Baner Khad, Charan Khand, Dhauli Khad, Shikari Khad, Batta, Kali Bein, Sainj, Markanda, Gaj Khad, Bather Khad, Bald, Ratta, Uhl Suketi Khad, Seer Khad, Bhagga, Chandra, Giri And Koshalya -",KHAD,9.0,17.0,8.9,9.6,,7.2  8.0,77,480,1.0,1.0,0.30,4.12,2,20,8,5400
2023,4488,RIVER RATTA BEFORE CONF. TO RIVER SIRSA,HIMACHAL PRADESH,"Tributary Streams - Ravi, Parvati, Sirsa, Sarsa, Baira Siul, Suketi Khad, Binwa, Neugal Khad, Spiti, Baspa, Banganga, Basanter, Chenab, Devak, Tawi, Ujh, Swan, Tirthan, Pabbar, Ashwani Khad, Manjhi Khad, Mol Khad, Baner Khad, Charan Khand, Dhauli Khad, Shikari Khad, Batta, Kali Bein, Sainj, Markanda, Gaj Khad, Bather Khad, Bald, Ratta, Uhl Suketi Khad, Seer Khad, Bhagga, Chandra, Giri And Koshalya -",,14.0,23.0,5.8,7.1,,7.5  8.0,615,,1384  1.0,5.4,,1.69  17.26,5,220,34,1600
2023,5489,"RIVER BHAWA KHAD AT RESERVIOR SITE OF ALLIAN DUHANGAN HEP,PRINI,MANALI",HIMACHAL PRADESH,"Tributary Streams - Ravi, Parvati, Sirsa, Sarsa, Baira Siul, Suketi Khad, Binwa, Neugal Khad, Spiti, Baspa, Banganga, Basanter, Chenab, Devak, Tawi, Ujh, Swan, Tirthan, Pabbar, Ashwani Khad, Manjhi Khad, Mol Khad, Baner Khad, Charan Khand, Dhauli Khad, Shikari Khad, Batta, Kali Bein, Sainj, Markanda, Gaj Khad, Bather Khad, Bald, Ratta, Uhl Suketi Khad, Seer Khad, Bhagga, Chandra, Giri And Koshalya -",BHAWA KHAD,9.0,9.0,9.6,9.6,,8.3  8.3,87,87,1.0,1.0,0.61,0.61,11,11,26,26
2023,5766,CHAKKI KHAD AT LAHROO D/S OF PHINNA SINGH IRRIGATION SCHEME,HIMACHAL PRADESH,Ganga,KHAD,10.0,16.0,8.8,9.0,,7.3  8.0,125,259,1.0,1.0,0.73,2.68,4,45,350,5400
2023,1306,"RIVER GAWKADAL, SRG (SHERGHARI, SRG)",JAMMU & KASHMIR,Ganga,,6.6,25.2,4.7,7.8,,7.4  8.1,149,357,2.3,5.0,0.00,0.00,,,,
2023,5248,"RIVER UHL D/S OF IIT, MANDI",HIMACHAL PRADESH,Ganga,UHL,4.0,23.0,8.5,9.6,,7.1  8.1,62,205,1.0,1.0,0.32,1.01,23,79,170,350
2023,5251,SUKETI KHAD D/S SWM SITE AT SUNDER NAGAR,HIMACHAL PRADESH,Ganga,KHAD,12.0,27.0,7.0,8.8,,7.1  8.2,210,414,1.0,2.8,0.49,3.25,58,920,280,1600
2023,5252,SEER KHAD U/S INTAKE POINT OF WSS GHUMARWIN TOWN,HIMACHAL PRADESH,Ganga,KHAD,5.0,32.0,8.2,9.3,,7.2  8.2,185,285,1.0,1.0,0.32,1.83,11,79,33,350
2023,5254,RIVER BHAGGA U/S BEFORE CONFLUENCE TO RIVER CHENAB,HIMACHAL PRADESH,Ganga,BHAGGA,3.0,12.0,7.5,8.9,,7.2  8.1,92,225,1.0,1.0,0.32,0.55,23,39,140,280
2023,5255,RIVER CHANDRA U/S BEFORE CONFLUENCE TO RIVER CHENAB,HIMACHAL PRADESH,Ganga,CHANDRA,3.0,10.0,7.6,8.5,,7.2  8.1,88,221,1.0,1.0,0.32,0.64,2,39,45,210
2023,5256,RIVER CHENAB D/S AT TANDI (L & S),HIMACHAL PRADESH,Ganga,CHENAB,4.0,12.0,7.6,9.1,,7.2  8.2,87,218,1.0,1.0,0.32,0.95,26,47,170,240
2023,1491,"RIVER BHAGIRATHI AT GANGOTRI,",UTTARAKHAND,Ganga,BHAGIRATHI,7.0,7.0,,11.0  11.0  8.4  8.4,,,84,84,1.0,1.0,0.32,0.32,2,2,2,2
2023,5451,RIVER MANDAKINI AT KEDARNATH,UTTARAKHAND 10.0,Ganga,MANDAKINI,,,10.0  11.4  11.4  8.0  8.0,,,,50,50,1.0,1.0,0.32,0.32,2,2,2,2
2023,5452,RIVER ALAKNANDA AT BADRINATH,UTTARAKHAND 13.5,Ganga,ALAKNANDA,,,13.5  11.2  11.2  7.3  7.3,,,,43,43,1.0,1.0,0.32,0.32,2,2,2,2
2023,1484,RIVER ALAKNANDA B/C TO RIVER MANDAKINI AT RUDRA PRAYAG,UTTARAKHAND 15.0,Ganga,ALAKNANDA B/C TO RIVER MANDAKINI,,,17.0  10.0  10.6  7.6  8.3,,,,47,137,1.0,1.0,0.32,0.35,2,2,2,4
2023,1485,"RIVER MANDAKINI B/C TO RIVER ALKALNADA AT RUDRAPRAYAG,",UTTARAKHAND 14.0,Ganga,MANDAKINI B/C TO RIVER ALKALNADA,,17.0,,9.8  10.8  7.6  7.8,,,61,80,1.0,1.0,0.32,0.33,2,2,2,4
2023,1486,RIVER ALAKNANDA A/C OF RIVER MANDAKINI AND RIVER ALAKNANDA AT RUDRAPRAYAG,UTTARAKHAND 14.0,Ganga,ALAKNANDA A/C OF RIVER MANDAKINI AND RIVER ALAKNANDA,,,17.0  10.2  10.8  7.4  8.2,,,,58,122,1.0,1.0,0.32,0.33,2,2,2,4
2023,1487,"RIVER ALAKNANDA B/C TORIVER BHAGIRATHI AT DEVPRAYAG,",UTTARAKHAND 15.0,Ganga,ALAKNANDA B/C TORIVER BHAGIRATHI,,,19.0  10.0  10.6  7.8  8.3,,,,89,128,1.0,1.0,0.32,0.33,2,2,2,4
2023,1488,"RIVER BHAGIRATHI B/C TO RIVER ALAKNANDA AT DEVPRAYAG,DIST-TEHRI GARHWAL",UTTARAKHAND 16.0,Ganga,BHAGIRATHI B/C TO RIVER ALAKNANDA,,20.0,,9.8  10.8  7.8  8.1,,,76,117,1.0,1.0,0.32,0.36,2,2,2,2
2023,1489,"RIVER GANGA AFTER CONFLUENCE OF RIVER BHAGIRATHI AND RIVER ALAKNANDA AT DEVPRAYAG ,DIST-TEFRI GARHWAL",UTTARAKHAND 15.0,Ganga,GANGA AFTER CONFLUENCE OF RIVER BHAGIRATHI AND RIVER ALAKNANDA,,,20.0  10.0  10.8  7.5  8.2,,,,87,110,1.0,1.0,0.32,0.33,2,2,2,4
2023,5776,"RIVER GANGA AT SWARG ASHRAM ,RISHIKESH",UTTARAKHAND 13.0,Ganga,GANGA,,24.0,,9.0  10.6  7.2  8.4,,,84,265,1.0,1.0,0.32,0.43,31,48,39,49
2023,1060,"RIVER GANGA U/S AT LAXMANJHULA,RISHIKESH",UTTARAKHAND 12.0,Ganga,GANGA,,23.0,,9.6  11.0  7.1  8.3,,,70,154,1.0,1.0,0.00,0.37,21,43,26,48
2023,5777,,"RIVER GANGA NEAR VISTHAPHIT COLONY, RISHIKESH UTTARAKHAND 14.0",Ganga,,,28.0,,8.2  10.2  7.0  8.2,,,90,431,1.0,1.7,0.32,0.48,27,84,34,94
2023,10147,"RIVER GANGA D/S AT BAIRAAJ,RISHIKESH",UTTARAKHAND 14.0,Ganga,GANGA,,22.0,,9.2  10.8  7.1  8.5,,,67,141,1.0,1.2,0.32,0.39,2,43,2,49
2023,2725,"RIVER GANGA AFTER CONFLUENCE OF SONG NEAR SATYANARAYAN TEMPLE D/S RAIWALA, DEHRADUN",UTTARAKHAND 13.0,Ganga,GANGA AFTER CONFLUENCE OF SONG,,29.0,,8.2  10.0  7.1  8.5,,,157,325,1.1,1.7,0.32,0.38,33,63,58,94
2023,10148,RIVER GANGA AT HAR-KI-PAURI GHAT,UTTARAKHAND 14.8,Ganga,GANGA,,26.2,,8.0  10.3  7.3  8.3,,,166,351,1.0,2.0,0.32,1.65,21,79,63,170
2023,3997,"RIVER GANGA U/S AT ABINDUGHAT, DUDHIYABAD, HARIDWAR",UTTARAKHAND 16.8,Ganga,GANGA,,25.3,7.6,9.8,,7.3  8.3,219,421,1.2,2.6,0.32,1.50,31,94,79,170
2023,1061,"RIVER GANGA D/S AT BALKUMARI MANDIR, AJEETPUR, HARIDWAR",UTTARAKHAND 17.9,Ganga,GANGA,,26.3,7.1,9.9,,7.2  8.5,146,648,1.0,2.6,0.34,1.49,32,94,70,210
2023,5778,"RIVER GANGA NEAR BISHANPUR KUNDI, HARIDWAR",UTTARAKHAND 18.2,Ganga,GANGA,,26.4,7.6,9.8,,7.2  8.4,178,,3203  1.0,2.4,0.33,1.57,24,94,79,220
2023,2727,"UPPER GANGA CANAL D/S AT ROORKEE, HARIDWAR",UTTARAKHAND 14.7,Ganga,CANAL,,27.0,7.4,9.7,,7.4  8.3,219,435,1.2,2.4,0.32,1.85,21,94,79,170
2023,30005,RIVER GANGA AT SULTANPUR (UTTARAKHAND),UTTARAKHAND 21.5,Ganga,GANGA,,30.7,7.0,8.6,,7.3  8.0,165,273,1.2,2.7,0.32,0.41,2,490000,2000,1100000
2023,30006,RIVER GANGA AT BIJNOR (U.P.),UTTAR PRADESH,Ganga,GANGA,16.0,16.0,7.2,8.5,,7.6  8.1,180,289,1.0,2.0,0.32,0.72,330,93000,780,1400000
2023,10150,"RIVER GANGA AT MADHYA GANGA BARRAGE, BIJNOR",UTTAR PRADESH,Ganga,GANGA,,,8.6,9.1,,7.6  8.0,221,260,1.0,1.6,0.00,0.00,460,790,1100,1700
2023,5708,"RIVER GANGA TIGRI GANGA GHAT, VILLAGE-TIGARI, AMROHA",UTTAR PRADESH,Ganga,,,,8.4,8.9,,7.7  7.9,241,252,1.2,1.6,0.00,0.00,460,790,1300,1700
2023,1062,"RIVER GANGA AT D/S GARHMUKTESHWAR, U.P",UTTAR PRADESH,Ganga,GANGA,12.0,30.0,,8.2  11.7  7.3  7.6,,,174,255,1.0,2.9,0.30,0.50,240,1300,540,2200
2023,2488,"RIVER GANGA U/S, ANOOPSHAHAR",UTTAR PRADESH,Ganga,GANGA,16.0,32.0,,7.1  11.0  7.1  7.3,,,94,198,1.0,2.7,0.00,0.00,170,920,350,1600
2023,2489,"RIVER GANGA D/S, ANOOPSHAHAR",UTTAR PRADESH,Ganga,GANGA,16.0,31.0,,7.2  10.6  7.1  7.4,,,101,179,1.0,2.6,0.00,0.00,170,1100,350,1700
2023,1145,"RIVER GANGA AT NARORA (BULANDSAHAR), U.P.",UTTAR PRADESH,Ganga,GANGA,17.0,32.0,,7.3  10.4  7.0  7.4,,,106,177,1.0,2.8,0.00,0.00,170,930,350,1700
2023,2490,"RIVER GANGA AT KACHHLA GHAT, ALIGARH",UTTAR PRADESH,Ganga,GANGA,18.0,38.0,,8.4  10.9  7.4  7.7,,,143,16350  1.1,,1.6,0.30,4.20,2,480,260,630
2023,10151,RIVER GANGA AT GHATIYAGHAT FARRUKABAD,UTTAR PRADESH,Ganga,GANGA,14.0,31.0,,6.5  10.9  8.0  8.5,,,181,346,2.6,3.7,0.00,0.00,1100,2600,1600,3300
2023,1063,"RIVER GANGA AT KANNAUJ U/S (NEAR MEHNDIGHAT BRIDGE), U.P",UTTAR PRADESH,Ganga,GANGA,14.0,30.0,,6.1  10.9  8.1  8.6,,,199,366,3.0,3.9,0.00,0.00,900,2700,1600,4300
2023,1066,"RIVER GANGA AT DURJANPUR, KANNAUJ D/S, U.P",UTTAR PRADESH,Ganga,GANGA,14.0,31.0,,6.3  11.6  8.0  8.5,,,218,388,3.2,6.3,0.00,0.00,252,3400,2700,4900
2023,5709,"RIVER GANGAÂ NANAMAU GANGA BRIDGE, LUCKNOW MOHAN-HASANGANJ- RASULABAD MARG, KARTI AKBERPUR SENG",UTTAR PRADESH,Ganga,,18.0,23.0,,6.6  10.1  8.1  8.5,,,274,376,3.0,3.3,0.00,0.00,2300,2700,3100,4600
2023,1146,"RIVER GANGA AT BITHOOR (KANPUR), U.P.",UTTAR PRADESH,Ganga,GANGA,14.0,31.0,,6.2  11.2  7.8  8.5,,,224,356,,3.0  11.6  0.00,,0.00,1700,2700,3100,4300
2023,10154,RIVER GANGA AT BATHING GHAT (BHARAOGHAT),UTTAR PRADESH,Ganga,GANGA,14.0,31.0,,6.1  10.8  7.8  8.5,,,226,441,3.0,4.3,0.00,0.00,2100,4900,3100,7900
2023,1067,"RIVER GANGA AT KANPUR U/S (SHUKLAGANJ U/S), U.P",UTTAR PRADESH,Ganga,GANGA,14.0,31.0,,6.1  11.1  7.5  8.7,,,214,443,3.0,4.4,0.00,0.00,2000,3100,3100,5000
2023,10155,RIVER GANGA AT D/S (SHUKLAGANJ),UTTAR PRADESH,Ganga,GANGA,14.0,31.0,,6.0  10.9  7.5  8.9,,,232,465,3.2,4.6,0.00,0.00,2100,3400,3800,6300
2023,10156,RIVER GANGA AT BATHING GHAT (GOLA GHAT),UTTAR PRADESH,Ganga,GANGA,14.0,31.0,,5.9  10.6  7.8  8.8,,,223,431,,3.4  13.2  0.00,,0.00,2200,4600,3100,7000
2023,10157,RIVER GANGA AT BATHING GHAT (JAJMAU BRIDGE),UTTAR PRADESH,Ganga,GANGA,14.0,30.0,,6.0  10.4  7.7  8.5,,,266,630,3.4,4.9,0.00,0.00,2100,7900,3400,13000
2023,1068,"RIVER GANGA AT KANPUR D/S (JANA VILLAGE), U.P",UTTAR PRADESH,Ganga,GANGA,14.0,31.0,,5.6  10.2  7.4  8.6,,,269,645,,3.7  14.8  0.00,,0.00,4100,17000,7800,20000
2023,5710,"RIVER GANGA PURANA RAJAPUR, RAJAPUR, KANPUR",UTTAR PRADESH,Ganga,,15.0,23.0,,6.1  10.4  7.8  8.4,,,232,560,3.4,3.8,0.00,0.00,2300,4300,4100,7000
2023,5711,RIVER GANGA A/C PANDU RIVER AT MADEVESHWAR BABA TAMPLE DEOMAI AHT.,UTTAR PRADESH,Ganga,GANGA A/C PANDU RIVER,26.9,29.8,7.5,8.6,,7.8  8.3,253,269,2.4,2.7,0.62,0.67,610,680,1500,2000
2023,1147,"RIVER GANGA AT DALMAU (RAI BAREILLY), U.P.",UTTAR PRADESH,Ganga,GANGA,21.0,26.0,,3.0  10.5  7.7  8.0,,,268,377,2.5,3.9,0.78,0.98,1300,2400,2200,3900
2023,2498,"RIVER GANGA AT KALA KANKAR, RAEBARELI",UTTAR PRADESH,Ganga,GANGA,21.0,26.0,,0.3  10.6  7.8  8.0,,,265,373,2.4,3.8,0.76,0.88,1100,2300,2200,3400
2023,2487,"RIVER GANGA AT KADAGHAT, KAUSHAMABI",UTTAR PRADESH,Ganga,GANGA,20.5,30.7,6.9,9.3,,7.7  8.4,246,286,2.6,2.9,0.64,0.74,400,680,1300,2000
2023,5713,"RIVER GANGA AT GANGA BRIDGE .NH19, DHEEMI",UTTAR PRADESH,Ganga,GANGA,24.0,25.0,7.8,8.6,,7.8  7.9,271,334,3.1,3.2,0.76,0.78,1700,2200,2700,3200
2023,1046,"RIVER GANGA AT PRAYAGRAJ (RASOOLABAD), U.P.",UTTAR PRADESH,Ganga,GANGA,20.4,30.8,7.2,9.2,,7.8  8.4,220,273,2.7,2.9,0.60,0.76,450,920,1700,2400
2023,1049,"RIVER GANGA AT PRAYAGRAJ D/S (SANGAM), U.P.",UTTAR PRADESH,Ganga,GANGA,20.4,30.8,7.1,9.1,,7.8  8.4,258,292,2.6,3.0,0.53,0.73,680,930,2200,2700
2023,5714,RIVER GANGA B/CÂ TAMSA RIVER AT PRACHIN SHIVALAYA DUMDUMA GHAT,UTTAR PRADESH,Ganga,RIVER,25.8,29.7,7.5,8.7,,7.7  8.1,260,284,2.5,2.9,0.57,0.70,610,780,1500,2100
2023,10158,"RIVER GANGA A/C TAMSA RIVER, SIRSA, SON BARSA",UTTAR PRADESH,Ganga,,20.5,30.7,7.2,8.9,,7.4  8.4,260,297,2.6,3.0,0.61,0.72,610,920,1500,2500
2023,2485,"RIVER GANGA U/S, VINDHYACHAL, MIRZAPUR",UTTAR PRADESH,Ganga,GANGA,22.5,31.0,7.3,9.4,,7.9  8.4,324,542,2.2,2.9,,0.62 124.00,700,1300,1200,2000
2023,2486,"RIVER GANGA D/S, MIRZAPUR",UTTAR PRADESH,Ganga,GANGA,22.5,31.0,6.6,8.5,,7.6  8.0,332,552,3.3,4.5,0.00,1.96,7900,14000,13000,22000
2023,10153,RIVER GANGA AT CHUNAR,UTTAR PRADESH,Ganga,GANGA,23.0,31.5,7.0,9.0,,7.7  8.2,328,548,2.8,3.8,0.68,1.88,5800,11000,8400,17000
2023,1070,"RIVER GANGA AT VARANASI U/S NEAR VISHWASUNDARI BRIDGE B/C DRAINS( NAGWA NALA, SAMNE GHAT NALA,NAKHHI NALA)",UTTAR PRADESH,Ganga,GANGA,22.5,31.0,7.2,9.6,,7.8  8.4,320,542,2.1,2.8,0.58,1.56,680,1100,1100,2000
2023,1071,"RIVER GANGA AT VARANASI D/S , A/C RIVER VARUNA , U.P",UTTAR PRADESH,Ganga,GANGA,22.5,31.0,6.7,8.5,,7.6  8.1,332,550,3.3,4.5,0.72,2.25,7900,17000,14000,23000
2023,5715,"RIVER GANGAÂ B/C GOMTI RIVER AT BALUA GHAT BRIDGE, VARANASI",UTTAR PRADESH,Ganga,RIVER,27.0,29.0,7.0,7.8,,7.7  8.0,328,540,3.2,4.2,0.68,1.86,6300,11000,9400,17000
2023,10152,"RIVER GANGA A/C GOMTI RIVER, BHUSAULA",UTTAR PRADESH,Ganga,,23.0,33.5,7.0,8.8,,7.8  8.2,324,546,2.8,3.8,0.65,1.98,4600,11000,8400,17000
2023,5716,"RIVER GANGAÂ ZAMANIA GANGA BRIDGE , ZAMANIZ, UP",UTTAR PRADESH,Ganga,,27.0,29.0,7.4,8.4,,7.3  8.2,320,536,2.8,3.6,0.60,1.76,4600,7000,6300,11000
2023,1073,"RIVER GANGA AT TARIGHAT (GHAZIPUR), U.P",UTTAR PRADESH,Ganga,GANGA,23.0,31.5,6.5,8.2,,7.7  8.0,336,768,3.5,4.7,0.78,2.32,9400,17000,15000,26000
2023,10113,"RIVER GANGA AT U/S JAIL GHAT, BUXAR",BIHAR,Ganga,GANGA,16.0,33.0,6.9,8.8,,7.2  8.2,225,617,1.0,2.5,0.30,0.30,780,92000,2300,160000
2023,1074,RIVER GANGA CHUSA AT BUXAR,BIHAR,Ganga,GANGA CHUSA,17.0,32.0,7.0,9.0,,7.1  8.3,247,646,1.0,2.1,0.30,0.34,2200,54000,3300,92000
2023,2551,"RIVER GANGA AT BUXAR, RAMREKHAGHAT",BIHAR,Ganga,GANGA,16.0,33.0,6.7,8.5,,7.3  8.4,243,635,1.0,2.6,0.30,0.30,1300,92000,2300,160000
2023,3113,RIVER GANGA AT D/S BUXAR NEAR VEER KUNWAR SINGH ROAD BRIDGE,BIHAR,Ganga,GANGA,16.0,31.0,6.5,8.9,,7.3  8.2,249,610,1.0,2.6,0.30,0.33,1300,54000,2300,92000
2023,10162,RIVER GANGA AT ARA- CHAPRA ROAD BRIDGE (KOIILWAR BARHARA-CHAPRA ROAD),BIHAR,Ganga,GANGA,17.0,32.0,7.3,8.9,,7.2  8.3,219,432,1.0,2.5,0.30,0.35,130,35000,230,54000
2023,2564,"RIVER GANGA AT THE BALUGHAT, DORIGANJ, SARAN",BIHAR,Ganga,GANGA,16.0,32.0,6.6,9.0,,7.4  8.4,211,483,1.0,2.8,0.30,0.32,780,92000,2300,160000
2023,10114,"RIVER GANGA AT MAA AMBIKA ASTHAN, AAMI, SARAN",BIHAR,Ganga,GANGA,15.0,32.0,6.9,8.8,,7.4  8.0,209,409,1.2,2.6,0.30,0.30,780,92000,2300,160000
2023,1077,"RIVER GANGA AT DIGHA, NEAR J P SETU, PATNA U/S",BIHAR,Ganga,GANGA,13.0,32.0,6.9,9.8,,7.2  8.4,251,417,1.0,2.2,0.30,0.30,2300,92000,3300,160000
2023,2552,"RIVER GANGA AT GANDHIGHAT, NIT PATNA",BIHAR,Ganga,GANGA,13.0,32.0,6.1,9.5,,7.1  8.3,242,415,1.0,2.5,0.30,0.30,17000,92000,28000,160000
2023,10115,"RIVER GANGA AT GULABI GHAT, PATNA",BIHAR,Ganga,GANGA,13.0,31.0,6.3,9.0,,7.2  8.4,251,398,1.2,2.5,0.30,0.30,13000,92000,22000,160000
2023,1079,"RIVER GANGA AT PATNA D/S (GANGA BRIDGE), GAIGHAT, PATNA",BIHAR,Ganga,GANGA,13.0,33.0,6.1,,9.4  7.22 8.38  240.0  418.0  1.1,,,,,2.6,0.3,0.32,2300.0,92000.0,3300,160000
2023,3122,"RIVER GANGA AT MALSALAMI, PATNA CITY, PATNA",BIHAR,Ganga,GANGA,13.0,33.0,6.5,9.3,,7.2  8.3,238,406,1.0,2.9,0.30,0.30,1300,92000,2300,160000
2023,4297,"RIVER GANGA AT KACHCHI-DARGAH-BIDUPUR NEAR ROAD BRIDGE, PATNA",BIHAR,Ganga,GANGA,13.0,32.0,6.3,9.5,,7.1  8.4,240,410,1.0,2.3,0.30,0.30,2300,54000,4600,92000
2023,10122,"RIVER GANGA AT TRIVENI GHAT, PATNA",BIHAR,Ganga,GANGA,14.0,33.0,6.1,8.8,,7.2  8.4,232,417,1.2,2.6,0.30,0.30,2300,35000,3300,92000
2023,2553,"RIVER GANGA AT KEWALA GHAT,FATUHA, PATNA",BIHAR,Ganga,GANGA,14.0,33.0,6.0,8.5,,7.0  8.3,238,502,1.3,2.5,0.30,0.31,2300,92000,3300,160000
2023,4301,"RIVER GANGA AT BAKHTIYARPUR-TAJPUR BRIDGE ON GANGA, ATHMALGOLA, PATNA",BIHAR,Ganga,GANGA,15.0,31.0,7.2,9.4,,7.4  8.2,199,439,1.0,2.3,0.30,0.30,130,54000,230,160000
2023,3115,"RIVER GANGA AT UMA NATH MANDIR,BARH",BIHAR,Ganga,GANGA,16.0,32.0,7.2,9.1,,7.4  8.2,188,436,1.1,2.5,0.30,0.31,490,92000,790,160000
2023,10130,"RIVER GANGA U/S OF M/S NTPC, BARH WATER INTAKE POINT, BARH",BIHAR,Ganga,GANGA,16.0,32.0,7.3,9.5,,7.3  8.2,184,457,1.0,2.7,0.30,0.30,490,92000,700,160000
2023,10131,"RIVER GANGA D/S OF M/S NTPC, BARH WATER INTAKE POINT,PATHANICHAK, BINDTOLA BARH",BIHAR,Ganga,GANGA,17.0,32.0,7.0,8.2,,7.4  8.1,179,380,1.5,2.2,0.30,0.30,2300,17000,3300,22000
2023,1817,"RIVER GANGA AT MOKAMA (U/S), MAHADEO ASTHAN, PATNA",BIHAR,Ganga,GANGA,16.0,33.0,7.2,9.5,,7.2  8.4,190,435,1.0,2.8,0.30,0.30,2300,92000,3300,160000
2023,1815,"RIVER GANGA AT MOKAMA (D/S), NEAR RAJENDRA BRIDGE , SIMIRIYA GHAT",BIHAR,Ganga,GANGA,12.0,34.0,7.0,9.9,,7.1  8.3,226,440,1.0,2.8,0.30,0.30,1700,92000,3300,160000
2023,3123,"RIVER GANGA AT BARAHIYA, NEPALITOLA, MARANCHI, HATHIDAH AT MOKAMA, PATNA",BIHAR,Ganga,GANGA,15.0,33.0,6.9,9.4,,7.2  8.3,198,482,1.0,2.6,0.30,0.30,1300,92000,2300,160000
2023,3116,RIVER GANGA AT U/S MUNGER KASHATHARNI GHAT,BIHAR,Ganga,GANGA,13.0,34.0,,6.7  10.0  7.4  8.3,,,229,413,1.0,3.0,0.30,0.30,3300,92000,7000,160000
2023,1818,"RIVER GANGA AT MUNGER D/S, CREAMINATION GHAT",BIHAR,Ganga,GANGA,13.0,34.0,6.6,9.9,,7.4  8.3,227,433,1.0,2.7,0.30,0.30,2300,92000,3300,160000
2023,3117,"RIVER GANGA AT U/S AJGABINATH MANDIR SULTANGANJ, BHAGALPUR",BIHAR,Ganga,GANGA,14.0,38.0,6.7,9.8,,7.2  8.3,225,440,1.0,2.5,0.30,0.30,1300,92000,2300,160000
2023,2554,"RIVER GANGA D/S CREMINATION GHAT AT SULTANGANJ, BHAGALPUR",BIHAR,Ganga,GANGA,14.0,37.0,6.3,9.6,,7.3  8.3,222,414,1.0,2.4,0.30,0.31,2300,92000,3300,160000
2023,10138,"RIVER GANGA AT CHAMPANAGAR, RASIDPUR, BHAGALPUR",BIHAR,Ganga,GANGA,15.0,30.0,,6.4  10.0  7.2  8.2,,,187,479,1.0,2.1,0.30,0.30,2300,92000,3300,160000
2023,1819,"RIVER GANGA AT BHAGALPUR, OPP. KUPPA GHAT",BIHAR,Ganga,GANGA,10.0,33.0,6.3,9.0,,7.2  8.3,219,463,1.0,2.9,0.30,0.33,1300,54000,2300,92000
2023,4398,"RIVER GANGA AT WATER INTAKE POINT, BHAGALPUR",BIHAR,Ganga,GANGA,12.0,29.0,5.5,9.7,,7.2  8.1,212,,1240  1.0,2.7,0.30,0.31,450,54000,1300,92000
2023,3118,RIVER GANGA AT D/S BHAGALPUR NEAR BARARIGHAT,BIHAR,Ganga,GANGA,12.0,29.0,,5.9  12.1  7.2  8.2,,,211,522,1.1,5.5,0.30,0.39,1300,92000,2300,160000
2023,1816,"RIVER GANGA, JHAJGHAT AT KAHALGAON",BIHAR,Ganga,JHAJGHAT,16.0,34.0,6.5,9.2,,7.0  8.3,214,434,1.0,2.6,0.30,0.30,1300,92000,2300,160000
2023,10144,RIVER GANGA U/S NEAR LCT GHAT,JHARKHAND,Ganga,GANGA,16.0,39.0,7.0,7.5,,7.4  7.8,94,236,1.1,1.3,0.00,0.00,,,,
2023,10145,RIVER GANGA D/S NEAR JANTA GHAT,JHARKHAND,Ganga,GANGA,15.0,38.0,7.1,7.5,,7.5  7.7,98,258,1.1,1.4,0.00,0.00,,,,
2023,1059,"RIVER GANGA AT RAJMAHAL, BIHAR",JHARKHAND,Ganga,GANGA,15.0,38.0,6.7,7.3,,7.3  7.7,102,159,1.1,1.4,0.00,0.00,,,,
2023,10146,RIVER GANGA AT SANGI DALAN,JHARKHAND,Ganga,GANGA,16.0,37.0,6.9,7.4,,7.4  7.8,102,245,1.1,1.3,0.00,0.00,,,,
2023,5162,"RIVER GANGA AT FARAKKA, MUSHIDABAD",WEST BENGAL,Ganga,GANGA,17.0,35.0,5.5,9.8,,6.7  9.0,223,436,1.3,2.9,0.32,0.96,130,1700,220,5400
2023,10160,"RIVER GANGA AT BEHRAMPORE, (GORA BAZAR),MURSHIDABAD",WEST BENGAL,Ganga,GANGA,16.0,36.0,6.4,9.5,,6.8  8.7,227,429,1.4,2.9,0.32,0.71,790,17000,3300,24000
2023,1080,"RIVER GANGA AT BAHARAMPORE, MURSHIDABAD, WEST BENGAL",WEST BENGAL,Ganga,GANGA,16.0,36.0,5.9,9.9,,6.7  9.0,219,439,1.3,2.8,0.32,0.89,1700,24000,3300,49000
2023,10159,"RIVER GANGA AT BEHRAMPORE(KHAGRA), MURSHIDABAD",WEST BENGAL,Ganga,GANGA,16.0,36.0,6.0,9.8,,6.8  8.4,229,424,1.4,2.9,0.32,0.58,130,3500,790,9200
2023,2511,"RIVER NABADIP ON GANGA, GHOSHPARA NEAR MONIPURGHAT,NADIA",WEST BENGAL,Ganga,GHOSHPARA,16.0,36.0,5.4,9.4,,7.0  8.6,246,468,1.0,2.9,0.32,1.20,210,3500,1100,11000
2023,2506,"RIVER TRIBENI ON GANGA, NEAR BURNING GHAT, HOOGHLY",WEST BENGAL,Ganga,,15.0,36.0,5.1,9.7,,6.7  8.5,224,427,1.0,3.0,0.32,0.62,240,5400,1100,14000
2023,1054,RIVER GANGA AT PALTA WEST BENGAL,WEST BENGAL,Ganga,GANGA,15.0,36.0,5.2,9.9,,7.1  8.4,232,444,1.4,2.9,0.32,0.83,3500,49000,13000,79000
2023,10161,"RIVER GANGA AT PALTA, SHITALTALA,",WEST BENGAL,Ganga,GANGA,14.0,36.0,5.1,9.6,,7.1  8.7,240,484,1.4,2.9,0.32,0.73,1700,49000,6300,110000
2023,1472,"RIVER GANGA AT SERAMPORE, HOOGHLY,WEST BENGAL",WEST BENGAL,Ganga,GANGA,16.0,36.0,5.3,9.7,,7.1  8.4,268,,4223  1.4,2.9,0.32,0.99,5400,54000,14000,79000
2023,1053,"RIVER GANGA AT DAKSHMINESHWAR, KOLKATA, WEST BENGAL",WEST BENGAL,Ganga,GANGA,18.0,35.0,5.0,7.5,,6.9  8.1,230,451,2.4,3.3,0.32,1.33,23000,84000,79000,170000
2023,1471,RIVER GANGA AT HOWRAH-SHIVPUR WEST BENGAL,WEST BENGAL,Ganga,GANGA,20.0,34.0,5.0,7.8,,6.8  7.9,222,483,2.4,3.6,0.35,1.56,31000,79000,70000,140000
2023,1470,"RIVER GANGA AT GARDEN REACH, KOLKATA, WEST BENGAL",WEST BENGAL,Ganga,GANGA,20.0,36.0,5.0,7.8,,6.9  8.0,243,469,2.0,3.9,0.33,1.84,33000,94000,70000,170000
2023,1052,,"RIVER GANGA AT ULUBERIA , HOWRAH,WEST BENGAL WEST BENGAL",Ganga,,23.0,35.0,5.0,6.8,,6.8  8.0,254,,1224  2.3,3.1,0.53,1.75,17000,34000,27000,49000
2023,1469,"RIVER GANGA AT DIAMOND HARBOUR, 24 PARGANAS (S)WEST BENGAL",WEST BENGAL,Ganga,GANGA,21.0,37.0,5.2,6.9,,6.8  8.2,508,10296  2.1,,3.2,0.61,1.85,1300,7800,2200,11000
2023,1335,RIVER GANGA AT PATIKALI NEAR DURGA CHAK WEST BENGAL,WEST BENGAL,Ganga,GANGA,22.0,34.0,5.4,7.5,,7.8  8.5,705,17930  1.0,,2.6,0.32,1.87,3600,7900,7900,14000
2023,1492,RIVER YAMUNA AT YAMUNOTRI,UTTARAKHAND,Yamuna,YAMUNA,4.0,4.0,,11.2  11.2  7.8  7.8,,,31,31,1.0,1.0,0.32,0.32,2,2,2,2
2023,1493,RIVER YAMUNA AT HANUMANCHATTI,UTTARAKHAND 10.0,Yamuna,YAMUNA,,,10.0  10.8  10.8  7.6  7.6,,,,56,56,1.0,1.0,0.33,0.33,2,2,2,2
2023,1494,RIVER YAMUNA AT U/S OF LAKHWAR DAM,UTTARAKHAND,Yamuna,YAMUNA,9.0,21.0,,9.4  10.8  7.7  8.4,,,105,214,1.0,1.0,0.32,0.60,2,2,2,2
2023,30025,RIVER YAMUNA AT DAK PATHER (UTTARAKHAND),UTTARAKHAND 17.0,Yamuna,YAMUNA,,21.0,,9.4  10.8  8.2  8.4,,,128,286,1.0,9.0,0.32,0.47,2,4000,13,17000
2023,1490,"RIVER YAMUNA AT U/S DAKPATHER, DEHRADUN",UTTARAKHAND 10.0,Yamuna,YAMUNA,,22.0,,9.2  10.6  7.0  8.1,,,72,186,1.0,1.0,0.32,0.37,41,84,70,94
2023,30027,RIVER YAMUNA AT PONTA SAHIB (H.P),HIMACHAL PRADESH,Yamuna,YAMUNA,20.0,24.3,,9.0  10.5  8.0  8.4,,,134,518,1.0,9.0,0.49,1.32,7,7800,170,33000
2023,1553,RIVER YAMUNA U/S PAONTA SAHIB,HIMACHAL PRADESH,Yamuna,YAMUNA,16.0,23.0,6.3,8.4,,7.0  8.4,264,702,1.0,2.5,0.54,0.90,2,94,49,220
2023,1554,RIVER YAMUNA D/S PAONTA SAHIB,HIMACHAL PRADESH,Yamuna,YAMUNA,16.0,22.0,6.3,8.4,,7.7  8.3,243,666,1.6,3.6,0.54,0.90,2,220,94,540
2023,4439,RIVER YAMUNA U/S SUN PHARMACEUTICALS,HIMACHAL PRADESH,Yamuna,YAMUNA,15.0,23.0,6.4,8.5,,7.4  8.3,257,587,1.3,2.9,0.54,0.92,40,240,170,350
2023,4440,RIVER YAMUNA D/S SUN PHARMACEUTICALS,HIMACHAL PRADESH,Yamuna,YAMUNA,16.0,24.0,6.4,8.4,,7.7  8.4,301,550,1.2,3.5,0.00,0.92,46,350,280,920
2023,30028,"RIVER YAMUNA AT BURIYA U/S JAGADHARI, MANDOLI, HARYANA",HARYANA,Yamuna,YAMUNA,17.5,27.5,7.9,8.8,,8.0  8.4,211,358,,1.0  15.0  0.53,,0.89,110,4900,790,92000
2023,30035,RIVER YAMUNA AT HATHNIKUND,HARYANA,Yamuna,YAMUNA,14.0,20.0,7.6,9.8,,7.8  8.3,208,390,1.0,6.0,0.79,1.07,14,1300,79,13000
2023,1117,"RIVER YAMUNA AT HATHNIKUND, YAMUNANAGAR",HARYANA,Yamuna,YAMUNA,,,6.8,7.8,,7.3  8.2,181,953,1.0,4.2,0.30,0.30,2,200,200,900
2023,1496,"RIVER YAMUNA AT KALANAUR, YAMUNA NAGAR",HARYANA,Yamuna,YAMUNA,,,6.0,7.9,,7.1  8.2,210,954,1.0,6.2,0.30,0.30,100,400,300,1200
2023,4914,"RIVER YAMUNA AT MANGLAURA, KARNAL",HARYANA,Yamuna,YAMUNA,,,5.2,7.8,,6.9  8.1,238,864,,1.2  30.0  0.00,,0.30,100,1500,400,4200
2023,30032,"RIVER YAMUNA AT SONAULI ROAD, SHAMLI BORDER , PANIPAT (HARYANA)",HARYANA,Yamuna,YAMUNA,,,,6.8  10.2  7.7  8.6,,,221,413,1.0,6.0,0.52,1.66,45,4900,700,11000
2023,10004,RIVER YAMUNA AT KHOJKIPUR PANIPAT,HARYANA,Yamuna,YAMUNA,,,3.8,7.4,,6.9  7.8,189,989,1.2,6.8,0.30,0.30,100,600,600,1700
2023,30029,"RIVER YAMUNA AT SONIPAT, BAGHPAT ROAD(HARYANA)",HARYANA,Yamuna,YAMUNA,,,6.3,8.6,,7.7  8.7,299,620,1.0,8.0,0.66,1.99,92,2300,270,4900
2023,1119,RIVER YAMUNA AT SONEPAT,HARYANA,Yamuna,YAMUNA,,,6.0,7.8,,6.1  8.1,195,350,1.0,6.2,0.30,0.32,2,1000,200,10000
2023,10005,"RIVER YAMUNA AT PALLA,SONEPAT",HARYANA,Yamuna,YAMUNA,,,5.2,7.8,,5.5  8.2,235,,1080  1.8,6.8,0.00,0.30,100,1100,400,3400
2023,10006,RIVER YAMUNA AT PALLA,DELHI,Yamuna,YAMUNA,16.0,,16.0  11.2  11.2  7.5  7.5,,,,1172,,1172  13.0  13.0  2.00,,,2.00,1400,1400,2200,2200
2023,30026,RIVER YAMUNA AT PALLA (DELHI),DELHI,Yamuna,YAMUNA,,,6.2,9.2,,7.4  8.2,346,,1265  1.0  16.0  0.32,,,2.31,200,2600000,54000,7000000
2023,1120,"RIVER YAMUNA AT PALLA, DELHI",DELHI,Yamuna,YAMUNA,,,,6.3  11.3  7.1  7.5,,,,,1.0,3.0,0.00,0.00,180,560,,
2023,5098,RIVER YAMUNA AT WAZIRABAD,DELHI,Yamuna,YAMUNA,,,4.0,8.2,,7.2  7.5,,,4.0,9.8,0.00,0.00,200,5500,,
2023,5099,RIVER YAMUNA AT ISBT BRIDGE,DELHI,Yamuna,YAMUNA,,,0.3,3.0,,7.1  7.5,,,,22.0  46.0  0.00,,0.00,5500,100000,17000,17000
2023,5100,RIVER YAMUNA AT ITO BRIDGE,DELHI,Yamuna,YAMUNA,,,0.3,4.1,,7.2  7.5,,,,18.0  38.0  0.00,,0.00,6100,81000,,
2023,1121,"RIVER YAMUNA AT NIZAMUDDIN, DELHI",DELHI,Yamuna,YAMUNA,,,0.3,2.5,,7.1  7.5,,,,26.0  48.0  0.00,,0.00,9300,31000,,
2023,1375,"RIVER YAMUNA AT OKHLA BRIDGE (INLET OF AGRA CANAL), DELHI",DELHI,Yamuna,YAMUNA,,,0.3,1.8,,7.1  8.0,,,,30.0  50.0  0.00,,0.00,120000,380000,,
2023,1812,"RIVER YAMUNA AT OKHLA AFTER MEETING OF SHAHDARA DRAIN, DELHI",DELHI,Yamuna,YAMUNA,,,0.3,1.1,,6.8  7.7,,,,35.0  56.0  0.00,,0.00,170000,470000,,
2023,30030,"RIVER YAMUNA AT ASGARPUR VILLAGE,(YAMUNA GHAT)U.P",UTTAR PRADESH,Yamuna,YAMUNA,,,0.3,5.4,,7.4  7.7,517,,1878  14.0  94.0  0.33,,,2.66,7800,14000000  23000,,21000000
2023,30031,RIVER YAMUNA AT HASANPUR,HARYANA,Yamuna,YAMUNA,16.0,30.0,0.3,6.0,,7.6  8.7,1034,,1358  11.0  36.0  0.32,,,0.67,1700,490000,6300,790000
2023,2493,RIVER YAMUNA AT SHAHPUR,UTTAR PRADESH,Yamuna,YAMUNA,12.0,28.0,4.2,7.2,,7.6  8.1,692,734,,9.2  15.6  0.00,,0.00,23000,49000,58000,110000
2023,2495,"RIVER YAMUNA AT KESIGHAT, VRINDAVAN",UTTAR PRADESH,Yamuna,YAMUNA,11.0,28.0,4.0,7.4,,7.6  8.2,614,642,,7.6  11.6  0.00,,0.00,22000,33000,49000,94000
2023,1123,"RIVER YAMUNA AT MATHURA U/S ,NEAR GAUGHAT U.P.",UTTAR PRADESH,Yamuna,YAMUNA,11.0,28.0,4.6,6.6,,7.6  8.2,543,628,,7.8  12.2  0.00,,0.00,12000,33000,39000,94000
2023,2494,"RIVER YAMUNA AT VISHRAMGHAT, MATHURA",UTTAR PRADESH,Yamuna,YAMUNA,11.0,28.0,4.2,6.8,,7.6  8.2,572,652,,8.0  13.2  0.00,,0.00,14000,33000,41000,120000
2023,1124,"RIVER YAMUNA AT MATHURA D/S , NEAR SHAMSHAN GHAT U.P.",UTTAR PRADESH,Yamuna,YAMUNA,11.0,28.0,4.0,6.4,,7.8  8.2,618,668,,8.8  14.0  0.00,,0.00,572,38000,640,150000
2023,1125,"RIVER YAMUNA AT AGRA U/S, U.P.(KAILASH GHAT)",UTTAR PRADESH,Yamuna,YAMUNA,24.0,28.0,7.0,8.0,,7.5  7.8,406,,1800  6.4  14.4  0.00,,,0.00,4000,7000,7800,11000
2023,1126,"RIVER YAMUNA AT D/S OF AGRA, U.P.",UTTAR PRADESH,Yamuna,YAMUNA,24.0,28.0,6.6,7.0,,6.7  7.5,512,,2045  7.2  15.6  0.00,,,0.00,6800,17000,11000,33000
2023,1498,"RIVER YAMUNA AT BATESWAR, U.P",UTTAR PRADESH,Yamuna,YAMUNA,23.0,28.0,6.0,7.2,,7.4  7.8,1022,,2512  8.0,9.6,0.00,0.00,6800,17000,9300,25000
2023,10081,RIVER YAMUNA AT ETAWAH D/S,UTTAR PRADESH,Yamuna,YAMUNA,16.8,36.8,5.1,7.1,,7.5  7.9,487,,2438  8.4  22.0  0.00,,,0.00,7000,46000,21000,160000
2023,10082,RIVER YAMUNA AT UDI,UTTAR PRADESH,Yamuna,YAMUNA,17.1,36.4,4.9,6.5,,7.4  7.8,434,,2418  7.2  18.8  0.00,,,0.00,4900,40000,14000,94000
2023,1127,"RIVER YAMUNA AT ETAWAH, U.P.",UTTAR PRADESH,Yamuna,YAMUNA,17.2,36.6,5.2,6.0,,7.5  8.0,460,,2722  7.6  18.0  0.00,,,0.00,5800,43000,17000,94000
2023,1499,"RIVER YAMUNA AT JUHIKA B/C WITH CHANBAL, ETAWAH, U.P",UTTAR PRADESH,Yamuna,YAMUNA,18.6,37.9,6.2,7.4,,7.5  7.8,407,,2532  6.4  16.0  0.00,,,0.00,4100,27000,13000,70000
2023,30034,RIVER YAMUNA AT ETAWAH,UTTAR PRADESH,Yamuna,YAMUNA,18.0,32.0,6.2,9.3,,7.2  8.8,602,,1633  3.9  15.7  3.09  21.93,,,,2,79000,4500,240000
2023,30033,"RIVER YAMUNA A/C OF CHAMBAL AT SHERGARH, JUHIKA (U.P)",UTTAR PRADESH,Yamuna,YAMUNA A/C OF CHAMBAL,18.0,31.0,7.1,9.0,,7.3  8.9,447,,1091  2.1,8.1,0.32,5.89,2,33000,2,490000
2023,2283,RIVER YAMUNA AT HAMIRPUR,UTTAR PRADESH,Yamuna,YAMUNA,17.0,28.0,4.9,7.1,,7.4  7.8,659,848,2.6,5.2,0.00,0.00,9300,23000,17000,79000
2023,1069,"RIVER YAMUNA AT PRAYAGRAJ D/S (BALUA GHAT), U.P.",UTTAR PRADESH,Yamuna,YAMUNA,20.7,30.7,6.8,8.4,,7.7  8.3,318,397,2.5,2.7,0.55,0.68,400,680,1400,1700
2023,1510,RIVER TONS AT TIUNI (HIMACHAL PRADESH/UTTRA KHAND BORDER),HIMACHAL PRADESH,Yamuna,TONS,6.8,10.6,7.9,9.3,,7.3  7.9,35,105,1.0,1.0,0.32,1.31,2,20,7,920
2023,30023,RIVER TONS AT HARIPUR (U.K.),UTTARAKHAND 16.5,Yamuna,TONS,,24.0,,9.4  10.4  8.2  8.5,,,121,318,,1.0  13.0  0.32,,0.44,2,7900,17,13000
2023,4027,RIVER GIRI D/S RAJGARH TOWN,HIMACHAL PRADESH,Yamuna,GIRI,18.0,25.0,7.8,8.4,,7.6  8.4,292,421,1.2,2.1,0.66,0.89,22,110,130,280
2023,4028,"RIVER GIRI D/S KALGIDHAR TRUST, BARU SAHIB",HIMACHAL PRADESH,Yamuna,GIRI,18.0,25.0,7.7,8.2,,7.6  8.4,296,421,1.1,2.2,0.59,0.90,26,130,130,350
2023,2621,RIVER GIRI AT D/S YASHWANT NAGAR AFTER CONF. WITH ASHWANI KHAD AT YASHWANT NAGAR- NEAR SHANI MANDIR,HIMACHAL PRADESH,Yamuna,GIRI,6.0,8.0,6.7,8.8,,7.7  8.4,216,366,1.0,1.0,1.78,6.64,2,8,21,140
2023,3876,RIVER GIRI AFTER CONFLUENCE OF ASHWANI RIVER AT VILLAGE MARYOG,HIMACHAL PRADESH,Yamuna,GIRI AFTER CONFLUENCE OF ASHWANI RIVER,6.0,18.0,7.6,9.3,,7.5  8.3,208,446,1.0,1.0,0.32,5.25,2,11,12,220
2023,2622,RIVER GIRI AT U/S CCI MINES AT VILLAGE NADI,HIMACHAL PRADESH,Yamuna,GIRI,18.0,25.0,6.5,8.6,,7.3  8.2,348,927,1.0,2.6,0.47,0.97,13,70,33,280
2023,2623,RIVER GIRI D/S SATAUN,HIMACHAL PRADESH,Yamuna,GIRI,17.0,25.0,6.5,8.5,,7.9  8.3,346,889,1.1,3.2,0.00,3.14,33,130,110,350
2023,3877,RIVER GIRI U/S LWSS AT SAINJ,HIMACHAL PRADESH,Yamuna,GIRI,8.0,12.1,7.2,8.0,,7.2  8.1,76,282,1.0,1.0,0.65,2.22,4,110,39,280
2023,3878,RIVER GIRI D/S LWSS AT SAINJ,HIMACHAL PRADESH,Yamuna,GIRI,8.0,12.2,7.2,8.1,,7.2  8.1,72,288,1.0,1.0,0.63,2.18,7,70,27,1600
2023,3860,"RIVER GIRI D/S CEMENT CORPORATION OF INDIA, RAJBAN AT BANGRAN BRIDGE",HIMACHAL PRADESH,Yamuna,GIRI,17.0,24.0,6.4,8.7,,7.3  8.2,390,899,1.0,2.8,0.49,0.79,21,70,70,280
2023,4427,RIVER GIRI U/S CHAILLA,HIMACHAL PRADESH,Yamuna,GIRI,8.0,11.4,7.4,8.3,,7.2  8.1,69,250,1.0,1.0,0.62,2.32,4,26,17,220
2023,4441,RIVER GIRI U/S PROPOSED SITE OF SRI RENUKAJI DAM SITE.,HIMACHAL PRADESH,Yamuna,GIRI,15.0,25.0,7.6,8.1,,7.6  8.3,318,443,1.0,2.3,0.59,0.89,26,70,130,280
2023,4442,RIVER GIRI D/S PROPOSED SITE OF SRI RENUKAJI DAM SITE NEAR BRIDGE AT DADAHU- RENUKAJI,HIMACHAL PRADESH,Yamuna,GIRI,15.0,25.0,7.6,8.2,,7.0  8.4,303,449,1.2,2.5,0.61,0.86,27,94,170,350
2023,4473,RIVER GIRI D/S PROPOSED SITE OF RENUKA DAM,HIMACHAL PRADESH,Yamuna,GIRI,17.0,24.0,7.1,8.0,,7.8  8.4,302,,4563  1.1,2.6,0.60,0.90,32,140,170,350
2023,5292,"RIVER GIRI AT NIHARI, KOTKHAL",HIMACHAL PRADESH,Yamuna,GIRI,6.1,10.3,7.3,9.0,,7.2  8.0,71,264,1.0,1.0,0.83,2.08,2,220,9,1600
2023,5764,RIVER GIRI B/C WITH ASHWANI KHAD U/S OF WSS YASHWANT NAGAR,HIMACHAL PRADESH,Yamuna,GIRI B/C WITH ASHWANI KHAD,6.0,8.0,6.7,9.5,,7.6  8.3,210,476,1.0,1.2,1.65,5.16,2,25,24,540
2023,2617,RIVER PABBAR AT U/S DHAMBARI,HIMACHAL PRADESH,Yamuna,PABBAR,5.8,8.0,8.0,9.2,,7.2  8.0,42,145,1.0,1.0,0.33,3.86,2,17,9,280
2023,2618,RIVER PABBAR AT U/S ROHRU,HIMACHAL PRADESH,Yamuna,PABBAR,5.9,10.0,7.9,9.1,,7.2  8.3,49,110,1.0,1.0,0.34,1.26,2,27,5,350
2023,2619,RIVER PABBAR D/S SWARAKUDDU,HIMACHAL PRADESH,Yamuna,PABBAR,6.3,10.0,7.7,8.9,,7.0  8.4,37,132,1.0,1.0,0.32,1.36,7,47,26,350
2023,4039,RIVER PABBAR U/S HATKOTI,HIMACHAL PRADESH,Yamuna,PABBAR,6.0,10.0,7.2,8.7,,7.2  8.2,34,109,1.0,1.0,0.32,1.31,2,220,11,920
2023,5488,RIVER PABBAR AT HATKOTI RESERVOIR,HIMACHAL PRADESH,Yamuna,PABBAR,8.0,9.0,6.2,7.2,,7.1  7.8,35,105,1.0,1.0,0.41,1.42,2,21,2,170
2023,5767,RIVER ANDHRA B/C TO RIVER PABBAR AT CHIRGAON,HIMACHAL PRADESH,Yamuna,ANDHRA B/C TO RIVER PABBAR,6.0,10.4,7.6,8.7,,7.0  8.4,42,136,1.0,1.0,0.32,0.66,2,20,2,280
2023,2620,ASHWANI KHAD U/S OF YASHWANT NAGAR BEFORE CONF. WITH RIVER GIRI AT YASHWANT NAGAR,HIMACHAL PRADESH,Yamuna,GIRI,6.0,9.0,6.7,8.5,,7.7  8.5,260,518,1.0,1.4,,2.02  13.06,2,21,21,540
2023,2626,RIVER BATTA U/S PAONTA AT KISHANPURA,HIMACHAL PRADESH,Yamuna,BATTA,14.0,24.0,6.3,8.6,,7.1  8.2,261,633,1.1,2.6,0.58,0.86,2,70,70,350
2023,2627,RIVER BATTA BEFORE CONFLUENCE TO YAMUNA,HIMACHAL PRADESH,Yamuna,CONFLUENCE,15.0,23.0,6.4,8.3,,7.4  8.3,237,620,1.2,2.6,0.59,0.84,32,130,140,430
2023,4428,ASHWANI KHAD U/S OF WEIR SITE OF WTP NEAR ASHWANI BRIDGE,HIMACHAL PRADESH,Yamuna,KHAD,9.0,19.5,7.0,8.7,,5.5  8.3,81,422,1.0,3.1,,0.33  11.06,8,110,70,1600
2023,4429,ASHWANI KHAD AFTER CONFLUENCE OF LIFT NALLAH NEAR DOGRHA BRIDGE,HIMACHAL PRADESH,Yamuna,NALLAH,9.0,22.7,6.9,8.2,,6.8  8.2,102,473,1.0,6.8,0.32,7.32,7,540,17,1600
2023,4461,"ASHWANI KHAD D/S OF VILLAGE SADHUPIL, TEHSIL KANDAGHAT, DISTRICT SOLAN.",HIMACHAL PRADESH,Yamuna,KHAD,7.0,18.0,,6.7  11.0  7.2  8.2,,,166,530,1.0,1.0,1.87,5.80,2,9,21,220
2023,4479,ASHWANI KHAD U/S OF SADHUPUL VILLAGE (NEARBY 800 METERS U/S OF THE BRIDGE),HIMACHAL PRADESH,Yamuna,KHAD,7.0,20.0,,6.2  10.0  7.1  8.1,,,145,769,1.0,1.0,2.38,6.61,2,11,26,220
2023,4431,SHIKARI KHAD BEFORE CONFLUENCE TO RIVER PABBAR NEAR HRTC ROHRU BUS STAND,HIMACHAL PRADESH,Yamuna,PABBAR,7.8,30.0,6.8,8.0,,7.6  8.3,51,343,1.0,1.8,0.32,1.90,2,33,34,920
2023,30037,RIVER BANGANGA AT U/S IDRISHPUR (U.K.),UTTARAKHAND 21.6,Yamuna,BANGANGA,,31.2,0.4,6.8,,7.2  7.5,366,614,1.6,3.1,0.32,1.05,2,790000,2000,2400000
2023,30038,RIVER BANGANGA AT D/S SHUKRATAL (BEFORE CONFLUENCE OF LAKSAR DRAIN ),UTTAR PRADESH,Yamuna,BANGANGA,21.6,31.2,5.0,7.8,,7.3  7.6,359,518,1.0,2.6,0.32,1.65,2,330000,2,790000
2023,10099,RIVER HINDON AT MAHESHPUR D/S,UTTAR PRADESH,Yamuna,HINDON,18.0,32.0,1.4,1.4,,7.2  7.4,380,,750  32.0  44.0  0.00,,,0.00,,,,
2023,10102,RIVER HINDON AT MOHAN NAGAR U/S,UTTAR PRADESH,Yamuna,HINDON,18.0,27.0,1.2,4.5,,6.5  7.5,330,,530  15.0  20.0  0.40,,,0.46,130000,260000,170000,790000
2023,10103,RIVER HINDON AT MOHAN NAGAR D/S,UTTAR PRADESH,Yamuna,HINDON,18.0,28.0,2.1,6.5,,6.8  7.6,330,,746  10.0  20.0  0.35,,,0.48,110000,340000,140000,470000
2023,10106,RIVER HINDON AT GHAZIABAD U/S,UTTAR PRADESH,Yamuna,HINDON,18.0,28.0,1.1,5.5,,6.2  7.6,316,,589  12.0  24.0  0.41,,,0.55,170000,350000,210000,920000
2023,10100,RIVER HINDON AT BARNAWA U/S,UTTAR PRADESH,Yamuna,HINDON,16.0,22.0,0.3,0.3,,7.5  7.8,710,,900  42.0  62.0  24.00 34.00  100000,,,,,140000,140000,210000
2023,10101,RIVER HINDON AT BARNAWA D/S,UTTAR PRADESH,Yamuna,HINDON,16.0,21.0,0.3,0.3,,7.4  7.7,630,,820  38.0  56.0  22.00 30.00,,,,82000,120000,120000,170000
2023,1483,"RIVER HINDON AFTER CONFL. WITH R. KRISHNA & KALI NEAR BINAULI TOWN, PURA MAHADEV, MEERUT, U.P.",UTTAR PRADESH,Yamuna,KALI,17.0,22.0,0.3,0.3,,7.5  7.8,750,,1000  44.0  68.0  30.00 38.00  100000,,,,,170000,150000,220000
2023,2496,"RIVER HINDON AT SARDHANA BUDHANA ROAD, VILLAGE BAPARSI, MEERUT",UTTAR PRADESH,Yamuna,HINDON,15.0,22.0,0.3,0.3,,7.6  7.8,750,,990  48.0  68.0  32.00 40.00,,,,14000,170000,17000,240000
2023,1357,"RIVER HINDON AT SAHARANPUR D/S, AT MAHESHPUR .DEOBAND U.P.",UTTAR PRADESH,Yamuna,HINDON,18.0,32.0,,,,6.7  7.5,410,,750  32.0  48.0  0.00,,,0.00,,,,
2023,1358,"RIVER HINDON AT GHAZIABAD D/S KULESHRA GB NAGAR, U.P.",UTTAR PRADESH,Yamuna,HINDON,20.0,25.0,0.3,8.8,,6.4  8.4,304,,1375  3.2  48.0  0.75,,,0.96,2100,340000,3800,470000
2023,10104,RIVER HINDON AT NOIDA U/S,UTTAR PRADESH,Yamuna,HINDON,,,1.4,4.1,,6.9  8.2,755,,861  15.0  22.0  0.00,,,0.62,,230000  3400000  310000,,4000000
2023,10105,RIVER HINDON AT NOIDA D/S,UTTAR PRADESH,Yamuna,HINDON,26.0,26.0,1.1,4.8,,7.0  7.9,450,,1082  12.0  27.0  0.00,,,0.42,,170000  2700000  270000,,3800000
2023,1477,RIVER KALINADI AT U/S OF MUZAFFAR NAGAR U.P.,UTTAR PRADESH,Yamuna,KALINADI,19.0,25.5,2.9,3.4,,7.2  7.7,300,,340  12.0  16.0  0.00,,,0.00,,,,
2023,1478,"RIVER KALINADI AT D/S OF MUZAFFAR NAGAR, U.P.",UTTAR PRADESH,Yamuna,KALINADI,19.0,25.8,0.3,0.3,,7.0  7.3,480,,670  32.0  40.0  0.00,,,0.00,,,,
2023,4606,RIVER KEN NEAR ROAD BRIDGE AT PANNA,MADHYA PRADESH,Yamuna,KEN,21.0,31.0,6.4,9.2,,7.2  8.0,229,354,1.0,2.2,0.33,1.62,2,2,31,41
2023,1356,"RIVER BETWA BEFORE CONF. YAMUNA AT HAMIRPUR, U.P.",UTTAR PRADESH,Yamuna,YAMUNA,17.0,24.0,5.4,7.6,,7.2  7.9,344,,3400  2.2,3.1,0.00,0.00,7800,9300,13000,17000
2023,30079,"RIVER BETWA DOWNSTREAM AT SUKMA-DUKMA DAM, DIST-JHANSI (U.P.)",UTTAR PRADESH,Yamuna,BETWA DOWNSTREAM,21.9,30.0,7.4,8.5,,7.7  8.9,267,559,1.0,1.5,0.32,0.32,2,4500,2,23000
2023,30080,"RIVER BETWA AT KANJIA ROAD BRIDGE, KANJIA DIST.ASHOK NAGAR (M.P.)",MADHYA PRADESH,Yamuna,BETWA,19.0,30.0,,8.1  11.0  8.1  8.8,,,350,643,1.0,3.6,0.32,0.32,2,170000,7800,1100000
2023,1614,"RIVER BETWA NEAR WATER SUPPLY INTAKE WELL , VIDISHA( M.P)",MADHYA PRADESH,Yamuna,BETWA,12.0,28.0,,6.5  10.6  7.5  8.3,,,200,740,1.0,2.9,2.20,7.31,4,94,110,350
2023,1614,"RIVER BETWA NEAR WATER SUPPLY INTAKE WELL , VIDISHA( M.P)",MADHYA PRADESH,Yamuna,BETWA,12.0,28.0,,6.5  10.6  7.5  8.3,,,200,740,1.0,2.9,2.20,7.31,4,94,110,350
2023,2107,"RIVER BETWA AT U/S AT MAHUTA GHAT, AGASOD, BINA",MADHYA PRADESH,Yamuna,BETWA,21.0,29.0,7.1,8.5,,7.4  8.3,287,492,1.0,1.8,0.33,1.37,2,2,26,58
2023,2108,"RIVER BETWA AT M/S J.P. THERMAL POWER, BINA",MADHYA PRADESH,Yamuna,BETWA,21.0,29.0,7.2,7.5,,7.4  8.3,294,472,1.0,1.9,0.38,1.40,2,2,31,58
2023,2119,"RIVER BETWA AT NAYAPUR D/S MANDIDEEP INDL. AREA NO.1,DIST.RAISEN",MADHYA PRADESH,Yamuna,BETWA,21.0,28.0,4.2,7.8,,6.4  8.1,342,,1978  2.4,4.7,3.27,7.64,21,110,210,920
2023,2121,"RIVER BETWA NEAR ROAD BRIDGE, BHOJPUR",MADHYA PRADESH,Yamuna,BETWA,17.0,33.0,7.3,8.3,,7.2  8.2,304,685,1.5,2.7,2.26,5.32,14,38,110,350
2023,2122,RIVER BETWA NEAR W/S INTAKE WELL POINT RAISEN,MADHYA PRADESH,Yamuna,BETWA,18.0,33.0,7.2,8.3,,7.3  8.3,288,686,1.3,2.3,1.22,3.72,13,43,150,280
2023,2124,"RIVER BETWA AT CHARANTIRGHAT, VIDISHA",MADHYA PRADESH,Yamuna,BETWA,13.0,28.0,,3.9  11.6  7.5  8.2,,,219,912,,1.1  10.4  4.31  16.81,,,6,120,170,430
2023,2125,RIVER BETWA D/S AFTER MIXING OF RIVER BAIS AT VIDISHA,MADHYA PRADESH,Yamuna,BETWA,13.0,27.0,,5.6  10.6  7.5  8.5,,,228,949,1.2,4.5,,1.70  15.74,6,84,170,430
2023,3832,RIVER BETWA AT U/S NEAR ROAD BRIDGE ORCHHA,MADHYA PRADESH,Yamuna,BETWA,19.0,32.0,7.2,9.2,,7.6  7.9,266,428,1.0,2.1,0.33,0.36,2,2,26,49
2023,2953,"RIVER KALI SINDH AT ANICUT OF M/S CFCL GADEPAN, KOTA, RAJASTHAN",RAJASTHAN,Yamuna,KALI SINDH,21.0,32.0,4.7,6.3,,8.1  8.8,309,873,1.0,2.5,0.82,2.72,63,170,140,350
2023,2956,"RIVER KALI SINDH AT BAROD ROAD BRIDGE, KOTA, RAJASTHAN",RAJASTHAN,Yamuna,KALI SINDH,18.0,33.0,4.4,6.1,,8.2  8.9,299,,1046  1.0,2.4,1.42,3.43,70,170,150,280
2023,3310,"RIVER CHAMLA AT W/S INTAKE POINT BADNAGAR, UJJAIN",MADHYA PRADESH,Yamuna,CHAMLA,23.0,29.0,7.0,7.6,,7.3  7.9,206,639,1.8,2.0,0.32,1.00,2,4,43,58
2023,3313,"RIVER KARIYARI U/S NEAR M/S UTCL BELA CEMENT PLANT,VILL.SONARA , REWA,",MADHYA PRADESH,Yamuna,KARIYARI,18.9,29.7,6.8,7.5,,7.6  7.8,319,597,1.1,1.5,0.69,1.02,2,2,41,46
2023,3314,"RIVER KARIYARI,D/S, NEAR M/S J.P. CEMENT,VILL.NAUBASTA, REWA",MADHYA PRADESH,Yamuna,,18.5,29.8,6.8,7.1,,7.7  8.2,323,702,1.3,1.8,0.68,1.17,2,2,43,58
2023,3319,"RIVER NEWAJ AT W/S INTAKE POINT, SHUJALPUR, UJJAIN",MADHYA PRADESH,Yamuna,NEWAJ,23.0,28.0,6.4,7.6,,7.4  8.0,202,562,1.8,2.0,0.32,2.83,2,2,47,49
2023,3320,"RIVER NEWAJ U/S NEAR W/S INTAKE POINT, RAJGARH",MADHYA PRADESH,Yamuna,NEWAJ,15.0,26.0,,5.9  10.5  7.3  8.4,,,274,413,1.0,2.3,,1.85  11.80,2,94,120,430
2023,3833,"RIVER BEBUS AT RAJGHAT DAM, SAGAR",MADHYA PRADESH,Yamuna,BEBUS,22.0,30.0,6.1,7.8,,6.9  8.3,240,438,1.1,1.9,0.33,0.84,2,2,32,46
2023,5538,"RIVER KALIASOT DAM OUTLATE NEAR DAM GATE,BHOPAL",MADHYA PRADESH,Yamuna,KALIASOT DAM OUTLATE,19.0,27.0,5.8,8.5,,7.4  8.7,186,300,1.0,2.2,1.49,3.50,2,22,2,540
2023,5539,"RIVER KHAN RAMWASA STOP DAM,UJJAIN",MADHYA PRADESH,Yamuna,,23.0,28.0,5.7,7.2,,7.2  8.2,512,,1696  4.5  12.0  1.22,,,2.49,14,1600,920,1600
2023,5540,"RIVER MANDAKINI , ORIGIN POINT SATI ANSUIYA ,CHITRAKOOT",MADHYA PRADESH,Yamuna,,27.4,32.5,3.4,7.4,,7.1  8.0,354,,6783  1.0,2.1,0.00,0.00,2,2,4,72
2023,5544,"RIVER CHAMBAL PALI NEAR ROAD BRIDGE ,SHEOPUR",MADHYA PRADESH,Yamuna,CHAMBAL PALI,18.0,29.0,7.0,7.9,,7.1  7.7,220,690,1.2,1.8,0.52,2.42,2,3,26,42
2023,2955,"RIVER CHAMBAL ENTERING IN RAJASTHAN AT GANDHI SAGAR DAM, RAWATBHATA,CHITTORGARH",RAJASTHAN,Yamuna,CHAMBAL ENTERING IN RAJASTHAN,16.0,30.0,4.0,6.3,,6.9  7.8,443,627,2.2,3.0,1.22,3.19,84,170,150,300
2023,1288,"RIVER CHAMBAL AT KOTA U/S (PHED INTAKE POINT. NEAR KOTA BARRAGE), RAJASTHAN",RAJASTHAN,Yamuna,CHAMBAL,18.0,33.0,5.3,6.8,,7.9  8.5,339,481,1.0,1.3,0.62,1.22,26,49,46,120
2023,1289,"RIVER CHAMBAL AT RANGPUR KOTA D/S (2 KM. FROM CITY), RAJASTHAN",RAJASTHAN,Yamuna,CHAMBAL,19.0,34.0,4.1,5.9,,7.9  8.9,382,900,1.3,2.8,0.82,2.72,220,350,350,540
2023,10029,"RIVER CHAMBAL AT KESHORAIPATAN U/S, NEAR SHRI RAJESHWAR MAHADEV TEMPLE, BUNDI",RAJASTHAN,Yamuna,CHAMBAL,15.0,33.0,4.1,6.3,,8.2  8.7,382,945,1.2,2.8,1.07,3.63,170,350,350,540
2023,10030,"RIVER CHAMBAL AT KESHORAIPATTAN D/S NEAR AMBEDKAR NAGAR, BUNDI",RAJASTHAN,Yamuna,CHAMBAL,15.0,34.0,3.3,6.1,,8.1  8.9,388,,1362  1.9,3.8,1.14,4.94,240,350,350,920
2023,4769,"RIVER CHAMBAL, NEAR CHAMBAL BRIDGE, DHOLPUR TO MURENA ROAD, NH-3",RAJASTHAN,Yamuna,DHOLPUR,12.0,31.0,4.7,6.3,,7.0  8.5,370,775,1.0,3.1,0.64,5.63,22,140,40,280
2023,30086,"RIVER CHAMBAL AT GWALIOR ROAD BRIDGE, UDI, ETAWAH DIST.",UTTAR PRADESH,Yamuna,CHAMBAL,18.0,31.0,7.4,9.3,,7.1  8.0,343,663,1.7,6.5,0.32,0.70,2,33000,2,49000
2023,30060,RIVER CHAMBAL AT FISH FARM NEAR GANDHISAGAR DAM (MP & RJASTHAN),MADHYA PRADESH,Yamuna,CHAMBAL,20.0,33.0,,7.4  10.7  7.7  8.2,,,174,445,1.2,2.6,0.32,0.51,2,15,68,120
2023,1418,"RIVER CHAMBAL AT GANDHI SAGAR DAM, RAMPURA, M.P",MADHYA PRADESH,Yamuna,CHAMBAL,22.0,28.0,7.4,7.5,,7.6  7.9,304,324,1.8,2.0,0.51,0.93,2,2,47,49
2023,1365,RIVER CHAMBAL AT NAGDA U/S (WATER INTAKE POINT) M.P.,MADHYA PRADESH,Yamuna,CHAMBAL,22.0,27.0,6.9,7.9,,7.3  8.1,405,907,1.8,2.0,0.64,1.07,2,4,43,49
2023,1366,"RIVER CHAMBAL AT NAGDA D/S, M.P.",MADHYA PRADESH,Yamuna,CHAMBAL,22.0,27.0,0.3,7.6,,3.4  8.1,653,,8763  6.0  28.0  0.94  11.29,,,,40,1600,1600,1600
2023,1609,"RIVER CHAMBAL AT DHOLPUR,",MADHYA PRADESH,Yamuna,CHAMBAL,15.0,25.0,7.0,8.1,,7.1  7.8,315,718,1.0,2.3,0.30,1.85,2,6,12,28
2023,3308,"RIVER CHAMBAL AT JANAPAWA, FROM ORIGIN POINT, INDORE",MADHYA PRADESH,Yamuna,CHAMBAL,20.5,21.0,6.9,7.2,,7.5  7.9,360,439,1.0,1.1,1.54,2.01,2,2,24,34
2023,4607,RIVER CHAMBAL AT ITAWA ROAD BRIDGE BHIND,MADHYA PRADESH,Yamuna,CHAMBAL,18.0,27.0,7.0,8.2,,7.2  7.8,380,600,1.4,1.9,0.30,1.40,2,6,20,26
2023,4610,RIVER CHAMBAL AT 100M D/S OF GANDHI SAGAR DAM. MANDSAUR,MADHYA PRADESH,Yamuna,CHAMBAL,22.0,30.0,7.2,7.6,,7.4  7.9,298,384,1.8,2.0,0.55,0.98,2,4,48,49
2023,2954,"RIVER PARVATI BEFORE MEETING CHAMBAL AT KHATOLI, KOTA, RAJASTHAN",RAJASTHAN,Yamuna,PARVATI BEFORE MEETING CHAMBAL,17.0,33.0,4.7,5.8,,8.1  8.9,311,,1092  1.0,2.0,1.22,2.52,70,150,140,350
2023,2109,"RIVER PARVATI AT NEEMKHEDI, GUNA",MADHYA PRADESH,Yamuna,PARVATI,15.0,31.0,7.0,8.8,,7.2  7.9,290,511,1.4,2.1,0.32,1.40,2,6,24,34
2023,2126,"RIVER PARVATI D/S AFTER VINDHYACHAL NALLA AT PILUKHEDI,RAJGARH",MADHYA PRADESH,Yamuna,PARVATI,15.0,26.0,,5.8  11.7  7.4  8.1,,,371,715,1.0,4.6,,5.05  30.72,6,110,220,480
2023,1432,"RIVER PARVATI NEAR VILLAGE BATAODAPAR, M.P.",MADHYA PRADESH,Yamuna,PARVATI,15.0,32.0,7.0,8.5,,7.2  7.6,270,507,1.6,1.9,0.50,1.83,2,6,2,34
2023,1367,RIVER KHAN AT KABIT KHEDI (NEAR INDORE) M.P.,MADHYA PRADESH,Yamuna,KHAN,20.0,22.5,0.3,0.3,,7.2  8.1,982,,1485  10.0  36.0  2.13,,,4.78,32,5400,920,12000
2023,2110,"RIVER KHAN AT SAKKAR KHADI, INDORE",MADHYA PRADESH,Yamuna,KHAN,19.0,22.0,0.3,0.3,,7.2  8.2,973,,1418  14.0  38.0  2.14,,,7.35,2,6300,1400,17000
2023,2111,RIVER KHAN AT SANWER,MADHYA PRADESH,Yamuna,KHAN,19.5,22.5,4.0,6.4,,7.4  8.4,880,,1330  1.0,8.0,1.24,3.17,10,700,430,1600
2023,1372,"RIVER MANDAKINI AT CHITRAKUT, M.P.",MADHYA PRADESH,Yamuna,MANDAKINI,22.7,33.0,2.8,9.1,,6.8  7.9,612,,5952  2.0,3.7,0.00,0.00,2,15,70,120
2023,1369,"RIVER KSHIPRA AT RAMGHAT AT UJJAIN, M.P.",MADHYA PRADESH,Yamuna,KSHIPRA,22.0,27.0,6.2,7.8,,7.1  7.9,386,,1064  3.4  10.0  0.32,,,2.80,350,1600,1600,1600
2023,1370,"RIVER KSHIPRA AT TRIVENISANGAM (1 KM. D/S OF SANGAM), M.P.",MADHYA PRADESH,Yamuna,KSHIPRA,22.0,27.0,7.0,7.6,,7.4  7.9,333,,1039  2.4,6.0,0.32,1.94,2,1600,210,1600
2023,1468,"RIVER KSHIPRA AT SIDDHAWAT (D/S) OF UJJAIN., M.P.",MADHYA PRADESH,Yamuna,KSHIPRA,22.0,27.0,6.8,7.6,,7.3  8.0,493,,1254  8.0  12.0  0.93,,,3.47,920,1600,1600,1600
2023,3315,"RIVER KSHIPRA AT GAUGHAT, UJJAIN",MADHYA PRADESH,Yamuna,KSHIPRA,22.0,26.0,7.0,7.5,,7.1  7.9,370,,1041  2.4,8.0,0.32,2.24,2,1600,280,1600
2023,3316,"RIVER KSHIPRA AT U/S OF MAHIDPUR CITY, UJJAIN",MADHYA PRADESH,Yamuna,KSHIPRA,23.0,29.0,6.8,8.0,,7.5  8.2,388,,1068  1.4,3.6,0.32,1.00,2,6,46,1600
2023,3317,"RIVER KSHIPRA AT W/S INTAKE POINT OF DEWAS, UJJAIN",MADHYA PRADESH,Yamuna,KSHIPRA,22.0,26.0,7.1,7.6,,7.4  8.0,288,585,1.8,2.0,0.63,0.98,2,4,47,49
2023,2379,RIVER NALKARI TRIBUTARY AT PATRATU,JHARKHAND,Yamuna,NALKARI TRIBUTARY,26.5,30.0,7.2,7.6,,7.2  7.5,,,1.3,2.6,0.00,0.00,,,,
2023,2724,"RIVER SUSWA AT MATHURAWALA, DEHRADUN",UTTARAKHAND 15.0,Yamuna,SUSWA,,24.0,1.4,4.0,,6.8  7.8,321,,601  20.0  34.0  0.33,,,0.53,1400,28000,1600,160000
2023,2734,"RIVER BHELLA U/S OF KASHIPUR,US NAGAR",UTTARAKHAND 13.0,Yamuna,BHELLA,,30.0,5.6,7.7,,7.2  7.8,181,316,2.0,3.0,0.35,0.83,130,540,170,920
2023,2735,"RIVER BHELLA D/S OF LOHIYA BRIDGE KASHIPUR,US NAGAR",UTTARAKHAND 13.0,Yamuna,BHELLA,,32.0,1.4,4.4,,6.7  7.7,216,,636  12.0  28.0  0.37,,,1.15,240,920,540,1600
2023,2732,"RIVER DHELLA U/S AT KASHIPUR MORADABAD ROAD BRIDGE,US NAGAR",UTTARAKHAND 13.0,Yamuna,DHELLA,,34.0,6.0,7.6,,6.8  7.9,236,596,2.6,3.0,0.34,0.82,220,920,280,1600
2023,2733,"RIVER DHELLA D/S AT THAKURDWARA ALIGANJ ROAD,US NAGAR",UTTARAKHAND 12.0,Yamuna,DHELLA,,33.0,1.2,4.1,,7.0  7.7,298,,1254  14.0  38.0  0.39,,,1.29,350,1600,540,1600
2023,30004,RIVER DHELA AT ADAMPUR,UTTARAKHAND 20.6,Yamuna,DHELA,,32.0,4.5,8.3,,7.1  7.8,238,813,1.0,7.1,0.32,0.37,13000,130000,70000,490000
2023,2731,"RIVER KOSI AT KASHIPUR BAJPUR ROAD BRIDGE,KASHIPUR,US NAGAR",UTTARAKHAND 13.0,Yamuna,KOSI,,31.0,6.8,7.8,,7.4  7.9,211,628,2.0,3.8,0.33,0.66,120,280,170,350
2023,30002,"RIVER KOSI AT DADIYAL BRIDGE, UTTRAKHAND",UTTARAKHAND 21.0,Yamuna,KOSI,,30.2,6.2,8.8,,7.5  7.6,295,714,1.0,2.8,0.32,0.90,7800,330000,13000,790000
2023,2728,RIVER GOLA AT HALDWANI,UTTARAKHAND 13.0,Yamuna,GOLA,,23.0,7.4,8.8,,7.3  8.2,230,280,1.4,2.4,0.32,0.40,63,170,84,210
2023,2729,RIVER KICHHA AT KICHHA U.S. NAGAR,UTTARAKHAND 12.0,Yamuna,KICHHA,,32.0,5.0,7.0,,7.2  7.9,265,672,3.0,7.8,0.00,0.88,170,540,280,920
2023,30003,RIVER KICCHA AT PULL BHATTA,UTTARAKHAND 20.2,Yamuna,KICCHA,,30.9,0.3,6.2,,7.6  7.9,380,,1030  7.5  13.0  0.32,,,1.74,2300,170000,7900,1300000
2023,2730,"RIVER PILKHAR AT BILASPUR, RAMPUR,US NAGAR",UTTARAKHAND 12.0,Yamuna,PILKHAR,,31.0,2.4,7.2,,7.2  7.8,221,918,,2.0  12.0  0.33,,0.97,220,920,350,1600
2023,30000,"RIVER PILKHAR AT RAMPUR, BHOT(U.P)",UTTAR PRADESH,Yamuna,PILKHAR,21.0,31.6,6.5,8.3,,7.5  8.0,121,745,1.0,2.4,0.32,0.98,4500,130000,7800,490000
2023,30001,"RIVER BAHELA AT BADLI VILLAGE LOHIYA BRIDGE , TANDA (U.P.)",UTTAR PRADESH,Yamuna,BAHELA,20.3,31.2,0.3,8.9,,6.2  7.8,217,715,,1.4  145.0 0.32,,0.37,200,1300000,780,9200000
2023,2736,"RIVER NANDOUR U/S AT SITARGANJ INDUSTRIAL AREA, US NAGAR",UTTARAKHAND 12.0,Yamuna,NANDOUR,,31.0,7.2,9.2,,7.5  7.9,165,220,1.6,2.2,0.35,0.49,210,540,350,920
2023,2737,"RIVER NANDOUR D/S AT SITARGANJ INDUSTRIAL AREA, US NAGAR",UTTARAKHAND 12.0,Yamuna,NANDOUR,,32.0,6.9,8.6,,7.4  7.9,183,336,2.4,3.0,0.36,0.84,350,1600,920,1700
2023,3438,"RIVER KALYANI U/S OF PANTNAGAR INDUSRIAL AREA, US NAGAR",UTTARAKHAND 13.0,Yamuna,KALYANI,,30.0,5.0,7.2,,7.1  7.8,322,482,2.4,3.0,0.34,0.55,220,920,350,1600
2023,3439,"RIVER KALYANI D/S OF PANTNAGAR INDUSTRIAL AREA, US NAGAR",UTTARAKHAND 12.0,Yamuna,KALYANI,,33.0,1.6,4.4,,6.8  7.5,396,,625  12.0  30.0  0.35,,,1.47,540,1600,920,1700
2023,30077,"RIVER RAMGANGA AT ROAD BRIDGE SHERKOT, DIST.BIJNAUR (U.P.)",UTTAR PRADESH,Yamuna,RAMGANGA,22.0,30.2,6.5,9.1,,7.2  7.9,221,730,1.0,3.4,0.32,0.36,2,49000,2,330000
2023,30078,"RIVER RAMGANGA AT KALAGARHBARRAGE,KALAGARH,DIST,PAUDHIGADHWAL (U.K.)",UTTARAKHAND 21.5,Yamuna,RAMGANGA,,28.8,7.4,9.5,,7.1  7.8,176,584,1.2,9.5,,0.32  10.14,2,790000,4500,3500000
2023,30077,"RIVER RAMGANGA AT ROAD BRIDGE SHERKOT, DIST.BIJNAUR (U.P.)",UTTAR PRADESH,Yamuna,RAMGANGA,22.0,30.2,6.5,9.1,,7.2  7.9,221,730,1.0,3.4,0.32,0.36,2,49000,2,330000
2023,1064,"RIVER RAMGANGA AT KANNAUJ (BEFORE CONF.), U.P",UTTAR PRADESH,Yamuna,RAMGANGA,14.0,30.0,,5.9  11.2  8.0  8.5,,,256,589,3.8,5.6,0.00,0.00,4300,6300,7500,13000
2023,1065,"RIVER KALINADI NEAR GUMATIYA VILLAGE ,KANNAUJ (BEFORE CONF.), U.P",UTTAR PRADESH,Yamuna,KALINADI,14.0,30.0,5.4,8.7,,7.4  8.2,240,496,5.0,6.4,0.00,0.00,4600,9800,8900,17000
2023,1480,"RIVER KALINADI AT U/S OF GULAOTHI TOWN IN BULANDSAHAR, U.P.",UTTAR PRADESH,Yamuna,KALINADI,19.0,31.0,0.3,0.3,,7.6  7.9,403,,558  46.0  62.0  0.00,,,,0.00  2200000 4100000 3200000  5800000,,,
2023,2497,"RIVER KALI EAST AT KHARKHODA-PARIKSHIT GARH ROAD, VILL. KOL, MEERUT",UTTAR PRADESH,Yamuna,KALI EAST,14.0,21.0,0.3,0.3,,7.5  7.7,480,,940  32.0  56.0  22.00 32.00,,,,63000,130000,94000,170000
2023,2482,"RIVER VARUNA AT RAMESHWAR, VARANASI",UTTAR PRADESH,Yamuna,VARUNA,23.5,29.0,7.1,8.2,,8.0  8.4,312,480,2.8,3.8,0.60,0.96,1100,2300,1700,3300
2023,2483,RIVER VARUNA B/C WITH GANGA AT VARANASI,UTTAR PRADESH,Yamuna,VARUNA B/C WITH GANGA,23.5,29.5,3.0,4.8,,7.2  7.6,524,664,,8.6  12.8  1.72 260.00  17000,,,,22000,27000,33000
2023,2502,"SHUKRA TAL GHAT (CONFLUENCE OF BANGANGA AND SALONI RIVER), MUZAFFARNAGAR,",UTTAR PRADESH,Yamuna,,18.0,26.7,5.5,7.3,,7.5  7.8,140,170,1.8,2.8,0.00,0.00,700,1100,1000,1700
2023,1361,"RIVER SAI AT UNNAO AFTER DRAIN OUTFALL, U.P.",UTTAR PRADESH,Yamuna,SAI,18.0,32.0,3.5,8.0,,7.7  8.2,324,531,3.0,4.3,0.30,1.38,2300,4900,4700,7900
2023,2484,"RIVER SAI AT JALALPUR, JAUNPUR",UTTAR PRADESH,Yamuna,SAI,24.0,29.5,7.3,8.6,,8.1  8.4,316,446,2.4,3.4,0.55,0.92,2100,5800,4600,8400
2023,1072,"RIVER GOMTI AT VARANASI, RAJWARI U.P",UTTAR PRADESH,Yamuna,GOMTI,24.0,29.0,7.2,8.6,,7.9  8.4,318,484,3.0,4.0,0.56,1.34,3100,9300,7000,13000
2023,1350,"RIVER GOMTI AT SITAPUR U/S DADNAMAU GHAT, U.P.",UTTAR PRADESH,Yamuna,GOMTI,,,,6.4  12.2  7.8  8.5,,,238,422,2.0,4.4,0.00,1.62,450,1400,1400,2800
2023,1351,"RIVER GOMTI AT LUCKNOW U/S AT WATER INTAKE POINT, U.P.",UTTAR PRADESH,Yamuna,GOMTI,,,,4.2  10.9  7.4  8.4,,,311,512,2.9,4.0,0.61,0.88,210,4900,4700,7800
2023,1352,"RIVER GOMTI AT LUCKNOW D/S PIPRAGHAT , U.P.",UTTAR PRADESH,Yamuna,GOMTI,,,0.9,2.4,,7.0  7.8,404,,807  10.5  13.8  0.30,,,2.68,70000,170000,110000,240000
2023,1353,"RIVER GOMTI AT JAUNPUR D/S, U.P.",UTTAR PRADESH,Yamuna,GOMTI,24.0,29.5,7.0,8.0,,7.8  8.5,322,490,3.2,4.3,0.60,1.42,3300,14000,8400,21000
2023,10083,RIVER GOMTI AT NEEMSAR U/S,UTTAR PRADESH,Yamuna,GOMTI,,,,6.2  12.0  7.8  8.5,,,247,429,2.1,2.8,0.55,0.75,680,1700,1700,3400
2023,10084,RIVER GOMTI AT NEEMSAR D/S,UTTAR PRADESH,Yamuna,GOMTI,,,,5.8  11.6  7.7  8.4,,,262,440,2.3,3.2,0.58,0.78,780,2400,2100,4000
2023,10085,RIVER GOMTI AT BHATPUR U/S,UTTAR PRADESH,Yamuna,GOMTI,,,,5.6  11.4  7.7  8.4,,,274,458,2.4,3.4,1.10,1.64,780,2600,2000,4500
2023,10086,RIVER GOMTI AT BHATPUR D/S,UTTAR PRADESH,Yamuna,GOMTI,,,,4.7  10.8  7.6  8.4,,,291,481,2.7,3.8,1.20,1.82,1400,3300,2800,5400
2023,10087,RIVER GOMTI AT GAUGHAT U/S,UTTAR PRADESH,Yamuna,GOMTI,,,,4.2  11.0  7.4  8.4,,,310,488,2.9,4.0,0.62,0.89,2300,4900,4700,7800
2023,10088,RIVER GOMTI AT GAUGHAT D/S,UTTAR PRADESH,Yamuna,GOMTI,,,,3.9  10.5  7.3  8.4,,,322,528,3.1,4.2,0.62,1.14,2400,4900,5400,7900
2023,10089,RIVER GOMTI AT MOHMEAK U/S,UTTAR PRADESH,Yamuna,GOMTI,,,1.2,5.2,,7.2  7.9,348,764,,7.0  10.6  0.84,,1.49,33000,78000,61000,120000
2023,10090,RIVER GOMTI AT MOHMEAK D/S,UTTAR PRADESH,Yamuna,GOMTI,,,0.9,4.4,,7.2  7.8,364,781,,7.6  11.2  0.85,,1.56,45000,94000,68000,140000
2023,10091,RIVER GOMTI AT PIPRAGHAT U/S,UTTAR PRADESH,Yamuna,GOMTI,,,1.1,2.8,,7.1  7.8,389,789,,9.8  13.0  0.30,,2.46,70000,130000,94000,220000
2023,10092,RIVER GOMTI AT PIPRAGHAT D/S,UTTAR PRADESH,Yamuna,GOMTI,,,0.9,2.5,,7.0  7.8,403,,808  10.5  13.8  0.30,,,2.68,70000,170000,110000,240000
2023,10093,RIVER GOMTI AT GANGAGANJ U/S,UTTAR PRADESH,Yamuna,GOMTI,,,2.9,5.8,,7.3  7.9,348,741,5.5,8.0,1.28,1.68,13000,49000,23000,94000
2023,10094,RIVER GOMTI AT GANGAGANJ D/S,UTTAR PRADESH,Yamuna,GOMTI,,,3.2,4.7,,7.3  7.9,336,724,5.6,7.5,1.29,1.66,11000,49000,21000,79000
2023,10095,RIVER GOMTI AT SULTANPUR U/S,UTTAR PRADESH,Yamuna,GOMTI,23.0,28.0,5.7,7.0,,7.9  8.2,345,518,4.0,4.9,0.00,0.92,2700,4900,4700,12000
2023,10096,RIVER GOMTI AT SULTANPUR D/S,UTTAR PRADESH,Yamuna,GOMTI,23.0,28.0,5.3,7.3,,8.0  8.2,341,530,4.2,5.8,0.82,0.94,2600,7000,4900,17000
2023,10097,RIVER GOMTI AT JAUNPUR U/S,UTTAR PRADESH,Yamuna,GOMTI,24.0,29.5,7.4,8.6,,8.0  8.4,315,478,2.4,3.3,0.52,1.20,700,1700,1100,2400
2023,1363,"RIVER RAPTI AFTER CONFL. OF R. HONIN NR. DOMINGARH RLY BRIDGE, GORAKHPUR, U.P.",UTTAR PRADESH,Yamuna,HONIN,16.0,24.0,7.8,8.4,,7.9  8.2,270,,2920  2.6,8.4,0.00,0.00,8000,16000,18000,30000
2023,4517,"RIVER RAPTI AT RAJGHAT, GORAKHPUR",UTTAR PRADESH,Yamuna,RAPTI,16.0,26.0,7.4,8.0,,7.7  8.0,360,,3960  4.2,7.7,0.00,0.00,12000,28000,28000,44000
2023,1076,"RIVER GHAGHARA NEAR CHAPRA, RIVILGANJ, MANJHI, SARAN",BIHAR,Yamuna,GHAGHARA,19.0,33.0,6.0,9.7,,7.0  8.2,159,361,1.0,2.9,0.12,0.30,1100,92000,2300,160000
2023,1355,"RIVER GHAGHARA AT TURTIPAR,DEORIA D/S, U.P.",UTTAR PRADESH,Yamuna,GHAGHARA,16.0,25.0,7.6,8.4,,7.7  8.0,330,,4120  2.6,4.0,0.00,0.00,10000,26000,22000,50000
2023,2492,"RIVER GHAGHRA AT BARHALGANJ, GORAKHPUR",UTTAR PRADESH,Yamuna,GHAGHRA,16.0,24.0,7.8,8.3,,7.8  8.2,370,392,3.4,4.2,0.00,0.00,8000,24000,18000,38000
2023,1359,"RIVER RIHAND AT RENUKUT U/S, U.P.",UTTAR PRADESH,Yamuna,RIHAND,22.0,28.5,8.5,9.8,,7.9  8.3,232,292,1.8,2.5,0.52,0.86,210,460,460,700
2023,1360,"RIVER RIHAND AT RENUKUT D/S, U.P.",UTTAR PRADESH,Yamuna,RIHAND,22.0,28.5,7.8,9.0,,7.8  8.4,248,310,2.8,3.7,0.64,1.22,1300,2700,2300,3900
2023,1143,"RIVER TONS AT CHAKGHAT, M.P.",MADHYA PRADESH,Yamuna,TONS,17.3,29.8,6.7,7.8,,7.6  8.2,236,456,1.5,1.9,0.45,1.16,2,2,46,49
2023,1144,"RIVER TONS AT MADHAVGARH, M.P.",MADHYA PRADESH,Yamuna,TONS,23.4,33.2,4.1,7.5,,7.5  8.0,461,,3212  1.7,3.4,0.00,0.00,2,16,70,120
2023,3328,"RIVER TONS AT MADHAVGARH, NEAR PHED W/S INTAKE POINT, SATNA",MADHYA PRADESH,Yamuna,TONS,22.6,33.1,4.7,7.4,,7.3  7.9,647,,2994  1.8,2.8,0.00,0.00,2,14,44,118
2023,3853,"RIVER TONS AT BASAMAN MAMA TEMPLE, NEAR PURWA FALL, TEHSIL- SEMARIYA, DIST- REWA",MADHYA PRADESH,Yamuna,TONS,19.6,31.5,6.8,7.5,,7.4  8.2,298,414,1.4,1.8,0.43,0.97,2,2,41,49
2023,4609,"RIVER TONS AT M.P-U.P BOUNDARY, BEFORE MIXING RIVER BELAN CHAKGHAT REWA",MADHYA PRADESH,Yamuna,TONS,17.6,29.5,7.1,7.3,,7.6  8.2,267,381,1.2,1.8,0.32,1.03,2,2,43,48
2023,5543,"River BeeharÂ Khthuliya Intake Well Point ,Rewa",MADHYA PRADESH,Yamuna,,24.0,29.2,7.1,8.0,,7.5  8.1,278,293,1.3,1.5,0.34,1.00,2,2,38,48
2023,4611,RIVER GAMBHIR AT DAM SITE UJJAIN,MADHYA PRADESH,Yamuna,GAMBHIR,25.0,29.0,7.0,7.8,,7.4  7.8,290,417,1.4,2.0,0.32,0.88,2,2,40,49
2023,1607,"RIVER BASLI GOHAD DAM, GOHAD, M.P",MADHYA PRADESH,Yamuna,,19.0,27.0,7.0,7.8,,7.1  7.7,400,752,1.4,2.1,0.47,2.00,4,8,22,28
2023,2120,"RIVER KALIASOT NEAR ROAD BRIDGE, MANDIDEEP",MADHYA PRADESH,Yamuna,KALIASOT,17.0,33.0,6.3,7.9,,7.2  7.9,312,668,2.2,3.0,3.48,6.48,11,63,120,430
2023,2142,"River KALISINDH NEAR ROAD BRIDGE SARANGPUR, RAJGARH",MADHYA PRADESH,Yamuna,KALISINDH,16.0,26.0,,3.5  11.4  7.1  8.3,,,285,918,1.0,3.0,,1.24  23.40,4,110,220,430
2023,4621,RIVER HATHNI NANPUR FATA DAM ALIRAJPUR,MADHYA PRADESH,Yamuna,,20.0,22.0,6.9,7.7,,7.7  8.2,338,487,1.0,1.2,0.73,1.79,2,2,41,46
2023,3125,RIVER GANDAK GOPALGANJ PIPRAKOTHI ROAD BRIDGE (DUMARIA GHAT),BIHAR,Yamuna,,18.0,31.0,7.1,9.8,,7.3  8.2,166,308,1.0,2.1,0.30,0.30,2200,92000,7000,160000
2023,2568,"RIVER GANDAK AT REWAGHAT, MUZAFFARPUR",BIHAR,Yamuna,GANDAK,18.0,31.0,6.6,9.5,,7.3  8.2,175,309,1.0,2.7,0.30,0.30,2300,54000,3300,92000
2023,10163,"RIVER GANDAK AT ROAD BRIDGE, U/S HAJIPUR, VAISHALI (BORDER OF SARAN & VAISHALI)",BIHAR,Yamuna,GANDAK,18.0,30.0,7.1,9.4,,7.2  8.2,173,272,1.0,2.4,0.30,0.30,1400,54000,2700,160000
2023,10126,"RIVER GANDAK AT KONHARA GHAT, OPPOSITE HARIHARNATH MANDIR,SONEPUR",BIHAR,Yamuna,GANDAK,17.0,30.0,7.1,8.9,,7.2  8.2,170,268,1.1,2.4,0.30,0.30,1300,92000,3300,160000
2023,1078,RIVER GANDAK AT SONEPUR NEAR HARIHARNATH TEMPLE,BIHAR,Yamuna,GANDAK,17.0,31.0,6.6,9.1,,7.2  8.3,167,264,1.0,2.6,0.30,0.30,3300,92000,4600,160000
2023,1820,"RIVER SIKRAHNA AT CHANPATIYA, NEAR CHANPATIYA ROAD BRIDGE, WEST CHAMPARAN",BIHAR,Yamuna,SIKRAHNA,17.0,36.0,2.1,9.9,,7.1  7.7,190,677,1.5,4.0,0.30,0.30,1300,54000,1700,92000
2023,2575,"RIVER SIKRAHNA AT LAL PARSA, BETIAH, EAST CHAMPARAN",BIHAR,Yamuna,SIKRAHNA,20.0,31.0,4.4,9.6,,7.1  7.8,177,392,1.4,3.0,0.30,0.30,1700,92000,2100,160000
2023,4291,"RIVER SIKRAHNA LAURIA-NARKATIAGANJ ROAD BRIDGE, WEST CHAMPARAN",BIHAR,Yamuna,,19.0,36.0,,1.7  12.3  7.3  8.0,,,207,436,1.6,7.0,0.30,0.30,1700,92000,2700,160000
2023,2562,"RIVER BURHI GANDAK AT AKHARAGHAT, MUZAFFARPUR",BIHAR,Yamuna,BURHI GANDAK,18.0,32.0,6.5,9.2,,7.3  8.1,201,456,1.0,2.6,0.30,0.33,2300,92000,3300,160000
2023,2570,"RIVER BURHI GANDAK NEAR MAGARDAHI GHAT AT SAMASTIPUR ROAD BRIDGE, SAMASTIPUR",BIHAR,Yamuna,BURHI GANDAK,22.0,38.0,6.5,9.8,,7.2  8.5,219,402,1.0,2.6,0.30,0.30,3300,92000,4900,160000
2023,3124,RIVER BURHI GANDAK U/S ROAD BRIDGE NH NEAR ZERO MILE MUZAFFARPUR,BIHAR,Yamuna,BURHI GANDAK,18.0,33.0,6.8,9.1,,7.2  8.0,198,447,1.0,2.8,0.30,0.30,1300,92000,2300,160000
2023,4295,"RIVER BURHI GANDAK AT KHAGARIA ROAD BRIDGE BEFORE CONFLUENCE WITH GANGA , KHAGARIA",BIHAR,Yamuna,BURHI GANDAK,14.0,30.0,6.8,8.9,,7.3  8.3,202,521,1.0,2.6,0.30,0.30,4900,92000,7900,160000
2023,4300,"RIVER BURHI GANDAK AT LAL BAGLA GHAT, MOTIHARI DHAKA ROAD, EAST CHAMPARAN",BIHAR,Yamuna,BURHI GANDAK,20.0,31.0,6.2,8.9,,7.3  8.0,218,398,1.0,3.0,0.30,0.30,2300,35000,4600,92000
2023,4403,"RIVER BURHI GANDAK AT BARACHAKIA, EAST CHAMPARAN",BIHAR,Yamuna,BURHI GANDAK,20.0,30.0,7.0,9.2,,7.5  8.1,180,415,1.0,2.5,0.30,0.32,2300,22000,3300,28000
2023,1822,"RIVER SIRSIYA AT RAXAUL,BIRGANJ CHECK POST ROAD BRIDGE EAST CHAMPARAN",BIHAR,Yamuna,SIRSIYA,14.0,30.0,0.3,3.9,,7.2  7.8,249,980,3.2,9.0,0.30,0.30,13000,240000,22000,540000
2023,3136,"RIVER SIRSIYA D/S RAXAUL (KOERIA TOLA), EAST CHAMPARAN",BIHAR,Yamuna,SIRSIYA,17.0,30.0,0.3,3.7,,7.2  7.8,256,987,3.0,8.0,0.30,0.30,7900,350000,17000,540000
2023,2558,"RIVER HARBORA D/S AT NARKATIAGANJ, WEST CHAMPARAN",BIHAR,Yamuna,HARBORA,16.0,35.0,,0.4  10.6  7.2  7.9,,,264,579,,1.0  14.0  0.30,,0.30,1700,92000,4900,160000
2023,3126,"RIVER HARBORA,U/S AT NARKATIAGANJ, WEST CHAMPARAN",BIHAR,Yamuna,,16.0,35.0,,5.6  11.2  7.4  7.9,,,268,450,1.0,3.0,0.12,0.30,1300,35000,4900,92000
2023,2566,RIVER KOSHI AT MADHEPURA,BIHAR,Yamuna,KOSHI,15.0,37.0,7.2,9.0,,7.3  8.3,147,296,1.0,2.5,0.30,0.30,680,92000,1400,160000
2023,3137,"RIVER KOSHI AT BEERPUR, SUPAUL",BIHAR,Yamuna,KOSHI,16.0,32.0,7.2,8.8,,7.5  8.1,193,368,1.0,2.5,0.30,0.30,130,54000,230,160000
2023,2565,RIVER KOSHI AT KURSHELA AT KATIHAR,BIHAR,Yamuna,KOSHI,16.0,29.0,7.0,9.3,,7.0  8.4,137,236,1.0,2.5,0.30,0.30,1700,92000,2200,160000
2023,1821,RIVER DAHA U/S RAJENDRA ROAD BRIDGE AT SIWAN,BIHAR,Yamuna,DAHA,17.0,32.0,1.7,6.9,,7.3  7.9,230,589,2.1,3.8,0.11,0.30,3300,92000,4900,160000
2023,2560,"RIVER DAHA D/S AT SASAMUSA, GOPALGANJ",BIHAR,Yamuna,DAHA,18.0,30.0,6.5,8.6,,7.1  8.2,262,406,1.0,2.4,0.30,0.30,4900,54000,11000,92000
2023,2561,"RIVER DAHA AT ITWA BRIDGE, GOPALGANJ",BIHAR,Yamuna,DAHA,18.0,32.0,4.8,8.2,,7.2  8.2,198,511,1.2,2.8,0.30,0.30,1300,92000,2300,160000
2023,3129,"RIVER DAHA AT MEERGANJ NEAR BADARJHIMMI BAZAR, GOPALGANJ",BIHAR,Yamuna,DAHA,17.0,32.0,5.6,7.9,,7.3  8.1,193,499,1.8,2.9,0.30,0.30,1300,35000,2300,54000
2023,4292,"RIVER DAHA U/S SASAMUSA, GOPALGANJ",BIHAR,Yamuna,DAHA,18.0,31.0,6.2,8.9,,7.3  8.1,227,435,1.0,2.9,0.30,0.30,1300,54000,2300,92000
2023,4397,"RIVER DAHA D/S AT RENUA, SIWAN",BIHAR,Yamuna,DAHA,16.0,32.0,1.0,6.7,,7.1  7.9,205,648,2.1,4.2,0.30,0.30,13000,92000,22000,160000
2023,1823,"RIVER DHOS AT SAHARGHAT, MADHUBANI",BIHAR,Yamuna,DHOS,21.0,30.0,3.5,8.5,,7.1  8.3,224,332,1.3,3.0,0.30,0.90,7900,92000,11000,160000
2023,4405,"RIVER DHOS AT MADHWAPUR, MADHUBANI",BIHAR,Yamuna,DHOS,21.0,30.0,3.0,8.3,,7.2  8.3,165,350,1.3,4.0,0.30,0.30,3300,92000,4900,160000
2023,2559,"RIVER RAMREKHA AT HARINAGAR, WEST CHAMPARAN",BIHAR,Yamuna,RAMREKHA,15.0,30.0,0.3,6.3,,6.7  7.8,283,735,2.5,8.0,0.30,0.30,2300,92000,3300,160000
2023,3130,"RIVER RAMREKHA AT U/S HARINAGAR, WEST CHAMPARAN",BIHAR,Yamuna,RAMREKHA,14.0,29.0,0.3,6.5,,7.1  7.8,263,359,2.1,8.0,0.30,0.30,7000,92000,14000,160000
2023,3132,"RIVER BAGMATI AT MUZAFFARPUR- SITAMARHI ROAD BRIDGE, SITAMARHI",BIHAR,Yamuna,BAGMATI,19.0,30.0,7.1,9.8,,7.3  8.2,236,359,1.0,2.2,0.30,0.30,170,54000,790,92000
2023,3135,"RIVER BAGMATI AT DARBHANGA, SAMASTIPUR ROAD BRIDGE, DARBHANGA",BIHAR,Yamuna,BAGMATI,21.0,30.0,5.9,9.5,,7.5  8.4,168,372,1.0,2.9,0.30,0.30,1300,35000,2400,92000
2023,2563,"RIVER MANUSMAR AT RIGA, UPHRAULIA, SITAMARHI",BIHAR,Yamuna,MANUSMAR,20.0,31.0,6.4,9.8,,7.3  8.4,230,515,1.0,2.7,0.30,0.30,2300,24000,3300,54000
2023,3131,"RIVER MANUSMAR U/S (RIGA), SITAMARHI",BIHAR,Yamuna,MANUSMAR,19.0,31.0,6.9,9.6,,7.2  8.3,226,456,1.0,2.5,0.30,0.30,1700,24000,3300,35000
2023,4402,"RIVER MANUSMAR AT PARSHURAMPUR, RIGA - BELSAND ROAD, SITAMARHI",BIHAR,Yamuna,MANUSMAR,19.0,31.0,7.5,8.9,,7.4  8.2,336,369,1.0,1.9,0.30,0.30,1300,35000,3300,92000
2023,2555,"RIVER PUNPUN NEAR PATNA FATUHA ROAD BRIDGE, FATUHA",BIHAR,Yamuna,PUNPUN,14.0,33.0,0.3,6.7,,7.0  8.0,280,925,1.8,5.0,0.30,0.30,22000,92000,28000,160000
2023,3119,"RIVER UNPUN NEAR PUNPUN ROAD BRIDGE, PUNPUN",BIHAR,Yamuna,UNPUN,13.0,29.0,7.5,8.6,,7.5  8.0,230,462,1.1,2.2,0.30,0.30,7000,35000,11000,54000
2023,3120,"RIVER PUNPUN AT KINJAR ROAD BRIDGE, JEHANABAD-ARWAL BORDER , JEHANABAD",BIHAR,Yamuna,PUNPUN,10.0,31.0,7.3,9.5,,7.5  8.4,222,365,1.0,2.6,0.30,0.30,450,28000,3300,92000
2023,4406,"RIVER PUNPUN AT OBRA, AURANGABAD",BIHAR,Yamuna,PUNPUN,13.0,29.0,7.2,8.6,,7.5  8.2,198,430,1.0,2.1,0.30,0.30,7900,92000,11000,160000
2023,4293,"RIVER KOHRA U/S RAJ GHAT, MAJHAULIA, WEST CHAMPARAN",BIHAR,Yamuna,KOHRA,20.0,32.0,,3.6  11.4  7.2  7.8,,,246,580,1.5,3.1,0.30,0.30,1300,92000,2200,160000
2023,4294,"RIVER KOHRA D/S NEAR RAILWAY BRIDGE, MAJHAULIA, WEST CHAMPARAN",BIHAR,Yamuna,KOHRA,20.0,32.0,0.3,9.7,,7.3  8.3,252,897,,1.6  20.0  0.30,,0.30,1300,92000,3300,160000
2023,4399,"RIVER HARHA AT BAGHA, LAURIYA ROAD BRIDGE",BIHAR,Yamuna,HARHA,18.0,33.0,5.1,9.8,,7.5  8.1,204,392,1.0,2.6,0.30,0.30,1100,54000,2100,92000
2023,4400,RIVER LAKHANDEI U/S SITAMARHI AT MEHANDI NAGAR,BIHAR,Yamuna,LAKHANDEI,19.0,30.0,5.2,9.4,,7.5  8.2,240,396,1.0,2.2,0.30,0.30,1300,54000,2600,160000
2023,4401,RIVER LAKHANDEI D/S SITAMARHI AT PARORI ROAD BRIDGE,BIHAR,Yamuna,LAKHANDEI,19.0,30.0,4.1,7.1,,7.5  8.1,264,461,1.5,3.5,0.30,0.30,2100,92000,7000,160000
2023,4404,"RIVER GANGI AT ARA, D/S",BIHAR,Yamuna,GANGI,18.0,29.0,1.5,6.2,,7.5  8.2,169,663,2.4,8.0,0.30,0.30,11000,92000,14000,160000
2023,1824,"RIVER PARMAR AT JOGBANI, ARARIA",BIHAR,Yamuna,PARMAR,16.0,34.0,6.4,8.5,,7.3  8.0,210,341,1.0,2.6,0.30,0.30,4900,92000,7900,160000
2023,2117,"RIVER BICHIA,GOVINDGARH ROAD BRIDGE ,NEAR INTAKE POINT,REWA",MADHYA PRADESH,Yamuna,,21.2,29.5,6.4,7.2,,7.1  8.5,258,571,1.8,2.8,0.71,1.06,2,8,63,94
2023,1433,"RIVER SANKH AT TIGRA RESERVOIR, M.P.",MADHYA PRADESH,Yamuna,SANKH,15.0,31.1,1.6,8.7,,7.2  7.7,128,620,1.1,1.8,0.40,1.20,2,6,10,24
2023,1075,"RIVER SONE AT KOILWAR, NEAR MANDIR, BHOJPUR",BIHAR,Yamuna,SONE,15.0,29.0,7.9,8.9,,7.0  8.1,133,254,1.0,2.0,0.30,0.30,490,7900,790,17000
2023,3127,"RIVER SONE AT BAHIYARA, BHOJPUR",BIHAR,Yamuna,SONE,16.0,28.0,7.6,8.8,,7.2  8.2,137,268,1.0,2.0,0.30,0.30,330,17000,490,28000
2023,4913,RIVER SONE AT ARWAL NEAR BALUGHAT (SAHAR),BIHAR,Yamuna,SONE,10.0,32.0,7.5,8.9,,7.3  8.2,166,394,1.0,2.8,0.30,0.30,130,35000,230,54000
2023,3128,"RIVER SONE AT NASIRIGANJ DAM, ROHTAS",BIHAR,Yamuna,SONE,15.0,33.0,7.5,9.2,,7.4  8.2,143,359,1.0,3.0,0.30,0.30,1300,92000,2300,160000
2023,4298,"RIVER SONE AT ROAD BRIDGE-DEHRI-ON-SONE, ROHTAS",BIHAR,Yamuna,SONE,10.0,30.0,7.5,8.9,,7.4  8.1,137,341,1.0,2.1,0.30,0.30,1100,28000,1700,35000
2023,2556,"RIVER SONE AT INDRAPURI DAM, DEHRI ON SONE, ROHTAS",BIHAR,Yamuna,SONE,14.0,31.0,7.6,9.5,,7.5  8.1,126,302,1.0,2.5,0.30,0.30,1300,17000,2300,28000
2023,4407,"RIVER SONE AT WATER INTAKE POINT BHARTIYA RAIL BIJALI CO. LTD (BRBCL) NAVINAGAR, AURANGABAD",BIHAR,Yamuna,SONE,13.0,33.0,7.5,8.5,,7.3  8.1,144,225,1.0,2.6,0.30,0.30,780,35000,2300,92000
2023,3121,"RIVER SONE AT BANJARI NEAR BANJARI NEAR SUN TEMPLE KALYANPUR, ROHTAS",BIHAR,Yamuna,SONE,15.0,30.0,7.0,9.2,,7.4  8.1,127,318,1.0,2.1,0.30,0.30,790,35000,1300,92000
2023,30081,"RIVER SONE AT ROAD BRIDGE CHOPAN,DIST-SONEBHADRA (U.P.)",UTTAR PRADESH,Yamuna,SONE,21.0,27.2,,7.0  10.7  7.3  8.3,,,200,358,1.0,1.0,0.32,0.32,2,17000,2,33000
2023,30082,"RIVER SONE UPSTREAM TOWARDS DEORA, DIST- SINGRAULI (M. P.)",MADHYA PRADESH,Yamuna,,21.5,27.3,,7.4  10.9  7.3  8.0,,,254,324,1.0,2.3,0.32,0.32,2,4500,2,7800
2023,4604,"RIVER RIVER SONE AT VILLAGE- KHAIRPUR,(KUDHERI) M.P- U.P.BOUNDARY, DISTT SIDHI",MADHYA PRADESH,Yamuna,RIVER SONE,19.6,29.1,7.0,7.5,,7.7  7.9,290,372,1.3,1.5,0.50,0.95,2,2,41,46
2023,3834,"RIVER SONE AT CHITAWAL NEAR ROAD BRIDGE CHITRANGI, DIST SINGROULI",MADHYA PRADESH,Yamuna,SONE,24.0,27.3,5.8,8.9,,7.5  8.4,265,680,1.6,7.0,0.00,3.99,2,2,50,78
2023,3836,"RIVER SONE ON KACHAN DAM NEAR IMILYA NORTH COAL MINES VILL MAJHOULI, DIST SINGROULI",MADHYA PRADESH,Yamuna,SONE ON KACHAN DAM,25.0,28.2,5.5,7.1,,7.5  7.5,255,306,1.1,1.9,0.00,0.00,,,,
2023,3851,"RIVER SONE NEAR BHANVARSEN ROAD BRIDGE AFTER CONFLUENCE OF BANAS RIVER, DIST SIDHI",MADHYA PRADESH,Yamuna,SONE,18.5,29.5,7.3,7.9,,7.7  7.9,302,332,1.2,1.6,0.44,0.64,2,2,46,70
2023,3329,"RIVER SONE AT CHURHAT,DISTT.SIDHI",MADHYA PRADESH,Yamuna,SONE,18.6,31.1,7.0,7.6,,7.8  8.0,208,326,1.0,1.8,0.45,0.83,2,18,43,49
2023,3852,"BANSAGAR CANAL AT SON RIVER, WATER SAMPLE AT BAGHWAR VILLAGE, NEAR TOL PLAZA, DIST SIDHI",MADHYA PRADESH,Yamuna,CANAL,20.0,29.3,7.1,7.8,,7.6  8.0,226,388,1.1,1.6,0.37,0.95,2,2,34,58
2023,1612,"RIVER SONE AT DEVLOAD OUT LET OF BANSAGAR DAM, M.P",MADHYA PRADESH,Yamuna,SONE,23.4,30.5,6.7,8.1,,7.2  7.9,189,378,1.0,1.5,0.32,1.12,2,2,3,50
2023,1371,"RIVER SONE AT AMLAI, M.P.",MADHYA PRADESH,Yamuna,SONE,23.5,30.4,6.6,8.1,,7.0  8.4,205,413,1.0,1.8,0.32,1.30,2,2,27,73
2023,3846,"RIVER SONE AT JARWAHI NEAR ROAD BRIDGE, SHAHDOL",MADHYA PRADESH,Yamuna,SONE,23.4,30.5,6.7,9.2,,7.2  8.2,206,,2164  1.0,1.8,0.32,0.44,2,2,31,70
2023,3327,"RIVER SONE AT BHATURAGHAT NEAR ROAD BRIDGE, AMLAI",MADHYA PRADESH,Yamuna,SONE,23.4,30.4,6.6,7.6,,6.9  8.3,204,515,1.2,1.6,0.38,1.05,2,2,41,73
2023,1142,"RIVER SONE AT CHACHAI, M.P.",MADHYA PRADESH,Yamuna,SONE,23.4,30.4,6.7,8.2,,7.3  8.2,203,426,1.0,1.7,,0.32  14.82,2,2,27,84
2023,1610,"RIVER SONE AT ORIGIN AMARKANTAK, M.P",MADHYA PRADESH,Yamuna,SONE,23.4,29.5,6.6,7.8,,6.5  8.0,136,197,1.0,1.2,0.32,0.32,2,2,2,6
2023,3835,"GOPAD AT NIGARI, SARAI DIST, SINGROULI",MADHYA PRADESH,Yamuna,GOPAD,25.0,26.0,7.0,7.1,,7.5  7.6,240,250,1.8,1.9,0.00,0.00,,,,
2023,1611,"RIVER JOHILA NEAR NAROJABAD NEAR UMARIA ROAD BRIDGE, M.P",MADHYA PRADESH,Yamuna,JOHILA,23.5,30.5,6.7,8.1,,7.2  8.1,189,447,1.0,1.6,0.32,0.50,2,2,27,73
2023,2116,RIVER BEEHAR D/S NEAR FOREST OFFICE,MADHYA PRADESH,Yamuna,BEEHAR,21.6,30.9,6.5,7.6,,7.5  8.3,269,388,1.4,2.0,0.53,1.15,2,2,43,49
2023,1608,"RIVER SINDH AT DABRA, M.P",MADHYA PRADESH,Yamuna,SINDH,18.0,24.0,7.0,8.0,,7.1  7.7,300,540,1.4,1.8,0.30,1.30,2,6,14,36
2023,3306,"RIVER CHOUPAN U/S AT VIJAYPUR , GUNA",MADHYA PRADESH,Yamuna,CHOUPAN,18.0,32.0,7.0,8.0,,7.2  7.8,290,564,1.4,2.5,0.30,2.51,2,5,22,28
2023,3307,"RIVER CHOUPAN D/S AFTER NFL NALLA, AT VIJAYPUR ,GUNA",MADHYA PRADESH,Yamuna,CHOUPAN,18.0,32.0,6.9,7.9,,7.0  8.0,290,640,1.6,2.7,0.30,2.50,2,7,18,28
2023,3311,"RIVER JAMUNI AT BARIYAGHAT U/S NEAR INTAKE POINT, TIKAMGARH",MADHYA PRADESH,Yamuna,JAMUNI,23.0,32.0,7.2,9.0,,7.6  8.1,360,415,1.0,2.1,0.34,1.18,2,2,21,48
2023,2396,RIVER JUMAR AT KANKE DAM,JHARKHAND,Yamuna,JUMAR,10.2,23.0,6.1,7.9,,7.3  7.6,,,1.2,3.9,0.00,0.00,,,,
2023,4085,"RIVER JUMAR AT BIT MESRA, RANCHI",JHARKHAND,Yamuna,JUMAR,9.0,24.0,3.8,4.9,,6.5  6.6,,,2.1,3.2,0.00,0.00,,,,
2023,2401,RIVER AJAY AT MASANJORE DAM,JHARKHAND,Yamuna,AJAY,15.0,37.0,5.7,7.2,,7.4  7.7,102,134,1.1,1.4,0.00,0.00,,,,
2023,2389,RIVER KONAR AT KONAR DAM,JHARKHAND,Yamuna,KONAR,26.0,30.5,7.2,7.8,,7.0  7.5,,,1.2,1.5,0.00,0.00,,,,
2023,2390,RIVER KONAR AT TENUGHAT DAM,JHARKHAND,Yamuna,KONAR,16.0,31.0,7.5,8.9,,7.0  7.7,,,1.0,1.9,0.00,0.00,,,,
2023,3554,"RIVER KONAR NEAR SWANG COAL WASHERY, BOKARO",JHARKHAND,Yamuna,KONAR,17.0,32.0,7.2,7.6,,7.2  7.6,,,1.0,2.6,0.00,0.00,,,,
2023,4000,RIVER GARGA NEAR TELMUCHO BRIDGE,JHARKHAND,Yamuna,GARGA,16.5,32.5,6.3,7.3,,7.2  7.5,,,1.0,3.0,0.00,0.00,,,,
2023,2381,RIVER BOKARO AT ZARANGDIH BRIDGE,JHARKHAND,Yamuna,BOKARO,18.5,34.0,7.0,7.6,,7.2  7.5,,,1.1,2.5,0.00,0.00,,,,
2023,4490,RIVER KURWA DUMKA WATER INTAKE POINT,JHARKHAND,Yamuna,,15.0,36.0,7.1,8.7,,7.4  7.6,88,220,1.0,1.3,0.00,0.00,,,,
2023,4745,RIVER KHARKHAI BEFORE MEETING SWARNREKHA RIVER,JHARKHAND,Yamuna,,15.4,36.0,6.2,8.2,,6.3  8.4,216,369,1.8,4.8,0.00,0.00,,,,
2023,4747,"RIVER KOINA RIVER, MANOHARPUR, W.S",JHARKHAND,Yamuna,,19.2,37.0,6.9,8.1,,7.2  8.3,234,481,1.2,3.1,0.00,0.00,,,,
2023,2567,RIVER KAMALA AT BENIPATTI (MADHUBANI),BIHAR,Yamuna,KAMALA,21.0,30.0,6.2,9.8,,7.1  8.4,160,365,1.0,3.0,0.30,0.30,7000,54000,11000,92000
2023,2569,"RIVER KAMALA AT GAUSAGHAT, DARBHANGA",BIHAR,Yamuna,KAMALA,14.0,29.0,2.2,7.2,,7.4  7.9,131,864,1.4,4.0,0.30,0.30,4900,92000,17000,160000
2023,3133,"RIVER KAMALA AT KAMALA GHAT NEAR BARRAGE ATJAYNAGAR , MADHUBANI",BIHAR,Yamuna,KAMALA,20.0,30.0,6.8,9.1,,7.3  8.3,222,335,1.0,2.2,0.30,0.30,3300,92000,7900,160000
2023,4299,"RIVER KAMALA (BIHAR) AT JEEWACH GHAT, DARBHANGA",BIHAR,Yamuna,,18.0,27.0,6.1,9.2,,7.1  8.3,176,511,1.0,2.6,0.30,0.30,4900,92000,7900,160000
2023,2572,"RIVER MAHANANDA AT THAKURGANJ, KISHANGANJ ROAD BRIDGE, KISHANGANJ",BIHAR,Yamuna,MAHANANDA,16.0,34.0,6.9,8.4,,7.4  8.0,105,232,1.3,2.5,0.30,0.30,130,17000,220,54000
2023,1336,"RIVER BARAKAR AT ASANSOL (WATER INTAKE POINT), BURDWAN,WEST BENGAL",WEST BENGAL,"Tributary Streams - Jumar, Ajay, Konar, Garga, Bokaro, Sankh, Barakar, Damodar, Nalkari, Surbarnrekha, Jamunia, Katri, Mathabhanga, Churni, Dwarakeshwar, Jalangi, Rupnarayan, Tarapith, Bindyadhari, Kansi, Mahananda, Silabati, Haldi And Rasulpur -",BARAKAR,22.0,34.0,7.6,8.9,,7.4  8.2,135,416,2.0,2.9,0.30,1.91,1700,3200,2100,4000
2023,2388,RIVER BARAKAR AT TILAYA DAM,JHARKHAND,"Tributary Streams - Jumar, Ajay, Konar, Garga, Bokaro, Sankh, Barakar, Damodar, Nalkari, Surbarnrekha, Jamunia, Katri, Mathabhanga, Churni, Dwarakeshwar, Jalangi, Rupnarayan, Tarapith, Bindyadhari, Kansi, Mahananda, Silabati, Haldi And Rasulpur -",BARAKAR,25.0,31.5,7.2,7.8,,7.1  7.5,,,1.1,1.8,0.00,0.00,,,,
2023,2392,RIVER BARAKAR AT MAITHAN DAM,JHARKHAND,"Tributary Streams - Jumar, Ajay, Konar, Garga, Bokaro, Sankh, Barakar, Damodar, Nalkari, Surbarnrekha, Jamunia, Katri, Mathabhanga, Churni, Dwarakeshwar, Jalangi, Rupnarayan, Tarapith, Bindyadhari, Kansi, Mahananda, Silabati, Haldi And Rasulpur -",BARAKAR,14.0,33.0,7.2,7.9,,7.3  7.6,,,1.0,2.6,0.00,0.00,,,,
2023,1331,"RIVER DAMODAR AT DISHERGARH VILL.(NR.BIHAR-WEST BENGAL BORDER) , BURDWAN,WEST BENGAL",WEST BENGAL,"Tributary Streams - Jumar, Ajay, Konar, Garga, Bokaro, Sankh, Barakar, Damodar, Nalkari, Surbarnrekha, Jamunia, Katri, Mathabhanga, Churni, Dwarakeshwar, Jalangi, Rupnarayan, Tarapith, Bindyadhari, Kansi, Mahananda, Silabati, Haldi And Rasulpur -",DAMODAR,21.0,33.0,7.6,9.0,,6.7  8.1,167,370,1.9,2.8,0.30,1.73,1400,3200,2400,4900
2023,1332,"RIVER DAMODAR AT D/S OF IISCO AFTER 3RD OUTFALL AT DHENNA VILLAGE, BURDWAN,WEST BENGAL",WEST BENGAL,"Tributary Streams - Jumar, Ajay, Konar, Garga, Bokaro, Sankh, Barakar, Damodar, Nalkari, Surbarnrekha, Jamunia, Katri, Mathabhanga, Churni, Dwarakeshwar, Jalangi, Rupnarayan, Tarapith, Bindyadhari, Kansi, Mahananda, Silabati, Haldi And Rasulpur -",DAMODAR,21.0,33.0,7.6,8.8,,7.1  8.2,193,407,2.0,2.7,0.30,1.42,1700,2700,2600,4700
2023,1333,"RIVER DAMODAR AT NARAINPUR AFTER CONFL. OF NUNIA NALLAH, BURDWAN,WEST BENGAL",WEST BENGAL,"Tributary Streams - Jumar, Ajay, Konar, Garga, Bokaro, Sankh, Barakar, Damodar, Nalkari, Surbarnrekha, Jamunia, Katri, Mathabhanga, Churni, Dwarakeshwar, Jalangi, Rupnarayan, Tarapith, Bindyadhari, Kansi, Mahananda, Silabati, Haldi And Rasulpur -",DAMODAR,21.0,34.0,7.6,8.7,,6.8  7.9,172,625,2.1,2.9,0.30,2.91,1700,3200,2100,4000
2023,1334,"RIVER DAMODAR NEAR MUJHER MANA VILLAGE AFTER CONF. OF TAMLA NALLAH, BURDWAN,WEST BENGAL",WEST BENGAL,"Tributary Streams - Jumar, Ajay, Konar, Garga, Bokaro, Sankh, Barakar, Damodar, Nalkari, Surbarnrekha, Jamunia, Katri, Mathabhanga, Churni, Dwarakeshwar, Jalangi, Rupnarayan, Tarapith, Bindyadhari, Kansi, Mahananda, Silabati, Haldi And Rasulpur -",DAMODAR,19.0,34.0,6.7,8.5,,6.9  8.2,218,481,2.2,3.8,0.30,2.48,1400,3300,1700,4000
2023,2378,RIVER DAMODAR D/S BHAIRABI AT RAJRAPPA,JHARKHAND,"Tributary Streams - Jumar, Ajay, Konar, Garga, Bokaro, Sankh, Barakar, Damodar, Nalkari, Surbarnrekha, Jamunia, Katri, Mathabhanga, Churni, Dwarakeshwar, Jalangi, Rupnarayan, Tarapith, Bindyadhari, Kansi, Mahananda, Silabati, Haldi And Rasulpur -",DAMODAR,26.0,31.0,7.4,7.8,,7.2  7.5,,,1.5,2.5,0.00,0.00,,,,
2023,2380,RIVER DAMODAR AT RAMGARH ROAD BRIDGE,JHARKHAND,"Tributary Streams - Jumar, Ajay, Konar, Garga, Bokaro, Sankh, Barakar, Damodar, Nalkari, Surbarnrekha, Jamunia, Katri, Mathabhanga, Churni, Dwarakeshwar, Jalangi, Rupnarayan, Tarapith, Bindyadhari, Kansi, Mahananda, Silabati, Haldi And Rasulpur -",DAMODAR,26.5,31.5,7.3,7.6,,7.2  7.5,,,1.5,3.3,0.00,0.00,,,,
2023,2382,RIVER DAMODAR AT PHUSRO ROAD BRIDGE,JHARKHAND,"Tributary Streams - Jumar, Ajay, Konar, Garga, Bokaro, Sankh, Barakar, Damodar, Nalkari, Surbarnrekha, Jamunia, Katri, Mathabhanga, Churni, Dwarakeshwar, Jalangi, Rupnarayan, Tarapith, Bindyadhari, Kansi, Mahananda, Silabati, Haldi And Rasulpur -",DAMODAR,16.0,34.5,7.4,8.2,,7.4  7.6,,,1.0,2.8,0.00,0.00,,,,
2023,2383,RIVER DAMODAR U/S JAMADOBA WATER WORKS,JHARKHAND,"Tributary Streams - Jumar, Ajay, Konar, Garga, Bokaro, Sankh, Barakar, Damodar, Nalkari, Surbarnrekha, Jamunia, Katri, Mathabhanga, Churni, Dwarakeshwar, Jalangi, Rupnarayan, Tarapith, Bindyadhari, Kansi, Mahananda, Silabati, Haldi And Rasulpur -",DAMODAR,19.0,34.0,7.3,7.8,,7.4  7.6,,,1.1,2.4,0.00,0.00,,,,
2023,2384,RIVER DAMODAR AT DOMGARH WATER WORKS D/S SINDRI,JHARKHAND,"Tributary Streams - Jumar, Ajay, Konar, Garga, Bokaro, Sankh, Barakar, Damodar, Nalkari, Surbarnrekha, Jamunia, Katri, Mathabhanga, Churni, Dwarakeshwar, Jalangi, Rupnarayan, Tarapith, Bindyadhari, Kansi, Mahananda, Silabati, Haldi And Rasulpur -",DAMODAR,20.0,35.5,7.4,7.6,,7.4  7.6,,,1.0,2.6,0.00,0.00,,,,
2023,2391,RIVER DAMODAR AT PANCHET DAM,JHARKHAND,"Tributary Streams - Jumar, Ajay, Konar, Garga, Bokaro, Sankh, Barakar, Damodar, Nalkari, Surbarnrekha, Jamunia, Katri, Mathabhanga, Churni, Dwarakeshwar, Jalangi, Rupnarayan, Tarapith, Bindyadhari, Kansi, Mahananda, Silabati, Haldi And Rasulpur -",DAMODAR,18.0,35.0,7.5,8.2,,7.3  7.6,,,1.0,2.5,0.00,0.00,,,,
2023,2527,"RIVER WATER INTAKE POINT FOR BURDWAN TOWN, BURDWAN",WEST BENGAL,"Tributary Streams - Jumar, Ajay, Konar, Garga, Bokaro, Sankh, Barakar, Damodar, Nalkari, Surbarnrekha, Jamunia, Katri, Mathabhanga, Churni, Dwarakeshwar, Jalangi, Rupnarayan, Tarapith, Bindyadhari, Kansi, Mahananda, Silabati, Haldi And Rasulpur -",,19.0,33.0,7.5,8.9,,6.2  8.3,213,477,2.0,2.7,0.30,1.80,1100,2600,1700,3900
2023,3553,RIVER DAMODAR NEAR TELMUCHO BRIDGE,JHARKHAND,"Tributary Streams - Jumar, Ajay, Konar, Garga, Bokaro, Sankh, Barakar, Damodar, Nalkari, Surbarnrekha, Jamunia, Katri, Mathabhanga, Churni, Dwarakeshwar, Jalangi, Rupnarayan, Tarapith, Bindyadhari, Kansi, Mahananda, Silabati, Haldi And Rasulpur -",DAMODAR,16.4,33.0,6.9,7.8,,7.4  7.7,,,1.2,2.5,0.00,0.00,,,,
2023,3555,"RIVER DAMODAR NEAR ZARANGDIH BRIDGE, BOKARO",JHARKHAND,"Tributary Streams - Jumar, Ajay, Konar, Garga, Bokaro, Sankh, Barakar, Damodar, Nalkari, Surbarnrekha, Jamunia, Katri, Mathabhanga, Churni, Dwarakeshwar, Jalangi, Rupnarayan, Tarapith, Bindyadhari, Kansi, Mahananda, Silabati, Haldi And Rasulpur -",DAMODAR,19.0,33.0,7.4,7.8,,7.5  7.6,,,1.1,2.8,0.00,0.00,,,,
2023,3556,"RIVER DAMODAR AT CONFLUENCE OF BOKARO & DAMODAR NEAR ZARANGDIH BRIDGE, BOKARO",JHARKHAND,"Tributary Streams - Jumar, Ajay, Konar, Garga, Bokaro, Sankh, Barakar, Damodar, Nalkari, Surbarnrekha, Jamunia, Katri, Mathabhanga, Churni, Dwarakeshwar, Jalangi, Rupnarayan, Tarapith, Bindyadhari, Kansi, Mahananda, Silabati, Haldi And Rasulpur -",DAMODAR,18.6,33.0,7.2,7.6,,7.2  7.5,,,1.2,2.7,0.00,0.00,,,,
2023,3557,"RIVER DAMODAR NEAR BERMO RAILWAY STATION, BOKARO",JHARKHAND,"Tributary Streams - Jumar, Ajay, Konar, Garga, Bokaro, Sankh, Barakar, Damodar, Nalkari, Surbarnrekha, Jamunia, Katri, Mathabhanga, Churni, Dwarakeshwar, Jalangi, Rupnarayan, Tarapith, Bindyadhari, Kansi, Mahananda, Silabati, Haldi And Rasulpur -",DAMODAR,17.5,35.0,7.0,7.6,,7.2  7.6,,,1.2,2.7,0.00,0.00,,,,
2023,4083,"RIVER DAMODAR NEAR ROHINI PROJECT, NK AREA, PO-DAKRA, RANCHI",JHARKHAND,"Tributary Streams - Jumar, Ajay, Konar, Garga, Bokaro, Sankh, Barakar, Damodar, Nalkari, Surbarnrekha, Jamunia, Katri, Mathabhanga, Churni, Dwarakeshwar, Jalangi, Rupnarayan, Tarapith, Bindyadhari, Kansi, Mahananda, Silabati, Haldi And Rasulpur -",DAMODAR,14.0,26.0,7.1,8.0,,6.6  7.5,,,1.8,3.3,0.00,0.00,,,,
2023,30066,RIVER DAMODAR AT SINDRI,JHARKHAND,"Tributary Streams - Jumar, Ajay, Konar, Garga, Bokaro, Sankh, Barakar, Damodar, Nalkari, Surbarnrekha, Jamunia, Katri, Mathabhanga, Churni, Dwarakeshwar, Jalangi, Rupnarayan, Tarapith, Bindyadhari, Kansi, Mahananda, Silabati, Haldi And Rasulpur -",DAMODAR,20.0,35.0,,5.2  10.8  7.3  8.5,,,304,513,1.0,4.0,0.32,0.99,2200,7900,17000,170000
2023,30065,RIVER DAMODAR AT DISHERGARH (WEST BENGAL),WEST BENGAL,"Tributary Streams - Jumar, Ajay, Konar, Garga, Bokaro, Sankh, Barakar, Damodar, Nalkari, Surbarnrekha, Jamunia, Katri, Mathabhanga, Churni, Dwarakeshwar, Jalangi, Rupnarayan, Tarapith, Bindyadhari, Kansi, Mahananda, Silabati, Haldi And Rasulpur -",DAMODAR,18.0,34.0,6.3,8.4,,7.0  8.0,185,313,1.0,1.0,0.32,0.43,490,35000,1300,540000
2023,10107,"RIVER DAMODAR AT ANDAL U/S, BURDWAN",WEST BENGAL,"Tributary Streams - Jumar, Ajay, Konar, Garga, Bokaro, Sankh, Barakar, Damodar, Nalkari, Surbarnrekha, Jamunia, Katri, Mathabhanga, Churni, Dwarakeshwar, Jalangi, Rupnarayan, Tarapith, Bindyadhari, Kansi, Mahananda, Silabati, Haldi And Rasulpur -",DAMODAR,21.0,34.0,7.5,9.0,,7.2  8.2,195,739,2.1,2.8,0.30,1.20,1400,2600,2600,4000
2023,10108,"RIVER DAMODAR AT ANDAL D/S, BURDWAN",WEST BENGAL,"Tributary Streams - Jumar, Ajay, Konar, Garga, Bokaro, Sankh, Barakar, Damodar, Nalkari, Surbarnrekha, Jamunia, Katri, Mathabhanga, Churni, Dwarakeshwar, Jalangi, Rupnarayan, Tarapith, Bindyadhari, Kansi, Mahananda, Silabati, Haldi And Rasulpur -",DAMODAR,20.0,35.0,7.6,8.9,,7.4  8.2,195,471,2.3,2.8,0.30,1.30,1700,3300,2200,4000
2023,10109,"RIVER DAMODAR AT ASANSOL U/S, BURDWAN",WEST BENGAL,"Tributary Streams - Jumar, Ajay, Konar, Garga, Bokaro, Sankh, Barakar, Damodar, Nalkari, Surbarnrekha, Jamunia, Katri, Mathabhanga, Churni, Dwarakeshwar, Jalangi, Rupnarayan, Tarapith, Bindyadhari, Kansi, Mahananda, Silabati, Haldi And Rasulpur -",DAMODAR,23.0,33.0,7.6,9.0,,7.1  8.2,159,432,1.7,2.1,0.30,1.52,1700,3200,2100,4600
2023,10110,"RIVER DAMODAR AT DURGAPUR U/S, BURDWAN",WEST BENGAL,"Tributary Streams - Jumar, Ajay, Konar, Garga, Bokaro, Sankh, Barakar, Damodar, Nalkari, Surbarnrekha, Jamunia, Katri, Mathabhanga, Churni, Dwarakeshwar, Jalangi, Rupnarayan, Tarapith, Bindyadhari, Kansi, Mahananda, Silabati, Haldi And Rasulpur -",DAMODAR,21.0,35.0,7.6,8.9,,7.5  8.4,194,475,2.3,2.9,0.30,1.04,1400,3400,2100,4700
2023,10111,"RIVER DAMODAR AT RANIGANJ D/S, BURDWAN",WEST BENGAL,"Tributary Streams - Jumar, Ajay, Konar, Garga, Bokaro, Sankh, Barakar, Damodar, Nalkari, Surbarnrekha, Jamunia, Katri, Mathabhanga, Churni, Dwarakeshwar, Jalangi, Rupnarayan, Tarapith, Bindyadhari, Kansi, Mahananda, Silabati, Haldi And Rasulpur -",DAMODAR,18.0,33.0,7.5,9.0,,7.4  8.0,227,714,2.1,2.8,0.30,2.95,1400,3300,2600,4600
2023,4738,"RIVER JAMUNIA NEAR LOHAPATTI BRIDGE, MAHUDA, DHANBAD",JHARKHAND,"Tributary Streams - Jumar, Ajay, Konar, Garga, Bokaro, Sankh, Barakar, Damodar, Nalkari, Surbarnrekha, Jamunia, Katri, Mathabhanga, Churni, Dwarakeshwar, Jalangi, Rupnarayan, Tarapith, Bindyadhari, Kansi, Mahananda, Silabati, Haldi And Rasulpur -",JAMUNIA,17.0,35.5,6.8,7.6,,7.2  7.7,,,1.5,2.9,0.00,0.00,,,,
2023,4739,"RIVER KATRI RIVER, NEAR BHATINDA FALL, AT- TETENGABAD, MOONIDIH, DHANBAD",JHARKHAND,"Tributary Streams - Jumar, Ajay, Konar, Garga, Bokaro, Sankh, Barakar, Damodar, Nalkari, Surbarnrekha, Jamunia, Katri, Mathabhanga, Churni, Dwarakeshwar, Jalangi, Rupnarayan, Tarapith, Bindyadhari, Kansi, Mahananda, Silabati, Haldi And Rasulpur -",,18.0,34.0,5.2,7.5,,7.3  7.6,,,1.2,2.4,0.00,0.00,,,,
2023,4742,"RIVER GALUDIH BARRAGE, GALUDIH, E.S",JHARKHAND,"Tributary Streams - Jumar, Ajay, Konar, Garga, Bokaro, Sankh, Barakar, Damodar, Nalkari, Surbarnrekha, Jamunia, Katri, Mathabhanga, Churni, Dwarakeshwar, Jalangi, Rupnarayan, Tarapith, Bindyadhari, Kansi, Mahananda, Silabati, Haldi And Rasulpur -",,16.0,35.0,6.9,8.2,,7.1  7.9,224,312,1.1,5.0,0.00,0.00,,,,
2023,2517,"RIVER MATHABHANGA, GOBINDAPUR, NADIA",WEST BENGAL,"Tributary Streams - Jumar, Ajay, Konar, Garga, Bokaro, Sankh, Barakar, Damodar, Nalkari, Surbarnrekha, Jamunia, Katri, Mathabhanga, Churni, Dwarakeshwar, Jalangi, Rupnarayan, Tarapith, Bindyadhari, Kansi, Mahananda, Silabati, Haldi And Rasulpur -",,19.0,39.0,1.0,5.6,,7.0  8.4,339,715,,1.7  12.8  0.30,,0.83,5400,79000,24000,130000
2023,1764,"RIVER CHURNI D/S OF RANAGHAT TOWN, WEST BENGAL",WEST BENGAL,"Tributary Streams - Jumar, Ajay, Konar, Garga, Bokaro, Sankh, Barakar, Damodar, Nalkari, Surbarnrekha, Jamunia, Katri, Mathabhanga, Churni, Dwarakeshwar, Jalangi, Rupnarayan, Tarapith, Bindyadhari, Kansi, Mahananda, Silabati, Haldi And Rasulpur -",CHURNI,18.0,36.0,1.0,3.6,,6.8  8.3,385,748,1.7,4.8,0.30,0.94,13000,130000,33000,170000
2023,2518,"RIVER CHURNI, MAJHADIA, NADIA",WEST BENGAL,"Tributary Streams - Jumar, Ajay, Konar, Garga, Bokaro, Sankh, Barakar, Damodar, Nalkari, Surbarnrekha, Jamunia, Katri, Mathabhanga, Churni, Dwarakeshwar, Jalangi, Rupnarayan, Tarapith, Bindyadhari, Kansi, Mahananda, Silabati, Haldi And Rasulpur -",,20.0,38.0,1.0,3.5,,6.8  8.3,328,769,,1.7  10.5  0.30,,0.49,3500,35000,7900,79000
2023,2541,"RIVER DWARAKESHWAR WATER INTAKE POINT FOR BANKURA TOWN ON DWARAKESHWAR, BANKURA",WEST BENGAL,"Tributary Streams - Jumar, Ajay, Konar, Garga, Bokaro, Sankh, Barakar, Damodar, Nalkari, Surbarnrekha, Jamunia, Katri, Mathabhanga, Churni, Dwarakeshwar, Jalangi, Rupnarayan, Tarapith, Bindyadhari, Kansi, Mahananda, Silabati, Haldi And Rasulpur -",,18.0,33.0,7.6,9.1,,7.5  8.2,209,445,2.2,3.5,0.30,3.17,1700,3200,2100,3900
2023,2514,"RIVER JALANGI, D/S OF KRISHNA NAGAR, NADIA",WEST BENGAL,"Tributary Streams - Jumar, Ajay, Konar, Garga, Bokaro, Sankh, Barakar, Damodar, Nalkari, Surbarnrekha, Jamunia, Katri, Mathabhanga, Churni, Dwarakeshwar, Jalangi, Rupnarayan, Tarapith, Bindyadhari, Kansi, Mahananda, Silabati, Haldi And Rasulpur -",,18.0,37.0,1.1,8.9,,7.0  8.8,263,624,1.7,4.1,0.30,0.49,700,24000,1700,35000
2023,1337,"RIVER RUPNARAYAN BEFORE CONFL. TO GANGA NEAR GEONKHALI,MEDINIPOREÂ€, WEST BENGAL",WEST BENGAL,"Tributary Streams - Jumar, Ajay, Konar, Garga, Bokaro, Sankh, Barakar, Damodar, Nalkari, Surbarnrekha, Jamunia, Katri, Mathabhanga, Churni, Dwarakeshwar, Jalangi, Rupnarayan, Tarapith, Bindyadhari, Kansi, Mahananda, Silabati, Haldi And Rasulpur -",GANGA,22.0,34.0,5.1,7.0,,7.5  8.9,416,,3945  1.0,2.9,0.30,0.97,3200,4900,6300,9400
2023,2509,"RIVER D/S OF RUPNARAYAN AT KOLAGHAT, NEAR KOLAGHAT RAIL BRIDGE NO.3,MEDINIPOREÂ€",WEST BENGAL,"Tributary Streams - Jumar, Ajay, Konar, Garga, Bokaro, Sankh, Barakar, Damodar, Nalkari, Surbarnrekha, Jamunia, Katri, Mathabhanga, Churni, Dwarakeshwar, Jalangi, Rupnarayan, Tarapith, Bindyadhari, Kansi, Mahananda, Silabati, Haldi And Rasulpur -",D/S OF RUPNARAYAN,21.0,35.0,5.0,9.7,,7.9  8.7,232,,1884  1.0,2.9,0.30,0.98,3300,4900,7000,11000
2023,2531,"RIVER U/S OF TARAPITH ON DWARKA AT SADHAK BAMDEB GHAT, BIRBHUM",WEST BENGAL,"Tributary Streams - Jumar, Ajay, Konar, Garga, Bokaro, Sankh, Barakar, Damodar, Nalkari, Surbarnrekha, Jamunia, Katri, Mathabhanga, Churni, Dwarakeshwar, Jalangi, Rupnarayan, Tarapith, Bindyadhari, Kansi, Mahananda, Silabati, Haldi And Rasulpur -",U/S OF TARAPITH ON DWARKA,21.0,32.0,,7.2  10.4  6.7  8.5,,,124,736,2.1,8.9,0.30,1.89,1700,3400,3200,4900
2023,2532,"RIVER D/S OF TARAPITH ON DWARKA, SATIGHAT",WEST BENGAL,"Tributary Streams - Jumar, Ajay, Konar, Garga, Bokaro, Sankh, Barakar, Damodar, Nalkari, Surbarnrekha, Jamunia, Katri, Mathabhanga, Churni, Dwarakeshwar, Jalangi, Rupnarayan, Tarapith, Bindyadhari, Kansi, Mahananda, Silabati, Haldi And Rasulpur -",RIVER,21.0,32.0,,6.9  10.6  6.9  8.2,,,128,972,2.6,9.8,0.30,3.50,1700,3900,2600,9400
2023,2549,"RIVER U/S OF BINDYADHARI AT HAROA BRIDGE, 24 PARGANAS(N)",WEST BENGAL,"Tributary Streams - Jumar, Ajay, Konar, Garga, Bokaro, Sankh, Barakar, Damodar, Nalkari, Surbarnrekha, Jamunia, Katri, Mathabhanga, Churni, Dwarakeshwar, Jalangi, Rupnarayan, Tarapith, Bindyadhari, Kansi, Mahananda, Silabati, Haldi And Rasulpur -",U/S OF BINDYADHARI,19.0,35.0,0.3,1.5,,7.1  7.7,601,,2379  8.5  13.0  0.73,,,3.97,32000,79000,70000,140000
2023,2550,RIVER D/S OF BIDYADHARI AT MALANCHA BURNING GHAT,WEST BENGAL,"Tributary Streams - Jumar, Ajay, Konar, Garga, Bokaro, Sankh, Barakar, Damodar, Nalkari, Surbarnrekha, Jamunia, Katri, Mathabhanga, Churni, Dwarakeshwar, Jalangi, Rupnarayan, Tarapith, Bindyadhari, Kansi, Mahananda, Silabati, Haldi And Rasulpur -",D/S OF BIDYADHARI,21.0,36.0,0.6,2.1,,7.1  7.5,,1293  20380  6.0  10.4  0.62,,,,4.09,23000,49000,63000,79000
2023,2507,"RIVER D/S OF KANSI AT MIDNAPORE, NEAR NEW HANUMAN MANDIR, GANDHIGHAT, MEDINIPORE(W)",WEST BENGAL,"Tributary Streams - Jumar, Ajay, Konar, Garga, Bokaro, Sankh, Barakar, Damodar, Nalkari, Surbarnrekha, Jamunia, Katri, Mathabhanga, Churni, Dwarakeshwar, Jalangi, Rupnarayan, Tarapith, Bindyadhari, Kansi, Mahananda, Silabati, Haldi And Rasulpur -",D/S OF KANSI,20.0,36.0,5.1,8.4,,7.2  8.8,193,636,1.2,2.9,0.30,0.54,2200,4600,4600,7900
2023,2525,"RIVER MAHANANDA D/S, RAMGHAT, DARJEELING",WEST BENGAL,"Tributary Streams - Jumar, Ajay, Konar, Garga, Bokaro, Sankh, Barakar, Damodar, Nalkari, Surbarnrekha, Jamunia, Katri, Mathabhanga, Churni, Dwarakeshwar, Jalangi, Rupnarayan, Tarapith, Bindyadhari, Kansi, Mahananda, Silabati, Haldi And Rasulpur -",MAHANANDA,18.0,30.0,2.2,5.7,,6.1  7.6,117,240,,7.0  23.5  0.30,,1.54,,110000  1400000  220000,,5000000
2023,1946,"RIVER MAHANANDA AT SILIGURI, DARJEELING",WEST BENGAL,"Tributary Streams - Jumar, Ajay, Konar, Garga, Bokaro, Sankh, Barakar, Damodar, Nalkari, Surbarnrekha, Jamunia, Katri, Mathabhanga, Churni, Dwarakeshwar, Jalangi, Rupnarayan, Tarapith, Bindyadhari, Kansi, Mahananda, Silabati, Haldi And Rasulpur -",MAHANANDA,17.0,29.0,5.9,7.9,,6.7  7.6,65,202,1.6,3.2,0.30,0.68,14000,300000,90000,900000
2023,4727,RIVER MECHI AT NEHALJOTE,WEST BENGAL,"Tributary Streams - Jumar, Ajay, Konar, Garga, Bokaro, Sankh, Barakar, Damodar, Nalkari, Surbarnrekha, Jamunia, Katri, Mathabhanga, Churni, Dwarakeshwar, Jalangi, Rupnarayan, Tarapith, Bindyadhari, Kansi, Mahananda, Silabati, Haldi And Rasulpur -",MECHI,20.0,30.0,5.3,8.0,,6.8  7.9,55,115,1.0,2.2,0.30,0.54,1300,7000,2100,28000
2023,4722,RIVER BALASON AT KHAPRAIL MORE,WEST BENGAL,"Tributary Streams - Jumar, Ajay, Konar, Garga, Bokaro, Sankh, Barakar, Damodar, Nalkari, Surbarnrekha, Jamunia, Katri, Mathabhanga, Churni, Dwarakeshwar, Jalangi, Rupnarayan, Tarapith, Bindyadhari, Kansi, Mahananda, Silabati, Haldi And Rasulpur -",BALASON,12.0,30.0,5.3,8.6,,6.1  7.9,42,103,1.0,2.5,0.30,0.63,2200,50000,11000,160000
2023,2508,"RIVER D/S OF SILABATI AT GHATAL, MEDINIPORE(W)",WEST BENGAL,"Tributary Streams - Jumar, Ajay, Konar, Garga, Bokaro, Sankh, Barakar, Damodar, Nalkari, Surbarnrekha, Jamunia, Katri, Mathabhanga, Churni, Dwarakeshwar, Jalangi, Rupnarayan, Tarapith, Bindyadhari, Kansi, Mahananda, Silabati, Haldi And Rasulpur -",D/S OF SILABATI,20.0,35.0,5.1,8.0,,7.5  8.7,194,424,1.3,2.8,0.30,1.60,3200,4900,6300,9400
2023,2534,"RIVER WATER INTAKE POINT FOR SURI TOWN ON MAYURAKSHI, BIRBHUM",WEST BENGAL,"Tributary Streams - Jumar, Ajay, Konar, Garga, Bokaro, Sankh, Barakar, Damodar, Nalkari, Surbarnrekha, Jamunia, Katri, Mathabhanga, Churni, Dwarakeshwar, Jalangi, Rupnarayan, Tarapith, Bindyadhari, Kansi, Mahananda, Silabati, Haldi And Rasulpur -",,20.0,35.0,7.5,9.1,,7.0  8.2,97,251,1.5,2.0,0.30,2.30,1400,2200,2100,3300
2023,4710,RIVER HALDI AT NORGHAT,WEST BENGAL,"Tributary Streams - Jumar, Ajay, Konar, Garga, Bokaro, Sankh, Barakar, Damodar, Nalkari, Surbarnrekha, Jamunia, Katri, Mathabhanga, Churni, Dwarakeshwar, Jalangi, Rupnarayan, Tarapith, Bindyadhari, Kansi, Mahananda, Silabati, Haldi And Rasulpur -",HALDI,20.0,34.0,5.0,7.0,,8.0  8.6,504,16200  1.1,,2.8,0.30,0.63,4000,4900,7000,11000
2023,4711,RIVER RASULPUR AT RASULPUR GHAT,WEST BENGAL,"Tributary Streams - Jumar, Ajay, Konar, Garga, Bokaro, Sankh, Barakar, Damodar, Nalkari, Surbarnrekha, Jamunia, Katri, Mathabhanga, Churni, Dwarakeshwar, Jalangi, Rupnarayan, Tarapith, Bindyadhari, Kansi, Mahananda, Silabati, Haldi And Rasulpur -",RASULPUR,21.0,35.0,5.4,6.6,,7.7  8.6,,6245  27870  1.0,,2.9,0.30,1.02,2100,4900,4900,8400
2023,2950,"RIVER BANAS AT DHANARI DAM, NEAR SWAROOPGANJ, SIROHI, RAJASTHAN",RAJASTHAN,"Tributary Streams - Jumar, Ajay, Konar, Garga, Bokaro, Sankh, Barakar, Damodar, Nalkari, Surbarnrekha, Jamunia, Katri, Mathabhanga, Churni, Dwarakeshwar, Jalangi, Rupnarayan, Tarapith, Bindyadhari, Kansi, Mahananda, Silabati, Haldi And Rasulpur -",BANAS,21.5,32.3,4.6,6.4,,7.1  8.3,358,611,1.0,4.0,1.94,3.49,2,5,2,16
2023,2951,"RIVER BANAS BISULPUR DAM, TONK, RAJASTHAN",RAJASTHAN,"Tributary Streams - Jumar, Ajay, Konar, Garga, Bokaro, Sankh, Barakar, Damodar, Nalkari, Surbarnrekha, Jamunia, Katri, Mathabhanga, Churni, Dwarakeshwar, Jalangi, Rupnarayan, Tarapith, Bindyadhari, Kansi, Mahananda, Silabati, Haldi And Rasulpur -",,18.0,32.0,5.2,6.6,,7.9  8.5,386,607,1.0,2.3,0.50,1.82,58,170,170,280
2023,4167,"RIVER BANAS AT TRIVENI SANGAM, BHILWARA",RAJASTHAN,"Tributary Streams - Jumar, Ajay, Konar, Garga, Bokaro, Sankh, Barakar, Damodar, Nalkari, Surbarnrekha, Jamunia, Katri, Mathabhanga, Churni, Dwarakeshwar, Jalangi, Rupnarayan, Tarapith, Bindyadhari, Kansi, Mahananda, Silabati, Haldi And Rasulpur -",BANAS,19.0,23.0,4.7,5.9,,7.8  8.7,499,876,1.3,2.3,1.12,3.52,130,350,220,540
2023,2952,"RIVER NEAR NEWTA DAM,JAIPUR,RAJSTHAN",RAJASTHAN,"Tributary Streams - Jumar, Ajay, Konar, Garga, Bokaro, Sankh, Barakar, Damodar, Nalkari, Surbarnrekha, Jamunia, Katri, Mathabhanga, Churni, Dwarakeshwar, Jalangi, Rupnarayan, Tarapith, Bindyadhari, Kansi, Mahananda, Silabati, Haldi And Rasulpur -",RIVER,19.0,29.0,0.6,5.2,,7.8  9.4,1434,,2440  3.6  16.0  1.12,,,5.13,70,350,430,1600
2023,4790,"RIVER PIPLADAT PIPLAD DAM, BHAWANI MANDI",RAJASTHAN,"Tributary Streams - Jumar, Ajay, Konar, Garga, Bokaro, Sankh, Barakar, Damodar, Nalkari, Surbarnrekha, Jamunia, Katri, Mathabhanga, Churni, Dwarakeshwar, Jalangi, Rupnarayan, Tarapith, Bindyadhari, Kansi, Mahananda, Silabati, Haldi And Rasulpur -",,20.0,31.0,4.2,5.8,,8.0  9.4,490,754,1.9,4.1,1.12,2.42,130,240,240,430
2023,4770,RIVER KOTHARI AT MEJA DAM BHILWARA (UPSTREAM OF KOTHARI RIVER),RAJASTHAN,"Tributary Streams - Jumar, Ajay, Konar, Garga, Bokaro, Sankh, Barakar, Damodar, Nalkari, Surbarnrekha, Jamunia, Katri, Mathabhanga, Churni, Dwarakeshwar, Jalangi, Rupnarayan, Tarapith, Bindyadhari, Kansi, Mahananda, Silabati, Haldi And Rasulpur -",KOTHARI,18.5,22.0,4.6,6.5,,7.5  9.9,237,623,1.4,2.5,0.52,1.94,110,280,280,540
2023,5468,"RIVER KOTHARI AT KOTHARI DAM, BHILWARA",RAJASTHAN,"Tributary Streams - Jumar, Ajay, Konar, Garga, Bokaro, Sankh, Barakar, Damodar, Nalkari, Surbarnrekha, Jamunia, Katri, Mathabhanga, Churni, Dwarakeshwar, Jalangi, Rupnarayan, Tarapith, Bindyadhari, Kansi, Mahananda, Silabati, Haldi And Rasulpur -",KOTHARI,20.5,23.5,4.2,5.9,,8.0  9.4,761,988,1.8,3.6,0.62,2.12,210,350,350,540
2023,4172,"RIVER BERACH AT GHOSUNDA DAM, CHITTORGARH",RAJASTHAN,"Tributary Streams - Jumar, Ajay, Konar, Garga, Bokaro, Sankh, Barakar, Damodar, Nalkari, Surbarnrekha, Jamunia, Katri, Mathabhanga, Churni, Dwarakeshwar, Jalangi, Rupnarayan, Tarapith, Bindyadhari, Kansi, Mahananda, Silabati, Haldi And Rasulpur -",BERACH,17.0,30.0,4.2,6.5,,7.1  7.7,720,,1023  2.0,2.9,1.82,2.95,110,170,170,280
2023,4175,"RIVER BERACH, NEAR HOTEL PADMINI, CHITTORGARH",RAJASTHAN,"Tributary Streams - Jumar, Ajay, Konar, Garga, Bokaro, Sankh, Barakar, Damodar, Nalkari, Surbarnrekha, Jamunia, Katri, Mathabhanga, Churni, Dwarakeshwar, Jalangi, Rupnarayan, Tarapith, Bindyadhari, Kansi, Mahananda, Silabati, Haldi And Rasulpur -",,17.0,30.0,3.2,6.2,,7.1  7.9,720,,1448  2.0,3.6,1.82,4.62,110,170,170,280
2023,4804,"RIVER BERACH NEAR VILLAGE-NAGARI, CHITTORGARH",RAJASTHAN,"Tributary Streams - Jumar, Ajay, Konar, Garga, Bokaro, Sankh, Barakar, Damodar, Nalkari, Surbarnrekha, Jamunia, Katri, Mathabhanga, Churni, Dwarakeshwar, Jalangi, Rupnarayan, Tarapith, Bindyadhari, Kansi, Mahananda, Silabati, Haldi And Rasulpur -",BERACH,16.0,30.0,4.2,6.6,,7.3  8.1,672,902,1.0,3.0,2.22,5.12,84,220,94,500
2023,4173,"RIVER GAMBHIRI AT GAMBHIRI DAM, NIMBAHERA-TEHSIL, CHITTORGARH",RAJASTHAN,"Tributary Streams - Jumar, Ajay, Konar, Garga, Bokaro, Sankh, Barakar, Damodar, Nalkari, Surbarnrekha, Jamunia, Katri, Mathabhanga, Churni, Dwarakeshwar, Jalangi, Rupnarayan, Tarapith, Bindyadhari, Kansi, Mahananda, Silabati, Haldi And Rasulpur -",GAMBHIRI,16.0,30.0,4.1,6.9,,7.1  7.9,372,682,1.0,2.2,1.82,3.69,90,170,170,300
2023,4174,"RIVER GAMBHIRI NEAR BUS STAND (OLD CITY BRIDGE), CHITTORGARH,RAJASTHAN",RAJASTHAN,"Tributary Streams - Jumar, Ajay, Konar, Garga, Bokaro, Sankh, Barakar, Damodar, Nalkari, Surbarnrekha, Jamunia, Katri, Mathabhanga, Churni, Dwarakeshwar, Jalangi, Rupnarayan, Tarapith, Bindyadhari, Kansi, Mahananda, Silabati, Haldi And Rasulpur -",GAMBHIRI,18.0,30.0,4.0,6.6,,7.1  7.9,605,945,1.9,3.5,3.19,7.01,110,220,150,350
2023,2945,"RIVER CHHAPI AT CHHAPI DAM UPSTREAM , JHALAWAR, RAJASTHAN",RAJASTHAN,"Tributary Streams - Jumar, Ajay, Konar, Garga, Bokaro, Sankh, Barakar, Damodar, Nalkari, Surbarnrekha, Jamunia, Katri, Mathabhanga, Churni, Dwarakeshwar, Jalangi, Rupnarayan, Tarapith, Bindyadhari, Kansi, Mahananda, Silabati, Haldi And Rasulpur -",CHHAPI,20.0,32.0,5.1,6.2,,7.8  8.5,229,439,1.0,2.2,0.82,2.64,110,170,210,350
2023,2946,"RIVER UJAD AT BHIM SAGAR DAM UPSTREAM , JHALAWAR, RAJASTHAN",RAJASTHAN,"Tributary Streams - Jumar, Ajay, Konar, Garga, Bokaro, Sankh, Barakar, Damodar, Nalkari, Surbarnrekha, Jamunia, Katri, Mathabhanga, Churni, Dwarakeshwar, Jalangi, Rupnarayan, Tarapith, Bindyadhari, Kansi, Mahananda, Silabati, Haldi And Rasulpur -",UJAD,20.0,32.0,4.1,5.9,,7.6  8.5,247,448,1.0,2.0,0.82,3.93,79,170,150,280
2023,1262,"RIVER BRAHMAPUTRA AT NIMATIGHAT, ASSAM",ASSAM,Brahamputra,BRAHMAPUTRA,18.0,30.0,6.3,8.4,,7.0  7.6,124,186,2.0,2.5,0.60,1.40,300,730,600,2000
2023,1526,"RIVER BRAHMPUTRA RIVER AT DHENUKHAPAHAR, ASSAM",ASSAM,Brahamputra,BRAHMPUTRA RIVER,18.0,26.0,7.0,7.7,,6.8  7.6,120,146,2.0,2.5,0.70,1.70,360,1100,910,2000
2023,1030,"RIVER BRAHMAPUTRA AT DIBRUGARH, ASSAM",ASSAM,Brahamputra,BRAHMAPUTRA,21.0,25.0,5.0,7.5,,6.8  7.5,102,152,2.0,2.7,0.70,1.60,360,1100,730,2100
2023,1031,"RIVER BRAHMAPUTRA AT PANDU, ASSAM",ASSAM,Brahamputra,BRAHMAPUTRA,19.0,30.0,6.1,8.7,,6.7  7.8,126,166,2.0,2.7,0.60,1.50,730,1100,1500,2100
2023,1299,"RIVER BRAHMAPUTRA AT JOGIGHOPA NEAR BRIDGE, ASSAM",ASSAM,Brahamputra,BRAHMAPUTRA,22.0,36.0,5.4,6.5,,7.0  7.8,146,170,2.0,2.6,0.70,2.30,360,1100,1100,2100
2023,2069,"RIVER BRAHMPUTRA NEAR WATER INTAKE POINT AT KACHARIGHAT, PANBAZAR, GUWAHATI, ASSAM",ASSAM,Brahamputra,BRAHMPUTRA,19.0,32.0,5.4,8.9,,7.2  7.9,132,214,2.1,2.6,0.60,1.80,360,1100,910,2700
2023,2064,"RIVER BRAHMAPUTRA AT CHANDRAPUR, GUWAHATI, ASSAM",ASSAM,Brahamputra,BRAHMAPUTRA,18.0,29.0,6.9,9.7,,6.8  8.0,128,178,2.0,2.6,0.60,1.70,610,2800,1500,3600
2023,2067,"RIVER BRAHMPUTRA AT SUALKUCHI, DIST. KAMRUP, ASSAM",ASSAM,Brahamputra,BRAHMPUTRA,22.0,30.0,5.0,8.2,,7.1  7.9,115,130,2.1,2.8,0.60,1.70,360,1500,1100,2100
2023,2066,"RIVER BRAHMAPUTRA AT DHUBRI, ASSAM",ASSAM,Brahamputra,BRAHMAPUTRA,20.0,34.0,5.2,5.7,,6.9  7.6,130,168,2.0,2.5,0.70,1.70,360,1100,910,2100
2023,3781,"RIVER BRAHAMPUTRA AT BOGIBEEL BRIDGE, BOGIBEEL, DIBRUGARH",ASSAM,Brahamputra,BRAHAMPUTRA,22.0,28.0,5.0,7.3,,7.0  7.4,120,146,2.0,2.5,0.60,1.40,300,910,730,2000
2023,4004,RIVER BRAHMAPUTRA AT BISWANATH GHAT,ASSAM,Brahamputra,BRAHMAPUTRA,18.0,24.0,7.0,7.3,,6.8  7.8,108,176,2.0,2.7,0.70,1.50,610,1100,1400,2100
2023,5610,RIVER BRAHMAPUTRA AT MATIA (BAHATI GHAT),ASSAM,Brahamputra,BRAHMAPUTRA,21.0,36.0,5.4,5.6,,7.0  7.3,120,130,2.0,2.3,0.70,0.90,360,1100,910,2700
2023,5612,RIVER BRAHMAPUTRA NEWR DHOLA SADIA BRIDGE,ASSAM,Brahamputra,,22.0,26.0,5.5,8.2,,6.9  7.8,98,130,2.0,2.3,0.60,0.80,730,1500,1500,2800
2023,4717,RIVER JALDHAKA AT DHUPGURI,WEST BENGAL,"Tributary Streams - Burhidihing, Dhansiri, Bharalu, Dikrong, Gai Nadi, Digaru, Digboi, Dikhow, Kaljani, Gabharu, Tocklai, Tunia, Larsing, Dhateshwari, Demow, Borsila, Barak, Dibang, Dihing, Senki, Dorika, Subansiri, Siang, Baralia, Tihu, Singra, Damring, Manda, Dikchu, Dzu, Kha Ru, Dzucha, Torsa, Beki, Bereng, Bhogdoi, Jhanji, Jia Bharali, Sankosh, Sanuo Ru, Boginadi, Rilang, Myntang, Tlawng, Tuirial, Serlui, Vaipuanpho, Tuikual, Sakhisih, Damdiai, Chite, Tuirini, Tuivawl, Lawibual, Challui, Mat, Siakah, Chhimtuipui, Tuikum, Sesah, Phe, Teirei, Tut, Tuichhuahen, Tiau, Tuipui, Nongal, Simsang, Ganol, Damring, Waikhrwi, Kwai, Teirei, Khawthlangtuipui, Ngengpui Stream, Vantawng, Sderkariah, Laitryngew, Wahkhlek Khlek, Wahrew, Umngi, Rwiang, Kalipai, Kmai Um, Lukha, Myntdu, Lamu, Lynriang, Thlu Umwi, Simsang, Teesta, Sonai, Ranganadi, Rangit, Ranichu, Kapili, Karola, Kathakal, Kharsang, Kohora, Kolong, Kundli, Kushiara, Manu, Nonbah, Kynshi, Wah Blei, Lohit, Manas, Maney Khola, Ganol Tura, Milak, Namchik, Noa Dihing, Pachin, Pagldia, Panchnoi, Poma, Yomgo And Mora -",JALDHAKA,13.0,28.0,5.8,8.5,,7.0  7.9,90,170,1.0,3.1,0.30,0.56,2200,28000,8000,35000
2023,4718,RIVER SILTORSA AT HASIMARA,WEST BENGAL,"Tributary Streams - Burhidihing, Dhansiri, Bharalu, Dikrong, Gai Nadi, Digaru, Digboi, Dikhow, Kaljani, Gabharu, Tocklai, Tunia, Larsing, Dhateshwari, Demow, Borsila, Barak, Dibang, Dihing, Senki, Dorika, Subansiri, Siang, Baralia, Tihu, Singra, Damring, Manda, Dikchu, Dzu, Kha Ru, Dzucha, Torsa, Beki, Bereng, Bhogdoi, Jhanji, Jia Bharali, Sankosh, Sanuo Ru, Boginadi, Rilang, Myntang, Tlawng, Tuirial, Serlui, Vaipuanpho, Tuikual, Sakhisih, Damdiai, Chite, Tuirini, Tuivawl, Lawibual, Challui, Mat, Siakah, Chhimtuipui, Tuikum, Sesah, Phe, Teirei, Tut, Tuichhuahen, Tiau, Tuipui, Nongal, Simsang, Ganol, Damring, Waikhrwi, Kwai, Teirei, Khawthlangtuipui, Ngengpui Stream, Vantawng, Sderkariah, Laitryngew, Wahkhlek Khlek, Wahrew, Umngi, Rwiang, Kalipai, Kmai Um, Lukha, Myntdu, Lamu, Lynriang, Thlu Umwi, Simsang, Teesta, Sonai, Ranganadi, Rangit, Ranichu, Kapili, Karola, Kathakal, Kharsang, Kohora, Kolong, Kundli, Kushiara, Manu, Nonbah, Kynshi, Wah Blei, Lohit, Manas, Maney Khola, Ganol Tura, Milak, Namchik, Noa Dihing, Pachin, Pagldia, Panchnoi, Poma, Yomgo And Mora -",SILTORSA,15.0,27.0,6.3,8.9,,7.1  7.8,74,190,1.0,2.1,0.30,0.59,2200,22000,5000,90000
2023,1422,"RIVER BURHIDIHING AT MARGHERITA, ASSAM",ASSAM,"Tributary Streams - Burhidihing, Dhansiri, Bharalu, Dikrong, Gai Nadi, Digaru, Digboi, Dikhow, Kaljani, Gabharu, Tocklai, Tunia, Larsing, Dhateshwari, Demow, Borsila, Barak, Dibang, Dihing, Senki, Dorika, Subansiri, Siang, Baralia, Tihu, Singra, Damring, Manda, Dikchu, Dzu, Kha Ru, Dzucha, Torsa, Beki, Bereng, Bhogdoi, Jhanji, Jia Bharali, Sankosh, Sanuo Ru, Boginadi, Rilang, Myntang, Tlawng, Tuirial, Serlui, Vaipuanpho, Tuikual, Sakhisih, Damdiai, Chite, Tuirini, Tuivawl, Lawibual, Challui, Mat, Siakah, Chhimtuipui, Tuikum, Sesah, Phe, Teirei, Tut, Tuichhuahen, Tiau, Tuipui, Nongal, Simsang, Ganol, Damring, Waikhrwi, Kwai, Teirei, Khawthlangtuipui, Ngengpui Stream, Vantawng, Sderkariah, Laitryngew, Wahkhlek Khlek, Wahrew, Umngi, Rwiang, Kalipai, Kmai Um, Lukha, Myntdu, Lamu, Lynriang, Thlu Umwi, Simsang, Teesta, Sonai, Ranganadi, Rangit, Ranichu, Kapili, Karola, Kathakal, Kharsang, Kohora, Kolong, Kundli, Kushiara, Manu, Nonbah, Kynshi, Wah Blei, Lohit, Manas, Maney Khola, Ganol Tura, Milak, Namchik, Noa Dihing, Pachin, Pagldia, Panchnoi, Poma, Yomgo And Mora -",BURHIDIHING,22.0,23.0,5.2,8.2,,7.0  7.9,106,148,2.0,2.5,0.60,1.40,360,730,910,1500
2023,2062,"RIVER BURHIDIHING NEAR DULIAJAN AT D/S, TINSUKIA, ASSAM",ASSAM,"Tributary Streams - Burhidihing, Dhansiri, Bharalu, Dikrong, Gai Nadi, Digaru, Digboi, Dikhow, Kaljani, Gabharu, Tocklai, Tunia, Larsing, Dhateshwari, Demow, Borsila, Barak, Dibang, Dihing, Senki, Dorika, Subansiri, Siang, Baralia, Tihu, Singra, Damring, Manda, Dikchu, Dzu, Kha Ru, Dzucha, Torsa, Beki, Bereng, Bhogdoi, Jhanji, Jia Bharali, Sankosh, Sanuo Ru, Boginadi, Rilang, Myntang, Tlawng, Tuirial, Serlui, Vaipuanpho, Tuikual, Sakhisih, Damdiai, Chite, Tuirini, Tuivawl, Lawibual, Challui, Mat, Siakah, Chhimtuipui, Tuikum, Sesah, Phe, Teirei, Tut, Tuichhuahen, Tiau, Tuipui, Nongal, Simsang, Ganol, Damring, Waikhrwi, Kwai, Teirei, Khawthlangtuipui, Ngengpui Stream, Vantawng, Sderkariah, Laitryngew, Wahkhlek Khlek, Wahrew, Umngi, Rwiang, Kalipai, Kmai Um, Lukha, Myntdu, Lamu, Lynriang, Thlu Umwi, Simsang, Teesta, Sonai, Ranganadi, Rangit, Ranichu, Kapili, Karola, Kathakal, Kharsang, Kohora, Kolong, Kundli, Kushiara, Manu, Nonbah, Kynshi, Wah Blei, Lohit, Manas, Maney Khola, Ganol Tura, Milak, Namchik, Noa Dihing, Pachin, Pagldia, Panchnoi, Poma, Yomgo And Mora -",BURHIDIHING,23.0,24.0,5.1,9.0,,6.7  7.7,128,188,2.1,2.7,0.60,1.90,720,1100,1500,2100
2023,2230,"RIVER BURHIDIHING AT DULIAJAN (INTAKE POINT OF OIL INDIA LTD.), ASSAM",ASSAM,"Tributary Streams - Burhidihing, Dhansiri, Bharalu, Dikrong, Gai Nadi, Digaru, Digboi, Dikhow, Kaljani, Gabharu, Tocklai, Tunia, Larsing, Dhateshwari, Demow, Borsila, Barak, Dibang, Dihing, Senki, Dorika, Subansiri, Siang, Baralia, Tihu, Singra, Damring, Manda, Dikchu, Dzu, Kha Ru, Dzucha, Torsa, Beki, Bereng, Bhogdoi, Jhanji, Jia Bharali, Sankosh, Sanuo Ru, Boginadi, Rilang, Myntang, Tlawng, Tuirial, Serlui, Vaipuanpho, Tuikual, Sakhisih, Damdiai, Chite, Tuirini, Tuivawl, Lawibual, Challui, Mat, Siakah, Chhimtuipui, Tuikum, Sesah, Phe, Teirei, Tut, Tuichhuahen, Tiau, Tuipui, Nongal, Simsang, Ganol, Damring, Waikhrwi, Kwai, Teirei, Khawthlangtuipui, Ngengpui Stream, Vantawng, Sderkariah, Laitryngew, Wahkhlek Khlek, Wahrew, Umngi, Rwiang, Kalipai, Kmai Um, Lukha, Myntdu, Lamu, Lynriang, Thlu Umwi, Simsang, Teesta, Sonai, Ranganadi, Rangit, Ranichu, Kapili, Karola, Kathakal, Kharsang, Kohora, Kolong, Kundli, Kushiara, Manu, Nonbah, Kynshi, Wah Blei, Lohit, Manas, Maney Khola, Ganol Tura, Milak, Namchik, Noa Dihing, Pachin, Pagldia, Panchnoi, Poma, Yomgo And Mora -",BURHIDIHING,22.0,27.0,5.0,8.0,,6.9  7.7,126,178,2.0,2.6,0.70,1.40,610,1100,1600,2800
2023,1796,RIVER DHANSIRI AT FULL NAGARJAN BRIDGE,NAGALAND,"Tributary Streams - Burhidihing, Dhansiri, Bharalu, Dikrong, Gai Nadi, Digaru, Digboi, Dikhow, Kaljani, Gabharu, Tocklai, Tunia, Larsing, Dhateshwari, Demow, Borsila, Barak, Dibang, Dihing, Senki, Dorika, Subansiri, Siang, Baralia, Tihu, Singra, Damring, Manda, Dikchu, Dzu, Kha Ru, Dzucha, Torsa, Beki, Bereng, Bhogdoi, Jhanji, Jia Bharali, Sankosh, Sanuo Ru, Boginadi, Rilang, Myntang, Tlawng, Tuirial, Serlui, Vaipuanpho, Tuikual, Sakhisih, Damdiai, Chite, Tuirini, Tuivawl, Lawibual, Challui, Mat, Siakah, Chhimtuipui, Tuikum, Sesah, Phe, Teirei, Tut, Tuichhuahen, Tiau, Tuipui, Nongal, Simsang, Ganol, Damring, Waikhrwi, Kwai, Teirei, Khawthlangtuipui, Ngengpui Stream, Vantawng, Sderkariah, Laitryngew, Wahkhlek Khlek, Wahrew, Umngi, Rwiang, Kalipai, Kmai Um, Lukha, Myntdu, Lamu, Lynriang, Thlu Umwi, Simsang, Teesta, Sonai, Ranganadi, Rangit, Ranichu, Kapili, Karola, Kathakal, Kharsang, Kohora, Kolong, Kundli, Kushiara, Manu, Nonbah, Kynshi, Wah Blei, Lohit, Manas, Maney Khola, Ganol Tura, Milak, Namchik, Noa Dihing, Pachin, Pagldia, Panchnoi, Poma, Yomgo And Mora -",DHANSIRI,20.8,33.4,6.1,7.6,,6.6  8.1,66,699,1.6,2.3,0.30,1.70,,,,
2023,1797,RIVER DHANSIRI AT BRIDGE NEAR PURANA BAZAAR,NAGALAND,"Tributary Streams - Burhidihing, Dhansiri, Bharalu, Dikrong, Gai Nadi, Digaru, Digboi, Dikhow, Kaljani, Gabharu, Tocklai, Tunia, Larsing, Dhateshwari, Demow, Borsila, Barak, Dibang, Dihing, Senki, Dorika, Subansiri, Siang, Baralia, Tihu, Singra, Damring, Manda, Dikchu, Dzu, Kha Ru, Dzucha, Torsa, Beki, Bereng, Bhogdoi, Jhanji, Jia Bharali, Sankosh, Sanuo Ru, Boginadi, Rilang, Myntang, Tlawng, Tuirial, Serlui, Vaipuanpho, Tuikual, Sakhisih, Damdiai, Chite, Tuirini, Tuivawl, Lawibual, Challui, Mat, Siakah, Chhimtuipui, Tuikum, Sesah, Phe, Teirei, Tut, Tuichhuahen, Tiau, Tuipui, Nongal, Simsang, Ganol, Damring, Waikhrwi, Kwai, Teirei, Khawthlangtuipui, Ngengpui Stream, Vantawng, Sderkariah, Laitryngew, Wahkhlek Khlek, Wahrew, Umngi, Rwiang, Kalipai, Kmai Um, Lukha, Myntdu, Lamu, Lynriang, Thlu Umwi, Simsang, Teesta, Sonai, Ranganadi, Rangit, Ranichu, Kapili, Karola, Kathakal, Kharsang, Kohora, Kolong, Kundli, Kushiara, Manu, Nonbah, Kynshi, Wah Blei, Lohit, Manas, Maney Khola, Ganol Tura, Milak, Namchik, Noa Dihing, Pachin, Pagldia, Panchnoi, Poma, Yomgo And Mora -",DHANSIRI,20.3,33.3,5.8,7.5,,6.7  8.1,74,305,1.4,2.5,0.40,2.00,,,,
2023,1800,RIVER DHANSIRI AT NOTUN BOSTI NEAR NAGA CEMETERY (OLD),NAGALAND,"Tributary Streams - Burhidihing, Dhansiri, Bharalu, Dikrong, Gai Nadi, Digaru, Digboi, Dikhow, Kaljani, Gabharu, Tocklai, Tunia, Larsing, Dhateshwari, Demow, Borsila, Barak, Dibang, Dihing, Senki, Dorika, Subansiri, Siang, Baralia, Tihu, Singra, Damring, Manda, Dikchu, Dzu, Kha Ru, Dzucha, Torsa, Beki, Bereng, Bhogdoi, Jhanji, Jia Bharali, Sankosh, Sanuo Ru, Boginadi, Rilang, Myntang, Tlawng, Tuirial, Serlui, Vaipuanpho, Tuikual, Sakhisih, Damdiai, Chite, Tuirini, Tuivawl, Lawibual, Challui, Mat, Siakah, Chhimtuipui, Tuikum, Sesah, Phe, Teirei, Tut, Tuichhuahen, Tiau, Tuipui, Nongal, Simsang, Ganol, Damring, Waikhrwi, Kwai, Teirei, Khawthlangtuipui, Ngengpui Stream, Vantawng, Sderkariah, Laitryngew, Wahkhlek Khlek, Wahrew, Umngi, Rwiang, Kalipai, Kmai Um, Lukha, Myntdu, Lamu, Lynriang, Thlu Umwi, Simsang, Teesta, Sonai, Ranganadi, Rangit, Ranichu, Kapili, Karola, Kathakal, Kharsang, Kohora, Kolong, Kundli, Kushiara, Manu, Nonbah, Kynshi, Wah Blei, Lohit, Manas, Maney Khola, Ganol Tura, Milak, Namchik, Noa Dihing, Pachin, Pagldia, Panchnoi, Poma, Yomgo And Mora -",DHANSIRI,17.8,30.7,2.8,5.6,,7.0  8.0,154,502,2.5,4.8,0.30,4.50,,,,
2023,1798,"RIVER DHANSIRI AT KUSHIABILL , NEAR KACHARI LOCAL GROUND",NAGALAND,"Tributary Streams - Burhidihing, Dhansiri, Bharalu, Dikrong, Gai Nadi, Digaru, Digboi, Dikhow, Kaljani, Gabharu, Tocklai, Tunia, Larsing, Dhateshwari, Demow, Borsila, Barak, Dibang, Dihing, Senki, Dorika, Subansiri, Siang, Baralia, Tihu, Singra, Damring, Manda, Dikchu, Dzu, Kha Ru, Dzucha, Torsa, Beki, Bereng, Bhogdoi, Jhanji, Jia Bharali, Sankosh, Sanuo Ru, Boginadi, Rilang, Myntang, Tlawng, Tuirial, Serlui, Vaipuanpho, Tuikual, Sakhisih, Damdiai, Chite, Tuirini, Tuivawl, Lawibual, Challui, Mat, Siakah, Chhimtuipui, Tuikum, Sesah, Phe, Teirei, Tut, Tuichhuahen, Tiau, Tuipui, Nongal, Simsang, Ganol, Damring, Waikhrwi, Kwai, Teirei, Khawthlangtuipui, Ngengpui Stream, Vantawng, Sderkariah, Laitryngew, Wahkhlek Khlek, Wahrew, Umngi, Rwiang, Kalipai, Kmai Um, Lukha, Myntdu, Lamu, Lynriang, Thlu Umwi, Simsang, Teesta, Sonai, Ranganadi, Rangit, Ranichu, Kapili, Karola, Kathakal, Kharsang, Kohora, Kolong, Kundli, Kushiara, Manu, Nonbah, Kynshi, Wah Blei, Lohit, Manas, Maney Khola, Ganol Tura, Milak, Namchik, Noa Dihing, Pachin, Pagldia, Panchnoi, Poma, Yomgo And Mora -",DHANSIRI,21.4,34.3,5.6,8.5,,6.8  8.1,85,279,1.5,2.4,0.40,1.40,,,,
2023,1799,RIVER DHANSIRI AT TOWN BOUNDARY BRIDGE (DIPHU ROAD),NAGALAND,"Tributary Streams - Burhidihing, Dhansiri, Bharalu, Dikrong, Gai Nadi, Digaru, Digboi, Dikhow, Kaljani, Gabharu, Tocklai, Tunia, Larsing, Dhateshwari, Demow, Borsila, Barak, Dibang, Dihing, Senki, Dorika, Subansiri, Siang, Baralia, Tihu, Singra, Damring, Manda, Dikchu, Dzu, Kha Ru, Dzucha, Torsa, Beki, Bereng, Bhogdoi, Jhanji, Jia Bharali, Sankosh, Sanuo Ru, Boginadi, Rilang, Myntang, Tlawng, Tuirial, Serlui, Vaipuanpho, Tuikual, Sakhisih, Damdiai, Chite, Tuirini, Tuivawl, Lawibual, Challui, Mat, Siakah, Chhimtuipui, Tuikum, Sesah, Phe, Teirei, Tut, Tuichhuahen, Tiau, Tuipui, Nongal, Simsang, Ganol, Damring, Waikhrwi, Kwai, Teirei, Khawthlangtuipui, Ngengpui Stream, Vantawng, Sderkariah, Laitryngew, Wahkhlek Khlek, Wahrew, Umngi, Rwiang, Kalipai, Kmai Um, Lukha, Myntdu, Lamu, Lynriang, Thlu Umwi, Simsang, Teesta, Sonai, Ranganadi, Rangit, Ranichu, Kapili, Karola, Kathakal, Kharsang, Kohora, Kolong, Kundli, Kushiara, Manu, Nonbah, Kynshi, Wah Blei, Lohit, Manas, Maney Khola, Ganol Tura, Milak, Namchik, Noa Dihing, Pachin, Pagldia, Panchnoi, Poma, Yomgo And Mora -",DHANSIRI,16.0,31.9,5.1,6.3,,6.7  8.2,76,260,1.7,2.8,0.50,2.50,,,,
2023,1928,RIVER DHANSIRI NEAR NAGALAND- ASSAM BORDER,NAGALAND,"Tributary Streams - Burhidihing, Dhansiri, Bharalu, Dikrong, Gai Nadi, Digaru, Digboi, Dikhow, Kaljani, Gabharu, Tocklai, Tunia, Larsing, Dhateshwari, Demow, Borsila, Barak, Dibang, Dihing, Senki, Dorika, Subansiri, Siang, Baralia, Tihu, Singra, Damring, Manda, Dikchu, Dzu, Kha Ru, Dzucha, Torsa, Beki, Bereng, Bhogdoi, Jhanji, Jia Bharali, Sankosh, Sanuo Ru, Boginadi, Rilang, Myntang, Tlawng, Tuirial, Serlui, Vaipuanpho, Tuikual, Sakhisih, Damdiai, Chite, Tuirini, Tuivawl, Lawibual, Challui, Mat, Siakah, Chhimtuipui, Tuikum, Sesah, Phe, Teirei, Tut, Tuichhuahen, Tiau, Tuipui, Nongal, Simsang, Ganol, Damring, Waikhrwi, Kwai, Teirei, Khawthlangtuipui, Ngengpui Stream, Vantawng, Sderkariah, Laitryngew, Wahkhlek Khlek, Wahrew, Umngi, Rwiang, Kalipai, Kmai Um, Lukha, Myntdu, Lamu, Lynriang, Thlu Umwi, Simsang, Teesta, Sonai, Ranganadi, Rangit, Ranichu, Kapili, Karola, Kathakal, Kharsang, Kohora, Kolong, Kundli, Kushiara, Manu, Nonbah, Kynshi, Wah Blei, Lohit, Manas, Maney Khola, Ganol Tura, Milak, Namchik, Noa Dihing, Pachin, Pagldia, Panchnoi, Poma, Yomgo And Mora -",DHANSIRI,18.6,33.3,5.9,6.8,,7.2  7.7,76,900,1.2,2.4,0.30,2.40,,,,
2023,1259,"RIVER DHANSIRI AT GOLAGHAT, ASSAM",ASSAM,"Tributary Streams - Burhidihing, Dhansiri, Bharalu, Dikrong, Gai Nadi, Digaru, Digboi, Dikhow, Kaljani, Gabharu, Tocklai, Tunia, Larsing, Dhateshwari, Demow, Borsila, Barak, Dibang, Dihing, Senki, Dorika, Subansiri, Siang, Baralia, Tihu, Singra, Damring, Manda, Dikchu, Dzu, Kha Ru, Dzucha, Torsa, Beki, Bereng, Bhogdoi, Jhanji, Jia Bharali, Sankosh, Sanuo Ru, Boginadi, Rilang, Myntang, Tlawng, Tuirial, Serlui, Vaipuanpho, Tuikual, Sakhisih, Damdiai, Chite, Tuirini, Tuivawl, Lawibual, Challui, Mat, Siakah, Chhimtuipui, Tuikum, Sesah, Phe, Teirei, Tut, Tuichhuahen, Tiau, Tuipui, Nongal, Simsang, Ganol, Damring, Waikhrwi, Kwai, Teirei, Khawthlangtuipui, Ngengpui Stream, Vantawng, Sderkariah, Laitryngew, Wahkhlek Khlek, Wahrew, Umngi, Rwiang, Kalipai, Kmai Um, Lukha, Myntdu, Lamu, Lynriang, Thlu Umwi, Simsang, Teesta, Sonai, Ranganadi, Rangit, Ranichu, Kapili, Karola, Kathakal, Kharsang, Kohora, Kolong, Kundli, Kushiara, Manu, Nonbah, Kynshi, Wah Blei, Lohit, Manas, Maney Khola, Ganol Tura, Milak, Namchik, Noa Dihing, Pachin, Pagldia, Panchnoi, Poma, Yomgo And Mora -",DHANSIRI,21.0,32.0,,5.0  10.5  7.0  7.9,,,136,172,2.0,2.6,0.70,2.00,300,940,720,2000
2023,3764,"RIVER DHANSIRI NEAR BRIDGE AT NH-15, DHANSIRI BHALUKMARI JUNGLE, UDALGURI",ASSAM,"Tributary Streams - Burhidihing, Dhansiri, Bharalu, Dikrong, Gai Nadi, Digaru, Digboi, Dikhow, Kaljani, Gabharu, Tocklai, Tunia, Larsing, Dhateshwari, Demow, Borsila, Barak, Dibang, Dihing, Senki, Dorika, Subansiri, Siang, Baralia, Tihu, Singra, Damring, Manda, Dikchu, Dzu, Kha Ru, Dzucha, Torsa, Beki, Bereng, Bhogdoi, Jhanji, Jia Bharali, Sankosh, Sanuo Ru, Boginadi, Rilang, Myntang, Tlawng, Tuirial, Serlui, Vaipuanpho, Tuikual, Sakhisih, Damdiai, Chite, Tuirini, Tuivawl, Lawibual, Challui, Mat, Siakah, Chhimtuipui, Tuikum, Sesah, Phe, Teirei, Tut, Tuichhuahen, Tiau, Tuipui, Nongal, Simsang, Ganol, Damring, Waikhrwi, Kwai, Teirei, Khawthlangtuipui, Ngengpui Stream, Vantawng, Sderkariah, Laitryngew, Wahkhlek Khlek, Wahrew, Umngi, Rwiang, Kalipai, Kmai Um, Lukha, Myntdu, Lamu, Lynriang, Thlu Umwi, Simsang, Teesta, Sonai, Ranganadi, Rangit, Ranichu, Kapili, Karola, Kathakal, Kharsang, Kohora, Kolong, Kundli, Kushiara, Manu, Nonbah, Kynshi, Wah Blei, Lohit, Manas, Maney Khola, Ganol Tura, Milak, Namchik, Noa Dihing, Pachin, Pagldia, Panchnoi, Poma, Yomgo And Mora -",DHANSIRI,18.0,30.0,5.6,6.4,,6.9  7.6,112,136,1.9,2.4,0.70,1.80,300,730,730,1500
2023,3792,RIVER DHANSIRI AT JAHAIGHAT,ASSAM,"Tributary Streams - Burhidihing, Dhansiri, Bharalu, Dikrong, Gai Nadi, Digaru, Digboi, Dikhow, Kaljani, Gabharu, Tocklai, Tunia, Larsing, Dhateshwari, Demow, Borsila, Barak, Dibang, Dihing, Senki, Dorika, Subansiri, Siang, Baralia, Tihu, Singra, Damring, Manda, Dikchu, Dzu, Kha Ru, Dzucha, Torsa, Beki, Bereng, Bhogdoi, Jhanji, Jia Bharali, Sankosh, Sanuo Ru, Boginadi, Rilang, Myntang, Tlawng, Tuirial, Serlui, Vaipuanpho, Tuikual, Sakhisih, Damdiai, Chite, Tuirini, Tuivawl, Lawibual, Challui, Mat, Siakah, Chhimtuipui, Tuikum, Sesah, Phe, Teirei, Tut, Tuichhuahen, Tiau, Tuipui, Nongal, Simsang, Ganol, Damring, Waikhrwi, Kwai, Teirei, Khawthlangtuipui, Ngengpui Stream, Vantawng, Sderkariah, Laitryngew, Wahkhlek Khlek, Wahrew, Umngi, Rwiang, Kalipai, Kmai Um, Lukha, Myntdu, Lamu, Lynriang, Thlu Umwi, Simsang, Teesta, Sonai, Ranganadi, Rangit, Ranichu, Kapili, Karola, Kathakal, Kharsang, Kohora, Kolong, Kundli, Kushiara, Manu, Nonbah, Kynshi, Wah Blei, Lohit, Manas, Maney Khola, Ganol Tura, Milak, Namchik, Noa Dihing, Pachin, Pagldia, Panchnoi, Poma, Yomgo And Mora -",DHANSIRI,21.0,32.0,5.6,9.5,,6.8  7.4,122,154,2.0,2.5,0.60,1.70,360,1400,910,2100
2023,30070,RIVER DHANSIRI AT GANESH NAGAR,NAGALAND,"Tributary Streams - Burhidihing, Dhansiri, Bharalu, Dikrong, Gai Nadi, Digaru, Digboi, Dikhow, Kaljani, Gabharu, Tocklai, Tunia, Larsing, Dhateshwari, Demow, Borsila, Barak, Dibang, Dihing, Senki, Dorika, Subansiri, Siang, Baralia, Tihu, Singra, Damring, Manda, Dikchu, Dzu, Kha Ru, Dzucha, Torsa, Beki, Bereng, Bhogdoi, Jhanji, Jia Bharali, Sankosh, Sanuo Ru, Boginadi, Rilang, Myntang, Tlawng, Tuirial, Serlui, Vaipuanpho, Tuikual, Sakhisih, Damdiai, Chite, Tuirini, Tuivawl, Lawibual, Challui, Mat, Siakah, Chhimtuipui, Tuikum, Sesah, Phe, Teirei, Tut, Tuichhuahen, Tiau, Tuipui, Nongal, Simsang, Ganol, Damring, Waikhrwi, Kwai, Teirei, Khawthlangtuipui, Ngengpui Stream, Vantawng, Sderkariah, Laitryngew, Wahkhlek Khlek, Wahrew, Umngi, Rwiang, Kalipai, Kmai Um, Lukha, Myntdu, Lamu, Lynriang, Thlu Umwi, Simsang, Teesta, Sonai, Ranganadi, Rangit, Ranichu, Kapili, Karola, Kathakal, Kharsang, Kohora, Kolong, Kundli, Kushiara, Manu, Nonbah, Kynshi, Wah Blei, Lohit, Manas, Maney Khola, Ganol Tura, Milak, Namchik, Noa Dihing, Pachin, Pagldia, Panchnoi, Poma, Yomgo And Mora -",DHANSIRI,20.1,31.7,7.0,9.6,,7.7  7.9,119,236,1.0,9.0,0.32,0.33,2,2,2,20
2023,30071,RIVER DHANSIRI AT NAGARJAN BRIDGE,NAGALAND,"Tributary Streams - Burhidihing, Dhansiri, Bharalu, Dikrong, Gai Nadi, Digaru, Digboi, Dikhow, Kaljani, Gabharu, Tocklai, Tunia, Larsing, Dhateshwari, Demow, Borsila, Barak, Dibang, Dihing, Senki, Dorika, Subansiri, Siang, Baralia, Tihu, Singra, Damring, Manda, Dikchu, Dzu, Kha Ru, Dzucha, Torsa, Beki, Bereng, Bhogdoi, Jhanji, Jia Bharali, Sankosh, Sanuo Ru, Boginadi, Rilang, Myntang, Tlawng, Tuirial, Serlui, Vaipuanpho, Tuikual, Sakhisih, Damdiai, Chite, Tuirini, Tuivawl, Lawibual, Challui, Mat, Siakah, Chhimtuipui, Tuikum, Sesah, Phe, Teirei, Tut, Tuichhuahen, Tiau, Tuipui, Nongal, Simsang, Ganol, Damring, Waikhrwi, Kwai, Teirei, Khawthlangtuipui, Ngengpui Stream, Vantawng, Sderkariah, Laitryngew, Wahkhlek Khlek, Wahrew, Umngi, Rwiang, Kalipai, Kmai Um, Lukha, Myntdu, Lamu, Lynriang, Thlu Umwi, Simsang, Teesta, Sonai, Ranganadi, Rangit, Ranichu, Kapili, Karola, Kathakal, Kharsang, Kohora, Kolong, Kundli, Kushiara, Manu, Nonbah, Kynshi, Wah Blei, Lohit, Manas, Maney Khola, Ganol Tura, Milak, Namchik, Noa Dihing, Pachin, Pagldia, Panchnoi, Poma, Yomgo And Mora -",DHANSIRI,19.1,32.0,,6.3  11.1  7.5  8.0,,,123,195,1.1,2.9,0.32,0.34,2,4000,2,56000
2023,30072,RIVER DHANSIRI AT KHATKATI GATE,NAGALAND,"Tributary Streams - Burhidihing, Dhansiri, Bharalu, Dikrong, Gai Nadi, Digaru, Digboi, Dikhow, Kaljani, Gabharu, Tocklai, Tunia, Larsing, Dhateshwari, Demow, Borsila, Barak, Dibang, Dihing, Senki, Dorika, Subansiri, Siang, Baralia, Tihu, Singra, Damring, Manda, Dikchu, Dzu, Kha Ru, Dzucha, Torsa, Beki, Bereng, Bhogdoi, Jhanji, Jia Bharali, Sankosh, Sanuo Ru, Boginadi, Rilang, Myntang, Tlawng, Tuirial, Serlui, Vaipuanpho, Tuikual, Sakhisih, Damdiai, Chite, Tuirini, Tuivawl, Lawibual, Challui, Mat, Siakah, Chhimtuipui, Tuikum, Sesah, Phe, Teirei, Tut, Tuichhuahen, Tiau, Tuipui, Nongal, Simsang, Ganol, Damring, Waikhrwi, Kwai, Teirei, Khawthlangtuipui, Ngengpui Stream, Vantawng, Sderkariah, Laitryngew, Wahkhlek Khlek, Wahrew, Umngi, Rwiang, Kalipai, Kmai Um, Lukha, Myntdu, Lamu, Lynriang, Thlu Umwi, Simsang, Teesta, Sonai, Ranganadi, Rangit, Ranichu, Kapili, Karola, Kathakal, Kharsang, Kohora, Kolong, Kundli, Kushiara, Manu, Nonbah, Kynshi, Wah Blei, Lohit, Manas, Maney Khola, Ganol Tura, Milak, Namchik, Noa Dihing, Pachin, Pagldia, Panchnoi, Poma, Yomgo And Mora -",DHANSIRI,18.0,32.7,5.4,7.9,,7.2  7.6,128,250,1.5,3.4,0.32,1.00,2,7500,2,312000
2023,30073,RIVER DHANSIRI AT BOKAJAN,ASSAM,"Tributary Streams - Burhidihing, Dhansiri, Bharalu, Dikrong, Gai Nadi, Digaru, Digboi, Dikhow, Kaljani, Gabharu, Tocklai, Tunia, Larsing, Dhateshwari, Demow, Borsila, Barak, Dibang, Dihing, Senki, Dorika, Subansiri, Siang, Baralia, Tihu, Singra, Damring, Manda, Dikchu, Dzu, Kha Ru, Dzucha, Torsa, Beki, Bereng, Bhogdoi, Jhanji, Jia Bharali, Sankosh, Sanuo Ru, Boginadi, Rilang, Myntang, Tlawng, Tuirial, Serlui, Vaipuanpho, Tuikual, Sakhisih, Damdiai, Chite, Tuirini, Tuivawl, Lawibual, Challui, Mat, Siakah, Chhimtuipui, Tuikum, Sesah, Phe, Teirei, Tut, Tuichhuahen, Tiau, Tuipui, Nongal, Simsang, Ganol, Damring, Waikhrwi, Kwai, Teirei, Khawthlangtuipui, Ngengpui Stream, Vantawng, Sderkariah, Laitryngew, Wahkhlek Khlek, Wahrew, Umngi, Rwiang, Kalipai, Kmai Um, Lukha, Myntdu, Lamu, Lynriang, Thlu Umwi, Simsang, Teesta, Sonai, Ranganadi, Rangit, Ranichu, Kapili, Karola, Kathakal, Kharsang, Kohora, Kolong, Kundli, Kushiara, Manu, Nonbah, Kynshi, Wah Blei, Lohit, Manas, Maney Khola, Ganol Tura, Milak, Namchik, Noa Dihing, Pachin, Pagldia, Panchnoi, Poma, Yomgo And Mora -",DHANSIRI,18.5,33.6,5.9,9.4,,7.3  7.6,130,239,1.6,4.3,0.32,1.08,2,8000,2,92000
2023,30074,RIVER DHANSIRI AT NUMALIGARH,ASSAM,"Tributary Streams - Burhidihing, Dhansiri, Bharalu, Dikrong, Gai Nadi, Digaru, Digboi, Dikhow, Kaljani, Gabharu, Tocklai, Tunia, Larsing, Dhateshwari, Demow, Borsila, Barak, Dibang, Dihing, Senki, Dorika, Subansiri, Siang, Baralia, Tihu, Singra, Damring, Manda, Dikchu, Dzu, Kha Ru, Dzucha, Torsa, Beki, Bereng, Bhogdoi, Jhanji, Jia Bharali, Sankosh, Sanuo Ru, Boginadi, Rilang, Myntang, Tlawng, Tuirial, Serlui, Vaipuanpho, Tuikual, Sakhisih, Damdiai, Chite, Tuirini, Tuivawl, Lawibual, Challui, Mat, Siakah, Chhimtuipui, Tuikum, Sesah, Phe, Teirei, Tut, Tuichhuahen, Tiau, Tuipui, Nongal, Simsang, Ganol, Damring, Waikhrwi, Kwai, Teirei, Khawthlangtuipui, Ngengpui Stream, Vantawng, Sderkariah, Laitryngew, Wahkhlek Khlek, Wahrew, Umngi, Rwiang, Kalipai, Kmai Um, Lukha, Myntdu, Lamu, Lynriang, Thlu Umwi, Simsang, Teesta, Sonai, Ranganadi, Rangit, Ranichu, Kapili, Karola, Kathakal, Kharsang, Kohora, Kolong, Kundli, Kushiara, Manu, Nonbah, Kynshi, Wah Blei, Lohit, Manas, Maney Khola, Ganol Tura, Milak, Namchik, Noa Dihing, Pachin, Pagldia, Panchnoi, Poma, Yomgo And Mora -",DHANSIRI,19.1,32.2,6.6,9.6,,7.4  7.6,124,,1021  1.1,2.1,0.32,1.10,2,19000,2,396000
2023,1528,"RIVER BHARALU AT GUWAHATI, ASSAM",ASSAM,"Tributary Streams - Burhidihing, Dhansiri, Bharalu, Dikrong, Gai Nadi, Digaru, Digboi, Dikhow, Kaljani, Gabharu, Tocklai, Tunia, Larsing, Dhateshwari, Demow, Borsila, Barak, Dibang, Dihing, Senki, Dorika, Subansiri, Siang, Baralia, Tihu, Singra, Damring, Manda, Dikchu, Dzu, Kha Ru, Dzucha, Torsa, Beki, Bereng, Bhogdoi, Jhanji, Jia Bharali, Sankosh, Sanuo Ru, Boginadi, Rilang, Myntang, Tlawng, Tuirial, Serlui, Vaipuanpho, Tuikual, Sakhisih, Damdiai, Chite, Tuirini, Tuivawl, Lawibual, Challui, Mat, Siakah, Chhimtuipui, Tuikum, Sesah, Phe, Teirei, Tut, Tuichhuahen, Tiau, Tuipui, Nongal, Simsang, Ganol, Damring, Waikhrwi, Kwai, Teirei, Khawthlangtuipui, Ngengpui Stream, Vantawng, Sderkariah, Laitryngew, Wahkhlek Khlek, Wahrew, Umngi, Rwiang, Kalipai, Kmai Um, Lukha, Myntdu, Lamu, Lynriang, Thlu Umwi, Simsang, Teesta, Sonai, Ranganadi, Rangit, Ranichu, Kapili, Karola, Kathakal, Kharsang, Kohora, Kolong, Kundli, Kushiara, Manu, Nonbah, Kynshi, Wah Blei, Lohit, Manas, Maney Khola, Ganol Tura, Milak, Namchik, Noa Dihing, Pachin, Pagldia, Panchnoi, Poma, Yomgo And Mora -",BHARALU,21.0,36.0,0.3,1.0,,6.9  7.6,520,,610  30.8  37.9  2.00,,,3.80,2300,2900,4200,5300
2023,3786,"RIVER GAI NADI AT SOMARAJAN, DHEMAJI",ASSAM,"Tributary Streams - Burhidihing, Dhansiri, Bharalu, Dikrong, Gai Nadi, Digaru, Digboi, Dikhow, Kaljani, Gabharu, Tocklai, Tunia, Larsing, Dhateshwari, Demow, Borsila, Barak, Dibang, Dihing, Senki, Dorika, Subansiri, Siang, Baralia, Tihu, Singra, Damring, Manda, Dikchu, Dzu, Kha Ru, Dzucha, Torsa, Beki, Bereng, Bhogdoi, Jhanji, Jia Bharali, Sankosh, Sanuo Ru, Boginadi, Rilang, Myntang, Tlawng, Tuirial, Serlui, Vaipuanpho, Tuikual, Sakhisih, Damdiai, Chite, Tuirini, Tuivawl, Lawibual, Challui, Mat, Siakah, Chhimtuipui, Tuikum, Sesah, Phe, Teirei, Tut, Tuichhuahen, Tiau, Tuipui, Nongal, Simsang, Ganol, Damring, Waikhrwi, Kwai, Teirei, Khawthlangtuipui, Ngengpui Stream, Vantawng, Sderkariah, Laitryngew, Wahkhlek Khlek, Wahrew, Umngi, Rwiang, Kalipai, Kmai Um, Lukha, Myntdu, Lamu, Lynriang, Thlu Umwi, Simsang, Teesta, Sonai, Ranganadi, Rangit, Ranichu, Kapili, Karola, Kathakal, Kharsang, Kohora, Kolong, Kundli, Kushiara, Manu, Nonbah, Kynshi, Wah Blei, Lohit, Manas, Maney Khola, Ganol Tura, Milak, Namchik, Noa Dihing, Pachin, Pagldia, Panchnoi, Poma, Yomgo And Mora -",GAI NADI,22.0,24.0,5.2,7.8,,6.9  7.8,140,174,2.0,2.6,0.60,1.00,360,720,910,1400
2023,3807,RIVER DIGARU AT NH CROSSING,ASSAM,"Tributary Streams - Burhidihing, Dhansiri, Bharalu, Dikrong, Gai Nadi, Digaru, Digboi, Dikhow, Kaljani, Gabharu, Tocklai, Tunia, Larsing, Dhateshwari, Demow, Borsila, Barak, Dibang, Dihing, Senki, Dorika, Subansiri, Siang, Baralia, Tihu, Singra, Damring, Manda, Dikchu, Dzu, Kha Ru, Dzucha, Torsa, Beki, Bereng, Bhogdoi, Jhanji, Jia Bharali, Sankosh, Sanuo Ru, Boginadi, Rilang, Myntang, Tlawng, Tuirial, Serlui, Vaipuanpho, Tuikual, Sakhisih, Damdiai, Chite, Tuirini, Tuivawl, Lawibual, Challui, Mat, Siakah, Chhimtuipui, Tuikum, Sesah, Phe, Teirei, Tut, Tuichhuahen, Tiau, Tuipui, Nongal, Simsang, Ganol, Damring, Waikhrwi, Kwai, Teirei, Khawthlangtuipui, Ngengpui Stream, Vantawng, Sderkariah, Laitryngew, Wahkhlek Khlek, Wahrew, Umngi, Rwiang, Kalipai, Kmai Um, Lukha, Myntdu, Lamu, Lynriang, Thlu Umwi, Simsang, Teesta, Sonai, Ranganadi, Rangit, Ranichu, Kapili, Karola, Kathakal, Kharsang, Kohora, Kolong, Kundli, Kushiara, Manu, Nonbah, Kynshi, Wah Blei, Lohit, Manas, Maney Khola, Ganol Tura, Milak, Namchik, Noa Dihing, Pachin, Pagldia, Panchnoi, Poma, Yomgo And Mora -",DIGARU,19.0,28.0,4.2,9.8,,7.0  7.6,101,136,2.0,2.5,0.60,1.30,620,1100,1200,2000
2023,1530,"RIVER DIGBOI AT LAKHIPATHE, RESERVE FOREST, DIGBOI, ASSAM",ASSAM,"Tributary Streams - Burhidihing, Dhansiri, Bharalu, Dikrong, Gai Nadi, Digaru, Digboi, Dikhow, Kaljani, Gabharu, Tocklai, Tunia, Larsing, Dhateshwari, Demow, Borsila, Barak, Dibang, Dihing, Senki, Dorika, Subansiri, Siang, Baralia, Tihu, Singra, Damring, Manda, Dikchu, Dzu, Kha Ru, Dzucha, Torsa, Beki, Bereng, Bhogdoi, Jhanji, Jia Bharali, Sankosh, Sanuo Ru, Boginadi, Rilang, Myntang, Tlawng, Tuirial, Serlui, Vaipuanpho, Tuikual, Sakhisih, Damdiai, Chite, Tuirini, Tuivawl, Lawibual, Challui, Mat, Siakah, Chhimtuipui, Tuikum, Sesah, Phe, Teirei, Tut, Tuichhuahen, Tiau, Tuipui, Nongal, Simsang, Ganol, Damring, Waikhrwi, Kwai, Teirei, Khawthlangtuipui, Ngengpui Stream, Vantawng, Sderkariah, Laitryngew, Wahkhlek Khlek, Wahrew, Umngi, Rwiang, Kalipai, Kmai Um, Lukha, Myntdu, Lamu, Lynriang, Thlu Umwi, Simsang, Teesta, Sonai, Ranganadi, Rangit, Ranichu, Kapili, Karola, Kathakal, Kharsang, Kohora, Kolong, Kundli, Kushiara, Manu, Nonbah, Kynshi, Wah Blei, Lohit, Manas, Maney Khola, Ganol Tura, Milak, Namchik, Noa Dihing, Pachin, Pagldia, Panchnoi, Poma, Yomgo And Mora -",DIGBOI,22.0,24.0,2.3,5.5,,6.8  7.8,152,276,3.0,3.4,0.70,2.00,300,940,720,2000
2023,3776,"RIVER DIKHOW AT NAGINI MORA (INTER-STATE BOUNDARIES, ASSAM-NAGALAND)",ASSAM,"Tributary Streams - Burhidihing, Dhansiri, Bharalu, Dikrong, Gai Nadi, Digaru, Digboi, Dikhow, Kaljani, Gabharu, Tocklai, Tunia, Larsing, Dhateshwari, Demow, Borsila, Barak, Dibang, Dihing, Senki, Dorika, Subansiri, Siang, Baralia, Tihu, Singra, Damring, Manda, Dikchu, Dzu, Kha Ru, Dzucha, Torsa, Beki, Bereng, Bhogdoi, Jhanji, Jia Bharali, Sankosh, Sanuo Ru, Boginadi, Rilang, Myntang, Tlawng, Tuirial, Serlui, Vaipuanpho, Tuikual, Sakhisih, Damdiai, Chite, Tuirini, Tuivawl, Lawibual, Challui, Mat, Siakah, Chhimtuipui, Tuikum, Sesah, Phe, Teirei, Tut, Tuichhuahen, Tiau, Tuipui, Nongal, Simsang, Ganol, Damring, Waikhrwi, Kwai, Teirei, Khawthlangtuipui, Ngengpui Stream, Vantawng, Sderkariah, Laitryngew, Wahkhlek Khlek, Wahrew, Umngi, Rwiang, Kalipai, Kmai Um, Lukha, Myntdu, Lamu, Lynriang, Thlu Umwi, Simsang, Teesta, Sonai, Ranganadi, Rangit, Ranichu, Kapili, Karola, Kathakal, Kharsang, Kohora, Kolong, Kundli, Kushiara, Manu, Nonbah, Kynshi, Wah Blei, Lohit, Manas, Maney Khola, Ganol Tura, Milak, Namchik, Noa Dihing, Pachin, Pagldia, Panchnoi, Poma, Yomgo And Mora -",DIKHOW,18.0,30.0,5.7,8.0,,6.7  7.5,126,166,1.7,2.6,0.60,1.00,360,910,1100,2100
2023,3778,RIVER DIKHOW AT DIKHOWMUKH CONFLUENCE WITH BRAHAMPUTRA,ASSAM,"Tributary Streams - Burhidihing, Dhansiri, Bharalu, Dikrong, Gai Nadi, Digaru, Digboi, Dikhow, Kaljani, Gabharu, Tocklai, Tunia, Larsing, Dhateshwari, Demow, Borsila, Barak, Dibang, Dihing, Senki, Dorika, Subansiri, Siang, Baralia, Tihu, Singra, Damring, Manda, Dikchu, Dzu, Kha Ru, Dzucha, Torsa, Beki, Bereng, Bhogdoi, Jhanji, Jia Bharali, Sankosh, Sanuo Ru, Boginadi, Rilang, Myntang, Tlawng, Tuirial, Serlui, Vaipuanpho, Tuikual, Sakhisih, Damdiai, Chite, Tuirini, Tuivawl, Lawibual, Challui, Mat, Siakah, Chhimtuipui, Tuikum, Sesah, Phe, Teirei, Tut, Tuichhuahen, Tiau, Tuipui, Nongal, Simsang, Ganol, Damring, Waikhrwi, Kwai, Teirei, Khawthlangtuipui, Ngengpui Stream, Vantawng, Sderkariah, Laitryngew, Wahkhlek Khlek, Wahrew, Umngi, Rwiang, Kalipai, Kmai Um, Lukha, Myntdu, Lamu, Lynriang, Thlu Umwi, Simsang, Teesta, Sonai, Ranganadi, Rangit, Ranichu, Kapili, Karola, Kathakal, Kharsang, Kohora, Kolong, Kundli, Kushiara, Manu, Nonbah, Kynshi, Wah Blei, Lohit, Manas, Maney Khola, Ganol Tura, Milak, Namchik, Noa Dihing, Pachin, Pagldia, Panchnoi, Poma, Yomgo And Mora -",DIKHOW,20.0,32.0,5.8,7.9,,6.7  7.6,138,209,1.8,2.5,0.80,1.10,300,730,730,2800
2023,2524,"RIVER KALJANI D/S OF ALIPURDWAR, MUNICIPALITY DISCHARGE POINT, COOCHBEHAR",WEST BENGAL,"Tributary Streams - Burhidihing, Dhansiri, Bharalu, Dikrong, Gai Nadi, Digaru, Digboi, Dikhow, Kaljani, Gabharu, Tocklai, Tunia, Larsing, Dhateshwari, Demow, Borsila, Barak, Dibang, Dihing, Senki, Dorika, Subansiri, Siang, Baralia, Tihu, Singra, Damring, Manda, Dikchu, Dzu, Kha Ru, Dzucha, Torsa, Beki, Bereng, Bhogdoi, Jhanji, Jia Bharali, Sankosh, Sanuo Ru, Boginadi, Rilang, Myntang, Tlawng, Tuirial, Serlui, Vaipuanpho, Tuikual, Sakhisih, Damdiai, Chite, Tuirini, Tuivawl, Lawibual, Challui, Mat, Siakah, Chhimtuipui, Tuikum, Sesah, Phe, Teirei, Tut, Tuichhuahen, Tiau, Tuipui, Nongal, Simsang, Ganol, Damring, Waikhrwi, Kwai, Teirei, Khawthlangtuipui, Ngengpui Stream, Vantawng, Sderkariah, Laitryngew, Wahkhlek Khlek, Wahrew, Umngi, Rwiang, Kalipai, Kmai Um, Lukha, Myntdu, Lamu, Lynriang, Thlu Umwi, Simsang, Teesta, Sonai, Ranganadi, Rangit, Ranichu, Kapili, Karola, Kathakal, Kharsang, Kohora, Kolong, Kundli, Kushiara, Manu, Nonbah, Kynshi, Wah Blei, Lohit, Manas, Maney Khola, Ganol Tura, Milak, Namchik, Noa Dihing, Pachin, Pagldia, Panchnoi, Poma, Yomgo And Mora -",KALJANI,20.0,31.0,6.1,8.1,,7.2  7.9,62,134,1.0,2.8,0.30,0.38,2200,17000,11000,50000
2023,1298,"RIVER DISANG AT GUDAMGHAT, ASSAM",ASSAM,"Tributary Streams - Burhidihing, Dhansiri, Bharalu, Dikrong, Gai Nadi, Digaru, Digboi, Dikhow, Kaljani, Gabharu, Tocklai, Tunia, Larsing, Dhateshwari, Demow, Borsila, Barak, Dibang, Dihing, Senki, Dorika, Subansiri, Siang, Baralia, Tihu, Singra, Damring, Manda, Dikchu, Dzu, Kha Ru, Dzucha, Torsa, Beki, Bereng, Bhogdoi, Jhanji, Jia Bharali, Sankosh, Sanuo Ru, Boginadi, Rilang, Myntang, Tlawng, Tuirial, Serlui, Vaipuanpho, Tuikual, Sakhisih, Damdiai, Chite, Tuirini, Tuivawl, Lawibual, Challui, Mat, Siakah, Chhimtuipui, Tuikum, Sesah, Phe, Teirei, Tut, Tuichhuahen, Tiau, Tuipui, Nongal, Simsang, Ganol, Damring, Waikhrwi, Kwai, Teirei, Khawthlangtuipui, Ngengpui Stream, Vantawng, Sderkariah, Laitryngew, Wahkhlek Khlek, Wahrew, Umngi, Rwiang, Kalipai, Kmai Um, Lukha, Myntdu, Lamu, Lynriang, Thlu Umwi, Simsang, Teesta, Sonai, Ranganadi, Rangit, Ranichu, Kapili, Karola, Kathakal, Kharsang, Kohora, Kolong, Kundli, Kushiara, Manu, Nonbah, Kynshi, Wah Blei, Lohit, Manas, Maney Khola, Ganol Tura, Milak, Namchik, Noa Dihing, Pachin, Pagldia, Panchnoi, Poma, Yomgo And Mora -",DISANG,18.0,29.0,5.7,6.9,,6.9  7.9,98,126,1.8,2.3,0.60,1.20,360,910,730,2300
2023,2058,"RIVER DISANG AT DILLIGHAT, DIBRUGARH DIST., ASSAM",ASSAM,"Tributary Streams - Burhidihing, Dhansiri, Bharalu, Dikrong, Gai Nadi, Digaru, Digboi, Dikhow, Kaljani, Gabharu, Tocklai, Tunia, Larsing, Dhateshwari, Demow, Borsila, Barak, Dibang, Dihing, Senki, Dorika, Subansiri, Siang, Baralia, Tihu, Singra, Damring, Manda, Dikchu, Dzu, Kha Ru, Dzucha, Torsa, Beki, Bereng, Bhogdoi, Jhanji, Jia Bharali, Sankosh, Sanuo Ru, Boginadi, Rilang, Myntang, Tlawng, Tuirial, Serlui, Vaipuanpho, Tuikual, Sakhisih, Damdiai, Chite, Tuirini, Tuivawl, Lawibual, Challui, Mat, Siakah, Chhimtuipui, Tuikum, Sesah, Phe, Teirei, Tut, Tuichhuahen, Tiau, Tuipui, Nongal, Simsang, Ganol, Damring, Waikhrwi, Kwai, Teirei, Khawthlangtuipui, Ngengpui Stream, Vantawng, Sderkariah, Laitryngew, Wahkhlek Khlek, Wahrew, Umngi, Rwiang, Kalipai, Kmai Um, Lukha, Myntdu, Lamu, Lynriang, Thlu Umwi, Simsang, Teesta, Sonai, Ranganadi, Rangit, Ranichu, Kapili, Karola, Kathakal, Kharsang, Kohora, Kolong, Kundli, Kushiara, Manu, Nonbah, Kynshi, Wah Blei, Lohit, Manas, Maney Khola, Ganol Tura, Milak, Namchik, Noa Dihing, Pachin, Pagldia, Panchnoi, Poma, Yomgo And Mora -",DISANG,23.0,23.0,,5.3  10.5  7.0  7.5,,,120,188,1.8,2.4,0.40,1.60,360,1100,910,2100
2023,4005,RIVER DISANG AT NH CROSSING,ASSAM,"Tributary Streams - Burhidihing, Dhansiri, Bharalu, Dikrong, Gai Nadi, Digaru, Digboi, Dikhow, Kaljani, Gabharu, Tocklai, Tunia, Larsing, Dhateshwari, Demow, Borsila, Barak, Dibang, Dihing, Senki, Dorika, Subansiri, Siang, Baralia, Tihu, Singra, Damring, Manda, Dikchu, Dzu, Kha Ru, Dzucha, Torsa, Beki, Bereng, Bhogdoi, Jhanji, Jia Bharali, Sankosh, Sanuo Ru, Boginadi, Rilang, Myntang, Tlawng, Tuirial, Serlui, Vaipuanpho, Tuikual, Sakhisih, Damdiai, Chite, Tuirini, Tuivawl, Lawibual, Challui, Mat, Siakah, Chhimtuipui, Tuikum, Sesah, Phe, Teirei, Tut, Tuichhuahen, Tiau, Tuipui, Nongal, Simsang, Ganol, Damring, Waikhrwi, Kwai, Teirei, Khawthlangtuipui, Ngengpui Stream, Vantawng, Sderkariah, Laitryngew, Wahkhlek Khlek, Wahrew, Umngi, Rwiang, Kalipai, Kmai Um, Lukha, Myntdu, Lamu, Lynriang, Thlu Umwi, Simsang, Teesta, Sonai, Ranganadi, Rangit, Ranichu, Kapili, Karola, Kathakal, Kharsang, Kohora, Kolong, Kundli, Kushiara, Manu, Nonbah, Kynshi, Wah Blei, Lohit, Manas, Maney Khola, Ganol Tura, Milak, Namchik, Noa Dihing, Pachin, Pagldia, Panchnoi, Poma, Yomgo And Mora -",DISANG,20.0,31.0,5.5,7.3,,7.0  7.7,110,138,1.6,2.6,0.70,1.10,360,720,730,1500
2023,3763,"RIVER GABHARU NEAR BRIDGE AT NH-52, NEAR TUMIUKI, SONITPUR",ASSAM,"Tributary Streams - Burhidihing, Dhansiri, Bharalu, Dikrong, Gai Nadi, Digaru, Digboi, Dikhow, Kaljani, Gabharu, Tocklai, Tunia, Larsing, Dhateshwari, Demow, Borsila, Barak, Dibang, Dihing, Senki, Dorika, Subansiri, Siang, Baralia, Tihu, Singra, Damring, Manda, Dikchu, Dzu, Kha Ru, Dzucha, Torsa, Beki, Bereng, Bhogdoi, Jhanji, Jia Bharali, Sankosh, Sanuo Ru, Boginadi, Rilang, Myntang, Tlawng, Tuirial, Serlui, Vaipuanpho, Tuikual, Sakhisih, Damdiai, Chite, Tuirini, Tuivawl, Lawibual, Challui, Mat, Siakah, Chhimtuipui, Tuikum, Sesah, Phe, Teirei, Tut, Tuichhuahen, Tiau, Tuipui, Nongal, Simsang, Ganol, Damring, Waikhrwi, Kwai, Teirei, Khawthlangtuipui, Ngengpui Stream, Vantawng, Sderkariah, Laitryngew, Wahkhlek Khlek, Wahrew, Umngi, Rwiang, Kalipai, Kmai Um, Lukha, Myntdu, Lamu, Lynriang, Thlu Umwi, Simsang, Teesta, Sonai, Ranganadi, Rangit, Ranichu, Kapili, Karola, Kathakal, Kharsang, Kohora, Kolong, Kundli, Kushiara, Manu, Nonbah, Kynshi, Wah Blei, Lohit, Manas, Maney Khola, Ganol Tura, Milak, Namchik, Noa Dihing, Pachin, Pagldia, Panchnoi, Poma, Yomgo And Mora -",GABHARU,16.0,28.0,5.0,6.3,,6.8  7.8,106,132,2.1,2.5,0.70,1.30,360,730,1100,1500
2023,4011,RIVER TOCKLAI NEAR BRIDGE AT JORHAT,ASSAM,"Tributary Streams - Burhidihing, Dhansiri, Bharalu, Dikrong, Gai Nadi, Digaru, Digboi, Dikhow, Kaljani, Gabharu, Tocklai, Tunia, Larsing, Dhateshwari, Demow, Borsila, Barak, Dibang, Dihing, Senki, Dorika, Subansiri, Siang, Baralia, Tihu, Singra, Damring, Manda, Dikchu, Dzu, Kha Ru, Dzucha, Torsa, Beki, Bereng, Bhogdoi, Jhanji, Jia Bharali, Sankosh, Sanuo Ru, Boginadi, Rilang, Myntang, Tlawng, Tuirial, Serlui, Vaipuanpho, Tuikual, Sakhisih, Damdiai, Chite, Tuirini, Tuivawl, Lawibual, Challui, Mat, Siakah, Chhimtuipui, Tuikum, Sesah, Phe, Teirei, Tut, Tuichhuahen, Tiau, Tuipui, Nongal, Simsang, Ganol, Damring, Waikhrwi, Kwai, Teirei, Khawthlangtuipui, Ngengpui Stream, Vantawng, Sderkariah, Laitryngew, Wahkhlek Khlek, Wahrew, Umngi, Rwiang, Kalipai, Kmai Um, Lukha, Myntdu, Lamu, Lynriang, Thlu Umwi, Simsang, Teesta, Sonai, Ranganadi, Rangit, Ranichu, Kapili, Karola, Kathakal, Kharsang, Kohora, Kolong, Kundli, Kushiara, Manu, Nonbah, Kynshi, Wah Blei, Lohit, Manas, Maney Khola, Ganol Tura, Milak, Namchik, Noa Dihing, Pachin, Pagldia, Panchnoi, Poma, Yomgo And Mora -",TOCKLAI,21.0,34.0,5.0,6.8,,6.6  7.8,188,272,2.0,2.8,0.80,1.30,720,1100,1400,2800
2023,4012,RIVER TUNIA AT D/S BRPL,ASSAM,"Tributary Streams - Burhidihing, Dhansiri, Bharalu, Dikrong, Gai Nadi, Digaru, Digboi, Dikhow, Kaljani, Gabharu, Tocklai, Tunia, Larsing, Dhateshwari, Demow, Borsila, Barak, Dibang, Dihing, Senki, Dorika, Subansiri, Siang, Baralia, Tihu, Singra, Damring, Manda, Dikchu, Dzu, Kha Ru, Dzucha, Torsa, Beki, Bereng, Bhogdoi, Jhanji, Jia Bharali, Sankosh, Sanuo Ru, Boginadi, Rilang, Myntang, Tlawng, Tuirial, Serlui, Vaipuanpho, Tuikual, Sakhisih, Damdiai, Chite, Tuirini, Tuivawl, Lawibual, Challui, Mat, Siakah, Chhimtuipui, Tuikum, Sesah, Phe, Teirei, Tut, Tuichhuahen, Tiau, Tuipui, Nongal, Simsang, Ganol, Damring, Waikhrwi, Kwai, Teirei, Khawthlangtuipui, Ngengpui Stream, Vantawng, Sderkariah, Laitryngew, Wahkhlek Khlek, Wahrew, Umngi, Rwiang, Kalipai, Kmai Um, Lukha, Myntdu, Lamu, Lynriang, Thlu Umwi, Simsang, Teesta, Sonai, Ranganadi, Rangit, Ranichu, Kapili, Karola, Kathakal, Kharsang, Kohora, Kolong, Kundli, Kushiara, Manu, Nonbah, Kynshi, Wah Blei, Lohit, Manas, Maney Khola, Ganol Tura, Milak, Namchik, Noa Dihing, Pachin, Pagldia, Panchnoi, Poma, Yomgo And Mora -",TUNIA,21.0,35.0,5.1,5.4,,6.8  7.7,138,164,1.9,2.6,0.70,2.00,620,940,1200,1900
2023,4329,RIVER LARSING NEAR LOCL DEPO AT MOINARBOND,ASSAM,"Tributary Streams - Burhidihing, Dhansiri, Bharalu, Dikrong, Gai Nadi, Digaru, Digboi, Dikhow, Kaljani, Gabharu, Tocklai, Tunia, Larsing, Dhateshwari, Demow, Borsila, Barak, Dibang, Dihing, Senki, Dorika, Subansiri, Siang, Baralia, Tihu, Singra, Damring, Manda, Dikchu, Dzu, Kha Ru, Dzucha, Torsa, Beki, Bereng, Bhogdoi, Jhanji, Jia Bharali, Sankosh, Sanuo Ru, Boginadi, Rilang, Myntang, Tlawng, Tuirial, Serlui, Vaipuanpho, Tuikual, Sakhisih, Damdiai, Chite, Tuirini, Tuivawl, Lawibual, Challui, Mat, Siakah, Chhimtuipui, Tuikum, Sesah, Phe, Teirei, Tut, Tuichhuahen, Tiau, Tuipui, Nongal, Simsang, Ganol, Damring, Waikhrwi, Kwai, Teirei, Khawthlangtuipui, Ngengpui Stream, Vantawng, Sderkariah, Laitryngew, Wahkhlek Khlek, Wahrew, Umngi, Rwiang, Kalipai, Kmai Um, Lukha, Myntdu, Lamu, Lynriang, Thlu Umwi, Simsang, Teesta, Sonai, Ranganadi, Rangit, Ranichu, Kapili, Karola, Kathakal, Kharsang, Kohora, Kolong, Kundli, Kushiara, Manu, Nonbah, Kynshi, Wah Blei, Lohit, Manas, Maney Khola, Ganol Tura, Milak, Namchik, Noa Dihing, Pachin, Pagldia, Panchnoi, Poma, Yomgo And Mora -",LARSING,20.0,23.0,5.0,5.4,,7.0  7.3,92,133,2.0,2.3,0.70,1.00,360,730,910,1500
2023,4331,RIVER DHATESHWARI D/S OF HAILAKANDI,ASSAM,"Tributary Streams - Burhidihing, Dhansiri, Bharalu, Dikrong, Gai Nadi, Digaru, Digboi, Dikhow, Kaljani, Gabharu, Tocklai, Tunia, Larsing, Dhateshwari, Demow, Borsila, Barak, Dibang, Dihing, Senki, Dorika, Subansiri, Siang, Baralia, Tihu, Singra, Damring, Manda, Dikchu, Dzu, Kha Ru, Dzucha, Torsa, Beki, Bereng, Bhogdoi, Jhanji, Jia Bharali, Sankosh, Sanuo Ru, Boginadi, Rilang, Myntang, Tlawng, Tuirial, Serlui, Vaipuanpho, Tuikual, Sakhisih, Damdiai, Chite, Tuirini, Tuivawl, Lawibual, Challui, Mat, Siakah, Chhimtuipui, Tuikum, Sesah, Phe, Teirei, Tut, Tuichhuahen, Tiau, Tuipui, Nongal, Simsang, Ganol, Damring, Waikhrwi, Kwai, Teirei, Khawthlangtuipui, Ngengpui Stream, Vantawng, Sderkariah, Laitryngew, Wahkhlek Khlek, Wahrew, Umngi, Rwiang, Kalipai, Kmai Um, Lukha, Myntdu, Lamu, Lynriang, Thlu Umwi, Simsang, Teesta, Sonai, Ranganadi, Rangit, Ranichu, Kapili, Karola, Kathakal, Kharsang, Kohora, Kolong, Kundli, Kushiara, Manu, Nonbah, Kynshi, Wah Blei, Lohit, Manas, Maney Khola, Ganol Tura, Milak, Namchik, Noa Dihing, Pachin, Pagldia, Panchnoi, Poma, Yomgo And Mora -",DHATESHWARI,21.0,24.0,4.2,5.7,,6.6  7.2,128,162,2.0,2.8,0.90,1.30,620,910,1300,2000
2023,4332,RIVER DEMOW AT DEMOW TOWN,ASSAM,"Tributary Streams - Burhidihing, Dhansiri, Bharalu, Dikrong, Gai Nadi, Digaru, Digboi, Dikhow, Kaljani, Gabharu, Tocklai, Tunia, Larsing, Dhateshwari, Demow, Borsila, Barak, Dibang, Dihing, Senki, Dorika, Subansiri, Siang, Baralia, Tihu, Singra, Damring, Manda, Dikchu, Dzu, Kha Ru, Dzucha, Torsa, Beki, Bereng, Bhogdoi, Jhanji, Jia Bharali, Sankosh, Sanuo Ru, Boginadi, Rilang, Myntang, Tlawng, Tuirial, Serlui, Vaipuanpho, Tuikual, Sakhisih, Damdiai, Chite, Tuirini, Tuivawl, Lawibual, Challui, Mat, Siakah, Chhimtuipui, Tuikum, Sesah, Phe, Teirei, Tut, Tuichhuahen, Tiau, Tuipui, Nongal, Simsang, Ganol, Damring, Waikhrwi, Kwai, Teirei, Khawthlangtuipui, Ngengpui Stream, Vantawng, Sderkariah, Laitryngew, Wahkhlek Khlek, Wahrew, Umngi, Rwiang, Kalipai, Kmai Um, Lukha, Myntdu, Lamu, Lynriang, Thlu Umwi, Simsang, Teesta, Sonai, Ranganadi, Rangit, Ranichu, Kapili, Karola, Kathakal, Kharsang, Kohora, Kolong, Kundli, Kushiara, Manu, Nonbah, Kynshi, Wah Blei, Lohit, Manas, Maney Khola, Ganol Tura, Milak, Namchik, Noa Dihing, Pachin, Pagldia, Panchnoi, Poma, Yomgo And Mora -",DEMOW,21.0,33.0,5.5,7.8,,6.8  7.5,108,132,1.9,2.6,0.80,1.20,360,910,1100,2300
2023,4336,"RIVER BORSILA AT BORSILA, DEOPANI, NAMTI",ASSAM,"Tributary Streams - Burhidihing, Dhansiri, Bharalu, Dikrong, Gai Nadi, Digaru, Digboi, Dikhow, Kaljani, Gabharu, Tocklai, Tunia, Larsing, Dhateshwari, Demow, Borsila, Barak, Dibang, Dihing, Senki, Dorika, Subansiri, Siang, Baralia, Tihu, Singra, Damring, Manda, Dikchu, Dzu, Kha Ru, Dzucha, Torsa, Beki, Bereng, Bhogdoi, Jhanji, Jia Bharali, Sankosh, Sanuo Ru, Boginadi, Rilang, Myntang, Tlawng, Tuirial, Serlui, Vaipuanpho, Tuikual, Sakhisih, Damdiai, Chite, Tuirini, Tuivawl, Lawibual, Challui, Mat, Siakah, Chhimtuipui, Tuikum, Sesah, Phe, Teirei, Tut, Tuichhuahen, Tiau, Tuipui, Nongal, Simsang, Ganol, Damring, Waikhrwi, Kwai, Teirei, Khawthlangtuipui, Ngengpui Stream, Vantawng, Sderkariah, Laitryngew, Wahkhlek Khlek, Wahrew, Umngi, Rwiang, Kalipai, Kmai Um, Lukha, Myntdu, Lamu, Lynriang, Thlu Umwi, Simsang, Teesta, Sonai, Ranganadi, Rangit, Ranichu, Kapili, Karola, Kathakal, Kharsang, Kohora, Kolong, Kundli, Kushiara, Manu, Nonbah, Kynshi, Wah Blei, Lohit, Manas, Maney Khola, Ganol Tura, Milak, Namchik, Noa Dihing, Pachin, Pagldia, Panchnoi, Poma, Yomgo And Mora -",BORSILA,18.0,31.0,5.0,7.9,,6.6  7.4,83,102,1.8,2.4,0.60,1.20,360,730,720,2100
2023,4341,"RIVER BARNADI NEAR BRIDGE, NH-52, DUMUNICHOWKI KAMRUP",ASSAM,"Tributary Streams - Burhidihing, Dhansiri, Bharalu, Dikrong, Gai Nadi, Digaru, Digboi, Dikhow, Kaljani, Gabharu, Tocklai, Tunia, Larsing, Dhateshwari, Demow, Borsila, Barak, Dibang, Dihing, Senki, Dorika, Subansiri, Siang, Baralia, Tihu, Singra, Damring, Manda, Dikchu, Dzu, Kha Ru, Dzucha, Torsa, Beki, Bereng, Bhogdoi, Jhanji, Jia Bharali, Sankosh, Sanuo Ru, Boginadi, Rilang, Myntang, Tlawng, Tuirial, Serlui, Vaipuanpho, Tuikual, Sakhisih, Damdiai, Chite, Tuirini, Tuivawl, Lawibual, Challui, Mat, Siakah, Chhimtuipui, Tuikum, Sesah, Phe, Teirei, Tut, Tuichhuahen, Tiau, Tuipui, Nongal, Simsang, Ganol, Damring, Waikhrwi, Kwai, Teirei, Khawthlangtuipui, Ngengpui Stream, Vantawng, Sderkariah, Laitryngew, Wahkhlek Khlek, Wahrew, Umngi, Rwiang, Kalipai, Kmai Um, Lukha, Myntdu, Lamu, Lynriang, Thlu Umwi, Simsang, Teesta, Sonai, Ranganadi, Rangit, Ranichu, Kapili, Karola, Kathakal, Kharsang, Kohora, Kolong, Kundli, Kushiara, Manu, Nonbah, Kynshi, Wah Blei, Lohit, Manas, Maney Khola, Ganol Tura, Milak, Namchik, Noa Dihing, Pachin, Pagldia, Panchnoi, Poma, Yomgo And Mora -",BARNADI,19.0,37.0,5.5,9.3,,7.0  7.8,120,148,2.0,2.4,0.50,1.30,360,910,910,2000
2023,2838,"RIVER NONEY/IJEI AT NONEY BRIDGE, NONEY",MANIPUR,"Tributary Streams - Burhidihing, Dhansiri, Bharalu, Dikrong, Gai Nadi, Digaru, Digboi, Dikhow, Kaljani, Gabharu, Tocklai, Tunia, Larsing, Dhateshwari, Demow, Borsila, Barak, Dibang, Dihing, Senki, Dorika, Subansiri, Siang, Baralia, Tihu, Singra, Damring, Manda, Dikchu, Dzu, Kha Ru, Dzucha, Torsa, Beki, Bereng, Bhogdoi, Jhanji, Jia Bharali, Sankosh, Sanuo Ru, Boginadi, Rilang, Myntang, Tlawng, Tuirial, Serlui, Vaipuanpho, Tuikual, Sakhisih, Damdiai, Chite, Tuirini, Tuivawl, Lawibual, Challui, Mat, Siakah, Chhimtuipui, Tuikum, Sesah, Phe, Teirei, Tut, Tuichhuahen, Tiau, Tuipui, Nongal, Simsang, Ganol, Damring, Waikhrwi, Kwai, Teirei, Khawthlangtuipui, Ngengpui Stream, Vantawng, Sderkariah, Laitryngew, Wahkhlek Khlek, Wahrew, Umngi, Rwiang, Kalipai, Kmai Um, Lukha, Myntdu, Lamu, Lynriang, Thlu Umwi, Simsang, Teesta, Sonai, Ranganadi, Rangit, Ranichu, Kapili, Karola, Kathakal, Kharsang, Kohora, Kolong, Kundli, Kushiara, Manu, Nonbah, Kynshi, Wah Blei, Lohit, Manas, Maney Khola, Ganol Tura, Milak, Namchik, Noa Dihing, Pachin, Pagldia, Panchnoi, Poma, Yomgo And Mora -",NONEY/IJEI,20.0,24.0,7.1,7.4,,7.2  7.3,160,190,3.2,3.3,0.00,0.00,40,75,85,165
2023,2240,"RIVER BARAK AT D/S OF SILCHAR, ASSAM",ASSAM,"Tributary Streams - Burhidihing, Dhansiri, Bharalu, Dikrong, Gai Nadi, Digaru, Digboi, Dikhow, Kaljani, Gabharu, Tocklai, Tunia, Larsing, Dhateshwari, Demow, Borsila, Barak, Dibang, Dihing, Senki, Dorika, Subansiri, Siang, Baralia, Tihu, Singra, Damring, Manda, Dikchu, Dzu, Kha Ru, Dzucha, Torsa, Beki, Bereng, Bhogdoi, Jhanji, Jia Bharali, Sankosh, Sanuo Ru, Boginadi, Rilang, Myntang, Tlawng, Tuirial, Serlui, Vaipuanpho, Tuikual, Sakhisih, Damdiai, Chite, Tuirini, Tuivawl, Lawibual, Challui, Mat, Siakah, Chhimtuipui, Tuikum, Sesah, Phe, Teirei, Tut, Tuichhuahen, Tiau, Tuipui, Nongal, Simsang, Ganol, Damring, Waikhrwi, Kwai, Teirei, Khawthlangtuipui, Ngengpui Stream, Vantawng, Sderkariah, Laitryngew, Wahkhlek Khlek, Wahrew, Umngi, Rwiang, Kalipai, Kmai Um, Lukha, Myntdu, Lamu, Lynriang, Thlu Umwi, Simsang, Teesta, Sonai, Ranganadi, Rangit, Ranichu, Kapili, Karola, Kathakal, Kharsang, Kohora, Kolong, Kundli, Kushiara, Manu, Nonbah, Kynshi, Wah Blei, Lohit, Manas, Maney Khola, Ganol Tura, Milak, Namchik, Noa Dihing, Pachin, Pagldia, Panchnoi, Poma, Yomgo And Mora -",BARAK,22.0,24.0,5.0,5.6,,7.0  7.3,90,116,2.0,2.8,0.60,1.20,300,1100,730,2800
2023,2869,RIVER BARAK AT SENAPATI,MANIPUR,"Tributary Streams - Burhidihing, Dhansiri, Bharalu, Dikrong, Gai Nadi, Digaru, Digboi, Dikhow, Kaljani, Gabharu, Tocklai, Tunia, Larsing, Dhateshwari, Demow, Borsila, Barak, Dibang, Dihing, Senki, Dorika, Subansiri, Siang, Baralia, Tihu, Singra, Damring, Manda, Dikchu, Dzu, Kha Ru, Dzucha, Torsa, Beki, Bereng, Bhogdoi, Jhanji, Jia Bharali, Sankosh, Sanuo Ru, Boginadi, Rilang, Myntang, Tlawng, Tuirial, Serlui, Vaipuanpho, Tuikual, Sakhisih, Damdiai, Chite, Tuirini, Tuivawl, Lawibual, Challui, Mat, Siakah, Chhimtuipui, Tuikum, Sesah, Phe, Teirei, Tut, Tuichhuahen, Tiau, Tuipui, Nongal, Simsang, Ganol, Damring, Waikhrwi, Kwai, Teirei, Khawthlangtuipui, Ngengpui Stream, Vantawng, Sderkariah, Laitryngew, Wahkhlek Khlek, Wahrew, Umngi, Rwiang, Kalipai, Kmai Um, Lukha, Myntdu, Lamu, Lynriang, Thlu Umwi, Simsang, Teesta, Sonai, Ranganadi, Rangit, Ranichu, Kapili, Karola, Kathakal, Kharsang, Kohora, Kolong, Kundli, Kushiara, Manu, Nonbah, Kynshi, Wah Blei, Lohit, Manas, Maney Khola, Ganol Tura, Milak, Namchik, Noa Dihing, Pachin, Pagldia, Panchnoi, Poma, Yomgo And Mora -",BARAK,19.0,22.0,7.2,7.5,,7.3  7.3,210,262,3.0,3.3,0.00,0.00,10,30,45,80
2023,2875,"RIVER BARAK AT N.H. 53, TAMENGLONG",MANIPUR,"Tributary Streams - Burhidihing, Dhansiri, Bharalu, Dikrong, Gai Nadi, Digaru, Digboi, Dikhow, Kaljani, Gabharu, Tocklai, Tunia, Larsing, Dhateshwari, Demow, Borsila, Barak, Dibang, Dihing, Senki, Dorika, Subansiri, Siang, Baralia, Tihu, Singra, Damring, Manda, Dikchu, Dzu, Kha Ru, Dzucha, Torsa, Beki, Bereng, Bhogdoi, Jhanji, Jia Bharali, Sankosh, Sanuo Ru, Boginadi, Rilang, Myntang, Tlawng, Tuirial, Serlui, Vaipuanpho, Tuikual, Sakhisih, Damdiai, Chite, Tuirini, Tuivawl, Lawibual, Challui, Mat, Siakah, Chhimtuipui, Tuikum, Sesah, Phe, Teirei, Tut, Tuichhuahen, Tiau, Tuipui, Nongal, Simsang, Ganol, Damring, Waikhrwi, Kwai, Teirei, Khawthlangtuipui, Ngengpui Stream, Vantawng, Sderkariah, Laitryngew, Wahkhlek Khlek, Wahrew, Umngi, Rwiang, Kalipai, Kmai Um, Lukha, Myntdu, Lamu, Lynriang, Thlu Umwi, Simsang, Teesta, Sonai, Ranganadi, Rangit, Ranichu, Kapili, Karola, Kathakal, Kharsang, Kohora, Kolong, Kundli, Kushiara, Manu, Nonbah, Kynshi, Wah Blei, Lohit, Manas, Maney Khola, Ganol Tura, Milak, Namchik, Noa Dihing, Pachin, Pagldia, Panchnoi, Poma, Yomgo And Mora -",BARAK,18.0,23.0,7.0,7.4,,7.1  7.3,140,184,3.1,3.3,0.00,0.00,15,25,40,45
2023,1423,"RIVER BARAK RIVER AT PANCHAGRAM , ASSAM",ASSAM,"Tributary Streams - Burhidihing, Dhansiri, Bharalu, Dikrong, Gai Nadi, Digaru, Digboi, Dikhow, Kaljani, Gabharu, Tocklai, Tunia, Larsing, Dhateshwari, Demow, Borsila, Barak, Dibang, Dihing, Senki, Dorika, Subansiri, Siang, Baralia, Tihu, Singra, Damring, Manda, Dikchu, Dzu, Kha Ru, Dzucha, Torsa, Beki, Bereng, Bhogdoi, Jhanji, Jia Bharali, Sankosh, Sanuo Ru, Boginadi, Rilang, Myntang, Tlawng, Tuirial, Serlui, Vaipuanpho, Tuikual, Sakhisih, Damdiai, Chite, Tuirini, Tuivawl, Lawibual, Challui, Mat, Siakah, Chhimtuipui, Tuikum, Sesah, Phe, Teirei, Tut, Tuichhuahen, Tiau, Tuipui, Nongal, Simsang, Ganol, Damring, Waikhrwi, Kwai, Teirei, Khawthlangtuipui, Ngengpui Stream, Vantawng, Sderkariah, Laitryngew, Wahkhlek Khlek, Wahrew, Umngi, Rwiang, Kalipai, Kmai Um, Lukha, Myntdu, Lamu, Lynriang, Thlu Umwi, Simsang, Teesta, Sonai, Ranganadi, Rangit, Ranichu, Kapili, Karola, Kathakal, Kharsang, Kohora, Kolong, Kundli, Kushiara, Manu, Nonbah, Kynshi, Wah Blei, Lohit, Manas, Maney Khola, Ganol Tura, Milak, Namchik, Noa Dihing, Pachin, Pagldia, Panchnoi, Poma, Yomgo And Mora -",BARAK RIVER,20.0,23.0,6.0,6.3,,6.8  7.4,102,134,2.1,2.7,0.60,1.20,620,940,1400,2000
2023,4649,RIVER MANU AT MANUBAZAR,TRIPURA,"Tributary Streams - Burhidihing, Dhansiri, Bharalu, Dikrong, Gai Nadi, Digaru, Digboi, Dikhow, Kaljani, Gabharu, Tocklai, Tunia, Larsing, Dhateshwari, Demow, Borsila, Barak, Dibang, Dihing, Senki, Dorika, Subansiri, Siang, Baralia, Tihu, Singra, Damring, Manda, Dikchu, Dzu, Kha Ru, Dzucha, Torsa, Beki, Bereng, Bhogdoi, Jhanji, Jia Bharali, Sankosh, Sanuo Ru, Boginadi, Rilang, Myntang, Tlawng, Tuirial, Serlui, Vaipuanpho, Tuikual, Sakhisih, Damdiai, Chite, Tuirini, Tuivawl, Lawibual, Challui, Mat, Siakah, Chhimtuipui, Tuikum, Sesah, Phe, Teirei, Tut, Tuichhuahen, Tiau, Tuipui, Nongal, Simsang, Ganol, Damring, Waikhrwi, Kwai, Teirei, Khawthlangtuipui, Ngengpui Stream, Vantawng, Sderkariah, Laitryngew, Wahkhlek Khlek, Wahrew, Umngi, Rwiang, Kalipai, Kmai Um, Lukha, Myntdu, Lamu, Lynriang, Thlu Umwi, Simsang, Teesta, Sonai, Ranganadi, Rangit, Ranichu, Kapili, Karola, Kathakal, Kharsang, Kohora, Kolong, Kundli, Kushiara, Manu, Nonbah, Kynshi, Wah Blei, Lohit, Manas, Maney Khola, Ganol Tura, Milak, Namchik, Noa Dihing, Pachin, Pagldia, Panchnoi, Poma, Yomgo And Mora -",MANU,21.0,31.0,5.2,6.4,,6.9  7.6,134,191,1.2,2.1,0.90,2.70,33,63,110,280
2023,4650,RIVER MANU AT CHAILENGTA,TRIPURA,"Tributary Streams - Burhidihing, Dhansiri, Bharalu, Dikrong, Gai Nadi, Digaru, Digboi, Dikhow, Kaljani, Gabharu, Tocklai, Tunia, Larsing, Dhateshwari, Demow, Borsila, Barak, Dibang, Dihing, Senki, Dorika, Subansiri, Siang, Baralia, Tihu, Singra, Damring, Manda, Dikchu, Dzu, Kha Ru, Dzucha, Torsa, Beki, Bereng, Bhogdoi, Jhanji, Jia Bharali, Sankosh, Sanuo Ru, Boginadi, Rilang, Myntang, Tlawng, Tuirial, Serlui, Vaipuanpho, Tuikual, Sakhisih, Damdiai, Chite, Tuirini, Tuivawl, Lawibual, Challui, Mat, Siakah, Chhimtuipui, Tuikum, Sesah, Phe, Teirei, Tut, Tuichhuahen, Tiau, Tuipui, Nongal, Simsang, Ganol, Damring, Waikhrwi, Kwai, Teirei, Khawthlangtuipui, Ngengpui Stream, Vantawng, Sderkariah, Laitryngew, Wahkhlek Khlek, Wahrew, Umngi, Rwiang, Kalipai, Kmai Um, Lukha, Myntdu, Lamu, Lynriang, Thlu Umwi, Simsang, Teesta, Sonai, Ranganadi, Rangit, Ranichu, Kapili, Karola, Kathakal, Kharsang, Kohora, Kolong, Kundli, Kushiara, Manu, Nonbah, Kynshi, Wah Blei, Lohit, Manas, Maney Khola, Ganol Tura, Milak, Namchik, Noa Dihing, Pachin, Pagldia, Panchnoi, Poma, Yomgo And Mora -",MANU,21.0,30.5,5.2,6.2,,6.6  7.2,142,189,1.1,1.9,0.90,2.40,27,58,94,240
2023,2877,RIVER KHUGA (TUITHA) DAM ON KHUGA RIVER,MANIPUR,"Tributary Streams - Burhidihing, Dhansiri, Bharalu, Dikrong, Gai Nadi, Digaru, Digboi, Dikhow, Kaljani, Gabharu, Tocklai, Tunia, Larsing, Dhateshwari, Demow, Borsila, Barak, Dibang, Dihing, Senki, Dorika, Subansiri, Siang, Baralia, Tihu, Singra, Damring, Manda, Dikchu, Dzu, Kha Ru, Dzucha, Torsa, Beki, Bereng, Bhogdoi, Jhanji, Jia Bharali, Sankosh, Sanuo Ru, Boginadi, Rilang, Myntang, Tlawng, Tuirial, Serlui, Vaipuanpho, Tuikual, Sakhisih, Damdiai, Chite, Tuirini, Tuivawl, Lawibual, Challui, Mat, Siakah, Chhimtuipui, Tuikum, Sesah, Phe, Teirei, Tut, Tuichhuahen, Tiau, Tuipui, Nongal, Simsang, Ganol, Damring, Waikhrwi, Kwai, Teirei, Khawthlangtuipui, Ngengpui Stream, Vantawng, Sderkariah, Laitryngew, Wahkhlek Khlek, Wahrew, Umngi, Rwiang, Kalipai, Kmai Um, Lukha, Myntdu, Lamu, Lynriang, Thlu Umwi, Simsang, Teesta, Sonai, Ranganadi, Rangit, Ranichu, Kapili, Karola, Kathakal, Kharsang, Kohora, Kolong, Kundli, Kushiara, Manu, Nonbah, Kynshi, Wah Blei, Lohit, Manas, Maney Khola, Ganol Tura, Milak, Namchik, Noa Dihing, Pachin, Pagldia, Panchnoi, Poma, Yomgo And Mora -",,19.0,22.0,7.2,7.4,,7.1  7.3,170,190,3.0,3.3,0.00,0.00,20,25,55,65
2023,2878,RIVER THONGJAOROK AT THONGJAOROK BRIDGE,MANIPUR,"Tributary Streams - Burhidihing, Dhansiri, Bharalu, Dikrong, Gai Nadi, Digaru, Digboi, Dikhow, Kaljani, Gabharu, Tocklai, Tunia, Larsing, Dhateshwari, Demow, Borsila, Barak, Dibang, Dihing, Senki, Dorika, Subansiri, Siang, Baralia, Tihu, Singra, Damring, Manda, Dikchu, Dzu, Kha Ru, Dzucha, Torsa, Beki, Bereng, Bhogdoi, Jhanji, Jia Bharali, Sankosh, Sanuo Ru, Boginadi, Rilang, Myntang, Tlawng, Tuirial, Serlui, Vaipuanpho, Tuikual, Sakhisih, Damdiai, Chite, Tuirini, Tuivawl, Lawibual, Challui, Mat, Siakah, Chhimtuipui, Tuikum, Sesah, Phe, Teirei, Tut, Tuichhuahen, Tiau, Tuipui, Nongal, Simsang, Ganol, Damring, Waikhrwi, Kwai, Teirei, Khawthlangtuipui, Ngengpui Stream, Vantawng, Sderkariah, Laitryngew, Wahkhlek Khlek, Wahrew, Umngi, Rwiang, Kalipai, Kmai Um, Lukha, Myntdu, Lamu, Lynriang, Thlu Umwi, Simsang, Teesta, Sonai, Ranganadi, Rangit, Ranichu, Kapili, Karola, Kathakal, Kharsang, Kohora, Kolong, Kundli, Kushiara, Manu, Nonbah, Kynshi, Wah Blei, Lohit, Manas, Maney Khola, Ganol Tura, Milak, Namchik, Noa Dihing, Pachin, Pagldia, Panchnoi, Poma, Yomgo And Mora -",THONGJAOROK,19.0,28.0,7.1,7.5,,7.0  7.4,150,190,3.2,3.5,,0.00 140.00,40,65,45,155
2023,2242,"RIVER KUSHIARA AT KARIMGANJ, ASSAM",ASSAM,"Tributary Streams - Burhidihing, Dhansiri, Bharalu, Dikrong, Gai Nadi, Digaru, Digboi, Dikhow, Kaljani, Gabharu, Tocklai, Tunia, Larsing, Dhateshwari, Demow, Borsila, Barak, Dibang, Dihing, Senki, Dorika, Subansiri, Siang, Baralia, Tihu, Singra, Damring, Manda, Dikchu, Dzu, Kha Ru, Dzucha, Torsa, Beki, Bereng, Bhogdoi, Jhanji, Jia Bharali, Sankosh, Sanuo Ru, Boginadi, Rilang, Myntang, Tlawng, Tuirial, Serlui, Vaipuanpho, Tuikual, Sakhisih, Damdiai, Chite, Tuirini, Tuivawl, Lawibual, Challui, Mat, Siakah, Chhimtuipui, Tuikum, Sesah, Phe, Teirei, Tut, Tuichhuahen, Tiau, Tuipui, Nongal, Simsang, Ganol, Damring, Waikhrwi, Kwai, Teirei, Khawthlangtuipui, Ngengpui Stream, Vantawng, Sderkariah, Laitryngew, Wahkhlek Khlek, Wahrew, Umngi, Rwiang, Kalipai, Kmai Um, Lukha, Myntdu, Lamu, Lynriang, Thlu Umwi, Simsang, Teesta, Sonai, Ranganadi, Rangit, Ranichu, Kapili, Karola, Kathakal, Kharsang, Kohora, Kolong, Kundli, Kushiara, Manu, Nonbah, Kynshi, Wah Blei, Lohit, Manas, Maney Khola, Ganol Tura, Milak, Namchik, Noa Dihing, Pachin, Pagldia, Panchnoi, Poma, Yomgo And Mora -",KUSHIARA,20.0,24.0,5.2,6.8,,7.0  7.3,84,108,2.0,2.5,0.60,1.30,360,730,910,1600
2023,1925,"RIVER KHUGA (TUITHA) AT RENGKAI, CHURACHANDPUR",MANIPUR,"Tributary Streams - Burhidihing, Dhansiri, Bharalu, Dikrong, Gai Nadi, Digaru, Digboi, Dikhow, Kaljani, Gabharu, Tocklai, Tunia, Larsing, Dhateshwari, Demow, Borsila, Barak, Dibang, Dihing, Senki, Dorika, Subansiri, Siang, Baralia, Tihu, Singra, Damring, Manda, Dikchu, Dzu, Kha Ru, Dzucha, Torsa, Beki, Bereng, Bhogdoi, Jhanji, Jia Bharali, Sankosh, Sanuo Ru, Boginadi, Rilang, Myntang, Tlawng, Tuirial, Serlui, Vaipuanpho, Tuikual, Sakhisih, Damdiai, Chite, Tuirini, Tuivawl, Lawibual, Challui, Mat, Siakah, Chhimtuipui, Tuikum, Sesah, Phe, Teirei, Tut, Tuichhuahen, Tiau, Tuipui, Nongal, Simsang, Ganol, Damring, Waikhrwi, Kwai, Teirei, Khawthlangtuipui, Ngengpui Stream, Vantawng, Sderkariah, Laitryngew, Wahkhlek Khlek, Wahrew, Umngi, Rwiang, Kalipai, Kmai Um, Lukha, Myntdu, Lamu, Lynriang, Thlu Umwi, Simsang, Teesta, Sonai, Ranganadi, Rangit, Ranichu, Kapili, Karola, Kathakal, Kharsang, Kohora, Kolong, Kundli, Kushiara, Manu, Nonbah, Kynshi, Wah Blei, Lohit, Manas, Maney Khola, Ganol Tura, Milak, Namchik, Noa Dihing, Pachin, Pagldia, Panchnoi, Poma, Yomgo And Mora -",,19.0,24.0,5.4,7.3,,7.1  7.2,140,574,3.2,4.6,0.00,0.00,60,230,195,780
2023,2880,RIVER NAMBUL AT BISHNUPUR,MANIPUR,"Tributary Streams - Burhidihing, Dhansiri, Bharalu, Dikrong, Gai Nadi, Digaru, Digboi, Dikhow, Kaljani, Gabharu, Tocklai, Tunia, Larsing, Dhateshwari, Demow, Borsila, Barak, Dibang, Dihing, Senki, Dorika, Subansiri, Siang, Baralia, Tihu, Singra, Damring, Manda, Dikchu, Dzu, Kha Ru, Dzucha, Torsa, Beki, Bereng, Bhogdoi, Jhanji, Jia Bharali, Sankosh, Sanuo Ru, Boginadi, Rilang, Myntang, Tlawng, Tuirial, Serlui, Vaipuanpho, Tuikual, Sakhisih, Damdiai, Chite, Tuirini, Tuivawl, Lawibual, Challui, Mat, Siakah, Chhimtuipui, Tuikum, Sesah, Phe, Teirei, Tut, Tuichhuahen, Tiau, Tuipui, Nongal, Simsang, Ganol, Damring, Waikhrwi, Kwai, Teirei, Khawthlangtuipui, Ngengpui Stream, Vantawng, Sderkariah, Laitryngew, Wahkhlek Khlek, Wahrew, Umngi, Rwiang, Kalipai, Kmai Um, Lukha, Myntdu, Lamu, Lynriang, Thlu Umwi, Simsang, Teesta, Sonai, Ranganadi, Rangit, Ranichu, Kapili, Karola, Kathakal, Kharsang, Kohora, Kolong, Kundli, Kushiara, Manu, Nonbah, Kynshi, Wah Blei, Lohit, Manas, Maney Khola, Ganol Tura, Milak, Namchik, Noa Dihing, Pachin, Pagldia, Panchnoi, Poma, Yomgo And Mora -",NAMBUL,18.0,29.0,7.1,7.4,,7.0  7.4,162,215,3.3,3.4,0.00,0.00,70,105,165,230
2023,3107,RIVER DIHING AT MIAO (U/S OF NOA DIHING),ARUNACHAL PRADESH,"Tributary Streams - Burhidihing, Dhansiri, Bharalu, Dikrong, Gai Nadi, Digaru, Digboi, Dikhow, Kaljani, Gabharu, Tocklai, Tunia, Larsing, Dhateshwari, Demow, Borsila, Barak, Dibang, Dihing, Senki, Dorika, Subansiri, Siang, Baralia, Tihu, Singra, Damring, Manda, Dikchu, Dzu, Kha Ru, Dzucha, Torsa, Beki, Bereng, Bhogdoi, Jhanji, Jia Bharali, Sankosh, Sanuo Ru, Boginadi, Rilang, Myntang, Tlawng, Tuirial, Serlui, Vaipuanpho, Tuikual, Sakhisih, Damdiai, Chite, Tuirini, Tuivawl, Lawibual, Challui, Mat, Siakah, Chhimtuipui, Tuikum, Sesah, Phe, Teirei, Tut, Tuichhuahen, Tiau, Tuipui, Nongal, Simsang, Ganol, Damring, Waikhrwi, Kwai, Teirei, Khawthlangtuipui, Ngengpui Stream, Vantawng, Sderkariah, Laitryngew, Wahkhlek Khlek, Wahrew, Umngi, Rwiang, Kalipai, Kmai Um, Lukha, Myntdu, Lamu, Lynriang, Thlu Umwi, Simsang, Teesta, Sonai, Ranganadi, Rangit, Ranichu, Kapili, Karola, Kathakal, Kharsang, Kohora, Kolong, Kundli, Kushiara, Manu, Nonbah, Kynshi, Wah Blei, Lohit, Manas, Maney Khola, Ganol Tura, Milak, Namchik, Noa Dihing, Pachin, Pagldia, Panchnoi, Poma, Yomgo And Mora -",DIHING,19.4,27.6,6.9,9.8,,7.4  8.1,79,428,1.0,2.0,0.00,0.00,,,,
2023,3095,"RIVER SENKI AT CHANDRANAGAR, ITANAGAR, (U/S OF PACHIN RIVER)",ARUNACHAL PRADESH,"Tributary Streams - Burhidihing, Dhansiri, Bharalu, Dikrong, Gai Nadi, Digaru, Digboi, Dikhow, Kaljani, Gabharu, Tocklai, Tunia, Larsing, Dhateshwari, Demow, Borsila, Barak, Dibang, Dihing, Senki, Dorika, Subansiri, Siang, Baralia, Tihu, Singra, Damring, Manda, Dikchu, Dzu, Kha Ru, Dzucha, Torsa, Beki, Bereng, Bhogdoi, Jhanji, Jia Bharali, Sankosh, Sanuo Ru, Boginadi, Rilang, Myntang, Tlawng, Tuirial, Serlui, Vaipuanpho, Tuikual, Sakhisih, Damdiai, Chite, Tuirini, Tuivawl, Lawibual, Challui, Mat, Siakah, Chhimtuipui, Tuikum, Sesah, Phe, Teirei, Tut, Tuichhuahen, Tiau, Tuipui, Nongal, Simsang, Ganol, Damring, Waikhrwi, Kwai, Teirei, Khawthlangtuipui, Ngengpui Stream, Vantawng, Sderkariah, Laitryngew, Wahkhlek Khlek, Wahrew, Umngi, Rwiang, Kalipai, Kmai Um, Lukha, Myntdu, Lamu, Lynriang, Thlu Umwi, Simsang, Teesta, Sonai, Ranganadi, Rangit, Ranichu, Kapili, Karola, Kathakal, Kharsang, Kohora, Kolong, Kundli, Kushiara, Manu, Nonbah, Kynshi, Wah Blei, Lohit, Manas, Maney Khola, Ganol Tura, Milak, Namchik, Noa Dihing, Pachin, Pagldia, Panchnoi, Poma, Yomgo And Mora -",SENKI,20.3,29.4,6.2,8.9,,7.0  8.8,57,296,1.0,2.6,0.00,0.00,,,,
2023,3096,RIVER DIKRONG AT NIRJULI (U/S),ARUNACHAL PRADESH,"Tributary Streams - Burhidihing, Dhansiri, Bharalu, Dikrong, Gai Nadi, Digaru, Digboi, Dikhow, Kaljani, Gabharu, Tocklai, Tunia, Larsing, Dhateshwari, Demow, Borsila, Barak, Dibang, Dihing, Senki, Dorika, Subansiri, Siang, Baralia, Tihu, Singra, Damring, Manda, Dikchu, Dzu, Kha Ru, Dzucha, Torsa, Beki, Bereng, Bhogdoi, Jhanji, Jia Bharali, Sankosh, Sanuo Ru, Boginadi, Rilang, Myntang, Tlawng, Tuirial, Serlui, Vaipuanpho, Tuikual, Sakhisih, Damdiai, Chite, Tuirini, Tuivawl, Lawibual, Challui, Mat, Siakah, Chhimtuipui, Tuikum, Sesah, Phe, Teirei, Tut, Tuichhuahen, Tiau, Tuipui, Nongal, Simsang, Ganol, Damring, Waikhrwi, Kwai, Teirei, Khawthlangtuipui, Ngengpui Stream, Vantawng, Sderkariah, Laitryngew, Wahkhlek Khlek, Wahrew, Umngi, Rwiang, Kalipai, Kmai Um, Lukha, Myntdu, Lamu, Lynriang, Thlu Umwi, Simsang, Teesta, Sonai, Ranganadi, Rangit, Ranichu, Kapili, Karola, Kathakal, Kharsang, Kohora, Kolong, Kundli, Kushiara, Manu, Nonbah, Kynshi, Wah Blei, Lohit, Manas, Maney Khola, Ganol Tura, Milak, Namchik, Noa Dihing, Pachin, Pagldia, Panchnoi, Poma, Yomgo And Mora -",DIKRONG,21.4,32.8,6.0,9.2,,6.7  8.7,65,219,1.0,2.6,0.00,0.00,,,,
2023,3777,"RIVER DORIKA NEAR MSW DUMPING SITE, SIVASAGAR",ASSAM,"Tributary Streams - Burhidihing, Dhansiri, Bharalu, Dikrong, Gai Nadi, Digaru, Digboi, Dikhow, Kaljani, Gabharu, Tocklai, Tunia, Larsing, Dhateshwari, Demow, Borsila, Barak, Dibang, Dihing, Senki, Dorika, Subansiri, Siang, Baralia, Tihu, Singra, Damring, Manda, Dikchu, Dzu, Kha Ru, Dzucha, Torsa, Beki, Bereng, Bhogdoi, Jhanji, Jia Bharali, Sankosh, Sanuo Ru, Boginadi, Rilang, Myntang, Tlawng, Tuirial, Serlui, Vaipuanpho, Tuikual, Sakhisih, Damdiai, Chite, Tuirini, Tuivawl, Lawibual, Challui, Mat, Siakah, Chhimtuipui, Tuikum, Sesah, Phe, Teirei, Tut, Tuichhuahen, Tiau, Tuipui, Nongal, Simsang, Ganol, Damring, Waikhrwi, Kwai, Teirei, Khawthlangtuipui, Ngengpui Stream, Vantawng, Sderkariah, Laitryngew, Wahkhlek Khlek, Wahrew, Umngi, Rwiang, Kalipai, Kmai Um, Lukha, Myntdu, Lamu, Lynriang, Thlu Umwi, Simsang, Teesta, Sonai, Ranganadi, Rangit, Ranichu, Kapili, Karola, Kathakal, Kharsang, Kohora, Kolong, Kundli, Kushiara, Manu, Nonbah, Kynshi, Wah Blei, Lohit, Manas, Maney Khola, Ganol Tura, Milak, Namchik, Noa Dihing, Pachin, Pagldia, Panchnoi, Poma, Yomgo And Mora -",DORIKA,20.0,33.0,4.2,5.8,,6.6  7.6,108,208,1.9,2.8,0.60,1.30,720,1100,1500,2800
2023,3105,"RIVER GAI NADI, NEAR HSS LIKABALI (D/S)",ARUNACHAL PRADESH,"Tributary Streams - Burhidihing, Dhansiri, Bharalu, Dikrong, Gai Nadi, Digaru, Digboi, Dikhow, Kaljani, Gabharu, Tocklai, Tunia, Larsing, Dhateshwari, Demow, Borsila, Barak, Dibang, Dihing, Senki, Dorika, Subansiri, Siang, Baralia, Tihu, Singra, Damring, Manda, Dikchu, Dzu, Kha Ru, Dzucha, Torsa, Beki, Bereng, Bhogdoi, Jhanji, Jia Bharali, Sankosh, Sanuo Ru, Boginadi, Rilang, Myntang, Tlawng, Tuirial, Serlui, Vaipuanpho, Tuikual, Sakhisih, Damdiai, Chite, Tuirini, Tuivawl, Lawibual, Challui, Mat, Siakah, Chhimtuipui, Tuikum, Sesah, Phe, Teirei, Tut, Tuichhuahen, Tiau, Tuipui, Nongal, Simsang, Ganol, Damring, Waikhrwi, Kwai, Teirei, Khawthlangtuipui, Ngengpui Stream, Vantawng, Sderkariah, Laitryngew, Wahkhlek Khlek, Wahrew, Umngi, Rwiang, Kalipai, Kmai Um, Lukha, Myntdu, Lamu, Lynriang, Thlu Umwi, Simsang, Teesta, Sonai, Ranganadi, Rangit, Ranichu, Kapili, Karola, Kathakal, Kharsang, Kohora, Kolong, Kundli, Kushiara, Manu, Nonbah, Kynshi, Wah Blei, Lohit, Manas, Maney Khola, Ganol Tura, Milak, Namchik, Noa Dihing, Pachin, Pagldia, Panchnoi, Poma, Yomgo And Mora -",,22.0,27.9,6.4,9.4,,7.1  8.6,85,470,1.0,1.0,0.00,0.00,,,,
2023,1261,RIVER SUBANSIRI AT GERUKAMUKH (BEFORE CONFLUENCE WITH RIVER BRAHMAPUTRA),ASSAM,"Tributary Streams - Burhidihing, Dhansiri, Bharalu, Dikrong, Gai Nadi, Digaru, Digboi, Dikhow, Kaljani, Gabharu, Tocklai, Tunia, Larsing, Dhateshwari, Demow, Borsila, Barak, Dibang, Dihing, Senki, Dorika, Subansiri, Siang, Baralia, Tihu, Singra, Damring, Manda, Dikchu, Dzu, Kha Ru, Dzucha, Torsa, Beki, Bereng, Bhogdoi, Jhanji, Jia Bharali, Sankosh, Sanuo Ru, Boginadi, Rilang, Myntang, Tlawng, Tuirial, Serlui, Vaipuanpho, Tuikual, Sakhisih, Damdiai, Chite, Tuirini, Tuivawl, Lawibual, Challui, Mat, Siakah, Chhimtuipui, Tuikum, Sesah, Phe, Teirei, Tut, Tuichhuahen, Tiau, Tuipui, Nongal, Simsang, Ganol, Damring, Waikhrwi, Kwai, Teirei, Khawthlangtuipui, Ngengpui Stream, Vantawng, Sderkariah, Laitryngew, Wahkhlek Khlek, Wahrew, Umngi, Rwiang, Kalipai, Kmai Um, Lukha, Myntdu, Lamu, Lynriang, Thlu Umwi, Simsang, Teesta, Sonai, Ranganadi, Rangit, Ranichu, Kapili, Karola, Kathakal, Kharsang, Kohora, Kolong, Kundli, Kushiara, Manu, Nonbah, Kynshi, Wah Blei, Lohit, Manas, Maney Khola, Ganol Tura, Milak, Namchik, Noa Dihing, Pachin, Pagldia, Panchnoi, Poma, Yomgo And Mora -",SUBANSIRI,22.0,23.0,6.2,8.3,,7.0  7.6,108,138,2.0,2.4,0.40,1.60,360,940,910,2100
2023,3097,RIVER SUBANSIRI AT GERUKAMUKH,ARUNACHAL PRADESH,"Tributary Streams - Burhidihing, Dhansiri, Bharalu, Dikrong, Gai Nadi, Digaru, Digboi, Dikhow, Kaljani, Gabharu, Tocklai, Tunia, Larsing, Dhateshwari, Demow, Borsila, Barak, Dibang, Dihing, Senki, Dorika, Subansiri, Siang, Baralia, Tihu, Singra, Damring, Manda, Dikchu, Dzu, Kha Ru, Dzucha, Torsa, Beki, Bereng, Bhogdoi, Jhanji, Jia Bharali, Sankosh, Sanuo Ru, Boginadi, Rilang, Myntang, Tlawng, Tuirial, Serlui, Vaipuanpho, Tuikual, Sakhisih, Damdiai, Chite, Tuirini, Tuivawl, Lawibual, Challui, Mat, Siakah, Chhimtuipui, Tuikum, Sesah, Phe, Teirei, Tut, Tuichhuahen, Tiau, Tuipui, Nongal, Simsang, Ganol, Damring, Waikhrwi, Kwai, Teirei, Khawthlangtuipui, Ngengpui Stream, Vantawng, Sderkariah, Laitryngew, Wahkhlek Khlek, Wahrew, Umngi, Rwiang, Kalipai, Kmai Um, Lukha, Myntdu, Lamu, Lynriang, Thlu Umwi, Simsang, Teesta, Sonai, Ranganadi, Rangit, Ranichu, Kapili, Karola, Kathakal, Kharsang, Kohora, Kolong, Kundli, Kushiara, Manu, Nonbah, Kynshi, Wah Blei, Lohit, Manas, Maney Khola, Ganol Tura, Milak, Namchik, Noa Dihing, Pachin, Pagldia, Panchnoi, Poma, Yomgo And Mora -",SUBANSIRI,19.0,27.5,6.2,9.6,,7.0  7.9,56,,1012  1.0,1.0,0.00,0.00,,,,
2023,3098,"RIVER SIANG AT RANAGHAT, NEAR RCC BRIDGE, PASIGHAT(U/S)",ARUNACHAL PRADESH,"Tributary Streams - Burhidihing, Dhansiri, Bharalu, Dikrong, Gai Nadi, Digaru, Digboi, Dikhow, Kaljani, Gabharu, Tocklai, Tunia, Larsing, Dhateshwari, Demow, Borsila, Barak, Dibang, Dihing, Senki, Dorika, Subansiri, Siang, Baralia, Tihu, Singra, Damring, Manda, Dikchu, Dzu, Kha Ru, Dzucha, Torsa, Beki, Bereng, Bhogdoi, Jhanji, Jia Bharali, Sankosh, Sanuo Ru, Boginadi, Rilang, Myntang, Tlawng, Tuirial, Serlui, Vaipuanpho, Tuikual, Sakhisih, Damdiai, Chite, Tuirini, Tuivawl, Lawibual, Challui, Mat, Siakah, Chhimtuipui, Tuikum, Sesah, Phe, Teirei, Tut, Tuichhuahen, Tiau, Tuipui, Nongal, Simsang, Ganol, Damring, Waikhrwi, Kwai, Teirei, Khawthlangtuipui, Ngengpui Stream, Vantawng, Sderkariah, Laitryngew, Wahkhlek Khlek, Wahrew, Umngi, Rwiang, Kalipai, Kmai Um, Lukha, Myntdu, Lamu, Lynriang, Thlu Umwi, Simsang, Teesta, Sonai, Ranganadi, Rangit, Ranichu, Kapili, Karola, Kathakal, Kharsang, Kohora, Kolong, Kundli, Kushiara, Manu, Nonbah, Kynshi, Wah Blei, Lohit, Manas, Maney Khola, Ganol Tura, Milak, Namchik, Noa Dihing, Pachin, Pagldia, Panchnoi, Poma, Yomgo And Mora -",SIANG,20.0,28.1,7.6,9.8,,7.4  9.3,98,,1579  1.0,1.0,0.00,0.00,,,,
2023,4342,"RIVER BARALIA (NEAR CHATPUJA GHAT) RANGIA, KAMRUP",ASSAM,"Tributary Streams - Burhidihing, Dhansiri, Bharalu, Dikrong, Gai Nadi, Digaru, Digboi, Dikhow, Kaljani, Gabharu, Tocklai, Tunia, Larsing, Dhateshwari, Demow, Borsila, Barak, Dibang, Dihing, Senki, Dorika, Subansiri, Siang, Baralia, Tihu, Singra, Damring, Manda, Dikchu, Dzu, Kha Ru, Dzucha, Torsa, Beki, Bereng, Bhogdoi, Jhanji, Jia Bharali, Sankosh, Sanuo Ru, Boginadi, Rilang, Myntang, Tlawng, Tuirial, Serlui, Vaipuanpho, Tuikual, Sakhisih, Damdiai, Chite, Tuirini, Tuivawl, Lawibual, Challui, Mat, Siakah, Chhimtuipui, Tuikum, Sesah, Phe, Teirei, Tut, Tuichhuahen, Tiau, Tuipui, Nongal, Simsang, Ganol, Damring, Waikhrwi, Kwai, Teirei, Khawthlangtuipui, Ngengpui Stream, Vantawng, Sderkariah, Laitryngew, Wahkhlek Khlek, Wahrew, Umngi, Rwiang, Kalipai, Kmai Um, Lukha, Myntdu, Lamu, Lynriang, Thlu Umwi, Simsang, Teesta, Sonai, Ranganadi, Rangit, Ranichu, Kapili, Karola, Kathakal, Kharsang, Kohora, Kolong, Kundli, Kushiara, Manu, Nonbah, Kynshi, Wah Blei, Lohit, Manas, Maney Khola, Ganol Tura, Milak, Namchik, Noa Dihing, Pachin, Pagldia, Panchnoi, Poma, Yomgo And Mora -",,19.0,36.0,5.9,8.5,,7.2  7.9,136,176,2.2,2.7,0.60,1.40,620,1100,1100,2100
2023,4343,RIVER BURALIA (NEAR BRIDGE ALONG NH-31) NALBARI,ASSAM,"Tributary Streams - Burhidihing, Dhansiri, Bharalu, Dikrong, Gai Nadi, Digaru, Digboi, Dikhow, Kaljani, Gabharu, Tocklai, Tunia, Larsing, Dhateshwari, Demow, Borsila, Barak, Dibang, Dihing, Senki, Dorika, Subansiri, Siang, Baralia, Tihu, Singra, Damring, Manda, Dikchu, Dzu, Kha Ru, Dzucha, Torsa, Beki, Bereng, Bhogdoi, Jhanji, Jia Bharali, Sankosh, Sanuo Ru, Boginadi, Rilang, Myntang, Tlawng, Tuirial, Serlui, Vaipuanpho, Tuikual, Sakhisih, Damdiai, Chite, Tuirini, Tuivawl, Lawibual, Challui, Mat, Siakah, Chhimtuipui, Tuikum, Sesah, Phe, Teirei, Tut, Tuichhuahen, Tiau, Tuipui, Nongal, Simsang, Ganol, Damring, Waikhrwi, Kwai, Teirei, Khawthlangtuipui, Ngengpui Stream, Vantawng, Sderkariah, Laitryngew, Wahkhlek Khlek, Wahrew, Umngi, Rwiang, Kalipai, Kmai Um, Lukha, Myntdu, Lamu, Lynriang, Thlu Umwi, Simsang, Teesta, Sonai, Ranganadi, Rangit, Ranichu, Kapili, Karola, Kathakal, Kharsang, Kohora, Kolong, Kundli, Kushiara, Manu, Nonbah, Kynshi, Wah Blei, Lohit, Manas, Maney Khola, Ganol Tura, Milak, Namchik, Noa Dihing, Pachin, Pagldia, Panchnoi, Poma, Yomgo And Mora -",,20.0,31.0,5.1,9.5,,7.0  8.0,116,140,2.1,2.6,0.50,1.80,600,910,1200,2000
2023,2888,RIVER CHATHE AT BRIDGE NEAR CIHSR,NAGALAND,"Tributary Streams - Burhidihing, Dhansiri, Bharalu, Dikrong, Gai Nadi, Digaru, Digboi, Dikhow, Kaljani, Gabharu, Tocklai, Tunia, Larsing, Dhateshwari, Demow, Borsila, Barak, Dibang, Dihing, Senki, Dorika, Subansiri, Siang, Baralia, Tihu, Singra, Damring, Manda, Dikchu, Dzu, Kha Ru, Dzucha, Torsa, Beki, Bereng, Bhogdoi, Jhanji, Jia Bharali, Sankosh, Sanuo Ru, Boginadi, Rilang, Myntang, Tlawng, Tuirial, Serlui, Vaipuanpho, Tuikual, Sakhisih, Damdiai, Chite, Tuirini, Tuivawl, Lawibual, Challui, Mat, Siakah, Chhimtuipui, Tuikum, Sesah, Phe, Teirei, Tut, Tuichhuahen, Tiau, Tuipui, Nongal, Simsang, Ganol, Damring, Waikhrwi, Kwai, Teirei, Khawthlangtuipui, Ngengpui Stream, Vantawng, Sderkariah, Laitryngew, Wahkhlek Khlek, Wahrew, Umngi, Rwiang, Kalipai, Kmai Um, Lukha, Myntdu, Lamu, Lynriang, Thlu Umwi, Simsang, Teesta, Sonai, Ranganadi, Rangit, Ranichu, Kapili, Karola, Kathakal, Kharsang, Kohora, Kolong, Kundli, Kushiara, Manu, Nonbah, Kynshi, Wah Blei, Lohit, Manas, Maney Khola, Ganol Tura, Milak, Namchik, Noa Dihing, Pachin, Pagldia, Panchnoi, Poma, Yomgo And Mora -",CHATHE,21.3,36.8,6.3,8.8,,6.9  8.5,80,737,1.4,1.7,0.40,6.80,,,,
2023,2891,DZUCHA RU,NAGALAND,"Tributary Streams - Burhidihing, Dhansiri, Bharalu, Dikrong, Gai Nadi, Digaru, Digboi, Dikhow, Kaljani, Gabharu, Tocklai, Tunia, Larsing, Dhateshwari, Demow, Borsila, Barak, Dibang, Dihing, Senki, Dorika, Subansiri, Siang, Baralia, Tihu, Singra, Damring, Manda, Dikchu, Dzu, Kha Ru, Dzucha, Torsa, Beki, Bereng, Bhogdoi, Jhanji, Jia Bharali, Sankosh, Sanuo Ru, Boginadi, Rilang, Myntang, Tlawng, Tuirial, Serlui, Vaipuanpho, Tuikual, Sakhisih, Damdiai, Chite, Tuirini, Tuivawl, Lawibual, Challui, Mat, Siakah, Chhimtuipui, Tuikum, Sesah, Phe, Teirei, Tut, Tuichhuahen, Tiau, Tuipui, Nongal, Simsang, Ganol, Damring, Waikhrwi, Kwai, Teirei, Khawthlangtuipui, Ngengpui Stream, Vantawng, Sderkariah, Laitryngew, Wahkhlek Khlek, Wahrew, Umngi, Rwiang, Kalipai, Kmai Um, Lukha, Myntdu, Lamu, Lynriang, Thlu Umwi, Simsang, Teesta, Sonai, Ranganadi, Rangit, Ranichu, Kapili, Karola, Kathakal, Kharsang, Kohora, Kolong, Kundli, Kushiara, Manu, Nonbah, Kynshi, Wah Blei, Lohit, Manas, Maney Khola, Ganol Tura, Milak, Namchik, Noa Dihing, Pachin, Pagldia, Panchnoi, Poma, Yomgo And Mora -",,17.6,28.0,6.3,7.4,,6.7  8.5,142,315,1.4,1.8,,0.50  10.60,,,,
2023,2889,DZUDZA RU BELOW HYDRO PROJECT STATION,NAGALAND,"Tributary Streams - Burhidihing, Dhansiri, Bharalu, Dikrong, Gai Nadi, Digaru, Digboi, Dikhow, Kaljani, Gabharu, Tocklai, Tunia, Larsing, Dhateshwari, Demow, Borsila, Barak, Dibang, Dihing, Senki, Dorika, Subansiri, Siang, Baralia, Tihu, Singra, Damring, Manda, Dikchu, Dzu, Kha Ru, Dzucha, Torsa, Beki, Bereng, Bhogdoi, Jhanji, Jia Bharali, Sankosh, Sanuo Ru, Boginadi, Rilang, Myntang, Tlawng, Tuirial, Serlui, Vaipuanpho, Tuikual, Sakhisih, Damdiai, Chite, Tuirini, Tuivawl, Lawibual, Challui, Mat, Siakah, Chhimtuipui, Tuikum, Sesah, Phe, Teirei, Tut, Tuichhuahen, Tiau, Tuipui, Nongal, Simsang, Ganol, Damring, Waikhrwi, Kwai, Teirei, Khawthlangtuipui, Ngengpui Stream, Vantawng, Sderkariah, Laitryngew, Wahkhlek Khlek, Wahrew, Umngi, Rwiang, Kalipai, Kmai Um, Lukha, Myntdu, Lamu, Lynriang, Thlu Umwi, Simsang, Teesta, Sonai, Ranganadi, Rangit, Ranichu, Kapili, Karola, Kathakal, Kharsang, Kohora, Kolong, Kundli, Kushiara, Manu, Nonbah, Kynshi, Wah Blei, Lohit, Manas, Maney Khola, Ganol Tura, Milak, Namchik, Noa Dihing, Pachin, Pagldia, Panchnoi, Poma, Yomgo And Mora -",,15.6,29.2,6.8,7.5,,6.5  8.7,66,263,1.2,1.9,0.30,9.40,,,,
2023,2892,KHA RU ADJOINING MUNICIPAL COUNCIL SWM SITE,NAGALAND,"Tributary Streams - Burhidihing, Dhansiri, Bharalu, Dikrong, Gai Nadi, Digaru, Digboi, Dikhow, Kaljani, Gabharu, Tocklai, Tunia, Larsing, Dhateshwari, Demow, Borsila, Barak, Dibang, Dihing, Senki, Dorika, Subansiri, Siang, Baralia, Tihu, Singra, Damring, Manda, Dikchu, Dzu, Kha Ru, Dzucha, Torsa, Beki, Bereng, Bhogdoi, Jhanji, Jia Bharali, Sankosh, Sanuo Ru, Boginadi, Rilang, Myntang, Tlawng, Tuirial, Serlui, Vaipuanpho, Tuikual, Sakhisih, Damdiai, Chite, Tuirini, Tuivawl, Lawibual, Challui, Mat, Siakah, Chhimtuipui, Tuikum, Sesah, Phe, Teirei, Tut, Tuichhuahen, Tiau, Tuipui, Nongal, Simsang, Ganol, Damring, Waikhrwi, Kwai, Teirei, Khawthlangtuipui, Ngengpui Stream, Vantawng, Sderkariah, Laitryngew, Wahkhlek Khlek, Wahrew, Umngi, Rwiang, Kalipai, Kmai Um, Lukha, Myntdu, Lamu, Lynriang, Thlu Umwi, Simsang, Teesta, Sonai, Ranganadi, Rangit, Ranichu, Kapili, Karola, Kathakal, Kharsang, Kohora, Kolong, Kundli, Kushiara, Manu, Nonbah, Kynshi, Wah Blei, Lohit, Manas, Maney Khola, Ganol Tura, Milak, Namchik, Noa Dihing, Pachin, Pagldia, Panchnoi, Poma, Yomgo And Mora -",,17.5,28.9,6.2,7.4,,6.5  8.3,88,,1343  1.4,1.9,0.30,3.30,,,,
2023,2228,"GELA BEEL AT DERGAON, ASSAM",ASSAM,"Tributary Streams - Burhidihing, Dhansiri, Bharalu, Dikrong, Gai Nadi, Digaru, Digboi, Dikhow, Kaljani, Gabharu, Tocklai, Tunia, Larsing, Dhateshwari, Demow, Borsila, Barak, Dibang, Dihing, Senki, Dorika, Subansiri, Siang, Baralia, Tihu, Singra, Damring, Manda, Dikchu, Dzu, Kha Ru, Dzucha, Torsa, Beki, Bereng, Bhogdoi, Jhanji, Jia Bharali, Sankosh, Sanuo Ru, Boginadi, Rilang, Myntang, Tlawng, Tuirial, Serlui, Vaipuanpho, Tuikual, Sakhisih, Damdiai, Chite, Tuirini, Tuivawl, Lawibual, Challui, Mat, Siakah, Chhimtuipui, Tuikum, Sesah, Phe, Teirei, Tut, Tuichhuahen, Tiau, Tuipui, Nongal, Simsang, Ganol, Damring, Waikhrwi, Kwai, Teirei, Khawthlangtuipui, Ngengpui Stream, Vantawng, Sderkariah, Laitryngew, Wahkhlek Khlek, Wahrew, Umngi, Rwiang, Kalipai, Kmai Um, Lukha, Myntdu, Lamu, Lynriang, Thlu Umwi, Simsang, Teesta, Sonai, Ranganadi, Rangit, Ranichu, Kapili, Karola, Kathakal, Kharsang, Kohora, Kolong, Kundli, Kushiara, Manu, Nonbah, Kynshi, Wah Blei, Lohit, Manas, Maney Khola, Ganol Tura, Milak, Namchik, Noa Dihing, Pachin, Pagldia, Panchnoi, Poma, Yomgo And Mora -",BEEL,20.0,30.0,5.0,9.6,,6.8  7.5,122,150,2.0,2.7,0.60,1.50,300,730,910,1500
2023,4719,RIVER TORSA D/S OF GHUGHUMARI,WEST BENGAL,"Tributary Streams - Burhidihing, Dhansiri, Bharalu, Dikrong, Gai Nadi, Digaru, Digboi, Dikhow, Kaljani, Gabharu, Tocklai, Tunia, Larsing, Dhateshwari, Demow, Borsila, Barak, Dibang, Dihing, Senki, Dorika, Subansiri, Siang, Baralia, Tihu, Singra, Damring, Manda, Dikchu, Dzu, Kha Ru, Dzucha, Torsa, Beki, Bereng, Bhogdoi, Jhanji, Jia Bharali, Sankosh, Sanuo Ru, Boginadi, Rilang, Myntang, Tlawng, Tuirial, Serlui, Vaipuanpho, Tuikual, Sakhisih, Damdiai, Chite, Tuirini, Tuivawl, Lawibual, Challui, Mat, Siakah, Chhimtuipui, Tuikum, Sesah, Phe, Teirei, Tut, Tuichhuahen, Tiau, Tuipui, Nongal, Simsang, Ganol, Damring, Waikhrwi, Kwai, Teirei, Khawthlangtuipui, Ngengpui Stream, Vantawng, Sderkariah, Laitryngew, Wahkhlek Khlek, Wahrew, Umngi, Rwiang, Kalipai, Kmai Um, Lukha, Myntdu, Lamu, Lynriang, Thlu Umwi, Simsang, Teesta, Sonai, Ranganadi, Rangit, Ranichu, Kapili, Karola, Kathakal, Kharsang, Kohora, Kolong, Kundli, Kushiara, Manu, Nonbah, Kynshi, Wah Blei, Lohit, Manas, Maney Khola, Ganol Tura, Milak, Namchik, Noa Dihing, Pachin, Pagldia, Panchnoi, Poma, Yomgo And Mora -",TORSA,15.0,28.0,6.3,8.9,,7.0  7.9,83,155,1.0,2.8,0.30,0.66,1300,30000,3000,160000
2023,4724,RIVER TORSA AT HASIMARA,WEST BENGAL,"Tributary Streams - Burhidihing, Dhansiri, Bharalu, Dikrong, Gai Nadi, Digaru, Digboi, Dikhow, Kaljani, Gabharu, Tocklai, Tunia, Larsing, Dhateshwari, Demow, Borsila, Barak, Dibang, Dihing, Senki, Dorika, Subansiri, Siang, Baralia, Tihu, Singra, Damring, Manda, Dikchu, Dzu, Kha Ru, Dzucha, Torsa, Beki, Bereng, Bhogdoi, Jhanji, Jia Bharali, Sankosh, Sanuo Ru, Boginadi, Rilang, Myntang, Tlawng, Tuirial, Serlui, Vaipuanpho, Tuikual, Sakhisih, Damdiai, Chite, Tuirini, Tuivawl, Lawibual, Challui, Mat, Siakah, Chhimtuipui, Tuikum, Sesah, Phe, Teirei, Tut, Tuichhuahen, Tiau, Tuipui, Nongal, Simsang, Ganol, Damring, Waikhrwi, Kwai, Teirei, Khawthlangtuipui, Ngengpui Stream, Vantawng, Sderkariah, Laitryngew, Wahkhlek Khlek, Wahrew, Umngi, Rwiang, Kalipai, Kmai Um, Lukha, Myntdu, Lamu, Lynriang, Thlu Umwi, Simsang, Teesta, Sonai, Ranganadi, Rangit, Ranichu, Kapili, Karola, Kathakal, Kharsang, Kohora, Kolong, Kundli, Kushiara, Manu, Nonbah, Kynshi, Wah Blei, Lohit, Manas, Maney Khola, Ganol Tura, Milak, Namchik, Noa Dihing, Pachin, Pagldia, Panchnoi, Poma, Yomgo And Mora -",TORSA,18.0,27.0,7.3,8.9,,7.2  7.8,60,131,1.0,2.7,0.30,0.49,2300,5000,7000,30000
2023,2238,"RIVER BEKI AT NH-37 CROSSING AT BARPETA ROAD, ASSAM",ASSAM,"Tributary Streams - Burhidihing, Dhansiri, Bharalu, Dikrong, Gai Nadi, Digaru, Digboi, Dikhow, Kaljani, Gabharu, Tocklai, Tunia, Larsing, Dhateshwari, Demow, Borsila, Barak, Dibang, Dihing, Senki, Dorika, Subansiri, Siang, Baralia, Tihu, Singra, Damring, Manda, Dikchu, Dzu, Kha Ru, Dzucha, Torsa, Beki, Bereng, Bhogdoi, Jhanji, Jia Bharali, Sankosh, Sanuo Ru, Boginadi, Rilang, Myntang, Tlawng, Tuirial, Serlui, Vaipuanpho, Tuikual, Sakhisih, Damdiai, Chite, Tuirini, Tuivawl, Lawibual, Challui, Mat, Siakah, Chhimtuipui, Tuikum, Sesah, Phe, Teirei, Tut, Tuichhuahen, Tiau, Tuipui, Nongal, Simsang, Ganol, Damring, Waikhrwi, Kwai, Teirei, Khawthlangtuipui, Ngengpui Stream, Vantawng, Sderkariah, Laitryngew, Wahkhlek Khlek, Wahrew, Umngi, Rwiang, Kalipai, Kmai Um, Lukha, Myntdu, Lamu, Lynriang, Thlu Umwi, Simsang, Teesta, Sonai, Ranganadi, Rangit, Ranichu, Kapili, Karola, Kathakal, Kharsang, Kohora, Kolong, Kundli, Kushiara, Manu, Nonbah, Kynshi, Wah Blei, Lohit, Manas, Maney Khola, Ganol Tura, Milak, Namchik, Noa Dihing, Pachin, Pagldia, Panchnoi, Poma, Yomgo And Mora -",BEKI,16.0,30.0,5.3,5.6,,6.8  7.6,138,168,2.0,2.7,0.70,2.10,360,730,1100,1500
2023,3108,RIVER BERENG AT CHOWKHAM,ARUNACHAL PRADESH,"Tributary Streams - Burhidihing, Dhansiri, Bharalu, Dikrong, Gai Nadi, Digaru, Digboi, Dikhow, Kaljani, Gabharu, Tocklai, Tunia, Larsing, Dhateshwari, Demow, Borsila, Barak, Dibang, Dihing, Senki, Dorika, Subansiri, Siang, Baralia, Tihu, Singra, Damring, Manda, Dikchu, Dzu, Kha Ru, Dzucha, Torsa, Beki, Bereng, Bhogdoi, Jhanji, Jia Bharali, Sankosh, Sanuo Ru, Boginadi, Rilang, Myntang, Tlawng, Tuirial, Serlui, Vaipuanpho, Tuikual, Sakhisih, Damdiai, Chite, Tuirini, Tuivawl, Lawibual, Challui, Mat, Siakah, Chhimtuipui, Tuikum, Sesah, Phe, Teirei, Tut, Tuichhuahen, Tiau, Tuipui, Nongal, Simsang, Ganol, Damring, Waikhrwi, Kwai, Teirei, Khawthlangtuipui, Ngengpui Stream, Vantawng, Sderkariah, Laitryngew, Wahkhlek Khlek, Wahrew, Umngi, Rwiang, Kalipai, Kmai Um, Lukha, Myntdu, Lamu, Lynriang, Thlu Umwi, Simsang, Teesta, Sonai, Ranganadi, Rangit, Ranichu, Kapili, Karola, Kathakal, Kharsang, Kohora, Kolong, Kundli, Kushiara, Manu, Nonbah, Kynshi, Wah Blei, Lohit, Manas, Maney Khola, Ganol Tura, Milak, Namchik, Noa Dihing, Pachin, Pagldia, Panchnoi, Poma, Yomgo And Mora -",BERENG,15.3,27.6,0.4,8.9,,7.4  8.8,105,204,1.0,1.0,0.00,0.00,,,,
2023,1527,"RIVER BHOGDOI AT JORHAT , ASSAM",ASSAM,"Tributary Streams - Burhidihing, Dhansiri, Bharalu, Dikrong, Gai Nadi, Digaru, Digboi, Dikhow, Kaljani, Gabharu, Tocklai, Tunia, Larsing, Dhateshwari, Demow, Borsila, Barak, Dibang, Dihing, Senki, Dorika, Subansiri, Siang, Baralia, Tihu, Singra, Damring, Manda, Dikchu, Dzu, Kha Ru, Dzucha, Torsa, Beki, Bereng, Bhogdoi, Jhanji, Jia Bharali, Sankosh, Sanuo Ru, Boginadi, Rilang, Myntang, Tlawng, Tuirial, Serlui, Vaipuanpho, Tuikual, Sakhisih, Damdiai, Chite, Tuirini, Tuivawl, Lawibual, Challui, Mat, Siakah, Chhimtuipui, Tuikum, Sesah, Phe, Teirei, Tut, Tuichhuahen, Tiau, Tuipui, Nongal, Simsang, Ganol, Damring, Waikhrwi, Kwai, Teirei, Khawthlangtuipui, Ngengpui Stream, Vantawng, Sderkariah, Laitryngew, Wahkhlek Khlek, Wahrew, Umngi, Rwiang, Kalipai, Kmai Um, Lukha, Myntdu, Lamu, Lynriang, Thlu Umwi, Simsang, Teesta, Sonai, Ranganadi, Rangit, Ranichu, Kapili, Karola, Kathakal, Kharsang, Kohora, Kolong, Kundli, Kushiara, Manu, Nonbah, Kynshi, Wah Blei, Lohit, Manas, Maney Khola, Ganol Tura, Milak, Namchik, Noa Dihing, Pachin, Pagldia, Panchnoi, Poma, Yomgo And Mora -",BHOGDOI,21.0,33.0,5.2,8.5,,6.6  7.3,140,258,1.9,2.5,0.60,1.40,360,910,910,2000
2023,3769,"RIVER BHOGDOI (PUJADUBI GHAT) INTAKE POINT OF URBAN WATER SUPPLY, JORHAT",ASSAM,"Tributary Streams - Burhidihing, Dhansiri, Bharalu, Dikrong, Gai Nadi, Digaru, Digboi, Dikhow, Kaljani, Gabharu, Tocklai, Tunia, Larsing, Dhateshwari, Demow, Borsila, Barak, Dibang, Dihing, Senki, Dorika, Subansiri, Siang, Baralia, Tihu, Singra, Damring, Manda, Dikchu, Dzu, Kha Ru, Dzucha, Torsa, Beki, Bereng, Bhogdoi, Jhanji, Jia Bharali, Sankosh, Sanuo Ru, Boginadi, Rilang, Myntang, Tlawng, Tuirial, Serlui, Vaipuanpho, Tuikual, Sakhisih, Damdiai, Chite, Tuirini, Tuivawl, Lawibual, Challui, Mat, Siakah, Chhimtuipui, Tuikum, Sesah, Phe, Teirei, Tut, Tuichhuahen, Tiau, Tuipui, Nongal, Simsang, Ganol, Damring, Waikhrwi, Kwai, Teirei, Khawthlangtuipui, Ngengpui Stream, Vantawng, Sderkariah, Laitryngew, Wahkhlek Khlek, Wahrew, Umngi, Rwiang, Kalipai, Kmai Um, Lukha, Myntdu, Lamu, Lynriang, Thlu Umwi, Simsang, Teesta, Sonai, Ranganadi, Rangit, Ranichu, Kapili, Karola, Kathakal, Kharsang, Kohora, Kolong, Kundli, Kushiara, Manu, Nonbah, Kynshi, Wah Blei, Lohit, Manas, Maney Khola, Ganol Tura, Milak, Namchik, Noa Dihing, Pachin, Pagldia, Panchnoi, Poma, Yomgo And Mora -",,21.0,33.0,6.0,8.0,,6.6  7.7,138,228,1.6,2.8,0.60,1.40,300,730,700,1100
2023,1258,"RIVER JHANJI AT N.H. CROSSING JORHAT, ASSAM",ASSAM,"Tributary Streams - Burhidihing, Dhansiri, Bharalu, Dikrong, Gai Nadi, Digaru, Digboi, Dikhow, Kaljani, Gabharu, Tocklai, Tunia, Larsing, Dhateshwari, Demow, Borsila, Barak, Dibang, Dihing, Senki, Dorika, Subansiri, Siang, Baralia, Tihu, Singra, Damring, Manda, Dikchu, Dzu, Kha Ru, Dzucha, Torsa, Beki, Bereng, Bhogdoi, Jhanji, Jia Bharali, Sankosh, Sanuo Ru, Boginadi, Rilang, Myntang, Tlawng, Tuirial, Serlui, Vaipuanpho, Tuikual, Sakhisih, Damdiai, Chite, Tuirini, Tuivawl, Lawibual, Challui, Mat, Siakah, Chhimtuipui, Tuikum, Sesah, Phe, Teirei, Tut, Tuichhuahen, Tiau, Tuipui, Nongal, Simsang, Ganol, Damring, Waikhrwi, Kwai, Teirei, Khawthlangtuipui, Ngengpui Stream, Vantawng, Sderkariah, Laitryngew, Wahkhlek Khlek, Wahrew, Umngi, Rwiang, Kalipai, Kmai Um, Lukha, Myntdu, Lamu, Lynriang, Thlu Umwi, Simsang, Teesta, Sonai, Ranganadi, Rangit, Ranichu, Kapili, Karola, Kathakal, Kharsang, Kohora, Kolong, Kundli, Kushiara, Manu, Nonbah, Kynshi, Wah Blei, Lohit, Manas, Maney Khola, Ganol Tura, Milak, Namchik, Noa Dihing, Pachin, Pagldia, Panchnoi, Poma, Yomgo And Mora -",JHANJI,19.0,32.0,5.5,8.1,,6.6  7.4,110,132,2.1,2.6,0.60,1.40,300,360,720,2100
2023,2239,"RIVER SANKOSH DHUBRI, ASSAM",ASSAM,"Tributary Streams - Burhidihing, Dhansiri, Bharalu, Dikrong, Gai Nadi, Digaru, Digboi, Dikhow, Kaljani, Gabharu, Tocklai, Tunia, Larsing, Dhateshwari, Demow, Borsila, Barak, Dibang, Dihing, Senki, Dorika, Subansiri, Siang, Baralia, Tihu, Singra, Damring, Manda, Dikchu, Dzu, Kha Ru, Dzucha, Torsa, Beki, Bereng, Bhogdoi, Jhanji, Jia Bharali, Sankosh, Sanuo Ru, Boginadi, Rilang, Myntang, Tlawng, Tuirial, Serlui, Vaipuanpho, Tuikual, Sakhisih, Damdiai, Chite, Tuirini, Tuivawl, Lawibual, Challui, Mat, Siakah, Chhimtuipui, Tuikum, Sesah, Phe, Teirei, Tut, Tuichhuahen, Tiau, Tuipui, Nongal, Simsang, Ganol, Damring, Waikhrwi, Kwai, Teirei, Khawthlangtuipui, Ngengpui Stream, Vantawng, Sderkariah, Laitryngew, Wahkhlek Khlek, Wahrew, Umngi, Rwiang, Kalipai, Kmai Um, Lukha, Myntdu, Lamu, Lynriang, Thlu Umwi, Simsang, Teesta, Sonai, Ranganadi, Rangit, Ranichu, Kapili, Karola, Kathakal, Kharsang, Kohora, Kolong, Kundli, Kushiara, Manu, Nonbah, Kynshi, Wah Blei, Lohit, Manas, Maney Khola, Ganol Tura, Milak, Namchik, Noa Dihing, Pachin, Pagldia, Panchnoi, Poma, Yomgo And Mora -",,21.0,33.0,5.2,5.4,,6.9  7.7,126,152,2.0,2.5,0.60,1.80,300,910,620,2000
2023,2890,SANUO RU BELOW NEW SECRETARIAT,NAGALAND,"Tributary Streams - Burhidihing, Dhansiri, Bharalu, Dikrong, Gai Nadi, Digaru, Digboi, Dikhow, Kaljani, Gabharu, Tocklai, Tunia, Larsing, Dhateshwari, Demow, Borsila, Barak, Dibang, Dihing, Senki, Dorika, Subansiri, Siang, Baralia, Tihu, Singra, Damring, Manda, Dikchu, Dzu, Kha Ru, Dzucha, Torsa, Beki, Bereng, Bhogdoi, Jhanji, Jia Bharali, Sankosh, Sanuo Ru, Boginadi, Rilang, Myntang, Tlawng, Tuirial, Serlui, Vaipuanpho, Tuikual, Sakhisih, Damdiai, Chite, Tuirini, Tuivawl, Lawibual, Challui, Mat, Siakah, Chhimtuipui, Tuikum, Sesah, Phe, Teirei, Tut, Tuichhuahen, Tiau, Tuipui, Nongal, Simsang, Ganol, Damring, Waikhrwi, Kwai, Teirei, Khawthlangtuipui, Ngengpui Stream, Vantawng, Sderkariah, Laitryngew, Wahkhlek Khlek, Wahrew, Umngi, Rwiang, Kalipai, Kmai Um, Lukha, Myntdu, Lamu, Lynriang, Thlu Umwi, Simsang, Teesta, Sonai, Ranganadi, Rangit, Ranichu, Kapili, Karola, Kathakal, Kharsang, Kohora, Kolong, Kundli, Kushiara, Manu, Nonbah, Kynshi, Wah Blei, Lohit, Manas, Maney Khola, Ganol Tura, Milak, Namchik, Noa Dihing, Pachin, Pagldia, Panchnoi, Poma, Yomgo And Mora -",,17.4,26.1,6.3,7.5,,6.5  9.0,152,754,1.4,2.0,0.30,4.80,,,,
2023,2233,"RIVER BOGINADI NEAR BRIDGE NH-52, LAKHIMPUR, ASSAM",ASSAM,"Tributary Streams - Burhidihing, Dhansiri, Bharalu, Dikrong, Gai Nadi, Digaru, Digboi, Dikhow, Kaljani, Gabharu, Tocklai, Tunia, Larsing, Dhateshwari, Demow, Borsila, Barak, Dibang, Dihing, Senki, Dorika, Subansiri, Siang, Baralia, Tihu, Singra, Damring, Manda, Dikchu, Dzu, Kha Ru, Dzucha, Torsa, Beki, Bereng, Bhogdoi, Jhanji, Jia Bharali, Sankosh, Sanuo Ru, Boginadi, Rilang, Myntang, Tlawng, Tuirial, Serlui, Vaipuanpho, Tuikual, Sakhisih, Damdiai, Chite, Tuirini, Tuivawl, Lawibual, Challui, Mat, Siakah, Chhimtuipui, Tuikum, Sesah, Phe, Teirei, Tut, Tuichhuahen, Tiau, Tuipui, Nongal, Simsang, Ganol, Damring, Waikhrwi, Kwai, Teirei, Khawthlangtuipui, Ngengpui Stream, Vantawng, Sderkariah, Laitryngew, Wahkhlek Khlek, Wahrew, Umngi, Rwiang, Kalipai, Kmai Um, Lukha, Myntdu, Lamu, Lynriang, Thlu Umwi, Simsang, Teesta, Sonai, Ranganadi, Rangit, Ranichu, Kapili, Karola, Kathakal, Kharsang, Kohora, Kolong, Kundli, Kushiara, Manu, Nonbah, Kynshi, Wah Blei, Lohit, Manas, Maney Khola, Ganol Tura, Milak, Namchik, Noa Dihing, Pachin, Pagldia, Panchnoi, Poma, Yomgo And Mora -",BOGINADI,19.0,32.0,5.5,6.3,,7.2  7.9,112,136,2.0,2.4,0.50,2.00,620,930,1300,2000
2023,3372,"RIVER RILANG AT MAWKYRWAT,",MEGHALAYA,"Tributary Streams - Burhidihing, Dhansiri, Bharalu, Dikrong, Gai Nadi, Digaru, Digboi, Dikhow, Kaljani, Gabharu, Tocklai, Tunia, Larsing, Dhateshwari, Demow, Borsila, Barak, Dibang, Dihing, Senki, Dorika, Subansiri, Siang, Baralia, Tihu, Singra, Damring, Manda, Dikchu, Dzu, Kha Ru, Dzucha, Torsa, Beki, Bereng, Bhogdoi, Jhanji, Jia Bharali, Sankosh, Sanuo Ru, Boginadi, Rilang, Myntang, Tlawng, Tuirial, Serlui, Vaipuanpho, Tuikual, Sakhisih, Damdiai, Chite, Tuirini, Tuivawl, Lawibual, Challui, Mat, Siakah, Chhimtuipui, Tuikum, Sesah, Phe, Teirei, Tut, Tuichhuahen, Tiau, Tuipui, Nongal, Simsang, Ganol, Damring, Waikhrwi, Kwai, Teirei, Khawthlangtuipui, Ngengpui Stream, Vantawng, Sderkariah, Laitryngew, Wahkhlek Khlek, Wahrew, Umngi, Rwiang, Kalipai, Kmai Um, Lukha, Myntdu, Lamu, Lynriang, Thlu Umwi, Simsang, Teesta, Sonai, Ranganadi, Rangit, Ranichu, Kapili, Karola, Kathakal, Kharsang, Kohora, Kolong, Kundli, Kushiara, Manu, Nonbah, Kynshi, Wah Blei, Lohit, Manas, Maney Khola, Ganol Tura, Milak, Namchik, Noa Dihing, Pachin, Pagldia, Panchnoi, Poma, Yomgo And Mora -",RILANG,14.0,19.0,7.3,8.8,,6.8  7.2,30,39,1.0,1.1,0.32,0.41,2,2,24,64
2023,3377,RIVER MYNTANG AT NARTIANG,MEGHALAYA,"Tributary Streams - Burhidihing, Dhansiri, Bharalu, Dikrong, Gai Nadi, Digaru, Digboi, Dikhow, Kaljani, Gabharu, Tocklai, Tunia, Larsing, Dhateshwari, Demow, Borsila, Barak, Dibang, Dihing, Senki, Dorika, Subansiri, Siang, Baralia, Tihu, Singra, Damring, Manda, Dikchu, Dzu, Kha Ru, Dzucha, Torsa, Beki, Bereng, Bhogdoi, Jhanji, Jia Bharali, Sankosh, Sanuo Ru, Boginadi, Rilang, Myntang, Tlawng, Tuirial, Serlui, Vaipuanpho, Tuikual, Sakhisih, Damdiai, Chite, Tuirini, Tuivawl, Lawibual, Challui, Mat, Siakah, Chhimtuipui, Tuikum, Sesah, Phe, Teirei, Tut, Tuichhuahen, Tiau, Tuipui, Nongal, Simsang, Ganol, Damring, Waikhrwi, Kwai, Teirei, Khawthlangtuipui, Ngengpui Stream, Vantawng, Sderkariah, Laitryngew, Wahkhlek Khlek, Wahrew, Umngi, Rwiang, Kalipai, Kmai Um, Lukha, Myntdu, Lamu, Lynriang, Thlu Umwi, Simsang, Teesta, Sonai, Ranganadi, Rangit, Ranichu, Kapili, Karola, Kathakal, Kharsang, Kohora, Kolong, Kundli, Kushiara, Manu, Nonbah, Kynshi, Wah Blei, Lohit, Manas, Maney Khola, Ganol Tura, Milak, Namchik, Noa Dihing, Pachin, Pagldia, Panchnoi, Poma, Yomgo And Mora -",MYNTANG,12.0,20.0,6.6,8.2,,6.8  7.1,34,45,1.3,2.3,0.32,5.37,2,48,230,540
2023,3378,RIVER MYNTANG AT MYNSO,MEGHALAYA,"Tributary Streams - Burhidihing, Dhansiri, Bharalu, Dikrong, Gai Nadi, Digaru, Digboi, Dikhow, Kaljani, Gabharu, Tocklai, Tunia, Larsing, Dhateshwari, Demow, Borsila, Barak, Dibang, Dihing, Senki, Dorika, Subansiri, Siang, Baralia, Tihu, Singra, Damring, Manda, Dikchu, Dzu, Kha Ru, Dzucha, Torsa, Beki, Bereng, Bhogdoi, Jhanji, Jia Bharali, Sankosh, Sanuo Ru, Boginadi, Rilang, Myntang, Tlawng, Tuirial, Serlui, Vaipuanpho, Tuikual, Sakhisih, Damdiai, Chite, Tuirini, Tuivawl, Lawibual, Challui, Mat, Siakah, Chhimtuipui, Tuikum, Sesah, Phe, Teirei, Tut, Tuichhuahen, Tiau, Tuipui, Nongal, Simsang, Ganol, Damring, Waikhrwi, Kwai, Teirei, Khawthlangtuipui, Ngengpui Stream, Vantawng, Sderkariah, Laitryngew, Wahkhlek Khlek, Wahrew, Umngi, Rwiang, Kalipai, Kmai Um, Lukha, Myntdu, Lamu, Lynriang, Thlu Umwi, Simsang, Teesta, Sonai, Ranganadi, Rangit, Ranichu, Kapili, Karola, Kathakal, Kharsang, Kohora, Kolong, Kundli, Kushiara, Manu, Nonbah, Kynshi, Wah Blei, Lohit, Manas, Maney Khola, Ganol Tura, Milak, Namchik, Noa Dihing, Pachin, Pagldia, Panchnoi, Poma, Yomgo And Mora -",MYNTANG,10.0,20.0,7.1,8.7,,6.7  7.1,36,46,1.0,1.5,0.34,5.41,2,6,23,49
2023,3380,RIVER DAMRING (KRISHNAI RIVER) AT RESUBELPARA,MEGHALAYA,"Tributary Streams - Burhidihing, Dhansiri, Bharalu, Dikrong, Gai Nadi, Digaru, Digboi, Dikhow, Kaljani, Gabharu, Tocklai, Tunia, Larsing, Dhateshwari, Demow, Borsila, Barak, Dibang, Dihing, Senki, Dorika, Subansiri, Siang, Baralia, Tihu, Singra, Damring, Manda, Dikchu, Dzu, Kha Ru, Dzucha, Torsa, Beki, Bereng, Bhogdoi, Jhanji, Jia Bharali, Sankosh, Sanuo Ru, Boginadi, Rilang, Myntang, Tlawng, Tuirial, Serlui, Vaipuanpho, Tuikual, Sakhisih, Damdiai, Chite, Tuirini, Tuivawl, Lawibual, Challui, Mat, Siakah, Chhimtuipui, Tuikum, Sesah, Phe, Teirei, Tut, Tuichhuahen, Tiau, Tuipui, Nongal, Simsang, Ganol, Damring, Waikhrwi, Kwai, Teirei, Khawthlangtuipui, Ngengpui Stream, Vantawng, Sderkariah, Laitryngew, Wahkhlek Khlek, Wahrew, Umngi, Rwiang, Kalipai, Kmai Um, Lukha, Myntdu, Lamu, Lynriang, Thlu Umwi, Simsang, Teesta, Sonai, Ranganadi, Rangit, Ranichu, Kapili, Karola, Kathakal, Kharsang, Kohora, Kolong, Kundli, Kushiara, Manu, Nonbah, Kynshi, Wah Blei, Lohit, Manas, Maney Khola, Ganol Tura, Milak, Namchik, Noa Dihing, Pachin, Pagldia, Panchnoi, Poma, Yomgo And Mora -",,15.0,22.0,7.0,7.9,,6.9  7.6,58,76,1.3,2.1,0.32,0.50,12,63,350,700
2023,3381,"RIVER MANDA (DUDHNOI RIVER) AT JAMGE,",MEGHALAYA,"Tributary Streams - Burhidihing, Dhansiri, Bharalu, Dikrong, Gai Nadi, Digaru, Digboi, Dikhow, Kaljani, Gabharu, Tocklai, Tunia, Larsing, Dhateshwari, Demow, Borsila, Barak, Dibang, Dihing, Senki, Dorika, Subansiri, Siang, Baralia, Tihu, Singra, Damring, Manda, Dikchu, Dzu, Kha Ru, Dzucha, Torsa, Beki, Bereng, Bhogdoi, Jhanji, Jia Bharali, Sankosh, Sanuo Ru, Boginadi, Rilang, Myntang, Tlawng, Tuirial, Serlui, Vaipuanpho, Tuikual, Sakhisih, Damdiai, Chite, Tuirini, Tuivawl, Lawibual, Challui, Mat, Siakah, Chhimtuipui, Tuikum, Sesah, Phe, Teirei, Tut, Tuichhuahen, Tiau, Tuipui, Nongal, Simsang, Ganol, Damring, Waikhrwi, Kwai, Teirei, Khawthlangtuipui, Ngengpui Stream, Vantawng, Sderkariah, Laitryngew, Wahkhlek Khlek, Wahrew, Umngi, Rwiang, Kalipai, Kmai Um, Lukha, Myntdu, Lamu, Lynriang, Thlu Umwi, Simsang, Teesta, Sonai, Ranganadi, Rangit, Ranichu, Kapili, Karola, Kathakal, Kharsang, Kohora, Kolong, Kundli, Kushiara, Manu, Nonbah, Kynshi, Wah Blei, Lohit, Manas, Maney Khola, Ganol Tura, Milak, Namchik, Noa Dihing, Pachin, Pagldia, Panchnoi, Poma, Yomgo And Mora -",,15.0,22.0,6.6,7.6,,6.6  6.9,60,74,1.5,2.5,0.32,0.54,23,120,310,790
2023,3382,RIVER MANDA (DUDHNOI RIVER) AT WAGEASI,MEGHALAYA,"Tributary Streams - Burhidihing, Dhansiri, Bharalu, Dikrong, Gai Nadi, Digaru, Digboi, Dikhow, Kaljani, Gabharu, Tocklai, Tunia, Larsing, Dhateshwari, Demow, Borsila, Barak, Dibang, Dihing, Senki, Dorika, Subansiri, Siang, Baralia, Tihu, Singra, Damring, Manda, Dikchu, Dzu, Kha Ru, Dzucha, Torsa, Beki, Bereng, Bhogdoi, Jhanji, Jia Bharali, Sankosh, Sanuo Ru, Boginadi, Rilang, Myntang, Tlawng, Tuirial, Serlui, Vaipuanpho, Tuikual, Sakhisih, Damdiai, Chite, Tuirini, Tuivawl, Lawibual, Challui, Mat, Siakah, Chhimtuipui, Tuikum, Sesah, Phe, Teirei, Tut, Tuichhuahen, Tiau, Tuipui, Nongal, Simsang, Ganol, Damring, Waikhrwi, Kwai, Teirei, Khawthlangtuipui, Ngengpui Stream, Vantawng, Sderkariah, Laitryngew, Wahkhlek Khlek, Wahrew, Umngi, Rwiang, Kalipai, Kmai Um, Lukha, Myntdu, Lamu, Lynriang, Thlu Umwi, Simsang, Teesta, Sonai, Ranganadi, Rangit, Ranichu, Kapili, Karola, Kathakal, Kharsang, Kohora, Kolong, Kundli, Kushiara, Manu, Nonbah, Kynshi, Wah Blei, Lohit, Manas, Maney Khola, Ganol Tura, Milak, Namchik, Noa Dihing, Pachin, Pagldia, Panchnoi, Poma, Yomgo And Mora -",,15.0,22.0,7.0,7.6,,7.0  7.5,57,77,1.5,2.3,0.32,0.45,12,110,310,630
2023,2050,"RIVER TLAWNG MID STREAM, REIEK KAI, AIZAWL,U/S OF TLAWNG BRIDGE",MIZORAM,"Tributary Streams - Burhidihing, Dhansiri, Bharalu, Dikrong, Gai Nadi, Digaru, Digboi, Dikhow, Kaljani, Gabharu, Tocklai, Tunia, Larsing, Dhateshwari, Demow, Borsila, Barak, Dibang, Dihing, Senki, Dorika, Subansiri, Siang, Baralia, Tihu, Singra, Damring, Manda, Dikchu, Dzu, Kha Ru, Dzucha, Torsa, Beki, Bereng, Bhogdoi, Jhanji, Jia Bharali, Sankosh, Sanuo Ru, Boginadi, Rilang, Myntang, Tlawng, Tuirial, Serlui, Vaipuanpho, Tuikual, Sakhisih, Damdiai, Chite, Tuirini, Tuivawl, Lawibual, Challui, Mat, Siakah, Chhimtuipui, Tuikum, Sesah, Phe, Teirei, Tut, Tuichhuahen, Tiau, Tuipui, Nongal, Simsang, Ganol, Damring, Waikhrwi, Kwai, Teirei, Khawthlangtuipui, Ngengpui Stream, Vantawng, Sderkariah, Laitryngew, Wahkhlek Khlek, Wahrew, Umngi, Rwiang, Kalipai, Kmai Um, Lukha, Myntdu, Lamu, Lynriang, Thlu Umwi, Simsang, Teesta, Sonai, Ranganadi, Rangit, Ranichu, Kapili, Karola, Kathakal, Kharsang, Kohora, Kolong, Kundli, Kushiara, Manu, Nonbah, Kynshi, Wah Blei, Lohit, Manas, Maney Khola, Ganol Tura, Milak, Namchik, Noa Dihing, Pachin, Pagldia, Panchnoi, Poma, Yomgo And Mora -",,19.0,25.0,5.1,8.2,,7.3  8.4,102,367,1.0,1.3,0.02,0.57,2,150,210,2400
2023,2051,"RIVER TLAWNG MID STREAM, REIEK KAI, AIZAWL,D/S OF TLAWNG BRIDGE",MIZORAM,"Tributary Streams - Burhidihing, Dhansiri, Bharalu, Dikrong, Gai Nadi, Digaru, Digboi, Dikhow, Kaljani, Gabharu, Tocklai, Tunia, Larsing, Dhateshwari, Demow, Borsila, Barak, Dibang, Dihing, Senki, Dorika, Subansiri, Siang, Baralia, Tihu, Singra, Damring, Manda, Dikchu, Dzu, Kha Ru, Dzucha, Torsa, Beki, Bereng, Bhogdoi, Jhanji, Jia Bharali, Sankosh, Sanuo Ru, Boginadi, Rilang, Myntang, Tlawng, Tuirial, Serlui, Vaipuanpho, Tuikual, Sakhisih, Damdiai, Chite, Tuirini, Tuivawl, Lawibual, Challui, Mat, Siakah, Chhimtuipui, Tuikum, Sesah, Phe, Teirei, Tut, Tuichhuahen, Tiau, Tuipui, Nongal, Simsang, Ganol, Damring, Waikhrwi, Kwai, Teirei, Khawthlangtuipui, Ngengpui Stream, Vantawng, Sderkariah, Laitryngew, Wahkhlek Khlek, Wahrew, Umngi, Rwiang, Kalipai, Kmai Um, Lukha, Myntdu, Lamu, Lynriang, Thlu Umwi, Simsang, Teesta, Sonai, Ranganadi, Rangit, Ranichu, Kapili, Karola, Kathakal, Kharsang, Kohora, Kolong, Kundli, Kushiara, Manu, Nonbah, Kynshi, Wah Blei, Lohit, Manas, Maney Khola, Ganol Tura, Milak, Namchik, Noa Dihing, Pachin, Pagldia, Panchnoi, Poma, Yomgo And Mora -",,19.0,25.0,5.3,8.4,,7.3  8.3,110,364,1.0,1.5,0.02,0.60,2,150,210,2400
2023,2053,"RIVER TUIRIAL MID STREAM, TUIRIAL VILLAGE,D/S OF TUIRIAL BRIDGE",MIZORAM,"Tributary Streams - Burhidihing, Dhansiri, Bharalu, Dikrong, Gai Nadi, Digaru, Digboi, Dikhow, Kaljani, Gabharu, Tocklai, Tunia, Larsing, Dhateshwari, Demow, Borsila, Barak, Dibang, Dihing, Senki, Dorika, Subansiri, Siang, Baralia, Tihu, Singra, Damring, Manda, Dikchu, Dzu, Kha Ru, Dzucha, Torsa, Beki, Bereng, Bhogdoi, Jhanji, Jia Bharali, Sankosh, Sanuo Ru, Boginadi, Rilang, Myntang, Tlawng, Tuirial, Serlui, Vaipuanpho, Tuikual, Sakhisih, Damdiai, Chite, Tuirini, Tuivawl, Lawibual, Challui, Mat, Siakah, Chhimtuipui, Tuikum, Sesah, Phe, Teirei, Tut, Tuichhuahen, Tiau, Tuipui, Nongal, Simsang, Ganol, Damring, Waikhrwi, Kwai, Teirei, Khawthlangtuipui, Ngengpui Stream, Vantawng, Sderkariah, Laitryngew, Wahkhlek Khlek, Wahrew, Umngi, Rwiang, Kalipai, Kmai Um, Lukha, Myntdu, Lamu, Lynriang, Thlu Umwi, Simsang, Teesta, Sonai, Ranganadi, Rangit, Ranichu, Kapili, Karola, Kathakal, Kharsang, Kohora, Kolong, Kundli, Kushiara, Manu, Nonbah, Kynshi, Wah Blei, Lohit, Manas, Maney Khola, Ganol Tura, Milak, Namchik, Noa Dihing, Pachin, Pagldia, Panchnoi, Poma, Yomgo And Mora -",,19.0,24.0,4.2,8.3,,6.7  8.4,145,428,1.0,1.2,0.02,1.08,3,240,1100,2400
2023,3709,RIVER TLAWNG SAIRANG,MIZORAM,"Tributary Streams - Burhidihing, Dhansiri, Bharalu, Dikrong, Gai Nadi, Digaru, Digboi, Dikhow, Kaljani, Gabharu, Tocklai, Tunia, Larsing, Dhateshwari, Demow, Borsila, Barak, Dibang, Dihing, Senki, Dorika, Subansiri, Siang, Baralia, Tihu, Singra, Damring, Manda, Dikchu, Dzu, Kha Ru, Dzucha, Torsa, Beki, Bereng, Bhogdoi, Jhanji, Jia Bharali, Sankosh, Sanuo Ru, Boginadi, Rilang, Myntang, Tlawng, Tuirial, Serlui, Vaipuanpho, Tuikual, Sakhisih, Damdiai, Chite, Tuirini, Tuivawl, Lawibual, Challui, Mat, Siakah, Chhimtuipui, Tuikum, Sesah, Phe, Teirei, Tut, Tuichhuahen, Tiau, Tuipui, Nongal, Simsang, Ganol, Damring, Waikhrwi, Kwai, Teirei, Khawthlangtuipui, Ngengpui Stream, Vantawng, Sderkariah, Laitryngew, Wahkhlek Khlek, Wahrew, Umngi, Rwiang, Kalipai, Kmai Um, Lukha, Myntdu, Lamu, Lynriang, Thlu Umwi, Simsang, Teesta, Sonai, Ranganadi, Rangit, Ranichu, Kapili, Karola, Kathakal, Kharsang, Kohora, Kolong, Kundli, Kushiara, Manu, Nonbah, Kynshi, Wah Blei, Lohit, Manas, Maney Khola, Ganol Tura, Milak, Namchik, Noa Dihing, Pachin, Pagldia, Panchnoi, Poma, Yomgo And Mora -",,19.0,26.0,,5.7  10.6  7.2  8.6,,,131,329,1.0,1.8,0.02,4.88,2,240,1100,2400
2023,3754,"RIVER TLAWNG D/S, RIMAWI VENG, BAIRABI,KOLASIB DIST.",MIZORAM,"Tributary Streams - Burhidihing, Dhansiri, Bharalu, Dikrong, Gai Nadi, Digaru, Digboi, Dikhow, Kaljani, Gabharu, Tocklai, Tunia, Larsing, Dhateshwari, Demow, Borsila, Barak, Dibang, Dihing, Senki, Dorika, Subansiri, Siang, Baralia, Tihu, Singra, Damring, Manda, Dikchu, Dzu, Kha Ru, Dzucha, Torsa, Beki, Bereng, Bhogdoi, Jhanji, Jia Bharali, Sankosh, Sanuo Ru, Boginadi, Rilang, Myntang, Tlawng, Tuirial, Serlui, Vaipuanpho, Tuikual, Sakhisih, Damdiai, Chite, Tuirini, Tuivawl, Lawibual, Challui, Mat, Siakah, Chhimtuipui, Tuikum, Sesah, Phe, Teirei, Tut, Tuichhuahen, Tiau, Tuipui, Nongal, Simsang, Ganol, Damring, Waikhrwi, Kwai, Teirei, Khawthlangtuipui, Ngengpui Stream, Vantawng, Sderkariah, Laitryngew, Wahkhlek Khlek, Wahrew, Umngi, Rwiang, Kalipai, Kmai Um, Lukha, Myntdu, Lamu, Lynriang, Thlu Umwi, Simsang, Teesta, Sonai, Ranganadi, Rangit, Ranichu, Kapili, Karola, Kathakal, Kharsang, Kohora, Kolong, Kundli, Kushiara, Manu, Nonbah, Kynshi, Wah Blei, Lohit, Manas, Maney Khola, Ganol Tura, Milak, Namchik, Noa Dihing, Pachin, Pagldia, Panchnoi, Poma, Yomgo And Mora -",TLAWNG,11.0,25.0,,5.5  10.0  6.8  7.9,,,148,280,1.0,1.6,0.02,2.40,,,,
2023,4121,"RIVER TLAWNG D/S,SUARPUI, BAIRABI HEPP DAM SITE, BAIRABI,KOLASIB DIST.",MIZORAM,"Tributary Streams - Burhidihing, Dhansiri, Bharalu, Dikrong, Gai Nadi, Digaru, Digboi, Dikhow, Kaljani, Gabharu, Tocklai, Tunia, Larsing, Dhateshwari, Demow, Borsila, Barak, Dibang, Dihing, Senki, Dorika, Subansiri, Siang, Baralia, Tihu, Singra, Damring, Manda, Dikchu, Dzu, Kha Ru, Dzucha, Torsa, Beki, Bereng, Bhogdoi, Jhanji, Jia Bharali, Sankosh, Sanuo Ru, Boginadi, Rilang, Myntang, Tlawng, Tuirial, Serlui, Vaipuanpho, Tuikual, Sakhisih, Damdiai, Chite, Tuirini, Tuivawl, Lawibual, Challui, Mat, Siakah, Chhimtuipui, Tuikum, Sesah, Phe, Teirei, Tut, Tuichhuahen, Tiau, Tuipui, Nongal, Simsang, Ganol, Damring, Waikhrwi, Kwai, Teirei, Khawthlangtuipui, Ngengpui Stream, Vantawng, Sderkariah, Laitryngew, Wahkhlek Khlek, Wahrew, Umngi, Rwiang, Kalipai, Kmai Um, Lukha, Myntdu, Lamu, Lynriang, Thlu Umwi, Simsang, Teesta, Sonai, Ranganadi, Rangit, Ranichu, Kapili, Karola, Kathakal, Kharsang, Kohora, Kolong, Kundli, Kushiara, Manu, Nonbah, Kynshi, Wah Blei, Lohit, Manas, Maney Khola, Ganol Tura, Milak, Namchik, Noa Dihing, Pachin, Pagldia, Panchnoi, Poma, Yomgo And Mora -",TLAWNG,10.0,25.0,5.4,7.5,,6.8  8.1,107,265,1.0,1.4,0.02,1.80,,,,
2023,3734,"RIVER TLAWNG U/S, ZOBAWK VILLAGE, LUNGLEI DIST.",MIZORAM,"Tributary Streams - Burhidihing, Dhansiri, Bharalu, Dikrong, Gai Nadi, Digaru, Digboi, Dikhow, Kaljani, Gabharu, Tocklai, Tunia, Larsing, Dhateshwari, Demow, Borsila, Barak, Dibang, Dihing, Senki, Dorika, Subansiri, Siang, Baralia, Tihu, Singra, Damring, Manda, Dikchu, Dzu, Kha Ru, Dzucha, Torsa, Beki, Bereng, Bhogdoi, Jhanji, Jia Bharali, Sankosh, Sanuo Ru, Boginadi, Rilang, Myntang, Tlawng, Tuirial, Serlui, Vaipuanpho, Tuikual, Sakhisih, Damdiai, Chite, Tuirini, Tuivawl, Lawibual, Challui, Mat, Siakah, Chhimtuipui, Tuikum, Sesah, Phe, Teirei, Tut, Tuichhuahen, Tiau, Tuipui, Nongal, Simsang, Ganol, Damring, Waikhrwi, Kwai, Teirei, Khawthlangtuipui, Ngengpui Stream, Vantawng, Sderkariah, Laitryngew, Wahkhlek Khlek, Wahrew, Umngi, Rwiang, Kalipai, Kmai Um, Lukha, Myntdu, Lamu, Lynriang, Thlu Umwi, Simsang, Teesta, Sonai, Ranganadi, Rangit, Ranichu, Kapili, Karola, Kathakal, Kharsang, Kohora, Kolong, Kundli, Kushiara, Manu, Nonbah, Kynshi, Wah Blei, Lohit, Manas, Maney Khola, Ganol Tura, Milak, Namchik, Noa Dihing, Pachin, Pagldia, Panchnoi, Poma, Yomgo And Mora -",TLAWNG,14.0,26.0,6.9,9.6,,6.1  7.2,36,214,1.0,1.4,0.02,5.28,,,,
2023,3736,"RIVER TLAWNG U/S, PIALTHLENG ZOTLANG, LUNGLEI",MIZORAM,"Tributary Streams - Burhidihing, Dhansiri, Bharalu, Dikrong, Gai Nadi, Digaru, Digboi, Dikhow, Kaljani, Gabharu, Tocklai, Tunia, Larsing, Dhateshwari, Demow, Borsila, Barak, Dibang, Dihing, Senki, Dorika, Subansiri, Siang, Baralia, Tihu, Singra, Damring, Manda, Dikchu, Dzu, Kha Ru, Dzucha, Torsa, Beki, Bereng, Bhogdoi, Jhanji, Jia Bharali, Sankosh, Sanuo Ru, Boginadi, Rilang, Myntang, Tlawng, Tuirial, Serlui, Vaipuanpho, Tuikual, Sakhisih, Damdiai, Chite, Tuirini, Tuivawl, Lawibual, Challui, Mat, Siakah, Chhimtuipui, Tuikum, Sesah, Phe, Teirei, Tut, Tuichhuahen, Tiau, Tuipui, Nongal, Simsang, Ganol, Damring, Waikhrwi, Kwai, Teirei, Khawthlangtuipui, Ngengpui Stream, Vantawng, Sderkariah, Laitryngew, Wahkhlek Khlek, Wahrew, Umngi, Rwiang, Kalipai, Kmai Um, Lukha, Myntdu, Lamu, Lynriang, Thlu Umwi, Simsang, Teesta, Sonai, Ranganadi, Rangit, Ranichu, Kapili, Karola, Kathakal, Kharsang, Kohora, Kolong, Kundli, Kushiara, Manu, Nonbah, Kynshi, Wah Blei, Lohit, Manas, Maney Khola, Ganol Tura, Milak, Namchik, Noa Dihing, Pachin, Pagldia, Panchnoi, Poma, Yomgo And Mora -",TLAWNG,20.0,28.0,6.2,9.2,,7.3  8.0,77,225,1.1,1.3,0.02,0.96,,,,
2023,3710,"RIVER, SERLUI STREAM, REIEK KAI, NEAR PHE WATER TREATMENT PLANT, AIZAWL",MIZORAM,"Tributary Streams - Burhidihing, Dhansiri, Bharalu, Dikrong, Gai Nadi, Digaru, Digboi, Dikhow, Kaljani, Gabharu, Tocklai, Tunia, Larsing, Dhateshwari, Demow, Borsila, Barak, Dibang, Dihing, Senki, Dorika, Subansiri, Siang, Baralia, Tihu, Singra, Damring, Manda, Dikchu, Dzu, Kha Ru, Dzucha, Torsa, Beki, Bereng, Bhogdoi, Jhanji, Jia Bharali, Sankosh, Sanuo Ru, Boginadi, Rilang, Myntang, Tlawng, Tuirial, Serlui, Vaipuanpho, Tuikual, Sakhisih, Damdiai, Chite, Tuirini, Tuivawl, Lawibual, Challui, Mat, Siakah, Chhimtuipui, Tuikum, Sesah, Phe, Teirei, Tut, Tuichhuahen, Tiau, Tuipui, Nongal, Simsang, Ganol, Damring, Waikhrwi, Kwai, Teirei, Khawthlangtuipui, Ngengpui Stream, Vantawng, Sderkariah, Laitryngew, Wahkhlek Khlek, Wahrew, Umngi, Rwiang, Kalipai, Kmai Um, Lukha, Myntdu, Lamu, Lynriang, Thlu Umwi, Simsang, Teesta, Sonai, Ranganadi, Rangit, Ranichu, Kapili, Karola, Kathakal, Kharsang, Kohora, Kolong, Kundli, Kushiara, Manu, Nonbah, Kynshi, Wah Blei, Lohit, Manas, Maney Khola, Ganol Tura, Milak, Namchik, Noa Dihing, Pachin, Pagldia, Panchnoi, Poma, Yomgo And Mora -",,18.0,24.0,5.7,8.2,,7.3  8.5,18,422,1.0,1.3,,0.02  31.02,,,,
2023,3711,"VAIPUANPHO STREAM, AILAWNG, MAMIT DIST.",MIZORAM,"Tributary Streams - Burhidihing, Dhansiri, Bharalu, Dikrong, Gai Nadi, Digaru, Digboi, Dikhow, Kaljani, Gabharu, Tocklai, Tunia, Larsing, Dhateshwari, Demow, Borsila, Barak, Dibang, Dihing, Senki, Dorika, Subansiri, Siang, Baralia, Tihu, Singra, Damring, Manda, Dikchu, Dzu, Kha Ru, Dzucha, Torsa, Beki, Bereng, Bhogdoi, Jhanji, Jia Bharali, Sankosh, Sanuo Ru, Boginadi, Rilang, Myntang, Tlawng, Tuirial, Serlui, Vaipuanpho, Tuikual, Sakhisih, Damdiai, Chite, Tuirini, Tuivawl, Lawibual, Challui, Mat, Siakah, Chhimtuipui, Tuikum, Sesah, Phe, Teirei, Tut, Tuichhuahen, Tiau, Tuipui, Nongal, Simsang, Ganol, Damring, Waikhrwi, Kwai, Teirei, Khawthlangtuipui, Ngengpui Stream, Vantawng, Sderkariah, Laitryngew, Wahkhlek Khlek, Wahrew, Umngi, Rwiang, Kalipai, Kmai Um, Lukha, Myntdu, Lamu, Lynriang, Thlu Umwi, Simsang, Teesta, Sonai, Ranganadi, Rangit, Ranichu, Kapili, Karola, Kathakal, Kharsang, Kohora, Kolong, Kundli, Kushiara, Manu, Nonbah, Kynshi, Wah Blei, Lohit, Manas, Maney Khola, Ganol Tura, Milak, Namchik, Noa Dihing, Pachin, Pagldia, Panchnoi, Poma, Yomgo And Mora -",,20.0,24.0,4.9,8.2,,7.2  8.1,38,126,1.0,1.3,0.02,0.92,,,,
2023,3712,"TUIKUAL STREAM, D/S, REIEK KAI, NEAR PHE WATER TREATMENT PLANT, AIZAWL",MIZORAM,"Tributary Streams - Burhidihing, Dhansiri, Bharalu, Dikrong, Gai Nadi, Digaru, Digboi, Dikhow, Kaljani, Gabharu, Tocklai, Tunia, Larsing, Dhateshwari, Demow, Borsila, Barak, Dibang, Dihing, Senki, Dorika, Subansiri, Siang, Baralia, Tihu, Singra, Damring, Manda, Dikchu, Dzu, Kha Ru, Dzucha, Torsa, Beki, Bereng, Bhogdoi, Jhanji, Jia Bharali, Sankosh, Sanuo Ru, Boginadi, Rilang, Myntang, Tlawng, Tuirial, Serlui, Vaipuanpho, Tuikual, Sakhisih, Damdiai, Chite, Tuirini, Tuivawl, Lawibual, Challui, Mat, Siakah, Chhimtuipui, Tuikum, Sesah, Phe, Teirei, Tut, Tuichhuahen, Tiau, Tuipui, Nongal, Simsang, Ganol, Damring, Waikhrwi, Kwai, Teirei, Khawthlangtuipui, Ngengpui Stream, Vantawng, Sderkariah, Laitryngew, Wahkhlek Khlek, Wahrew, Umngi, Rwiang, Kalipai, Kmai Um, Lukha, Myntdu, Lamu, Lynriang, Thlu Umwi, Simsang, Teesta, Sonai, Ranganadi, Rangit, Ranichu, Kapili, Karola, Kathakal, Kharsang, Kohora, Kolong, Kundli, Kushiara, Manu, Nonbah, Kynshi, Wah Blei, Lohit, Manas, Maney Khola, Ganol Tura, Milak, Namchik, Noa Dihing, Pachin, Pagldia, Panchnoi, Poma, Yomgo And Mora -",,19.0,25.0,3.9,8.2,,7.6  8.4,113,359,1.0,5.5,0.02,1.42,2,210,210,2400
2023,3713,"SAKHISIH STREAM, MISSION VENGTHLANG, AIZAWL",MIZORAM,"Tributary Streams - Burhidihing, Dhansiri, Bharalu, Dikrong, Gai Nadi, Digaru, Digboi, Dikhow, Kaljani, Gabharu, Tocklai, Tunia, Larsing, Dhateshwari, Demow, Borsila, Barak, Dibang, Dihing, Senki, Dorika, Subansiri, Siang, Baralia, Tihu, Singra, Damring, Manda, Dikchu, Dzu, Kha Ru, Dzucha, Torsa, Beki, Bereng, Bhogdoi, Jhanji, Jia Bharali, Sankosh, Sanuo Ru, Boginadi, Rilang, Myntang, Tlawng, Tuirial, Serlui, Vaipuanpho, Tuikual, Sakhisih, Damdiai, Chite, Tuirini, Tuivawl, Lawibual, Challui, Mat, Siakah, Chhimtuipui, Tuikum, Sesah, Phe, Teirei, Tut, Tuichhuahen, Tiau, Tuipui, Nongal, Simsang, Ganol, Damring, Waikhrwi, Kwai, Teirei, Khawthlangtuipui, Ngengpui Stream, Vantawng, Sderkariah, Laitryngew, Wahkhlek Khlek, Wahrew, Umngi, Rwiang, Kalipai, Kmai Um, Lukha, Myntdu, Lamu, Lynriang, Thlu Umwi, Simsang, Teesta, Sonai, Ranganadi, Rangit, Ranichu, Kapili, Karola, Kathakal, Kharsang, Kohora, Kolong, Kundli, Kushiara, Manu, Nonbah, Kynshi, Wah Blei, Lohit, Manas, Maney Khola, Ganol Tura, Milak, Namchik, Noa Dihing, Pachin, Pagldia, Panchnoi, Poma, Yomgo And Mora -",,15.0,24.0,4.1,6.9,,5.6  8.1,182,746,1.0,2.9,,0.02  10.92,,,,
2023,3714,"RIVER TUIRIAL UPSTREAM, SUMSUIH,AIZAWL DIST",MIZORAM,"Tributary Streams - Burhidihing, Dhansiri, Bharalu, Dikrong, Gai Nadi, Digaru, Digboi, Dikhow, Kaljani, Gabharu, Tocklai, Tunia, Larsing, Dhateshwari, Demow, Borsila, Barak, Dibang, Dihing, Senki, Dorika, Subansiri, Siang, Baralia, Tihu, Singra, Damring, Manda, Dikchu, Dzu, Kha Ru, Dzucha, Torsa, Beki, Bereng, Bhogdoi, Jhanji, Jia Bharali, Sankosh, Sanuo Ru, Boginadi, Rilang, Myntang, Tlawng, Tuirial, Serlui, Vaipuanpho, Tuikual, Sakhisih, Damdiai, Chite, Tuirini, Tuivawl, Lawibual, Challui, Mat, Siakah, Chhimtuipui, Tuikum, Sesah, Phe, Teirei, Tut, Tuichhuahen, Tiau, Tuipui, Nongal, Simsang, Ganol, Damring, Waikhrwi, Kwai, Teirei, Khawthlangtuipui, Ngengpui Stream, Vantawng, Sderkariah, Laitryngew, Wahkhlek Khlek, Wahrew, Umngi, Rwiang, Kalipai, Kmai Um, Lukha, Myntdu, Lamu, Lynriang, Thlu Umwi, Simsang, Teesta, Sonai, Ranganadi, Rangit, Ranichu, Kapili, Karola, Kathakal, Kharsang, Kohora, Kolong, Kundli, Kushiara, Manu, Nonbah, Kynshi, Wah Blei, Lohit, Manas, Maney Khola, Ganol Tura, Milak, Namchik, Noa Dihing, Pachin, Pagldia, Panchnoi, Poma, Yomgo And Mora -",,11.0,22.0,6.6,7.8,,6.0  7.6,24,280,1.0,1.8,0.02,1.30,,,,
2023,3715,"RIVER TUIRIAL MID STREAM, AIRFIELD, U/S OF TUIRIAL WASTE MANAGEMENT CENTRE,AIZAWL DIST.",MIZORAM,"Tributary Streams - Burhidihing, Dhansiri, Bharalu, Dikrong, Gai Nadi, Digaru, Digboi, Dikhow, Kaljani, Gabharu, Tocklai, Tunia, Larsing, Dhateshwari, Demow, Borsila, Barak, Dibang, Dihing, Senki, Dorika, Subansiri, Siang, Baralia, Tihu, Singra, Damring, Manda, Dikchu, Dzu, Kha Ru, Dzucha, Torsa, Beki, Bereng, Bhogdoi, Jhanji, Jia Bharali, Sankosh, Sanuo Ru, Boginadi, Rilang, Myntang, Tlawng, Tuirial, Serlui, Vaipuanpho, Tuikual, Sakhisih, Damdiai, Chite, Tuirini, Tuivawl, Lawibual, Challui, Mat, Siakah, Chhimtuipui, Tuikum, Sesah, Phe, Teirei, Tut, Tuichhuahen, Tiau, Tuipui, Nongal, Simsang, Ganol, Damring, Waikhrwi, Kwai, Teirei, Khawthlangtuipui, Ngengpui Stream, Vantawng, Sderkariah, Laitryngew, Wahkhlek Khlek, Wahrew, Umngi, Rwiang, Kalipai, Kmai Um, Lukha, Myntdu, Lamu, Lynriang, Thlu Umwi, Simsang, Teesta, Sonai, Ranganadi, Rangit, Ranichu, Kapili, Karola, Kathakal, Kharsang, Kohora, Kolong, Kundli, Kushiara, Manu, Nonbah, Kynshi, Wah Blei, Lohit, Manas, Maney Khola, Ganol Tura, Milak, Namchik, Noa Dihing, Pachin, Pagldia, Panchnoi, Poma, Yomgo And Mora -",,19.0,24.0,4.2,8.1,,7.4  8.4,143,413,1.0,1.4,0.02,5.32,,,,
2023,4118,"RIVER TUIRIAL D/S, HEPP DAM, SAIPUM, KOLASIB DIST.",MIZORAM,"Tributary Streams - Burhidihing, Dhansiri, Bharalu, Dikrong, Gai Nadi, Digaru, Digboi, Dikhow, Kaljani, Gabharu, Tocklai, Tunia, Larsing, Dhateshwari, Demow, Borsila, Barak, Dibang, Dihing, Senki, Dorika, Subansiri, Siang, Baralia, Tihu, Singra, Damring, Manda, Dikchu, Dzu, Kha Ru, Dzucha, Torsa, Beki, Bereng, Bhogdoi, Jhanji, Jia Bharali, Sankosh, Sanuo Ru, Boginadi, Rilang, Myntang, Tlawng, Tuirial, Serlui, Vaipuanpho, Tuikual, Sakhisih, Damdiai, Chite, Tuirini, Tuivawl, Lawibual, Challui, Mat, Siakah, Chhimtuipui, Tuikum, Sesah, Phe, Teirei, Tut, Tuichhuahen, Tiau, Tuipui, Nongal, Simsang, Ganol, Damring, Waikhrwi, Kwai, Teirei, Khawthlangtuipui, Ngengpui Stream, Vantawng, Sderkariah, Laitryngew, Wahkhlek Khlek, Wahrew, Umngi, Rwiang, Kalipai, Kmai Um, Lukha, Myntdu, Lamu, Lynriang, Thlu Umwi, Simsang, Teesta, Sonai, Ranganadi, Rangit, Ranichu, Kapili, Karola, Kathakal, Kharsang, Kohora, Kolong, Kundli, Kushiara, Manu, Nonbah, Kynshi, Wah Blei, Lohit, Manas, Maney Khola, Ganol Tura, Milak, Namchik, Noa Dihing, Pachin, Pagldia, Panchnoi, Poma, Yomgo And Mora -",TUIRIAL,19.0,36.0,5.3,9.1,,6.9  7.5,81,119,1.0,1.4,0.02,0.78,,,,
2023,3717,"RIVER TUIRIAL MID STREAM, AIRFIELD, D/S OF TUIRIAL WASTE MANAGEMENT CENTRE,AIZAWL DIST",MIZORAM,"Tributary Streams - Burhidihing, Dhansiri, Bharalu, Dikrong, Gai Nadi, Digaru, Digboi, Dikhow, Kaljani, Gabharu, Tocklai, Tunia, Larsing, Dhateshwari, Demow, Borsila, Barak, Dibang, Dihing, Senki, Dorika, Subansiri, Siang, Baralia, Tihu, Singra, Damring, Manda, Dikchu, Dzu, Kha Ru, Dzucha, Torsa, Beki, Bereng, Bhogdoi, Jhanji, Jia Bharali, Sankosh, Sanuo Ru, Boginadi, Rilang, Myntang, Tlawng, Tuirial, Serlui, Vaipuanpho, Tuikual, Sakhisih, Damdiai, Chite, Tuirini, Tuivawl, Lawibual, Challui, Mat, Siakah, Chhimtuipui, Tuikum, Sesah, Phe, Teirei, Tut, Tuichhuahen, Tiau, Tuipui, Nongal, Simsang, Ganol, Damring, Waikhrwi, Kwai, Teirei, Khawthlangtuipui, Ngengpui Stream, Vantawng, Sderkariah, Laitryngew, Wahkhlek Khlek, Wahrew, Umngi, Rwiang, Kalipai, Kmai Um, Lukha, Myntdu, Lamu, Lynriang, Thlu Umwi, Simsang, Teesta, Sonai, Ranganadi, Rangit, Ranichu, Kapili, Karola, Kathakal, Kharsang, Kohora, Kolong, Kundli, Kushiara, Manu, Nonbah, Kynshi, Wah Blei, Lohit, Manas, Maney Khola, Ganol Tura, Milak, Namchik, Noa Dihing, Pachin, Pagldia, Panchnoi, Poma, Yomgo And Mora -",,19.0,24.0,4.1,8.2,,7.5  8.5,167,480,1.0,1.4,0.02,1.63,,,,
2023,2052,"RIVER TUIRIAL MID STREAM, TUIRIAL VILLAGE,U/S OF TUIRIAL BRIDGE",MIZORAM,"Tributary Streams - Burhidihing, Dhansiri, Bharalu, Dikrong, Gai Nadi, Digaru, Digboi, Dikhow, Kaljani, Gabharu, Tocklai, Tunia, Larsing, Dhateshwari, Demow, Borsila, Barak, Dibang, Dihing, Senki, Dorika, Subansiri, Siang, Baralia, Tihu, Singra, Damring, Manda, Dikchu, Dzu, Kha Ru, Dzucha, Torsa, Beki, Bereng, Bhogdoi, Jhanji, Jia Bharali, Sankosh, Sanuo Ru, Boginadi, Rilang, Myntang, Tlawng, Tuirial, Serlui, Vaipuanpho, Tuikual, Sakhisih, Damdiai, Chite, Tuirini, Tuivawl, Lawibual, Challui, Mat, Siakah, Chhimtuipui, Tuikum, Sesah, Phe, Teirei, Tut, Tuichhuahen, Tiau, Tuipui, Nongal, Simsang, Ganol, Damring, Waikhrwi, Kwai, Teirei, Khawthlangtuipui, Ngengpui Stream, Vantawng, Sderkariah, Laitryngew, Wahkhlek Khlek, Wahrew, Umngi, Rwiang, Kalipai, Kmai Um, Lukha, Myntdu, Lamu, Lynriang, Thlu Umwi, Simsang, Teesta, Sonai, Ranganadi, Rangit, Ranichu, Kapili, Karola, Kathakal, Kharsang, Kohora, Kolong, Kundli, Kushiara, Manu, Nonbah, Kynshi, Wah Blei, Lohit, Manas, Maney Khola, Ganol Tura, Milak, Namchik, Noa Dihing, Pachin, Pagldia, Panchnoi, Poma, Yomgo And Mora -",,19.0,24.0,4.0,8.0,,6.5  8.4,149,405,1.0,1.3,0.02,1.46,3,240,1100,2400
2023,3716,"DAMDIAI STREAM, AIRFIELD,NEAR TUIRIAL WASTE MANAGEMENT CENTRE,AIZAWL DIST",MIZORAM,"Tributary Streams - Burhidihing, Dhansiri, Bharalu, Dikrong, Gai Nadi, Digaru, Digboi, Dikhow, Kaljani, Gabharu, Tocklai, Tunia, Larsing, Dhateshwari, Demow, Borsila, Barak, Dibang, Dihing, Senki, Dorika, Subansiri, Siang, Baralia, Tihu, Singra, Damring, Manda, Dikchu, Dzu, Kha Ru, Dzucha, Torsa, Beki, Bereng, Bhogdoi, Jhanji, Jia Bharali, Sankosh, Sanuo Ru, Boginadi, Rilang, Myntang, Tlawng, Tuirial, Serlui, Vaipuanpho, Tuikual, Sakhisih, Damdiai, Chite, Tuirini, Tuivawl, Lawibual, Challui, Mat, Siakah, Chhimtuipui, Tuikum, Sesah, Phe, Teirei, Tut, Tuichhuahen, Tiau, Tuipui, Nongal, Simsang, Ganol, Damring, Waikhrwi, Kwai, Teirei, Khawthlangtuipui, Ngengpui Stream, Vantawng, Sderkariah, Laitryngew, Wahkhlek Khlek, Wahrew, Umngi, Rwiang, Kalipai, Kmai Um, Lukha, Myntdu, Lamu, Lynriang, Thlu Umwi, Simsang, Teesta, Sonai, Ranganadi, Rangit, Ranichu, Kapili, Karola, Kathakal, Kharsang, Kohora, Kolong, Kundli, Kushiara, Manu, Nonbah, Kynshi, Wah Blei, Lohit, Manas, Maney Khola, Ganol Tura, Milak, Namchik, Noa Dihing, Pachin, Pagldia, Panchnoi, Poma, Yomgo And Mora -",,19.0,24.0,5.1,9.0,,7.7  8.4,119,320,1.0,1.6,0.02,0.86,,,,
2023,3718,"CHITE STREAM, ARMED VENG, NEAR MINI SPORTS COMPLEX, AIZAWL",MIZORAM,"Tributary Streams - Burhidihing, Dhansiri, Bharalu, Dikrong, Gai Nadi, Digaru, Digboi, Dikhow, Kaljani, Gabharu, Tocklai, Tunia, Larsing, Dhateshwari, Demow, Borsila, Barak, Dibang, Dihing, Senki, Dorika, Subansiri, Siang, Baralia, Tihu, Singra, Damring, Manda, Dikchu, Dzu, Kha Ru, Dzucha, Torsa, Beki, Bereng, Bhogdoi, Jhanji, Jia Bharali, Sankosh, Sanuo Ru, Boginadi, Rilang, Myntang, Tlawng, Tuirial, Serlui, Vaipuanpho, Tuikual, Sakhisih, Damdiai, Chite, Tuirini, Tuivawl, Lawibual, Challui, Mat, Siakah, Chhimtuipui, Tuikum, Sesah, Phe, Teirei, Tut, Tuichhuahen, Tiau, Tuipui, Nongal, Simsang, Ganol, Damring, Waikhrwi, Kwai, Teirei, Khawthlangtuipui, Ngengpui Stream, Vantawng, Sderkariah, Laitryngew, Wahkhlek Khlek, Wahrew, Umngi, Rwiang, Kalipai, Kmai Um, Lukha, Myntdu, Lamu, Lynriang, Thlu Umwi, Simsang, Teesta, Sonai, Ranganadi, Rangit, Ranichu, Kapili, Karola, Kathakal, Kharsang, Kohora, Kolong, Kundli, Kushiara, Manu, Nonbah, Kynshi, Wah Blei, Lohit, Manas, Maney Khola, Ganol Tura, Milak, Namchik, Noa Dihing, Pachin, Pagldia, Panchnoi, Poma, Yomgo And Mora -",,20.0,24.0,1.5,7.1,,7.3  8.2,371,914,,1.2  29.0  0.02  18.00,,,2,1100,1600,2400
2023,3719,"TUIRINI RIVER, SELING, SAITUAL DIST",MIZORAM,"Tributary Streams - Burhidihing, Dhansiri, Bharalu, Dikrong, Gai Nadi, Digaru, Digboi, Dikhow, Kaljani, Gabharu, Tocklai, Tunia, Larsing, Dhateshwari, Demow, Borsila, Barak, Dibang, Dihing, Senki, Dorika, Subansiri, Siang, Baralia, Tihu, Singra, Damring, Manda, Dikchu, Dzu, Kha Ru, Dzucha, Torsa, Beki, Bereng, Bhogdoi, Jhanji, Jia Bharali, Sankosh, Sanuo Ru, Boginadi, Rilang, Myntang, Tlawng, Tuirial, Serlui, Vaipuanpho, Tuikual, Sakhisih, Damdiai, Chite, Tuirini, Tuivawl, Lawibual, Challui, Mat, Siakah, Chhimtuipui, Tuikum, Sesah, Phe, Teirei, Tut, Tuichhuahen, Tiau, Tuipui, Nongal, Simsang, Ganol, Damring, Waikhrwi, Kwai, Teirei, Khawthlangtuipui, Ngengpui Stream, Vantawng, Sderkariah, Laitryngew, Wahkhlek Khlek, Wahrew, Umngi, Rwiang, Kalipai, Kmai Um, Lukha, Myntdu, Lamu, Lynriang, Thlu Umwi, Simsang, Teesta, Sonai, Ranganadi, Rangit, Ranichu, Kapili, Karola, Kathakal, Kharsang, Kohora, Kolong, Kundli, Kushiara, Manu, Nonbah, Kynshi, Wah Blei, Lohit, Manas, Maney Khola, Ganol Tura, Milak, Namchik, Noa Dihing, Pachin, Pagldia, Panchnoi, Poma, Yomgo And Mora -",,16.0,26.0,7.5,9.8,,6.8  8.0,93,217,1.0,1.5,0.02,1.30,,,,
2023,3720,"TUIVAWL RIVER, KEIFANG VILLAGE, NEAR TUIVAWL BRIDGE,SAITUAL DIST",MIZORAM,"Tributary Streams - Burhidihing, Dhansiri, Bharalu, Dikrong, Gai Nadi, Digaru, Digboi, Dikhow, Kaljani, Gabharu, Tocklai, Tunia, Larsing, Dhateshwari, Demow, Borsila, Barak, Dibang, Dihing, Senki, Dorika, Subansiri, Siang, Baralia, Tihu, Singra, Damring, Manda, Dikchu, Dzu, Kha Ru, Dzucha, Torsa, Beki, Bereng, Bhogdoi, Jhanji, Jia Bharali, Sankosh, Sanuo Ru, Boginadi, Rilang, Myntang, Tlawng, Tuirial, Serlui, Vaipuanpho, Tuikual, Sakhisih, Damdiai, Chite, Tuirini, Tuivawl, Lawibual, Challui, Mat, Siakah, Chhimtuipui, Tuikum, Sesah, Phe, Teirei, Tut, Tuichhuahen, Tiau, Tuipui, Nongal, Simsang, Ganol, Damring, Waikhrwi, Kwai, Teirei, Khawthlangtuipui, Ngengpui Stream, Vantawng, Sderkariah, Laitryngew, Wahkhlek Khlek, Wahrew, Umngi, Rwiang, Kalipai, Kmai Um, Lukha, Myntdu, Lamu, Lynriang, Thlu Umwi, Simsang, Teesta, Sonai, Ranganadi, Rangit, Ranichu, Kapili, Karola, Kathakal, Kharsang, Kohora, Kolong, Kundli, Kushiara, Manu, Nonbah, Kynshi, Wah Blei, Lohit, Manas, Maney Khola, Ganol Tura, Milak, Namchik, Noa Dihing, Pachin, Pagldia, Panchnoi, Poma, Yomgo And Mora -",,16.0,26.0,6.8,9.9,,6.6  7.7,97,215,1.0,1.4,0.02,0.59,,,,
2023,3721,"LAWIBUAL STREAM, I.T.I VENG, AIZAWL",MIZORAM,"Tributary Streams - Burhidihing, Dhansiri, Bharalu, Dikrong, Gai Nadi, Digaru, Digboi, Dikhow, Kaljani, Gabharu, Tocklai, Tunia, Larsing, Dhateshwari, Demow, Borsila, Barak, Dibang, Dihing, Senki, Dorika, Subansiri, Siang, Baralia, Tihu, Singra, Damring, Manda, Dikchu, Dzu, Kha Ru, Dzucha, Torsa, Beki, Bereng, Bhogdoi, Jhanji, Jia Bharali, Sankosh, Sanuo Ru, Boginadi, Rilang, Myntang, Tlawng, Tuirial, Serlui, Vaipuanpho, Tuikual, Sakhisih, Damdiai, Chite, Tuirini, Tuivawl, Lawibual, Challui, Mat, Siakah, Chhimtuipui, Tuikum, Sesah, Phe, Teirei, Tut, Tuichhuahen, Tiau, Tuipui, Nongal, Simsang, Ganol, Damring, Waikhrwi, Kwai, Teirei, Khawthlangtuipui, Ngengpui Stream, Vantawng, Sderkariah, Laitryngew, Wahkhlek Khlek, Wahrew, Umngi, Rwiang, Kalipai, Kmai Um, Lukha, Myntdu, Lamu, Lynriang, Thlu Umwi, Simsang, Teesta, Sonai, Ranganadi, Rangit, Ranichu, Kapili, Karola, Kathakal, Kharsang, Kohora, Kolong, Kundli, Kushiara, Manu, Nonbah, Kynshi, Wah Blei, Lohit, Manas, Maney Khola, Ganol Tura, Milak, Namchik, Noa Dihing, Pachin, Pagldia, Panchnoi, Poma, Yomgo And Mora -",,18.0,24.0,0.3,6.9,,5.6  8.2,166,855,,1.0  14.3  0.02,,8.20,3,210,2400,2400
2023,3724,"CHALLUI STREAM, LENGPUI, AIZAWL DIST",MIZORAM,"Tributary Streams - Burhidihing, Dhansiri, Bharalu, Dikrong, Gai Nadi, Digaru, Digboi, Dikhow, Kaljani, Gabharu, Tocklai, Tunia, Larsing, Dhateshwari, Demow, Borsila, Barak, Dibang, Dihing, Senki, Dorika, Subansiri, Siang, Baralia, Tihu, Singra, Damring, Manda, Dikchu, Dzu, Kha Ru, Dzucha, Torsa, Beki, Bereng, Bhogdoi, Jhanji, Jia Bharali, Sankosh, Sanuo Ru, Boginadi, Rilang, Myntang, Tlawng, Tuirial, Serlui, Vaipuanpho, Tuikual, Sakhisih, Damdiai, Chite, Tuirini, Tuivawl, Lawibual, Challui, Mat, Siakah, Chhimtuipui, Tuikum, Sesah, Phe, Teirei, Tut, Tuichhuahen, Tiau, Tuipui, Nongal, Simsang, Ganol, Damring, Waikhrwi, Kwai, Teirei, Khawthlangtuipui, Ngengpui Stream, Vantawng, Sderkariah, Laitryngew, Wahkhlek Khlek, Wahrew, Umngi, Rwiang, Kalipai, Kmai Um, Lukha, Myntdu, Lamu, Lynriang, Thlu Umwi, Simsang, Teesta, Sonai, Ranganadi, Rangit, Ranichu, Kapili, Karola, Kathakal, Kharsang, Kohora, Kolong, Kundli, Kushiara, Manu, Nonbah, Kynshi, Wah Blei, Lohit, Manas, Maney Khola, Ganol Tura, Milak, Namchik, Noa Dihing, Pachin, Pagldia, Panchnoi, Poma, Yomgo And Mora -",,18.0,24.0,5.9,9.6,,6.7  8.1,104,259,1.0,1.6,0.02,1.14,,,,
2023,3735,"MAT RIVER, DAWN VILLAGE, NEAR MAT BRIDGE,LUNGLEI DIST.",MIZORAM,"Tributary Streams - Burhidihing, Dhansiri, Bharalu, Dikrong, Gai Nadi, Digaru, Digboi, Dikhow, Kaljani, Gabharu, Tocklai, Tunia, Larsing, Dhateshwari, Demow, Borsila, Barak, Dibang, Dihing, Senki, Dorika, Subansiri, Siang, Baralia, Tihu, Singra, Damring, Manda, Dikchu, Dzu, Kha Ru, Dzucha, Torsa, Beki, Bereng, Bhogdoi, Jhanji, Jia Bharali, Sankosh, Sanuo Ru, Boginadi, Rilang, Myntang, Tlawng, Tuirial, Serlui, Vaipuanpho, Tuikual, Sakhisih, Damdiai, Chite, Tuirini, Tuivawl, Lawibual, Challui, Mat, Siakah, Chhimtuipui, Tuikum, Sesah, Phe, Teirei, Tut, Tuichhuahen, Tiau, Tuipui, Nongal, Simsang, Ganol, Damring, Waikhrwi, Kwai, Teirei, Khawthlangtuipui, Ngengpui Stream, Vantawng, Sderkariah, Laitryngew, Wahkhlek Khlek, Wahrew, Umngi, Rwiang, Kalipai, Kmai Um, Lukha, Myntdu, Lamu, Lynriang, Thlu Umwi, Simsang, Teesta, Sonai, Ranganadi, Rangit, Ranichu, Kapili, Karola, Kathakal, Kharsang, Kohora, Kolong, Kundli, Kushiara, Manu, Nonbah, Kynshi, Wah Blei, Lohit, Manas, Maney Khola, Ganol Tura, Milak, Namchik, Noa Dihing, Pachin, Pagldia, Panchnoi, Poma, Yomgo And Mora -",,15.0,26.0,,6.0  10.5  5.7  7.5,,,37,,1209  1.0,1.5,0.02,8.45,,,,
2023,3740,"SAIKAH STREAM, LAWNGTLAI",MIZORAM,"Tributary Streams - Burhidihing, Dhansiri, Bharalu, Dikrong, Gai Nadi, Digaru, Digboi, Dikhow, Kaljani, Gabharu, Tocklai, Tunia, Larsing, Dhateshwari, Demow, Borsila, Barak, Dibang, Dihing, Senki, Dorika, Subansiri, Siang, Baralia, Tihu, Singra, Damring, Manda, Dikchu, Dzu, Kha Ru, Dzucha, Torsa, Beki, Bereng, Bhogdoi, Jhanji, Jia Bharali, Sankosh, Sanuo Ru, Boginadi, Rilang, Myntang, Tlawng, Tuirial, Serlui, Vaipuanpho, Tuikual, Sakhisih, Damdiai, Chite, Tuirini, Tuivawl, Lawibual, Challui, Mat, Siakah, Chhimtuipui, Tuikum, Sesah, Phe, Teirei, Tut, Tuichhuahen, Tiau, Tuipui, Nongal, Simsang, Ganol, Damring, Waikhrwi, Kwai, Teirei, Khawthlangtuipui, Ngengpui Stream, Vantawng, Sderkariah, Laitryngew, Wahkhlek Khlek, Wahrew, Umngi, Rwiang, Kalipai, Kmai Um, Lukha, Myntdu, Lamu, Lynriang, Thlu Umwi, Simsang, Teesta, Sonai, Ranganadi, Rangit, Ranichu, Kapili, Karola, Kathakal, Kharsang, Kohora, Kolong, Kundli, Kushiara, Manu, Nonbah, Kynshi, Wah Blei, Lohit, Manas, Maney Khola, Ganol Tura, Milak, Namchik, Noa Dihing, Pachin, Pagldia, Panchnoi, Poma, Yomgo And Mora -",,21.0,25.0,5.0,7.2,,6.5  7.6,60,479,1.0,1.5,0.02,1.55,,,,
2023,3744,"CHHIMTUIPUI RIVER, KAWLCHAW, NEAR CHHIMTUPUI BRIDGE, SAIHA DIST.",MIZORAM,"Tributary Streams - Burhidihing, Dhansiri, Bharalu, Dikrong, Gai Nadi, Digaru, Digboi, Dikhow, Kaljani, Gabharu, Tocklai, Tunia, Larsing, Dhateshwari, Demow, Borsila, Barak, Dibang, Dihing, Senki, Dorika, Subansiri, Siang, Baralia, Tihu, Singra, Damring, Manda, Dikchu, Dzu, Kha Ru, Dzucha, Torsa, Beki, Bereng, Bhogdoi, Jhanji, Jia Bharali, Sankosh, Sanuo Ru, Boginadi, Rilang, Myntang, Tlawng, Tuirial, Serlui, Vaipuanpho, Tuikual, Sakhisih, Damdiai, Chite, Tuirini, Tuivawl, Lawibual, Challui, Mat, Siakah, Chhimtuipui, Tuikum, Sesah, Phe, Teirei, Tut, Tuichhuahen, Tiau, Tuipui, Nongal, Simsang, Ganol, Damring, Waikhrwi, Kwai, Teirei, Khawthlangtuipui, Ngengpui Stream, Vantawng, Sderkariah, Laitryngew, Wahkhlek Khlek, Wahrew, Umngi, Rwiang, Kalipai, Kmai Um, Lukha, Myntdu, Lamu, Lynriang, Thlu Umwi, Simsang, Teesta, Sonai, Ranganadi, Rangit, Ranichu, Kapili, Karola, Kathakal, Kharsang, Kohora, Kolong, Kundli, Kushiara, Manu, Nonbah, Kynshi, Wah Blei, Lohit, Manas, Maney Khola, Ganol Tura, Milak, Namchik, Noa Dihing, Pachin, Pagldia, Panchnoi, Poma, Yomgo And Mora -",,15.0,34.0,6.0,8.9,,6.8  8.0,99,557,1.0,1.4,0.02,2.35,,,,
2023,3746,"TUIKUM RIVER, NEAR PHE WATER TREATMENT PLANT, SERCHHIP",MIZORAM,"Tributary Streams - Burhidihing, Dhansiri, Bharalu, Dikrong, Gai Nadi, Digaru, Digboi, Dikhow, Kaljani, Gabharu, Tocklai, Tunia, Larsing, Dhateshwari, Demow, Borsila, Barak, Dibang, Dihing, Senki, Dorika, Subansiri, Siang, Baralia, Tihu, Singra, Damring, Manda, Dikchu, Dzu, Kha Ru, Dzucha, Torsa, Beki, Bereng, Bhogdoi, Jhanji, Jia Bharali, Sankosh, Sanuo Ru, Boginadi, Rilang, Myntang, Tlawng, Tuirial, Serlui, Vaipuanpho, Tuikual, Sakhisih, Damdiai, Chite, Tuirini, Tuivawl, Lawibual, Challui, Mat, Siakah, Chhimtuipui, Tuikum, Sesah, Phe, Teirei, Tut, Tuichhuahen, Tiau, Tuipui, Nongal, Simsang, Ganol, Damring, Waikhrwi, Kwai, Teirei, Khawthlangtuipui, Ngengpui Stream, Vantawng, Sderkariah, Laitryngew, Wahkhlek Khlek, Wahrew, Umngi, Rwiang, Kalipai, Kmai Um, Lukha, Myntdu, Lamu, Lynriang, Thlu Umwi, Simsang, Teesta, Sonai, Ranganadi, Rangit, Ranichu, Kapili, Karola, Kathakal, Kharsang, Kohora, Kolong, Kundli, Kushiara, Manu, Nonbah, Kynshi, Wah Blei, Lohit, Manas, Maney Khola, Ganol Tura, Milak, Namchik, Noa Dihing, Pachin, Pagldia, Panchnoi, Poma, Yomgo And Mora -",,14.0,25.0,5.7,8.2,,6.3  7.8,69,306,1.0,1.5,0.02,1.06,,,,
2023,3747,"SESAH STREAM, DINTHAR, SERCHHIP",MIZORAM,"Tributary Streams - Burhidihing, Dhansiri, Bharalu, Dikrong, Gai Nadi, Digaru, Digboi, Dikhow, Kaljani, Gabharu, Tocklai, Tunia, Larsing, Dhateshwari, Demow, Borsila, Barak, Dibang, Dihing, Senki, Dorika, Subansiri, Siang, Baralia, Tihu, Singra, Damring, Manda, Dikchu, Dzu, Kha Ru, Dzucha, Torsa, Beki, Bereng, Bhogdoi, Jhanji, Jia Bharali, Sankosh, Sanuo Ru, Boginadi, Rilang, Myntang, Tlawng, Tuirial, Serlui, Vaipuanpho, Tuikual, Sakhisih, Damdiai, Chite, Tuirini, Tuivawl, Lawibual, Challui, Mat, Siakah, Chhimtuipui, Tuikum, Sesah, Phe, Teirei, Tut, Tuichhuahen, Tiau, Tuipui, Nongal, Simsang, Ganol, Damring, Waikhrwi, Kwai, Teirei, Khawthlangtuipui, Ngengpui Stream, Vantawng, Sderkariah, Laitryngew, Wahkhlek Khlek, Wahrew, Umngi, Rwiang, Kalipai, Kmai Um, Lukha, Myntdu, Lamu, Lynriang, Thlu Umwi, Simsang, Teesta, Sonai, Ranganadi, Rangit, Ranichu, Kapili, Karola, Kathakal, Kharsang, Kohora, Kolong, Kundli, Kushiara, Manu, Nonbah, Kynshi, Wah Blei, Lohit, Manas, Maney Khola, Ganol Tura, Milak, Namchik, Noa Dihing, Pachin, Pagldia, Panchnoi, Poma, Yomgo And Mora -",,13.0,24.0,6.7,9.2,,6.9  7.9,75,232,1.0,1.4,0.02,0.70,,,,
2023,3749,"RIVER PHE RESERVIOR (LAHMUN RIVER), MIZO VENG, MAMIT",MIZORAM,"Tributary Streams - Burhidihing, Dhansiri, Bharalu, Dikrong, Gai Nadi, Digaru, Digboi, Dikhow, Kaljani, Gabharu, Tocklai, Tunia, Larsing, Dhateshwari, Demow, Borsila, Barak, Dibang, Dihing, Senki, Dorika, Subansiri, Siang, Baralia, Tihu, Singra, Damring, Manda, Dikchu, Dzu, Kha Ru, Dzucha, Torsa, Beki, Bereng, Bhogdoi, Jhanji, Jia Bharali, Sankosh, Sanuo Ru, Boginadi, Rilang, Myntang, Tlawng, Tuirial, Serlui, Vaipuanpho, Tuikual, Sakhisih, Damdiai, Chite, Tuirini, Tuivawl, Lawibual, Challui, Mat, Siakah, Chhimtuipui, Tuikum, Sesah, Phe, Teirei, Tut, Tuichhuahen, Tiau, Tuipui, Nongal, Simsang, Ganol, Damring, Waikhrwi, Kwai, Teirei, Khawthlangtuipui, Ngengpui Stream, Vantawng, Sderkariah, Laitryngew, Wahkhlek Khlek, Wahrew, Umngi, Rwiang, Kalipai, Kmai Um, Lukha, Myntdu, Lamu, Lynriang, Thlu Umwi, Simsang, Teesta, Sonai, Ranganadi, Rangit, Ranichu, Kapili, Karola, Kathakal, Kharsang, Kohora, Kolong, Kundli, Kushiara, Manu, Nonbah, Kynshi, Wah Blei, Lohit, Manas, Maney Khola, Ganol Tura, Milak, Namchik, Noa Dihing, Pachin, Pagldia, Panchnoi, Poma, Yomgo And Mora -",,17.0,23.0,6.6,7.9,,7.2  8.2,72,212,1.0,1.6,0.02,0.92,,,,
2023,3750,"RIVER TEIREI BAWNGVA, MAMIT DIST.",MIZORAM,"Tributary Streams - Burhidihing, Dhansiri, Bharalu, Dikrong, Gai Nadi, Digaru, Digboi, Dikhow, Kaljani, Gabharu, Tocklai, Tunia, Larsing, Dhateshwari, Demow, Borsila, Barak, Dibang, Dihing, Senki, Dorika, Subansiri, Siang, Baralia, Tihu, Singra, Damring, Manda, Dikchu, Dzu, Kha Ru, Dzucha, Torsa, Beki, Bereng, Bhogdoi, Jhanji, Jia Bharali, Sankosh, Sanuo Ru, Boginadi, Rilang, Myntang, Tlawng, Tuirial, Serlui, Vaipuanpho, Tuikual, Sakhisih, Damdiai, Chite, Tuirini, Tuivawl, Lawibual, Challui, Mat, Siakah, Chhimtuipui, Tuikum, Sesah, Phe, Teirei, Tut, Tuichhuahen, Tiau, Tuipui, Nongal, Simsang, Ganol, Damring, Waikhrwi, Kwai, Teirei, Khawthlangtuipui, Ngengpui Stream, Vantawng, Sderkariah, Laitryngew, Wahkhlek Khlek, Wahrew, Umngi, Rwiang, Kalipai, Kmai Um, Lukha, Myntdu, Lamu, Lynriang, Thlu Umwi, Simsang, Teesta, Sonai, Ranganadi, Rangit, Ranichu, Kapili, Karola, Kathakal, Kharsang, Kohora, Kolong, Kundli, Kushiara, Manu, Nonbah, Kynshi, Wah Blei, Lohit, Manas, Maney Khola, Ganol Tura, Milak, Namchik, Noa Dihing, Pachin, Pagldia, Panchnoi, Poma, Yomgo And Mora -",,16.0,25.0,6.0,8.6,,7.1  8.0,148,273,1.0,1.4,0.02,1.95,,,,
2023,3751,"RIVER TUT DAPCHHUAH, MAMIT DIST.",MIZORAM,"Tributary Streams - Burhidihing, Dhansiri, Bharalu, Dikrong, Gai Nadi, Digaru, Digboi, Dikhow, Kaljani, Gabharu, Tocklai, Tunia, Larsing, Dhateshwari, Demow, Borsila, Barak, Dibang, Dihing, Senki, Dorika, Subansiri, Siang, Baralia, Tihu, Singra, Damring, Manda, Dikchu, Dzu, Kha Ru, Dzucha, Torsa, Beki, Bereng, Bhogdoi, Jhanji, Jia Bharali, Sankosh, Sanuo Ru, Boginadi, Rilang, Myntang, Tlawng, Tuirial, Serlui, Vaipuanpho, Tuikual, Sakhisih, Damdiai, Chite, Tuirini, Tuivawl, Lawibual, Challui, Mat, Siakah, Chhimtuipui, Tuikum, Sesah, Phe, Teirei, Tut, Tuichhuahen, Tiau, Tuipui, Nongal, Simsang, Ganol, Damring, Waikhrwi, Kwai, Teirei, Khawthlangtuipui, Ngengpui Stream, Vantawng, Sderkariah, Laitryngew, Wahkhlek Khlek, Wahrew, Umngi, Rwiang, Kalipai, Kmai Um, Lukha, Myntdu, Lamu, Lynriang, Thlu Umwi, Simsang, Teesta, Sonai, Ranganadi, Rangit, Ranichu, Kapili, Karola, Kathakal, Kharsang, Kohora, Kolong, Kundli, Kushiara, Manu, Nonbah, Kynshi, Wah Blei, Lohit, Manas, Maney Khola, Ganol Tura, Milak, Namchik, Noa Dihing, Pachin, Pagldia, Panchnoi, Poma, Yomgo And Mora -",,15.0,25.0,7.7,8.8,,6.4  8.1,109,673,1.0,1.5,0.02,2.48,,,,
2023,3752,"RIVER TUICHHUAHEN STREAM, NEAR PHE WATER TREATMENT PLANT, KOLASIB",MIZORAM,"Tributary Streams - Burhidihing, Dhansiri, Bharalu, Dikrong, Gai Nadi, Digaru, Digboi, Dikhow, Kaljani, Gabharu, Tocklai, Tunia, Larsing, Dhateshwari, Demow, Borsila, Barak, Dibang, Dihing, Senki, Dorika, Subansiri, Siang, Baralia, Tihu, Singra, Damring, Manda, Dikchu, Dzu, Kha Ru, Dzucha, Torsa, Beki, Bereng, Bhogdoi, Jhanji, Jia Bharali, Sankosh, Sanuo Ru, Boginadi, Rilang, Myntang, Tlawng, Tuirial, Serlui, Vaipuanpho, Tuikual, Sakhisih, Damdiai, Chite, Tuirini, Tuivawl, Lawibual, Challui, Mat, Siakah, Chhimtuipui, Tuikum, Sesah, Phe, Teirei, Tut, Tuichhuahen, Tiau, Tuipui, Nongal, Simsang, Ganol, Damring, Waikhrwi, Kwai, Teirei, Khawthlangtuipui, Ngengpui Stream, Vantawng, Sderkariah, Laitryngew, Wahkhlek Khlek, Wahrew, Umngi, Rwiang, Kalipai, Kmai Um, Lukha, Myntdu, Lamu, Lynriang, Thlu Umwi, Simsang, Teesta, Sonai, Ranganadi, Rangit, Ranichu, Kapili, Karola, Kathakal, Kharsang, Kohora, Kolong, Kundli, Kushiara, Manu, Nonbah, Kynshi, Wah Blei, Lohit, Manas, Maney Khola, Ganol Tura, Milak, Namchik, Noa Dihing, Pachin, Pagldia, Panchnoi, Poma, Yomgo And Mora -",,16.0,23.0,6.6,8.4,,6.0  7.7,70,668,1.0,1.4,0.02,2.25,,,,
2023,3756,"RIVER TIAU, ZOKHAWTHAR, NEAR TIAU BRIDGE,CHAMPHAI DIST.",MIZORAM,"Tributary Streams - Burhidihing, Dhansiri, Bharalu, Dikrong, Gai Nadi, Digaru, Digboi, Dikhow, Kaljani, Gabharu, Tocklai, Tunia, Larsing, Dhateshwari, Demow, Borsila, Barak, Dibang, Dihing, Senki, Dorika, Subansiri, Siang, Baralia, Tihu, Singra, Damring, Manda, Dikchu, Dzu, Kha Ru, Dzucha, Torsa, Beki, Bereng, Bhogdoi, Jhanji, Jia Bharali, Sankosh, Sanuo Ru, Boginadi, Rilang, Myntang, Tlawng, Tuirial, Serlui, Vaipuanpho, Tuikual, Sakhisih, Damdiai, Chite, Tuirini, Tuivawl, Lawibual, Challui, Mat, Siakah, Chhimtuipui, Tuikum, Sesah, Phe, Teirei, Tut, Tuichhuahen, Tiau, Tuipui, Nongal, Simsang, Ganol, Damring, Waikhrwi, Kwai, Teirei, Khawthlangtuipui, Ngengpui Stream, Vantawng, Sderkariah, Laitryngew, Wahkhlek Khlek, Wahrew, Umngi, Rwiang, Kalipai, Kmai Um, Lukha, Myntdu, Lamu, Lynriang, Thlu Umwi, Simsang, Teesta, Sonai, Ranganadi, Rangit, Ranichu, Kapili, Karola, Kathakal, Kharsang, Kohora, Kolong, Kundli, Kushiara, Manu, Nonbah, Kynshi, Wah Blei, Lohit, Manas, Maney Khola, Ganol Tura, Milak, Namchik, Noa Dihing, Pachin, Pagldia, Panchnoi, Poma, Yomgo And Mora -",,17.0,23.0,5.1,9.2,,7.2  8.4,137,643,1.0,1.2,0.02,6.02,,,,
2023,3757,"RIVER TUIPUI NEAR PHE WATER TREATMENT PLANT, CHAMPHAI DIST.",MIZORAM,"Tributary Streams - Burhidihing, Dhansiri, Bharalu, Dikrong, Gai Nadi, Digaru, Digboi, Dikhow, Kaljani, Gabharu, Tocklai, Tunia, Larsing, Dhateshwari, Demow, Borsila, Barak, Dibang, Dihing, Senki, Dorika, Subansiri, Siang, Baralia, Tihu, Singra, Damring, Manda, Dikchu, Dzu, Kha Ru, Dzucha, Torsa, Beki, Bereng, Bhogdoi, Jhanji, Jia Bharali, Sankosh, Sanuo Ru, Boginadi, Rilang, Myntang, Tlawng, Tuirial, Serlui, Vaipuanpho, Tuikual, Sakhisih, Damdiai, Chite, Tuirini, Tuivawl, Lawibual, Challui, Mat, Siakah, Chhimtuipui, Tuikum, Sesah, Phe, Teirei, Tut, Tuichhuahen, Tiau, Tuipui, Nongal, Simsang, Ganol, Damring, Waikhrwi, Kwai, Teirei, Khawthlangtuipui, Ngengpui Stream, Vantawng, Sderkariah, Laitryngew, Wahkhlek Khlek, Wahrew, Umngi, Rwiang, Kalipai, Kmai Um, Lukha, Myntdu, Lamu, Lynriang, Thlu Umwi, Simsang, Teesta, Sonai, Ranganadi, Rangit, Ranichu, Kapili, Karola, Kathakal, Kharsang, Kohora, Kolong, Kundli, Kushiara, Manu, Nonbah, Kynshi, Wah Blei, Lohit, Manas, Maney Khola, Ganol Tura, Milak, Namchik, Noa Dihing, Pachin, Pagldia, Panchnoi, Poma, Yomgo And Mora -",TUIPUI,17.0,22.0,5.1,7.8,,6.4  7.9,73,194,1.0,5.6,0.02,1.31,,,,
2023,5500,RIVER LEIMAKHONG NEAR KANTO AWANG LEIKAI,MANIPUR,"Tributary Streams - Burhidihing, Dhansiri, Bharalu, Dikrong, Gai Nadi, Digaru, Digboi, Dikhow, Kaljani, Gabharu, Tocklai, Tunia, Larsing, Dhateshwari, Demow, Borsila, Barak, Dibang, Dihing, Senki, Dorika, Subansiri, Siang, Baralia, Tihu, Singra, Damring, Manda, Dikchu, Dzu, Kha Ru, Dzucha, Torsa, Beki, Bereng, Bhogdoi, Jhanji, Jia Bharali, Sankosh, Sanuo Ru, Boginadi, Rilang, Myntang, Tlawng, Tuirial, Serlui, Vaipuanpho, Tuikual, Sakhisih, Damdiai, Chite, Tuirini, Tuivawl, Lawibual, Challui, Mat, Siakah, Chhimtuipui, Tuikum, Sesah, Phe, Teirei, Tut, Tuichhuahen, Tiau, Tuipui, Nongal, Simsang, Ganol, Damring, Waikhrwi, Kwai, Teirei, Khawthlangtuipui, Ngengpui Stream, Vantawng, Sderkariah, Laitryngew, Wahkhlek Khlek, Wahrew, Umngi, Rwiang, Kalipai, Kmai Um, Lukha, Myntdu, Lamu, Lynriang, Thlu Umwi, Simsang, Teesta, Sonai, Ranganadi, Rangit, Ranichu, Kapili, Karola, Kathakal, Kharsang, Kohora, Kolong, Kundli, Kushiara, Manu, Nonbah, Kynshi, Wah Blei, Lohit, Manas, Maney Khola, Ganol Tura, Milak, Namchik, Noa Dihing, Pachin, Pagldia, Panchnoi, Poma, Yomgo And Mora -",LEIMAKHONG,19.0,29.0,7.1,7.3,,7.1  7.3,95,240,3.2,3.5,0.00,0.00,50,75,75,190
2023,5501,"TUPUL RIVER AT TUPUL BRIDGE, NONEY",MANIPUR,"Tributary Streams - Burhidihing, Dhansiri, Bharalu, Dikrong, Gai Nadi, Digaru, Digboi, Dikhow, Kaljani, Gabharu, Tocklai, Tunia, Larsing, Dhateshwari, Demow, Borsila, Barak, Dibang, Dihing, Senki, Dorika, Subansiri, Siang, Baralia, Tihu, Singra, Damring, Manda, Dikchu, Dzu, Kha Ru, Dzucha, Torsa, Beki, Bereng, Bhogdoi, Jhanji, Jia Bharali, Sankosh, Sanuo Ru, Boginadi, Rilang, Myntang, Tlawng, Tuirial, Serlui, Vaipuanpho, Tuikual, Sakhisih, Damdiai, Chite, Tuirini, Tuivawl, Lawibual, Challui, Mat, Siakah, Chhimtuipui, Tuikum, Sesah, Phe, Teirei, Tut, Tuichhuahen, Tiau, Tuipui, Nongal, Simsang, Ganol, Damring, Waikhrwi, Kwai, Teirei, Khawthlangtuipui, Ngengpui Stream, Vantawng, Sderkariah, Laitryngew, Wahkhlek Khlek, Wahrew, Umngi, Rwiang, Kalipai, Kmai Um, Lukha, Myntdu, Lamu, Lynriang, Thlu Umwi, Simsang, Teesta, Sonai, Ranganadi, Rangit, Ranichu, Kapili, Karola, Kathakal, Kharsang, Kohora, Kolong, Kundli, Kushiara, Manu, Nonbah, Kynshi, Wah Blei, Lohit, Manas, Maney Khola, Ganol Tura, Milak, Namchik, Noa Dihing, Pachin, Pagldia, Panchnoi, Poma, Yomgo And Mora -",RIVER,18.0,20.0,7.2,7.4,,7.2  7.4,290,320,3.0,3.1,0.00,0.00,20,35,50,65
2023,5502,RIVER KONGBA AT IRONG,MANIPUR,"Tributary Streams - Burhidihing, Dhansiri, Bharalu, Dikrong, Gai Nadi, Digaru, Digboi, Dikhow, Kaljani, Gabharu, Tocklai, Tunia, Larsing, Dhateshwari, Demow, Borsila, Barak, Dibang, Dihing, Senki, Dorika, Subansiri, Siang, Baralia, Tihu, Singra, Damring, Manda, Dikchu, Dzu, Kha Ru, Dzucha, Torsa, Beki, Bereng, Bhogdoi, Jhanji, Jia Bharali, Sankosh, Sanuo Ru, Boginadi, Rilang, Myntang, Tlawng, Tuirial, Serlui, Vaipuanpho, Tuikual, Sakhisih, Damdiai, Chite, Tuirini, Tuivawl, Lawibual, Challui, Mat, Siakah, Chhimtuipui, Tuikum, Sesah, Phe, Teirei, Tut, Tuichhuahen, Tiau, Tuipui, Nongal, Simsang, Ganol, Damring, Waikhrwi, Kwai, Teirei, Khawthlangtuipui, Ngengpui Stream, Vantawng, Sderkariah, Laitryngew, Wahkhlek Khlek, Wahrew, Umngi, Rwiang, Kalipai, Kmai Um, Lukha, Myntdu, Lamu, Lynriang, Thlu Umwi, Simsang, Teesta, Sonai, Ranganadi, Rangit, Ranichu, Kapili, Karola, Kathakal, Kharsang, Kohora, Kolong, Kundli, Kushiara, Manu, Nonbah, Kynshi, Wah Blei, Lohit, Manas, Maney Khola, Ganol Tura, Milak, Namchik, Noa Dihing, Pachin, Pagldia, Panchnoi, Poma, Yomgo And Mora -",KONGBA,18.2,29.0,7.0,7.3,,7.0  7.8,120,215,3.2,3.4,0.00,0.00,125,170,245,315
2023,5503,RIVER KONGBA AT IRANPHAM,MANIPUR,"Tributary Streams - Burhidihing, Dhansiri, Bharalu, Dikrong, Gai Nadi, Digaru, Digboi, Dikhow, Kaljani, Gabharu, Tocklai, Tunia, Larsing, Dhateshwari, Demow, Borsila, Barak, Dibang, Dihing, Senki, Dorika, Subansiri, Siang, Baralia, Tihu, Singra, Damring, Manda, Dikchu, Dzu, Kha Ru, Dzucha, Torsa, Beki, Bereng, Bhogdoi, Jhanji, Jia Bharali, Sankosh, Sanuo Ru, Boginadi, Rilang, Myntang, Tlawng, Tuirial, Serlui, Vaipuanpho, Tuikual, Sakhisih, Damdiai, Chite, Tuirini, Tuivawl, Lawibual, Challui, Mat, Siakah, Chhimtuipui, Tuikum, Sesah, Phe, Teirei, Tut, Tuichhuahen, Tiau, Tuipui, Nongal, Simsang, Ganol, Damring, Waikhrwi, Kwai, Teirei, Khawthlangtuipui, Ngengpui Stream, Vantawng, Sderkariah, Laitryngew, Wahkhlek Khlek, Wahrew, Umngi, Rwiang, Kalipai, Kmai Um, Lukha, Myntdu, Lamu, Lynriang, Thlu Umwi, Simsang, Teesta, Sonai, Ranganadi, Rangit, Ranichu, Kapili, Karola, Kathakal, Kharsang, Kohora, Kolong, Kundli, Kushiara, Manu, Nonbah, Kynshi, Wah Blei, Lohit, Manas, Maney Khola, Ganol Tura, Milak, Namchik, Noa Dihing, Pachin, Pagldia, Panchnoi, Poma, Yomgo And Mora -",KONGBA,20.0,29.0,6.8,7.3,,6.8  7.4,180,498,3.3,3.5,0.00,0.00,170,300,335,465
2023,4110,RIVER NONGAL AT NANGALBIBRA,MEGHALAYA,"Tributary Streams - Burhidihing, Dhansiri, Bharalu, Dikrong, Gai Nadi, Digaru, Digboi, Dikhow, Kaljani, Gabharu, Tocklai, Tunia, Larsing, Dhateshwari, Demow, Borsila, Barak, Dibang, Dihing, Senki, Dorika, Subansiri, Siang, Baralia, Tihu, Singra, Damring, Manda, Dikchu, Dzu, Kha Ru, Dzucha, Torsa, Beki, Bereng, Bhogdoi, Jhanji, Jia Bharali, Sankosh, Sanuo Ru, Boginadi, Rilang, Myntang, Tlawng, Tuirial, Serlui, Vaipuanpho, Tuikual, Sakhisih, Damdiai, Chite, Tuirini, Tuivawl, Lawibual, Challui, Mat, Siakah, Chhimtuipui, Tuikum, Sesah, Phe, Teirei, Tut, Tuichhuahen, Tiau, Tuipui, Nongal, Simsang, Ganol, Damring, Waikhrwi, Kwai, Teirei, Khawthlangtuipui, Ngengpui Stream, Vantawng, Sderkariah, Laitryngew, Wahkhlek Khlek, Wahrew, Umngi, Rwiang, Kalipai, Kmai Um, Lukha, Myntdu, Lamu, Lynriang, Thlu Umwi, Simsang, Teesta, Sonai, Ranganadi, Rangit, Ranichu, Kapili, Karola, Kathakal, Kharsang, Kohora, Kolong, Kundli, Kushiara, Manu, Nonbah, Kynshi, Wah Blei, Lohit, Manas, Maney Khola, Ganol Tura, Milak, Namchik, Noa Dihing, Pachin, Pagldia, Panchnoi, Poma, Yomgo And Mora -",NONGAL,15.0,23.0,6.9,7.7,,4.0  4.5,130,154,1.3,2.0,0.32,0.49,9,43,350,630
2023,4113,RIVER DAMRING AT BOLDAMGRE,MEGHALAYA,"Tributary Streams - Burhidihing, Dhansiri, Bharalu, Dikrong, Gai Nadi, Digaru, Digboi, Dikhow, Kaljani, Gabharu, Tocklai, Tunia, Larsing, Dhateshwari, Demow, Borsila, Barak, Dibang, Dihing, Senki, Dorika, Subansiri, Siang, Baralia, Tihu, Singra, Damring, Manda, Dikchu, Dzu, Kha Ru, Dzucha, Torsa, Beki, Bereng, Bhogdoi, Jhanji, Jia Bharali, Sankosh, Sanuo Ru, Boginadi, Rilang, Myntang, Tlawng, Tuirial, Serlui, Vaipuanpho, Tuikual, Sakhisih, Damdiai, Chite, Tuirini, Tuivawl, Lawibual, Challui, Mat, Siakah, Chhimtuipui, Tuikum, Sesah, Phe, Teirei, Tut, Tuichhuahen, Tiau, Tuipui, Nongal, Simsang, Ganol, Damring, Waikhrwi, Kwai, Teirei, Khawthlangtuipui, Ngengpui Stream, Vantawng, Sderkariah, Laitryngew, Wahkhlek Khlek, Wahrew, Umngi, Rwiang, Kalipai, Kmai Um, Lukha, Myntdu, Lamu, Lynriang, Thlu Umwi, Simsang, Teesta, Sonai, Ranganadi, Rangit, Ranichu, Kapili, Karola, Kathakal, Kharsang, Kohora, Kolong, Kundli, Kushiara, Manu, Nonbah, Kynshi, Wah Blei, Lohit, Manas, Maney Khola, Ganol Tura, Milak, Namchik, Noa Dihing, Pachin, Pagldia, Panchnoi, Poma, Yomgo And Mora -",DAMRING,16.0,22.0,7.0,7.4,,7.0  8.0,65,769,1.3,2.1,0.34,0.55,9,49,330,630
2023,4114,"RIVER CHITE STREAM, NEAR SIPMIU'S STP, BETHLEHEM VENGTHLANG, AIZAWL",MIZORAM,"Tributary Streams - Burhidihing, Dhansiri, Bharalu, Dikrong, Gai Nadi, Digaru, Digboi, Dikhow, Kaljani, Gabharu, Tocklai, Tunia, Larsing, Dhateshwari, Demow, Borsila, Barak, Dibang, Dihing, Senki, Dorika, Subansiri, Siang, Baralia, Tihu, Singra, Damring, Manda, Dikchu, Dzu, Kha Ru, Dzucha, Torsa, Beki, Bereng, Bhogdoi, Jhanji, Jia Bharali, Sankosh, Sanuo Ru, Boginadi, Rilang, Myntang, Tlawng, Tuirial, Serlui, Vaipuanpho, Tuikual, Sakhisih, Damdiai, Chite, Tuirini, Tuivawl, Lawibual, Challui, Mat, Siakah, Chhimtuipui, Tuikum, Sesah, Phe, Teirei, Tut, Tuichhuahen, Tiau, Tuipui, Nongal, Simsang, Ganol, Damring, Waikhrwi, Kwai, Teirei, Khawthlangtuipui, Ngengpui Stream, Vantawng, Sderkariah, Laitryngew, Wahkhlek Khlek, Wahrew, Umngi, Rwiang, Kalipai, Kmai Um, Lukha, Myntdu, Lamu, Lynriang, Thlu Umwi, Simsang, Teesta, Sonai, Ranganadi, Rangit, Ranichu, Kapili, Karola, Kathakal, Kharsang, Kohora, Kolong, Kundli, Kushiara, Manu, Nonbah, Kynshi, Wah Blei, Lohit, Manas, Maney Khola, Ganol Tura, Milak, Namchik, Noa Dihing, Pachin, Pagldia, Panchnoi, Poma, Yomgo And Mora -",,20.0,24.0,2.2,7.4,,7.2  8.2,505,994,,1.2  29.0  0.02  14.31,,,9,170,1600,2400
2023,4115,"RIVER TUIKUAL STREAM, U/S, MIZORAM NEW CAPITAL COMPLEX , DINTHAR, AIZAWL",MIZORAM,"Tributary Streams - Burhidihing, Dhansiri, Bharalu, Dikrong, Gai Nadi, Digaru, Digboi, Dikhow, Kaljani, Gabharu, Tocklai, Tunia, Larsing, Dhateshwari, Demow, Borsila, Barak, Dibang, Dihing, Senki, Dorika, Subansiri, Siang, Baralia, Tihu, Singra, Damring, Manda, Dikchu, Dzu, Kha Ru, Dzucha, Torsa, Beki, Bereng, Bhogdoi, Jhanji, Jia Bharali, Sankosh, Sanuo Ru, Boginadi, Rilang, Myntang, Tlawng, Tuirial, Serlui, Vaipuanpho, Tuikual, Sakhisih, Damdiai, Chite, Tuirini, Tuivawl, Lawibual, Challui, Mat, Siakah, Chhimtuipui, Tuikum, Sesah, Phe, Teirei, Tut, Tuichhuahen, Tiau, Tuipui, Nongal, Simsang, Ganol, Damring, Waikhrwi, Kwai, Teirei, Khawthlangtuipui, Ngengpui Stream, Vantawng, Sderkariah, Laitryngew, Wahkhlek Khlek, Wahrew, Umngi, Rwiang, Kalipai, Kmai Um, Lukha, Myntdu, Lamu, Lynriang, Thlu Umwi, Simsang, Teesta, Sonai, Ranganadi, Rangit, Ranichu, Kapili, Karola, Kathakal, Kharsang, Kohora, Kolong, Kundli, Kushiara, Manu, Nonbah, Kynshi, Wah Blei, Lohit, Manas, Maney Khola, Ganol Tura, Milak, Namchik, Noa Dihing, Pachin, Pagldia, Panchnoi, Poma, Yomgo And Mora -",,16.0,26.0,0.3,5.4,,6.9  8.0,76,,1020  2.2  29.1  0.02,,,8.73,2,1100,1100,2400
2023,4118,"RIVER TUIRIAL D/S, HEPP DAM, SAIPUM, KOLASIB DIST.",MIZORAM,"Tributary Streams - Burhidihing, Dhansiri, Bharalu, Dikrong, Gai Nadi, Digaru, Digboi, Dikhow, Kaljani, Gabharu, Tocklai, Tunia, Larsing, Dhateshwari, Demow, Borsila, Barak, Dibang, Dihing, Senki, Dorika, Subansiri, Siang, Baralia, Tihu, Singra, Damring, Manda, Dikchu, Dzu, Kha Ru, Dzucha, Torsa, Beki, Bereng, Bhogdoi, Jhanji, Jia Bharali, Sankosh, Sanuo Ru, Boginadi, Rilang, Myntang, Tlawng, Tuirial, Serlui, Vaipuanpho, Tuikual, Sakhisih, Damdiai, Chite, Tuirini, Tuivawl, Lawibual, Challui, Mat, Siakah, Chhimtuipui, Tuikum, Sesah, Phe, Teirei, Tut, Tuichhuahen, Tiau, Tuipui, Nongal, Simsang, Ganol, Damring, Waikhrwi, Kwai, Teirei, Khawthlangtuipui, Ngengpui Stream, Vantawng, Sderkariah, Laitryngew, Wahkhlek Khlek, Wahrew, Umngi, Rwiang, Kalipai, Kmai Um, Lukha, Myntdu, Lamu, Lynriang, Thlu Umwi, Simsang, Teesta, Sonai, Ranganadi, Rangit, Ranichu, Kapili, Karola, Kathakal, Kharsang, Kohora, Kolong, Kundli, Kushiara, Manu, Nonbah, Kynshi, Wah Blei, Lohit, Manas, Maney Khola, Ganol Tura, Milak, Namchik, Noa Dihing, Pachin, Pagldia, Panchnoi, Poma, Yomgo And Mora -",TUIRIAL,19.0,36.0,5.3,9.1,,6.9  7.5,81,119,1.0,1.4,0.02,0.78,,,,
2023,4119,"RIVER SERLUI D/S, SERLUI 'B' HEPP DAM, BILKHAWTHLIR, KOLASIB DIST.",MIZORAM,"Tributary Streams - Burhidihing, Dhansiri, Bharalu, Dikrong, Gai Nadi, Digaru, Digboi, Dikhow, Kaljani, Gabharu, Tocklai, Tunia, Larsing, Dhateshwari, Demow, Borsila, Barak, Dibang, Dihing, Senki, Dorika, Subansiri, Siang, Baralia, Tihu, Singra, Damring, Manda, Dikchu, Dzu, Kha Ru, Dzucha, Torsa, Beki, Bereng, Bhogdoi, Jhanji, Jia Bharali, Sankosh, Sanuo Ru, Boginadi, Rilang, Myntang, Tlawng, Tuirial, Serlui, Vaipuanpho, Tuikual, Sakhisih, Damdiai, Chite, Tuirini, Tuivawl, Lawibual, Challui, Mat, Siakah, Chhimtuipui, Tuikum, Sesah, Phe, Teirei, Tut, Tuichhuahen, Tiau, Tuipui, Nongal, Simsang, Ganol, Damring, Waikhrwi, Kwai, Teirei, Khawthlangtuipui, Ngengpui Stream, Vantawng, Sderkariah, Laitryngew, Wahkhlek Khlek, Wahrew, Umngi, Rwiang, Kalipai, Kmai Um, Lukha, Myntdu, Lamu, Lynriang, Thlu Umwi, Simsang, Teesta, Sonai, Ranganadi, Rangit, Ranichu, Kapili, Karola, Kathakal, Kharsang, Kohora, Kolong, Kundli, Kushiara, Manu, Nonbah, Kynshi, Wah Blei, Lohit, Manas, Maney Khola, Ganol Tura, Milak, Namchik, Noa Dihing, Pachin, Pagldia, Panchnoi, Poma, Yomgo And Mora -",SERLUI,19.0,38.0,5.8,9.1,,6.3  7.3,93,331,1.0,1.4,0.02,0.76,,,,
2023,4120,"RIVER TEIREI D/S NR CONFLUENCE PT WITH TLAWNG RIVER, SAPMARA, BAIRABI,KOLASIB DIST.",MIZORAM,"Tributary Streams - Burhidihing, Dhansiri, Bharalu, Dikrong, Gai Nadi, Digaru, Digboi, Dikhow, Kaljani, Gabharu, Tocklai, Tunia, Larsing, Dhateshwari, Demow, Borsila, Barak, Dibang, Dihing, Senki, Dorika, Subansiri, Siang, Baralia, Tihu, Singra, Damring, Manda, Dikchu, Dzu, Kha Ru, Dzucha, Torsa, Beki, Bereng, Bhogdoi, Jhanji, Jia Bharali, Sankosh, Sanuo Ru, Boginadi, Rilang, Myntang, Tlawng, Tuirial, Serlui, Vaipuanpho, Tuikual, Sakhisih, Damdiai, Chite, Tuirini, Tuivawl, Lawibual, Challui, Mat, Siakah, Chhimtuipui, Tuikum, Sesah, Phe, Teirei, Tut, Tuichhuahen, Tiau, Tuipui, Nongal, Simsang, Ganol, Damring, Waikhrwi, Kwai, Teirei, Khawthlangtuipui, Ngengpui Stream, Vantawng, Sderkariah, Laitryngew, Wahkhlek Khlek, Wahrew, Umngi, Rwiang, Kalipai, Kmai Um, Lukha, Myntdu, Lamu, Lynriang, Thlu Umwi, Simsang, Teesta, Sonai, Ranganadi, Rangit, Ranichu, Kapili, Karola, Kathakal, Kharsang, Kohora, Kolong, Kundli, Kushiara, Manu, Nonbah, Kynshi, Wah Blei, Lohit, Manas, Maney Khola, Ganol Tura, Milak, Namchik, Noa Dihing, Pachin, Pagldia, Panchnoi, Poma, Yomgo And Mora -",TEIREI,10.0,25.0,5.4,7.1,,6.4  8.4,92,453,1.0,1.4,0.02,1.90,,,,
2023,4122,"RIVER KHAWTHLANGTUIPUI ,TLABUNG, LUNGLEI DIST.",MIZORAM,"Tributary Streams - Burhidihing, Dhansiri, Bharalu, Dikrong, Gai Nadi, Digaru, Digboi, Dikhow, Kaljani, Gabharu, Tocklai, Tunia, Larsing, Dhateshwari, Demow, Borsila, Barak, Dibang, Dihing, Senki, Dorika, Subansiri, Siang, Baralia, Tihu, Singra, Damring, Manda, Dikchu, Dzu, Kha Ru, Dzucha, Torsa, Beki, Bereng, Bhogdoi, Jhanji, Jia Bharali, Sankosh, Sanuo Ru, Boginadi, Rilang, Myntang, Tlawng, Tuirial, Serlui, Vaipuanpho, Tuikual, Sakhisih, Damdiai, Chite, Tuirini, Tuivawl, Lawibual, Challui, Mat, Siakah, Chhimtuipui, Tuikum, Sesah, Phe, Teirei, Tut, Tuichhuahen, Tiau, Tuipui, Nongal, Simsang, Ganol, Damring, Waikhrwi, Kwai, Teirei, Khawthlangtuipui, Ngengpui Stream, Vantawng, Sderkariah, Laitryngew, Wahkhlek Khlek, Wahrew, Umngi, Rwiang, Kalipai, Kmai Um, Lukha, Myntdu, Lamu, Lynriang, Thlu Umwi, Simsang, Teesta, Sonai, Ranganadi, Rangit, Ranichu, Kapili, Karola, Kathakal, Kharsang, Kohora, Kolong, Kundli, Kushiara, Manu, Nonbah, Kynshi, Wah Blei, Lohit, Manas, Maney Khola, Ganol Tura, Milak, Namchik, Noa Dihing, Pachin, Pagldia, Panchnoi, Poma, Yomgo And Mora -",,20.0,28.0,5.4,9.7,,6.7  7.6,46,272,1.0,1.4,0.02,0.77,,,,
2023,4123,"RIVER, TUIPUI D DARZOKAI, HNAHTHIAL DIST.",MIZORAM,"Tributary Streams - Burhidihing, Dhansiri, Bharalu, Dikrong, Gai Nadi, Digaru, Digboi, Dikhow, Kaljani, Gabharu, Tocklai, Tunia, Larsing, Dhateshwari, Demow, Borsila, Barak, Dibang, Dihing, Senki, Dorika, Subansiri, Siang, Baralia, Tihu, Singra, Damring, Manda, Dikchu, Dzu, Kha Ru, Dzucha, Torsa, Beki, Bereng, Bhogdoi, Jhanji, Jia Bharali, Sankosh, Sanuo Ru, Boginadi, Rilang, Myntang, Tlawng, Tuirial, Serlui, Vaipuanpho, Tuikual, Sakhisih, Damdiai, Chite, Tuirini, Tuivawl, Lawibual, Challui, Mat, Siakah, Chhimtuipui, Tuikum, Sesah, Phe, Teirei, Tut, Tuichhuahen, Tiau, Tuipui, Nongal, Simsang, Ganol, Damring, Waikhrwi, Kwai, Teirei, Khawthlangtuipui, Ngengpui Stream, Vantawng, Sderkariah, Laitryngew, Wahkhlek Khlek, Wahrew, Umngi, Rwiang, Kalipai, Kmai Um, Lukha, Myntdu, Lamu, Lynriang, Thlu Umwi, Simsang, Teesta, Sonai, Ranganadi, Rangit, Ranichu, Kapili, Karola, Kathakal, Kharsang, Kohora, Kolong, Kundli, Kushiara, Manu, Nonbah, Kynshi, Wah Blei, Lohit, Manas, Maney Khola, Ganol Tura, Milak, Namchik, Noa Dihing, Pachin, Pagldia, Panchnoi, Poma, Yomgo And Mora -",,17.0,30.0,,5.8  12.7  6.8  8.1,,,51,233,1.0,1.4,0.02,0.83,,,,
2023,4125,"RIVER TUIPUI U/S, NR CONFLUENCE PT KEILUNGLIAH STREAM, VENGTHAR, CHAMPHAI",MIZORAM,"Tributary Streams - Burhidihing, Dhansiri, Bharalu, Dikrong, Gai Nadi, Digaru, Digboi, Dikhow, Kaljani, Gabharu, Tocklai, Tunia, Larsing, Dhateshwari, Demow, Borsila, Barak, Dibang, Dihing, Senki, Dorika, Subansiri, Siang, Baralia, Tihu, Singra, Damring, Manda, Dikchu, Dzu, Kha Ru, Dzucha, Torsa, Beki, Bereng, Bhogdoi, Jhanji, Jia Bharali, Sankosh, Sanuo Ru, Boginadi, Rilang, Myntang, Tlawng, Tuirial, Serlui, Vaipuanpho, Tuikual, Sakhisih, Damdiai, Chite, Tuirini, Tuivawl, Lawibual, Challui, Mat, Siakah, Chhimtuipui, Tuikum, Sesah, Phe, Teirei, Tut, Tuichhuahen, Tiau, Tuipui, Nongal, Simsang, Ganol, Damring, Waikhrwi, Kwai, Teirei, Khawthlangtuipui, Ngengpui Stream, Vantawng, Sderkariah, Laitryngew, Wahkhlek Khlek, Wahrew, Umngi, Rwiang, Kalipai, Kmai Um, Lukha, Myntdu, Lamu, Lynriang, Thlu Umwi, Simsang, Teesta, Sonai, Ranganadi, Rangit, Ranichu, Kapili, Karola, Kathakal, Kharsang, Kohora, Kolong, Kundli, Kushiara, Manu, Nonbah, Kynshi, Wah Blei, Lohit, Manas, Maney Khola, Ganol Tura, Milak, Namchik, Noa Dihing, Pachin, Pagldia, Panchnoi, Poma, Yomgo And Mora -",TUIPUI,17.0,25.0,2.5,7.6,,6.4  7.3,40,240,1.0,1.2,0.02,3.11,,,,
2023,4130,"RIVER NGENGPUI STREAM,NR KALADAN MULTI MODAL RD, LAWNGTLAI DIST.",MIZORAM,"Tributary Streams - Burhidihing, Dhansiri, Bharalu, Dikrong, Gai Nadi, Digaru, Digboi, Dikhow, Kaljani, Gabharu, Tocklai, Tunia, Larsing, Dhateshwari, Demow, Borsila, Barak, Dibang, Dihing, Senki, Dorika, Subansiri, Siang, Baralia, Tihu, Singra, Damring, Manda, Dikchu, Dzu, Kha Ru, Dzucha, Torsa, Beki, Bereng, Bhogdoi, Jhanji, Jia Bharali, Sankosh, Sanuo Ru, Boginadi, Rilang, Myntang, Tlawng, Tuirial, Serlui, Vaipuanpho, Tuikual, Sakhisih, Damdiai, Chite, Tuirini, Tuivawl, Lawibual, Challui, Mat, Siakah, Chhimtuipui, Tuikum, Sesah, Phe, Teirei, Tut, Tuichhuahen, Tiau, Tuipui, Nongal, Simsang, Ganol, Damring, Waikhrwi, Kwai, Teirei, Khawthlangtuipui, Ngengpui Stream, Vantawng, Sderkariah, Laitryngew, Wahkhlek Khlek, Wahrew, Umngi, Rwiang, Kalipai, Kmai Um, Lukha, Myntdu, Lamu, Lynriang, Thlu Umwi, Simsang, Teesta, Sonai, Ranganadi, Rangit, Ranichu, Kapili, Karola, Kathakal, Kharsang, Kohora, Kolong, Kundli, Kushiara, Manu, Nonbah, Kynshi, Wah Blei, Lohit, Manas, Maney Khola, Ganol Tura, Milak, Namchik, Noa Dihing, Pachin, Pagldia, Panchnoi, Poma, Yomgo And Mora -",,21.0,24.0,5.1,7.5,,6.3  7.6,74,175,1.0,1.6,0.02,0.85,,,,
2023,4132,"RIVER VANTAWNG WATER FALL, THENZAWL, SERCHHIP DIST.",MIZORAM,"Tributary Streams - Burhidihing, Dhansiri, Bharalu, Dikrong, Gai Nadi, Digaru, Digboi, Dikhow, Kaljani, Gabharu, Tocklai, Tunia, Larsing, Dhateshwari, Demow, Borsila, Barak, Dibang, Dihing, Senki, Dorika, Subansiri, Siang, Baralia, Tihu, Singra, Damring, Manda, Dikchu, Dzu, Kha Ru, Dzucha, Torsa, Beki, Bereng, Bhogdoi, Jhanji, Jia Bharali, Sankosh, Sanuo Ru, Boginadi, Rilang, Myntang, Tlawng, Tuirial, Serlui, Vaipuanpho, Tuikual, Sakhisih, Damdiai, Chite, Tuirini, Tuivawl, Lawibual, Challui, Mat, Siakah, Chhimtuipui, Tuikum, Sesah, Phe, Teirei, Tut, Tuichhuahen, Tiau, Tuipui, Nongal, Simsang, Ganol, Damring, Waikhrwi, Kwai, Teirei, Khawthlangtuipui, Ngengpui Stream, Vantawng, Sderkariah, Laitryngew, Wahkhlek Khlek, Wahrew, Umngi, Rwiang, Kalipai, Kmai Um, Lukha, Myntdu, Lamu, Lynriang, Thlu Umwi, Simsang, Teesta, Sonai, Ranganadi, Rangit, Ranichu, Kapili, Karola, Kathakal, Kharsang, Kohora, Kolong, Kundli, Kushiara, Manu, Nonbah, Kynshi, Wah Blei, Lohit, Manas, Maney Khola, Ganol Tura, Milak, Namchik, Noa Dihing, Pachin, Pagldia, Panchnoi, Poma, Yomgo And Mora -",,14.0,27.0,5.1,7.2,,6.5  7.1,30,128,1.0,1.5,0.02,1.43,,,,
2023,2232,"RIVER KOHORA AT N.H. CROSSING, KOHORA, ASSAM (BRAHMAPUTRA)",ASSAM,"Tributary Streams - Burhidihing, Dhansiri, Bharalu, Dikrong, Gai Nadi, Digaru, Digboi, Dikhow, Kaljani, Gabharu, Tocklai, Tunia, Larsing, Dhateshwari, Demow, Borsila, Barak, Dibang, Dihing, Senki, Dorika, Subansiri, Siang, Baralia, Tihu, Singra, Damring, Manda, Dikchu, Dzu, Kha Ru, Dzucha, Torsa, Beki, Bereng, Bhogdoi, Jhanji, Jia Bharali, Sankosh, Sanuo Ru, Boginadi, Rilang, Myntang, Tlawng, Tuirial, Serlui, Vaipuanpho, Tuikual, Sakhisih, Damdiai, Chite, Tuirini, Tuivawl, Lawibual, Challui, Mat, Siakah, Chhimtuipui, Tuikum, Sesah, Phe, Teirei, Tut, Tuichhuahen, Tiau, Tuipui, Nongal, Simsang, Ganol, Damring, Waikhrwi, Kwai, Teirei, Khawthlangtuipui, Ngengpui Stream, Vantawng, Sderkariah, Laitryngew, Wahkhlek Khlek, Wahrew, Umngi, Rwiang, Kalipai, Kmai Um, Lukha, Myntdu, Lamu, Lynriang, Thlu Umwi, Simsang, Teesta, Sonai, Ranganadi, Rangit, Ranichu, Kapili, Karola, Kathakal, Kharsang, Kohora, Kolong, Kundli, Kushiara, Manu, Nonbah, Kynshi, Wah Blei, Lohit, Manas, Maney Khola, Ganol Tura, Milak, Namchik, Noa Dihing, Pachin, Pagldia, Panchnoi, Poma, Yomgo And Mora -",KOHORA,22.0,32.0,3.7,9.2,,6.8  7.4,106,176,2.0,2.4,0.70,2.00,360,1100,1100,2100
2023,4304,RIVER SDERKARIAH AT SOHRA (CHERRAPUNJEE),MEGHALAYA,"Tributary Streams - Burhidihing, Dhansiri, Bharalu, Dikrong, Gai Nadi, Digaru, Digboi, Dikhow, Kaljani, Gabharu, Tocklai, Tunia, Larsing, Dhateshwari, Demow, Borsila, Barak, Dibang, Dihing, Senki, Dorika, Subansiri, Siang, Baralia, Tihu, Singra, Damring, Manda, Dikchu, Dzu, Kha Ru, Dzucha, Torsa, Beki, Bereng, Bhogdoi, Jhanji, Jia Bharali, Sankosh, Sanuo Ru, Boginadi, Rilang, Myntang, Tlawng, Tuirial, Serlui, Vaipuanpho, Tuikual, Sakhisih, Damdiai, Chite, Tuirini, Tuivawl, Lawibual, Challui, Mat, Siakah, Chhimtuipui, Tuikum, Sesah, Phe, Teirei, Tut, Tuichhuahen, Tiau, Tuipui, Nongal, Simsang, Ganol, Damring, Waikhrwi, Kwai, Teirei, Khawthlangtuipui, Ngengpui Stream, Vantawng, Sderkariah, Laitryngew, Wahkhlek Khlek, Wahrew, Umngi, Rwiang, Kalipai, Kmai Um, Lukha, Myntdu, Lamu, Lynriang, Thlu Umwi, Simsang, Teesta, Sonai, Ranganadi, Rangit, Ranichu, Kapili, Karola, Kathakal, Kharsang, Kohora, Kolong, Kundli, Kushiara, Manu, Nonbah, Kynshi, Wah Blei, Lohit, Manas, Maney Khola, Ganol Tura, Milak, Namchik, Noa Dihing, Pachin, Pagldia, Panchnoi, Poma, Yomgo And Mora -",SDERKARIAH,14.0,19.0,6.6,8.1,,4.0  5.5,66,130,1.0,1.7,0.32,0.59,2,4,12,79
2023,4305,RIVER LAITRYNGEW AT LAITRYNGEW,MEGHALAYA,"Tributary Streams - Burhidihing, Dhansiri, Bharalu, Dikrong, Gai Nadi, Digaru, Digboi, Dikhow, Kaljani, Gabharu, Tocklai, Tunia, Larsing, Dhateshwari, Demow, Borsila, Barak, Dibang, Dihing, Senki, Dorika, Subansiri, Siang, Baralia, Tihu, Singra, Damring, Manda, Dikchu, Dzu, Kha Ru, Dzucha, Torsa, Beki, Bereng, Bhogdoi, Jhanji, Jia Bharali, Sankosh, Sanuo Ru, Boginadi, Rilang, Myntang, Tlawng, Tuirial, Serlui, Vaipuanpho, Tuikual, Sakhisih, Damdiai, Chite, Tuirini, Tuivawl, Lawibual, Challui, Mat, Siakah, Chhimtuipui, Tuikum, Sesah, Phe, Teirei, Tut, Tuichhuahen, Tiau, Tuipui, Nongal, Simsang, Ganol, Damring, Waikhrwi, Kwai, Teirei, Khawthlangtuipui, Ngengpui Stream, Vantawng, Sderkariah, Laitryngew, Wahkhlek Khlek, Wahrew, Umngi, Rwiang, Kalipai, Kmai Um, Lukha, Myntdu, Lamu, Lynriang, Thlu Umwi, Simsang, Teesta, Sonai, Ranganadi, Rangit, Ranichu, Kapili, Karola, Kathakal, Kharsang, Kohora, Kolong, Kundli, Kushiara, Manu, Nonbah, Kynshi, Wah Blei, Lohit, Manas, Maney Khola, Ganol Tura, Milak, Namchik, Noa Dihing, Pachin, Pagldia, Panchnoi, Poma, Yomgo And Mora -",LAITRYNGEW,14.0,18.0,6.7,7.7,,3.8  5.4,86,178,1.0,1.8,0.32,0.62,2,4,21,84
2023,4306,RIVER WAHKHLEK KHLEK AT SAITSOHPEN,MEGHALAYA,"Tributary Streams - Burhidihing, Dhansiri, Bharalu, Dikrong, Gai Nadi, Digaru, Digboi, Dikhow, Kaljani, Gabharu, Tocklai, Tunia, Larsing, Dhateshwari, Demow, Borsila, Barak, Dibang, Dihing, Senki, Dorika, Subansiri, Siang, Baralia, Tihu, Singra, Damring, Manda, Dikchu, Dzu, Kha Ru, Dzucha, Torsa, Beki, Bereng, Bhogdoi, Jhanji, Jia Bharali, Sankosh, Sanuo Ru, Boginadi, Rilang, Myntang, Tlawng, Tuirial, Serlui, Vaipuanpho, Tuikual, Sakhisih, Damdiai, Chite, Tuirini, Tuivawl, Lawibual, Challui, Mat, Siakah, Chhimtuipui, Tuikum, Sesah, Phe, Teirei, Tut, Tuichhuahen, Tiau, Tuipui, Nongal, Simsang, Ganol, Damring, Waikhrwi, Kwai, Teirei, Khawthlangtuipui, Ngengpui Stream, Vantawng, Sderkariah, Laitryngew, Wahkhlek Khlek, Wahrew, Umngi, Rwiang, Kalipai, Kmai Um, Lukha, Myntdu, Lamu, Lynriang, Thlu Umwi, Simsang, Teesta, Sonai, Ranganadi, Rangit, Ranichu, Kapili, Karola, Kathakal, Kharsang, Kohora, Kolong, Kundli, Kushiara, Manu, Nonbah, Kynshi, Wah Blei, Lohit, Manas, Maney Khola, Ganol Tura, Milak, Namchik, Noa Dihing, Pachin, Pagldia, Panchnoi, Poma, Yomgo And Mora -",WAHKHLEK KHLEK,14.0,18.0,7.2,8.5,,6.9  7.6,81,116,1.1,1.6,0.32,5.64,2,4,23,49
2023,4307,RIVER WAHREW AT MAJAI,MEGHALAYA,"Tributary Streams - Burhidihing, Dhansiri, Bharalu, Dikrong, Gai Nadi, Digaru, Digboi, Dikhow, Kaljani, Gabharu, Tocklai, Tunia, Larsing, Dhateshwari, Demow, Borsila, Barak, Dibang, Dihing, Senki, Dorika, Subansiri, Siang, Baralia, Tihu, Singra, Damring, Manda, Dikchu, Dzu, Kha Ru, Dzucha, Torsa, Beki, Bereng, Bhogdoi, Jhanji, Jia Bharali, Sankosh, Sanuo Ru, Boginadi, Rilang, Myntang, Tlawng, Tuirial, Serlui, Vaipuanpho, Tuikual, Sakhisih, Damdiai, Chite, Tuirini, Tuivawl, Lawibual, Challui, Mat, Siakah, Chhimtuipui, Tuikum, Sesah, Phe, Teirei, Tut, Tuichhuahen, Tiau, Tuipui, Nongal, Simsang, Ganol, Damring, Waikhrwi, Kwai, Teirei, Khawthlangtuipui, Ngengpui Stream, Vantawng, Sderkariah, Laitryngew, Wahkhlek Khlek, Wahrew, Umngi, Rwiang, Kalipai, Kmai Um, Lukha, Myntdu, Lamu, Lynriang, Thlu Umwi, Simsang, Teesta, Sonai, Ranganadi, Rangit, Ranichu, Kapili, Karola, Kathakal, Kharsang, Kohora, Kolong, Kundli, Kushiara, Manu, Nonbah, Kynshi, Wah Blei, Lohit, Manas, Maney Khola, Ganol Tura, Milak, Namchik, Noa Dihing, Pachin, Pagldia, Panchnoi, Poma, Yomgo And Mora -",WAHREW,17.0,19.0,7.6,8.5,,6.9  7.3,33,58,1.0,1.4,0.32,5.51,2,2,27,79
2023,4308,RIVER UMNGI AT JAKREM,MEGHALAYA,"Tributary Streams - Burhidihing, Dhansiri, Bharalu, Dikrong, Gai Nadi, Digaru, Digboi, Dikhow, Kaljani, Gabharu, Tocklai, Tunia, Larsing, Dhateshwari, Demow, Borsila, Barak, Dibang, Dihing, Senki, Dorika, Subansiri, Siang, Baralia, Tihu, Singra, Damring, Manda, Dikchu, Dzu, Kha Ru, Dzucha, Torsa, Beki, Bereng, Bhogdoi, Jhanji, Jia Bharali, Sankosh, Sanuo Ru, Boginadi, Rilang, Myntang, Tlawng, Tuirial, Serlui, Vaipuanpho, Tuikual, Sakhisih, Damdiai, Chite, Tuirini, Tuivawl, Lawibual, Challui, Mat, Siakah, Chhimtuipui, Tuikum, Sesah, Phe, Teirei, Tut, Tuichhuahen, Tiau, Tuipui, Nongal, Simsang, Ganol, Damring, Waikhrwi, Kwai, Teirei, Khawthlangtuipui, Ngengpui Stream, Vantawng, Sderkariah, Laitryngew, Wahkhlek Khlek, Wahrew, Umngi, Rwiang, Kalipai, Kmai Um, Lukha, Myntdu, Lamu, Lynriang, Thlu Umwi, Simsang, Teesta, Sonai, Ranganadi, Rangit, Ranichu, Kapili, Karola, Kathakal, Kharsang, Kohora, Kolong, Kundli, Kushiara, Manu, Nonbah, Kynshi, Wah Blei, Lohit, Manas, Maney Khola, Ganol Tura, Milak, Namchik, Noa Dihing, Pachin, Pagldia, Panchnoi, Poma, Yomgo And Mora -",UMNGI,9.0,20.0,7.1,8.5,,6.8  7.2,30,45,1.0,1.4,0.32,0.46,2,4,23,70
2023,4309,RIVER UMNGI AT UMPUNG,MEGHALAYA,"Tributary Streams - Burhidihing, Dhansiri, Bharalu, Dikrong, Gai Nadi, Digaru, Digboi, Dikhow, Kaljani, Gabharu, Tocklai, Tunia, Larsing, Dhateshwari, Demow, Borsila, Barak, Dibang, Dihing, Senki, Dorika, Subansiri, Siang, Baralia, Tihu, Singra, Damring, Manda, Dikchu, Dzu, Kha Ru, Dzucha, Torsa, Beki, Bereng, Bhogdoi, Jhanji, Jia Bharali, Sankosh, Sanuo Ru, Boginadi, Rilang, Myntang, Tlawng, Tuirial, Serlui, Vaipuanpho, Tuikual, Sakhisih, Damdiai, Chite, Tuirini, Tuivawl, Lawibual, Challui, Mat, Siakah, Chhimtuipui, Tuikum, Sesah, Phe, Teirei, Tut, Tuichhuahen, Tiau, Tuipui, Nongal, Simsang, Ganol, Damring, Waikhrwi, Kwai, Teirei, Khawthlangtuipui, Ngengpui Stream, Vantawng, Sderkariah, Laitryngew, Wahkhlek Khlek, Wahrew, Umngi, Rwiang, Kalipai, Kmai Um, Lukha, Myntdu, Lamu, Lynriang, Thlu Umwi, Simsang, Teesta, Sonai, Ranganadi, Rangit, Ranichu, Kapili, Karola, Kathakal, Kharsang, Kohora, Kolong, Kundli, Kushiara, Manu, Nonbah, Kynshi, Wah Blei, Lohit, Manas, Maney Khola, Ganol Tura, Milak, Namchik, Noa Dihing, Pachin, Pagldia, Panchnoi, Poma, Yomgo And Mora -",UMNGI,15.0,21.0,7.2,8.6,,7.0  7.8,38,55,1.0,1.7,0.32,5.32,2,6,27,130
2023,4310,RIVER RWIANG AT RWIANG,MEGHALAYA,"Tributary Streams - Burhidihing, Dhansiri, Bharalu, Dikrong, Gai Nadi, Digaru, Digboi, Dikhow, Kaljani, Gabharu, Tocklai, Tunia, Larsing, Dhateshwari, Demow, Borsila, Barak, Dibang, Dihing, Senki, Dorika, Subansiri, Siang, Baralia, Tihu, Singra, Damring, Manda, Dikchu, Dzu, Kha Ru, Dzucha, Torsa, Beki, Bereng, Bhogdoi, Jhanji, Jia Bharali, Sankosh, Sanuo Ru, Boginadi, Rilang, Myntang, Tlawng, Tuirial, Serlui, Vaipuanpho, Tuikual, Sakhisih, Damdiai, Chite, Tuirini, Tuivawl, Lawibual, Challui, Mat, Siakah, Chhimtuipui, Tuikum, Sesah, Phe, Teirei, Tut, Tuichhuahen, Tiau, Tuipui, Nongal, Simsang, Ganol, Damring, Waikhrwi, Kwai, Teirei, Khawthlangtuipui, Ngengpui Stream, Vantawng, Sderkariah, Laitryngew, Wahkhlek Khlek, Wahrew, Umngi, Rwiang, Kalipai, Kmai Um, Lukha, Myntdu, Lamu, Lynriang, Thlu Umwi, Simsang, Teesta, Sonai, Ranganadi, Rangit, Ranichu, Kapili, Karola, Kathakal, Kharsang, Kohora, Kolong, Kundli, Kushiara, Manu, Nonbah, Kynshi, Wah Blei, Lohit, Manas, Maney Khola, Ganol Tura, Milak, Namchik, Noa Dihing, Pachin, Pagldia, Panchnoi, Poma, Yomgo And Mora -",RWIANG,14.2,21.0,6.9,8.4,,6.7  7.3,34,53,1.0,1.7,0.32,5.45,2,17,33,170
2023,4311,RIVER KALIPAI AT RYMBAI,MEGHALAYA,"Tributary Streams - Burhidihing, Dhansiri, Bharalu, Dikrong, Gai Nadi, Digaru, Digboi, Dikhow, Kaljani, Gabharu, Tocklai, Tunia, Larsing, Dhateshwari, Demow, Borsila, Barak, Dibang, Dihing, Senki, Dorika, Subansiri, Siang, Baralia, Tihu, Singra, Damring, Manda, Dikchu, Dzu, Kha Ru, Dzucha, Torsa, Beki, Bereng, Bhogdoi, Jhanji, Jia Bharali, Sankosh, Sanuo Ru, Boginadi, Rilang, Myntang, Tlawng, Tuirial, Serlui, Vaipuanpho, Tuikual, Sakhisih, Damdiai, Chite, Tuirini, Tuivawl, Lawibual, Challui, Mat, Siakah, Chhimtuipui, Tuikum, Sesah, Phe, Teirei, Tut, Tuichhuahen, Tiau, Tuipui, Nongal, Simsang, Ganol, Damring, Waikhrwi, Kwai, Teirei, Khawthlangtuipui, Ngengpui Stream, Vantawng, Sderkariah, Laitryngew, Wahkhlek Khlek, Wahrew, Umngi, Rwiang, Kalipai, Kmai Um, Lukha, Myntdu, Lamu, Lynriang, Thlu Umwi, Simsang, Teesta, Sonai, Ranganadi, Rangit, Ranichu, Kapili, Karola, Kathakal, Kharsang, Kohora, Kolong, Kundli, Kushiara, Manu, Nonbah, Kynshi, Wah Blei, Lohit, Manas, Maney Khola, Ganol Tura, Milak, Namchik, Noa Dihing, Pachin, Pagldia, Panchnoi, Poma, Yomgo And Mora -",KALIPAI,14.6,20.0,4.2,7.8,,2.7  3.2,315,,1095  1.2,2.7,0.32,5.32,2,2,2,2
2023,4312,RIVER KMAI UM AT RYMBAI,MEGHALAYA,"Tributary Streams - Burhidihing, Dhansiri, Bharalu, Dikrong, Gai Nadi, Digaru, Digboi, Dikhow, Kaljani, Gabharu, Tocklai, Tunia, Larsing, Dhateshwari, Demow, Borsila, Barak, Dibang, Dihing, Senki, Dorika, Subansiri, Siang, Baralia, Tihu, Singra, Damring, Manda, Dikchu, Dzu, Kha Ru, Dzucha, Torsa, Beki, Bereng, Bhogdoi, Jhanji, Jia Bharali, Sankosh, Sanuo Ru, Boginadi, Rilang, Myntang, Tlawng, Tuirial, Serlui, Vaipuanpho, Tuikual, Sakhisih, Damdiai, Chite, Tuirini, Tuivawl, Lawibual, Challui, Mat, Siakah, Chhimtuipui, Tuikum, Sesah, Phe, Teirei, Tut, Tuichhuahen, Tiau, Tuipui, Nongal, Simsang, Ganol, Damring, Waikhrwi, Kwai, Teirei, Khawthlangtuipui, Ngengpui Stream, Vantawng, Sderkariah, Laitryngew, Wahkhlek Khlek, Wahrew, Umngi, Rwiang, Kalipai, Kmai Um, Lukha, Myntdu, Lamu, Lynriang, Thlu Umwi, Simsang, Teesta, Sonai, Ranganadi, Rangit, Ranichu, Kapili, Karola, Kathakal, Kharsang, Kohora, Kolong, Kundli, Kushiara, Manu, Nonbah, Kynshi, Wah Blei, Lohit, Manas, Maney Khola, Ganol Tura, Milak, Namchik, Noa Dihing, Pachin, Pagldia, Panchnoi, Poma, Yomgo And Mora -",KMAI UM,14.4,20.0,6.6,7.9,,2.6  3.0,680,,1505  1.0,2.3,0.32,0.65,2,2,2,2
2023,4313,RIVER WAIKHRWI AT MOOPALA,MEGHALAYA,"Tributary Streams - Burhidihing, Dhansiri, Bharalu, Dikrong, Gai Nadi, Digaru, Digboi, Dikhow, Kaljani, Gabharu, Tocklai, Tunia, Larsing, Dhateshwari, Demow, Borsila, Barak, Dibang, Dihing, Senki, Dorika, Subansiri, Siang, Baralia, Tihu, Singra, Damring, Manda, Dikchu, Dzu, Kha Ru, Dzucha, Torsa, Beki, Bereng, Bhogdoi, Jhanji, Jia Bharali, Sankosh, Sanuo Ru, Boginadi, Rilang, Myntang, Tlawng, Tuirial, Serlui, Vaipuanpho, Tuikual, Sakhisih, Damdiai, Chite, Tuirini, Tuivawl, Lawibual, Challui, Mat, Siakah, Chhimtuipui, Tuikum, Sesah, Phe, Teirei, Tut, Tuichhuahen, Tiau, Tuipui, Nongal, Simsang, Ganol, Damring, Waikhrwi, Kwai, Teirei, Khawthlangtuipui, Ngengpui Stream, Vantawng, Sderkariah, Laitryngew, Wahkhlek Khlek, Wahrew, Umngi, Rwiang, Kalipai, Kmai Um, Lukha, Myntdu, Lamu, Lynriang, Thlu Umwi, Simsang, Teesta, Sonai, Ranganadi, Rangit, Ranichu, Kapili, Karola, Kathakal, Kharsang, Kohora, Kolong, Kundli, Kushiara, Manu, Nonbah, Kynshi, Wah Blei, Lohit, Manas, Maney Khola, Ganol Tura, Milak, Namchik, Noa Dihing, Pachin, Pagldia, Panchnoi, Poma, Yomgo And Mora -",WAIKHRWI,9.0,19.0,6.7,7.8,,2.7  3.0,464,,1160  1.1,1.9,0.32,0.34,2,2,2,2
2023,4314,"RIVER KWAI AT SUTNGA, JALAPHET",MEGHALAYA,"Tributary Streams - Burhidihing, Dhansiri, Bharalu, Dikrong, Gai Nadi, Digaru, Digboi, Dikhow, Kaljani, Gabharu, Tocklai, Tunia, Larsing, Dhateshwari, Demow, Borsila, Barak, Dibang, Dihing, Senki, Dorika, Subansiri, Siang, Baralia, Tihu, Singra, Damring, Manda, Dikchu, Dzu, Kha Ru, Dzucha, Torsa, Beki, Bereng, Bhogdoi, Jhanji, Jia Bharali, Sankosh, Sanuo Ru, Boginadi, Rilang, Myntang, Tlawng, Tuirial, Serlui, Vaipuanpho, Tuikual, Sakhisih, Damdiai, Chite, Tuirini, Tuivawl, Lawibual, Challui, Mat, Siakah, Chhimtuipui, Tuikum, Sesah, Phe, Teirei, Tut, Tuichhuahen, Tiau, Tuipui, Nongal, Simsang, Ganol, Damring, Waikhrwi, Kwai, Teirei, Khawthlangtuipui, Ngengpui Stream, Vantawng, Sderkariah, Laitryngew, Wahkhlek Khlek, Wahrew, Umngi, Rwiang, Kalipai, Kmai Um, Lukha, Myntdu, Lamu, Lynriang, Thlu Umwi, Simsang, Teesta, Sonai, Ranganadi, Rangit, Ranichu, Kapili, Karola, Kathakal, Kharsang, Kohora, Kolong, Kundli, Kushiara, Manu, Nonbah, Kynshi, Wah Blei, Lohit, Manas, Maney Khola, Ganol Tura, Milak, Namchik, Noa Dihing, Pachin, Pagldia, Panchnoi, Poma, Yomgo And Mora -",KWAI,12.0,20.0,6.2,7.8,,3.6  4.3,126,360,1.2,2.1,0.32,0.32,2,2,2,2
2023,4315,RIVER LUKHA AT KHADDUM,MEGHALAYA,"Tributary Streams - Burhidihing, Dhansiri, Bharalu, Dikrong, Gai Nadi, Digaru, Digboi, Dikhow, Kaljani, Gabharu, Tocklai, Tunia, Larsing, Dhateshwari, Demow, Borsila, Barak, Dibang, Dihing, Senki, Dorika, Subansiri, Siang, Baralia, Tihu, Singra, Damring, Manda, Dikchu, Dzu, Kha Ru, Dzucha, Torsa, Beki, Bereng, Bhogdoi, Jhanji, Jia Bharali, Sankosh, Sanuo Ru, Boginadi, Rilang, Myntang, Tlawng, Tuirial, Serlui, Vaipuanpho, Tuikual, Sakhisih, Damdiai, Chite, Tuirini, Tuivawl, Lawibual, Challui, Mat, Siakah, Chhimtuipui, Tuikum, Sesah, Phe, Teirei, Tut, Tuichhuahen, Tiau, Tuipui, Nongal, Simsang, Ganol, Damring, Waikhrwi, Kwai, Teirei, Khawthlangtuipui, Ngengpui Stream, Vantawng, Sderkariah, Laitryngew, Wahkhlek Khlek, Wahrew, Umngi, Rwiang, Kalipai, Kmai Um, Lukha, Myntdu, Lamu, Lynriang, Thlu Umwi, Simsang, Teesta, Sonai, Ranganadi, Rangit, Ranichu, Kapili, Karola, Kathakal, Kharsang, Kohora, Kolong, Kundli, Kushiara, Manu, Nonbah, Kynshi, Wah Blei, Lohit, Manas, Maney Khola, Ganol Tura, Milak, Namchik, Noa Dihing, Pachin, Pagldia, Panchnoi, Poma, Yomgo And Mora -",LUKHA,14.2,19.3,6.8,8.8,,4.7  7.8,150,550,1.2,1.9,0.32,1.22,2,6,49,170
2023,4316,RIVER MYNTDU AT MIHMYNTDU,MEGHALAYA,"Tributary Streams - Burhidihing, Dhansiri, Bharalu, Dikrong, Gai Nadi, Digaru, Digboi, Dikhow, Kaljani, Gabharu, Tocklai, Tunia, Larsing, Dhateshwari, Demow, Borsila, Barak, Dibang, Dihing, Senki, Dorika, Subansiri, Siang, Baralia, Tihu, Singra, Damring, Manda, Dikchu, Dzu, Kha Ru, Dzucha, Torsa, Beki, Bereng, Bhogdoi, Jhanji, Jia Bharali, Sankosh, Sanuo Ru, Boginadi, Rilang, Myntang, Tlawng, Tuirial, Serlui, Vaipuanpho, Tuikual, Sakhisih, Damdiai, Chite, Tuirini, Tuivawl, Lawibual, Challui, Mat, Siakah, Chhimtuipui, Tuikum, Sesah, Phe, Teirei, Tut, Tuichhuahen, Tiau, Tuipui, Nongal, Simsang, Ganol, Damring, Waikhrwi, Kwai, Teirei, Khawthlangtuipui, Ngengpui Stream, Vantawng, Sderkariah, Laitryngew, Wahkhlek Khlek, Wahrew, Umngi, Rwiang, Kalipai, Kmai Um, Lukha, Myntdu, Lamu, Lynriang, Thlu Umwi, Simsang, Teesta, Sonai, Ranganadi, Rangit, Ranichu, Kapili, Karola, Kathakal, Kharsang, Kohora, Kolong, Kundli, Kushiara, Manu, Nonbah, Kynshi, Wah Blei, Lohit, Manas, Maney Khola, Ganol Tura, Milak, Namchik, Noa Dihing, Pachin, Pagldia, Panchnoi, Poma, Yomgo And Mora -",MYNTDU,12.0,20.0,6.6,7.6,,6.6  6.9,36,61,1.3,2.1,0.32,0.71,46,140,430,1200
2023,3379,RIVER MYNTDU AT LESHKA,MEGHALAYA,"Tributary Streams - Burhidihing, Dhansiri, Bharalu, Dikrong, Gai Nadi, Digaru, Digboi, Dikhow, Kaljani, Gabharu, Tocklai, Tunia, Larsing, Dhateshwari, Demow, Borsila, Barak, Dibang, Dihing, Senki, Dorika, Subansiri, Siang, Baralia, Tihu, Singra, Damring, Manda, Dikchu, Dzu, Kha Ru, Dzucha, Torsa, Beki, Bereng, Bhogdoi, Jhanji, Jia Bharali, Sankosh, Sanuo Ru, Boginadi, Rilang, Myntang, Tlawng, Tuirial, Serlui, Vaipuanpho, Tuikual, Sakhisih, Damdiai, Chite, Tuirini, Tuivawl, Lawibual, Challui, Mat, Siakah, Chhimtuipui, Tuikum, Sesah, Phe, Teirei, Tut, Tuichhuahen, Tiau, Tuipui, Nongal, Simsang, Ganol, Damring, Waikhrwi, Kwai, Teirei, Khawthlangtuipui, Ngengpui Stream, Vantawng, Sderkariah, Laitryngew, Wahkhlek Khlek, Wahrew, Umngi, Rwiang, Kalipai, Kmai Um, Lukha, Myntdu, Lamu, Lynriang, Thlu Umwi, Simsang, Teesta, Sonai, Ranganadi, Rangit, Ranichu, Kapili, Karola, Kathakal, Kharsang, Kohora, Kolong, Kundli, Kushiara, Manu, Nonbah, Kynshi, Wah Blei, Lohit, Manas, Maney Khola, Ganol Tura, Milak, Namchik, Noa Dihing, Pachin, Pagldia, Panchnoi, Poma, Yomgo And Mora -",MYNTDU,13.0,21.0,7.0,8.4,,5.0  7.1,41,76,1.0,1.9,0.35,0.63,11,63,170,2400
2023,1631,RIVER MYNTDU JOWAI,MEGHALAYA,"Tributary Streams - Burhidihing, Dhansiri, Bharalu, Dikrong, Gai Nadi, Digaru, Digboi, Dikhow, Kaljani, Gabharu, Tocklai, Tunia, Larsing, Dhateshwari, Demow, Borsila, Barak, Dibang, Dihing, Senki, Dorika, Subansiri, Siang, Baralia, Tihu, Singra, Damring, Manda, Dikchu, Dzu, Kha Ru, Dzucha, Torsa, Beki, Bereng, Bhogdoi, Jhanji, Jia Bharali, Sankosh, Sanuo Ru, Boginadi, Rilang, Myntang, Tlawng, Tuirial, Serlui, Vaipuanpho, Tuikual, Sakhisih, Damdiai, Chite, Tuirini, Tuivawl, Lawibual, Challui, Mat, Siakah, Chhimtuipui, Tuikum, Sesah, Phe, Teirei, Tut, Tuichhuahen, Tiau, Tuipui, Nongal, Simsang, Ganol, Damring, Waikhrwi, Kwai, Teirei, Khawthlangtuipui, Ngengpui Stream, Vantawng, Sderkariah, Laitryngew, Wahkhlek Khlek, Wahrew, Umngi, Rwiang, Kalipai, Kmai Um, Lukha, Myntdu, Lamu, Lynriang, Thlu Umwi, Simsang, Teesta, Sonai, Ranganadi, Rangit, Ranichu, Kapili, Karola, Kathakal, Kharsang, Kohora, Kolong, Kundli, Kushiara, Manu, Nonbah, Kynshi, Wah Blei, Lohit, Manas, Maney Khola, Ganol Tura, Milak, Namchik, Noa Dihing, Pachin, Pagldia, Panchnoi, Poma, Yomgo And Mora -",,15.0,20.0,6.7,7.4,,6.7  7.1,36,58,1.6,2.4,0.32,0.96,220,480,1400,3100
2023,1428,RIVER KYRHUHKHLA KHLIEHRIAT,MEGHALAYA,"Tributary Streams - Burhidihing, Dhansiri, Bharalu, Dikrong, Gai Nadi, Digaru, Digboi, Dikhow, Kaljani, Gabharu, Tocklai, Tunia, Larsing, Dhateshwari, Demow, Borsila, Barak, Dibang, Dihing, Senki, Dorika, Subansiri, Siang, Baralia, Tihu, Singra, Damring, Manda, Dikchu, Dzu, Kha Ru, Dzucha, Torsa, Beki, Bereng, Bhogdoi, Jhanji, Jia Bharali, Sankosh, Sanuo Ru, Boginadi, Rilang, Myntang, Tlawng, Tuirial, Serlui, Vaipuanpho, Tuikual, Sakhisih, Damdiai, Chite, Tuirini, Tuivawl, Lawibual, Challui, Mat, Siakah, Chhimtuipui, Tuikum, Sesah, Phe, Teirei, Tut, Tuichhuahen, Tiau, Tuipui, Nongal, Simsang, Ganol, Damring, Waikhrwi, Kwai, Teirei, Khawthlangtuipui, Ngengpui Stream, Vantawng, Sderkariah, Laitryngew, Wahkhlek Khlek, Wahrew, Umngi, Rwiang, Kalipai, Kmai Um, Lukha, Myntdu, Lamu, Lynriang, Thlu Umwi, Simsang, Teesta, Sonai, Ranganadi, Rangit, Ranichu, Kapili, Karola, Kathakal, Kharsang, Kohora, Kolong, Kundli, Kushiara, Manu, Nonbah, Kynshi, Wah Blei, Lohit, Manas, Maney Khola, Ganol Tura, Milak, Namchik, Noa Dihing, Pachin, Pagldia, Panchnoi, Poma, Yomgo And Mora -",,13.0,19.0,6.6,7.2,,2.8  4.1,111,550,1.9,2.7,0.32,0.70,2,2,2,2
2023,4317,RIVER LAMU AT LESHKA,MEGHALAYA,"Tributary Streams - Burhidihing, Dhansiri, Bharalu, Dikrong, Gai Nadi, Digaru, Digboi, Dikhow, Kaljani, Gabharu, Tocklai, Tunia, Larsing, Dhateshwari, Demow, Borsila, Barak, Dibang, Dihing, Senki, Dorika, Subansiri, Siang, Baralia, Tihu, Singra, Damring, Manda, Dikchu, Dzu, Kha Ru, Dzucha, Torsa, Beki, Bereng, Bhogdoi, Jhanji, Jia Bharali, Sankosh, Sanuo Ru, Boginadi, Rilang, Myntang, Tlawng, Tuirial, Serlui, Vaipuanpho, Tuikual, Sakhisih, Damdiai, Chite, Tuirini, Tuivawl, Lawibual, Challui, Mat, Siakah, Chhimtuipui, Tuikum, Sesah, Phe, Teirei, Tut, Tuichhuahen, Tiau, Tuipui, Nongal, Simsang, Ganol, Damring, Waikhrwi, Kwai, Teirei, Khawthlangtuipui, Ngengpui Stream, Vantawng, Sderkariah, Laitryngew, Wahkhlek Khlek, Wahrew, Umngi, Rwiang, Kalipai, Kmai Um, Lukha, Myntdu, Lamu, Lynriang, Thlu Umwi, Simsang, Teesta, Sonai, Ranganadi, Rangit, Ranichu, Kapili, Karola, Kathakal, Kharsang, Kohora, Kolong, Kundli, Kushiara, Manu, Nonbah, Kynshi, Wah Blei, Lohit, Manas, Maney Khola, Ganol Tura, Milak, Namchik, Noa Dihing, Pachin, Pagldia, Panchnoi, Poma, Yomgo And Mora -",LAMU,12.6,20.0,6.6,8.5,,6.8  7.6,40,75,1.0,1.8,0.32,0.46,4,23,110,240
2023,4318,RIVER LYNRIANG AT LESHKA POWER HOUSE,MEGHALAYA,"Tributary Streams - Burhidihing, Dhansiri, Bharalu, Dikrong, Gai Nadi, Digaru, Digboi, Dikhow, Kaljani, Gabharu, Tocklai, Tunia, Larsing, Dhateshwari, Demow, Borsila, Barak, Dibang, Dihing, Senki, Dorika, Subansiri, Siang, Baralia, Tihu, Singra, Damring, Manda, Dikchu, Dzu, Kha Ru, Dzucha, Torsa, Beki, Bereng, Bhogdoi, Jhanji, Jia Bharali, Sankosh, Sanuo Ru, Boginadi, Rilang, Myntang, Tlawng, Tuirial, Serlui, Vaipuanpho, Tuikual, Sakhisih, Damdiai, Chite, Tuirini, Tuivawl, Lawibual, Challui, Mat, Siakah, Chhimtuipui, Tuikum, Sesah, Phe, Teirei, Tut, Tuichhuahen, Tiau, Tuipui, Nongal, Simsang, Ganol, Damring, Waikhrwi, Kwai, Teirei, Khawthlangtuipui, Ngengpui Stream, Vantawng, Sderkariah, Laitryngew, Wahkhlek Khlek, Wahrew, Umngi, Rwiang, Kalipai, Kmai Um, Lukha, Myntdu, Lamu, Lynriang, Thlu Umwi, Simsang, Teesta, Sonai, Ranganadi, Rangit, Ranichu, Kapili, Karola, Kathakal, Kharsang, Kohora, Kolong, Kundli, Kushiara, Manu, Nonbah, Kynshi, Wah Blei, Lohit, Manas, Maney Khola, Ganol Tura, Milak, Namchik, Noa Dihing, Pachin, Pagldia, Panchnoi, Poma, Yomgo And Mora -",LYNRIANG,13.8,20.0,6.4,7.6,,2.7  3.5,433,,1270  1.1,2.0,0.32,0.47,2,2,2,2
2023,4319,RIVER UMIUREM AT LALE,MEGHALAYA,"Tributary Streams - Burhidihing, Dhansiri, Bharalu, Dikrong, Gai Nadi, Digaru, Digboi, Dikhow, Kaljani, Gabharu, Tocklai, Tunia, Larsing, Dhateshwari, Demow, Borsila, Barak, Dibang, Dihing, Senki, Dorika, Subansiri, Siang, Baralia, Tihu, Singra, Damring, Manda, Dikchu, Dzu, Kha Ru, Dzucha, Torsa, Beki, Bereng, Bhogdoi, Jhanji, Jia Bharali, Sankosh, Sanuo Ru, Boginadi, Rilang, Myntang, Tlawng, Tuirial, Serlui, Vaipuanpho, Tuikual, Sakhisih, Damdiai, Chite, Tuirini, Tuivawl, Lawibual, Challui, Mat, Siakah, Chhimtuipui, Tuikum, Sesah, Phe, Teirei, Tut, Tuichhuahen, Tiau, Tuipui, Nongal, Simsang, Ganol, Damring, Waikhrwi, Kwai, Teirei, Khawthlangtuipui, Ngengpui Stream, Vantawng, Sderkariah, Laitryngew, Wahkhlek Khlek, Wahrew, Umngi, Rwiang, Kalipai, Kmai Um, Lukha, Myntdu, Lamu, Lynriang, Thlu Umwi, Simsang, Teesta, Sonai, Ranganadi, Rangit, Ranichu, Kapili, Karola, Kathakal, Kharsang, Kohora, Kolong, Kundli, Kushiara, Manu, Nonbah, Kynshi, Wah Blei, Lohit, Manas, Maney Khola, Ganol Tura, Milak, Namchik, Noa Dihing, Pachin, Pagldia, Panchnoi, Poma, Yomgo And Mora -",UMIUREM,14.0,19.0,6.8,8.4,,3.8  4.5,158,595,1.0,2.0,0.32,0.47,2,2,2,2
2023,4320,RIVER KUPLI AT LOOSKI,MEGHALAYA,"Tributary Streams - Burhidihing, Dhansiri, Bharalu, Dikrong, Gai Nadi, Digaru, Digboi, Dikhow, Kaljani, Gabharu, Tocklai, Tunia, Larsing, Dhateshwari, Demow, Borsila, Barak, Dibang, Dihing, Senki, Dorika, Subansiri, Siang, Baralia, Tihu, Singra, Damring, Manda, Dikchu, Dzu, Kha Ru, Dzucha, Torsa, Beki, Bereng, Bhogdoi, Jhanji, Jia Bharali, Sankosh, Sanuo Ru, Boginadi, Rilang, Myntang, Tlawng, Tuirial, Serlui, Vaipuanpho, Tuikual, Sakhisih, Damdiai, Chite, Tuirini, Tuivawl, Lawibual, Challui, Mat, Siakah, Chhimtuipui, Tuikum, Sesah, Phe, Teirei, Tut, Tuichhuahen, Tiau, Tuipui, Nongal, Simsang, Ganol, Damring, Waikhrwi, Kwai, Teirei, Khawthlangtuipui, Ngengpui Stream, Vantawng, Sderkariah, Laitryngew, Wahkhlek Khlek, Wahrew, Umngi, Rwiang, Kalipai, Kmai Um, Lukha, Myntdu, Lamu, Lynriang, Thlu Umwi, Simsang, Teesta, Sonai, Ranganadi, Rangit, Ranichu, Kapili, Karola, Kathakal, Kharsang, Kohora, Kolong, Kundli, Kushiara, Manu, Nonbah, Kynshi, Wah Blei, Lohit, Manas, Maney Khola, Ganol Tura, Milak, Namchik, Noa Dihing, Pachin, Pagldia, Panchnoi, Poma, Yomgo And Mora -",KUPLI,14.6,19.0,6.6,8.4,,3.8  4.5,143,308,1.2,1.9,0.32,0.43,2,2,2,2
2023,4321,RIVER KUPLI AT KHANDONG,MEGHALAYA,"Tributary Streams - Burhidihing, Dhansiri, Bharalu, Dikrong, Gai Nadi, Digaru, Digboi, Dikhow, Kaljani, Gabharu, Tocklai, Tunia, Larsing, Dhateshwari, Demow, Borsila, Barak, Dibang, Dihing, Senki, Dorika, Subansiri, Siang, Baralia, Tihu, Singra, Damring, Manda, Dikchu, Dzu, Kha Ru, Dzucha, Torsa, Beki, Bereng, Bhogdoi, Jhanji, Jia Bharali, Sankosh, Sanuo Ru, Boginadi, Rilang, Myntang, Tlawng, Tuirial, Serlui, Vaipuanpho, Tuikual, Sakhisih, Damdiai, Chite, Tuirini, Tuivawl, Lawibual, Challui, Mat, Siakah, Chhimtuipui, Tuikum, Sesah, Phe, Teirei, Tut, Tuichhuahen, Tiau, Tuipui, Nongal, Simsang, Ganol, Damring, Waikhrwi, Kwai, Teirei, Khawthlangtuipui, Ngengpui Stream, Vantawng, Sderkariah, Laitryngew, Wahkhlek Khlek, Wahrew, Umngi, Rwiang, Kalipai, Kmai Um, Lukha, Myntdu, Lamu, Lynriang, Thlu Umwi, Simsang, Teesta, Sonai, Ranganadi, Rangit, Ranichu, Kapili, Karola, Kathakal, Kharsang, Kohora, Kolong, Kundli, Kushiara, Manu, Nonbah, Kynshi, Wah Blei, Lohit, Manas, Maney Khola, Ganol Tura, Milak, Namchik, Noa Dihing, Pachin, Pagldia, Panchnoi, Poma, Yomgo And Mora -",KUPLI,14.0,19.0,6.6,7.8,,3.7  4.7,140,301,1.2,1.9,0.32,0.56,2,2,2,84
2023,4322,RIVER THLU UMWI AT THLU UMWI,MEGHALAYA,"Tributary Streams - Burhidihing, Dhansiri, Bharalu, Dikrong, Gai Nadi, Digaru, Digboi, Dikhow, Kaljani, Gabharu, Tocklai, Tunia, Larsing, Dhateshwari, Demow, Borsila, Barak, Dibang, Dihing, Senki, Dorika, Subansiri, Siang, Baralia, Tihu, Singra, Damring, Manda, Dikchu, Dzu, Kha Ru, Dzucha, Torsa, Beki, Bereng, Bhogdoi, Jhanji, Jia Bharali, Sankosh, Sanuo Ru, Boginadi, Rilang, Myntang, Tlawng, Tuirial, Serlui, Vaipuanpho, Tuikual, Sakhisih, Damdiai, Chite, Tuirini, Tuivawl, Lawibual, Challui, Mat, Siakah, Chhimtuipui, Tuikum, Sesah, Phe, Teirei, Tut, Tuichhuahen, Tiau, Tuipui, Nongal, Simsang, Ganol, Damring, Waikhrwi, Kwai, Teirei, Khawthlangtuipui, Ngengpui Stream, Vantawng, Sderkariah, Laitryngew, Wahkhlek Khlek, Wahrew, Umngi, Rwiang, Kalipai, Kmai Um, Lukha, Myntdu, Lamu, Lynriang, Thlu Umwi, Simsang, Teesta, Sonai, Ranganadi, Rangit, Ranichu, Kapili, Karola, Kathakal, Kharsang, Kohora, Kolong, Kundli, Kushiara, Manu, Nonbah, Kynshi, Wah Blei, Lohit, Manas, Maney Khola, Ganol Tura, Milak, Namchik, Noa Dihing, Pachin, Pagldia, Panchnoi, Poma, Yomgo And Mora -",THLU UMWI,10.0,21.0,6.7,7.9,,4.0  4.9,36,58,1.2,2.0,0.32,0.39,2,9,12,120
2023,1633,RIVER SIMSANG WILLIAMNAGAR,MEGHALAYA,"Tributary Streams - Burhidihing, Dhansiri, Bharalu, Dikrong, Gai Nadi, Digaru, Digboi, Dikhow, Kaljani, Gabharu, Tocklai, Tunia, Larsing, Dhateshwari, Demow, Borsila, Barak, Dibang, Dihing, Senki, Dorika, Subansiri, Siang, Baralia, Tihu, Singra, Damring, Manda, Dikchu, Dzu, Kha Ru, Dzucha, Torsa, Beki, Bereng, Bhogdoi, Jhanji, Jia Bharali, Sankosh, Sanuo Ru, Boginadi, Rilang, Myntang, Tlawng, Tuirial, Serlui, Vaipuanpho, Tuikual, Sakhisih, Damdiai, Chite, Tuirini, Tuivawl, Lawibual, Challui, Mat, Siakah, Chhimtuipui, Tuikum, Sesah, Phe, Teirei, Tut, Tuichhuahen, Tiau, Tuipui, Nongal, Simsang, Ganol, Damring, Waikhrwi, Kwai, Teirei, Khawthlangtuipui, Ngengpui Stream, Vantawng, Sderkariah, Laitryngew, Wahkhlek Khlek, Wahrew, Umngi, Rwiang, Kalipai, Kmai Um, Lukha, Myntdu, Lamu, Lynriang, Thlu Umwi, Simsang, Teesta, Sonai, Ranganadi, Rangit, Ranichu, Kapili, Karola, Kathakal, Kharsang, Kohora, Kolong, Kundli, Kushiara, Manu, Nonbah, Kynshi, Wah Blei, Lohit, Manas, Maney Khola, Ganol Tura, Milak, Namchik, Noa Dihing, Pachin, Pagldia, Panchnoi, Poma, Yomgo And Mora -",,15.0,23.0,6.8,7.8,,6.9  7.7,50,73,1.2,2.0,0.32,0.45,23,170,330,790
2023,1801,RIVER TEESTA AFTER CONFLUENCS OF RIVERS LACHENCHU AND LACHUNGCHU AT CHUNGTHANG,SIKKIM,"Tributary Streams - Burhidihing, Dhansiri, Bharalu, Dikrong, Gai Nadi, Digaru, Digboi, Dikhow, Kaljani, Gabharu, Tocklai, Tunia, Larsing, Dhateshwari, Demow, Borsila, Barak, Dibang, Dihing, Senki, Dorika, Subansiri, Siang, Baralia, Tihu, Singra, Damring, Manda, Dikchu, Dzu, Kha Ru, Dzucha, Torsa, Beki, Bereng, Bhogdoi, Jhanji, Jia Bharali, Sankosh, Sanuo Ru, Boginadi, Rilang, Myntang, Tlawng, Tuirial, Serlui, Vaipuanpho, Tuikual, Sakhisih, Damdiai, Chite, Tuirini, Tuivawl, Lawibual, Challui, Mat, Siakah, Chhimtuipui, Tuikum, Sesah, Phe, Teirei, Tut, Tuichhuahen, Tiau, Tuipui, Nongal, Simsang, Ganol, Damring, Waikhrwi, Kwai, Teirei, Khawthlangtuipui, Ngengpui Stream, Vantawng, Sderkariah, Laitryngew, Wahkhlek Khlek, Wahrew, Umngi, Rwiang, Kalipai, Kmai Um, Lukha, Myntdu, Lamu, Lynriang, Thlu Umwi, Simsang, Teesta, Sonai, Ranganadi, Rangit, Ranichu, Kapili, Karola, Kathakal, Kharsang, Kohora, Kolong, Kundli, Kushiara, Manu, Nonbah, Kynshi, Wah Blei, Lohit, Manas, Maney Khola, Ganol Tura, Milak, Namchik, Noa Dihing, Pachin, Pagldia, Panchnoi, Poma, Yomgo And Mora -",TEESTA AFTER CONFLUENCS OF RIVERS LACHENCHU AND LACHUNGCHU,9.2,18.0,7.0,8.7,,6.8  7.2,91,180,2.0,2.3,1.00,3.80,24,61,56,130
2023,1807,RIVER TEESTA AFTER CONFLUENCS WITH RANICHU AT SINGTAM,SIKKIM,"Tributary Streams - Burhidihing, Dhansiri, Bharalu, Dikrong, Gai Nadi, Digaru, Digboi, Dikhow, Kaljani, Gabharu, Tocklai, Tunia, Larsing, Dhateshwari, Demow, Borsila, Barak, Dibang, Dihing, Senki, Dorika, Subansiri, Siang, Baralia, Tihu, Singra, Damring, Manda, Dikchu, Dzu, Kha Ru, Dzucha, Torsa, Beki, Bereng, Bhogdoi, Jhanji, Jia Bharali, Sankosh, Sanuo Ru, Boginadi, Rilang, Myntang, Tlawng, Tuirial, Serlui, Vaipuanpho, Tuikual, Sakhisih, Damdiai, Chite, Tuirini, Tuivawl, Lawibual, Challui, Mat, Siakah, Chhimtuipui, Tuikum, Sesah, Phe, Teirei, Tut, Tuichhuahen, Tiau, Tuipui, Nongal, Simsang, Ganol, Damring, Waikhrwi, Kwai, Teirei, Khawthlangtuipui, Ngengpui Stream, Vantawng, Sderkariah, Laitryngew, Wahkhlek Khlek, Wahrew, Umngi, Rwiang, Kalipai, Kmai Um, Lukha, Myntdu, Lamu, Lynriang, Thlu Umwi, Simsang, Teesta, Sonai, Ranganadi, Rangit, Ranichu, Kapili, Karola, Kathakal, Kharsang, Kohora, Kolong, Kundli, Kushiara, Manu, Nonbah, Kynshi, Wah Blei, Lohit, Manas, Maney Khola, Ganol Tura, Milak, Namchik, Noa Dihing, Pachin, Pagldia, Panchnoi, Poma, Yomgo And Mora -",TEESTA AFTER CONFLUENCS WITH RANICHU,14.0,24.0,7.4,9.4,,6.6  7.4,139,173,2.0,2.4,1.90,4.40,31,85,66,178
2023,1808,RIVER TEESTA AFTER CONFLUENCS WITH RONGPOCHU AFTER MEETING THE INDUSTRIAL EFFLUENTS FROM THE TOWN RANGPO,SIKKIM,"Tributary Streams - Burhidihing, Dhansiri, Bharalu, Dikrong, Gai Nadi, Digaru, Digboi, Dikhow, Kaljani, Gabharu, Tocklai, Tunia, Larsing, Dhateshwari, Demow, Borsila, Barak, Dibang, Dihing, Senki, Dorika, Subansiri, Siang, Baralia, Tihu, Singra, Damring, Manda, Dikchu, Dzu, Kha Ru, Dzucha, Torsa, Beki, Bereng, Bhogdoi, Jhanji, Jia Bharali, Sankosh, Sanuo Ru, Boginadi, Rilang, Myntang, Tlawng, Tuirial, Serlui, Vaipuanpho, Tuikual, Sakhisih, Damdiai, Chite, Tuirini, Tuivawl, Lawibual, Challui, Mat, Siakah, Chhimtuipui, Tuikum, Sesah, Phe, Teirei, Tut, Tuichhuahen, Tiau, Tuipui, Nongal, Simsang, Ganol, Damring, Waikhrwi, Kwai, Teirei, Khawthlangtuipui, Ngengpui Stream, Vantawng, Sderkariah, Laitryngew, Wahkhlek Khlek, Wahrew, Umngi, Rwiang, Kalipai, Kmai Um, Lukha, Myntdu, Lamu, Lynriang, Thlu Umwi, Simsang, Teesta, Sonai, Ranganadi, Rangit, Ranichu, Kapili, Karola, Kathakal, Kharsang, Kohora, Kolong, Kundli, Kushiara, Manu, Nonbah, Kynshi, Wah Blei, Lohit, Manas, Maney Khola, Ganol Tura, Milak, Namchik, Noa Dihing, Pachin, Pagldia, Panchnoi, Poma, Yomgo And Mora -",,16.0,23.0,7.9,9.1,,6.7  7.4,139,170,1.6,2.3,2.00,4.70,29,105,61,185
2023,1809,RIVER TEESTA AT MELLI DOWNSTREAM MELLI,SIKKIM,"Tributary Streams - Burhidihing, Dhansiri, Bharalu, Dikrong, Gai Nadi, Digaru, Digboi, Dikhow, Kaljani, Gabharu, Tocklai, Tunia, Larsing, Dhateshwari, Demow, Borsila, Barak, Dibang, Dihing, Senki, Dorika, Subansiri, Siang, Baralia, Tihu, Singra, Damring, Manda, Dikchu, Dzu, Kha Ru, Dzucha, Torsa, Beki, Bereng, Bhogdoi, Jhanji, Jia Bharali, Sankosh, Sanuo Ru, Boginadi, Rilang, Myntang, Tlawng, Tuirial, Serlui, Vaipuanpho, Tuikual, Sakhisih, Damdiai, Chite, Tuirini, Tuivawl, Lawibual, Challui, Mat, Siakah, Chhimtuipui, Tuikum, Sesah, Phe, Teirei, Tut, Tuichhuahen, Tiau, Tuipui, Nongal, Simsang, Ganol, Damring, Waikhrwi, Kwai, Teirei, Khawthlangtuipui, Ngengpui Stream, Vantawng, Sderkariah, Laitryngew, Wahkhlek Khlek, Wahrew, Umngi, Rwiang, Kalipai, Kmai Um, Lukha, Myntdu, Lamu, Lynriang, Thlu Umwi, Simsang, Teesta, Sonai, Ranganadi, Rangit, Ranichu, Kapili, Karola, Kathakal, Kharsang, Kohora, Kolong, Kundli, Kushiara, Manu, Nonbah, Kynshi, Wah Blei, Lohit, Manas, Maney Khola, Ganol Tura, Milak, Namchik, Noa Dihing, Pachin, Pagldia, Panchnoi, Poma, Yomgo And Mora -",TEESTA,14.0,23.0,8.0,9.4,,6.8  7.6,132,182,2.0,2.4,2.00,5.00,32,100,64,185
2023,1947,"RIVER TEESTA AT SEVOKE, SILIGURI, DARJEELING",WEST BENGAL,"Tributary Streams - Burhidihing, Dhansiri, Bharalu, Dikrong, Gai Nadi, Digaru, Digboi, Dikhow, Kaljani, Gabharu, Tocklai, Tunia, Larsing, Dhateshwari, Demow, Borsila, Barak, Dibang, Dihing, Senki, Dorika, Subansiri, Siang, Baralia, Tihu, Singra, Damring, Manda, Dikchu, Dzu, Kha Ru, Dzucha, Torsa, Beki, Bereng, Bhogdoi, Jhanji, Jia Bharali, Sankosh, Sanuo Ru, Boginadi, Rilang, Myntang, Tlawng, Tuirial, Serlui, Vaipuanpho, Tuikual, Sakhisih, Damdiai, Chite, Tuirini, Tuivawl, Lawibual, Challui, Mat, Siakah, Chhimtuipui, Tuikum, Sesah, Phe, Teirei, Tut, Tuichhuahen, Tiau, Tuipui, Nongal, Simsang, Ganol, Damring, Waikhrwi, Kwai, Teirei, Khawthlangtuipui, Ngengpui Stream, Vantawng, Sderkariah, Laitryngew, Wahkhlek Khlek, Wahrew, Umngi, Rwiang, Kalipai, Kmai Um, Lukha, Myntdu, Lamu, Lynriang, Thlu Umwi, Simsang, Teesta, Sonai, Ranganadi, Rangit, Ranichu, Kapili, Karola, Kathakal, Kharsang, Kohora, Kolong, Kundli, Kushiara, Manu, Nonbah, Kynshi, Wah Blei, Lohit, Manas, Maney Khola, Ganol Tura, Milak, Namchik, Noa Dihing, Pachin, Pagldia, Panchnoi, Poma, Yomgo And Mora -",TEESTA,11.0,27.0,7.1,8.9,,6.3  8.0,36,86,1.0,2.1,0.30,0.75,800,24000,2300,50000
2023,4723,RIVER TEESTA AT JALPESH,WEST BENGAL,"Tributary Streams - Burhidihing, Dhansiri, Bharalu, Dikrong, Gai Nadi, Digaru, Digboi, Dikhow, Kaljani, Gabharu, Tocklai, Tunia, Larsing, Dhateshwari, Demow, Borsila, Barak, Dibang, Dihing, Senki, Dorika, Subansiri, Siang, Baralia, Tihu, Singra, Damring, Manda, Dikchu, Dzu, Kha Ru, Dzucha, Torsa, Beki, Bereng, Bhogdoi, Jhanji, Jia Bharali, Sankosh, Sanuo Ru, Boginadi, Rilang, Myntang, Tlawng, Tuirial, Serlui, Vaipuanpho, Tuikual, Sakhisih, Damdiai, Chite, Tuirini, Tuivawl, Lawibual, Challui, Mat, Siakah, Chhimtuipui, Tuikum, Sesah, Phe, Teirei, Tut, Tuichhuahen, Tiau, Tuipui, Nongal, Simsang, Ganol, Damring, Waikhrwi, Kwai, Teirei, Khawthlangtuipui, Ngengpui Stream, Vantawng, Sderkariah, Laitryngew, Wahkhlek Khlek, Wahrew, Umngi, Rwiang, Kalipai, Kmai Um, Lukha, Myntdu, Lamu, Lynriang, Thlu Umwi, Simsang, Teesta, Sonai, Ranganadi, Rangit, Ranichu, Kapili, Karola, Kathakal, Kharsang, Kohora, Kolong, Kundli, Kushiara, Manu, Nonbah, Kynshi, Wah Blei, Lohit, Manas, Maney Khola, Ganol Tura, Milak, Namchik, Noa Dihing, Pachin, Pagldia, Panchnoi, Poma, Yomgo And Mora -",TEESTA,11.0,29.0,6.0,8.6,,6.9  7.7,52,,8136  1.0,2.8,0.30,0.57,1100,7000,2100,50000
2023,4728,RIVER RAIDAK AT ALIPURDUAR,WEST BENGAL,"Tributary Streams - Burhidihing, Dhansiri, Bharalu, Dikrong, Gai Nadi, Digaru, Digboi, Dikhow, Kaljani, Gabharu, Tocklai, Tunia, Larsing, Dhateshwari, Demow, Borsila, Barak, Dibang, Dihing, Senki, Dorika, Subansiri, Siang, Baralia, Tihu, Singra, Damring, Manda, Dikchu, Dzu, Kha Ru, Dzucha, Torsa, Beki, Bereng, Bhogdoi, Jhanji, Jia Bharali, Sankosh, Sanuo Ru, Boginadi, Rilang, Myntang, Tlawng, Tuirial, Serlui, Vaipuanpho, Tuikual, Sakhisih, Damdiai, Chite, Tuirini, Tuivawl, Lawibual, Challui, Mat, Siakah, Chhimtuipui, Tuikum, Sesah, Phe, Teirei, Tut, Tuichhuahen, Tiau, Tuipui, Nongal, Simsang, Ganol, Damring, Waikhrwi, Kwai, Teirei, Khawthlangtuipui, Ngengpui Stream, Vantawng, Sderkariah, Laitryngew, Wahkhlek Khlek, Wahrew, Umngi, Rwiang, Kalipai, Kmai Um, Lukha, Myntdu, Lamu, Lynriang, Thlu Umwi, Simsang, Teesta, Sonai, Ranganadi, Rangit, Ranichu, Kapili, Karola, Kathakal, Kharsang, Kohora, Kolong, Kundli, Kushiara, Manu, Nonbah, Kynshi, Wah Blei, Lohit, Manas, Maney Khola, Ganol Tura, Milak, Namchik, Noa Dihing, Pachin, Pagldia, Panchnoi, Poma, Yomgo And Mora -",RAIDAK,20.0,29.0,6.0,9.0,,7.3  7.9,110,179,1.1,2.4,0.30,0.30,800,3400,1700,17000
2023,2241,"RIVER SONAI AT SONAI, ASSAM",ASSAM,"Tributary Streams - Burhidihing, Dhansiri, Bharalu, Dikrong, Gai Nadi, Digaru, Digboi, Dikhow, Kaljani, Gabharu, Tocklai, Tunia, Larsing, Dhateshwari, Demow, Borsila, Barak, Dibang, Dihing, Senki, Dorika, Subansiri, Siang, Baralia, Tihu, Singra, Damring, Manda, Dikchu, Dzu, Kha Ru, Dzucha, Torsa, Beki, Bereng, Bhogdoi, Jhanji, Jia Bharali, Sankosh, Sanuo Ru, Boginadi, Rilang, Myntang, Tlawng, Tuirial, Serlui, Vaipuanpho, Tuikual, Sakhisih, Damdiai, Chite, Tuirini, Tuivawl, Lawibual, Challui, Mat, Siakah, Chhimtuipui, Tuikum, Sesah, Phe, Teirei, Tut, Tuichhuahen, Tiau, Tuipui, Nongal, Simsang, Ganol, Damring, Waikhrwi, Kwai, Teirei, Khawthlangtuipui, Ngengpui Stream, Vantawng, Sderkariah, Laitryngew, Wahkhlek Khlek, Wahrew, Umngi, Rwiang, Kalipai, Kmai Um, Lukha, Myntdu, Lamu, Lynriang, Thlu Umwi, Simsang, Teesta, Sonai, Ranganadi, Rangit, Ranichu, Kapili, Karola, Kathakal, Kharsang, Kohora, Kolong, Kundli, Kushiara, Manu, Nonbah, Kynshi, Wah Blei, Lohit, Manas, Maney Khola, Ganol Tura, Milak, Namchik, Noa Dihing, Pachin, Pagldia, Panchnoi, Poma, Yomgo And Mora -",SONAI,21.0,25.0,5.0,5.6,,7.2  7.4,88,120,2.2,2.5,0.70,1.10,600,1100,1100,2000
2023,2234,"RIVER RANGA NADI D/S OF HYDEL PROJECT, ASSAM",ASSAM,"Tributary Streams - Burhidihing, Dhansiri, Bharalu, Dikrong, Gai Nadi, Digaru, Digboi, Dikhow, Kaljani, Gabharu, Tocklai, Tunia, Larsing, Dhateshwari, Demow, Borsila, Barak, Dibang, Dihing, Senki, Dorika, Subansiri, Siang, Baralia, Tihu, Singra, Damring, Manda, Dikchu, Dzu, Kha Ru, Dzucha, Torsa, Beki, Bereng, Bhogdoi, Jhanji, Jia Bharali, Sankosh, Sanuo Ru, Boginadi, Rilang, Myntang, Tlawng, Tuirial, Serlui, Vaipuanpho, Tuikual, Sakhisih, Damdiai, Chite, Tuirini, Tuivawl, Lawibual, Challui, Mat, Siakah, Chhimtuipui, Tuikum, Sesah, Phe, Teirei, Tut, Tuichhuahen, Tiau, Tuipui, Nongal, Simsang, Ganol, Damring, Waikhrwi, Kwai, Teirei, Khawthlangtuipui, Ngengpui Stream, Vantawng, Sderkariah, Laitryngew, Wahkhlek Khlek, Wahrew, Umngi, Rwiang, Kalipai, Kmai Um, Lukha, Myntdu, Lamu, Lynriang, Thlu Umwi, Simsang, Teesta, Sonai, Ranganadi, Rangit, Ranichu, Kapili, Karola, Kathakal, Kharsang, Kohora, Kolong, Kundli, Kushiara, Manu, Nonbah, Kynshi, Wah Blei, Lohit, Manas, Maney Khola, Ganol Tura, Milak, Namchik, Noa Dihing, Pachin, Pagldia, Panchnoi, Poma, Yomgo And Mora -",RANGA NADI,19.0,28.0,5.4,6.2,,6.9  8.0,122,168,2.0,2.6,0.60,1.40,300,730,730,1600
2023,2034,RIVER RANGIT AT DAM SITE (NHPC),SIKKIM,"Tributary Streams - Burhidihing, Dhansiri, Bharalu, Dikrong, Gai Nadi, Digaru, Digboi, Dikhow, Kaljani, Gabharu, Tocklai, Tunia, Larsing, Dhateshwari, Demow, Borsila, Barak, Dibang, Dihing, Senki, Dorika, Subansiri, Siang, Baralia, Tihu, Singra, Damring, Manda, Dikchu, Dzu, Kha Ru, Dzucha, Torsa, Beki, Bereng, Bhogdoi, Jhanji, Jia Bharali, Sankosh, Sanuo Ru, Boginadi, Rilang, Myntang, Tlawng, Tuirial, Serlui, Vaipuanpho, Tuikual, Sakhisih, Damdiai, Chite, Tuirini, Tuivawl, Lawibual, Challui, Mat, Siakah, Chhimtuipui, Tuikum, Sesah, Phe, Teirei, Tut, Tuichhuahen, Tiau, Tuipui, Nongal, Simsang, Ganol, Damring, Waikhrwi, Kwai, Teirei, Khawthlangtuipui, Ngengpui Stream, Vantawng, Sderkariah, Laitryngew, Wahkhlek Khlek, Wahrew, Umngi, Rwiang, Kalipai, Kmai Um, Lukha, Myntdu, Lamu, Lynriang, Thlu Umwi, Simsang, Teesta, Sonai, Ranganadi, Rangit, Ranichu, Kapili, Karola, Kathakal, Kharsang, Kohora, Kolong, Kundli, Kushiara, Manu, Nonbah, Kynshi, Wah Blei, Lohit, Manas, Maney Khola, Ganol Tura, Milak, Namchik, Noa Dihing, Pachin, Pagldia, Panchnoi, Poma, Yomgo And Mora -",RANGIT,10.0,23.0,8.0,8.6,,6.9  7.3,142,177,1.7,2.4,2.00,4.70,19,71,46,134
2023,2035,RIVER RANGIT AT LEGSHIP,SIKKIM,"Tributary Streams - Burhidihing, Dhansiri, Bharalu, Dikrong, Gai Nadi, Digaru, Digboi, Dikhow, Kaljani, Gabharu, Tocklai, Tunia, Larsing, Dhateshwari, Demow, Borsila, Barak, Dibang, Dihing, Senki, Dorika, Subansiri, Siang, Baralia, Tihu, Singra, Damring, Manda, Dikchu, Dzu, Kha Ru, Dzucha, Torsa, Beki, Bereng, Bhogdoi, Jhanji, Jia Bharali, Sankosh, Sanuo Ru, Boginadi, Rilang, Myntang, Tlawng, Tuirial, Serlui, Vaipuanpho, Tuikual, Sakhisih, Damdiai, Chite, Tuirini, Tuivawl, Lawibual, Challui, Mat, Siakah, Chhimtuipui, Tuikum, Sesah, Phe, Teirei, Tut, Tuichhuahen, Tiau, Tuipui, Nongal, Simsang, Ganol, Damring, Waikhrwi, Kwai, Teirei, Khawthlangtuipui, Ngengpui Stream, Vantawng, Sderkariah, Laitryngew, Wahkhlek Khlek, Wahrew, Umngi, Rwiang, Kalipai, Kmai Um, Lukha, Myntdu, Lamu, Lynriang, Thlu Umwi, Simsang, Teesta, Sonai, Ranganadi, Rangit, Ranichu, Kapili, Karola, Kathakal, Kharsang, Kohora, Kolong, Kundli, Kushiara, Manu, Nonbah, Kynshi, Wah Blei, Lohit, Manas, Maney Khola, Ganol Tura, Milak, Namchik, Noa Dihing, Pachin, Pagldia, Panchnoi, Poma, Yomgo And Mora -",RANGIT,13.0,23.0,7.9,9.8,,6.9  7.4,131,192,1.5,2.3,2.00,4.50,20,87,52,154
2023,2036,RIVER RANGIT AT RESHI,SIKKIM,"Tributary Streams - Burhidihing, Dhansiri, Bharalu, Dikrong, Gai Nadi, Digaru, Digboi, Dikhow, Kaljani, Gabharu, Tocklai, Tunia, Larsing, Dhateshwari, Demow, Borsila, Barak, Dibang, Dihing, Senki, Dorika, Subansiri, Siang, Baralia, Tihu, Singra, Damring, Manda, Dikchu, Dzu, Kha Ru, Dzucha, Torsa, Beki, Bereng, Bhogdoi, Jhanji, Jia Bharali, Sankosh, Sanuo Ru, Boginadi, Rilang, Myntang, Tlawng, Tuirial, Serlui, Vaipuanpho, Tuikual, Sakhisih, Damdiai, Chite, Tuirini, Tuivawl, Lawibual, Challui, Mat, Siakah, Chhimtuipui, Tuikum, Sesah, Phe, Teirei, Tut, Tuichhuahen, Tiau, Tuipui, Nongal, Simsang, Ganol, Damring, Waikhrwi, Kwai, Teirei, Khawthlangtuipui, Ngengpui Stream, Vantawng, Sderkariah, Laitryngew, Wahkhlek Khlek, Wahrew, Umngi, Rwiang, Kalipai, Kmai Um, Lukha, Myntdu, Lamu, Lynriang, Thlu Umwi, Simsang, Teesta, Sonai, Ranganadi, Rangit, Ranichu, Kapili, Karola, Kathakal, Kharsang, Kohora, Kolong, Kundli, Kushiara, Manu, Nonbah, Kynshi, Wah Blei, Lohit, Manas, Maney Khola, Ganol Tura, Milak, Namchik, Noa Dihing, Pachin, Pagldia, Panchnoi, Poma, Yomgo And Mora -",RANGIT,13.0,22.0,8.0,9.2,,6.7  7.3,148,181,1.8,2.3,2.00,5.00,23,82,56,140
2023,2037,RIVER RANGIT AT JORETHANG,SIKKIM,"Tributary Streams - Burhidihing, Dhansiri, Bharalu, Dikrong, Gai Nadi, Digaru, Digboi, Dikhow, Kaljani, Gabharu, Tocklai, Tunia, Larsing, Dhateshwari, Demow, Borsila, Barak, Dibang, Dihing, Senki, Dorika, Subansiri, Siang, Baralia, Tihu, Singra, Damring, Manda, Dikchu, Dzu, Kha Ru, Dzucha, Torsa, Beki, Bereng, Bhogdoi, Jhanji, Jia Bharali, Sankosh, Sanuo Ru, Boginadi, Rilang, Myntang, Tlawng, Tuirial, Serlui, Vaipuanpho, Tuikual, Sakhisih, Damdiai, Chite, Tuirini, Tuivawl, Lawibual, Challui, Mat, Siakah, Chhimtuipui, Tuikum, Sesah, Phe, Teirei, Tut, Tuichhuahen, Tiau, Tuipui, Nongal, Simsang, Ganol, Damring, Waikhrwi, Kwai, Teirei, Khawthlangtuipui, Ngengpui Stream, Vantawng, Sderkariah, Laitryngew, Wahkhlek Khlek, Wahrew, Umngi, Rwiang, Kalipai, Kmai Um, Lukha, Myntdu, Lamu, Lynriang, Thlu Umwi, Simsang, Teesta, Sonai, Ranganadi, Rangit, Ranichu, Kapili, Karola, Kathakal, Kharsang, Kohora, Kolong, Kundli, Kushiara, Manu, Nonbah, Kynshi, Wah Blei, Lohit, Manas, Maney Khola, Ganol Tura, Milak, Namchik, Noa Dihing, Pachin, Pagldia, Panchnoi, Poma, Yomgo And Mora -",RANGIT,15.0,23.0,8.0,9.2,,6.6  7.5,137,184,2.0,2.4,2.00,4.40,22,99,35,162
2023,2038,RIVER RANGIT AT TRIVENI MELLI,SIKKIM,"Tributary Streams - Burhidihing, Dhansiri, Bharalu, Dikrong, Gai Nadi, Digaru, Digboi, Dikhow, Kaljani, Gabharu, Tocklai, Tunia, Larsing, Dhateshwari, Demow, Borsila, Barak, Dibang, Dihing, Senki, Dorika, Subansiri, Siang, Baralia, Tihu, Singra, Damring, Manda, Dikchu, Dzu, Kha Ru, Dzucha, Torsa, Beki, Bereng, Bhogdoi, Jhanji, Jia Bharali, Sankosh, Sanuo Ru, Boginadi, Rilang, Myntang, Tlawng, Tuirial, Serlui, Vaipuanpho, Tuikual, Sakhisih, Damdiai, Chite, Tuirini, Tuivawl, Lawibual, Challui, Mat, Siakah, Chhimtuipui, Tuikum, Sesah, Phe, Teirei, Tut, Tuichhuahen, Tiau, Tuipui, Nongal, Simsang, Ganol, Damring, Waikhrwi, Kwai, Teirei, Khawthlangtuipui, Ngengpui Stream, Vantawng, Sderkariah, Laitryngew, Wahkhlek Khlek, Wahrew, Umngi, Rwiang, Kalipai, Kmai Um, Lukha, Myntdu, Lamu, Lynriang, Thlu Umwi, Simsang, Teesta, Sonai, Ranganadi, Rangit, Ranichu, Kapili, Karola, Kathakal, Kharsang, Kohora, Kolong, Kundli, Kushiara, Manu, Nonbah, Kynshi, Wah Blei, Lohit, Manas, Maney Khola, Ganol Tura, Milak, Namchik, Noa Dihing, Pachin, Pagldia, Panchnoi, Poma, Yomgo And Mora -",RANGIT,14.0,23.0,8.1,9.0,,6.7  7.5,139,179,2.0,2.5,2.00,4.30,32,100,56,172
2023,5553,"RIVER RANGIT AT UPSTREAM OF DAM , RANGIT STAGE-IV RESHI NHPC RESHI SORENG,DIST",SIKKIM,"Tributary Streams - Burhidihing, Dhansiri, Bharalu, Dikrong, Gai Nadi, Digaru, Digboi, Dikhow, Kaljani, Gabharu, Tocklai, Tunia, Larsing, Dhateshwari, Demow, Borsila, Barak, Dibang, Dihing, Senki, Dorika, Subansiri, Siang, Baralia, Tihu, Singra, Damring, Manda, Dikchu, Dzu, Kha Ru, Dzucha, Torsa, Beki, Bereng, Bhogdoi, Jhanji, Jia Bharali, Sankosh, Sanuo Ru, Boginadi, Rilang, Myntang, Tlawng, Tuirial, Serlui, Vaipuanpho, Tuikual, Sakhisih, Damdiai, Chite, Tuirini, Tuivawl, Lawibual, Challui, Mat, Siakah, Chhimtuipui, Tuikum, Sesah, Phe, Teirei, Tut, Tuichhuahen, Tiau, Tuipui, Nongal, Simsang, Ganol, Damring, Waikhrwi, Kwai, Teirei, Khawthlangtuipui, Ngengpui Stream, Vantawng, Sderkariah, Laitryngew, Wahkhlek Khlek, Wahrew, Umngi, Rwiang, Kalipai, Kmai Um, Lukha, Myntdu, Lamu, Lynriang, Thlu Umwi, Simsang, Teesta, Sonai, Ranganadi, Rangit, Ranichu, Kapili, Karola, Kathakal, Kharsang, Kohora, Kolong, Kundli, Kushiara, Manu, Nonbah, Kynshi, Wah Blei, Lohit, Manas, Maney Khola, Ganol Tura, Milak, Namchik, Noa Dihing, Pachin, Pagldia, Panchnoi, Poma, Yomgo And Mora -",RANGIT,15.0,24.0,7.8,8.4,,6.9  7.3,51,89,1.8,2.2,2.00,4.50,30,84,63,125
2023,5554,"RIVER RANGIT AT JORETHANG (MAJIGOAN), NAMCHI",SIKKIM,"Tributary Streams - Burhidihing, Dhansiri, Bharalu, Dikrong, Gai Nadi, Digaru, Digboi, Dikhow, Kaljani, Gabharu, Tocklai, Tunia, Larsing, Dhateshwari, Demow, Borsila, Barak, Dibang, Dihing, Senki, Dorika, Subansiri, Siang, Baralia, Tihu, Singra, Damring, Manda, Dikchu, Dzu, Kha Ru, Dzucha, Torsa, Beki, Bereng, Bhogdoi, Jhanji, Jia Bharali, Sankosh, Sanuo Ru, Boginadi, Rilang, Myntang, Tlawng, Tuirial, Serlui, Vaipuanpho, Tuikual, Sakhisih, Damdiai, Chite, Tuirini, Tuivawl, Lawibual, Challui, Mat, Siakah, Chhimtuipui, Tuikum, Sesah, Phe, Teirei, Tut, Tuichhuahen, Tiau, Tuipui, Nongal, Simsang, Ganol, Damring, Waikhrwi, Kwai, Teirei, Khawthlangtuipui, Ngengpui Stream, Vantawng, Sderkariah, Laitryngew, Wahkhlek Khlek, Wahrew, Umngi, Rwiang, Kalipai, Kmai Um, Lukha, Myntdu, Lamu, Lynriang, Thlu Umwi, Simsang, Teesta, Sonai, Ranganadi, Rangit, Ranichu, Kapili, Karola, Kathakal, Kharsang, Kohora, Kolong, Kundli, Kushiara, Manu, Nonbah, Kynshi, Wah Blei, Lohit, Manas, Maney Khola, Ganol Tura, Milak, Namchik, Noa Dihing, Pachin, Pagldia, Panchnoi, Poma, Yomgo And Mora -",RANGIT,16.0,24.0,7.8,8.6,,6.7  7.3,25,97,1.9,2.4,,1.80  21.00,30,80,72,105
2023,5555,"RIVER RANGIT AT MANPUR(BELOW INDUSTRIAL AREA),NAMCHI DIST SIKKIM",SIKKIM,"Tributary Streams - Burhidihing, Dhansiri, Bharalu, Dikrong, Gai Nadi, Digaru, Digboi, Dikhow, Kaljani, Gabharu, Tocklai, Tunia, Larsing, Dhateshwari, Demow, Borsila, Barak, Dibang, Dihing, Senki, Dorika, Subansiri, Siang, Baralia, Tihu, Singra, Damring, Manda, Dikchu, Dzu, Kha Ru, Dzucha, Torsa, Beki, Bereng, Bhogdoi, Jhanji, Jia Bharali, Sankosh, Sanuo Ru, Boginadi, Rilang, Myntang, Tlawng, Tuirial, Serlui, Vaipuanpho, Tuikual, Sakhisih, Damdiai, Chite, Tuirini, Tuivawl, Lawibual, Challui, Mat, Siakah, Chhimtuipui, Tuikum, Sesah, Phe, Teirei, Tut, Tuichhuahen, Tiau, Tuipui, Nongal, Simsang, Ganol, Damring, Waikhrwi, Kwai, Teirei, Khawthlangtuipui, Ngengpui Stream, Vantawng, Sderkariah, Laitryngew, Wahkhlek Khlek, Wahrew, Umngi, Rwiang, Kalipai, Kmai Um, Lukha, Myntdu, Lamu, Lynriang, Thlu Umwi, Simsang, Teesta, Sonai, Ranganadi, Rangit, Ranichu, Kapili, Karola, Kathakal, Kharsang, Kohora, Kolong, Kundli, Kushiara, Manu, Nonbah, Kynshi, Wah Blei, Lohit, Manas, Maney Khola, Ganol Tura, Milak, Namchik, Noa Dihing, Pachin, Pagldia, Panchnoi, Poma, Yomgo And Mora -",RANGIT,15.0,23.0,7.8,8.4,,6.6  7.3,48,125,1.9,2.1,1.80,4.90,27,80,61,120
2023,5556,"RIVER TEESTA AT MAMRING BELOW MAMRING BRIDGE,NAMCHI, DIST , SIKKIM",SIKKIM,"Tributary Streams - Burhidihing, Dhansiri, Bharalu, Dikrong, Gai Nadi, Digaru, Digboi, Dikhow, Kaljani, Gabharu, Tocklai, Tunia, Larsing, Dhateshwari, Demow, Borsila, Barak, Dibang, Dihing, Senki, Dorika, Subansiri, Siang, Baralia, Tihu, Singra, Damring, Manda, Dikchu, Dzu, Kha Ru, Dzucha, Torsa, Beki, Bereng, Bhogdoi, Jhanji, Jia Bharali, Sankosh, Sanuo Ru, Boginadi, Rilang, Myntang, Tlawng, Tuirial, Serlui, Vaipuanpho, Tuikual, Sakhisih, Damdiai, Chite, Tuirini, Tuivawl, Lawibual, Challui, Mat, Siakah, Chhimtuipui, Tuikum, Sesah, Phe, Teirei, Tut, Tuichhuahen, Tiau, Tuipui, Nongal, Simsang, Ganol, Damring, Waikhrwi, Kwai, Teirei, Khawthlangtuipui, Ngengpui Stream, Vantawng, Sderkariah, Laitryngew, Wahkhlek Khlek, Wahrew, Umngi, Rwiang, Kalipai, Kmai Um, Lukha, Myntdu, Lamu, Lynriang, Thlu Umwi, Simsang, Teesta, Sonai, Ranganadi, Rangit, Ranichu, Kapili, Karola, Kathakal, Kharsang, Kohora, Kolong, Kundli, Kushiara, Manu, Nonbah, Kynshi, Wah Blei, Lohit, Manas, Maney Khola, Ganol Tura, Milak, Namchik, Noa Dihing, Pachin, Pagldia, Panchnoi, Poma, Yomgo And Mora -",TEESTA,15.0,23.0,3.5,8.9,,7.0  7.4,51,109,2.0,2.3,2.00,4.60,31,103,70,153
2023,5557,"RIVER TEESTA AT BARDANG BELOW ATTC, PAKYONG DIST",SIKKIM,"Tributary Streams - Burhidihing, Dhansiri, Bharalu, Dikrong, Gai Nadi, Digaru, Digboi, Dikhow, Kaljani, Gabharu, Tocklai, Tunia, Larsing, Dhateshwari, Demow, Borsila, Barak, Dibang, Dihing, Senki, Dorika, Subansiri, Siang, Baralia, Tihu, Singra, Damring, Manda, Dikchu, Dzu, Kha Ru, Dzucha, Torsa, Beki, Bereng, Bhogdoi, Jhanji, Jia Bharali, Sankosh, Sanuo Ru, Boginadi, Rilang, Myntang, Tlawng, Tuirial, Serlui, Vaipuanpho, Tuikual, Sakhisih, Damdiai, Chite, Tuirini, Tuivawl, Lawibual, Challui, Mat, Siakah, Chhimtuipui, Tuikum, Sesah, Phe, Teirei, Tut, Tuichhuahen, Tiau, Tuipui, Nongal, Simsang, Ganol, Damring, Waikhrwi, Kwai, Teirei, Khawthlangtuipui, Ngengpui Stream, Vantawng, Sderkariah, Laitryngew, Wahkhlek Khlek, Wahrew, Umngi, Rwiang, Kalipai, Kmai Um, Lukha, Myntdu, Lamu, Lynriang, Thlu Umwi, Simsang, Teesta, Sonai, Ranganadi, Rangit, Ranichu, Kapili, Karola, Kathakal, Kharsang, Kohora, Kolong, Kundli, Kushiara, Manu, Nonbah, Kynshi, Wah Blei, Lohit, Manas, Maney Khola, Ganol Tura, Milak, Namchik, Noa Dihing, Pachin, Pagldia, Panchnoi, Poma, Yomgo And Mora -",TEESTA,16.0,24.0,7.9,9.0,,6.8  7.2,54,115,1.9,2.3,2.00,4.30,35,94,67,112
2023,1805,RIVER AFTER CONFLUENCE OF RANICHU AND RORACHU AT RANIPOOL,SIKKIM,"Tributary Streams - Burhidihing, Dhansiri, Bharalu, Dikrong, Gai Nadi, Digaru, Digboi, Dikhow, Kaljani, Gabharu, Tocklai, Tunia, Larsing, Dhateshwari, Demow, Borsila, Barak, Dibang, Dihing, Senki, Dorika, Subansiri, Siang, Baralia, Tihu, Singra, Damring, Manda, Dikchu, Dzu, Kha Ru, Dzucha, Torsa, Beki, Bereng, Bhogdoi, Jhanji, Jia Bharali, Sankosh, Sanuo Ru, Boginadi, Rilang, Myntang, Tlawng, Tuirial, Serlui, Vaipuanpho, Tuikual, Sakhisih, Damdiai, Chite, Tuirini, Tuivawl, Lawibual, Challui, Mat, Siakah, Chhimtuipui, Tuikum, Sesah, Phe, Teirei, Tut, Tuichhuahen, Tiau, Tuipui, Nongal, Simsang, Ganol, Damring, Waikhrwi, Kwai, Teirei, Khawthlangtuipui, Ngengpui Stream, Vantawng, Sderkariah, Laitryngew, Wahkhlek Khlek, Wahrew, Umngi, Rwiang, Kalipai, Kmai Um, Lukha, Myntdu, Lamu, Lynriang, Thlu Umwi, Simsang, Teesta, Sonai, Ranganadi, Rangit, Ranichu, Kapili, Karola, Kathakal, Kharsang, Kohora, Kolong, Kundli, Kushiara, Manu, Nonbah, Kynshi, Wah Blei, Lohit, Manas, Maney Khola, Ganol Tura, Milak, Namchik, Noa Dihing, Pachin, Pagldia, Panchnoi, Poma, Yomgo And Mora -",AFTER CONFLUENCE OF RANICHU AND RORACHU,14.0,24.0,7.8,9.0,,6.7  7.4,121,180,2.1,2.6,1.60,4.80,34,105,45,187
2023,1806,"RIVER RANICHU BEFORE CONFLUENCE WITH TEESTA AT SINGTAM, SIKKIM",SIKKIM,"Tributary Streams - Burhidihing, Dhansiri, Bharalu, Dikrong, Gai Nadi, Digaru, Digboi, Dikhow, Kaljani, Gabharu, Tocklai, Tunia, Larsing, Dhateshwari, Demow, Borsila, Barak, Dibang, Dihing, Senki, Dorika, Subansiri, Siang, Baralia, Tihu, Singra, Damring, Manda, Dikchu, Dzu, Kha Ru, Dzucha, Torsa, Beki, Bereng, Bhogdoi, Jhanji, Jia Bharali, Sankosh, Sanuo Ru, Boginadi, Rilang, Myntang, Tlawng, Tuirial, Serlui, Vaipuanpho, Tuikual, Sakhisih, Damdiai, Chite, Tuirini, Tuivawl, Lawibual, Challui, Mat, Siakah, Chhimtuipui, Tuikum, Sesah, Phe, Teirei, Tut, Tuichhuahen, Tiau, Tuipui, Nongal, Simsang, Ganol, Damring, Waikhrwi, Kwai, Teirei, Khawthlangtuipui, Ngengpui Stream, Vantawng, Sderkariah, Laitryngew, Wahkhlek Khlek, Wahrew, Umngi, Rwiang, Kalipai, Kmai Um, Lukha, Myntdu, Lamu, Lynriang, Thlu Umwi, Simsang, Teesta, Sonai, Ranganadi, Rangit, Ranichu, Kapili, Karola, Kathakal, Kharsang, Kohora, Kolong, Kundli, Kushiara, Manu, Nonbah, Kynshi, Wah Blei, Lohit, Manas, Maney Khola, Ganol Tura, Milak, Namchik, Noa Dihing, Pachin, Pagldia, Panchnoi, Poma, Yomgo And Mora -",RANICHU BEFORE CONFLUENCE WITH TEESTA,15.0,23.0,8.1,9.1,,6.6  7.5,119,181,2.0,2.5,,1.60  25.00,22,100,54,170
2023,1802,RIVER DIKCHU BEFORE CONFLUENCS WITH RIVER TEESTA NEAR NHPC HYDROELECTRIC POWER PROJECT DIKCHU,SIKKIM,"Tributary Streams - Burhidihing, Dhansiri, Bharalu, Dikrong, Gai Nadi, Digaru, Digboi, Dikhow, Kaljani, Gabharu, Tocklai, Tunia, Larsing, Dhateshwari, Demow, Borsila, Barak, Dibang, Dihing, Senki, Dorika, Subansiri, Siang, Baralia, Tihu, Singra, Damring, Manda, Dikchu, Dzu, Kha Ru, Dzucha, Torsa, Beki, Bereng, Bhogdoi, Jhanji, Jia Bharali, Sankosh, Sanuo Ru, Boginadi, Rilang, Myntang, Tlawng, Tuirial, Serlui, Vaipuanpho, Tuikual, Sakhisih, Damdiai, Chite, Tuirini, Tuivawl, Lawibual, Challui, Mat, Siakah, Chhimtuipui, Tuikum, Sesah, Phe, Teirei, Tut, Tuichhuahen, Tiau, Tuipui, Nongal, Simsang, Ganol, Damring, Waikhrwi, Kwai, Teirei, Khawthlangtuipui, Ngengpui Stream, Vantawng, Sderkariah, Laitryngew, Wahkhlek Khlek, Wahrew, Umngi, Rwiang, Kalipai, Kmai Um, Lukha, Myntdu, Lamu, Lynriang, Thlu Umwi, Simsang, Teesta, Sonai, Ranganadi, Rangit, Ranichu, Kapili, Karola, Kathakal, Kharsang, Kohora, Kolong, Kundli, Kushiara, Manu, Nonbah, Kynshi, Wah Blei, Lohit, Manas, Maney Khola, Ganol Tura, Milak, Namchik, Noa Dihing, Pachin, Pagldia, Panchnoi, Poma, Yomgo And Mora -",DIKCHU BEFORE CONFLUENCS WITH RIVER TEESTA,8.0,18.0,7.8,9.1,,6.6  7.4,105,190,1.7,2.3,1.50,4.10,31,76,54,155
2023,5281,RIVER RANGPO U/S DAM SITE,SIKKIM,"Tributary Streams - Burhidihing, Dhansiri, Bharalu, Dikrong, Gai Nadi, Digaru, Digboi, Dikhow, Kaljani, Gabharu, Tocklai, Tunia, Larsing, Dhateshwari, Demow, Borsila, Barak, Dibang, Dihing, Senki, Dorika, Subansiri, Siang, Baralia, Tihu, Singra, Damring, Manda, Dikchu, Dzu, Kha Ru, Dzucha, Torsa, Beki, Bereng, Bhogdoi, Jhanji, Jia Bharali, Sankosh, Sanuo Ru, Boginadi, Rilang, Myntang, Tlawng, Tuirial, Serlui, Vaipuanpho, Tuikual, Sakhisih, Damdiai, Chite, Tuirini, Tuivawl, Lawibual, Challui, Mat, Siakah, Chhimtuipui, Tuikum, Sesah, Phe, Teirei, Tut, Tuichhuahen, Tiau, Tuipui, Nongal, Simsang, Ganol, Damring, Waikhrwi, Kwai, Teirei, Khawthlangtuipui, Ngengpui Stream, Vantawng, Sderkariah, Laitryngew, Wahkhlek Khlek, Wahrew, Umngi, Rwiang, Kalipai, Kmai Um, Lukha, Myntdu, Lamu, Lynriang, Thlu Umwi, Simsang, Teesta, Sonai, Ranganadi, Rangit, Ranichu, Kapili, Karola, Kathakal, Kharsang, Kohora, Kolong, Kundli, Kushiara, Manu, Nonbah, Kynshi, Wah Blei, Lohit, Manas, Maney Khola, Ganol Tura, Milak, Namchik, Noa Dihing, Pachin, Pagldia, Panchnoi, Poma, Yomgo And Mora -",RANGPO,15.0,22.0,8.1,8.8,,6.7  7.4,149,172,1.9,2.4,2.00,4.50,32,70,67,120
2023,5282,RIVER RANGPO D/S DAM SITE,SIKKIM,"Tributary Streams - Burhidihing, Dhansiri, Bharalu, Dikrong, Gai Nadi, Digaru, Digboi, Dikhow, Kaljani, Gabharu, Tocklai, Tunia, Larsing, Dhateshwari, Demow, Borsila, Barak, Dibang, Dihing, Senki, Dorika, Subansiri, Siang, Baralia, Tihu, Singra, Damring, Manda, Dikchu, Dzu, Kha Ru, Dzucha, Torsa, Beki, Bereng, Bhogdoi, Jhanji, Jia Bharali, Sankosh, Sanuo Ru, Boginadi, Rilang, Myntang, Tlawng, Tuirial, Serlui, Vaipuanpho, Tuikual, Sakhisih, Damdiai, Chite, Tuirini, Tuivawl, Lawibual, Challui, Mat, Siakah, Chhimtuipui, Tuikum, Sesah, Phe, Teirei, Tut, Tuichhuahen, Tiau, Tuipui, Nongal, Simsang, Ganol, Damring, Waikhrwi, Kwai, Teirei, Khawthlangtuipui, Ngengpui Stream, Vantawng, Sderkariah, Laitryngew, Wahkhlek Khlek, Wahrew, Umngi, Rwiang, Kalipai, Kmai Um, Lukha, Myntdu, Lamu, Lynriang, Thlu Umwi, Simsang, Teesta, Sonai, Ranganadi, Rangit, Ranichu, Kapili, Karola, Kathakal, Kharsang, Kohora, Kolong, Kundli, Kushiara, Manu, Nonbah, Kynshi, Wah Blei, Lohit, Manas, Maney Khola, Ganol Tura, Milak, Namchik, Noa Dihing, Pachin, Pagldia, Panchnoi, Poma, Yomgo And Mora -",RANGPO,14.0,23.0,8.0,8.7,,6.7  7.5,157,171,2.0,2.3,2.10,4.70,28,100,64,149
2023,5283,RIVER RONGLI U/S DAM SITE,SIKKIM,"Tributary Streams - Burhidihing, Dhansiri, Bharalu, Dikrong, Gai Nadi, Digaru, Digboi, Dikhow, Kaljani, Gabharu, Tocklai, Tunia, Larsing, Dhateshwari, Demow, Borsila, Barak, Dibang, Dihing, Senki, Dorika, Subansiri, Siang, Baralia, Tihu, Singra, Damring, Manda, Dikchu, Dzu, Kha Ru, Dzucha, Torsa, Beki, Bereng, Bhogdoi, Jhanji, Jia Bharali, Sankosh, Sanuo Ru, Boginadi, Rilang, Myntang, Tlawng, Tuirial, Serlui, Vaipuanpho, Tuikual, Sakhisih, Damdiai, Chite, Tuirini, Tuivawl, Lawibual, Challui, Mat, Siakah, Chhimtuipui, Tuikum, Sesah, Phe, Teirei, Tut, Tuichhuahen, Tiau, Tuipui, Nongal, Simsang, Ganol, Damring, Waikhrwi, Kwai, Teirei, Khawthlangtuipui, Ngengpui Stream, Vantawng, Sderkariah, Laitryngew, Wahkhlek Khlek, Wahrew, Umngi, Rwiang, Kalipai, Kmai Um, Lukha, Myntdu, Lamu, Lynriang, Thlu Umwi, Simsang, Teesta, Sonai, Ranganadi, Rangit, Ranichu, Kapili, Karola, Kathakal, Kharsang, Kohora, Kolong, Kundli, Kushiara, Manu, Nonbah, Kynshi, Wah Blei, Lohit, Manas, Maney Khola, Ganol Tura, Milak, Namchik, Noa Dihing, Pachin, Pagldia, Panchnoi, Poma, Yomgo And Mora -",RONGLI,14.0,22.0,8.0,8.5,,6.6  7.4,129,159,2.0,2.4,2.00,4.60,30,102,69,189
2023,5284,RIVER RONGLI D/S DAM SITE,SIKKIM,"Tributary Streams - Burhidihing, Dhansiri, Bharalu, Dikrong, Gai Nadi, Digaru, Digboi, Dikhow, Kaljani, Gabharu, Tocklai, Tunia, Larsing, Dhateshwari, Demow, Borsila, Barak, Dibang, Dihing, Senki, Dorika, Subansiri, Siang, Baralia, Tihu, Singra, Damring, Manda, Dikchu, Dzu, Kha Ru, Dzucha, Torsa, Beki, Bereng, Bhogdoi, Jhanji, Jia Bharali, Sankosh, Sanuo Ru, Boginadi, Rilang, Myntang, Tlawng, Tuirial, Serlui, Vaipuanpho, Tuikual, Sakhisih, Damdiai, Chite, Tuirini, Tuivawl, Lawibual, Challui, Mat, Siakah, Chhimtuipui, Tuikum, Sesah, Phe, Teirei, Tut, Tuichhuahen, Tiau, Tuipui, Nongal, Simsang, Ganol, Damring, Waikhrwi, Kwai, Teirei, Khawthlangtuipui, Ngengpui Stream, Vantawng, Sderkariah, Laitryngew, Wahkhlek Khlek, Wahrew, Umngi, Rwiang, Kalipai, Kmai Um, Lukha, Myntdu, Lamu, Lynriang, Thlu Umwi, Simsang, Teesta, Sonai, Ranganadi, Rangit, Ranichu, Kapili, Karola, Kathakal, Kharsang, Kohora, Kolong, Kundli, Kushiara, Manu, Nonbah, Kynshi, Wah Blei, Lohit, Manas, Maney Khola, Ganol Tura, Milak, Namchik, Noa Dihing, Pachin, Pagldia, Panchnoi, Poma, Yomgo And Mora -",RONGLI,14.0,22.0,8.0,8.6,,6.6  7.3,99,139,2.0,2.3,2.10,4.80,28,105,71,134
2023,5285,RIVER RANGPO AT POWER HOUSE D/S OF GATI INFRASTRUCTURE PVT. LTD.,SIKKIM,"Tributary Streams - Burhidihing, Dhansiri, Bharalu, Dikrong, Gai Nadi, Digaru, Digboi, Dikhow, Kaljani, Gabharu, Tocklai, Tunia, Larsing, Dhateshwari, Demow, Borsila, Barak, Dibang, Dihing, Senki, Dorika, Subansiri, Siang, Baralia, Tihu, Singra, Damring, Manda, Dikchu, Dzu, Kha Ru, Dzucha, Torsa, Beki, Bereng, Bhogdoi, Jhanji, Jia Bharali, Sankosh, Sanuo Ru, Boginadi, Rilang, Myntang, Tlawng, Tuirial, Serlui, Vaipuanpho, Tuikual, Sakhisih, Damdiai, Chite, Tuirini, Tuivawl, Lawibual, Challui, Mat, Siakah, Chhimtuipui, Tuikum, Sesah, Phe, Teirei, Tut, Tuichhuahen, Tiau, Tuipui, Nongal, Simsang, Ganol, Damring, Waikhrwi, Kwai, Teirei, Khawthlangtuipui, Ngengpui Stream, Vantawng, Sderkariah, Laitryngew, Wahkhlek Khlek, Wahrew, Umngi, Rwiang, Kalipai, Kmai Um, Lukha, Myntdu, Lamu, Lynriang, Thlu Umwi, Simsang, Teesta, Sonai, Ranganadi, Rangit, Ranichu, Kapili, Karola, Kathakal, Kharsang, Kohora, Kolong, Kundli, Kushiara, Manu, Nonbah, Kynshi, Wah Blei, Lohit, Manas, Maney Khola, Ganol Tura, Milak, Namchik, Noa Dihing, Pachin, Pagldia, Panchnoi, Poma, Yomgo And Mora -",RANGPO,14.0,22.0,8.0,8.7,,6.6  7.3,35,127,1.7,2.1,2.00,5.10,21,88,61,165
2023,5286,RIVER RANGPO AT U/S OF RORATHANG BAZAR (ABOVE SWISS GARNIER),SIKKIM,"Tributary Streams - Burhidihing, Dhansiri, Bharalu, Dikrong, Gai Nadi, Digaru, Digboi, Dikhow, Kaljani, Gabharu, Tocklai, Tunia, Larsing, Dhateshwari, Demow, Borsila, Barak, Dibang, Dihing, Senki, Dorika, Subansiri, Siang, Baralia, Tihu, Singra, Damring, Manda, Dikchu, Dzu, Kha Ru, Dzucha, Torsa, Beki, Bereng, Bhogdoi, Jhanji, Jia Bharali, Sankosh, Sanuo Ru, Boginadi, Rilang, Myntang, Tlawng, Tuirial, Serlui, Vaipuanpho, Tuikual, Sakhisih, Damdiai, Chite, Tuirini, Tuivawl, Lawibual, Challui, Mat, Siakah, Chhimtuipui, Tuikum, Sesah, Phe, Teirei, Tut, Tuichhuahen, Tiau, Tuipui, Nongal, Simsang, Ganol, Damring, Waikhrwi, Kwai, Teirei, Khawthlangtuipui, Ngengpui Stream, Vantawng, Sderkariah, Laitryngew, Wahkhlek Khlek, Wahrew, Umngi, Rwiang, Kalipai, Kmai Um, Lukha, Myntdu, Lamu, Lynriang, Thlu Umwi, Simsang, Teesta, Sonai, Ranganadi, Rangit, Ranichu, Kapili, Karola, Kathakal, Kharsang, Kohora, Kolong, Kundli, Kushiara, Manu, Nonbah, Kynshi, Wah Blei, Lohit, Manas, Maney Khola, Ganol Tura, Milak, Namchik, Noa Dihing, Pachin, Pagldia, Panchnoi, Poma, Yomgo And Mora -",RANGPO,13.0,21.0,7.5,8.8,,6.5  7.3,34,148,1.5,2.2,1.80,5.20,24,120,79,200
2023,5287,RIVER RANGPO AT D/S OF RORATHANG BRIDGE,SIKKIM,"Tributary Streams - Burhidihing, Dhansiri, Bharalu, Dikrong, Gai Nadi, Digaru, Digboi, Dikhow, Kaljani, Gabharu, Tocklai, Tunia, Larsing, Dhateshwari, Demow, Borsila, Barak, Dibang, Dihing, Senki, Dorika, Subansiri, Siang, Baralia, Tihu, Singra, Damring, Manda, Dikchu, Dzu, Kha Ru, Dzucha, Torsa, Beki, Bereng, Bhogdoi, Jhanji, Jia Bharali, Sankosh, Sanuo Ru, Boginadi, Rilang, Myntang, Tlawng, Tuirial, Serlui, Vaipuanpho, Tuikual, Sakhisih, Damdiai, Chite, Tuirini, Tuivawl, Lawibual, Challui, Mat, Siakah, Chhimtuipui, Tuikum, Sesah, Phe, Teirei, Tut, Tuichhuahen, Tiau, Tuipui, Nongal, Simsang, Ganol, Damring, Waikhrwi, Kwai, Teirei, Khawthlangtuipui, Ngengpui Stream, Vantawng, Sderkariah, Laitryngew, Wahkhlek Khlek, Wahrew, Umngi, Rwiang, Kalipai, Kmai Um, Lukha, Myntdu, Lamu, Lynriang, Thlu Umwi, Simsang, Teesta, Sonai, Ranganadi, Rangit, Ranichu, Kapili, Karola, Kathakal, Kharsang, Kohora, Kolong, Kundli, Kushiara, Manu, Nonbah, Kynshi, Wah Blei, Lohit, Manas, Maney Khola, Ganol Tura, Milak, Namchik, Noa Dihing, Pachin, Pagldia, Panchnoi, Poma, Yomgo And Mora -",RANGPO,13.0,22.0,7.9,8.7,,6.7  7.3,32,112,1.6,2.4,1.80,4.50,29,123,52,173
2023,5288,RIVER RANGPO AT D/S OF PHARMA PLANT KUMREK,SIKKIM,"Tributary Streams - Burhidihing, Dhansiri, Bharalu, Dikrong, Gai Nadi, Digaru, Digboi, Dikhow, Kaljani, Gabharu, Tocklai, Tunia, Larsing, Dhateshwari, Demow, Borsila, Barak, Dibang, Dihing, Senki, Dorika, Subansiri, Siang, Baralia, Tihu, Singra, Damring, Manda, Dikchu, Dzu, Kha Ru, Dzucha, Torsa, Beki, Bereng, Bhogdoi, Jhanji, Jia Bharali, Sankosh, Sanuo Ru, Boginadi, Rilang, Myntang, Tlawng, Tuirial, Serlui, Vaipuanpho, Tuikual, Sakhisih, Damdiai, Chite, Tuirini, Tuivawl, Lawibual, Challui, Mat, Siakah, Chhimtuipui, Tuikum, Sesah, Phe, Teirei, Tut, Tuichhuahen, Tiau, Tuipui, Nongal, Simsang, Ganol, Damring, Waikhrwi, Kwai, Teirei, Khawthlangtuipui, Ngengpui Stream, Vantawng, Sderkariah, Laitryngew, Wahkhlek Khlek, Wahrew, Umngi, Rwiang, Kalipai, Kmai Um, Lukha, Myntdu, Lamu, Lynriang, Thlu Umwi, Simsang, Teesta, Sonai, Ranganadi, Rangit, Ranichu, Kapili, Karola, Kathakal, Kharsang, Kohora, Kolong, Kundli, Kushiara, Manu, Nonbah, Kynshi, Wah Blei, Lohit, Manas, Maney Khola, Ganol Tura, Milak, Namchik, Noa Dihing, Pachin, Pagldia, Panchnoi, Poma, Yomgo And Mora -",RANGPO,13.0,22.0,7.0,8.4,,6.7  7.4,33,135,2.0,2.3,2.00,4.60,36,100,67,168
2023,5289,RIVER RANGPO AT D/S OF POWER HOUSE OF MADHYA BHARAT,SIKKIM,"Tributary Streams - Burhidihing, Dhansiri, Bharalu, Dikrong, Gai Nadi, Digaru, Digboi, Dikhow, Kaljani, Gabharu, Tocklai, Tunia, Larsing, Dhateshwari, Demow, Borsila, Barak, Dibang, Dihing, Senki, Dorika, Subansiri, Siang, Baralia, Tihu, Singra, Damring, Manda, Dikchu, Dzu, Kha Ru, Dzucha, Torsa, Beki, Bereng, Bhogdoi, Jhanji, Jia Bharali, Sankosh, Sanuo Ru, Boginadi, Rilang, Myntang, Tlawng, Tuirial, Serlui, Vaipuanpho, Tuikual, Sakhisih, Damdiai, Chite, Tuirini, Tuivawl, Lawibual, Challui, Mat, Siakah, Chhimtuipui, Tuikum, Sesah, Phe, Teirei, Tut, Tuichhuahen, Tiau, Tuipui, Nongal, Simsang, Ganol, Damring, Waikhrwi, Kwai, Teirei, Khawthlangtuipui, Ngengpui Stream, Vantawng, Sderkariah, Laitryngew, Wahkhlek Khlek, Wahrew, Umngi, Rwiang, Kalipai, Kmai Um, Lukha, Myntdu, Lamu, Lynriang, Thlu Umwi, Simsang, Teesta, Sonai, Ranganadi, Rangit, Ranichu, Kapili, Karola, Kathakal, Kharsang, Kohora, Kolong, Kundli, Kushiara, Manu, Nonbah, Kynshi, Wah Blei, Lohit, Manas, Maney Khola, Ganol Tura, Milak, Namchik, Noa Dihing, Pachin, Pagldia, Panchnoi, Poma, Yomgo And Mora -",RANGPO,15.0,23.0,7.3,8.4,,6.7  7.5,34,132,2.0,2.5,1.90,4.40,32,112,79,175
2023,2236,"RIVER KAPILI AT DHARMTUL BRIDGE, NH-31, MORIGAON, ASSAM",ASSAM,"Tributary Streams - Burhidihing, Dhansiri, Bharalu, Dikrong, Gai Nadi, Digaru, Digboi, Dikhow, Kaljani, Gabharu, Tocklai, Tunia, Larsing, Dhateshwari, Demow, Borsila, Barak, Dibang, Dihing, Senki, Dorika, Subansiri, Siang, Baralia, Tihu, Singra, Damring, Manda, Dikchu, Dzu, Kha Ru, Dzucha, Torsa, Beki, Bereng, Bhogdoi, Jhanji, Jia Bharali, Sankosh, Sanuo Ru, Boginadi, Rilang, Myntang, Tlawng, Tuirial, Serlui, Vaipuanpho, Tuikual, Sakhisih, Damdiai, Chite, Tuirini, Tuivawl, Lawibual, Challui, Mat, Siakah, Chhimtuipui, Tuikum, Sesah, Phe, Teirei, Tut, Tuichhuahen, Tiau, Tuipui, Nongal, Simsang, Ganol, Damring, Waikhrwi, Kwai, Teirei, Khawthlangtuipui, Ngengpui Stream, Vantawng, Sderkariah, Laitryngew, Wahkhlek Khlek, Wahrew, Umngi, Rwiang, Kalipai, Kmai Um, Lukha, Myntdu, Lamu, Lynriang, Thlu Umwi, Simsang, Teesta, Sonai, Ranganadi, Rangit, Ranichu, Kapili, Karola, Kathakal, Kharsang, Kohora, Kolong, Kundli, Kushiara, Manu, Nonbah, Kynshi, Wah Blei, Lohit, Manas, Maney Khola, Ganol Tura, Milak, Namchik, Noa Dihing, Pachin, Pagldia, Panchnoi, Poma, Yomgo And Mora -",KAPILI,18.0,30.0,5.0,9.2,,6.8  7.5,120,176,2.1,2.5,0.70,1.70,360,930,910,1600
2023,2523,"RIVER KAROLA, D/S OF JALPAIGURI, NEAR MIN BHAWAN, JALPAIGURI",WEST BENGAL,"Tributary Streams - Burhidihing, Dhansiri, Bharalu, Dikrong, Gai Nadi, Digaru, Digboi, Dikhow, Kaljani, Gabharu, Tocklai, Tunia, Larsing, Dhateshwari, Demow, Borsila, Barak, Dibang, Dihing, Senki, Dorika, Subansiri, Siang, Baralia, Tihu, Singra, Damring, Manda, Dikchu, Dzu, Kha Ru, Dzucha, Torsa, Beki, Bereng, Bhogdoi, Jhanji, Jia Bharali, Sankosh, Sanuo Ru, Boginadi, Rilang, Myntang, Tlawng, Tuirial, Serlui, Vaipuanpho, Tuikual, Sakhisih, Damdiai, Chite, Tuirini, Tuivawl, Lawibual, Challui, Mat, Siakah, Chhimtuipui, Tuikum, Sesah, Phe, Teirei, Tut, Tuichhuahen, Tiau, Tuipui, Nongal, Simsang, Ganol, Damring, Waikhrwi, Kwai, Teirei, Khawthlangtuipui, Ngengpui Stream, Vantawng, Sderkariah, Laitryngew, Wahkhlek Khlek, Wahrew, Umngi, Rwiang, Kalipai, Kmai Um, Lukha, Myntdu, Lamu, Lynriang, Thlu Umwi, Simsang, Teesta, Sonai, Ranganadi, Rangit, Ranichu, Kapili, Karola, Kathakal, Kharsang, Kohora, Kolong, Kundli, Kushiara, Manu, Nonbah, Kynshi, Wah Blei, Lohit, Manas, Maney Khola, Ganol Tura, Milak, Namchik, Noa Dihing, Pachin, Pagldia, Panchnoi, Poma, Yomgo And Mora -",,21.0,29.0,4.0,8.2,,6.8  7.8,70,164,1.0,8.0,0.30,0.77,2200,24000,5000,90000
2023,2068,"RIVER KATHAKAL U/S AT MATIJURI, DIST. HAILAKANDI, ASSAM",ASSAM,"Tributary Streams - Burhidihing, Dhansiri, Bharalu, Dikrong, Gai Nadi, Digaru, Digboi, Dikhow, Kaljani, Gabharu, Tocklai, Tunia, Larsing, Dhateshwari, Demow, Borsila, Barak, Dibang, Dihing, Senki, Dorika, Subansiri, Siang, Baralia, Tihu, Singra, Damring, Manda, Dikchu, Dzu, Kha Ru, Dzucha, Torsa, Beki, Bereng, Bhogdoi, Jhanji, Jia Bharali, Sankosh, Sanuo Ru, Boginadi, Rilang, Myntang, Tlawng, Tuirial, Serlui, Vaipuanpho, Tuikual, Sakhisih, Damdiai, Chite, Tuirini, Tuivawl, Lawibual, Challui, Mat, Siakah, Chhimtuipui, Tuikum, Sesah, Phe, Teirei, Tut, Tuichhuahen, Tiau, Tuipui, Nongal, Simsang, Ganol, Damring, Waikhrwi, Kwai, Teirei, Khawthlangtuipui, Ngengpui Stream, Vantawng, Sderkariah, Laitryngew, Wahkhlek Khlek, Wahrew, Umngi, Rwiang, Kalipai, Kmai Um, Lukha, Myntdu, Lamu, Lynriang, Thlu Umwi, Simsang, Teesta, Sonai, Ranganadi, Rangit, Ranichu, Kapili, Karola, Kathakal, Kharsang, Kohora, Kolong, Kundli, Kushiara, Manu, Nonbah, Kynshi, Wah Blei, Lohit, Manas, Maney Khola, Ganol Tura, Milak, Namchik, Noa Dihing, Pachin, Pagldia, Panchnoi, Poma, Yomgo And Mora -",KATHAKAL,22.0,24.0,5.3,6.2,,6.8  7.2,104,134,2.0,2.4,0.70,1.10,610,1500,1100,2100
2023,2061,"RIVER KHARSANG B/C WITH BURIDIHING NEAR KHARSANG (ASSAM-ARUNANCHAL BORDER), ASSAM",ASSAM,"Tributary Streams - Burhidihing, Dhansiri, Bharalu, Dikrong, Gai Nadi, Digaru, Digboi, Dikhow, Kaljani, Gabharu, Tocklai, Tunia, Larsing, Dhateshwari, Demow, Borsila, Barak, Dibang, Dihing, Senki, Dorika, Subansiri, Siang, Baralia, Tihu, Singra, Damring, Manda, Dikchu, Dzu, Kha Ru, Dzucha, Torsa, Beki, Bereng, Bhogdoi, Jhanji, Jia Bharali, Sankosh, Sanuo Ru, Boginadi, Rilang, Myntang, Tlawng, Tuirial, Serlui, Vaipuanpho, Tuikual, Sakhisih, Damdiai, Chite, Tuirini, Tuivawl, Lawibual, Challui, Mat, Siakah, Chhimtuipui, Tuikum, Sesah, Phe, Teirei, Tut, Tuichhuahen, Tiau, Tuipui, Nongal, Simsang, Ganol, Damring, Waikhrwi, Kwai, Teirei, Khawthlangtuipui, Ngengpui Stream, Vantawng, Sderkariah, Laitryngew, Wahkhlek Khlek, Wahrew, Umngi, Rwiang, Kalipai, Kmai Um, Lukha, Myntdu, Lamu, Lynriang, Thlu Umwi, Simsang, Teesta, Sonai, Ranganadi, Rangit, Ranichu, Kapili, Karola, Kathakal, Kharsang, Kohora, Kolong, Kundli, Kushiara, Manu, Nonbah, Kynshi, Wah Blei, Lohit, Manas, Maney Khola, Ganol Tura, Milak, Namchik, Noa Dihing, Pachin, Pagldia, Panchnoi, Poma, Yomgo And Mora -",KHARSANG B/C WITH BURIDIHING,21.0,24.0,5.1,8.1,,6.9  7.6,128,166,2.0,2.6,0.40,1.00,300,730,720,1600
2023,2059,"RIVER KOLONG AT MARIGAON, ASSAM",ASSAM,"Tributary Streams - Burhidihing, Dhansiri, Bharalu, Dikrong, Gai Nadi, Digaru, Digboi, Dikhow, Kaljani, Gabharu, Tocklai, Tunia, Larsing, Dhateshwari, Demow, Borsila, Barak, Dibang, Dihing, Senki, Dorika, Subansiri, Siang, Baralia, Tihu, Singra, Damring, Manda, Dikchu, Dzu, Kha Ru, Dzucha, Torsa, Beki, Bereng, Bhogdoi, Jhanji, Jia Bharali, Sankosh, Sanuo Ru, Boginadi, Rilang, Myntang, Tlawng, Tuirial, Serlui, Vaipuanpho, Tuikual, Sakhisih, Damdiai, Chite, Tuirini, Tuivawl, Lawibual, Challui, Mat, Siakah, Chhimtuipui, Tuikum, Sesah, Phe, Teirei, Tut, Tuichhuahen, Tiau, Tuipui, Nongal, Simsang, Ganol, Damring, Waikhrwi, Kwai, Teirei, Khawthlangtuipui, Ngengpui Stream, Vantawng, Sderkariah, Laitryngew, Wahkhlek Khlek, Wahrew, Umngi, Rwiang, Kalipai, Kmai Um, Lukha, Myntdu, Lamu, Lynriang, Thlu Umwi, Simsang, Teesta, Sonai, Ranganadi, Rangit, Ranichu, Kapili, Karola, Kathakal, Kharsang, Kohora, Kolong, Kundli, Kushiara, Manu, Nonbah, Kynshi, Wah Blei, Lohit, Manas, Maney Khola, Ganol Tura, Milak, Namchik, Noa Dihing, Pachin, Pagldia, Panchnoi, Poma, Yomgo And Mora -",KOLONG,18.0,33.0,5.0,8.4,,6.9  7.8,140,176,2.0,2.5,0.70,1.50,360,930,910,2000
2023,2237,"RIVER KOLONG AT U/S OF ANANDARAM DEKIAL PHUKAN BRIDGE, NAGAON, ASSAM",ASSAM,"Tributary Streams - Burhidihing, Dhansiri, Bharalu, Dikrong, Gai Nadi, Digaru, Digboi, Dikhow, Kaljani, Gabharu, Tocklai, Tunia, Larsing, Dhateshwari, Demow, Borsila, Barak, Dibang, Dihing, Senki, Dorika, Subansiri, Siang, Baralia, Tihu, Singra, Damring, Manda, Dikchu, Dzu, Kha Ru, Dzucha, Torsa, Beki, Bereng, Bhogdoi, Jhanji, Jia Bharali, Sankosh, Sanuo Ru, Boginadi, Rilang, Myntang, Tlawng, Tuirial, Serlui, Vaipuanpho, Tuikual, Sakhisih, Damdiai, Chite, Tuirini, Tuivawl, Lawibual, Challui, Mat, Siakah, Chhimtuipui, Tuikum, Sesah, Phe, Teirei, Tut, Tuichhuahen, Tiau, Tuipui, Nongal, Simsang, Ganol, Damring, Waikhrwi, Kwai, Teirei, Khawthlangtuipui, Ngengpui Stream, Vantawng, Sderkariah, Laitryngew, Wahkhlek Khlek, Wahrew, Umngi, Rwiang, Kalipai, Kmai Um, Lukha, Myntdu, Lamu, Lynriang, Thlu Umwi, Simsang, Teesta, Sonai, Ranganadi, Rangit, Ranichu, Kapili, Karola, Kathakal, Kharsang, Kohora, Kolong, Kundli, Kushiara, Manu, Nonbah, Kynshi, Wah Blei, Lohit, Manas, Maney Khola, Ganol Tura, Milak, Namchik, Noa Dihing, Pachin, Pagldia, Panchnoi, Poma, Yomgo And Mora -",KOLONG,17.0,29.0,5.0,7.4,,6.8  7.5,118,180,2.0,2.5,0.80,1.90,620,1100,1500,2000
2023,2229,"RIVER KUNDLI AT KUNDLI/ SAPAKHOWA, SADIA, ASSAM",ASSAM,"Tributary Streams - Burhidihing, Dhansiri, Bharalu, Dikrong, Gai Nadi, Digaru, Digboi, Dikhow, Kaljani, Gabharu, Tocklai, Tunia, Larsing, Dhateshwari, Demow, Borsila, Barak, Dibang, Dihing, Senki, Dorika, Subansiri, Siang, Baralia, Tihu, Singra, Damring, Manda, Dikchu, Dzu, Kha Ru, Dzucha, Torsa, Beki, Bereng, Bhogdoi, Jhanji, Jia Bharali, Sankosh, Sanuo Ru, Boginadi, Rilang, Myntang, Tlawng, Tuirial, Serlui, Vaipuanpho, Tuikual, Sakhisih, Damdiai, Chite, Tuirini, Tuivawl, Lawibual, Challui, Mat, Siakah, Chhimtuipui, Tuikum, Sesah, Phe, Teirei, Tut, Tuichhuahen, Tiau, Tuipui, Nongal, Simsang, Ganol, Damring, Waikhrwi, Kwai, Teirei, Khawthlangtuipui, Ngengpui Stream, Vantawng, Sderkariah, Laitryngew, Wahkhlek Khlek, Wahrew, Umngi, Rwiang, Kalipai, Kmai Um, Lukha, Myntdu, Lamu, Lynriang, Thlu Umwi, Simsang, Teesta, Sonai, Ranganadi, Rangit, Ranichu, Kapili, Karola, Kathakal, Kharsang, Kohora, Kolong, Kundli, Kushiara, Manu, Nonbah, Kynshi, Wah Blei, Lohit, Manas, Maney Khola, Ganol Tura, Milak, Namchik, Noa Dihing, Pachin, Pagldia, Panchnoi, Poma, Yomgo And Mora -",KUNDLI,21.0,25.0,5.0,8.4,,7.0  7.7,126,172,2.0,2.6,0.60,1.60,300,910,1400,2000
2023,3417,"RIVER MANU AT MANUGHAT, CONFL POINT OF CHAWMANU CHARRA & MANU RIVER, DHALAI",TRIPURA,"Tributary Streams - Burhidihing, Dhansiri, Bharalu, Dikrong, Gai Nadi, Digaru, Digboi, Dikhow, Kaljani, Gabharu, Tocklai, Tunia, Larsing, Dhateshwari, Demow, Borsila, Barak, Dibang, Dihing, Senki, Dorika, Subansiri, Siang, Baralia, Tihu, Singra, Damring, Manda, Dikchu, Dzu, Kha Ru, Dzucha, Torsa, Beki, Bereng, Bhogdoi, Jhanji, Jia Bharali, Sankosh, Sanuo Ru, Boginadi, Rilang, Myntang, Tlawng, Tuirial, Serlui, Vaipuanpho, Tuikual, Sakhisih, Damdiai, Chite, Tuirini, Tuivawl, Lawibual, Challui, Mat, Siakah, Chhimtuipui, Tuikum, Sesah, Phe, Teirei, Tut, Tuichhuahen, Tiau, Tuipui, Nongal, Simsang, Ganol, Damring, Waikhrwi, Kwai, Teirei, Khawthlangtuipui, Ngengpui Stream, Vantawng, Sderkariah, Laitryngew, Wahkhlek Khlek, Wahrew, Umngi, Rwiang, Kalipai, Kmai Um, Lukha, Myntdu, Lamu, Lynriang, Thlu Umwi, Simsang, Teesta, Sonai, Ranganadi, Rangit, Ranichu, Kapili, Karola, Kathakal, Kharsang, Kohora, Kolong, Kundli, Kushiara, Manu, Nonbah, Kynshi, Wah Blei, Lohit, Manas, Maney Khola, Ganol Tura, Milak, Namchik, Noa Dihing, Pachin, Pagldia, Panchnoi, Poma, Yomgo And Mora -",MANU,21.0,30.5,5.4,6.6,,7.0  7.7,125,189,1.2,2.2,0.70,1.90,39,58,94,210
2023,3418,"RIVER MANU AT KAILASHAHAR D/S, NORTH TRIPURA",TRIPURA,"Tributary Streams - Burhidihing, Dhansiri, Bharalu, Dikrong, Gai Nadi, Digaru, Digboi, Dikhow, Kaljani, Gabharu, Tocklai, Tunia, Larsing, Dhateshwari, Demow, Borsila, Barak, Dibang, Dihing, Senki, Dorika, Subansiri, Siang, Baralia, Tihu, Singra, Damring, Manda, Dikchu, Dzu, Kha Ru, Dzucha, Torsa, Beki, Bereng, Bhogdoi, Jhanji, Jia Bharali, Sankosh, Sanuo Ru, Boginadi, Rilang, Myntang, Tlawng, Tuirial, Serlui, Vaipuanpho, Tuikual, Sakhisih, Damdiai, Chite, Tuirini, Tuivawl, Lawibual, Challui, Mat, Siakah, Chhimtuipui, Tuikum, Sesah, Phe, Teirei, Tut, Tuichhuahen, Tiau, Tuipui, Nongal, Simsang, Ganol, Damring, Waikhrwi, Kwai, Teirei, Khawthlangtuipui, Ngengpui Stream, Vantawng, Sderkariah, Laitryngew, Wahkhlek Khlek, Wahrew, Umngi, Rwiang, Kalipai, Kmai Um, Lukha, Myntdu, Lamu, Lynriang, Thlu Umwi, Simsang, Teesta, Sonai, Ranganadi, Rangit, Ranichu, Kapili, Karola, Kathakal, Kharsang, Kohora, Kolong, Kundli, Kushiara, Manu, Nonbah, Kynshi, Wah Blei, Lohit, Manas, Maney Khola, Ganol Tura, Milak, Namchik, Noa Dihing, Pachin, Pagldia, Panchnoi, Poma, Yomgo And Mora -",MANU,21.0,31.0,5.3,6.7,,7.0  7.7,122,191,1.1,2.1,0.70,1.90,26,58,94,210
2023,3419,"RIVER MANU AT KUMARGHAT, NORTH TRIPURA",TRIPURA,"Tributary Streams - Burhidihing, Dhansiri, Bharalu, Dikrong, Gai Nadi, Digaru, Digboi, Dikhow, Kaljani, Gabharu, Tocklai, Tunia, Larsing, Dhateshwari, Demow, Borsila, Barak, Dibang, Dihing, Senki, Dorika, Subansiri, Siang, Baralia, Tihu, Singra, Damring, Manda, Dikchu, Dzu, Kha Ru, Dzucha, Torsa, Beki, Bereng, Bhogdoi, Jhanji, Jia Bharali, Sankosh, Sanuo Ru, Boginadi, Rilang, Myntang, Tlawng, Tuirial, Serlui, Vaipuanpho, Tuikual, Sakhisih, Damdiai, Chite, Tuirini, Tuivawl, Lawibual, Challui, Mat, Siakah, Chhimtuipui, Tuikum, Sesah, Phe, Teirei, Tut, Tuichhuahen, Tiau, Tuipui, Nongal, Simsang, Ganol, Damring, Waikhrwi, Kwai, Teirei, Khawthlangtuipui, Ngengpui Stream, Vantawng, Sderkariah, Laitryngew, Wahkhlek Khlek, Wahrew, Umngi, Rwiang, Kalipai, Kmai Um, Lukha, Myntdu, Lamu, Lynriang, Thlu Umwi, Simsang, Teesta, Sonai, Ranganadi, Rangit, Ranichu, Kapili, Karola, Kathakal, Kharsang, Kohora, Kolong, Kundli, Kushiara, Manu, Nonbah, Kynshi, Wah Blei, Lohit, Manas, Maney Khola, Ganol Tura, Milak, Namchik, Noa Dihing, Pachin, Pagldia, Panchnoi, Poma, Yomgo And Mora -",MANU,21.0,31.0,5.3,6.4,,7.1  7.7,124,179,1.2,1.9,0.70,1.70,31,58,84,210
2023,3367,RIVER NONBAH AT NANGSTOIN MARKET,MEGHALAYA,"Tributary Streams - Burhidihing, Dhansiri, Bharalu, Dikrong, Gai Nadi, Digaru, Digboi, Dikhow, Kaljani, Gabharu, Tocklai, Tunia, Larsing, Dhateshwari, Demow, Borsila, Barak, Dibang, Dihing, Senki, Dorika, Subansiri, Siang, Baralia, Tihu, Singra, Damring, Manda, Dikchu, Dzu, Kha Ru, Dzucha, Torsa, Beki, Bereng, Bhogdoi, Jhanji, Jia Bharali, Sankosh, Sanuo Ru, Boginadi, Rilang, Myntang, Tlawng, Tuirial, Serlui, Vaipuanpho, Tuikual, Sakhisih, Damdiai, Chite, Tuirini, Tuivawl, Lawibual, Challui, Mat, Siakah, Chhimtuipui, Tuikum, Sesah, Phe, Teirei, Tut, Tuichhuahen, Tiau, Tuipui, Nongal, Simsang, Ganol, Damring, Waikhrwi, Kwai, Teirei, Khawthlangtuipui, Ngengpui Stream, Vantawng, Sderkariah, Laitryngew, Wahkhlek Khlek, Wahrew, Umngi, Rwiang, Kalipai, Kmai Um, Lukha, Myntdu, Lamu, Lynriang, Thlu Umwi, Simsang, Teesta, Sonai, Ranganadi, Rangit, Ranichu, Kapili, Karola, Kathakal, Kharsang, Kohora, Kolong, Kundli, Kushiara, Manu, Nonbah, Kynshi, Wah Blei, Lohit, Manas, Maney Khola, Ganol Tura, Milak, Namchik, Noa Dihing, Pachin, Pagldia, Panchnoi, Poma, Yomgo And Mora -",NONBAH,13.0,20.0,6.5,7.6,,6.7  7.0,40,83,2.0,2.7,0.32,0.93,430,1200,2700,4900
2023,3368,RIVER NONBAH AT PHOTSOHSAT,MEGHALAYA,"Tributary Streams - Burhidihing, Dhansiri, Bharalu, Dikrong, Gai Nadi, Digaru, Digboi, Dikhow, Kaljani, Gabharu, Tocklai, Tunia, Larsing, Dhateshwari, Demow, Borsila, Barak, Dibang, Dihing, Senki, Dorika, Subansiri, Siang, Baralia, Tihu, Singra, Damring, Manda, Dikchu, Dzu, Kha Ru, Dzucha, Torsa, Beki, Bereng, Bhogdoi, Jhanji, Jia Bharali, Sankosh, Sanuo Ru, Boginadi, Rilang, Myntang, Tlawng, Tuirial, Serlui, Vaipuanpho, Tuikual, Sakhisih, Damdiai, Chite, Tuirini, Tuivawl, Lawibual, Challui, Mat, Siakah, Chhimtuipui, Tuikum, Sesah, Phe, Teirei, Tut, Tuichhuahen, Tiau, Tuipui, Nongal, Simsang, Ganol, Damring, Waikhrwi, Kwai, Teirei, Khawthlangtuipui, Ngengpui Stream, Vantawng, Sderkariah, Laitryngew, Wahkhlek Khlek, Wahrew, Umngi, Rwiang, Kalipai, Kmai Um, Lukha, Myntdu, Lamu, Lynriang, Thlu Umwi, Simsang, Teesta, Sonai, Ranganadi, Rangit, Ranichu, Kapili, Karola, Kathakal, Kharsang, Kohora, Kolong, Kundli, Kushiara, Manu, Nonbah, Kynshi, Wah Blei, Lohit, Manas, Maney Khola, Ganol Tura, Milak, Namchik, Noa Dihing, Pachin, Pagldia, Panchnoi, Poma, Yomgo And Mora -",NONBAH,13.6,20.0,6.6,8.6,,6.7  7.3,31,44,1.1,1.7,0.32,0.54,4,70,110,170
2023,3369,RIVER KYNSHI AT SOHIONG,MEGHALAYA,"Tributary Streams - Burhidihing, Dhansiri, Bharalu, Dikrong, Gai Nadi, Digaru, Digboi, Dikhow, Kaljani, Gabharu, Tocklai, Tunia, Larsing, Dhateshwari, Demow, Borsila, Barak, Dibang, Dihing, Senki, Dorika, Subansiri, Siang, Baralia, Tihu, Singra, Damring, Manda, Dikchu, Dzu, Kha Ru, Dzucha, Torsa, Beki, Bereng, Bhogdoi, Jhanji, Jia Bharali, Sankosh, Sanuo Ru, Boginadi, Rilang, Myntang, Tlawng, Tuirial, Serlui, Vaipuanpho, Tuikual, Sakhisih, Damdiai, Chite, Tuirini, Tuivawl, Lawibual, Challui, Mat, Siakah, Chhimtuipui, Tuikum, Sesah, Phe, Teirei, Tut, Tuichhuahen, Tiau, Tuipui, Nongal, Simsang, Ganol, Damring, Waikhrwi, Kwai, Teirei, Khawthlangtuipui, Ngengpui Stream, Vantawng, Sderkariah, Laitryngew, Wahkhlek Khlek, Wahrew, Umngi, Rwiang, Kalipai, Kmai Um, Lukha, Myntdu, Lamu, Lynriang, Thlu Umwi, Simsang, Teesta, Sonai, Ranganadi, Rangit, Ranichu, Kapili, Karola, Kathakal, Kharsang, Kohora, Kolong, Kundli, Kushiara, Manu, Nonbah, Kynshi, Wah Blei, Lohit, Manas, Maney Khola, Ganol Tura, Milak, Namchik, Noa Dihing, Pachin, Pagldia, Panchnoi, Poma, Yomgo And Mora -",KYNSHI,12.3,19.0,6.6,7.8,,6.7  7.3,29,44,1.2,1.7,0.32,0.53,6,33,240,540
2023,3370,RIVER KYNSHI AT NANGKHNUM,MEGHALAYA,"Tributary Streams - Burhidihing, Dhansiri, Bharalu, Dikrong, Gai Nadi, Digaru, Digboi, Dikhow, Kaljani, Gabharu, Tocklai, Tunia, Larsing, Dhateshwari, Demow, Borsila, Barak, Dibang, Dihing, Senki, Dorika, Subansiri, Siang, Baralia, Tihu, Singra, Damring, Manda, Dikchu, Dzu, Kha Ru, Dzucha, Torsa, Beki, Bereng, Bhogdoi, Jhanji, Jia Bharali, Sankosh, Sanuo Ru, Boginadi, Rilang, Myntang, Tlawng, Tuirial, Serlui, Vaipuanpho, Tuikual, Sakhisih, Damdiai, Chite, Tuirini, Tuivawl, Lawibual, Challui, Mat, Siakah, Chhimtuipui, Tuikum, Sesah, Phe, Teirei, Tut, Tuichhuahen, Tiau, Tuipui, Nongal, Simsang, Ganol, Damring, Waikhrwi, Kwai, Teirei, Khawthlangtuipui, Ngengpui Stream, Vantawng, Sderkariah, Laitryngew, Wahkhlek Khlek, Wahrew, Umngi, Rwiang, Kalipai, Kmai Um, Lukha, Myntdu, Lamu, Lynriang, Thlu Umwi, Simsang, Teesta, Sonai, Ranganadi, Rangit, Ranichu, Kapili, Karola, Kathakal, Kharsang, Kohora, Kolong, Kundli, Kushiara, Manu, Nonbah, Kynshi, Wah Blei, Lohit, Manas, Maney Khola, Ganol Tura, Milak, Namchik, Noa Dihing, Pachin, Pagldia, Panchnoi, Poma, Yomgo And Mora -",KYNSHI,12.5,20.0,6.8,8.0,,6.9  7.3,32,42,1.0,1.5,0.32,0.46,2,2,38,70
2023,3371,RIVER KYNSHI AT RANIKOR,MEGHALAYA,"Tributary Streams - Burhidihing, Dhansiri, Bharalu, Dikrong, Gai Nadi, Digaru, Digboi, Dikhow, Kaljani, Gabharu, Tocklai, Tunia, Larsing, Dhateshwari, Demow, Borsila, Barak, Dibang, Dihing, Senki, Dorika, Subansiri, Siang, Baralia, Tihu, Singra, Damring, Manda, Dikchu, Dzu, Kha Ru, Dzucha, Torsa, Beki, Bereng, Bhogdoi, Jhanji, Jia Bharali, Sankosh, Sanuo Ru, Boginadi, Rilang, Myntang, Tlawng, Tuirial, Serlui, Vaipuanpho, Tuikual, Sakhisih, Damdiai, Chite, Tuirini, Tuivawl, Lawibual, Challui, Mat, Siakah, Chhimtuipui, Tuikum, Sesah, Phe, Teirei, Tut, Tuichhuahen, Tiau, Tuipui, Nongal, Simsang, Ganol, Damring, Waikhrwi, Kwai, Teirei, Khawthlangtuipui, Ngengpui Stream, Vantawng, Sderkariah, Laitryngew, Wahkhlek Khlek, Wahrew, Umngi, Rwiang, Kalipai, Kmai Um, Lukha, Myntdu, Lamu, Lynriang, Thlu Umwi, Simsang, Teesta, Sonai, Ranganadi, Rangit, Ranichu, Kapili, Karola, Kathakal, Kharsang, Kohora, Kolong, Kundli, Kushiara, Manu, Nonbah, Kynshi, Wah Blei, Lohit, Manas, Maney Khola, Ganol Tura, Milak, Namchik, Noa Dihing, Pachin, Pagldia, Panchnoi, Poma, Yomgo And Mora -",KYNSHI,15.0,22.0,7.0,8.4,,6.5  6.9,42,72,1.0,1.6,0.32,0.51,2,4,110,170
2023,3373,"RIVER WAH BLEI AT RIANGDO,",MEGHALAYA,"Tributary Streams - Burhidihing, Dhansiri, Bharalu, Dikrong, Gai Nadi, Digaru, Digboi, Dikhow, Kaljani, Gabharu, Tocklai, Tunia, Larsing, Dhateshwari, Demow, Borsila, Barak, Dibang, Dihing, Senki, Dorika, Subansiri, Siang, Baralia, Tihu, Singra, Damring, Manda, Dikchu, Dzu, Kha Ru, Dzucha, Torsa, Beki, Bereng, Bhogdoi, Jhanji, Jia Bharali, Sankosh, Sanuo Ru, Boginadi, Rilang, Myntang, Tlawng, Tuirial, Serlui, Vaipuanpho, Tuikual, Sakhisih, Damdiai, Chite, Tuirini, Tuivawl, Lawibual, Challui, Mat, Siakah, Chhimtuipui, Tuikum, Sesah, Phe, Teirei, Tut, Tuichhuahen, Tiau, Tuipui, Nongal, Simsang, Ganol, Damring, Waikhrwi, Kwai, Teirei, Khawthlangtuipui, Ngengpui Stream, Vantawng, Sderkariah, Laitryngew, Wahkhlek Khlek, Wahrew, Umngi, Rwiang, Kalipai, Kmai Um, Lukha, Myntdu, Lamu, Lynriang, Thlu Umwi, Simsang, Teesta, Sonai, Ranganadi, Rangit, Ranichu, Kapili, Karola, Kathakal, Kharsang, Kohora, Kolong, Kundli, Kushiara, Manu, Nonbah, Kynshi, Wah Blei, Lohit, Manas, Maney Khola, Ganol Tura, Milak, Namchik, Noa Dihing, Pachin, Pagldia, Panchnoi, Poma, Yomgo And Mora -",WAH BLEI,14.6,21.0,6.9,7.9,,6.7  7.5,33,53,1.2,1.8,0.32,0.52,4,17,110,240
2023,3374,"RIVER WAH BLEI AT SDAD DKHAR,",MEGHALAYA,"Tributary Streams - Burhidihing, Dhansiri, Bharalu, Dikrong, Gai Nadi, Digaru, Digboi, Dikhow, Kaljani, Gabharu, Tocklai, Tunia, Larsing, Dhateshwari, Demow, Borsila, Barak, Dibang, Dihing, Senki, Dorika, Subansiri, Siang, Baralia, Tihu, Singra, Damring, Manda, Dikchu, Dzu, Kha Ru, Dzucha, Torsa, Beki, Bereng, Bhogdoi, Jhanji, Jia Bharali, Sankosh, Sanuo Ru, Boginadi, Rilang, Myntang, Tlawng, Tuirial, Serlui, Vaipuanpho, Tuikual, Sakhisih, Damdiai, Chite, Tuirini, Tuivawl, Lawibual, Challui, Mat, Siakah, Chhimtuipui, Tuikum, Sesah, Phe, Teirei, Tut, Tuichhuahen, Tiau, Tuipui, Nongal, Simsang, Ganol, Damring, Waikhrwi, Kwai, Teirei, Khawthlangtuipui, Ngengpui Stream, Vantawng, Sderkariah, Laitryngew, Wahkhlek Khlek, Wahrew, Umngi, Rwiang, Kalipai, Kmai Um, Lukha, Myntdu, Lamu, Lynriang, Thlu Umwi, Simsang, Teesta, Sonai, Ranganadi, Rangit, Ranichu, Kapili, Karola, Kathakal, Kharsang, Kohora, Kolong, Kundli, Kushiara, Manu, Nonbah, Kynshi, Wah Blei, Lohit, Manas, Maney Khola, Ganol Tura, Milak, Namchik, Noa Dihing, Pachin, Pagldia, Panchnoi, Poma, Yomgo And Mora -",WAH BLEI,14.0,20.0,6.8,8.9,,6.5  6.8,62,89,1.0,1.8,0.32,0.47,2,21,120,170
2023,3099,RIVER LOHIT AT ALUBARI (D/S),ARUNACHAL PRADESH,"Tributary Streams - Burhidihing, Dhansiri, Bharalu, Dikrong, Gai Nadi, Digaru, Digboi, Dikhow, Kaljani, Gabharu, Tocklai, Tunia, Larsing, Dhateshwari, Demow, Borsila, Barak, Dibang, Dihing, Senki, Dorika, Subansiri, Siang, Baralia, Tihu, Singra, Damring, Manda, Dikchu, Dzu, Kha Ru, Dzucha, Torsa, Beki, Bereng, Bhogdoi, Jhanji, Jia Bharali, Sankosh, Sanuo Ru, Boginadi, Rilang, Myntang, Tlawng, Tuirial, Serlui, Vaipuanpho, Tuikual, Sakhisih, Damdiai, Chite, Tuirini, Tuivawl, Lawibual, Challui, Mat, Siakah, Chhimtuipui, Tuikum, Sesah, Phe, Teirei, Tut, Tuichhuahen, Tiau, Tuipui, Nongal, Simsang, Ganol, Damring, Waikhrwi, Kwai, Teirei, Khawthlangtuipui, Ngengpui Stream, Vantawng, Sderkariah, Laitryngew, Wahkhlek Khlek, Wahrew, Umngi, Rwiang, Kalipai, Kmai Um, Lukha, Myntdu, Lamu, Lynriang, Thlu Umwi, Simsang, Teesta, Sonai, Ranganadi, Rangit, Ranichu, Kapili, Karola, Kathakal, Kharsang, Kohora, Kolong, Kundli, Kushiara, Manu, Nonbah, Kynshi, Wah Blei, Lohit, Manas, Maney Khola, Ganol Tura, Milak, Namchik, Noa Dihing, Pachin, Pagldia, Panchnoi, Poma, Yomgo And Mora -",LOHIT,15.0,28.5,0.7,9.3,,7.4  8.1,102,286,1.0,1.0,0.00,0.00,,,,
2023,3797,RIVER MANAS (SANTOSHPUR) NEAR LENGTISINGA,ASSAM,"Tributary Streams - Burhidihing, Dhansiri, Bharalu, Dikrong, Gai Nadi, Digaru, Digboi, Dikhow, Kaljani, Gabharu, Tocklai, Tunia, Larsing, Dhateshwari, Demow, Borsila, Barak, Dibang, Dihing, Senki, Dorika, Subansiri, Siang, Baralia, Tihu, Singra, Damring, Manda, Dikchu, Dzu, Kha Ru, Dzucha, Torsa, Beki, Bereng, Bhogdoi, Jhanji, Jia Bharali, Sankosh, Sanuo Ru, Boginadi, Rilang, Myntang, Tlawng, Tuirial, Serlui, Vaipuanpho, Tuikual, Sakhisih, Damdiai, Chite, Tuirini, Tuivawl, Lawibual, Challui, Mat, Siakah, Chhimtuipui, Tuikum, Sesah, Phe, Teirei, Tut, Tuichhuahen, Tiau, Tuipui, Nongal, Simsang, Ganol, Damring, Waikhrwi, Kwai, Teirei, Khawthlangtuipui, Ngengpui Stream, Vantawng, Sderkariah, Laitryngew, Wahkhlek Khlek, Wahrew, Umngi, Rwiang, Kalipai, Kmai Um, Lukha, Myntdu, Lamu, Lynriang, Thlu Umwi, Simsang, Teesta, Sonai, Ranganadi, Rangit, Ranichu, Kapili, Karola, Kathakal, Kharsang, Kohora, Kolong, Kundli, Kushiara, Manu, Nonbah, Kynshi, Wah Blei, Lohit, Manas, Maney Khola, Ganol Tura, Milak, Namchik, Noa Dihing, Pachin, Pagldia, Panchnoi, Poma, Yomgo And Mora -",,19.0,34.0,5.2,5.6,,6.8  7.6,132,146,2.0,2.7,0.60,1.60,600,910,1100,2100
2023,2060,"RIVER MANAS AT NH-31 CROSSING, BARPETA DISTRICT, ASSAM",ASSAM,"Tributary Streams - Burhidihing, Dhansiri, Bharalu, Dikrong, Gai Nadi, Digaru, Digboi, Dikhow, Kaljani, Gabharu, Tocklai, Tunia, Larsing, Dhateshwari, Demow, Borsila, Barak, Dibang, Dihing, Senki, Dorika, Subansiri, Siang, Baralia, Tihu, Singra, Damring, Manda, Dikchu, Dzu, Kha Ru, Dzucha, Torsa, Beki, Bereng, Bhogdoi, Jhanji, Jia Bharali, Sankosh, Sanuo Ru, Boginadi, Rilang, Myntang, Tlawng, Tuirial, Serlui, Vaipuanpho, Tuikual, Sakhisih, Damdiai, Chite, Tuirini, Tuivawl, Lawibual, Challui, Mat, Siakah, Chhimtuipui, Tuikum, Sesah, Phe, Teirei, Tut, Tuichhuahen, Tiau, Tuipui, Nongal, Simsang, Ganol, Damring, Waikhrwi, Kwai, Teirei, Khawthlangtuipui, Ngengpui Stream, Vantawng, Sderkariah, Laitryngew, Wahkhlek Khlek, Wahrew, Umngi, Rwiang, Kalipai, Kmai Um, Lukha, Myntdu, Lamu, Lynriang, Thlu Umwi, Simsang, Teesta, Sonai, Ranganadi, Rangit, Ranichu, Kapili, Karola, Kathakal, Kharsang, Kohora, Kolong, Kundli, Kushiara, Manu, Nonbah, Kynshi, Wah Blei, Lohit, Manas, Maney Khola, Ganol Tura, Milak, Namchik, Noa Dihing, Pachin, Pagldia, Panchnoi, Poma, Yomgo And Mora -",MANAS,19.0,32.0,5.1,5.7,,6.9  7.7,132,168,1.9,2.7,0.60,2.20,600,730,1100,1500
2023,1803,"RIVER MANEY KHOLA AT BURTUK NEAR ARMY BASE CAMP, 4 KM U/S OF GANGTOK",SIKKIM,"Tributary Streams - Burhidihing, Dhansiri, Bharalu, Dikrong, Gai Nadi, Digaru, Digboi, Dikhow, Kaljani, Gabharu, Tocklai, Tunia, Larsing, Dhateshwari, Demow, Borsila, Barak, Dibang, Dihing, Senki, Dorika, Subansiri, Siang, Baralia, Tihu, Singra, Damring, Manda, Dikchu, Dzu, Kha Ru, Dzucha, Torsa, Beki, Bereng, Bhogdoi, Jhanji, Jia Bharali, Sankosh, Sanuo Ru, Boginadi, Rilang, Myntang, Tlawng, Tuirial, Serlui, Vaipuanpho, Tuikual, Sakhisih, Damdiai, Chite, Tuirini, Tuivawl, Lawibual, Challui, Mat, Siakah, Chhimtuipui, Tuikum, Sesah, Phe, Teirei, Tut, Tuichhuahen, Tiau, Tuipui, Nongal, Simsang, Ganol, Damring, Waikhrwi, Kwai, Teirei, Khawthlangtuipui, Ngengpui Stream, Vantawng, Sderkariah, Laitryngew, Wahkhlek Khlek, Wahrew, Umngi, Rwiang, Kalipai, Kmai Um, Lukha, Myntdu, Lamu, Lynriang, Thlu Umwi, Simsang, Teesta, Sonai, Ranganadi, Rangit, Ranichu, Kapili, Karola, Kathakal, Kharsang, Kohora, Kolong, Kundli, Kushiara, Manu, Nonbah, Kynshi, Wah Blei, Lohit, Manas, Maney Khola, Ganol Tura, Milak, Namchik, Noa Dihing, Pachin, Pagldia, Panchnoi, Poma, Yomgo And Mora -",MANEY KHOLA,12.0,21.0,7.3,8.4,,6.8  7.5,112,172,1.9,2.5,1.90,4.60,22,97,27,155
2023,1804,"RIVER MANEY KHOLA AFTER CONFLUENCS WITH RAY KHOLA AT ADAMPOOL AFTER MEETING WASTE OF STP, GANGTOK",SIKKIM,"Tributary Streams - Burhidihing, Dhansiri, Bharalu, Dikrong, Gai Nadi, Digaru, Digboi, Dikhow, Kaljani, Gabharu, Tocklai, Tunia, Larsing, Dhateshwari, Demow, Borsila, Barak, Dibang, Dihing, Senki, Dorika, Subansiri, Siang, Baralia, Tihu, Singra, Damring, Manda, Dikchu, Dzu, Kha Ru, Dzucha, Torsa, Beki, Bereng, Bhogdoi, Jhanji, Jia Bharali, Sankosh, Sanuo Ru, Boginadi, Rilang, Myntang, Tlawng, Tuirial, Serlui, Vaipuanpho, Tuikual, Sakhisih, Damdiai, Chite, Tuirini, Tuivawl, Lawibual, Challui, Mat, Siakah, Chhimtuipui, Tuikum, Sesah, Phe, Teirei, Tut, Tuichhuahen, Tiau, Tuipui, Nongal, Simsang, Ganol, Damring, Waikhrwi, Kwai, Teirei, Khawthlangtuipui, Ngengpui Stream, Vantawng, Sderkariah, Laitryngew, Wahkhlek Khlek, Wahrew, Umngi, Rwiang, Kalipai, Kmai Um, Lukha, Myntdu, Lamu, Lynriang, Thlu Umwi, Simsang, Teesta, Sonai, Ranganadi, Rangit, Ranichu, Kapili, Karola, Kathakal, Kharsang, Kohora, Kolong, Kundli, Kushiara, Manu, Nonbah, Kynshi, Wah Blei, Lohit, Manas, Maney Khola, Ganol Tura, Milak, Namchik, Noa Dihing, Pachin, Pagldia, Panchnoi, Poma, Yomgo And Mora -",MANEY KHOLA AFTER CONFLUENCS WITH RAY KHOLA,13.0,23.0,7.8,8.5,,6.7  7.3,121,178,,2.1  22.0  2.00  23.00,,,38,93,68,196
2023,2894,"RIVER MILAK AT BORBORA WARD, TULI",NAGALAND,"Tributary Streams - Burhidihing, Dhansiri, Bharalu, Dikrong, Gai Nadi, Digaru, Digboi, Dikhow, Kaljani, Gabharu, Tocklai, Tunia, Larsing, Dhateshwari, Demow, Borsila, Barak, Dibang, Dihing, Senki, Dorika, Subansiri, Siang, Baralia, Tihu, Singra, Damring, Manda, Dikchu, Dzu, Kha Ru, Dzucha, Torsa, Beki, Bereng, Bhogdoi, Jhanji, Jia Bharali, Sankosh, Sanuo Ru, Boginadi, Rilang, Myntang, Tlawng, Tuirial, Serlui, Vaipuanpho, Tuikual, Sakhisih, Damdiai, Chite, Tuirini, Tuivawl, Lawibual, Challui, Mat, Siakah, Chhimtuipui, Tuikum, Sesah, Phe, Teirei, Tut, Tuichhuahen, Tiau, Tuipui, Nongal, Simsang, Ganol, Damring, Waikhrwi, Kwai, Teirei, Khawthlangtuipui, Ngengpui Stream, Vantawng, Sderkariah, Laitryngew, Wahkhlek Khlek, Wahrew, Umngi, Rwiang, Kalipai, Kmai Um, Lukha, Myntdu, Lamu, Lynriang, Thlu Umwi, Simsang, Teesta, Sonai, Ranganadi, Rangit, Ranichu, Kapili, Karola, Kathakal, Kharsang, Kohora, Kolong, Kundli, Kushiara, Manu, Nonbah, Kynshi, Wah Blei, Lohit, Manas, Maney Khola, Ganol Tura, Milak, Namchik, Noa Dihing, Pachin, Pagldia, Panchnoi, Poma, Yomgo And Mora -",MILAK,19.6,30.6,6.9,8.2,,7.1  8.2,79,490,1.0,1.4,0.50,1.50,,,,
2023,2895,"RIVER MILAK AT PAPER NAGAR, TULI",NAGALAND,"Tributary Streams - Burhidihing, Dhansiri, Bharalu, Dikrong, Gai Nadi, Digaru, Digboi, Dikhow, Kaljani, Gabharu, Tocklai, Tunia, Larsing, Dhateshwari, Demow, Borsila, Barak, Dibang, Dihing, Senki, Dorika, Subansiri, Siang, Baralia, Tihu, Singra, Damring, Manda, Dikchu, Dzu, Kha Ru, Dzucha, Torsa, Beki, Bereng, Bhogdoi, Jhanji, Jia Bharali, Sankosh, Sanuo Ru, Boginadi, Rilang, Myntang, Tlawng, Tuirial, Serlui, Vaipuanpho, Tuikual, Sakhisih, Damdiai, Chite, Tuirini, Tuivawl, Lawibual, Challui, Mat, Siakah, Chhimtuipui, Tuikum, Sesah, Phe, Teirei, Tut, Tuichhuahen, Tiau, Tuipui, Nongal, Simsang, Ganol, Damring, Waikhrwi, Kwai, Teirei, Khawthlangtuipui, Ngengpui Stream, Vantawng, Sderkariah, Laitryngew, Wahkhlek Khlek, Wahrew, Umngi, Rwiang, Kalipai, Kmai Um, Lukha, Myntdu, Lamu, Lynriang, Thlu Umwi, Simsang, Teesta, Sonai, Ranganadi, Rangit, Ranichu, Kapili, Karola, Kathakal, Kharsang, Kohora, Kolong, Kundli, Kushiara, Manu, Nonbah, Kynshi, Wah Blei, Lohit, Manas, Maney Khola, Ganol Tura, Milak, Namchik, Noa Dihing, Pachin, Pagldia, Panchnoi, Poma, Yomgo And Mora -",MILAK,19.5,30.0,7.0,8.3,,7.4  8.4,85,520,1.0,1.5,0.40,1.30,,,,
2023,3100,RIVER NAMCHIK AT KHARSANG,ARUNACHAL PRADESH,"Tributary Streams - Burhidihing, Dhansiri, Bharalu, Dikrong, Gai Nadi, Digaru, Digboi, Dikhow, Kaljani, Gabharu, Tocklai, Tunia, Larsing, Dhateshwari, Demow, Borsila, Barak, Dibang, Dihing, Senki, Dorika, Subansiri, Siang, Baralia, Tihu, Singra, Damring, Manda, Dikchu, Dzu, Kha Ru, Dzucha, Torsa, Beki, Bereng, Bhogdoi, Jhanji, Jia Bharali, Sankosh, Sanuo Ru, Boginadi, Rilang, Myntang, Tlawng, Tuirial, Serlui, Vaipuanpho, Tuikual, Sakhisih, Damdiai, Chite, Tuirini, Tuivawl, Lawibual, Challui, Mat, Siakah, Chhimtuipui, Tuikum, Sesah, Phe, Teirei, Tut, Tuichhuahen, Tiau, Tuipui, Nongal, Simsang, Ganol, Damring, Waikhrwi, Kwai, Teirei, Khawthlangtuipui, Ngengpui Stream, Vantawng, Sderkariah, Laitryngew, Wahkhlek Khlek, Wahrew, Umngi, Rwiang, Kalipai, Kmai Um, Lukha, Myntdu, Lamu, Lynriang, Thlu Umwi, Simsang, Teesta, Sonai, Ranganadi, Rangit, Ranichu, Kapili, Karola, Kathakal, Kharsang, Kohora, Kolong, Kundli, Kushiara, Manu, Nonbah, Kynshi, Wah Blei, Lohit, Manas, Maney Khola, Ganol Tura, Milak, Namchik, Noa Dihing, Pachin, Pagldia, Panchnoi, Poma, Yomgo And Mora -",NAMCHIK,19.6,27.3,7.4,9.4,,7.4  8.1,78,476,1.0,1.0,0.00,0.00,,,,
2023,3109,"RIVER NOA DIHING AT NAMSAI, (D/S OF DIHING)",ARUNACHAL PRADESH,"Tributary Streams - Burhidihing, Dhansiri, Bharalu, Dikrong, Gai Nadi, Digaru, Digboi, Dikhow, Kaljani, Gabharu, Tocklai, Tunia, Larsing, Dhateshwari, Demow, Borsila, Barak, Dibang, Dihing, Senki, Dorika, Subansiri, Siang, Baralia, Tihu, Singra, Damring, Manda, Dikchu, Dzu, Kha Ru, Dzucha, Torsa, Beki, Bereng, Bhogdoi, Jhanji, Jia Bharali, Sankosh, Sanuo Ru, Boginadi, Rilang, Myntang, Tlawng, Tuirial, Serlui, Vaipuanpho, Tuikual, Sakhisih, Damdiai, Chite, Tuirini, Tuivawl, Lawibual, Challui, Mat, Siakah, Chhimtuipui, Tuikum, Sesah, Phe, Teirei, Tut, Tuichhuahen, Tiau, Tuipui, Nongal, Simsang, Ganol, Damring, Waikhrwi, Kwai, Teirei, Khawthlangtuipui, Ngengpui Stream, Vantawng, Sderkariah, Laitryngew, Wahkhlek Khlek, Wahrew, Umngi, Rwiang, Kalipai, Kmai Um, Lukha, Myntdu, Lamu, Lynriang, Thlu Umwi, Simsang, Teesta, Sonai, Ranganadi, Rangit, Ranichu, Kapili, Karola, Kathakal, Kharsang, Kohora, Kolong, Kundli, Kushiara, Manu, Nonbah, Kynshi, Wah Blei, Lohit, Manas, Maney Khola, Ganol Tura, Milak, Namchik, Noa Dihing, Pachin, Pagldia, Panchnoi, Poma, Yomgo And Mora -",NOA DIHING,19.0,26.9,6.6,8.7,,7.6  8.4,83,313,1.0,2.2,0.00,0.00,,,,
2023,3103,"RIVER PACHIN AT NAHARLAGUN (BELOW BARAPANI BRIDGE), (D/S OF RIVER SENKI)",ARUNACHAL PRADESH,"Tributary Streams - Burhidihing, Dhansiri, Bharalu, Dikrong, Gai Nadi, Digaru, Digboi, Dikhow, Kaljani, Gabharu, Tocklai, Tunia, Larsing, Dhateshwari, Demow, Borsila, Barak, Dibang, Dihing, Senki, Dorika, Subansiri, Siang, Baralia, Tihu, Singra, Damring, Manda, Dikchu, Dzu, Kha Ru, Dzucha, Torsa, Beki, Bereng, Bhogdoi, Jhanji, Jia Bharali, Sankosh, Sanuo Ru, Boginadi, Rilang, Myntang, Tlawng, Tuirial, Serlui, Vaipuanpho, Tuikual, Sakhisih, Damdiai, Chite, Tuirini, Tuivawl, Lawibual, Challui, Mat, Siakah, Chhimtuipui, Tuikum, Sesah, Phe, Teirei, Tut, Tuichhuahen, Tiau, Tuipui, Nongal, Simsang, Ganol, Damring, Waikhrwi, Kwai, Teirei, Khawthlangtuipui, Ngengpui Stream, Vantawng, Sderkariah, Laitryngew, Wahkhlek Khlek, Wahrew, Umngi, Rwiang, Kalipai, Kmai Um, Lukha, Myntdu, Lamu, Lynriang, Thlu Umwi, Simsang, Teesta, Sonai, Ranganadi, Rangit, Ranichu, Kapili, Karola, Kathakal, Kharsang, Kohora, Kolong, Kundli, Kushiara, Manu, Nonbah, Kynshi, Wah Blei, Lohit, Manas, Maney Khola, Ganol Tura, Milak, Namchik, Noa Dihing, Pachin, Pagldia, Panchnoi, Poma, Yomgo And Mora -",PACHIN,21.6,34.2,6.0,9.2,,7.1  7.9,67,193,1.0,2.8,0.00,0.00,,,,
2023,2065,"RIVER PAGLDIA NEAR NALBARI TOWN, DIST. NALBARI, ASSAM",ASSAM,"Tributary Streams - Burhidihing, Dhansiri, Bharalu, Dikrong, Gai Nadi, Digaru, Digboi, Dikhow, Kaljani, Gabharu, Tocklai, Tunia, Larsing, Dhateshwari, Demow, Borsila, Barak, Dibang, Dihing, Senki, Dorika, Subansiri, Siang, Baralia, Tihu, Singra, Damring, Manda, Dikchu, Dzu, Kha Ru, Dzucha, Torsa, Beki, Bereng, Bhogdoi, Jhanji, Jia Bharali, Sankosh, Sanuo Ru, Boginadi, Rilang, Myntang, Tlawng, Tuirial, Serlui, Vaipuanpho, Tuikual, Sakhisih, Damdiai, Chite, Tuirini, Tuivawl, Lawibual, Challui, Mat, Siakah, Chhimtuipui, Tuikum, Sesah, Phe, Teirei, Tut, Tuichhuahen, Tiau, Tuipui, Nongal, Simsang, Ganol, Damring, Waikhrwi, Kwai, Teirei, Khawthlangtuipui, Ngengpui Stream, Vantawng, Sderkariah, Laitryngew, Wahkhlek Khlek, Wahrew, Umngi, Rwiang, Kalipai, Kmai Um, Lukha, Myntdu, Lamu, Lynriang, Thlu Umwi, Simsang, Teesta, Sonai, Ranganadi, Rangit, Ranichu, Kapili, Karola, Kathakal, Kharsang, Kohora, Kolong, Kundli, Kushiara, Manu, Nonbah, Kynshi, Wah Blei, Lohit, Manas, Maney Khola, Ganol Tura, Milak, Namchik, Noa Dihing, Pachin, Pagldia, Panchnoi, Poma, Yomgo And Mora -",PAGLDIA,22.0,33.0,5.8,8.1,,7.0  8.0,142,230,2.0,2.8,0.60,1.80,610,1500,1100,2100
2023,2235,"RIVER PANCHNOI AT NH-52 CROSSING, ORANG, ASSAM",ASSAM,"Tributary Streams - Burhidihing, Dhansiri, Bharalu, Dikrong, Gai Nadi, Digaru, Digboi, Dikhow, Kaljani, Gabharu, Tocklai, Tunia, Larsing, Dhateshwari, Demow, Borsila, Barak, Dibang, Dihing, Senki, Dorika, Subansiri, Siang, Baralia, Tihu, Singra, Damring, Manda, Dikchu, Dzu, Kha Ru, Dzucha, Torsa, Beki, Bereng, Bhogdoi, Jhanji, Jia Bharali, Sankosh, Sanuo Ru, Boginadi, Rilang, Myntang, Tlawng, Tuirial, Serlui, Vaipuanpho, Tuikual, Sakhisih, Damdiai, Chite, Tuirini, Tuivawl, Lawibual, Challui, Mat, Siakah, Chhimtuipui, Tuikum, Sesah, Phe, Teirei, Tut, Tuichhuahen, Tiau, Tuipui, Nongal, Simsang, Ganol, Damring, Waikhrwi, Kwai, Teirei, Khawthlangtuipui, Ngengpui Stream, Vantawng, Sderkariah, Laitryngew, Wahkhlek Khlek, Wahrew, Umngi, Rwiang, Kalipai, Kmai Um, Lukha, Myntdu, Lamu, Lynriang, Thlu Umwi, Simsang, Teesta, Sonai, Ranganadi, Rangit, Ranichu, Kapili, Karola, Kathakal, Kharsang, Kohora, Kolong, Kundli, Kushiara, Manu, Nonbah, Kynshi, Wah Blei, Lohit, Manas, Maney Khola, Ganol Tura, Milak, Namchik, Noa Dihing, Pachin, Pagldia, Panchnoi, Poma, Yomgo And Mora -",PANCHNOI,16.0,28.0,5.0,6.2,,6.8  7.2,102,144,2.2,2.7,0.80,1.70,620,940,1300,2100
2023,1531,"RIVER MORA BHARALI AT TEZPUR, ASSAM",ASSAM,"Tributary Streams - Burhidihing, Dhansiri, Bharalu, Dikrong, Gai Nadi, Digaru, Digboi, Dikhow, Kaljani, Gabharu, Tocklai, Tunia, Larsing, Dhateshwari, Demow, Borsila, Barak, Dibang, Dihing, Senki, Dorika, Subansiri, Siang, Baralia, Tihu, Singra, Damring, Manda, Dikchu, Dzu, Kha Ru, Dzucha, Torsa, Beki, Bereng, Bhogdoi, Jhanji, Jia Bharali, Sankosh, Sanuo Ru, Boginadi, Rilang, Myntang, Tlawng, Tuirial, Serlui, Vaipuanpho, Tuikual, Sakhisih, Damdiai, Chite, Tuirini, Tuivawl, Lawibual, Challui, Mat, Siakah, Chhimtuipui, Tuikum, Sesah, Phe, Teirei, Tut, Tuichhuahen, Tiau, Tuipui, Nongal, Simsang, Ganol, Damring, Waikhrwi, Kwai, Teirei, Khawthlangtuipui, Ngengpui Stream, Vantawng, Sderkariah, Laitryngew, Wahkhlek Khlek, Wahrew, Umngi, Rwiang, Kalipai, Kmai Um, Lukha, Myntdu, Lamu, Lynriang, Thlu Umwi, Simsang, Teesta, Sonai, Ranganadi, Rangit, Ranichu, Kapili, Karola, Kathakal, Kharsang, Kohora, Kolong, Kundli, Kushiara, Manu, Nonbah, Kynshi, Wah Blei, Lohit, Manas, Maney Khola, Ganol Tura, Milak, Namchik, Noa Dihing, Pachin, Pagldia, Panchnoi, Poma, Yomgo And Mora -",MORA BHARALI,19.0,30.0,3.8,5.4,,6.9  7.4,148,242,3.0,3.3,0.90,2.00,360,940,1100,2000
2023,1929,"RIVER CHATHE NEAR ICAR, MEDZIPHEMA",NAGALAND,"Tributary Streams - Burhidihing, Dhansiri, Bharalu, Dikrong, Gai Nadi, Digaru, Digboi, Dikhow, Kaljani, Gabharu, Tocklai, Tunia, Larsing, Dhateshwari, Demow, Borsila, Barak, Dibang, Dihing, Senki, Dorika, Subansiri, Siang, Baralia, Tihu, Singra, Damring, Manda, Dikchu, Dzu, Kha Ru, Dzucha, Torsa, Beki, Bereng, Bhogdoi, Jhanji, Jia Bharali, Sankosh, Sanuo Ru, Boginadi, Rilang, Myntang, Tlawng, Tuirial, Serlui, Vaipuanpho, Tuikual, Sakhisih, Damdiai, Chite, Tuirini, Tuivawl, Lawibual, Challui, Mat, Siakah, Chhimtuipui, Tuikum, Sesah, Phe, Teirei, Tut, Tuichhuahen, Tiau, Tuipui, Nongal, Simsang, Ganol, Damring, Waikhrwi, Kwai, Teirei, Khawthlangtuipui, Ngengpui Stream, Vantawng, Sderkariah, Laitryngew, Wahkhlek Khlek, Wahrew, Umngi, Rwiang, Kalipai, Kmai Um, Lukha, Myntdu, Lamu, Lynriang, Thlu Umwi, Simsang, Teesta, Sonai, Ranganadi, Rangit, Ranichu, Kapili, Karola, Kathakal, Kharsang, Kohora, Kolong, Kundli, Kushiara, Manu, Nonbah, Kynshi, Wah Blei, Lohit, Manas, Maney Khola, Ganol Tura, Milak, Namchik, Noa Dihing, Pachin, Pagldia, Panchnoi, Poma, Yomgo And Mora -",CHATHE,17.2,31.4,6.6,8.0,,6.5  8.9,85,232,1.2,1.8,0.40,1.80,,,,
2023,1930,RIVER DZU AT DZU BRIDGE,NAGALAND,"Tributary Streams - Burhidihing, Dhansiri, Bharalu, Dikrong, Gai Nadi, Digaru, Digboi, Dikhow, Kaljani, Gabharu, Tocklai, Tunia, Larsing, Dhateshwari, Demow, Borsila, Barak, Dibang, Dihing, Senki, Dorika, Subansiri, Siang, Baralia, Tihu, Singra, Damring, Manda, Dikchu, Dzu, Kha Ru, Dzucha, Torsa, Beki, Bereng, Bhogdoi, Jhanji, Jia Bharali, Sankosh, Sanuo Ru, Boginadi, Rilang, Myntang, Tlawng, Tuirial, Serlui, Vaipuanpho, Tuikual, Sakhisih, Damdiai, Chite, Tuirini, Tuivawl, Lawibual, Challui, Mat, Siakah, Chhimtuipui, Tuikum, Sesah, Phe, Teirei, Tut, Tuichhuahen, Tiau, Tuipui, Nongal, Simsang, Ganol, Damring, Waikhrwi, Kwai, Teirei, Khawthlangtuipui, Ngengpui Stream, Vantawng, Sderkariah, Laitryngew, Wahkhlek Khlek, Wahrew, Umngi, Rwiang, Kalipai, Kmai Um, Lukha, Myntdu, Lamu, Lynriang, Thlu Umwi, Simsang, Teesta, Sonai, Ranganadi, Rangit, Ranichu, Kapili, Karola, Kathakal, Kharsang, Kohora, Kolong, Kundli, Kushiara, Manu, Nonbah, Kynshi, Wah Blei, Lohit, Manas, Maney Khola, Ganol Tura, Milak, Namchik, Noa Dihing, Pachin, Pagldia, Panchnoi, Poma, Yomgo And Mora -",DZU,20.4,32.2,6.1,8.6,,6.6  8.6,95,760,1.4,2.0,0.50,2.10,,,,
2023,1232,"RIVER MAHI (D/S) CONF WITH R. CHAP (UNDER SAGWARA-SARHI RD. BDG.), RAJASTHAN",RAJASTHAN,"Tributary Streams - Burhidihing, Dhansiri, Bharalu, Dikrong, Gai Nadi, Digaru, Digboi, Dikhow, Kaljani, Gabharu, Tocklai, Tunia, Larsing, Dhateshwari, Demow, Borsila, Barak, Dibang, Dihing, Senki, Dorika, Subansiri, Siang, Baralia, Tihu, Singra, Damring, Manda, Dikchu, Dzu, Kha Ru, Dzucha, Torsa, Beki, Bereng, Bhogdoi, Jhanji, Jia Bharali, Sankosh, Sanuo Ru, Boginadi, Rilang, Myntang, Tlawng, Tuirial, Serlui, Vaipuanpho, Tuikual, Sakhisih, Damdiai, Chite, Tuirini, Tuivawl, Lawibual, Challui, Mat, Siakah, Chhimtuipui, Tuikum, Sesah, Phe, Teirei, Tut, Tuichhuahen, Tiau, Tuipui, Nongal, Simsang, Ganol, Damring, Waikhrwi, Kwai, Teirei, Khawthlangtuipui, Ngengpui Stream, Vantawng, Sderkariah, Laitryngew, Wahkhlek Khlek, Wahrew, Umngi, Rwiang, Kalipai, Kmai Um, Lukha, Myntdu, Lamu, Lynriang, Thlu Umwi, Simsang, Teesta, Sonai, Ranganadi, Rangit, Ranichu, Kapili, Karola, Kathakal, Kharsang, Kohora, Kolong, Kundli, Kushiara, Manu, Nonbah, Kynshi, Wah Blei, Lohit, Manas, Maney Khola, Ganol Tura, Milak, Namchik, Noa Dihing, Pachin, Pagldia, Panchnoi, Poma, Yomgo And Mora -",,24.0,30.0,4.8,5.9,,7.2  7.9,367,797,1.7,2.8,1.22,2.82,70,120,110,170
2023,30061,"RIVER MAHI AT GAMMON BRIDGE NEAR PADLA CHOWKI, BANSWARA (MP & RJASTHAN)",RAJASTHAN,"Tributary Streams - Burhidihing, Dhansiri, Bharalu, Dikrong, Gai Nadi, Digaru, Digboi, Dikhow, Kaljani, Gabharu, Tocklai, Tunia, Larsing, Dhateshwari, Demow, Borsila, Barak, Dibang, Dihing, Senki, Dorika, Subansiri, Siang, Baralia, Tihu, Singra, Damring, Manda, Dikchu, Dzu, Kha Ru, Dzucha, Torsa, Beki, Bereng, Bhogdoi, Jhanji, Jia Bharali, Sankosh, Sanuo Ru, Boginadi, Rilang, Myntang, Tlawng, Tuirial, Serlui, Vaipuanpho, Tuikual, Sakhisih, Damdiai, Chite, Tuirini, Tuivawl, Lawibual, Challui, Mat, Siakah, Chhimtuipui, Tuikum, Sesah, Phe, Teirei, Tut, Tuichhuahen, Tiau, Tuipui, Nongal, Simsang, Ganol, Damring, Waikhrwi, Kwai, Teirei, Khawthlangtuipui, Ngengpui Stream, Vantawng, Sderkariah, Laitryngew, Wahkhlek Khlek, Wahrew, Umngi, Rwiang, Kalipai, Kmai Um, Lukha, Myntdu, Lamu, Lynriang, Thlu Umwi, Simsang, Teesta, Sonai, Ranganadi, Rangit, Ranichu, Kapili, Karola, Kathakal, Kharsang, Kohora, Kolong, Kundli, Kushiara, Manu, Nonbah, Kynshi, Wah Blei, Lohit, Manas, Maney Khola, Ganol Tura, Milak, Namchik, Noa Dihing, Pachin, Pagldia, Panchnoi, Poma, Yomgo And Mora -",MAHI,21.0,30.0,8.1,9.5,,7.1  8.2,182,351,2.0,2.5,0.32,0.50,2,10,63,170
2023,1229,"RIVER MAHI NEAR RAJASTHAN BORDER AT KADANA DAM,",GUJARAT,"Tributary Streams - Burhidihing, Dhansiri, Bharalu, Dikrong, Gai Nadi, Digaru, Digboi, Dikhow, Kaljani, Gabharu, Tocklai, Tunia, Larsing, Dhateshwari, Demow, Borsila, Barak, Dibang, Dihing, Senki, Dorika, Subansiri, Siang, Baralia, Tihu, Singra, Damring, Manda, Dikchu, Dzu, Kha Ru, Dzucha, Torsa, Beki, Bereng, Bhogdoi, Jhanji, Jia Bharali, Sankosh, Sanuo Ru, Boginadi, Rilang, Myntang, Tlawng, Tuirial, Serlui, Vaipuanpho, Tuikual, Sakhisih, Damdiai, Chite, Tuirini, Tuivawl, Lawibual, Challui, Mat, Siakah, Chhimtuipui, Tuikum, Sesah, Phe, Teirei, Tut, Tuichhuahen, Tiau, Tuipui, Nongal, Simsang, Ganol, Damring, Waikhrwi, Kwai, Teirei, Khawthlangtuipui, Ngengpui Stream, Vantawng, Sderkariah, Laitryngew, Wahkhlek Khlek, Wahrew, Umngi, Rwiang, Kalipai, Kmai Um, Lukha, Myntdu, Lamu, Lynriang, Thlu Umwi, Simsang, Teesta, Sonai, Ranganadi, Rangit, Ranichu, Kapili, Karola, Kathakal, Kharsang, Kohora, Kolong, Kundli, Kushiara, Manu, Nonbah, Kynshi, Wah Blei, Lohit, Manas, Maney Khola, Ganol Tura, Milak, Namchik, Noa Dihing, Pachin, Pagldia, Panchnoi, Poma, Yomgo And Mora -",MAHI,24.0,29.0,7.5,8.2,,7.9  8.5,281,476,1.0,1.0,0.32,0.75,2,11,4,33
2023,1230,"RIVER MAHI AFTER CONF. WITH ANAS AT PARDI (BANASWADA),",GUJARAT,"Tributary Streams - Burhidihing, Dhansiri, Bharalu, Dikrong, Gai Nadi, Digaru, Digboi, Dikhow, Kaljani, Gabharu, Tocklai, Tunia, Larsing, Dhateshwari, Demow, Borsila, Barak, Dibang, Dihing, Senki, Dorika, Subansiri, Siang, Baralia, Tihu, Singra, Damring, Manda, Dikchu, Dzu, Kha Ru, Dzucha, Torsa, Beki, Bereng, Bhogdoi, Jhanji, Jia Bharali, Sankosh, Sanuo Ru, Boginadi, Rilang, Myntang, Tlawng, Tuirial, Serlui, Vaipuanpho, Tuikual, Sakhisih, Damdiai, Chite, Tuirini, Tuivawl, Lawibual, Challui, Mat, Siakah, Chhimtuipui, Tuikum, Sesah, Phe, Teirei, Tut, Tuichhuahen, Tiau, Tuipui, Nongal, Simsang, Ganol, Damring, Waikhrwi, Kwai, Teirei, Khawthlangtuipui, Ngengpui Stream, Vantawng, Sderkariah, Laitryngew, Wahkhlek Khlek, Wahrew, Umngi, Rwiang, Kalipai, Kmai Um, Lukha, Myntdu, Lamu, Lynriang, Thlu Umwi, Simsang, Teesta, Sonai, Ranganadi, Rangit, Ranichu, Kapili, Karola, Kathakal, Kharsang, Kohora, Kolong, Kundli, Kushiara, Manu, Nonbah, Kynshi, Wah Blei, Lohit, Manas, Maney Khola, Ganol Tura, Milak, Namchik, Noa Dihing, Pachin, Pagldia, Panchnoi, Poma, Yomgo And Mora -",ANAS,24.0,29.0,7.4,8.2,,7.9  8.5,261,469,1.0,1.0,0.54,0.82,2,7,13,21
2023,1231,"RIVER MAHI AT VIRPUR,",GUJARAT,"Tributary Streams - Burhidihing, Dhansiri, Bharalu, Dikrong, Gai Nadi, Digaru, Digboi, Dikhow, Kaljani, Gabharu, Tocklai, Tunia, Larsing, Dhateshwari, Demow, Borsila, Barak, Dibang, Dihing, Senki, Dorika, Subansiri, Siang, Baralia, Tihu, Singra, Damring, Manda, Dikchu, Dzu, Kha Ru, Dzucha, Torsa, Beki, Bereng, Bhogdoi, Jhanji, Jia Bharali, Sankosh, Sanuo Ru, Boginadi, Rilang, Myntang, Tlawng, Tuirial, Serlui, Vaipuanpho, Tuikual, Sakhisih, Damdiai, Chite, Tuirini, Tuivawl, Lawibual, Challui, Mat, Siakah, Chhimtuipui, Tuikum, Sesah, Phe, Teirei, Tut, Tuichhuahen, Tiau, Tuipui, Nongal, Simsang, Ganol, Damring, Waikhrwi, Kwai, Teirei, Khawthlangtuipui, Ngengpui Stream, Vantawng, Sderkariah, Laitryngew, Wahkhlek Khlek, Wahrew, Umngi, Rwiang, Kalipai, Kmai Um, Lukha, Myntdu, Lamu, Lynriang, Thlu Umwi, Simsang, Teesta, Sonai, Ranganadi, Rangit, Ranichu, Kapili, Karola, Kathakal, Kharsang, Kohora, Kolong, Kundli, Kushiara, Manu, Nonbah, Kynshi, Wah Blei, Lohit, Manas, Maney Khola, Ganol Tura, Milak, Namchik, Noa Dihing, Pachin, Pagldia, Panchnoi, Poma, Yomgo And Mora -",MAHI,24.0,29.5,7.5,8.2,,7.9  8.5,278,465,1.0,1.0,0.94,1.25,2,11,14,50
2023,1863,RIVER MAHI AT UMETA BRIDGE,GUJARAT,"Tributary Streams - Burhidihing, Dhansiri, Bharalu, Dikrong, Gai Nadi, Digaru, Digboi, Dikhow, Kaljani, Gabharu, Tocklai, Tunia, Larsing, Dhateshwari, Demow, Borsila, Barak, Dibang, Dihing, Senki, Dorika, Subansiri, Siang, Baralia, Tihu, Singra, Damring, Manda, Dikchu, Dzu, Kha Ru, Dzucha, Torsa, Beki, Bereng, Bhogdoi, Jhanji, Jia Bharali, Sankosh, Sanuo Ru, Boginadi, Rilang, Myntang, Tlawng, Tuirial, Serlui, Vaipuanpho, Tuikual, Sakhisih, Damdiai, Chite, Tuirini, Tuivawl, Lawibual, Challui, Mat, Siakah, Chhimtuipui, Tuikum, Sesah, Phe, Teirei, Tut, Tuichhuahen, Tiau, Tuipui, Nongal, Simsang, Ganol, Damring, Waikhrwi, Kwai, Teirei, Khawthlangtuipui, Ngengpui Stream, Vantawng, Sderkariah, Laitryngew, Wahkhlek Khlek, Wahrew, Umngi, Rwiang, Kalipai, Kmai Um, Lukha, Myntdu, Lamu, Lynriang, Thlu Umwi, Simsang, Teesta, Sonai, Ranganadi, Rangit, Ranichu, Kapili, Karola, Kathakal, Kharsang, Kohora, Kolong, Kundli, Kushiara, Manu, Nonbah, Kynshi, Wah Blei, Lohit, Manas, Maney Khola, Ganol Tura, Milak, Namchik, Noa Dihing, Pachin, Pagldia, Panchnoi, Poma, Yomgo And Mora -",MAHI,24.0,33.0,7.5,8.2,,7.6  8.5,312,663,1.0,1.0,0.44,1.06,4,17,22,70
2023,1864,RIVER MAHI AT MUJPUR,GUJARAT,"Tributary Streams - Burhidihing, Dhansiri, Bharalu, Dikrong, Gai Nadi, Digaru, Digboi, Dikhow, Kaljani, Gabharu, Tocklai, Tunia, Larsing, Dhateshwari, Demow, Borsila, Barak, Dibang, Dihing, Senki, Dorika, Subansiri, Siang, Baralia, Tihu, Singra, Damring, Manda, Dikchu, Dzu, Kha Ru, Dzucha, Torsa, Beki, Bereng, Bhogdoi, Jhanji, Jia Bharali, Sankosh, Sanuo Ru, Boginadi, Rilang, Myntang, Tlawng, Tuirial, Serlui, Vaipuanpho, Tuikual, Sakhisih, Damdiai, Chite, Tuirini, Tuivawl, Lawibual, Challui, Mat, Siakah, Chhimtuipui, Tuikum, Sesah, Phe, Teirei, Tut, Tuichhuahen, Tiau, Tuipui, Nongal, Simsang, Ganol, Damring, Waikhrwi, Kwai, Teirei, Khawthlangtuipui, Ngengpui Stream, Vantawng, Sderkariah, Laitryngew, Wahkhlek Khlek, Wahrew, Umngi, Rwiang, Kalipai, Kmai Um, Lukha, Myntdu, Lamu, Lynriang, Thlu Umwi, Simsang, Teesta, Sonai, Ranganadi, Rangit, Ranichu, Kapili, Karola, Kathakal, Kharsang, Kohora, Kolong, Kundli, Kushiara, Manu, Nonbah, Kynshi, Wah Blei, Lohit, Manas, Maney Khola, Ganol Tura, Milak, Namchik, Noa Dihing, Pachin, Pagldia, Panchnoi, Poma, Yomgo And Mora -",MAHI,27.0,32.0,6.7,8.2,,8.4  8.7,326,,1440  1.0,1.2,0.32,1.24,14,80,63,350
2023,3206,RIVER MAHI AT SHERKHI BRIDGESINDHROT BRIDGE-VADODARA,GUJARAT,"Tributary Streams - Burhidihing, Dhansiri, Bharalu, Dikrong, Gai Nadi, Digaru, Digboi, Dikhow, Kaljani, Gabharu, Tocklai, Tunia, Larsing, Dhateshwari, Demow, Borsila, Barak, Dibang, Dihing, Senki, Dorika, Subansiri, Siang, Baralia, Tihu, Singra, Damring, Manda, Dikchu, Dzu, Kha Ru, Dzucha, Torsa, Beki, Bereng, Bhogdoi, Jhanji, Jia Bharali, Sankosh, Sanuo Ru, Boginadi, Rilang, Myntang, Tlawng, Tuirial, Serlui, Vaipuanpho, Tuikual, Sakhisih, Damdiai, Chite, Tuirini, Tuivawl, Lawibual, Challui, Mat, Siakah, Chhimtuipui, Tuikum, Sesah, Phe, Teirei, Tut, Tuichhuahen, Tiau, Tuipui, Nongal, Simsang, Ganol, Damring, Waikhrwi, Kwai, Teirei, Khawthlangtuipui, Ngengpui Stream, Vantawng, Sderkariah, Laitryngew, Wahkhlek Khlek, Wahrew, Umngi, Rwiang, Kalipai, Kmai Um, Lukha, Myntdu, Lamu, Lynriang, Thlu Umwi, Simsang, Teesta, Sonai, Ranganadi, Rangit, Ranichu, Kapili, Karola, Kathakal, Kharsang, Kohora, Kolong, Kundli, Kushiara, Manu, Nonbah, Kynshi, Wah Blei, Lohit, Manas, Maney Khola, Ganol Tura, Milak, Namchik, Noa Dihing, Pachin, Pagldia, Panchnoi, Poma, Yomgo And Mora -",MAHI,22.0,32.0,7.4,8.0,,8.0  8.6,318,,1550  1.0,1.0,1.02,1.31,4,30,17,70
2023,4415,RIVER MAHI AT DODKAVILLAGE : PRATHAMPURA,GUJARAT,"Tributary Streams - Burhidihing, Dhansiri, Bharalu, Dikrong, Gai Nadi, Digaru, Digboi, Dikhow, Kaljani, Gabharu, Tocklai, Tunia, Larsing, Dhateshwari, Demow, Borsila, Barak, Dibang, Dihing, Senki, Dorika, Subansiri, Siang, Baralia, Tihu, Singra, Damring, Manda, Dikchu, Dzu, Kha Ru, Dzucha, Torsa, Beki, Bereng, Bhogdoi, Jhanji, Jia Bharali, Sankosh, Sanuo Ru, Boginadi, Rilang, Myntang, Tlawng, Tuirial, Serlui, Vaipuanpho, Tuikual, Sakhisih, Damdiai, Chite, Tuirini, Tuivawl, Lawibual, Challui, Mat, Siakah, Chhimtuipui, Tuikum, Sesah, Phe, Teirei, Tut, Tuichhuahen, Tiau, Tuipui, Nongal, Simsang, Ganol, Damring, Waikhrwi, Kwai, Teirei, Khawthlangtuipui, Ngengpui Stream, Vantawng, Sderkariah, Laitryngew, Wahkhlek Khlek, Wahrew, Umngi, Rwiang, Kalipai, Kmai Um, Lukha, Myntdu, Lamu, Lynriang, Thlu Umwi, Simsang, Teesta, Sonai, Ranganadi, Rangit, Ranichu, Kapili, Karola, Kathakal, Kharsang, Kohora, Kolong, Kundli, Kushiara, Manu, Nonbah, Kynshi, Wah Blei, Lohit, Manas, Maney Khola, Ganol Tura, Milak, Namchik, Noa Dihing, Pachin, Pagldia, Panchnoi, Poma, Yomgo And Mora -",MAHI,22.0,30.0,7.5,8.5,,8.1  8.5,307,554,1.0,1.0,0.82,1.36,4,30,21,70
2023,30050,"RIVER MAHI ABOUT 500 METERS D/S OF KADANA DAM NEAR BRIDGE, PANCHMAHAL, GUJARAT (RAJASTHAN AND GUJARAT)",GUJARAT,"Tributary Streams - Burhidihing, Dhansiri, Bharalu, Dikrong, Gai Nadi, Digaru, Digboi, Dikhow, Kaljani, Gabharu, Tocklai, Tunia, Larsing, Dhateshwari, Demow, Borsila, Barak, Dibang, Dihing, Senki, Dorika, Subansiri, Siang, Baralia, Tihu, Singra, Damring, Manda, Dikchu, Dzu, Kha Ru, Dzucha, Torsa, Beki, Bereng, Bhogdoi, Jhanji, Jia Bharali, Sankosh, Sanuo Ru, Boginadi, Rilang, Myntang, Tlawng, Tuirial, Serlui, Vaipuanpho, Tuikual, Sakhisih, Damdiai, Chite, Tuirini, Tuivawl, Lawibual, Challui, Mat, Siakah, Chhimtuipui, Tuikum, Sesah, Phe, Teirei, Tut, Tuichhuahen, Tiau, Tuipui, Nongal, Simsang, Ganol, Damring, Waikhrwi, Kwai, Teirei, Khawthlangtuipui, Ngengpui Stream, Vantawng, Sderkariah, Laitryngew, Wahkhlek Khlek, Wahrew, Umngi, Rwiang, Kalipai, Kmai Um, Lukha, Myntdu, Lamu, Lynriang, Thlu Umwi, Simsang, Teesta, Sonai, Ranganadi, Rangit, Ranichu, Kapili, Karola, Kathakal, Kharsang, Kohora, Kolong, Kundli, Kushiara, Manu, Nonbah, Kynshi, Wah Blei, Lohit, Manas, Maney Khola, Ganol Tura, Milak, Namchik, Noa Dihing, Pachin, Pagldia, Panchnoi, Poma, Yomgo And Mora -",METERS,29.0,29.0,4.9,4.9,,7.9  7.9,400,400,1.3,1.3,0.32,0.32,170,170,340,340
2023,1233,"RIVER MAHI AT BADNAWAR, M.P.",MADHYA PRADESH,"Tributary Streams - Burhidihing, Dhansiri, Bharalu, Dikrong, Gai Nadi, Digaru, Digboi, Dikhow, Kaljani, Gabharu, Tocklai, Tunia, Larsing, Dhateshwari, Demow, Borsila, Barak, Dibang, Dihing, Senki, Dorika, Subansiri, Siang, Baralia, Tihu, Singra, Damring, Manda, Dikchu, Dzu, Kha Ru, Dzucha, Torsa, Beki, Bereng, Bhogdoi, Jhanji, Jia Bharali, Sankosh, Sanuo Ru, Boginadi, Rilang, Myntang, Tlawng, Tuirial, Serlui, Vaipuanpho, Tuikual, Sakhisih, Damdiai, Chite, Tuirini, Tuivawl, Lawibual, Challui, Mat, Siakah, Chhimtuipui, Tuikum, Sesah, Phe, Teirei, Tut, Tuichhuahen, Tiau, Tuipui, Nongal, Simsang, Ganol, Damring, Waikhrwi, Kwai, Teirei, Khawthlangtuipui, Ngengpui Stream, Vantawng, Sderkariah, Laitryngew, Wahkhlek Khlek, Wahrew, Umngi, Rwiang, Kalipai, Kmai Um, Lukha, Myntdu, Lamu, Lynriang, Thlu Umwi, Simsang, Teesta, Sonai, Ranganadi, Rangit, Ranichu, Kapili, Karola, Kathakal, Kharsang, Kohora, Kolong, Kundli, Kushiara, Manu, Nonbah, Kynshi, Wah Blei, Lohit, Manas, Maney Khola, Ganol Tura, Milak, Namchik, Noa Dihing, Pachin, Pagldia, Panchnoi, Poma, Yomgo And Mora -",MAHI,20.0,22.0,7.0,7.8,,7.1  8.4,274,603,1.0,1.4,0.80,1.59,2,2,40,49
2023,3318,"RIVER MAHI AT RANISINGH VILLAGE, RATLAM, UJJAIN",MADHYA PRADESH,"Tributary Streams - Anas, Malei, Panam, Shivna, Chillar, Jammer And Ajab Bourali -",MAHI,21.0,29.0,7.0,7.5,,7.6  7.9,270,390,1.6,2.0,0.32,1.01,2,2,46,48
2023,4608,RIVER MAHI FOREST GUEST HOUSE RAJAPUR MATAJI SHIVGARH RATLAM.,MADHYA PRADESH,"Tributary Streams - Anas, Malei, Panam, Shivna, Chillar, Jammer And Ajab Bourali -",,20.0,29.0,7.2,7.6,,7.5  8.5,224,476,1.6,2.0,0.32,0.75,2,2,46,49
2023,30058,RIVER MAHI AT VILLAGE BAJNA (MP & RJASTHAN),MADHYA PRADESH,"Tributary Streams - Anas, Malei, Panam, Shivna, Chillar, Jammer And Ajab Bourali -",MAHI,22.0,26.0,8.4,8.9,,7.4  8.2,162,355,2.0,2.3,0.32,0.92,2,12,130,150
2023,3848,RIVER ANAS RIVER NEAR ROAD BRIDGE JHABUA,MADHYA PRADESH,"Tributary Streams - Anas, Malei, Panam, Shivna, Chillar, Jammer And Ajab Bourali -",ANAS RIVER,20.0,22.0,6.9,7.6,,7.0  8.5,302,445,1.0,1.8,0.73,1.55,2,2,2,49
2023,1228,"RIVER ANAS AT DAHOD, (KUSHALGARH), DIST. PANCHMAHAL",GUJARAT,"Tributary Streams - Anas, Malei, Panam, Shivna, Chillar, Jammer And Ajab Bourali -",ANAS,24.0,29.0,7.4,8.2,,8.1  8.5,295,572,1.0,1.0,0.32,0.44,2,14,11,70
2023,2104,RIVER MALEI AT JAORA,MADHYA PRADESH,"Tributary Streams - Anas, Malei, Panam, Shivna, Chillar, Jammer And Ajab Bourali -",MALEI,22.0,28.0,7.1,7.5,,6.9  8.2,260,868,1.8,2.1,0.32,2.96,2,2,41,49
2023,2102,"RIVER SHIVNA AT RAMGHAT, MANDSAUR",MADHYA PRADESH,"Tributary Streams - Anas, Malei, Panam, Shivna, Chillar, Jammer And Ajab Bourali -",SHIVNA,24.0,28.0,7.4,7.7,,7.4  8.1,266,637,2.0,2.0,0.32,0.93,2,2,48,49
2023,1227,"RIVER PANAM AT LUNAWADA,",GUJARAT,"Tributary Streams - Anas, Malei, Panam, Shivna, Chillar, Jammer And Ajab Bourali -",PANAM,24.0,30.0,7.4,8.2,,8.0  8.5,231,477,1.0,1.0,0.32,0.38,2,9,11,50
2023,2105,RIVER CHILLAR AT SHAJAPUR,MADHYA PRADESH,"Tributary Streams - Anas, Malei, Panam, Shivna, Chillar, Jammer And Ajab Bourali -",CHILLAR,23.0,28.0,6.7,7.5,,7.3  7.9,252,450,1.6,2.0,0.32,0.90,2,2,47,49
2023,2103,"RIVER JAMMER AT DHOLABAD, RATLAM",MADHYA PRADESH,"Tributary Streams - Anas, Malei, Panam, Shivna, Chillar, Jammer And Ajab Bourali -",JAMMER,20.0,29.0,7.0,7.6,,7.4  7.7,130,375,1.4,2.0,0.32,0.98,2,2,46,49
2023,5476,"RIVER MAHI AT MAHI DAM,VILLAGE-BHOR KHERA ,BANSWARA",RAJASTHAN,"Tributary Streams - Anas, Malei, Panam, Shivna, Chillar, Jammer And Ajab Bourali -",MAHI,27.0,29.0,4.0,5.4,,7.4  7.6,280,542,2.1,2.6,5.23,8.52,80,110,140,180
2023,4620,"RIVER AJAB BOURALI AT PETLAWAD DAM PETLAVAD, JHABUA",MADHYA PRADESH,"Tributary Streams - Anas, Malei, Panam, Shivna, Chillar, Jammer And Ajab Bourali -",AJAB BOURALI,20.0,21.5,6.9,7.7,,7.5  8.3,300,539,1.0,1.2,0.54,1.69,2,2,34,49
2023,1221,"RIVER SABARMATI AT KHEROJ BRIDGE,",GUJARAT,Sabarmati,SABARMATI,25.0,27.0,5.0,7.6,,7.2  8.2,380,765,1.0,1.3,0.32,1.03,2,12,6,70
2023,1223,"RIVER SABARMATI AFTER CONF. WITH MESHWA AT VAUTHA (NEAR DHOKLA),",GUJARAT,Sabarmati,MESHWA,20.0,32.0,0.3,5.1,,7.4  8.4,680,,2513  7.0  27.0  0.33,,,2.27,1600,1600,1600,1600
2023,1409,"RIVER SABARMATI AT RAILWAY BRIDGE AHMEDABAD,",GUJARAT,Sabarmati,SABARMATI,27.0,30.0,2.7,6.8,,7.0  8.3,302,590,1.0,4.1,0.40,1.36,21,170,110,540
2023,1866,"RIVER SABARMATI AT HANSAOL BRIDGE,",GUJARAT,Sabarmati,SABARMATI,26.0,30.0,4.2,7.6,,7.4  8.2,278,402,1.0,1.8,0.41,1.61,2,33,17,170
2023,1408,"RIVER SABARMATI AT VILL. MIROLI TALUKA DASCROI, AHMEDABAD,",GUJARAT,Sabarmati,SABARMATI,28.0,32.0,0.3,4.8,,7.2  8.0,889,,6274  8.0  31.0  0.00,,,1.06,160,1600,1600,1600
2023,2075,"RIVER SABARMATI AT DHAROI DAM, DIST. MEHSANA.RIVER SABARMATI TA DHAROI DAM, TAL : SATALASANA, DIST : MEHSANA",GUJARAT,Sabarmati,SABARMATI,25.0,30.0,5.4,7.3,,7.7  8.3,384,560,1.0,1.7,0.32,1.56,2,6,2,47
2023,10014,"RIVER SABARMATI AT AHMEDABAD U/SHANSOL, AHMEDABAD",GUJARAT,Sabarmati,SABARMATI,26.0,30.0,4.2,7.6,,7.4  8.2,278,402,1.0,1.8,0.41,0.94,2,33,17,170
2023,10015,"RIVER SABARMATI AT AHMEDABAD D/SVILL: MIROLI,TALUKA DASCROI, AHMEDABAD,",GUJARAT,Sabarmati,SABARMATI,28.0,32.0,0.3,4.8,,7.2  8.0,889,,3060  8.0  31.0  0.33,,,1.08,1600,1600,1600,1600
2023,30042,"RIVER SABARMATI AT KHEROJ BRIDGE, SABARKANTHA, AMBAJI HIGHWAY, KHEROJ, GUJARAT (RAJASTHAN AND GUJARAT)",GUJARAT,Sabarmati,SABARMATI,24.0,24.0,9.6,9.6,,8.0  8.0,607,607,2.5,2.5,0.32,0.32,110,110,330,330
2023,1482,"RIVER SABARMATI AT MAHUDI JAIN TEMPLE, 150 KM. FORM ORIGIN,",GUJARAT,Sabarmati,SABARMATI,27.0,32.0,4.1,7.2,,7.5  8.4,346,590,1.0,2.0,0.46,1.21,2,12,13,70
2023,1407,"RIVER SABARMATI AT GANDHI NAGAR CHILODA BRIDGE, LEKAWADA,",GUJARAT,Sabarmati,SABARMATI,27.0,32.0,5.1,7.0,,7.4  8.5,363,560,1.0,1.8,0.39,1.66,2,4,21,33
2023,1222,"RIVER SHEDHI AT KHEDA,",GUJARAT,Sabarmati,SHEDHI,28.0,35.0,4.5,7.2,,7.7  8.5,460,,2616  1.0,2.7,1.12,7.94,50,1600,300,1600
2023,1437,"RIVER KHARI AT LALI VILLAGE NEAR AHMEDABAD,",GUJARAT,Sabarmati,KHARI,28.0,30.0,0.3,1.5,,7.2  7.5,1112,,2558  11.0  68.0  0.33,,,1.05,1600,1600,1600,1600
2023,4772,"RIVER KELWARA RESERVIOR, N/V KELWARA, TEHSIL-KUMBHALGARH DIST- RAJSAMAND, (UPSTREAM OF KHARI RIVER)",RAJASTHAN,Narmada,,24.0,30.0,3.4,6.3,,7.1  7.9,530,723,1.8,3.7,2.04,3.56,63,130,110,220
2023,1224,"RIVER MESHWA NEAR RAJASTHAN BORDER D/S AT SAMLAJI,DIST: ARVALI",GUJARAT,Narmada,MESHWA,24.0,27.0,5.0,7.7,,7.0  8.2,372,,1251  1.0,1.2,0.32,1.45,2,11,6,70
2023,1242,RIVER NARMADA NEAR ORIGIN POINT AT AMARKANTAK M.P.,MADHYA PRADESH,Narmada,NARMADA,22.6,30.2,6.5,6.8,,6.6  7.9,165,,1864  1.0,1.9,0.32,0.34,2,2,2,20
2023,4578,RIVER NARMADA AT PUSKAR DAM AMARKANTAK,MADHYA PRADESH,Narmada,NARMADA,22.8,30.2,6.6,8.1,,6.9  8.0,173,,2756  1.6,2.3,0.32,0.48,2,2,41,110
2023,1241,RIVER NARMADA AT MANDLA NEAR ROAD BRIDGE. M.P.,MADHYA PRADESH,Narmada,NARMADA,21.2,24.6,7.0,7.8,,7.3  7.9,250,611,1.2,2.0,0.16,1.44,2,6,17,48
2023,2106,RIVER NARMADA AT NEMAWAR,MADHYA PRADESH,Narmada,NARMADA,22.0,27.0,6.6,7.6,,7.6  7.8,198,394,1.2,2.0,0.32,0.65,2,2,43,48
2023,4595,RIVER NARMADA 500 M.D/S NEAR JAIN MANDER VILLAGE NEMAWAR,MADHYA PRADESH,Narmada,,22.0,28.0,6.5,7.7,,7.2  7.8,212,430,2.0,2.0,0.54,0.73,2,2,47,49
2023,1239,"RIVER NARMADA AT BADWANI, M.P.",MADHYA PRADESH,Narmada,NARMADA,19.0,22.0,7.2,7.8,,7.8  8.5,246,346,1.0,1.2,0.82,1.20,2,2,38,48
2023,1431,"RIVER NARMADA AT MAHESHWAR, M. P.",MADHYA PRADESH,Narmada,NARMADA,19.5,21.5,7.0,7.9,,7.3  8.5,211,318,1.0,1.2,0.02,1.12,2,2,39,49
2023,1234,RIVER NARMADA NEAR SHAHGANJ GUEST HOUSE DISTRICT SEHORE (M.P.),MADHYA PRADESH,Narmada,NARMADA,14.0,26.0,,5.8  11.0  7.3  8.5,,,188,362,1.0,2.4,1.40,5.97,2,34,130,280
2023,2112,"RIVER NARMADA NEAR MORTAKKA BRIDGE, BADWAH",MADHYA PRADESH,Narmada,NARMADA,19.5,21.5,7.2,7.9,,7.4  8.5,243,328,1.0,1.4,0.83,1.27,2,2,33,49
2023,1235,RIVER NARMADA AT HOSHANGABAD 100 METER D/ S AFTER CONFLUENCE OF SPM NALLA M.P.,MADHYA PRADESH,Narmada,NARMADA,12.0,30.0,7.4,8.5,,7.4  8.1,187,315,1.1,1.9,0.55,2.90,22,94,170,430
2023,2113,"RIVER NARMADA NEAR PUNASA DAM, PUNASA",MADHYA PRADESH,Narmada,NARMADA,20.0,21.5,7.1,7.8,,7.5  8.5,194,298,1.0,1.1,0.70,1.08,2,2,31,41
2023,1430,RIVER NARMADA AT D/S OF OMKARESHWAR M.P.,MADHYA PRADESH,Narmada,NARMADA,19.5,21.5,7.0,7.8,,7.7  8.4,222,313,1.0,1.1,0.70,1.22,2,2,32,47
2023,3322,"RIVER NARMADA AT MANDLA, NEAR SHAMSHANGHAT, JABALPUR",MADHYA PRADESH,Narmada,NARMADA,21.3,24.5,6.0,8.0,,7.1  7.8,250,546,1.0,2.0,0.13,1.40,2,6,17,63
2023,2099,"RIVER NARMADA AT LALPUR, JABALPUR",MADHYA PRADESH,Narmada,NARMADA,21.0,23.4,7.2,7.8,,7.3  7.9,230,382,1.2,1.6,0.16,0.80,2,2,31,49
2023,3323,"RIVER NARMADA AT TILWARAGHAT, JABALPUR",MADHYA PRADESH,Narmada,NARMADA,21.2,25.4,7.0,7.8,,7.1  8.0,256,642,1.3,1.9,0.14,1.60,2,14,17,70
2023,3324,"RIVER NARMADA AT PANCHWATIGHAT, BEFORE MIXING WITH BAWANGANGA RIVER, JABALPUR",MADHYA PRADESH,Narmada,NARMADA,20.5,24.2,7.2,8.0,,7.2  8.1,224,716,1.0,2.0,0.30,1.44,2,9,11,41
2023,3325,"RIVER NARMADA AT SARSWATIGHAT, AFTER MIXING WITH BAWANGANGA RIVER, JABALPUR",MADHYA PRADESH,Narmada,NARMADA,20.6,24.1,6.7,7.9,,7.4  8.1,242,719,1.4,2.0,0.10,2.26,2,4,14,70
2023,2118,RIVER NARMADA RIVER AT D/S OF KAPILDHARA,MADHYA PRADESH,Narmada,NARMADA RIVER,22.6,30.4,6.5,7.7,,7.1  8.0,167,,2524  1.2,2.2,0.32,0.45,2,2,41,94
2023,2123,RIVER NARMADA AT KORIGHAT HOSHANGABAD,MADHYA PRADESH,Narmada,NARMADA,17.0,31.0,7.1,8.6,,7.3  8.1,184,312,1.1,1.8,0.44,2.20,2,46,110,280
2023,3847,RIVER NARMADA AT DHARAMPURI,MADHYA PRADESH,Narmada,NARMADA,19.5,22.0,7.3,7.8,,7.7  8.4,210,315,1.0,1.1,0.02,1.05,2,2,33,41
2023,4577,"RIVER NARMADA AT CHANDANGHAT NEAR ROAD BRIDGE, DINDORI",MADHYA PRADESH,Narmada,NARMADA,23.0,30.5,6.7,8.2,,7.2  8.1,187,926,1.0,1.8,0.32,1.20,2,8,27,84
2023,4578,RIVER NARMADA AT PUSKAR DAM AMARKANTAK,MADHYA PRADESH,Narmada,NARMADA,22.8,30.2,6.6,8.1,,6.9  8.0,173,,2756  1.6,2.3,0.32,0.48,2,2,41,110
2023,4579,RIVER NARMADA AT DINDORI D/S AFTER MIXING TO CITY DOMESTIC NEAR JOGOTIKARIA GHAT,MADHYA PRADESH,Narmada,NARMADA,23.6,30.4,6.7,8.8,,7.6  8.2,194,911,1.2,2.4,0.36,0.70,2,4,43,120
2023,4580,RIVER NARMADA NEAR BHAIRAV TAMPLE AT SHHASTRADHARA MANDLA,MADHYA PRADESH,Narmada,NARMADA,21.1,24.3,6.8,8.0,,7.2  7.9,271,661,1.2,1.9,0.23,1.30,2,6,17,49
2023,4581,RIVER NARMADA NEAR ROAD BRIDGE (D/S BARGI DAM) JABALPUR,MADHYA PRADESH,Narmada,NARMADA,20.9,25.7,7.1,7.9,,7.5  7.9,248,716,1.3,1.8,0.04,1.32,2,6,17,48
2023,4582,"RIVER NARMADA AT JAMTARA, NEAR RAILWAY BRIDGE",MADHYA PRADESH,Narmada,NARMADA,21.0,25.6,7.2,7.8,,7.2  8.1,268,711,1.2,1.9,0.06,1.40,2,10,17,94
2023,4583,RIVER NARMADA NEAR ROAD BRIDGE JHANSINGHAT JABALPUR,MADHYA PRADESH,Narmada,NARMADA,20.6,24.6,6.8,8.0,,7.3  8.1,217,677,1.2,1.9,0.18,2.64,2,13,17,49
2023,4584,RIVER NARMADA N.H. 44 NEAR ROAD BRIDGE AT BARMAN. JABALPUR,MADHYA PRADESH,Narmada,BRIDGE,21.0,24.7,6.4,7.9,,7.1  7.9,235,671,1.0,2.0,0.24,1.44,2,4,10,48
2023,4585,"RIVER NARMADA, BARMANGHAT, 100 MDS OF MAINGHAT",MADHYA PRADESH,Narmada,,20.8,24.7,6.5,8.1,,7.1  8.1,248,716,1.2,2.4,0.16,1.44,2,4,10,48
2023,4586,RIVER NARMADA S.N. 44 NEAR ROAD BRIDGE NEAR JHILKOLI NARSINGPUR,MADHYA PRADESH,Narmada,BRIDGE,21.1,24.6,6.7,7.8,,7.4  8.1,233,691,1.2,1.9,0.30,2.64,2,12,17,48
2023,4587,"RIVER NARMADA AT NEAR ROAD BRIDGE, SANDIA",MADHYA PRADESH,Narmada,NARMADA,15.0,31.0,7.8,8.7,,7.3  8.2,172,285,1.0,1.7,0.32,2.46,2,10,2,150
2023,4588,RIVER NARMADA AT UP- STREAM OF VILLAGE JAIT NEAR NARYANAPURA DISTRICT SEHORE (M.P.),MADHYA PRADESH,Narmada,NARMADA,15.0,27.0,,6.0  11.5  7.6  8.4,,,213,,3105  1.0,1.7,1.25,7.47,6,26,40,280
2023,4589,RIVER NARMADA AT D/S OF VILL. JAIT,MADHYA PRADESH,Narmada,NARMADA,15.0,26.0,,6.2  12.2  7.6  8.4,,,214,,3212  1.0,2.0,1.71,6.62,11,147,140,1301
2023,4590,RIVER NARMADA AT UP-STREAM BEFORE CONFLUENCE OF RIVER TAWA NEAR BANDRABHAN DISTRICT SEHORE M.P.,MADHYA PRADESH,Narmada,NARMADA,14.0,26.0,,5.8  11.0  7.4  8.5,,,184,419,1.0,2.1,0.96,6.16,2,48,150,350
2023,4591,"RIVER NARMADA AT DOWN-STREAM AFTER CONFLUENCE OF RIVER TAWA NEAR RAMNAGAR,DISTRICT SEHORE (M.P.)",MADHYA PRADESH,Narmada,NARMADA,16.0,26.0,,6.0  14.1  7.6  8.5,,,190,337,1.0,1.9,1.44,6.95,2,39,120,350
2023,4592,"RIVER NARMADA AT BUDHNIGHAT, BUDHNI DISTRICT SEHORE( M.P.)",MADHYA PRADESH,Narmada,NARMADA,16.0,26.0,,6.2  10.2  7.5  8.3,,,184,,3459  1.0,1.4,0.71,5.04,2,178,120,1400
2023,4593,RIVER NARMADA AT DOWN-STREAM OF TEXTILE UNIT VILLAGE. HOLIPURA BUDNI DISTRICT SEHORE (M.P.),MADHYA PRADESH,Narmada,NARMADA,15.0,27.0,,6.0  13.5  7.4  8.5,,,180,478,1.0,2.0,1.16,4.92,2,39,110,350
2023,4594,RIVER NARMADA AT BEFOR CONFLU. OF RIVER JAMNER VILL. NEMAWAR,MADHYA PRADESH,Narmada,NARMADA,22.0,28.0,6.7,7.6,,7.4  7.9,205,422,1.4,2.0,0.32,0.83,2,2,41,49
2023,4596,RIVER NARMADA AT HANUWANTIA DIST. KHANDWA,MADHYA PRADESH,Narmada,NARMADA,20.0,21.5,7.3,7.8,,7.7  8.6,211,311,1.0,7.4,0.64,1.14,2,2,31,41
2023,4597,RIVER NARMADA AT U/S OMKAREWHWAR DAM KHANDWA,MADHYA PRADESH,Narmada,NARMADA,19.5,21.5,7.2,7.8,,7.3  8.5,212,308,1.0,1.1,0.74,2.26,2,2,32,43
2023,4598,RIVER NARMADA RIVER AT DHARESHWAR,MADHYA PRADESH,Narmada,NARMADA RIVER,19.0,21.5,7.2,7.8,,7.6  8.6,205,329,1.0,1.1,,0.84  11.03,2,2,34,49
2023,4599,RIVER NARMADA NEAR W/S INTAKE JALLOD,MADHYA PRADESH,Narmada,NARMADA,19.5,21.5,7.3,8.0,,7.8  8.4,248,320,1.0,1.1,0.71,1.12,2,2,34,41
2023,4600,RIVER NARMADA RIVER AT SHAHASTRADHARA (JALKOTI),MADHYA PRADESH,Narmada,NARMADA RIVER,19.5,21.5,7.2,8.1,,7.7  8.6,209,330,1.0,1.2,0.73,1.91,2,2,38,47
2023,4601,RIVER NARMADA AT KHALGHAT,MADHYA PRADESH,Narmada,NARMADA,19.5,22.0,7.4,7.8,,7.8  8.6,215,337,1.0,1.2,0.02,1.18,2,2,34,43
2023,4602,RIVER NARMADA RIVER AT SEMALDA U/S OF BARWANI,MADHYA PRADESH,Narmada,NARMADA RIVER,19.0,22.0,7.2,8.0,,7.7  8.4,232,350,1.0,1.1,0.71,1.16,2,2,34,43
2023,4603,RIVER NARMADA AT KOTESHWAR,MADHYA PRADESH,Narmada,NARMADA,19.5,22.0,6.9,7.8,,7.6  8.5,255,392,1.0,1.1,0.72,1.92,2,2,34,46
2023,4605,"RIVER NARMADA AT KAKRANA, INTERSTATE BOUNDRY, ALIRAJPUR",MADHYA PRADESH,Narmada,NARMADA,19.5,22.0,7.2,7.7,,7.6  8.5,250,358,1.0,1.2,0.74,2.12,2,2,34,48
2023,30048,"RIVER NARMADA AT NAVAGAM, NEAR GORA COLONY, KEVADIA, GUJARAT (GUJARAT AND MADHYA PRADESH)",GUJARAT,Narmada,NARMADA,29.0,29.0,7.7,7.7,,8.3  8.3,372,372,2.5,2.5,0.32,0.32,700,700,1100,1100
2023,1244,"RIVER NARMADA AT PANETHA,",GUJARAT,"Tributary Streams - Chota Tawa, Gour, Katni, Kunda, Simrar, Banjar And Hiran",NARMADA,27.0,34.0,7.1,8.3,,8.0  8.4,200,363,1.0,1.0,0.32,0.85,2,21,26,46
2023,1245,"RIVER NARMADA AT CHANDOD,",GUJARAT,"Tributary Streams - Chota Tawa, Gour, Katni, Kunda, Simrar, Banjar And Hiran",NARMADA,26.0,28.0,7.3,8.7,,7.9  8.7,298,426,1.0,1.0,1.16,1.36,9,50,34,140
2023,1981,"RIVER NARMADA AT ZANOR (NTPC), BHARUCHRIVER NARMADA AT ZANOR (NTPC), BHARUCH",GUJARAT,"Tributary Streams - Chota Tawa, Gour, Katni, Kunda, Simrar, Banjar And Hiran",NARMADA,25.0,30.0,7.0,8.4,,7.7  8.5,282,518,1.0,1.0,0.30,0.30,13,78,46,140
2023,1243,"RIVER NARMADA AT BHARUCH, ZADESHVAR,",GUJARAT,"Tributary Streams - Chota Tawa, Gour, Katni, Kunda, Simrar, Banjar And Hiran",NARMADA,25.0,30.0,6.3,8.3,,7.9  8.5,270,770,1.0,1.0,0.30,0.30,39,170,140,340
2023,1236,"RIVER CHOTA TAWA BEFORE CONFL. WITH RIVER NARMADA, M.P.",MADHYA PRADESH,"Tributary Streams - Chota Tawa, Gour, Katni, Kunda, Simrar, Banjar And Hiran",,20.0,21.0,7.3,7.7,,7.6  8.6,322,514,1.0,1.2,0.79,1.28,2,2,36,58
2023,2100,"RIVER GOUR NEAR BHOGDWAR WSS INTAKE POINT, JABALPUR",MADHYA PRADESH,"Tributary Streams - Chota Tawa, Gour, Katni, Kunda, Simrar, Banjar And Hiran",GOUR,21.1,24.6,7.5,7.7,,7.2  7.8,267,394,1.2,1.6,0.12,3.95,2,23,32,93
2023,2114,RIVER KUNDA AT KHARGONE,MADHYA PRADESH,"Tributary Streams - Chota Tawa, Gour, Katni, Kunda, Simrar, Banjar And Hiran",KUNDA,20.0,22.0,1.9,7.7,,7.7  8.6,310,,1165  1.0  10.0  1.08,,,3.30,2,40,49,920
2023,3305,"RIVER BANJAR AT MALANJKHAND NEAR W/S INTAKE POINT, JABALPUR",MADHYA PRADESH,"Tributary Streams - Chota Tawa, Gour, Katni, Kunda, Simrar, Banjar And Hiran",BANJAR,20.2,24.3,7.0,7.8,,7.3  8.1,275,523,1.2,2.0,0.22,1.34,2,10,17,49
2023,3828,"RIVER HIRAN, NH 7 ROAD BRIDGE, SIHORA, DIST JABALPUR",MADHYA PRADESH,"Tributary Streams - Chota Tawa, Gour, Katni, Kunda, Simrar, Banjar And Hiran",,20.1,24.2,6.3,7.8,,7.4  8.0,228,713,1.2,2.2,0.14,1.60,2,9,17,48
2023,3829,"RIVER HIRAN, NH -12 ROAD BRIDGE VIL VIKRAMPUR ,DIST NARSINGPUR",MADHYA PRADESH,"Tributary Streams - Chota Tawa, Gour, Katni, Kunda, Simrar, Banjar And Hiran",,20.9,24.6,6.3,7.9,,7.1  8.1,208,641,1.2,2.0,0.27,1.44,2,6,10,70
2023,4613,"RIVER HIRAN AFTER MIXING PARIYAT RIVER NEAR ROAD BRIDGE AT VILL GANIYARI, JABALPUR",MADHYA PRADESH,"Tributary Streams - Chota Tawa, Gour, Katni, Kunda, Simrar, Banjar And Hiran",HIRAN AFTER MIXING PARIYAT RIVER,20.3,25.0,5.7,7.9,,6.4  7.9,290,,10850  1.8  12.0  0.29,,,1.60,2,14,17,540
2023,4616,"RIVER BANJAR RIVER NEAR ROAD BRIDGE, VILL. KHARRADHAR MALANJKHAND.",MADHYA PRADESH,"Tributary Streams - Chota Tawa, Gour, Katni, Kunda, Simrar, Banjar And Hiran",BANJAR RIVER,20.4,24.5,7.1,7.9,,7.3  8.1,278,497,1.0,1.9,0.21,1.34,2,12,11,47
2023,4617,"RIVER WAINGANGA RIVER NEAR VILL. BUDUNDA MALANJKHAND, DISTT BALAGHAT",MADHYA PRADESH,"Tributary Streams - Chota Tawa, Gour, Katni, Kunda, Simrar, Banjar And Hiran",WAINGANGA RIVER,20.3,24.3,7.2,7.6,,7.2  7.8,270,521,1.0,1.9,0.25,1.34,2,10,11,47
2023,1250,RIVER TAPI AT HATNUR M.P.,MADHYA PRADESH,Tapi,TAPI,20.0,22.0,4.6,7.6,,7.7  8.6,220,,1195  1.0,3.0,,0.44  49.01,2,2,2,350
2023,1466,"RIVER TAPI AT VILLAGE KHEDI, NEAR AMARAWATI ROAD BRIDGE , BETUL",MADHYA PRADESH,Tapi,TAPI,16.0,31.0,7.1,7.7,,7.1  8.1,284,774,1.4,2.0,0.48,5.04,2,7,10,120
2023,1247,"RIVER TAPI AT MANDAVI,",GUJARAT,Tapi,TAPI,18.0,32.0,7.0,7.7,,6.9  8.5,337,600,1.0,2.0,0.30,0.52,2,4,4,17
2023,1983,"RIVER TAPI NEAR BARDOLI (KAPP BRIDGE) BARDOLIKAKRAPAR,SURAT",GUJARAT,Tapi,TAPI,20.0,30.0,7.0,7.6,,6.8  8.5,348,535,1.0,1.9,0.30,6.00,2,2,2,113
2023,1248,"RIVER TAPI AT SURAT U/S KATHORE,RIVER TAPI NEAR LIMDESHWAR MAHDEV AT KATHOR",GUJARAT,Tapi,TAPI,18.0,31.0,7.0,8.0,,6.7  8.5,406,775,1.0,2.4,0.30,0.84,10,14,25,58
2023,2071,"RIVER TAPI AT ONGC BRIDGE AT SURAT, DIST. SURATHAZIRA,SURAT",GUJARAT,Tapi,TAPI,24.0,32.0,5.5,7.0,,6.7  8.3,,5908  53650  1.6,,2.5,0.30,0.30,6,14,27,48
2023,30045,"RIVER TAPI AT KUKURMUNDA BRIDGE, NIZHAR ROAD, NEAR VILLAGE KUKURMUNDA, GUJARAT (MAHARASHTRA AND GUJARAT)",GUJARAT,Tapi,TAPI,23.0,23.0,8.2,8.2,,8.0  8.0,500,500,1.0,1.0,1.11,1.11,1200,1200,1700,1700
2023,30044,"RIVER TAPI AT PRAKASHA, (MAHARASHTRA)",MAHARASHTRA 22.0,Tapi,TAPI,,22.0,4.8,4.8,,8.1  8.1,364,364,9.6,9.6,1.08,1.08,70,70,550,550
2023,30043,"RIVER TAPI AT AJNAD, (MAHARASHTRA)",MAHARASHTRA 22.0,Tapi,TAPI,,22.0,5.0,5.0,,8.2  8.2,436,436,6.2,6.2,2.45,2.45,25,25,275,275
2023,1251,"RIVER TAPI AT U/S, BHUSAWAL,VILLAGE. BHUSAWAL RAILWAY COLONY, TALUKA. BHUSAWAL, DISTRICT. JALGAON.",MAHARASHTRA 22.0,Tapi,TAPI,,24.0,5.1,7.3,,7.4  8.0,236,,8065  2.4,4.0,0.39,3.42,2,6,35,58
2023,1313,"RIVER TAPI AT AJNAD VILLAGE, VILLAGE.AJNAD , TALUKA. RAVER, DISTRICT.JALGAON.",MAHARASHTRA 22.0,Tapi,TAPI,,25.0,5.6,7.1,,7.3  7.9,181,,5544  2.8,3.8,0.79,4.78,2,4,34,55
2023,1314,"RIVER TAPI AT UBAD VILLAGE NEAR GUJRATBORDER, VILLAGE. UBAD, TALUKA. SHAHADA, DISTRICT. NANDURBAR.",MAHARASHTRA 16.0,Tapi,TAPI,,26.0,5.5,7.3,,7.4  7.9,356,,1001  2.6,3.8,1.22,4.10,2,6,40,58
2023,3203,"RIVER AMRAVATI AT VILLAGE DADHAL , TA ANKLESHWAR, BHARUCHNR RAILWAY BRIDGE, AT VILLAGE DHADHAL , TA: ANKLESHWAR, DIST BHARUCH",GUJARAT,Tributary Streams - Amravati At Village Dadhal,AMRAVATI,27.0,34.0,4.6,7.3,,6.8  8.3,417,,2517  1.1,2.9,0.36,2.12,27,79,110,280
2023,2666,"RIVER GOMAI D/S. OF SHAHADA, VILLAGE- SHAHADA,TALUKA- DHULE,DISTRICT- DHULE.",MAHARASHTRA 17.0,Tributary Streams - Amravati At Village Dadhal,GOMAI,,22.0,5.7,7.0,,7.5  7.9,413,,4899  2.8,4.0,1.73,2.71,4,8,45,68
2023,2659,"RIVER BURAI BEFORE CONFLUENCE TO TAPI RIVER, VILLAGE- MUKUDAS, TALUKA- DHULE, DISTRICT- DHULE.",MAHARASHTRA 16.0,Tributary Streams - Amravati At Village Dadhal,CONFLUENCE,,16.0,5.9,5.9,,7.4  7.4,411,411,3.2,3.2,2.64,2.64,4,4,45,45
2023,2070,"RIVER KIM AT SAHOL BRIDGE, OLPAD HANSOT ROAD, DIST. SURATSAHOL, OLPAD HANSOT ROAD, SAHOL BRIDGE,SURAT",GUJARAT,Tributary Streams - Amravati At Village Dadhal,KIM,23.0,32.0,5.0,7.1,,6.8  8.5,712,,3881  1.5,2.8,0.30,0.30,6,34,17,140
2023,2127,"RIVER DENWA NEAR SARNI, ROAD BRIDGE",MADHYA PRADESH,Tributary Streams - Amravati At Village Dadhal,DENWA,18.0,30.0,7.1,7.6,,7.1  8.1,288,716,1.6,2.0,0.47,2.66,2,4,20,70
2023,1252,"RIVER GIRNA AT JALGAON AT INTAKE OF GIRNA PUMP HUOSE, VILLAGE- GIRNA PUMP HOUSE AREA, TALUKA- JALGAON, DISTRICT- JALGAON.",MAHARASHTRA 20.0,Tributary Streams - Amravati At Village Dadhal,GIRNA,,22.0,6.2,6.2,,7.3  7.9,556,686,3.0,3.0,2.82,3.95,4,4,40,46
2023,1253,"RIVER GIRNA AT MALEGAON ROAD BRIDGE, VILLAGE. MALEGAON, TALUKA. MALEGAON, DISTRICT. NASHIK.",MAHARASHTRA 28.0,Tributary Streams - Amravati At Village Dadhal,GIRNA,,28.0,5.9,7.2,,7.7  7.7,181,502,3.0,3.4,0.59,0.60,4,6,45,68
2023,1907,"RIVER RANGAVALI AT D/S OF NAVAPUR NEAR RANGAVALI BRIDGE, VILLAGE- NAVAPUR, TALUKA- NAVAPUR, DISTRICT- NANDURBAR.",MAHARASHTRA 18.0,Tributary Streams - Amravati At Village Dadhal,RANGAVALI,,22.0,5.2,6.8,,7.3  7.9,295,,1284  2.8,4.0,2.29,3.42,4,8,45,85
2023,2674,"RIVER MOR NEAR PADALASHE, VILLAGE- PADALASHE,TALUKA- JALGAON, DISTRICT- JALGAON.",MAHARASHTRA 24.0,Tributary Streams - Amravati At Village Dadhal,MOR,,24.0,5.7,5.7,,7.7  7.7,245,245,3.8,3.8,2.42,2.42,4,4,58,58
2023,2718,"RIVER WAGHUR AT- SAKEGAON BEFORE CONFLUENCE WITH TAPI RIVER, VILLAGE- SAKEGAON, TALUKA- JALGAON, DISTRICT- JALGAON.",MAHARASHTRA 20.0,Tributary Streams - Amravati At Village Dadhal,WAGHUR,,25.0,5.8,7.4,,7.9  7.9,555,,6174  3.0,3.4,0.36,3.12,4,4,40,68
2023,2684,"RIVER PANZARA NEAR PANZARAKAN SSK LTD, VILLAGE- PANZARA,TALUKA- DHULE, DISTRICT- DHULE.",MAHARASHTRA 16.0,Tributary Streams - Amravati At Village Dadhal,PANZARA,,20.0,5.9,7.1,,7.7  7.8,336,,1340  2.8,3.2,1.84,2.58,4,6,40,68
2023,1913,"RIVER PURNA AT DHUPESHWAR AT U/S OF MALKAPUR WATER WORKS, MALKAPUR, DIST.AKOLA",MAHARASHTRA 22.0,Tributary Streams - Amravati At Village Dadhal,PURNA,,26.0,5.4,6.3,,7.8  8.3,715,,1139  3.0,4.5,0.32,6.46,13,43,110,220
2023,2155,"RIVER PURNA AT D/S OF CONFLUENCE OF MORNA & PURNA RIVER AT ANDURA VILLAGE, VILLAGE-ANDURA, TALUKA- BALAPUR, DISTRICT - AKOLA.",MAHARASHTRA 22.0,Tributary Streams - Amravati At Village Dadhal,PURNA,,27.0,5.3,6.0,,7.9  8.3,872,,1216  3.2,4.8,0.32,8.54,17,41,120,280
2023,2695,"RIVER PEDHI NEAR ROAD BRIDGE AT DADHI- PEDHI VILLAGE, VILLAGE- DADHI- PEDHI, TALUKA- BHATKULI, DISTRICT- AMRAVATI.",MAHARASHTRA 20.0,Tributary Streams - Amravati At Village Dadhal,PEDHI,,20.0,3.0,5.8,,7.8  8.4,710,,2025  3.2,7.0,0.00,7.10,17,33,110,240
2023,2700,"RIVER PURNA NEAR ACHALPUR- AMRAVATI ROAD BRIDGE, VILLAGE- ASEGAON,TALUKA- CHANDUR BAZAR, DISTRICT- AMRAVATI.",MAHARASHTRA 20.0,Tributary Streams - Amravati At Village Dadhal,PURNA,,20.0,5.1,6.2,,7.8  8.5,776,,6920  3.2,3.8,0.00,2.70,21,47,110,280
2023,1851,"RIVER MAHANADI AT SIHAWA, ORIGIN POINT OF RIVER MAHANADI",CHHATTISGARH 20.0,Mahanadi,MAHANADI,,26.0,5.3,7.7,,7.2  8.0,158,338,2.1,2.4,0.00,0.00,,,40,56
2023,1264,"RIVER MAHANADI AT RUDRI RESERVOIR U/S AT RUDRI,DHAMTARI",CHHATTISGARH 21.0,Mahanadi,MAHANADI,,26.0,6.5,7.6,,7.1  7.8,152,336,2.2,2.6,0.00,0.00,,,30,58
2023,1099,"RIVER MAHANADI AT RAJIM,NEAR ROAD BRIDGE CHHATISGARH.",CHHATTISGARH 22.0,Mahanadi,MAHANADI,,28.0,6.5,7.1,,7.0  7.7,200,336,2.1,2.9,0.00,0.00,,,54,78
2023,1852,,"RIVER MAHANADI AT ARRANG, NEAR GANDHI BRIDGE CHHATTISGARH 21.0",Mahanadi,,,31.0,6.4,7.3,,7.2  8.0,174,550,2.2,2.7,0.00,0.00,,,6,58
2023,1100,RIVER MAHANADI AT KHAROD,CHHATTISGARH 21.4,Mahanadi,MAHANADI,,33.0,7.0,7.5,,7.2  8.0,208,443,2.0,2.4,1.80,4.00,2,93,20,490
2023,1282,RIVER MAHANADI AT SHEORINARAYAN VILLAGE D/S NEAR ROAD BRIDGE,CHHATTISGARH 20.2,Mahanadi,MAHANADI,,33.0,6.0,8.0,,7.3  8.5,205,393,2.8,4.0,1.30,6.10,4,220,12,1100
2023,1467,"RIVER MAHANADI AFTER CONFL. OF RIVER MAND,NEAR BALPUR VILLAGE.",CHHATTISGARH 20.1,Mahanadi,,,32.0,6.6,8.5,,7.4  8.0,246,420,2.2,3.8,1.10,5.30,2,210,12,680
2023,1101,"RIVER MAHANADI AT INTERSTATE BOUNDRY, NEAR SURJGARH VILLAGE",CHHATTISGARH 15.0,Mahanadi,MAHANADI,,32.0,6.7,7.4,,7.1  8.2,189,342,1.1,2.6,0.32,1.68,22,22,21,240
2023,1281,RIVER MAHANADI AT HIRAKUD RESERVOIR,ODISHA,Mahanadi,MAHANADI,22.0,31.0,6.8,8.4,,6.7  8.5,163,218,1.1,1.5,0.32,0.80,130,1700,490,3500
2023,30063,RIVER MAHANADI AT HIRAKUND (ODISHA),ODISHA,Mahanadi,MAHANADI,27.0,28.0,,9.6  10.0  7.3  7.6,,,152,229,1.0,1.0,0.32,0.49,780,780,1300,1300
2023,1270,RIVER MAHANADI AT SAMBALPUR U/S,ODISHA,Mahanadi,MAHANADI,23.0,30.0,6.2,7.8,,7.1  8.0,178,235,1.1,1.6,0.32,0.71,130,1700,460,3300
2023,1271,RIVER MAHANADI AT SAMBALPUR D/S,ODISHA,Mahanadi,MAHANADI,23.0,30.0,6.2,7.8,,7.4  8.5,158,240,1.5,2.4,0.32,0.61,270,2300,1700,4900
2023,2405,RIVER MAHANADI AT SAMBALPUR FD/S AT HUMA,ODISHA,Mahanadi,MAHANADI,22.0,31.0,6.4,8.0,,7.4  8.3,160,247,1.2,1.9,0.32,0.62,230,2300,790,4900
2023,1272,RIVER MAHANADI (AFTER CONFL. WITH R. ONG ) AT SONEPUR U/S,ODISHA,Mahanadi,SONEPUR,23.0,29.0,7.3,9.9,,7.2  8.5,156,362,1.1,1.6,0.32,0.69,13,1300,49,2400
2023,1274,RIVER MAHANADI (AFTER CONFL. WITH R. TEL) AT SONEPUR D/S,ODISHA,Mahanadi,SONEPUR,23.0,30.0,,6.2  10.0  7.3  8.5,,,150,264,1.3,2.1,0.32,0.75,49,2200,240,4900
2023,2404,RIVER MAHANADI AT POWER CHANNEL D/S NEAR BURLA,ODISHA,Mahanadi,MAHANADI,23.0,30.0,6.0,8.0,,7.1  8.1,180,239,1.2,1.9,0.32,0.74,170,7900,1100,24000
2023,2406,RIVER MAHANADI AT MUNDALI (WATER INTAKE POINT OF BHUBANESWAR CITY),ODISHA,Mahanadi,MAHANADI,22.0,32.0,6.6,8.8,,6.9  8.2,157,245,1.2,2.0,0.32,0.62,78,2300,330,4900
2023,3887,RIVER MAHANADI AT SAMBALPUR FD/S AT SHANKARMATH,ODISHA,Mahanadi,MAHANADI,21.0,31.0,5.8,7.6,,7.2  8.3,146,380,1.4,2.2,0.32,0.84,220,1700,790,4900
2023,1275,RIVER MAHANADI AT TIKARPADA,ODISHA,Mahanadi,MAHANADI,22.0,28.0,,5.8  12.4  6.6  8.4,,,137,358,1.1,1.8,0.32,2.46,13,130,78,790
2023,1276,RIVER MAHANADI AT NARSINGHPUR,ODISHA,Mahanadi,MAHANADI,21.0,34.0,6.8,8.2,,6.5  8.2,160,247,1.1,1.5,,0.32 402.02,78,2300,490,4900
2023,1277,RIVER MAHANADI AT CUTTACK U/S,ODISHA,Mahanadi,MAHANADI,21.0,35.0,6.4,8.6,,6.9  8.0,173,253,1.1,1.7,0.32,1.56,78,2200,330,4700
2023,1278,RIVER MAHANADI AT CUTTACK D/S,ODISHA,Mahanadi,MAHANADI,20.0,33.0,6.6,8.5,,7.1  8.1,180,340,1.3,2.6,0.32,0.84,1300,92000,3300,160000
2023,3888,RIVER MAHANADI AT POWER CHANNEL U/S NEAR BURLA,ODISHA,"Tributary Streams - Seonath, Bheden, Kharoon, Hasdeo, Ib, Serua, Kuakhai, Daya, Birupa, Arpa, Kelo, Kathajodi, Gobari, Devi, Gangua, Kushabhadra, Mangala, Bhargavi, Kansari, Badasankha, Ratnachira, Nuna Nadi, Kusumi Nadi, Sabulia Nadi, Rushikulya, Tel, Budhabalanga, Ong, Russelkunda Reservoir And Bada Nadi -",MAHANADI,23.0,30.0,6.0,7.8,,7.1  8.0,162,246,1.1,2.0,0.32,0.77,23,1300,79,3300
2023,3890,RIVER MAHANADI AT CUTTACK FD/S AT GATIRAUTAPATNA,ODISHA,"Tributary Streams - Seonath, Bheden, Kharoon, Hasdeo, Ib, Serua, Kuakhai, Daya, Birupa, Arpa, Kelo, Kathajodi, Gobari, Devi, Gangua, Kushabhadra, Mangala, Bhargavi, Kansari, Badasankha, Ratnachira, Nuna Nadi, Kusumi Nadi, Sabulia Nadi, Rushikulya, Tel, Budhabalanga, Ong, Russelkunda Reservoir And Bada Nadi -",MAHANADI,20.0,32.0,6.4,8.5,,7.1  8.4,167,248,1.5,2.0,0.32,0.95,330,13000,1700,54000
2023,2407,RIVER MAHANADI AT PARADEEP U/S (BEFORE INDUSTRIAL ACTIVITY AT PARADEEP),ODISHA,"Tributary Streams - Seonath, Bheden, Kharoon, Hasdeo, Ib, Serua, Kuakhai, Daya, Birupa, Arpa, Kelo, Kathajodi, Gobari, Devi, Gangua, Kushabhadra, Mangala, Bhargavi, Kansari, Badasankha, Ratnachira, Nuna Nadi, Kusumi Nadi, Sabulia Nadi, Rushikulya, Tel, Budhabalanga, Ong, Russelkunda Reservoir And Bada Nadi -",MAHANADI,24.5,33.4,6.0,8.6,,7.2  8.2,158,22980  1.1,,1.4,0.32,0.88,2,1300,2,3300
2023,1639,RIVER MAHANADI AT PARADEEP D/S,ODISHA,"Tributary Streams - Seonath, Bheden, Kharoon, Hasdeo, Ib, Serua, Kuakhai, Daya, Birupa, Arpa, Kelo, Kathajodi, Gobari, Devi, Gangua, Kushabhadra, Mangala, Bhargavi, Kansari, Badasankha, Ratnachira, Nuna Nadi, Kusumi Nadi, Sabulia Nadi, Rushikulya, Tel, Budhabalanga, Ong, Russelkunda Reservoir And Bada Nadi -",MAHANADI,24.4,33.0,5.4,8.4,,7.1  8.4,210,35410  1.4,,2.2,0.32,2.48,2,1700,2,4900
2023,4990,MAHANADI MUHANA NORTH (5 KM FROM SHORE),ODISHA,"Tributary Streams - Seonath, Bheden, Kharoon, Hasdeo, Ib, Serua, Kuakhai, Daya, Birupa, Arpa, Kelo, Kathajodi, Gobari, Devi, Gangua, Kushabhadra, Mangala, Bhargavi, Kansari, Badasankha, Ratnachira, Nuna Nadi, Kusumi Nadi, Sabulia Nadi, Rushikulya, Tel, Budhabalanga, Ong, Russelkunda Reservoir And Bada Nadi -",,28.0,31.0,5.9,7.0,,7.5  8.0,,,1.0,1.0,0.00,0.00,2,23,,
2023,4991,MAHANADI MUHANA SOUTH (5 KM FROM SHORE),ODISHA,"Tributary Streams - Seonath, Bheden, Kharoon, Hasdeo, Ib, Serua, Kuakhai, Daya, Birupa, Arpa, Kelo, Kathajodi, Gobari, Devi, Gangua, Kushabhadra, Mangala, Bhargavi, Kansari, Badasankha, Ratnachira, Nuna Nadi, Kusumi Nadi, Sabulia Nadi, Rushikulya, Tel, Budhabalanga, Ong, Russelkunda Reservoir And Bada Nadi -",,28.9,30.8,6.6,7.2,,7.7  8.3,,,1.0,1.0,0.00,0.00,2,79,,
2023,4992,MAHANADI MUHANA / ESTUARY,ODISHA,"Tributary Streams - Seonath, Bheden, Kharoon, Hasdeo, Ib, Serua, Kuakhai, Daya, Birupa, Arpa, Kelo, Kathajodi, Gobari, Devi, Gangua, Kushabhadra, Mangala, Bhargavi, Kansari, Badasankha, Ratnachira, Nuna Nadi, Kusumi Nadi, Sabulia Nadi, Rushikulya, Tel, Budhabalanga, Ong, Russelkunda Reservoir And Bada Nadi -",,23.3,30.4,6.2,7.3,,8.0  8.1,,,1.0,1.0,0.00,0.00,2,14,,
2023,4994,MAHANADI MUHANA (5 KM FROM SHORE),ODISHA,"Tributary Streams - Seonath, Bheden, Kharoon, Hasdeo, Ib, Serua, Kuakhai, Daya, Birupa, Arpa, Kelo, Kathajodi, Gobari, Devi, Gangua, Kushabhadra, Mangala, Bhargavi, Kansari, Badasankha, Ratnachira, Nuna Nadi, Kusumi Nadi, Sabulia Nadi, Rushikulya, Tel, Budhabalanga, Ong, Russelkunda Reservoir And Bada Nadi -",,23.9,31.9,5.8,6.4,,7.6  8.0,,,1.0,1.0,0.00,0.00,33,170,,
2023,1266,RIVER SEONATH AT SHIMGA NEAR ROAD BRIDGE,CHHATTISGARH 19.0,"Tributary Streams - Seonath, Bheden, Kharoon, Hasdeo, Ib, Serua, Kuakhai, Daya, Birupa, Arpa, Kelo, Kathajodi, Gobari, Devi, Gangua, Kushabhadra, Mangala, Bhargavi, Kansari, Badasankha, Ratnachira, Nuna Nadi, Kusumi Nadi, Sabulia Nadi, Rushikulya, Tel, Budhabalanga, Ong, Russelkunda Reservoir And Bada Nadi -",SEONATH,,29.0,6.5,7.2,,7.2  7.9,220,574,2.1,2.6,0.00,0.00,,,50,70
2023,1845,"RIVER SEONATH WATER SUPPLY WELL, DURG, CHHATISGARH.",CHHATTISGARH 2.6,"Tributary Streams - Seonath, Bheden, Kharoon, Hasdeo, Ib, Serua, Kuakhai, Daya, Birupa, Arpa, Kelo, Kathajodi, Gobari, Devi, Gangua, Kushabhadra, Mangala, Bhargavi, Kansari, Badasankha, Ratnachira, Nuna Nadi, Kusumi Nadi, Sabulia Nadi, Rushikulya, Tel, Budhabalanga, Ong, Russelkunda Reservoir And Bada Nadi -",,,29.0,6.4,7.6,,7.4  7.6,189,498,1.2,2.4,0.00,0.80,,,9,1100
2023,3166,"RIVER SEONATH AT JHINGHRI VILLAGE, A/C OF SAMODA NALLA, CHHATISGARH.",CHHATTISGARH 24.0,"Tributary Streams - Seonath, Bheden, Kharoon, Hasdeo, Ib, Serua, Kuakhai, Daya, Birupa, Arpa, Kelo, Kathajodi, Gobari, Devi, Gangua, Kushabhadra, Mangala, Bhargavi, Kansari, Badasankha, Ratnachira, Nuna Nadi, Kusumi Nadi, Sabulia Nadi, Rushikulya, Tel, Budhabalanga, Ong, Russelkunda Reservoir And Bada Nadi -",SEONATH,,29.0,2.2,7.2,,7.2  7.9,419,518,,2.0  28.0  0.48,,1.05,560,560,240,1100
2023,3167,"RIVER SEONATH AT MOHAD, RAJNANDGAON",CHHATTISGARH 2.6,"Tributary Streams - Seonath, Bheden, Kharoon, Hasdeo, Ib, Serua, Kuakhai, Daya, Birupa, Arpa, Kelo, Kathajodi, Gobari, Devi, Gangua, Kushabhadra, Mangala, Bhargavi, Kansari, Badasankha, Ratnachira, Nuna Nadi, Kusumi Nadi, Sabulia Nadi, Rushikulya, Tel, Budhabalanga, Ong, Russelkunda Reservoir And Bada Nadi -",SEONATH,,29.0,6.8,7.4,,7.3  7.6,94,504,1.4,2.8,0.32,1.10,,,93,1100
2023,2403,RIVER BHEDEN BEFORE CONFLUENCE WITH IB RIVER,ODISHA,"Tributary Streams - Seonath, Bheden, Kharoon, Hasdeo, Ib, Serua, Kuakhai, Daya, Birupa, Arpa, Kelo, Kathajodi, Gobari, Devi, Gangua, Kushabhadra, Mangala, Bhargavi, Kansari, Badasankha, Ratnachira, Nuna Nadi, Kusumi Nadi, Sabulia Nadi, Rushikulya, Tel, Budhabalanga, Ong, Russelkunda Reservoir And Bada Nadi -",,19.0,32.0,7.6,8.4,,6.8  8.5,125,795,1.3,1.7,0.32,1.20,45,1300,170,3300
2023,1265,RIVER KHAROON AT BHATAGAON NEAR WATER SUPPLY INTAKEWELL RAIPUR,CHHATTISGARH 20.0,"Tributary Streams - Seonath, Bheden, Kharoon, Hasdeo, Ib, Serua, Kuakhai, Daya, Birupa, Arpa, Kelo, Kathajodi, Gobari, Devi, Gangua, Kushabhadra, Mangala, Bhargavi, Kansari, Badasankha, Ratnachira, Nuna Nadi, Kusumi Nadi, Sabulia Nadi, Rushikulya, Tel, Budhabalanga, Ong, Russelkunda Reservoir And Bada Nadi -",KHAROON,,29.0,6.4,7.3,,7.1  8.2,190,,2020  2.1,2.5,0.00,0.00,,,34,60
2023,1846,"RIVER KHAROON B/C KHAPRI NAHLA RAIPUR ROAD,CHHATTISGARH",CHHATTISGARH 2.6,"Tributary Streams - Seonath, Bheden, Kharoon, Hasdeo, Ib, Serua, Kuakhai, Daya, Birupa, Arpa, Kelo, Kathajodi, Gobari, Devi, Gangua, Kushabhadra, Mangala, Bhargavi, Kansari, Badasankha, Ratnachira, Nuna Nadi, Kusumi Nadi, Sabulia Nadi, Rushikulya, Tel, Budhabalanga, Ong, Russelkunda Reservoir And Bada Nadi -",,,29.0,2.2,7.2,,7.3  8.0,400,,4120  1.8  10.0  0.43,,,4.03,,,210,11100
2023,1847,,"RIVER KHAROON A/C KHAPRI NAHLA,CHHATTISGARH CHHATTISGARH 2.4","Tributary Streams - Seonath, Bheden, Kharoon, Hasdeo, Ib, Serua, Kuakhai, Daya, Birupa, Arpa, Kelo, Kathajodi, Gobari, Devi, Gangua, Kushabhadra, Mangala, Bhargavi, Kansari, Badasankha, Ratnachira, Nuna Nadi, Kusumi Nadi, Sabulia Nadi, Rushikulya, Tel, Budhabalanga, Ong, Russelkunda Reservoir And Bada Nadi -",,,29.0,4.0,7.2,,7.1  7.9,400,539,,2.0  12.0  0.43,,2.26,,,220,1100
2023,1853,"RIVER KHAROON AT VILLAGE BENDRI, NEAR WATER SUPPLY INTAKEWELL",CHHATTISGARH 22.0,"Tributary Streams - Seonath, Bheden, Kharoon, Hasdeo, Ib, Serua, Kuakhai, Daya, Birupa, Arpa, Kelo, Kathajodi, Gobari, Devi, Gangua, Kushabhadra, Mangala, Bhargavi, Kansari, Badasankha, Ratnachira, Nuna Nadi, Kusumi Nadi, Sabulia Nadi, Rushikulya, Tel, Budhabalanga, Ong, Russelkunda Reservoir And Bada Nadi -",KHAROON,,32.0,6.2,6.9,,7.1  7.6,194,482,2.1,2.9,0.00,0.00,,,56,80
2023,1105,RIVER HASDEO UP STREAM OF HASDEO BANGO HYDEL POWER STATION STATION MACHADOLI KORBA,CHHATTISGARH 24.1,"Tributary Streams - Seonath, Bheden, Kharoon, Hasdeo, Ib, Serua, Kuakhai, Daya, Birupa, Arpa, Kelo, Kathajodi, Gobari, Devi, Gangua, Kushabhadra, Mangala, Bhargavi, Kansari, Badasankha, Ratnachira, Nuna Nadi, Kusumi Nadi, Sabulia Nadi, Rushikulya, Tel, Budhabalanga, Ong, Russelkunda Reservoir And Bada Nadi -",,,26.2,0.3,8.6,,7.2  7.4,126,,1326  1.0,1.2,0.37,0.53,4,22,24,49
2023,1106,RIVER HASDEO AT U/S OF CHAMPA CHHATTISGARH,CHHATTISGARH 20.1,"Tributary Streams - Seonath, Bheden, Kharoon, Hasdeo, Ib, Serua, Kuakhai, Daya, Birupa, Arpa, Kelo, Kathajodi, Gobari, Devi, Gangua, Kushabhadra, Mangala, Bhargavi, Kansari, Badasankha, Ratnachira, Nuna Nadi, Kusumi Nadi, Sabulia Nadi, Rushikulya, Tel, Budhabalanga, Ong, Russelkunda Reservoir And Bada Nadi -",HASDEO,,33.0,6.0,7.2,,7.2  8.0,160,374,1.8,3.1,2.20,4.40,12,170,28,630
2023,3165,"RIVER HASDEO 100 METER DOWNSTREAM AFTER CONFLUENCE OF DENGUR NALLAH NERA C.S.E.B. EAST GUEST HOUSE, KORBA, CHHATISGARH.",CHHATTISGARH 24.5,"Tributary Streams - Seonath, Bheden, Kharoon, Hasdeo, Ib, Serua, Kuakhai, Daya, Birupa, Arpa, Kelo, Kathajodi, Gobari, Devi, Gangua, Kushabhadra, Mangala, Bhargavi, Kansari, Badasankha, Ratnachira, Nuna Nadi, Kusumi Nadi, Sabulia Nadi, Rushikulya, Tel, Budhabalanga, Ong, Russelkunda Reservoir And Bada Nadi -",,,26.2,7.2,8.0,,7.2  7.6,149,,1524  1.0,1.8,0.61,1.10,13,37,34,150
2023,3169,"RIVER HASDEO AT DRINKING WATER INTANK WELL OF MUNICIPAL CO. KORBA (BEFORE TREATMENT ) AT LOHADIA VILLAGE,",CHHATTISGARH 24.5,"Tributary Streams - Seonath, Bheden, Kharoon, Hasdeo, Ib, Serua, Kuakhai, Daya, Birupa, Arpa, Kelo, Kathajodi, Gobari, Devi, Gangua, Kushabhadra, Mangala, Bhargavi, Kansari, Badasankha, Ratnachira, Nuna Nadi, Kusumi Nadi, Sabulia Nadi, Rushikulya, Tel, Budhabalanga, Ong, Russelkunda Reservoir And Bada Nadi -",HASDEO,,26.2,7.2,7.8,,7.1  7.5,136,,1442  1.0,1.6,0.47,0.93,9,25,21,58
2023,3170,RIVER HASDEO DRINKING WATER INTAKE WELL OF MUNICIPAL CO. KORBA AFTER TREATMENT PLANT AT VILLAGE KOHADIA KORBA,CHHATTISGARH 24.7,"Tributary Streams - Seonath, Bheden, Kharoon, Hasdeo, Ib, Serua, Kuakhai, Daya, Birupa, Arpa, Kelo, Kathajodi, Gobari, Devi, Gangua, Kushabhadra, Mangala, Bhargavi, Kansari, Badasankha, Ratnachira, Nuna Nadi, Kusumi Nadi, Sabulia Nadi, Rushikulya, Tel, Budhabalanga, Ong, Russelkunda Reservoir And Bada Nadi -",PLANT,,26.3,7.6,8.2,,7.2  7.5,141,,1565  1.0,1.0,0.44,0.82,2,4,2,22
2023,1267,RIVER IB AT SUNDARGARH,ODISHA,"Tributary Streams - Seonath, Bheden, Kharoon, Hasdeo, Ib, Serua, Kuakhai, Daya, Birupa, Arpa, Kelo, Kathajodi, Gobari, Devi, Gangua, Kushabhadra, Mangala, Bhargavi, Kansari, Badasankha, Ratnachira, Nuna Nadi, Kusumi Nadi, Sabulia Nadi, Rushikulya, Tel, Budhabalanga, Ong, Russelkunda Reservoir And Bada Nadi -",IB,22.0,32.0,5.4,8.1,,6.5  7.8,107,180,1.1,1.9,0.32,0.83,45,1700,330,3500
2023,1268,RIVER IB AT JHARSUGUDA (INTAKE),ODISHA,"Tributary Streams - Seonath, Bheden, Kharoon, Hasdeo, Ib, Serua, Kuakhai, Daya, Birupa, Arpa, Kelo, Kathajodi, Gobari, Devi, Gangua, Kushabhadra, Mangala, Bhargavi, Kansari, Badasankha, Ratnachira, Nuna Nadi, Kusumi Nadi, Sabulia Nadi, Rushikulya, Tel, Budhabalanga, Ong, Russelkunda Reservoir And Bada Nadi -",IB,18.0,32.0,7.8,8.6,,6.8  8.3,98,333,1.1,1.5,0.32,1.37,230,1700,940,3500
2023,1269,RIVER IB AT BRAJARAJNAGAR (INTAKE) D/S,ODISHA,"Tributary Streams - Seonath, Bheden, Kharoon, Hasdeo, Ib, Serua, Kuakhai, Daya, Birupa, Arpa, Kelo, Kathajodi, Gobari, Devi, Gangua, Kushabhadra, Mangala, Bhargavi, Kansari, Badasankha, Ratnachira, Nuna Nadi, Kusumi Nadi, Sabulia Nadi, Rushikulya, Tel, Budhabalanga, Ong, Russelkunda Reservoir And Bada Nadi -",IB,17.0,33.0,7.6,8.2,,6.7  8.5,115,338,1.4,1.8,0.32,1.09,130,1700,790,4900
2023,1300,RIVER IB AT BRAJARAJNAGAR U/S,ODISHA,"Tributary Streams - Seonath, Bheden, Kharoon, Hasdeo, Ib, Serua, Kuakhai, Daya, Birupa, Arpa, Kelo, Kathajodi, Gobari, Devi, Gangua, Kushabhadra, Mangala, Bhargavi, Kansari, Badasankha, Ratnachira, Nuna Nadi, Kusumi Nadi, Sabulia Nadi, Rushikulya, Tel, Budhabalanga, Ong, Russelkunda Reservoir And Bada Nadi -",IB,18.0,33.0,7.6,8.2,,6.8  8.2,120,265,1.1,1.9,0.32,1.38,110,790,490,2400
2023,2409,RIVER SERUA AT CUTTACK FD/S (SERUA) AT SANKHATRASA,ODISHA,"Tributary Streams - Seonath, Bheden, Kharoon, Hasdeo, Ib, Serua, Kuakhai, Daya, Birupa, Arpa, Kelo, Kathajodi, Gobari, Devi, Gangua, Kushabhadra, Mangala, Bhargavi, Kansari, Badasankha, Ratnachira, Nuna Nadi, Kusumi Nadi, Sabulia Nadi, Rushikulya, Tel, Budhabalanga, Ong, Russelkunda Reservoir And Bada Nadi -",SERUA,22.0,30.0,6.3,8.6,,7.2  8.5,149,280,1.1,3.9,0.32,1.34,35000,160000,92000,160000
2023,1279,RIVER KUAKHAI AT BHUBANESWAR U/S,ODISHA,"Tributary Streams - Seonath, Bheden, Kharoon, Hasdeo, Ib, Serua, Kuakhai, Daya, Birupa, Arpa, Kelo, Kathajodi, Gobari, Devi, Gangua, Kushabhadra, Mangala, Bhargavi, Kansari, Badasankha, Ratnachira, Nuna Nadi, Kusumi Nadi, Sabulia Nadi, Rushikulya, Tel, Budhabalanga, Ong, Russelkunda Reservoir And Bada Nadi -",KUAKHAI,21.0,31.0,6.3,9.2,,6.8  7.8,150,253,1.1,1.7,0.32,2.79,490,4900,1700,14000
2023,1280,RIVER DAYA AT BHUBANESWAR D/S,ODISHA,"Tributary Streams - Seonath, Bheden, Kharoon, Hasdeo, Ib, Serua, Kuakhai, Daya, Birupa, Arpa, Kelo, Kathajodi, Gobari, Devi, Gangua, Kushabhadra, Mangala, Bhargavi, Kansari, Badasankha, Ratnachira, Nuna Nadi, Kusumi Nadi, Sabulia Nadi, Rushikulya, Tel, Budhabalanga, Ong, Russelkunda Reservoir And Bada Nadi -",DAYA,20.0,33.0,2.8,7.1,,6.7  7.5,162,430,2.8,5.7,0.32,4.40,3300,92000,9200,160000
2023,2410,RIVER KUAKHAI AT BHUBANESWAR FU/S,ODISHA,"Tributary Streams - Seonath, Bheden, Kharoon, Hasdeo, Ib, Serua, Kuakhai, Daya, Birupa, Arpa, Kelo, Kathajodi, Gobari, Devi, Gangua, Kushabhadra, Mangala, Bhargavi, Kansari, Badasankha, Ratnachira, Nuna Nadi, Kusumi Nadi, Sabulia Nadi, Rushikulya, Tel, Budhabalanga, Ong, Russelkunda Reservoir And Bada Nadi -",KUAKHAI,21.0,31.0,,6.1  10.5  6.8  7.7,,,183,241,1.3,1.8,0.32,0.67,130,2200,790,4900
2023,1640,RIVER BIRUPA AT CHOUDWAR D/S,ODISHA,"Tributary Streams - Seonath, Bheden, Kharoon, Hasdeo, Ib, Serua, Kuakhai, Daya, Birupa, Arpa, Kelo, Kathajodi, Gobari, Devi, Gangua, Kushabhadra, Mangala, Bhargavi, Kansari, Badasankha, Ratnachira, Nuna Nadi, Kusumi Nadi, Sabulia Nadi, Rushikulya, Tel, Budhabalanga, Ong, Russelkunda Reservoir And Bada Nadi -",BIRUPA,22.0,31.0,6.8,8.8,,7.3  8.4,160,,2478  1.2,2.1,0.32,1.33,170,4900,1300,17000
2023,1848,"RIVER ARPA D/S OF BILASPUR CITY AT CHECK DAM OUTLET NEAR DEORI KHURD, BILASPUR",CHHATTISGARH 21.2,"Tributary Streams - Seonath, Bheden, Kharoon, Hasdeo, Ib, Serua, Kuakhai, Daya, Birupa, Arpa, Kelo, Kathajodi, Gobari, Devi, Gangua, Kushabhadra, Mangala, Bhargavi, Kansari, Badasankha, Ratnachira, Nuna Nadi, Kusumi Nadi, Sabulia Nadi, Rushikulya, Tel, Budhabalanga, Ong, Russelkunda Reservoir And Bada Nadi -",ARPA,,32.5,5.8,7.0,,6.8  9.0,376,928,2.8,4.7,2.20,6.00,20,130,70,490
2023,1849,RIVER KELO U/S URDANA VILLAGE,CHHATTISGARH 15.2,"Tributary Streams - Seonath, Bheden, Kharoon, Hasdeo, Ib, Serua, Kuakhai, Daya, Birupa, Arpa, Kelo, Kathajodi, Gobari, Devi, Gangua, Kushabhadra, Mangala, Bhargavi, Kansari, Badasankha, Ratnachira, Nuna Nadi, Kusumi Nadi, Sabulia Nadi, Rushikulya, Tel, Budhabalanga, Ong, Russelkunda Reservoir And Bada Nadi -",KELO,,30.0,6.8,7.4,,7.1  7.9,192,367,1.4,2.9,0.84,1.18,13,13,39,460
2023,1850,RIVER KELO D/S LAHANGAPALI BRIDGE MIDMIDA VILLAGE,CHHATTISGARH 15.0,"Tributary Streams - Seonath, Bheden, Kharoon, Hasdeo, Ib, Serua, Kuakhai, Daya, Birupa, Arpa, Kelo, Kathajodi, Gobari, Devi, Gangua, Kushabhadra, Mangala, Bhargavi, Kansari, Badasankha, Ratnachira, Nuna Nadi, Kusumi Nadi, Sabulia Nadi, Rushikulya, Tel, Budhabalanga, Ong, Russelkunda Reservoir And Bada Nadi -",KELO,,32.0,6.0,7.4,,7.3  8.7,194,682,1.8,3.8,0.98,1.42,50,50,64,460
2023,2411,RIVER DAYA AT BHUBANESWAR FD/S ( 2 KM AFTER CONFLUENCE OF GANGUA NALLAH WITH DAYA),ODISHA,"Tributary Streams - Seonath, Bheden, Kharoon, Hasdeo, Ib, Serua, Kuakhai, Daya, Birupa, Arpa, Kelo, Kathajodi, Gobari, Devi, Gangua, Kushabhadra, Mangala, Bhargavi, Kansari, Badasankha, Ratnachira, Nuna Nadi, Kusumi Nadi, Sabulia Nadi, Rushikulya, Tel, Budhabalanga, Ong, Russelkunda Reservoir And Bada Nadi -",DAYA,20.0,33.0,3.0,7.3,,6.9  7.7,155,426,2.3,4.8,0.38,4.79,1700,54000,3500,92000
2023,3894,RIVER DAYA AT GELAPUR,ODISHA,"Tributary Streams - Seonath, Bheden, Kharoon, Hasdeo, Ib, Serua, Kuakhai, Daya, Birupa, Arpa, Kelo, Kathajodi, Gobari, Devi, Gangua, Kushabhadra, Mangala, Bhargavi, Kansari, Badasankha, Ratnachira, Nuna Nadi, Kusumi Nadi, Sabulia Nadi, Rushikulya, Tel, Budhabalanga, Ong, Russelkunda Reservoir And Bada Nadi -",DAYA,23.0,32.0,6.2,9.4,,7.1  8.4,137,282,1.2,1.7,0.32,0.59,230,2200,1100,4900
2023,3895,RIVER DAYA AT KANAS,ODISHA,"Tributary Streams - Seonath, Bheden, Kharoon, Hasdeo, Ib, Serua, Kuakhai, Daya, Birupa, Arpa, Kelo, Kathajodi, Gobari, Devi, Gangua, Kushabhadra, Mangala, Bhargavi, Kansari, Badasankha, Ratnachira, Nuna Nadi, Kusumi Nadi, Sabulia Nadi, Rushikulya, Tel, Budhabalanga, Ong, Russelkunda Reservoir And Bada Nadi -",DAYA,19.0,35.0,3.4,9.5,,6.6  8.0,143,472,1.2,2.4,0.32,7.43,220,160000,1300,160000
2023,3891,RIVER KATHAJODI AT CUTTACK U/S,ODISHA,"Tributary Streams - Seonath, Bheden, Kharoon, Hasdeo, Ib, Serua, Kuakhai, Daya, Birupa, Arpa, Kelo, Kathajodi, Gobari, Devi, Gangua, Kushabhadra, Mangala, Bhargavi, Kansari, Badasankha, Ratnachira, Nuna Nadi, Kusumi Nadi, Sabulia Nadi, Rushikulya, Tel, Budhabalanga, Ong, Russelkunda Reservoir And Bada Nadi -",KATHAJODI,22.0,30.0,6.3,9.2,,7.2  8.5,153,252,1.1,1.6,0.32,0.59,130,1300,490,3300
2023,1301,RIVER KATHAJODI AT CUTTACK D/S,ODISHA,"Tributary Streams - Seonath, Bheden, Kharoon, Hasdeo, Ib, Serua, Kuakhai, Daya, Birupa, Arpa, Kelo, Kathajodi, Gobari, Devi, Gangua, Kushabhadra, Mangala, Bhargavi, Kansari, Badasankha, Ratnachira, Nuna Nadi, Kusumi Nadi, Sabulia Nadi, Rushikulya, Tel, Budhabalanga, Ong, Russelkunda Reservoir And Bada Nadi -",KATHAJODI,21.0,31.0,6.0,8.8,,7.2  8.4,151,361,1.5,4.2,0.32,1.43,7900,160000,24000,160000
2023,3893,RIVER KATHAJODI AT CUTTACK FD/S AT KAMASASAN,ODISHA,"Tributary Streams - Seonath, Bheden, Kharoon, Hasdeo, Ib, Serua, Kuakhai, Daya, Birupa, Arpa, Kelo, Kathajodi, Gobari, Devi, Gangua, Kushabhadra, Mangala, Bhargavi, Kansari, Badasankha, Ratnachira, Nuna Nadi, Kusumi Nadi, Sabulia Nadi, Rushikulya, Tel, Budhabalanga, Ong, Russelkunda Reservoir And Bada Nadi -",KATHAJODI,22.0,32.0,6.6,8.5,,7.3  8.5,158,327,1.3,2.5,0.32,0.98,330,7900,1700,22000
2023,3900,RIVER GOBARI AT KENDRAPARA U/S,ODISHA,"Tributary Streams - Seonath, Bheden, Kharoon, Hasdeo, Ib, Serua, Kuakhai, Daya, Birupa, Arpa, Kelo, Kathajodi, Gobari, Devi, Gangua, Kushabhadra, Mangala, Bhargavi, Kansari, Badasankha, Ratnachira, Nuna Nadi, Kusumi Nadi, Sabulia Nadi, Rushikulya, Tel, Budhabalanga, Ong, Russelkunda Reservoir And Bada Nadi -",GOBARI,23.5,32.8,2.4,5.5,,7.1  8.2,168,,1843  1.1,2.2,0.32,0.81,330,4900,1100,24000
2023,3901,RIVER GOBARI AT KENDRAPARA D/S,ODISHA,"Tributary Streams - Seonath, Bheden, Kharoon, Hasdeo, Ib, Serua, Kuakhai, Daya, Birupa, Arpa, Kelo, Kathajodi, Gobari, Devi, Gangua, Kushabhadra, Mangala, Bhargavi, Kansari, Badasankha, Ratnachira, Nuna Nadi, Kusumi Nadi, Sabulia Nadi, Rushikulya, Tel, Budhabalanga, Ong, Russelkunda Reservoir And Bada Nadi -",GOBARI,24.5,33.7,2.0,5.2,,6.9  8.2,205,,2453  1.5,2.6,0.32,0.84,790,24000,1700,54000
2023,3902,RIVER DEVI AT MACCHGAON,ODISHA,"Tributary Streams - Seonath, Bheden, Kharoon, Hasdeo, Ib, Serua, Kuakhai, Daya, Birupa, Arpa, Kelo, Kathajodi, Gobari, Devi, Gangua, Kushabhadra, Mangala, Bhargavi, Kansari, Badasankha, Ratnachira, Nuna Nadi, Kusumi Nadi, Sabulia Nadi, Rushikulya, Tel, Budhabalanga, Ong, Russelkunda Reservoir And Bada Nadi -",DEVI,24.1,33.2,5.2,7.8,,7.1  8.3,182,24860  1.2,,2.0,0.32,0.94,78,2200,230,4900
2023,3896,RIVER GANGUA NEAR RAJDHANI ENGINEERING COLLEGE,ODISHA,"Tributary Streams - Seonath, Bheden, Kharoon, Hasdeo, Ib, Serua, Kuakhai, Daya, Birupa, Arpa, Kelo, Kathajodi, Gobari, Devi, Gangua, Kushabhadra, Mangala, Bhargavi, Kansari, Badasankha, Ratnachira, Nuna Nadi, Kusumi Nadi, Sabulia Nadi, Rushikulya, Tel, Budhabalanga, Ong, Russelkunda Reservoir And Bada Nadi -",GANGUA,20.0,30.0,0.3,2.2,,6.7  7.4,172,449,,6.3  15.0  0.32  15.71,,,16000,160000,16000,160000
2023,3897,RIVER GANGUA AT PALASUNI,ODISHA,"Tributary Streams - Seonath, Bheden, Kharoon, Hasdeo, Ib, Serua, Kuakhai, Daya, Birupa, Arpa, Kelo, Kathajodi, Gobari, Devi, Gangua, Kushabhadra, Mangala, Bhargavi, Kansari, Badasankha, Ratnachira, Nuna Nadi, Kusumi Nadi, Sabulia Nadi, Rushikulya, Tel, Budhabalanga, Ong, Russelkunda Reservoir And Bada Nadi -",GANGUA,22.0,32.0,0.3,3.3,,4.7  7.2,201,702,,7.7  18.0  0.32  13.22,,,2,160000,2,160000
2023,3898,RIVER GANGUA AT SAMANTARAPUR,ODISHA,"Tributary Streams - Seonath, Bheden, Kharoon, Hasdeo, Ib, Serua, Kuakhai, Daya, Birupa, Arpa, Kelo, Kathajodi, Gobari, Devi, Gangua, Kushabhadra, Mangala, Bhargavi, Kansari, Badasankha, Ratnachira, Nuna Nadi, Kusumi Nadi, Sabulia Nadi, Rushikulya, Tel, Budhabalanga, Ong, Russelkunda Reservoir And Bada Nadi -",GANGUA,22.0,32.0,0.3,3.3,,6.6  7.2,268,580,,8.0  18.0  0.32  10.57,,,2,160000,2,160000
2023,3899,RIVER GANGUA AT VADIMULA,ODISHA,"Tributary Streams - Seonath, Bheden, Kharoon, Hasdeo, Ib, Serua, Kuakhai, Daya, Birupa, Arpa, Kelo, Kathajodi, Gobari, Devi, Gangua, Kushabhadra, Mangala, Bhargavi, Kansari, Badasankha, Ratnachira, Nuna Nadi, Kusumi Nadi, Sabulia Nadi, Rushikulya, Tel, Budhabalanga, Ong, Russelkunda Reservoir And Bada Nadi -",GANGUA,20.0,32.0,0.9,4.5,,6.8  7.9,195,502,,5.0  18.0  0.32,,6.02,7900,160000,24000,160000
2023,3903,RIVER KUSHABHADRA AT BHINGARPUR,ODISHA,"Tributary Streams - Seonath, Bheden, Kharoon, Hasdeo, Ib, Serua, Kuakhai, Daya, Birupa, Arpa, Kelo, Kathajodi, Gobari, Devi, Gangua, Kushabhadra, Mangala, Bhargavi, Kansari, Badasankha, Ratnachira, Nuna Nadi, Kusumi Nadi, Sabulia Nadi, Rushikulya, Tel, Budhabalanga, Ong, Russelkunda Reservoir And Bada Nadi -",KUSHABHADRA,19.0,32.0,5.1,9.1,,7.1  7.6,180,267,1.2,1.7,0.32,0.78,330,54000,1700,160000
2023,3904,RIVER KUSHABHADRA AT NIMAPARA,ODISHA,"Tributary Streams - Seonath, Bheden, Kharoon, Hasdeo, Ib, Serua, Kuakhai, Daya, Birupa, Arpa, Kelo, Kathajodi, Gobari, Devi, Gangua, Kushabhadra, Mangala, Bhargavi, Kansari, Badasankha, Ratnachira, Nuna Nadi, Kusumi Nadi, Sabulia Nadi, Rushikulya, Tel, Budhabalanga, Ong, Russelkunda Reservoir And Bada Nadi -",KUSHABHADRA,22.0,32.0,4.9,8.8,,6.8  7.8,131,282,1.1,1.6,0.32,4.97,130,3300,490,11000
2023,3905,RIVER KUSHABHADRA AT GOP,ODISHA,"Tributary Streams - Seonath, Bheden, Kharoon, Hasdeo, Ib, Serua, Kuakhai, Daya, Birupa, Arpa, Kelo, Kathajodi, Gobari, Devi, Gangua, Kushabhadra, Mangala, Bhargavi, Kansari, Badasankha, Ratnachira, Nuna Nadi, Kusumi Nadi, Sabulia Nadi, Rushikulya, Tel, Budhabalanga, Ong, Russelkunda Reservoir And Bada Nadi -",KUSHABHADRA,22.0,34.5,4.3,8.4,,6.9  7.8,164,348,1.2,1.7,0.32,1.47,940,54000,2800,160000
2023,3906,RIVER MANGALA AT PURI U/S MALATIPATPUR,ODISHA,"Tributary Streams - Seonath, Bheden, Kharoon, Hasdeo, Ib, Serua, Kuakhai, Daya, Birupa, Arpa, Kelo, Kathajodi, Gobari, Devi, Gangua, Kushabhadra, Mangala, Bhargavi, Kansari, Badasankha, Ratnachira, Nuna Nadi, Kusumi Nadi, Sabulia Nadi, Rushikulya, Tel, Budhabalanga, Ong, Russelkunda Reservoir And Bada Nadi -",MANGALA,20.0,32.0,4.8,9.1,,6.9  8.2,138,360,1.1,2.1,0.32,0.64,78,1700,330,2800
2023,3907,RIVER MANGALA AT PURI D/S GOLASAHI,ODISHA,"Tributary Streams - Seonath, Bheden, Kharoon, Hasdeo, Ib, Serua, Kuakhai, Daya, Birupa, Arpa, Kelo, Kathajodi, Gobari, Devi, Gangua, Kushabhadra, Mangala, Bhargavi, Kansari, Badasankha, Ratnachira, Nuna Nadi, Kusumi Nadi, Sabulia Nadi, Rushikulya, Tel, Budhabalanga, Ong, Russelkunda Reservoir And Bada Nadi -",MANGALA,23.0,34.0,,4.4  13.0  7.1  8.5,,,166,14710  1.7,,3.6,0.33,5.17,130,2200,490,4900
2023,3908,RIVER BHARGAVI AT CHANDANPUR,ODISHA,"Tributary Streams - Seonath, Bheden, Kharoon, Hasdeo, Ib, Serua, Kuakhai, Daya, Birupa, Arpa, Kelo, Kathajodi, Gobari, Devi, Gangua, Kushabhadra, Mangala, Bhargavi, Kansari, Badasankha, Ratnachira, Nuna Nadi, Kusumi Nadi, Sabulia Nadi, Rushikulya, Tel, Budhabalanga, Ong, Russelkunda Reservoir And Bada Nadi -",BHARGAVI,20.5,32.0,4.6,9.2,,6.9  8.3,148,280,1.2,2.6,0.32,0.74,45,2200,230,4900
2023,3909,RIVER KANSARI AT BANAPUR ROAD NEAR PURUSHOTTAMPUR,ODISHA,"Tributary Streams - Seonath, Bheden, Kharoon, Hasdeo, Ib, Serua, Kuakhai, Daya, Birupa, Arpa, Kelo, Kathajodi, Gobari, Devi, Gangua, Kushabhadra, Mangala, Bhargavi, Kansari, Badasankha, Ratnachira, Nuna Nadi, Kusumi Nadi, Sabulia Nadi, Rushikulya, Tel, Budhabalanga, Ong, Russelkunda Reservoir And Bada Nadi -",KANSARI,19.0,34.0,5.5,8.2,,6.6  7.8,178,355,1.1,2.2,0.32,1.54,490,2300,1400,4900
2023,3910,RIVER BADASANKHA NADI NEAR LANGALESWAR,ODISHA,"Tributary Streams - Seonath, Bheden, Kharoon, Hasdeo, Ib, Serua, Kuakhai, Daya, Birupa, Arpa, Kelo, Kathajodi, Gobari, Devi, Gangua, Kushabhadra, Mangala, Bhargavi, Kansari, Badasankha, Ratnachira, Nuna Nadi, Kusumi Nadi, Sabulia Nadi, Rushikulya, Tel, Budhabalanga, Ong, Russelkunda Reservoir And Bada Nadi -",BADASANKHA NADI,20.0,34.5,,5.0  10.2  6.8  8.1,,,410,,4657  1.4,2.4,0.32,1.50,210,2400,700,4900
2023,3911,RIVER RATNACHIRA NAADI AT KUMARADIHI,ODISHA,"Tributary Streams - Seonath, Bheden, Kharoon, Hasdeo, Ib, Serua, Kuakhai, Daya, Birupa, Arpa, Kelo, Kathajodi, Gobari, Devi, Gangua, Kushabhadra, Mangala, Bhargavi, Kansari, Badasankha, Ratnachira, Nuna Nadi, Kusumi Nadi, Sabulia Nadi, Rushikulya, Tel, Budhabalanga, Ong, Russelkunda Reservoir And Bada Nadi -",RATNACHIRA NAADI,18.5,33.0,5.1,7.3,,6.9  7.7,176,957,1.2,1.9,0.32,1.04,230,2300,1100,4900
2023,3912,RIVER NUNA NADI AT BIJIPUR,ODISHA,"Tributary Streams - Seonath, Bheden, Kharoon, Hasdeo, Ib, Serua, Kuakhai, Daya, Birupa, Arpa, Kelo, Kathajodi, Gobari, Devi, Gangua, Kushabhadra, Mangala, Bhargavi, Kansari, Badasankha, Ratnachira, Nuna Nadi, Kusumi Nadi, Sabulia Nadi, Rushikulya, Tel, Budhabalanga, Ong, Russelkunda Reservoir And Bada Nadi -",NUNA NADI,20.0,34.0,,4.8  10.8  6.9  7.7,,,145,323,1.1,1.8,0.32,2.87,330,35000,1700,92000
2023,3913,RIVER KUSUMI NADI NEAR TANGI (LAXMIDHARA PUR),ODISHA,"Tributary Streams - Seonath, Bheden, Kharoon, Hasdeo, Ib, Serua, Kuakhai, Daya, Birupa, Arpa, Kelo, Kathajodi, Gobari, Devi, Gangua, Kushabhadra, Mangala, Bhargavi, Kansari, Badasankha, Ratnachira, Nuna Nadi, Kusumi Nadi, Sabulia Nadi, Rushikulya, Tel, Budhabalanga, Ong, Russelkunda Reservoir And Bada Nadi -",KUSUMI NADI,19.0,32.0,5.3,7.7,,6.6  7.9,150,276,1.2,2.4,0.32,2.19,2,2300,2,4900
2023,3914,RIVER SABULIA NADI NEAR RAMBHA (AT JAGANNATHPATNA),ODISHA,"Tributary Streams - Seonath, Bheden, Kharoon, Hasdeo, Ib, Serua, Kuakhai, Daya, Birupa, Arpa, Kelo, Kathajodi, Gobari, Devi, Gangua, Kushabhadra, Mangala, Bhargavi, Kansari, Badasankha, Ratnachira, Nuna Nadi, Kusumi Nadi, Sabulia Nadi, Rushikulya, Tel, Budhabalanga, Ong, Russelkunda Reservoir And Bada Nadi -",SABULIA NADI,21.0,35.0,5.2,7.9,,7.2  7.9,428,,1208  1.1,1.9,0.32,1.72,790,2400,2200,4900
2023,2408,"RIVER TEL (OVER ROAD BRIDGE STATE HIGHWAY -41, MANAMUNDA)",ODISHA,"Tributary Streams - Seonath, Bheden, Kharoon, Hasdeo, Ib, Serua, Kuakhai, Daya, Birupa, Arpa, Kelo, Kathajodi, Gobari, Devi, Gangua, Kushabhadra, Mangala, Bhargavi, Kansari, Badasankha, Ratnachira, Nuna Nadi, Kusumi Nadi, Sabulia Nadi, Rushikulya, Tel, Budhabalanga, Ong, Russelkunda Reservoir And Bada Nadi -",,23.0,30.0,,6.7  10.1  7.6  8.4,,,109,246,1.1,1.7,0.32,7.29,45,1100,130,3500
2023,1085,RIVER DHAMRA AT DHAMRA,ODISHA,Baitarni,DHAMRA,20.0,30.0,6.0,9.6,,6.6  8.1,410,34030  1.1,,1.9,0.32,0.88,45,1300,330,4700
2023,3168,RIVER HASDEO DOWN STREAM OF HASDEO RIVER NEAR VILLAGE URGA KORBA,CHHATTISGARH 24.7,Baitarni,HASDEO DOWN STREAM OF HASDEO RIVER,,26.3,7.0,8.0,,7.2  7.7,158,,1722  1.0,2.4,0.69,1.16,14,40,49,170
2023,3889,RIVER ONG AT DHARUAKHAMMA,ODISHA,Baitarni,ONG,24.0,30.0,,5.6  10.1  7.8  8.5,,,190,340,1.1,1.6,0.32,0.81,33,790,94,2400
2023,4993,HUKITOLA,ODISHA,Baitarni,,27.0,30.0,4.7,6.5,,8.0  8.3,,,1.0,1.0,0.00,0.00,2,2,,
2023,5532,RIVER GOBARI AT JAMBO,ODISHA,Baitarni,GOBARI,25.0,32.5,4.1,7.6,,7.1  7.8,300,42600  1.2,,1.4,0.32,1.27,78,2300,330,4900
2023,5533,RIVER HANSUA AT BARUNEI,ODISHA,Baitarni,HANSUA,25.2,32.2,5.1,7.7,,7.3  8.4,176,40570  1.2,,1.4,0.32,1.72,45,1300,330,3500
2023,5534,RIVER PATSALA AT GUPTI,ODISHA,Baitarni,PATSALA,25.0,33.4,4.9,7.1,,6.8  7.9,295,42210  1.2,,2.2,0.32,2.90,45,1300,330,3500
2023,5535,"RIVER DHAMRA, KALIBHANJADIA",ODISHA,Baitarni,,25.2,32.0,4.5,7.6,,7.1  8.0,,1384  41900  1.2,,1.9,0.32,1.51,20,1300,130,3500
2023,5536,RIVER BHITARAKANIKA AT DANGAMALA,ODISHA,Baitarni,BHITARAKANIKA,25.0,33.1,4.8,6.2,,6.9  8.1,365,36540  1.1,,2.5,,0.32  31.02,130,3300,330,7900
2023,1081,RIVER BAITARNI AT JODA,ODISHA,Baitarni,BAITARNI,19.0,31.0,6.2,7.5,,6.8  8.0,80,164,1.1,1.8,0.32,1.58,110,1300,490,4000
2023,1082,RIVER BAITARNI AT ANANDPUR,ODISHA,Baitarni,BAITARNI,21.0,29.0,6.2,9.6,,6.8  8.0,103,178,1.1,1.9,0.32,0.65,130,790,490,2400
2023,1083,RIVER BAITARNI AT JAJPUR,ODISHA,Baitarni,BAITARNI,21.0,23.0,6.2,8.5,,7.1  8.2,110,328,1.1,2.6,0.32,3.35,130,4900,330,24000
2023,3935,RIVER BAITARNI AT NAIGARH,ODISHA,Baitarni,BAITARNI,19.0,29.0,6.0,7.3,,6.8  8.1,73,153,1.1,1.5,0.32,1.08,45,700,330,2200
2023,3936,RIVER BAITARNI AT UNCHABALI,ODISHA,Baitarni,BAITARNI,19.0,30.0,6.4,7.4,,6.7  8.1,70,151,1.1,1.4,0.32,1.42,110,790,330,2200
2023,3938,RIVER BAITARNI AT TRIBINDHA,ODISHA,Baitarni,BAITARNI,20.0,32.0,6.2,7.3,,6.8  8.0,112,168,1.1,1.8,0.32,1.49,78,1300,330,4900
2023,3937,RIVER BAITARNI AT CHAMPUA,ODISHA,Baitarni,BAITARNI,20.0,29.3,6.3,7.0,,6.7  8.1,93,140,1.1,1.7,0.32,1.51,2,1700,330,2400
2023,1084,RIVER BAITARNI AT CHANDBALI U/S,ODISHA,Baitarni,BAITARNI,20.0,32.0,4.8,9.2,,6.6  7.8,140,20550  1.1,,2.0,0.32,1.38,170,2200,490,4900
2023,10018,RIVER BAITARNI AT CHANDBALI D/S,ODISHA,Baitarni,BAITARNI,20.0,32.0,4.4,9.2,,6.5  8.3,150,21870  1.3,,2.1,0.32,1.90,170,4900,490,17000
2023,3940,RIVER SALANDI AT BHADRAK U/S,ODISHA,Baitarni,SALANDI,20.0,30.0,4.8,9.2,,6.7  8.4,105,322,1.1,1.6,0.32,2.24,130,24000,790,54000
2023,3941,RIVER SALANDI AT BHADRAK D/S,ODISHA,Baitarni,SALANDI,20.0,30.0,4.4,9.6,,6.6  8.2,98,380,1.2,1.9,0.32,1.69,330,7900,1700,22000
2023,2421,"RIVER KUSEI BEFORE JOINING WITH BAITARANI AT ANANDPUR, DEOGAON",ODISHA,Baitarni,KUSEI BEFORE JOINING WITH BAITARANI,20.0,29.0,6.8,8.5,,6.7  8.5,144,322,1.1,2.0,0.32,1.42,130,3300,330,11000
2023,5535,"RIVER DHAMRA, KALIBHANJADIA",ODISHA,Baitarni,,25.2,32.0,4.5,7.6,,7.1  8.0,,1384  41900  1.2,,1.9,0.32,1.51,20,1300,130,3500
2023,1037,RIVER BRAHMANI AT U/S PANPOSH,ODISHA,Brahamani,BRAHMANI,22.0,31.0,5.0,8.8,,6.9  8.2,114,218,1.1,1.7,0.32,3.24,140,2300,490,4900
2023,1038,RIVER BRAHMANI AT D/S PANPOSH AT DEOGAN,ODISHA,Brahamani,BRAHMANI,21.0,31.0,2.4,7.0,,6.6  7.8,188,625,3.2,5.7,,0.72  18.78,4900,54000,9400,92000
2023,1302,RIVER BRAHMANI AT ROURKELA D/S AT JALDA,ODISHA,Brahamani,BRAHMANI,23.0,32.0,2.8,7.8,,6.7  7.8,141,368,3.4,5.3,,0.75  11.44,33,17000,7000,54000
2023,2414,RIVER BRAHMANI AT ROURKELA FD/S AT BIRITOLA,ODISHA,Brahamani,BRAHMANI,17.0,34.0,5.4,8.1,,6.6  8.1,110,263,1.5,2.8,0.32,6.84,13,2300,130,4900
2023,1039,RIVER BRAHMANI AT BONAIGARH,ODISHA,Brahamani,BRAHMANI,16.0,34.0,,6.1  10.5  6.7  8.1,,,112,246,1.1,2.1,0.34,6.28,13,24000,130,54000
2023,1040,RIVER BRAHMANI AT RENGALI,ODISHA,Brahamani,BRAHMANI,22.0,29.0,6.0,9.8,,7.1  8.5,114,185,1.1,2.0,0.32,0.70,17,490,45,2400
2023,1041,RIVER BRAHMANI AT SAMAL,ODISHA,Brahamani,BRAHMANI,23.0,30.0,,6.2  10.2  7.1  8.4,,,116,158,1.1,1.9,0.32,0.75,130,1700,490,4900
2023,2415,"RIVER BRAHMANI AT TALCHER FU/S (INTAKE WELL OF MCL, TALCHER)",ODISHA,Brahamani,BRAHMANI,23.0,30.0,6.4,9.8,,7.1  8.3,113,176,1.2,1.5,0.32,0.58,45,790,330,2400
2023,2416,RIVER BRAHMANI AT TALCHER FD/S,ODISHA,Brahamani,BRAHMANI,23.0,28.0,5.6,9.2,,6.9  8.1,126,233,1.3,1.7,0.32,0.59,78,330,290,1300
2023,1042,RIVER BRAHMANI AT KAMALANGA (TALCHER D/S),ODISHA,Brahamani,BRAHMANI,22.0,28.0,6.2,8.6,,7.1  8.1,143,224,1.2,2.1,0.32,1.28,330,1700,940,3500
2023,2417,"RIVER BRAHAMNI AT DHENKANAL D/S, DHENKANAL TOWN",ODISHA,Brahamani,BRAHAMNI,23.0,29.0,6.8,9.0,,6.9  7.5,134,227,1.4,1.8,0.32,1.62,330,2400,1700,4900
2023,1303,RIVER BRAHMANI AT TALCHER U/S,ODISHA,Brahamani,BRAHMANI,22.0,28.0,6.8,9.0,,7.1  8.2,136,187,1.1,2.4,0.32,0.67,130,1300,490,2800
2023,1043,RIVER BRAHMANI AT BHUBAN,ODISHA,Brahamani,BRAHMANI,24.0,29.0,6.0,9.0,,6.5  7.6,133,386,1.1,1.6,0.32,2.82,78,2300,490,4600
2023,2418,RIVER BRAHMANI AT KABATABANDHA (BEFORE IMPACT OF INDUSTRIAL ACTIVITY IN KALINGANAGAR AREA),ODISHA,Brahamani,BRAHMANI,21.0,23.0,6.0,8.9,,6.6  8.1,110,325,1.1,1.6,0.32,1.33,78,1700,330,3300
2023,10019,RIVER BRAHMANI AT DHARAMSHALA U/S,ODISHA,Brahamani,BRAHMANI,21.0,24.0,6.2,8.6,,6.9  8.2,135,178,1.3,1.6,0.32,1.66,130,24000,790,54000
2023,1044,RIVER BRAHMANI AT DHARMASHALA U/S,ODISHA,Brahamani,BRAHMANI,21.0,24.0,6.4,8.7,,6.5  8.4,131,186,1.1,1.9,0.32,1.20,110,2200,490,9400
2023,1045,RIVER BRAHMANI AT PATTAMUNDAI,ODISHA,Brahamani,BRAHMANI,24.1,33.5,5.8,8.6,,7.3  8.2,165,233,1.1,1.4,0.32,0.88,330,1700,1300,4000
2023,3916,RIVER BRAHMANI AT ROURKELA FD/S AT ATTAGHAT,ODISHA,Brahamani,BRAHMANI,23.0,32.0,3.2,9.0,,6.5  8.5,140,345,1.8,4.8,0.52,7.32,78,2300,330,7900
2023,3917,RIVER BRAHMANI AT MANDAPAL,ODISHA,Brahamani,BRAHMANI,23.0,29.0,6.4,8.6,,6.5  7.6,124,187,1.1,1.9,0.32,0.70,1700,17000,3500,35000
2023,3918,RIVER BRAHMANI AT DHENKANAL U/S,ODISHA,Brahamani,BRAHMANI,24.0,29.0,6.4,9.4,,6.8  7.5,126,220,1.1,1.6,0.32,0.88,110,1400,490,3500
2023,2419,RIVER KHARASROTA AT KHANDITARA (D/S OF INDUSTRIAL ACTIVITIES AT KALINGA NAGAR),ODISHA,"Tributary Streams - Kharasrota, Kisindajhor, Bangurusingada Jhor, Karo, Badajhor, Damasala, Tikira, Singda Jhor, Ramiala, Koel, North Koel, Sankh, Nandira, Lingira And Banguru Nallah -",KHARASROTA,20.0,23.0,6.2,8.6,,6.9  8.2,125,162,1.1,1.6,0.32,1.20,45,2300,330,4900
2023,2420,RIVER KHARASROTA AT AUL,ODISHA,"Tributary Streams - Kharasrota, Kisindajhor, Bangurusingada Jhor, Karo, Badajhor, Damasala, Tikira, Singda Jhor, Ramiala, Koel, North Koel, Sankh, Nandira, Lingira And Banguru Nallah -",KHARASROTA,23.6,33.1,5.5,8.6,,7.3  8.4,140,371,1.1,1.5,0.32,0.60,220,2300,700,4900
2023,3922,RIVER KHARASROTA AT BINJHARPUR,ODISHA,"Tributary Streams - Kharasrota, Kisindajhor, Bangurusingada Jhor, Karo, Badajhor, Damasala, Tikira, Singda Jhor, Ramiala, Koel, North Koel, Sankh, Nandira, Lingira And Banguru Nallah -",KHARASROTA,21.0,23.0,6.3,8.9,,6.8  8.5,108,236,1.1,1.9,0.32,4.34,110,2300,790,5600
2023,3921,RIVER KISINDAJHOR AT KHARAGPRASAD,ODISHA,"Tributary Streams - Kharasrota, Kisindajhor, Bangurusingada Jhor, Karo, Badajhor, Damasala, Tikira, Singda Jhor, Ramiala, Koel, North Koel, Sankh, Nandira, Lingira And Banguru Nallah -",KISINDAJHOR,23.0,28.0,3.8,7.8,,6.9  7.9,302,710,1.1,1.9,0.32,3.13,230,2300,790,4900
2023,3931,RIVER BANGURUSINGADA JHOR,ODISHA,"Tributary Streams - Kharasrota, Kisindajhor, Bangurusingada Jhor, Karo, Badajhor, Damasala, Tikira, Singda Jhor, Ramiala, Koel, North Koel, Sankh, Nandira, Lingira And Banguru Nallah -",,22.0,29.0,4.6,9.6,,7.5  7.9,260,455,1.1,1.8,0.32,1.00,110,1700,490,4900
2023,1034,"RIVER SANKH AT BOLBA, JHARKAND",JHARKHAND,"Tributary Streams - Kharasrota, Kisindajhor, Bangurusingada Jhor, Karo, Badajhor, Damasala, Tikira, Singda Jhor, Ramiala, Koel, North Koel, Sankh, Nandira, Lingira And Banguru Nallah -",SANKH,9.0,23.0,7.8,8.2,,7.2  7.3,,,1.1,2.4,0.00,0.00,,,,
2023,2412,RIVER SANKHA U/S ( D/S OF MANDIRA DAM),ODISHA,"Tributary Streams - Kharasrota, Kisindajhor, Bangurusingada Jhor, Karo, Badajhor, Damasala, Tikira, Singda Jhor, Ramiala, Koel, North Koel, Sankh, Nandira, Lingira And Banguru Nallah -",SANKHA,23.0,30.0,5.4,8.4,,6.7  7.9,100,198,1.1,1.5,0.32,0.57,78,1300,490,4900
2023,1035,"RIVER KARO AT LOHOJIMI U/S, JHARKAND",JHARKHAND,"Tributary Streams - Kharasrota, Kisindajhor, Bangurusingada Jhor, Karo, Badajhor, Damasala, Tikira, Singda Jhor, Ramiala, Koel, North Koel, Sankh, Nandira, Lingira And Banguru Nallah -",KARO,10.0,26.0,7.7,7.9,,6.6  7.5,,,1.1,2.6,0.00,0.00,,,,
2023,3915,RIVER KARO AT BADBIL,ODISHA,"Tributary Streams - Kharasrota, Kisindajhor, Bangurusingada Jhor, Karo, Badajhor, Damasala, Tikira, Singda Jhor, Ramiala, Koel, North Koel, Sankh, Nandira, Lingira And Banguru Nallah -",KARO,20.0,31.0,6.2,8.1,,6.7  8.2,115,178,1.1,1.6,0.32,0.81,78,1300,330,3900
2023,3924,RIVER BADAJHOR (AT DHENKANAL),ODISHA,"Tributary Streams - Kharasrota, Kisindajhor, Bangurusingada Jhor, Karo, Badajhor, Damasala, Tikira, Singda Jhor, Ramiala, Koel, North Koel, Sankh, Nandira, Lingira And Banguru Nallah -",,22.0,28.0,,6.0  10.4  7.1  8.1,,,185,386,1.1,1.9,0.32,0.97,230,4900,1300,24000
2023,3933,RIVER DAMASALA AT DAYANABIL,ODISHA,"Tributary Streams - Kharasrota, Kisindajhor, Bangurusingada Jhor, Karo, Badajhor, Damasala, Tikira, Singda Jhor, Ramiala, Koel, North Koel, Sankh, Nandira, Lingira And Banguru Nallah -",DAMASALA,21.0,23.0,6.0,8.4,,6.8  8.0,83,205,1.1,2.0,0.32,1.05,130,2200,330,3500
2023,3927,RIVER TIKIRA AT KANIHA U/S,ODISHA,"Tributary Streams - Kharasrota, Kisindajhor, Bangurusingada Jhor, Karo, Badajhor, Damasala, Tikira, Singda Jhor, Ramiala, Koel, North Koel, Sankh, Nandira, Lingira And Banguru Nallah -",TIKIRA,22.0,29.0,6.2,9.0,,7.5  8.2,163,366,1.1,1.4,,0.32  92.02,78,2100,330,4000
2023,3928,RIVER TIKIRA AT KANIHA D/S,ODISHA,"Tributary Streams - Kharasrota, Kisindajhor, Bangurusingada Jhor, Karo, Badajhor, Damasala, Tikira, Singda Jhor, Ramiala, Koel, North Koel, Sankh, Nandira, Lingira And Banguru Nallah -",TIKIRA,23.0,29.0,,6.8  10.8  7.5  8.4,,,174,416,1.4,2.0,0.32,1.18,170,2200,490,4900
2023,3932,RIVER RAMIALA NEAR KAMAKHYANAGAR,ODISHA,"Tributary Streams - Kharasrota, Kisindajhor, Bangurusingada Jhor, Karo, Badajhor, Damasala, Tikira, Singda Jhor, Ramiala, Koel, North Koel, Sankh, Nandira, Lingira And Banguru Nallah -",RAMIALA,24.0,29.0,5.2,8.6,,7.2  8.1,101,272,1.1,1.9,0.32,0.65,130,790,490,2800
2023,1033,"RIVER KOEL AT BASIA, DAM U/S, JHARKHAND",JHARKHAND,"Tributary Streams - Kharasrota, Kisindajhor, Bangurusingada Jhor, Karo, Badajhor, Damasala, Tikira, Singda Jhor, Ramiala, Koel, North Koel, Sankh, Nandira, Lingira And Banguru Nallah -",KOEL,9.6,25.0,7.6,7.9,,6.5  7.6,,,1.0,2.3,0.00,0.00,,,,
2023,1036,"RIVER KOEL AT MANOHARPUR AFTER MEETING KOINA RIVER D/S, JHARKAND",JHARKHAND,"Tributary Streams - Kharasrota, Kisindajhor, Bangurusingada Jhor, Karo, Badajhor, Damasala, Tikira, Singda Jhor, Ramiala, Koel, North Koel, Sankh, Nandira, Lingira And Banguru Nallah -",KOEL,19.2,36.0,6.7,8.7,,6.8  8.3,198,424,1.2,3.2,0.00,0.00,,,,
2023,2376,RIVER NORTH KOEL U/S DALTANGANJ,JHARKHAND,"Tributary Streams - Kharasrota, Kisindajhor, Bangurusingada Jhor, Karo, Badajhor, Damasala, Tikira, Singda Jhor, Ramiala, Koel, North Koel, Sankh, Nandira, Lingira And Banguru Nallah -",NORTH KOEL,16.0,23.5,7.2,7.9,,6.8  7.6,,,1.1,2.6,0.00,0.00,,,,
2023,2377,"RIVER NORTH KOEL D/S BCCL, REHLA",JHARKHAND,"Tributary Streams - Kharasrota, Kisindajhor, Bangurusingada Jhor, Karo, Badajhor, Damasala, Tikira, Singda Jhor, Ramiala, Koel, North Koel, Sankh, Nandira, Lingira And Banguru Nallah -",NORTH KOEL,16.6,26.0,7.0,7.9,,6.8  7.5,,,1.3,2.6,0.00,0.00,,,,
2023,2413,RIVER KOEL U/S (AFTER CONFLUENCE OF KARO),ODISHA,"Tributary Streams - Kharasrota, Kisindajhor, Bangurusingada Jhor, Karo, Badajhor, Damasala, Tikira, Singda Jhor, Ramiala, Koel, North Koel, Sankh, Nandira, Lingira And Banguru Nallah -",KOEL,22.0,32.0,5.0,8.3,,6.8  8.5,123,220,1.1,1.8,0.32,1.31,330,2300,1700,4900
2023,3919,RIVER NANDIRA U/S AT KUKUDANGA,ODISHA,"Tributary Streams - Kharasrota, Kisindajhor, Bangurusingada Jhor, Karo, Badajhor, Damasala, Tikira, Singda Jhor, Ramiala, Koel, North Koel, Sankh, Nandira, Lingira And Banguru Nallah -",NANDIRA,21.0,27.0,,4.8  12.4  6.8  8.4,,,325,595,1.1,1.6,0.47,3.86,78,2300,330,4900
2023,3920,RIVER NANDIRA D/S AT DASNALI,ODISHA,"Tributary Streams - Kharasrota, Kisindajhor, Bangurusingada Jhor, Karo, Badajhor, Damasala, Tikira, Singda Jhor, Ramiala, Koel, North Koel, Sankh, Nandira, Lingira And Banguru Nallah -",NANDIRA,22.0,28.0,,6.2  12.6  6.9  8.3,,,410,721,1.3,2.0,0.32,2.34,130,2100,490,4900
2023,3925,RIVER LINGIRA U/S OF ANGUL,ODISHA,"Tributary Streams - Kharasrota, Kisindajhor, Bangurusingada Jhor, Karo, Badajhor, Damasala, Tikira, Singda Jhor, Ramiala, Koel, North Koel, Sankh, Nandira, Lingira And Banguru Nallah -",LINGIRA,23.0,28.0,,6.2  12.0  7.4  8.4,,,290,523,1.1,1.6,0.32,1.78,130,790,460,3500
2023,3926,RIVER LINGIRA D/S OF ANGUL,ODISHA,"Tributary Streams - Kharasrota, Kisindajhor, Bangurusingada Jhor, Karo, Badajhor, Damasala, Tikira, Singda Jhor, Ramiala, Koel, North Koel, Sankh, Nandira, Lingira And Banguru Nallah -",LINGIRA,23.0,28.0,,4.8  10.8  7.5  8.3,,,312,530,1.4,1.8,,0.32  92.02,130,1300,700,4900
2023,3929,"RIVER SINGDA JHOR (TALCHER KANIHA ROAD BRIDGE, BALANGI)",ODISHA,"Tributary Streams - Kharasrota, Kisindajhor, Bangurusingada Jhor, Karo, Badajhor, Damasala, Tikira, Singda Jhor, Ramiala, Koel, North Koel, Sankh, Nandira, Lingira And Banguru Nallah -",,23.0,30.0,,6.6  10.0  7.3  8.2,,,280,520,1.1,1.6,0.32,3.74,170,2300,700,4900
2023,3930,"BANGURU NALLAH (OVER BRIDGE TALCHER RENGALI DAM ROAD, SARKISOREPAL)",ODISHA,"Tributary Streams - Kharasrota, Kisindajhor, Bangurusingada Jhor, Karo, Badajhor, Damasala, Tikira, Singda Jhor, Ramiala, Koel, North Koel, Sankh, Nandira, Lingira And Banguru Nallah -",,21.0,28.0,5.8,9.0,,7.2  7.9,471,,1052  1.1,2.5,0.32,2.98,130,1100,330,3500
2023,1095,"RIVER GODAVARI AT U/S OF GANGAPUR DAM, VILLAGE- GANGAPUR,TALUKA- NASHIK, DISTRICT- NASHIK.",MAHARASHTRA 20.0,Godavari,GODAVARI,,29.0,5.9,7.3,,7.1  8.0,157,302,2.8,3.2,0.30,2.40,4,46,38,68
2023,2177,"RIVER GODAVARI NEAR SOMESHWAR TEMPLE, VILLAGE- SOMESHWAR, TALUKA- NASHIK, DISTRICT- NASHIK.",MAHARASHTRA 20.0,Godavari,GODAVARI,,28.0,5.5,6.5,,7.2  7.9,280,856,2.8,3.6,0.75,3.67,4,63,35,68
2023,2179,"RIVER GODAVARI AT HANUMAN GHAT, VILLAGE- NASHIK CITY, TALUKA- NASHIK, DISTRICT- NASHIK.",MAHARASHTRA 20.0,Godavari,GODAVARI,,28.0,4.8,7.2,,7.2  7.9,308,,3317  3.0,4.2,0.61,3.19,4,48,40,58
2023,1096,"RIVER GODAVARI AT RAMKUND, VILLAGE- PANCHAVATI, TALUKA- NASHIK, DISTRICT- NASHIK.",MAHARASHTRA 20.0,Godavari,GODAVARI,,29.0,3.5,6.9,,7.3  8.1,272,578,3.4,4.2,0.30,3.03,4,63,48,110
2023,1211,"RIVER GODAVARI AT D/S OF NASHIK NEAR AMARDHAM, VILLAGE- GADGEBABAMAHARAJ NAGAR, TALUKA - NASHIK, DISTRICT- NASHIK.",MAHARASHTRA 20.0,Godavari,GODAVARI,,28.0,3.8,6.8,,6.8  8.0,272,588,3.0,4.2,0.59,4.10,4,47,46,115
2023,2180,"RIVER GODAVARI AT TAPOVAN,VILLAGE- TAPOVAN, TALUKA- NASHIK, DISTRICT- NASHIK.",MAHARASHTRA 20.0,Godavari,GODAVARI,,28.0,2.3,6.4,,7.3  7.9,239,545,3.0,8.0,0.61,4.10,4,63,48,68
2023,2181,"RIVER GODAVARI AT KAPILA- GODAVARI CONFLUENCE POINT, VILLAGE- TAPOVAN, TALUKA- NASHIK, DISTRICT- NASHIK.",MAHARASHTRA 20.0,Godavari,GODAVARI,,28.0,5.4,7.1,,7.2  7.9,243,,3288  3.0,3.8,0.58,4.36,4,43,43,55
2023,2182,"RIVER GODAVARI AT SAIKHEDA VILLAGE, VILLAGE- SAIKHEDA, TALUKA- NIPHAD, DISTRICT- NASHIK.",MAHARASHTRA 20.0,Godavari,GODAVARI,,28.0,5.5,6.4,,7.2  8.0,238,761,2.8,3.8,0.63,5.40,4,48,40,58
2023,2183,"RIVER GODAVARI AT NANDUR-MADHMESHWAR DAM, VILLAGE- NANDUR, TALUKA- NIPHAD, DISTRICT- NASHIK.",MAHARASHTRA 20.0,Godavari,GODAVARI,,28.0,5.4,6.8,,7.1  8.0,217,812,3.0,3.8,0.50,3.53,4,58,40,58
2023,2160,"RIVER GODAVARI AT U/S OF AURANGABAD RESERVOIR,KAIGAON TOKKA NEAR KAIGAON BRIDGE,VILLAGE- KAIGAON,TALUKA- GANGAPUR, DISTRICT- AURANGABAD.",MAHARASHTRA 22.0,Godavari,GODAVARI,,36.0,4.4,7.3,,7.9  9.0,630,,2614  3.0,8.0,0.30,7.50,2,35,2,240
2023,2158,"RIVER GODAVARI AT U/S OF PAITHAN AT PAITHAN INTAKE PUMP HOUSE, VILLAGE- JAYAKWADI, TALUKA- PAITHAN, DISTRICT- AURANGABAD.",MAHARASHTRA 22.0,Godavari,GODAVARI,,36.0,6.0,7.3,,8.5  9.0,612,,1273  2.4,7.5,0.30,1.45,2,17,2,47
2023,1312,"RIVER GODAVARI AT JAIKWADI DAM, VILLAGE- PAITHAN, TALUKA- PAITHAN, DISTRICT-AURANGABAD.",MAHARASHTRA 22.0,Godavari,GODAVARI,,36.0,5.8,7.2,,8.2  8.9,630,,1250  2.4,6.0,0.30,1.36,2,9,2,47
2023,2159,"RIVER GODAVARI AT D/S OF PAITHAN AT PATHEGAON BRIDGE, VILLAGE- PATHEGAON, TALUKA- PAITHAN, DISTRICT- AURANGABAD.",MAHARASHTRA 22.0,Godavari,GODAVARI,,36.0,6.0,7.3,,8.5  9.0,652,,1232  2.6,8.5,0.30,2.47,2,14,2,140
2023,2161,"RIVER GODAVARI AT JALNA INTAKE WATER PUMP HOUSE, VILLAGE- SHAHABAD, TALUKA- AMBAD, DISTRICT- JALNA.",MAHARASHTRA 23.0,Godavari,GODAVARI,,30.0,3.0,7.1,,8.0  8.7,456,,9153  3.0  12.0  0.45,,,7.12,2,25,2,170
2023,2157,"RIVER GODAVARI AT LATUR WATER INTAKE NEAR PUMP HOUSE. VILLAGE. DHAMEGAON, TALUKA. KALUMB, DISTRICT. OSMANABAD.",MAHARASHTRA 19.0,Godavari,GODAVARI,,23.0,4.1,7.2,,7.9  8.0,419,546,3.0,6.0,0.35,3.17,2,2,2,2
2023,1209,"RIVER GODAVARI AT RAHER, VILLAGE.RAHER, TALUKA. NAYAGAON, DISTRICT. NANDED.",MAHARASHTRA 18.0,Godavari,GODAVARI,,34.0,5.5,7.2,,8.1  8.7,376,,7952  2.6,6.5,0.31,4.32,2,33,2,170
2023,1210,"RIVER GODAVARI NEAR INTAKE WATER PUMP HOUSE, VILLAGE- VISHNUPURI, TALUKA- NANDED, DISTRICT- NANDED.",MAHARASHTRA 19.0,Godavari,GODAVARI,,35.0,6.4,7.2,,8.1  8.7,375,,7229  2.8,5.0,,0.30  16.10,2,22,2,170
2023,30049,"RIVER GODAVARI AT BELUR,DHARMADABAD, NANDED (MAHARSHTRA)",MAHARASHTRA 21.0,Godavari,GODAVARI,,21.0,5.3,5.3,,8.3  8.3,530,530,4.8,4.8,1.17,1.17,25,25,275,275
2023,2360,"RIVER GODAVARI AT BASARA (V & M), NIRMAL (D)",TELANGANA,Godavari,GODAVARI,22.0,24.0,6.5,7.9,,7.1  8.3,574,,1054  2.0,,4.2  12.07 28.06,,5,6,18,23
2023,4227,"RIVER GODAVARI- POCHERA WATER FALLS, POCHERA (V), BOATH (M), ADILABAD (D)",TELANGANA,Godavari,,20.0,27.0,6.2,7.8,,7.1  8.4,406,913,2.8,,4.2  10.06 26.08,,6,6,17,25
2023,5105,"RIVER GODAVARI PUSHKAR GHAT , MANCHERIAL (V&M), MANCHERIAL (D)",TELANGANA,Godavari,,22.0,25.0,6.1,7.5,,7.2  8.3,610,,1225  2.6,,4.2  11.07 36.15,,6,6,20,27
2023,2361,"RIVER GODAVARI-RIVER GODAVARI AT MANCHERIAL, NEAR RAIL WAY BRIDGE B/C OF RALLAVAGU, MANCHERIAL (D)",TELANGANA,Godavari,GODAVARI-RIVER GODAVARI,24.0,26.0,5.4,6.2,,7.2  8.2,364,,1398  1.0,2.4,0.62,2.60,2,2,24,43
2023,2362,"RIVER GODAVARI-D/S AT RAMAGUNDAM NEAR FCI INTAKE WELL, PEDDAPALLI",TELANGANA,Godavari,GODAVARI-D/S,24.0,28.0,5.2,6.1,,7.3  8.4,365,597,1.0,3.4,0.62,2.60,2,2,14,48
2023,2363,"RIVER GODAVARI AT GODAVARIKHANI NEAR BATHING GHAT , PEDDAPALLI",TELANGANA,Godavari,GODAVARI,25.0,26.0,4.8,6.1,,7.0  8.2,401,595,1.4,4.0,0.78,2.20,2,2,21,40
2023,2364,"RIVER GODAVARI AT RAMAGUNDAM UPSTREAM NEAR DAM, PEDDAPALLI",TELANGANA,Godavari,GODAVARI,24.5,27.0,5.0,6.2,,7.2  8.2,380,744,1.0,4.0,0.42,2.40,2,2,24,58
2023,5497,"RIVER GODAVARI D/S AFTER CONFLUENCE OF RAMAGUNDAM FERTILIZE AND CHEMICALS LTD (RFCL),DISCHARGE INTO RIVER",TELANGANA,Godavari,GODAVARI,25.8,28.0,2.8,6.2,,6.7  7.8,424,,1040  1.0,2.6,0.80,3.80,2,2,17,120
2023,2356,"RIVER GODAVARI D/S OF RAMAGUNDAM AT MANTHANI, PEDDAPALLI",TELANGANA,Godavari,GODAVARI,25.0,27.0,5.0,6.2,,7.3  8.1,412,744,1.0,2.4,0.82,2.40,2,2,21,94
2023,4662,"RIVER GODAVARI AT KALESHWARAM, 500 MTS. BEFORE BATHING GHAT, KALESHWARAM (V), MAHADEVPUR (M),JAYASHANKAR BHUPALAPALLY",TELANGANA,Godavari,GODAVARI,24.0,28.0,5.6,6.3,,7.0  8.4,322,,1128  1.0,4.0,0.30,4.60,2,2,21,34
2023,2365,"RIVER GODAVARI - U/S AT KAMALAPUR ,AT M/S.AP RAYONS LTD., INTAKE WELL , KAMALAPUR (V), MANGAPET (M), MULUGU (D)",TELANGANA,Godavari,GODAVARI -,25.0,30.0,5.4,6.2,,7.1  8.4,251,588,1.0,2.0,0.30,2.60,2,2,17,40
2023,2366,"RIVER GODAVARI - D/S AT KAMALAPUR ,AT M/S.AP RAYONS LTD., DISCHARGE POINT , MANGAPET (V&M), MULUGU (D)",TELANGANA,Godavari,GODAVARI -,26.0,30.0,5.4,6.2,,7.0  8.4,225,517,1.0,2.2,0.30,3.20,2,2,20,58
2023,2367,"RIVER GODAVARI - U/S AT BHADRACHALAM BATHING GHAT, BHADRADRI KOTHAGUDEM",TELANGANA,Godavari,GODAVARI -,25.0,31.1,5.0,6.2,,7.3  8.4,254,762,1.0,2.5,0.43,2.80,2,2,17,47
2023,2368,"RIVER GODAVARI - D/S AT BHADRACHALAM BATHING GHAT , BHADRADRI KOTHAGUDEM",TELANGANA,Godavari,GODAVARI -,26.0,31.0,5.1,6.1,,7.0  8.2,223,512,1.2,2.2,0.55,3.16,2,2,17,47
2023,2369,"RIVER GODAVARI AT BURGAMPAHAD , BHADRADRI KOTHAGUDEM",TELANGANA,Godavari,GODAVARI,24.8,31.3,4.8,6.2,,7.1  8.2,247,687,1.0,3.2,,0.88  20.30,2,2,24,220
2023,4367,"RIVER GODAVARI KOUNDINYA MUKTHI (V), KUKUNUR (M), BORDER POINT BETWEEN ANDHRA PRADESH & TELANGANA STATES",ANDHRA PRADESH,Godavari,,22.0,32.0,6.2,7.5,,7.8  8.4,130,,2133  1.1,2.2,0.32,2.32,3,9,64,210
2023,4359,RIVER GODAVARI AFTER CONFLUENCE WITH SABARI TRIBUTARY (KUNAVARAM) AT WADDIGUDEM(V) V.R. PURAM (M),ANDHRA PRADESH,"Tributary Streams - Indravati, Shankni, Manjeera, Maneru, Waingang, Wardha, Kinnerasani, Sabari, Pench, Kolar, Kanhan, Bindusara, Darna, Manjra, Morna, Penganga, Wena, Gostani, Indrawati, Gautami-Godavari And Coringa -",,23.0,27.0,6.2,7.8,,7.2  8.5,64,762,1.3,2.3,0.32,1.06,2,9,21,120
2023,1218,"RIVER GODAVARI AT RAJAHMUNDRY U/S, KUMARADEVAM (V), KOVVUR (M)",ANDHRA PRADESH,"Tributary Streams - Indravati, Shankni, Manjeera, Maneru, Waingang, Wardha, Kinnerasani, Sabari, Pench, Kolar, Kanhan, Bindusara, Darna, Manjra, Morna, Penganga, Wena, Gostani, Indrawati, Gautami-Godavari And Coringa -",GODAVARI,25.0,32.0,6.9,7.6,,6.6  8.3,155,630,1.6,2.2,0.30,1.82,4,9,75,150
2023,2370,"RIVER GODAVARI AT RAJAMUNDRY U/S OF NALLA CHANNEL,RAJAMUNDRY",ANDHRA PRADESH,"Tributary Streams - Indravati, Shankni, Manjeera, Maneru, Waingang, Wardha, Kinnerasani, Sabari, Pench, Kolar, Kanhan, Bindusara, Darna, Manjra, Morna, Penganga, Wena, Gostani, Indrawati, Gautami-Godavari And Coringa -",GODAVARI,25.0,27.0,6.7,7.5,,6.3  8.3,180,361,1.8,2.4,0.30,2.64,3,11,75,210
2023,2371,"RIVER GODAVARI AT RAJAMUNDRY D/S OF NALLA CHANNEL, RAJAMUNDRY",ANDHRA PRADESH,"Tributary Streams - Indravati, Shankni, Manjeera, Maneru, Waingang, Wardha, Kinnerasani, Sabari, Pench, Kolar, Kanhan, Bindusara, Darna, Manjra, Morna, Penganga, Wena, Gostani, Indrawati, Gautami-Godavari And Coringa -",GODAVARI,25.0,27.0,6.1,7.2,,6.4  8.4,141,296,2.0,2.4,0.32,2.43,4,20,150,240
2023,3067,"RIVER GODAVARI D/S DOWLEISWARAM AFTER CONFLUENCE OF STP OUTLET, DOWLEISWARAM (V)",ANDHRA PRADESH,"Tributary Streams - Indravati, Shankni, Manjeera, Maneru, Waingang, Wardha, Kinnerasani, Sabari, Pench, Kolar, Kanhan, Bindusara, Darna, Manjra, Morna, Penganga, Wena, Gostani, Indrawati, Gautami-Godavari And Coringa -",GODAVARI,26.0,28.0,6.4,7.4,,6.5  8.4,129,297,1.8,2.4,0.32,2.42,4,15,39,240
2023,1219,"RIVER GODAVARI AT RAJAHMUNDRY D/S, DOWLESWARAM (V), RAJAHMUNDRY (M)",ANDHRA PRADESH,"Tributary Streams - Indravati, Shankni, Manjeera, Maneru, Waingang, Wardha, Kinnerasani, Sabari, Pench, Kolar, Kanhan, Bindusara, Darna, Manjra, Morna, Penganga, Wena, Gostani, Indrawati, Gautami-Godavari And Coringa -",GODAVARI,25.0,29.0,6.4,7.4,,6.6  8.5,125,285,2.0,2.4,0.32,1.02,4,15,93,460
2023,3948,RIVER INDRAVATI AT NAWARANGPUR,ODISHA,"Tributary Streams - Indravati, Shankni, Manjeera, Maneru, Waingang, Wardha, Kinnerasani, Sabari, Pench, Kolar, Kanhan, Bindusara, Darna, Manjra, Morna, Penganga, Wena, Gostani, Indrawati, Gautami-Godavari And Coringa -",INDRAVATI,13.0,30.0,4.5,8.2,,6.7  7.8,90,192,1.1,1.8,0.32,3.77,78,13000,490,28000
2023,30062,RIVER INDRAWATI AT NOWRANGPUR (ODISHA),ODISHA,"Tributary Streams - Indravati, Shankni, Manjeera, Maneru, Waingang, Wardha, Kinnerasani, Sabari, Pench, Kolar, Kanhan, Bindusara, Darna, Manjra, Morna, Penganga, Wena, Gostani, Indrawati, Gautami-Godavari And Coringa -",INDRAWATI,26.0,30.0,7.5,7.6,,7.0  7.0,102,110,1.0,1.0,0.32,0.32,1300,1300,2200,2200
2023,1854,"RIVER INDRAVATI NELSONNAR,A/C OF DANTEWADA",CHHATTISGARH 27.0,"Tributary Streams - Indravati, Shankni, Manjeera, Maneru, Waingang, Wardha, Kinnerasani, Sabari, Pench, Kolar, Kanhan, Bindusara, Darna, Manjra, Morna, Penganga, Wena, Gostani, Indrawati, Gautami-Godavari And Coringa -",,,31.0,7.6,7.7,,7.4  7.4,,,1.8,2.0,0.00,0.00,,,22,28
2023,1855,"RIVER INDRAVATI,PANDEMURGA B/C OF GODAVARI RIVER",CHHATTISGARH 27.0,"Tributary Streams - Indravati, Shankni, Manjeera, Maneru, Waingang, Wardha, Kinnerasani, Sabari, Pench, Kolar, Kanhan, Bindusara, Darna, Manjra, Morna, Penganga, Wena, Gostani, Indrawati, Gautami-Godavari And Coringa -",,,31.0,7.5,7.6,,7.4  7.5,,,2.0,2.3,0.00,0.00,,,28,34
2023,3312,"RIVER KANHAN AT CHINDWARA BEFORE MIXING BOREGAON GROWTHCENTRE NALLA, JABALPUR",MADHYA PRADESH,"Tributary Streams - Indravati, Shankni, Manjeera, Maneru, Waingang, Wardha, Kinnerasani, Sabari, Pench, Kolar, Kanhan, Bindusara, Darna, Manjra, Morna, Penganga, Wena, Gostani, Indrawati, Gautami-Godavari And Coringa -",KANHAN,20.0,31.0,7.1,7.2,,7.4  8.2,611,816,1.8,2.2,1.60,2.44,3,4,15,39
2023,5537,"RIVER KANHAN NEAR MANDIR MAIN GHAT KHAPPADIWAR, CHHINDWARA",MADHYA PRADESH,"Tributary Streams - Indravati, Shankni, Manjeera, Maneru, Waingang, Wardha, Kinnerasani, Sabari, Pench, Kolar, Kanhan, Bindusara, Darna, Manjra, Morna, Penganga, Wena, Gostani, Indrawati, Gautami-Godavari And Coringa -",KANHAN,19.0,31.0,7.1,7.8,,7.1  8.1,288,816,1.0,2.2,0.00,3.38,2,7,10,120
2023,2170,"RIVER KANHAN AT U/S OF M/S VIDARBHA PAPER MILLS, VILLAGE- SINORA, TALUKA- PARSEONI, DISTRICT- NAGPUR.",MAHARASHTRA 19.0,"Tributary Streams - Indravati, Shankni, Manjeera, Maneru, Waingang, Wardha, Kinnerasani, Sabari, Pench, Kolar, Kanhan, Bindusara, Darna, Manjra, Morna, Penganga, Wena, Gostani, Indrawati, Gautami-Godavari And Coringa -",KANHAN,,30.0,5.4,6.8,,7.2  8.6,906,,1411  3.0,3.5,0.30,2.73,14,43,110,350
2023,2171,"RIVER KANHAN AT D/S OF M/S VIDARBHA PAPER MILLS, VILLAGE- SINORA, TALUKA- PARSEONI, DISTRICT- NAGPUR.",MAHARASHTRA 19.0,"Tributary Streams - Indravati, Shankni, Manjeera, Maneru, Waingang, Wardha, Kinnerasani, Sabari, Pench, Kolar, Kanhan, Bindusara, Darna, Manjra, Morna, Penganga, Wena, Gostani, Indrawati, Gautami-Godavari And Coringa -",KANHAN,,30.0,5.1,6.6,,7.6  8.6,819,,1316  3.0,4.0,0.30,2.98,11,48,140,430
2023,1909,"RIVER KANHAN AT D/S OF NAGPUR, VILLAGE- AGARGAON, TALUKA- KUHI, DISTRICT- NAGPUR.",MAHARASHTRA 16.0,"Tributary Streams - Indravati, Shankni, Manjeera, Maneru, Waingang, Wardha, Kinnerasani, Sabari, Pench, Kolar, Kanhan, Bindusara, Darna, Manjra, Morna, Penganga, Wena, Gostani, Indrawati, Gautami-Godavari And Coringa -",KANHAN,,21.0,2.0,6.2,,7.5  8.4,730,,1756  3.0,9.8,0.30,2.93,14,43,110,280
2023,3080,"RIVER KINNERASANI (TRIBUTRARY OF GODAVARI) - U/S OF KARAKAVAGU AT PALONCHA , BHADRADRI KOTHAGUDEM",TELANGANA,"Tributary Streams - Indravati, Shankni, Manjeera, Maneru, Waingang, Wardha, Kinnerasani, Sabari, Pench, Kolar, Kanhan, Bindusara, Darna, Manjra, Morna, Penganga, Wena, Gostani, Indrawati, Gautami-Godavari And Coringa -",KARAKAVAGU,24.0,28.6,5.0,6.2,,7.2  8.3,412,835,1.0,2.2,0.30,2.40,2,2,24,39
2023,3081,"RIVER KINNERASANI (TRIBUTRARY OF GODAVARI) - D/S OF KARAKAVAGU AT PALONCHA, BHADRADRI KOTHAGUDEM",TELANGANA,"Tributary Streams - Indravati, Shankni, Manjeera, Maneru, Waingang, Wardha, Kinnerasani, Sabari, Pench, Kolar, Kanhan, Bindusara, Darna, Manjra, Morna, Penganga, Wena, Gostani, Indrawati, Gautami-Godavari And Coringa -",KARAKAVAGU,25.8,29.1,4.6,6.1,,7.5  8.2,408,596,1.0,2.4,0.30,2.80,2,2,20,39
2023,2372,"RIVER KINNERASANI (TRIBUTRARY OF GODAVARI) - KINNERASANI AFTER CONFLUENCE OF KTPS ASH POND EFFLUENTS ,BHADRADRI KOTHAGUDEM",TELANGANA,"Tributary Streams - Indravati, Shankni, Manjeera, Maneru, Waingang, Wardha, Kinnerasani, Sabari, Pench, Kolar, Kanhan, Bindusara, Darna, Manjra, Morna, Penganga, Wena, Gostani, Indrawati, Gautami-Godavari And Coringa -",,25.0,29.1,4.8,6.2,,7.5  8.2,179,612,1.0,2.8,0.78,2.50,2,2,17,120
2023,1908,"RIVER KOLAR BEFORE CONFLUENCE WITH KANHAN RIVER AT WAREGAON BRIDGE, VILLAGE- WAREGAON, TALUKA-KAMPTEE, DISTRICT -NAGPUR.",MAHARASHTRA 19.0,"Tributary Streams - Indravati, Shankni, Manjeera, Maneru, Waingang, Wardha, Kinnerasani, Sabari, Pench, Kolar, Kanhan, Bindusara, Darna, Manjra, Morna, Penganga, Wena, Gostani, Indrawati, Gautami-Godavari And Coringa -",KOLAR BEFORE CONFLUENCE WITH KANHAN RIVER,,30.0,5.1,6.8,,7.2  8.7,870,,1740  3.0,4.0,0.30,2.90,11,40,110,220
2023,4257,"RIVER MANERU (TRIBUTARY OF GODAVARI) - AT D/S OF MUNICIPAL DUMP SITE, KARIMNAGAR",TELANGANA,"Tributary Streams - Indravati, Shankni, Manjeera, Maneru, Waingang, Wardha, Kinnerasani, Sabari, Pench, Kolar, Kanhan, Bindusara, Darna, Manjra, Morna, Penganga, Wena, Gostani, Indrawati, Gautami-Godavari And Coringa -",,26.0,27.0,0.3,5.9,,6.9  8.4,438,,2143  1.8  13.0  1.12,,,6.60,2,24,32,430
2023,4664,"RIVER MANERU (TRIBUTARY OF GODAVARI) - AT GHATTEPALLI (V) NEAR SULTHANABAD, KARIMNAGAR",TELANGANA,"Tributary Streams - Indravati, Shankni, Manjeera, Maneru, Waingang, Wardha, Kinnerasani, Sabari, Pench, Kolar, Kanhan, Bindusara, Darna, Manjra, Morna, Penganga, Wena, Gostani, Indrawati, Gautami-Godavari And Coringa -",,25.0,26.0,4.0,6.0,,6.9  8.1,424,872,1.6,3.8,2.20,3.28,2,2,27,84
2023,1158,"RIVER MANERU (TRIBUTARY OF GODAVARI) - AT SOMANPALLY , PEDDAPALLI",TELANGANA,"Tributary Streams - Indravati, Shankni, Manjeera, Maneru, Waingang, Wardha, Kinnerasani, Sabari, Pench, Kolar, Kanhan, Bindusara, Darna, Manjra, Morna, Penganga, Wena, Gostani, Indrawati, Gautami-Godavari And Coringa -",,25.0,27.0,5.2,6.2,,6.6  8.4,436,811,1.0,2.9,0.58,3.24,2,2,21,70
2023,1891,RIVER MANJEERA AT D/S INTAKE POINT TO BIDAR CITY,KARNATAKA,"Tributary Streams - Indravati, Shankni, Manjeera, Maneru, Waingang, Wardha, Kinnerasani, Sabari, Pench, Kolar, Kanhan, Bindusara, Darna, Manjra, Morna, Penganga, Wena, Gostani, Indrawati, Gautami-Godavari And Coringa -",MANJEERA,24.0,30.0,6.9,7.9,,7.4  8.3,390,582,2.0,3.0,0.58,4.00,33,540,140,2800
2023,1157,"RIVER MANJEERA (TRIBUTARY OF GODAVARI) - AT RAIPALLY, SANGAREEDY",TELANGANA,"Tributary Streams - Indravati, Shankni, Manjeera, Maneru, Waingang, Wardha, Kinnerasani, Sabari, Pench, Kolar, Kanhan, Bindusara, Darna, Manjra, Morna, Penganga, Wena, Gostani, Indrawati, Gautami-Godavari And Coringa -",,22.0,34.0,6.1,7.6,,7.5  8.4,575,676,2.1,3.3,,6.02  28.04,4,6,27,39
2023,1781,"RIVER MANJEERA (TRIBUTARY OF GODAVARI) - AT GANAPATHI SUGARS, SANGAREDDY",TELANGANA,"Tributary Streams - Indravati, Shankni, Manjeera, Maneru, Waingang, Wardha, Kinnerasani, Sabari, Pench, Kolar, Kanhan, Bindusara, Darna, Manjra, Morna, Penganga, Wena, Gostani, Indrawati, Gautami-Godavari And Coringa -",,20.0,29.0,5.8,6.6,,7.0  8.3,605,758,2.0,3.2,,5.03 123.00,8,8,39,52
2023,2374,"RIVER MANJEERA (TRIBUTARY OF GODAVARI) - U/S OF RIVER MANJEERA AT GOWDICHERLA BEFORE CONFLUENCE WITH NAKKAVAGU, SANGAREDY",TELANGANA,"Tributary Streams - Indravati, Shankni, Manjeera, Maneru, Waingang, Wardha, Kinnerasani, Sabari, Pench, Kolar, Kanhan, Bindusara, Darna, Manjra, Morna, Penganga, Wena, Gostani, Indrawati, Gautami-Godavari And Coringa -",MANJEERA,19.0,27.0,5.9,6.9,,7.1  7.9,850,,1020  2.0,,3.2  10.06 29.04,,7,8,27,34
2023,2375,"RIVER MANJEERA (TRIBUTARY OF GODAVARI) - D/S OF RIVER MANJEERA AT GOWDICHERLA ATFTER CONFLUENCE WITH NAKKAVAGU, SANGAREDDY",TELANGANA,"Tributary Streams - Indravati, Shankni, Manjeera, Maneru, Waingang, Wardha, Kinnerasani, Sabari, Pench, Kolar, Kanhan, Bindusara, Darna, Manjra, Morna, Penganga, Wena, Gostani, Indrawati, Gautami-Godavari And Coringa -",MANJEERA,19.0,28.0,5.9,7.0,,7.2  7.8,1203,,1489  2.3,,3.9  14.13 26.12,,6,7,34,41
2023,4226,"RIVER MANJEERA (TRIBUTARY OF GODAVARI) - RIVER MANJEERA AT YEDU PAYALA TEMPLE, NAGSAMPALLI (V), PAPANNAPET (M), MEDAK DISTRICT",TELANGANA,"Tributary Streams - Indravati, Shankni, Manjeera, Maneru, Waingang, Wardha, Kinnerasani, Sabari, Pench, Kolar, Kanhan, Bindusara, Darna, Manjra, Morna, Penganga, Wena, Gostani, Indrawati, Gautami-Godavari And Coringa -",MANJEERA,16.0,28.0,6.2,7.3,,7.1  8.3,592,,1195  2.2,4.0,,9.16  41.13,4,6,18,84
2023,2673,"RIVER MANJRA AT D/S OF LATUR, NEAR LATUR- NANDED BRIDGE, VILLAGE- BHATKHEDA, TALUKA- LATUR, DISTRICT- LATUR.",MAHARASHTRA 18.0,"Tributary Streams - Indravati, Shankni, Manjeera, Maneru, Waingang, Wardha, Kinnerasani, Sabari, Pench, Kolar, Kanhan, Bindusara, Darna, Manjra, Morna, Penganga, Wena, Gostani, Indrawati, Gautami-Godavari And Coringa -",MANJRA,,20.0,6.0,6.5,,8.0  8.5,641,792,5.2,5.2,0.59,0.62,2,2,5,32
2023,30055,RIVER MANJEERA AT JANWADA(BANGALORE),KARNATAKA,"Tributary Streams - Indravati, Shankni, Manjeera, Maneru, Waingang, Wardha, Kinnerasani, Sabari, Pench, Kolar, Kanhan, Bindusara, Darna, Manjra, Morna, Penganga, Wena, Gostani, Indrawati, Gautami-Godavari And Coringa -",MANJEERA,24.0,28.0,7.7,9.3,,8.4  8.5,461,604,1.0,7.0,0.00,4.80,470,1400,3500,7000
2023,2675,RIVER MORNA D/S OF RAILWAY BRIDGE AKOLA,MAHARASHTRA 23.0,"Tributary Streams - Indravati, Shankni, Manjeera, Maneru, Waingang, Wardha, Kinnerasani, Sabari, Pench, Kolar, Kanhan, Bindusara, Darna, Manjra, Morna, Penganga, Wena, Gostani, Indrawati, Gautami-Godavari And Coringa -",MORNA,,27.0,3.1,5.9,,7.4  8.3,891,,1989  3.0,5.8,0.32,9.43,12,48,120,210
2023,2349,"RIVER MANJEERA (TRIBUTARY OF GODAVARI) - NAKKA VAGU AT BACHUGUDEM, SANGAREEDY",TELANGANA,"Tributary Streams - Indravati, Shankni, Manjeera, Maneru, Waingang, Wardha, Kinnerasani, Sabari, Pench, Kolar, Kanhan, Bindusara, Darna, Manjra, Morna, Penganga, Wena, Gostani, Indrawati, Gautami-Godavari And Coringa -",VAGU,18.0,21.0,4.2,5.4,,6.8  7.3,1206,,1555  3.5,,4.8  20.12 40.13,,8,8,79,94
2023,1214,"RIVER PENCH AT CHHINDWARA ,NEAR SINGORI ROAD BRIDGE, CHHINDWARA",MADHYA PRADESH,"Tributary Streams - Indravati, Shankni, Manjeera, Maneru, Waingang, Wardha, Kinnerasani, Sabari, Pench, Kolar, Kanhan, Bindusara, Darna, Manjra, Morna, Penganga, Wena, Gostani, Indrawati, Gautami-Godavari And Coringa -",PENCH,19.0,30.0,7.1,7.7,,7.2  8.1,264,716,1.4,2.0,0.47,5.04,2,10,15,120
2023,5541,"RIVER PENCHÂ NEAR ROAD BRIDGE HALLAKHURD,CHHINDWARA",MADHYA PRADESH,"Tributary Streams - Indravati, Shankni, Manjeera, Maneru, Waingang, Wardha, Kinnerasani, Sabari, Pench, Kolar, Kanhan, Bindusara, Darna, Manjra, Morna, Penganga, Wena, Gostani, Indrawati, Gautami-Godavari And Coringa -",,19.0,31.0,7.1,7.8,,7.1  8.1,322,716,1.0,2.0,0.00,5.10,2,7,15,120
2023,2699,"RIVER PENGANGA AT MEHKAR -BULDANA ROAD BRIDGE, VILLAGE-MEHKAR, TALUKA-MEHKAR,DISTRICT-AKOLA.",MAHARASHTRA 23.0,"Tributary Streams - Indravati, Shankni, Manjeera, Maneru, Waingang, Wardha, Kinnerasani, Sabari, Pench, Kolar, Kanhan, Bindusara, Darna, Manjra, Morna, Penganga, Wena, Gostani, Indrawati, Gautami-Godavari And Coringa -",PENGANGA,,28.0,5.2,6.1,,7.8  8.4,780,,1214  3.0,4.0,0.32,7.08,12,41,110,170
2023,2698,"RIVER PENGANGA D/S OF ISAPUR DAM, VILLAGE- ISAPUR,TALUKA- PUSAD, DISTRICT- YAVATMAL.",MAHARASHTRA 19.0,"Tributary Streams - Indravati, Shankni, Manjeera, Maneru, Waingang, Wardha, Kinnerasani, Sabari, Pench, Kolar, Kanhan, Bindusara, Darna, Manjra, Morna, Penganga, Wena, Gostani, Indrawati, Gautami-Godavari And Coringa -",PENGANGA,,23.0,5.6,5.9,,7.7  8.7,665,,1226  3.2,3.8,0.30,3.75,12,46,110,220
2023,2697,"RIVER PENGANGA NEAR WATER SUPPLY SCHEME OF UMARKHED M.C., VILLAGE. BELKHED, TALUKA. UMARKHED, DISTRICT. YAVATMAL.",MAHARASHTRA 20.0,"Tributary Streams - Indravati, Shankni, Manjeera, Maneru, Waingang, Wardha, Kinnerasani, Sabari, Pench, Kolar, Kanhan, Bindusara, Darna, Manjra, Morna, Penganga, Wena, Gostani, Indrawati, Gautami-Godavari And Coringa -",PENGANGA,,22.0,5.7,6.2,,7.8  8.7,650,,1146  3.0,3.6,0.30,3.57,12,40,94,210
2023,2373,"RIVER SABARI AT KUNAVARAM, EAST GODAVARI DIST",ANDHRA PRADESH,"Tributary Streams - Indravati, Shankni, Manjeera, Maneru, Waingang, Wardha, Kinnerasani, Sabari, Pench, Kolar, Kanhan, Bindusara, Darna, Manjra, Morna, Penganga, Wena, Gostani, Indrawati, Gautami-Godavari And Coringa -",SABARI,23.0,28.0,6.0,7.6,,7.4  8.5,70,,1178  1.2,2.9,0.32,2.02,2,7,28,93
2023,1856,,"RIVER SHANKNI DANTEWADA,A/C OF DANKANI RIVER CHHATTISGARH 27.0","Tributary Streams - Indravati, Shankni, Manjeera, Maneru, Waingang, Wardha, Kinnerasani, Sabari, Pench, Kolar, Kanhan, Bindusara, Darna, Manjra, Morna, Penganga, Wena, Gostani, Indrawati, Gautami-Godavari And Coringa -",,,31.0,7.4,7.5,,7.5  7.5,,,2.0,2.4,0.00,0.00,,,36,44
2023,3330,"RIVER RIVER WAINGANGA AT CHHAPARA , SEONI, NEAR WSS INTAKE POINT",MADHYA PRADESH,"Tributary Streams - Indravati, Shankni, Manjeera, Maneru, Waingang, Wardha, Kinnerasani, Sabari, Pench, Kolar, Kanhan, Bindusara, Darna, Manjra, Morna, Penganga, Wena, Gostani, Indrawati, Gautami-Godavari And Coringa -",RIVER WAINGANGA,20.3,24.1,6.9,7.8,,7.2  7.9,238,368,1.2,1.6,0.19,1.60,2,7,23,48
2023,3331,"RIVER WAINGANGA AT CHHAPARA, NEAR ROAD BRIDGE AFTER MIXING MOTI & CHAMARIYA NALLA, JABALPUR",MADHYA PRADESH,"Tributary Streams - Indravati, Shankni, Manjeera, Maneru, Waingang, Wardha, Kinnerasani, Sabari, Pench, Kolar, Kanhan, Bindusara, Darna, Manjra, Morna, Penganga, Wena, Gostani, Indrawati, Gautami-Godavari And Coringa -",WAINGANGA,20.7,24.2,5.4,7.8,,7.1  7.9,257,421,1.6,2.4,0.23,1.34,2,10,39,150
2023,1213,"RIVER WAINGANGA AT BALAGHAT, M.P.",MADHYA PRADESH,"Tributary Streams - Indravati, Shankni, Manjeera, Maneru, Waingang, Wardha, Kinnerasani, Sabari, Pench, Kolar, Kanhan, Bindusara, Darna, Manjra, Morna, Penganga, Wena, Gostani, Indrawati, Gautami-Godavari And Coringa -",WAINGANGA,20.2,24.2,7.2,7.7,,7.2  7.8,270,519,1.6,1.9,0.03,1.60,2,17,15,170
2023,30041,"RIVER WAINGANGA AT BAPERA, BHANDARA, (MAHARASHTRA)",MAHARASHTRA 21.0,"Tributary Streams - Indravati, Shankni, Manjeera, Maneru, Waingang, Wardha, Kinnerasani, Sabari, Pench, Kolar, Kanhan, Bindusara, Darna, Manjra, Morna, Penganga, Wena, Gostani, Indrawati, Gautami-Godavari And Coringa -",WAINGANGA,,21.0,6.0,6.0,,8.6  8.6,736,736,3.0,3.0,0.68,0.68,22,22,120,120
2023,2173,"RIVER WAINGANGA AT U/S OF ELLORA PAPER MILLS, VILLAGE. TUMSAR, TALUKA. TUMSAR, DISTRICT. BHANDARA.",MAHARASHTRA 18.0,"Tributary Streams - Indravati, Shankni, Manjeera, Maneru, Waingang, Wardha, Kinnerasani, Sabari, Pench, Kolar, Kanhan, Bindusara, Darna, Manjra, Morna, Penganga, Wena, Gostani, Indrawati, Gautami-Godavari And Coringa -",WAINGANGA,,39.0,6.0,6.7,,7.7  8.7,667,,1210  3.0,3.2,0.30,2.87,12,42,120,280
2023,2172,"RIVER WAINGANGA AT D/S OF ELLORA PAPER MILLS, VILLAGE. TUMSAR, TALUKA. TUMSAR, DISTRICT. BHANDARA.",MAHARASHTRA 18.0,"Tributary Streams - Indravati, Shankni, Manjeera, Maneru, Waingang, Wardha, Kinnerasani, Sabari, Pench, Kolar, Kanhan, Bindusara, Darna, Manjra, Morna, Penganga, Wena, Gostani, Indrawati, Gautami-Godavari And Coringa -",WAINGANGA,,39.0,5.5,6.8,,7.8  8.8,739,,1290  3.0,3.5,0.30,1.12,24,43,210,430
2023,2175,"RIVER WAINGANGA AT U/S OF GAURAV PAPER MILLS, NEAR JACKWELL, VILLAGE. BRAMHPURI, TALUKA. CHANDRAPUR, DISTRICT. CHANDRAPUR.",MAHARASHTRA 19.0,"Tributary Streams - Indravati, Shankni, Manjeera, Maneru, Waingang, Wardha, Kinnerasani, Sabari, Pench, Kolar, Kanhan, Bindusara, Darna, Manjra, Morna, Penganga, Wena, Gostani, Indrawati, Gautami-Godavari And Coringa -",WAINGANGA,,22.0,5.7,7.0,,7.9  8.8,654,,1230  3.0,3.4,0.30,3.24,11,43,170,350
2023,2176,"RIVER WAINGANGA AT D/S OF GAURAV PAPER MILLS, NEAR JACKWELL VILLAGE. BRAMHPURI, TALUKA. CHANDRAPUR, DISTRICT. CHANDRAPUR.",MAHARASHTRA 19.0,"Tributary Streams - Indravati, Shankni, Manjeera, Maneru, Waingang, Wardha, Kinnerasani, Sabari, Pench, Kolar, Kanhan, Bindusara, Darna, Manjra, Morna, Penganga, Wena, Gostani, Indrawati, Gautami-Godavari And Coringa -",WAINGANGA,,22.0,5.5,6.7,,7.8  8.8,549,,1375  3.2,4.5,0.30,3.22,17,47,110,430
2023,1910,"RIVER WAINGANGA AFTER CONFLUENCE WITH KANHAN RIVER, VILLAGE- AMBHORA,TALUKA- KUHI, DISTRICT- NAGPUR.",MAHARASHTRA 16.0,"Tributary Streams - Indravati, Shankni, Manjeera, Maneru, Waingang, Wardha, Kinnerasani, Sabari, Pench, Kolar, Kanhan, Bindusara, Darna, Manjra, Morna, Penganga, Wena, Gostani, Indrawati, Gautami-Godavari And Coringa -",,,21.0,3.9,6.1,,7.6  9.0,789,,1126  3.1,5.0,0.30,1.14,12,38,110,280
2023,30059,RIVER WARDHA AT VILLAGE BANGAON NEAR PANDHURNA (MP & MAHARASHTRA),MADHYA PRADESH,"Tributary Streams - Indravati, Shankni, Manjeera, Maneru, Waingang, Wardha, Kinnerasani, Sabari, Pench, Kolar, Kanhan, Bindusara, Darna, Manjra, Morna, Penganga, Wena, Gostani, Indrawati, Gautami-Godavari And Coringa -",WARDHA,26.0,31.0,8.0,8.4,,8.1  8.3,266,394,1.2,2.1,0.48,0.50,2,2,63,100
2023,1315,"RIVER WARDHA AT PULGAON RAILWAY BRIDGE, VILLAGE- PULGAON,TALUKA - WARDHA, DISTRICT- WARDHA.",MAHARASHTRA 16.0,"Tributary Streams - Indravati, Shankni, Manjeera, Maneru, Waingang, Wardha, Kinnerasani, Sabari, Pench, Kolar, Kanhan, Bindusara, Darna, Manjra, Morna, Penganga, Wena, Gostani, Indrawati, Gautami-Godavari And Coringa -",WARDHA,,18.0,5.8,6.7,,7.9  8.8,762,,1080  3.0,3.6,0.30,2.87,24,43,110,220
2023,2721,"RIVER WARDHA AT U/S OF ACC LTD. GHUGGUS NEAR WCL PUMP HOUSE, VILLAGE- GHUGGUS, TALUKA- CHANDRAPUR, DISTRICT- CHANDRAPUR.",MAHARASHTRA 19.0,Krishna,WARDHA,,20.0,5.8,6.6,,7.8  8.7,892,,5473  3.0,3.2,0.30,3.01,6,41,130,350
2023,2174,"RIVER WARDHA AT D/S OF ACC LTD. GHUGGUS NEAR WCL PUMP HOUSE, VILLAGE- GHUGGUS, TALUKA- CHANDRAPUR, DISTRICT- CHANDRAPUR.",MAHARASHTRA 19.0,Krishna,WARDHA,,20.0,5.2,6.1,,7.8  8.8,549,,1370  3.0,4.6,0.30,3.33,11,40,120,430
2023,2156,"RIVER WARDHA AT CONFLUENCE POINT OF PENGANGA & WARDHA. VILLAGE. JUGAD, TALUKA. WANI, DISTRICT. YAVATMAL.",MAHARASHTRA 19.0,Krishna,WARDHA,,20.0,5.3,6.0,,7.8  8.7,750,,1210  3.0,4.0,0.30,4.07,12,38,110,280
2023,2720,"RIVER WARDHA AT U/S OF ERAI RIVER AT HADASTI NEAR ARUN ENGG. WORKS, VILLAGE- HADASTI, TALUKA- CHANDRAPUR, DISTRICT- CHANDRAPUR.",MAHARASHTRA 19.0,Krishna,WARDHA,,23.0,5.6,6.5,,7.9  8.8,698,,1290  3.0,3.9,0.30,3.18,13,41,110,350
2023,2719,"RIVER WARDHA AT D/S OF ERAI RIVER AT HADASTI NEAR ARUN ENGG. WORKS, VILLAGE- HADASTI, TALUKA- CHANDRAPUR, DISTRICT- CHANDRAPUR.",MAHARASHTRA 19.0,Krishna,WARDHA,,23.0,5.4,6.2,,7.7  8.8,722,,1390  3.2,4.2,0.30,3.22,20,47,170,430
2023,1212,"RIVER WARDHA AT RAJURA BRIDGE, VILLAGE- RAJURA, TALUKA- CHANDRAPUR, DISTRICT- CHANDRAPUR.",MAHARASHTRA 19.0,Krishna,WARDHA,,23.0,5.2,6.5,,7.9  8.7,660,,1162  3.0,3.8,0.30,3.31,14,43,120,280
2023,2722,"RIVER WENA AT U/S OF MOHATA MILLS, NEAR RAILWAY BRIDGE ON WARDHA, CHANDRAPUR RAILWAY LINE, VILLAGE- HINGANGHAT, TALUKA- HINGANGHAT, DISTRICT- WARDHA.",MAHARASHTRA 16.0,Krishna,WENA,,20.0,5.8,6.8,,8.1  8.8,936,,1142  3.0,3.4,0.30,3.36,17,43,210,350
2023,2723,"RIVER WENA AT D/S OF MOHATA MILLS, NEAR BRIDGE ON HINGANGHAT- WADNER ROAD, VILLAGE- HINGANGHAT, TALUKA- HINGANGHAT, DISTRICT- WARDHA.",MAHARASHTRA 16.0,Krishna,WENA,,20.0,5.1,6.7,,8.0  8.8,976,,1236  3.0,3.8,0.30,2.89,20,48,280,540
2023,1194,"RIVER KRISHNA AT DHOM DAM, VILLAGE- WAI, TALUKA-MAHABALESHWAR, DISTRICT-SATARA.",MAHARASHTRA 22.0,Krishna,KRISHNA,,30.0,0.3,6.6,,2.0  8.0,5,137,1.0,3.0,0.30,1.65,2,20,2,250
2023,2190,"RIEVR KRISHNA AT GANPATI GHAT, WAI, VILLAGE- WAI,TALUKA- WAI,DISTRICT- SATARA.",MAHARASHTRA 25.0,Krishna,KRISHNA,,31.0,5.1,6.3,,7.4  8.2,230,,3504  2.8,5.8,0.30,1.56,8,30,85,250
2023,2187,"RIVER KRISHNA AT KSHETRA MAHULI, VILLAGE- KSHETRA-MAHULI,TALUKA- MAHULI, DISTRICT- SATARA.",MAHARASHTRA 23.0,Krishna,KRISHNA,,29.0,5.1,6.3,,7.9  8.5,342,620,2.5,5.4,0.30,3.62,9,110,170,425
2023,2188,"RIVER KRISHNA AT KRISHNA- VENNA SANGAM MAHULI , VILLAGE- MAHULI,TALUKA- MAHULI, DISTRICT- SATARA.",MAHARASHTRA 25.0,Krishna,KRISHNA,,30.0,4.7,6.4,,7.1  8.2,293,,4553  3.0,8.4,0.30,2.88,9,45,150,425
2023,1906,"RIVER KRISHNA AT WALWA, D/S OF ISLAMPUR NEAR VITHAL TEMPLE, VILLAGE- WALWA, TALUKA- WALWA, DISTRICT- SANGLI.",MAHARASHTRA 26.0,Krishna,KRISHNA,,30.0,5.8,7.8,,7.7  8.7,50,,4273  1.8,3.0,0.42,3.77,5,10,20,48
2023,30047,"RIVER KRISHNA AT KURUNDWAD, KOLHAPUR, (MAHARASHTRA)",MAHARASHTRA 22.0,Krishna,KRISHNA,,22.0,5.1,5.1,,8.1  8.1,659,659,5.8,5.8,1.67,1.67,17,17,250,250
2023,1310,"RIVER KRISHNA AT KURUNDWAD NEAR SANTAJI GHORPADE GHAT, VILLAGE.NARSHINGWADI, KURUNDWAD, TALUKA. SHIROL, DISTRICT. KOLHAPUR.",MAHARASHTRA 24.0,Krishna,KRISHNA,,28.0,5.3,7.7,,7.7  8.6,156,735,1.8,3.0,0.49,4.52,6,10,24,40
2023,1153,"RIVER KRISHNA AT RAJAPUR WEIR, VILLAGE. RAJAPUR, TALUKA. SHIROL, DISTRICT. KOLHAPUR.",MAHARASHTRA 24.0,Krishna,KRISHNA,,28.0,5.3,7.6,,7.6  8.6,157,,1016  1.8,3.0,0.58,3.60,6,9,21,46
2023,1889,RIVER KRISHNA - ANKALI BRIDGE ALONG CHIKKODI KAGWAD ROAD,KARNATAKA,Krishna,,24.0,31.0,6.3,8.5,,6.3  9.0,274,956,1.0,3.9,,5.61  23.00,350,920,920,1600
2023,1182,RIVER KRISHNA AT U/S OF UGARKHURD BARRAGE,KARNATAKA,Krishna,KRISHNA,25.0,32.0,6.5,8.1,,6.2  8.9,210,960,1.0,3.5,,5.90  19.26,540,920,920,1600
2023,2763,RIVER KRISHNA AT ASANGI VILLAGE (JAMAKANDI VILLAGE),KARNATAKA,Krishna,KRISHNA,18.0,21.0,,5.9  11.7  6.3  8.8,,,260,,2080  1.2  17.0  1.36  32.35,,,,350,920,920,1600
2023,5597,"RIVER KRISHNA AT ALMATTI DAM HAVELI , OLD JACKWELL POINT, BAGALKOTE",KARNATAKA,Krishna,KRISHNA,18.0,21.0,,6.4  11.8  8.0  8.5,,,396,948,1.1,2.9,,2.41  24.94,540,920,1600,1600
2023,2781,RIVER KRISHNA AT D/S OF ALAMATTI DAM,KARNATAKA,Krishna,KRISHNA,28.0,32.0,5.6,8.7,,7.0  8.8,280,,1378  1.0,4.8,,2.00  17.22,350,920,920,1600
2023,1181,RIVER KRISHNA AT D/S OF NARAYANPURA DAM,KARNATAKA,Krishna,KRISHNA,28.0,32.0,6.3,8.6,,7.0  8.8,272,,1388  1.0,4.3,,1.12  10.60,280,1840,920,3200
2023,1028,RIVER KRISHNA AT TINTINI BRIDGE,KARNATAKA,Krishna,KRISHNA,27.0,32.0,6.7,8.0,,8.2  8.7,685,,1961  2.0,3.2,0.50,3.60,170,460,920,2700
2023,30056,RIVER KRISHNA AT DEODURGA (BANGALORE),KARNATAKA,Krishna,KRISHNA,25.0,28.0,,6.4  13.2  7.9  8.7,,,1104,,2060  1.0,1.0,0.00,1.42,79,2800,350,16000
2023,1784,"RIVER KRISHNA AT THANGADI, THANGADI(V), KRISHNA(M), NARAYANAPET(D)",TELANGANA,Krishna,KRISHNA,25.0,28.2,5.2,6.2,,7.4  8.3,312,,1293  1.2,2.8,0.30,6.00,2,2,13,58
2023,1170,RIVER KRISHNA AT D/S OF DEVASAGAR BDG.,KARNATAKA,Krishna,KRISHNA,24.0,32.0,6.5,8.5,,8.1  8.6,894,,1750  2.2,3.5,0.45,9.68,220,580,920,2800
2023,4225,"RIVER KRISHNA AT JOGULAMBA TEMPLE, ALAMPUR(V&M), JOGULAMBA GADWAL(D)",TELANGANA,Krishna,KRISHNA,25.0,28.9,4.4,6.2,,7.0  8.3,512,,1692  1.4,3.2,,0.40  12.00,2,10,21,170
2023,1175,"RIVER KRISHNA A/C WITH TUNGABHADRA, SANGAMESHWARAM (V), KOTTAPALLE (M)",ANDHRA PRADESH,Krishna,,20.0,28.0,5.3,6.2,,6.9  8.2,531,,1714  1.0,2.0,0.35,0.94,102,303,549,1046
2023,3083,"RIVER KRISHNA D/S OF SRISHAILAM, SRISHAILAM",ANDHRA PRADESH,Krishna,KRISHNA,19.0,29.0,5.3,6.2,,6.9  8.0,580,842,1.0,1.7,0.34,1.31,152,343,479,921
2023,5108,"RIVER KRISHNA BEFORE CONFLUENCE OF RIVER MUSI AT WADAPALLY (V), DAMARACHARLA (M), NALGONDA (D)",TELANGANA,Krishna,KRISHNA BEFORE CONFLUENCE OF RIVER MUSI,17.0,24.0,6.2,7.6,,6.8  8.4,852,,1281  2.2,,3.4  14.12 35.15,,6,6,33,41
2023,1465,"RIVER KRISHNA - CONFLUENCE OF RIVER KRISHNA & RIVER MUSI AT WADAPALLY (V), DAMARCHARLA (M), NALGONDA DISTRICT",TELANGANA,Krishna,MUSI,17.0,25.0,5.4,7.2,,7.2  8.6,1010,,1311  2.1,,4.1  15.22 35.23,,8,9,27,39
2023,4381,"RIVER KRISHNA AFTER CONFLUENCE WITH RIVER MUSI AT VADAPALLI (V), DACHEPALLI (M) BETWEEN ANDHRA PRADESH & TELANGANA STATES",ANDHRA PRADESH,Krishna,KRISHNA AFTER CONFLUENCE WITH RIVER MUSI,23.0,25.0,6.9,7.6,,7.2  8.1,621,998,2.6,2.9,1.27,1.86,4,39,43,470
2023,5109,"RIVER KRISHNA AFTER CONFLUENCE OF RIVER MUSI AT WADAPALLY (V), DAMARACHARLA (M), NALGONDA(D)",TELANGANA,"Tributary Streams - Ghataprabha, Malprabha, Tungabhadra, Tunga, Bhadra, Musi, Palleru, Muneru, Kagina, Hundri, Mula, Mutha, Nira, Chandrabhaga, Venna, Koyna, Pawana, Indrayani, Ghod, Sina, Urmodi, Vel, And Upputeru -",KRISHNA AFTER CONFLUENCE OF RIVER MUSI,18.0,25.0,6.0,7.9,,7.3  8.4,926,,1296  2.2  16.0  15.15 41.13,,,,6,6,33,43
2023,4663,"RIVER KRISHNA AT MATTEPALLY, 500 MTS. BEFORE BATHING GHAT, SURYAPET",TELANGANA,"Tributary Streams - Ghataprabha, Malprabha, Tungabhadra, Tunga, Bhadra, Musi, Palleru, Muneru, Kagina, Hundri, Mula, Mutha, Nira, Chandrabhaga, Venna, Koyna, Pawana, Indrayani, Ghod, Sina, Urmodi, Vel, And Upputeru -",KRISHNA,18.0,24.0,5.9,7.2,,7.0  8.5,834,,1319  2.2,,3.9  16.16 44.27,,6,7,34,43
2023,5110,"RIVER KRISHNA AT PULICHINTALA RESERVOIR AT CHINTHALAPALEM (V&M), SURYAPET (D)",TELANGANA,"Tributary Streams - Ghataprabha, Malprabha, Tungabhadra, Tunga, Bhadra, Musi, Palleru, Muneru, Kagina, Hundri, Mula, Mutha, Nira, Chandrabhaga, Venna, Koyna, Pawana, Indrayani, Ghod, Sina, Urmodi, Vel, And Upputeru -",KRISHNA,19.0,24.0,5.8,7.0,,7.0  8.6,862,,1357  2.0,3.0,,8.16  33.17,4,5,31,41
2023,1786,"RIVER KRISHNA AT VEDADRI (V), JAGGAYYAPETA (M)",ANDHRA PRADESH,"Tributary Streams - Ghataprabha, Malprabha, Tungabhadra, Tunga, Bhadra, Musi, Palleru, Muneru, Kagina, Hundri, Mula, Mutha, Nira, Chandrabhaga, Venna, Koyna, Pawana, Indrayani, Ghod, Sina, Urmodi, Vel, And Upputeru -",KRISHNA,25.0,27.0,7.1,7.7,,7.2  8.2,772,950,2.4,2.8,1.05,1.76,4,28,64,470
2023,1787,"RIVER KRISHNA AT AMARAVATI, AMARAVATI (V & M)",ANDHRA PRADESH,"Tributary Streams - Ghataprabha, Malprabha, Tungabhadra, Tunga, Bhadra, Musi, Palleru, Muneru, Kagina, Hundri, Mula, Mutha, Nira, Chandrabhaga, Venna, Koyna, Pawana, Indrayani, Ghod, Sina, Urmodi, Vel, And Upputeru -",KRISHNA,22.0,25.0,6.9,7.7,,7.3  8.1,664,882,2.3,2.9,1.05,1.65,7,39,75,460
2023,4375,"RIVER KRISHNA, PAVITHRA SANGAMAM, AFTER CONFLUENCE WITH RIVER GODAVARI WATER, FERRY (V), IBRAHIMPATNAM (M)",ANDHRA PRADESH,"Tributary Streams - Ghataprabha, Malprabha, Tungabhadra, Tunga, Bhadra, Musi, Palleru, Muneru, Kagina, Hundri, Mula, Mutha, Nira, Chandrabhaga, Venna, Koyna, Pawana, Indrayani, Ghod, Sina, Urmodi, Vel, And Upputeru -",,24.0,25.0,7.1,7.6,,7.2  8.1,406,830,2.2,2.8,0.86,1.64,4,14,43,470
2023,1463,"RIVER NIRA AT SAROLA BRIDGE, VILLAGE- SAROLA, TALUKA-BHOR, DISTRICT- PUNE.",MAHARASHTRA 27.0,"Tributary Streams - Ghataprabha, Malprabha, Tungabhadra, Tunga, Bhadra, Musi, Palleru, Muneru, Kagina, Hundri, Mula, Mutha, Nira, Chandrabhaga, Venna, Koyna, Pawana, Indrayani, Ghod, Sina, Urmodi, Vel, And Upputeru -",NIRA,,30.0,4.9,6.5,,7.7  8.5,128,,1577  2.2,7.2,0.30,3.48,7,65,115,425
2023,2683,"RIVER NIRA AT SHINDEWADI, VILLAGE- SHIRVAL, TALUKA- KHANDALA, DISTRICT- SATARA.",MAHARASHTRA 25.0,"Tributary Streams - Ghataprabha, Malprabha, Tungabhadra, Tunga, Bhadra, Musi, Palleru, Muneru, Kagina, Hundri, Mula, Mutha, Nira, Chandrabhaga, Venna, Koyna, Pawana, Indrayani, Ghod, Sina, Urmodi, Vel, And Upputeru -",NIRA,,30.0,5.4,6.4,,7.3  8.6,75,264,3.0,4.5,0.30,2.05,7,25,75,250
2023,2682,"RIVER NIRA AT U/S OF JUBILANT ORGANOSIS, VILLAGE- NIRA (DATTAGHAT),TALUKA- BARAMATI, DISTRICT- PUNE.",MAHARASHTRA 26.0,"Tributary Streams - Ghataprabha, Malprabha, Tungabhadra, Tunga, Bhadra, Musi, Palleru, Muneru, Kagina, Hundri, Mula, Mutha, Nira, Chandrabhaga, Venna, Koyna, Pawana, Indrayani, Ghod, Sina, Urmodi, Vel, And Upputeru -",NIRA,,30.0,5.3,6.2,,7.9  8.5,483,944,3.0,6.2,0.30,3.38,7,65,120,275
2023,2195,"RIVER NIRA AT D/S OF JUBILANT ORGANOSIS, VILLAGE- NIMBUT, TALUKA- BARAMATI, DISTRICT- PUNE.",MAHARASHTRA 26.0,"Tributary Streams - Ghataprabha, Malprabha, Tungabhadra, Tunga, Bhadra, Musi, Palleru, Muneru, Kagina, Hundri, Mula, Mutha, Nira, Chandrabhaga, Venna, Koyna, Pawana, Indrayani, Ghod, Sina, Urmodi, Vel, And Upputeru -",NIRA,,30.0,4.9,5.8,,7.3  8.4,621,,1273  3.8,7.5,0.30,4.88,7,120,150,900
2023,2681,"RIVER NIRA AT SANGAVI, VILLAGE- SANGAVI, TALUKA- PHALTAN, DISTRICT- SATARA.",MAHARASHTRA 25.0,"Tributary Streams - Ghataprabha, Malprabha, Tungabhadra, Tunga, Bhadra, Musi, Palleru, Muneru, Kagina, Hundri, Mula, Mutha, Nira, Chandrabhaga, Venna, Koyna, Pawana, Indrayani, Ghod, Sina, Urmodi, Vel, And Upputeru -",NIRA,,32.0,4.3,5.6,,8.0  8.4,1567,,6941  4.4  14.0  0.30,,,2.54,9,110,130,550
2023,2716,"RIVER VENNA AT MAHABALESHWAR, VILLAGE. MAHABALESHWAR, TALUKA. MAHABALESHWAR, DISTRICT. SATARA.",MAHARASHTRA 20.0,"Tributary Streams - Ghataprabha, Malprabha, Tungabhadra, Tunga, Bhadra, Musi, Palleru, Muneru, Kagina, Hundri, Mula, Mutha, Nira, Chandrabhaga, Venna, Koyna, Pawana, Indrayani, Ghod, Sina, Urmodi, Vel, And Upputeru -",VENNA,,32.0,5.7,6.6,,6.6  8.3,42,686,2.2,3.6,0.30,2.11,7,30,95,250
2023,2186,"RIVER VENNA AT VARYE, VILLAGE - VARYE,TALUKA- SATARA, DISTRICT- SATARA.",MAHARASHTRA 23.0,"Tributary Streams - Ghataprabha, Malprabha, Tungabhadra, Tunga, Bhadra, Musi, Palleru, Muneru, Kagina, Hundri, Mula, Mutha, Nira, Chandrabhaga, Venna, Koyna, Pawana, Indrayani, Ghod, Sina, Urmodi, Vel, And Upputeru -",VENNA,,31.0,5.3,6.4,,7.6  8.3,177,445,2.6,5.0,0.30,1.96,7,30,85,225
2023,2717,"RIVER VENNA AT MAHULI, VILLAGE- MAHULI, TALUKA- MAHULI, DISTRICT- SATARA.",MAHARASHTRA 23.0,"Tributary Streams - Ghataprabha, Malprabha, Tungabhadra, Tunga, Bhadra, Musi, Palleru, Muneru, Kagina, Hundri, Mula, Mutha, Nira, Chandrabhaga, Venna, Koyna, Pawana, Indrayani, Ghod, Sina, Urmodi, Vel, And Upputeru -",VENNA,,30.0,4.8,6.2,,7.4  8.2,206,553,2.8,6.4,0.30,2.82,8,65,95,350
2023,4253,"RIVER MUSI AT BAPUGHAT SANGAM, HYDERABAD",TELANGANA,"Tributary Streams - Ghataprabha, Malprabha, Tungabhadra, Tunga, Bhadra, Musi, Palleru, Muneru, Kagina, Hundri, Mula, Mutha, Nira, Chandrabhaga, Venna, Koyna, Pawana, Indrayani, Ghod, Sina, Urmodi, Vel, And Upputeru -",MUSI,25.0,29.0,0.3,3.0,,6.8  7.9,384,,1526  2.2  14.0  2.08,,,8.20,4,350,280,920
2023,2339,"RIVER MUSI AT NAGOLE, RANGA REDDY",TELANGANA,"Tributary Streams - Ghataprabha, Malprabha, Tungabhadra, Tunga, Bhadra, Musi, Palleru, Muneru, Kagina, Hundri, Mula, Mutha, Nira, Chandrabhaga, Venna, Koyna, Pawana, Indrayani, Ghod, Sina, Urmodi, Vel, And Upputeru -",MUSI,24.0,28.0,0.3,0.3,,6.9  7.8,1027,,1621  6.0  15.0  3.20,,,9.00,6,58,350,920
2023,4659,"RIVER MUSI - OUTLET OF NALLA CHERUVU, PEERAJADIGUDA, RANGAREDDY",TELANGANA,"Tributary Streams - Ghataprabha, Malprabha, Tungabhadra, Tunga, Bhadra, Musi, Palleru, Muneru, Kagina, Hundri, Mula, Mutha, Nira, Chandrabhaga, Venna, Koyna, Pawana, Indrayani, Ghod, Sina, Urmodi, Vel, And Upputeru -",,24.0,28.9,0.3,0.3,,7.0  7.9,1040,,1794  6.0  16.0  3.00  12.50,,,,11,48,350,920
2023,4660,"RIVER MUSI AT PEERAJADIGUDA, RANGA REDDY",TELANGANA,"Tributary Streams - Ghataprabha, Malprabha, Tungabhadra, Tunga, Bhadra, Musi, Palleru, Muneru, Kagina, Hundri, Mula, Mutha, Nira, Chandrabhaga, Venna, Koyna, Pawana, Indrayani, Ghod, Sina, Urmodi, Vel, And Upputeru -",MUSI,24.0,29.0,0.3,0.8,,7.0  7.4,1022,,1502  5.8  14.0  3.00  10.80,,,,14,48,350,1600
2023,1173,"RIVER MUSI - D/S AT PRATAPASINGARAM , SHAMSHABAD",TELANGANA,"Tributary Streams - Ghataprabha, Malprabha, Tungabhadra, Tunga, Bhadra, Musi, Palleru, Muneru, Kagina, Hundri, Mula, Mutha, Nira, Chandrabhaga, Venna, Koyna, Pawana, Indrayani, Ghod, Sina, Urmodi, Vel, And Upputeru -",MUSI -,24.0,28.0,0.3,1.2,,6.8  7.7,1005,,1488  5.2  16.0  2.60  13.60,,,,11,84,350,920
2023,4657,"RIVER MUSI AT PILLAIPALLI, RANGAREDDY",TELANGANA,"Tributary Streams - Ghataprabha, Malprabha, Tungabhadra, Tunga, Bhadra, Musi, Palleru, Muneru, Kagina, Hundri, Mula, Mutha, Nira, Chandrabhaga, Venna, Koyna, Pawana, Indrayani, Ghod, Sina, Urmodi, Vel, And Upputeru -",MUSI,24.0,27.2,0.3,3.2,,7.0  7.5,998,,1504  4.0,6.0,,2.60  11.84,11,70,350,1600
2023,4254,"RIVER MUSI AT RUDRAVELLY BRIDGE,YADADRI",TELANGANA,"Tributary Streams - Ghataprabha, Malprabha, Tungabhadra, Tunga, Bhadra, Musi, Palleru, Muneru, Kagina, Hundri, Mula, Mutha, Nira, Chandrabhaga, Venna, Koyna, Pawana, Indrayani, Ghod, Sina, Urmodi, Vel, And Upputeru -",MUSI,18.0,23.0,5.9,7.0,,6.8  8.2,1025,,1832  2.1,,6.1  23.15 38.16,,7,8,70,92
2023,4658,"RIVER MUSI AT VALIGONDA BRIDGE, NALGONDA DIST",TELANGANA,"Tributary Streams - Ghataprabha, Malprabha, Tungabhadra, Tunga, Bhadra, Musi, Palleru, Muneru, Kagina, Hundri, Mula, Mutha, Nira, Chandrabhaga, Venna, Koyna, Pawana, Indrayani, Ghod, Sina, Urmodi, Vel, And Upputeru -",MUSI,18.0,23.0,5.9,7.6,,6.7  8.3,1159,,1802  2.0,,5.8  20.15 43.15,,8,9,79,110
2023,3082,"RIVER MUSI AT SOLIPET (KASANIGUDA), NALGONDA",TELANGANA,"Tributary Streams - Ghataprabha, Malprabha, Tungabhadra, Tunga, Bhadra, Musi, Palleru, Muneru, Kagina, Hundri, Mula, Mutha, Nira, Chandrabhaga, Venna, Koyna, Pawana, Indrayani, Ghod, Sina, Urmodi, Vel, And Upputeru -",MUSI,18.0,25.0,6.3,7.6,,7.4  8.5,1101,,1724  2.0,,4.7  16.08 35.08,,7,8,49,70
2023,5106,"RIVER MUSI AT BHEEMARAM BRIDGE, BHEEMARAM (V), KETHEPALLY (M), NALGONDA (D)",TELANGANA,"Tributary Streams - Ghataprabha, Malprabha, Tungabhadra, Tunga, Bhadra, Musi, Palleru, Muneru, Kagina, Hundri, Mula, Mutha, Nira, Chandrabhaga, Venna, Koyna, Pawana, Indrayani, Ghod, Sina, Urmodi, Vel, And Upputeru -",MUSI,19.0,24.0,5.4,7.5,,7.5  8.5,1154,,2245  2.2,,3.6  18.21 38.15,,5,6,33,41
2023,5107,"RIVER MUSI BEFORE CONFLUENCE OF RIVER KRISHNA AT WADAPALLY (V), DAMARACHARLA (M), NALGONDA(D)",TELANGANA,"Tributary Streams - Ghataprabha, Malprabha, Tungabhadra, Tunga, Bhadra, Musi, Palleru, Muneru, Kagina, Hundri, Mula, Mutha, Nira, Chandrabhaga, Venna, Koyna, Pawana, Indrayani, Ghod, Sina, Urmodi, Vel, And Upputeru -",MUSI BEFORE CONFLUENCE OF RIVER KRISHNA,18.0,24.0,6.0,7.2,,7.3  8.6,1121,,1648  2.3,,3.1  10.10 28.13,,6,8,39,44
2023,1189,"RIVER BHIMA AT PUNE (MUTHA RIVER) AT U/S OF VITHALWADI NEAR SHANKAR MANDIR, VILLAGE. VITHALWADI, TALUKA. HAWELI, DISTRICT. PUNE.",MAHARASHTRA 27.5,"Tributary Streams - Ghataprabha, Malprabha, Tungabhadra, Tunga, Bhadra, Musi, Palleru, Muneru, Kagina, Hundri, Mula, Mutha, Nira, Chandrabhaga, Venna, Koyna, Pawana, Indrayani, Ghod, Sina, Urmodi, Vel, And Upputeru -",BHIMA,,29.0,2.9,4.1,,7.1  7.9,499,,693  17.9  27.0  0.30,,,4.90,10,225,275,1800
2023,1190,"RIVER BHIMA AT D/S OF BUNDGARDEN, VILLAGE YERWADA, TALUKA. HAWELI, DISTRICT. PUNE.",MAHARASHTRA 27.0,"Tributary Streams - Ghataprabha, Malprabha, Tungabhadra, Tunga, Bhadra, Musi, Palleru, Muneru, Kagina, Hundri, Mula, Mutha, Nira, Chandrabhaga, Venna, Koyna, Pawana, Indrayani, Ghod, Sina, Urmodi, Vel, And Upputeru -",BHIMA,,29.0,3.3,4.5,,6.9  7.8,339,,683  10.4  23.0  0.00,,,3.45,25,250,425,1800
2023,2655,"RIVER BHIMA AT KOREGAON NEAR KOREGAON BRIDGE, VILLAGE- KOREGAON,TALUKA- SHIRUR, DISTRICT- PUNE.",MAHARASHTRA 26.0,"Tributary Streams - Ghataprabha, Malprabha, Tungabhadra, Tunga, Bhadra, Musi, Palleru, Muneru, Kagina, Hundri, Mula, Mutha, Nira, Chandrabhaga, Venna, Koyna, Pawana, Indrayani, Ghod, Sina, Urmodi, Vel, And Upputeru -",BHIMA,,29.0,5.0,6.2,,7.4  8.3,210,726,3.0,5.4,0.30,5.40,9,45,200,550
2023,1191,"RIVER BHIMA AFTER CONFLUENCE WITH MULA-MUTHA AT PARGAON NEAR VASANT BANDARA,VILLAGE- PARGAON,TALUKA- DAUND, DISTRICT- PUNE.",MAHARASHTRA 27.0,"Tributary Streams - Ghataprabha, Malprabha, Tungabhadra, Tunga, Bhadra, Musi, Palleru, Muneru, Kagina, Hundri, Mula, Mutha, Nira, Chandrabhaga, Venna, Koyna, Pawana, Indrayani, Ghod, Sina, Urmodi, Vel, And Upputeru -",BHIMA AFTER CONFLUENCE WITH MULA-MUTHA,,29.0,4.2,5.8,,7.4  8.0,347,,1603  4.0  10.9  0.30  11.12,,,,8,200,110,900
2023,1192,"RIVER BHIMA AT DAUND NEAR MAHADEV TEMPLE,VILLAGE- DAUND, TALUKA- DAUND, DISTRICT- PUNE.",MAHARASHTRA 27.0,"Tributary Streams - Ghataprabha, Malprabha, Tungabhadra, Tunga, Bhadra, Musi, Palleru, Muneru, Kagina, Hundri, Mula, Mutha, Nira, Chandrabhaga, Venna, Koyna, Pawana, Indrayani, Ghod, Sina, Urmodi, Vel, And Upputeru -",BHIMA,,30.0,4.5,5.8,,7.5  8.1,349,,1621  3.4,8.5,,0.30  10.78,10,115,95,900
2023,2656,"RIVER BHIMA BACKWATER OF UJANI DAM, NEAR RAW WATER PUMP HOUSE, VILLAGE- KUMBARGAON, TALUKA- INDAPUR, DISTRICT- PUNE.",MAHARASHTRA 27.0,"Tributary Streams - Ghataprabha, Malprabha, Tungabhadra, Tunga, Bhadra, Musi, Palleru, Muneru, Kagina, Hundri, Mula, Mutha, Nira, Chandrabhaga, Venna, Koyna, Pawana, Indrayani, Ghod, Sina, Urmodi, Vel, And Upputeru -",,,30.0,4.9,6.2,,7.4  8.3,332,967,2.8,7.5,0.30,5.09,7,85,170,350
2023,1188,"RIVER BHIMA AT NARSINGPUR NEAR SANGAM BRIDGE AFTER CONFLUENCE WITH NIRA, VILLAGE- NARSINGPUR, TALUKA-MALSHIRAS, DISTRICT- SOLAPUR.",MAHARASHTRA 29.0,"Tributary Streams - Ghataprabha, Malprabha, Tungabhadra, Tunga, Bhadra, Musi, Palleru, Muneru, Kagina, Hundri, Mula, Mutha, Nira, Chandrabhaga, Venna, Koyna, Pawana, Indrayani, Ghod, Sina, Urmodi, Vel, And Upputeru -",BHIMA,,36.0,5.3,6.4,,8.0  8.4,722,,6664  3.2,7.6,0.30,2.77,7,120,75,425
2023,30046,"RIVER BHIMA AT TAKLI, SOLAPUR, (MAHARASHTRA)",MAHARASHTRA 22.0,"Tributary Streams - Ghataprabha, Malprabha, Tungabhadra, Tunga, Bhadra, Musi, Palleru, Muneru, Kagina, Hundri, Mula, Mutha, Nira, Chandrabhaga, Venna, Koyna, Pawana, Indrayani, Ghod, Sina, Urmodi, Vel, And Upputeru -",BHIMA,,22.0,4.9,4.9,,8.3  8.3,1656,,1656  7.8,7.8,1.11,1.11,45,45,350,350
2023,5582,"RIVER BHIMA DOWNSTREAM, DHULKED VILL",KARNATAKA,"Tributary Streams - Ghataprabha, Malprabha, Tungabhadra, Tunga, Bhadra, Musi, Palleru, Muneru, Kagina, Hundri, Mula, Mutha, Nira, Chandrabhaga, Venna, Koyna, Pawana, Indrayani, Ghod, Sina, Urmodi, Vel, And Upputeru -",,29.0,29.0,,6.0  10.0  7.0  8.5,,,826,,1620  1.2,2.9,2.27,8.15,540,920,1600,1600
2023,1183,RIVER BHIMA AT D/S OF ROAD BRIDGE AT GANGAPUR VILLAGE,KARNATAKA,"Tributary Streams - Ghataprabha, Malprabha, Tungabhadra, Tunga, Bhadra, Musi, Palleru, Muneru, Kagina, Hundri, Mula, Mutha, Nira, Chandrabhaga, Venna, Koyna, Pawana, Indrayani, Ghod, Sina, Urmodi, Vel, And Upputeru -",BHIMA,25.0,31.0,6.0,8.6,,7.4  8.5,1050,,2010  3.0,8.0,0.48,3.51,230,260000,1600,280000
2023,1184,RIVER BHIMA AT FEROZABAD VILLAGE (D/S),KARNATAKA,"Tributary Streams - Ghataprabha, Malprabha, Tungabhadra, Tunga, Bhadra, Musi, Palleru, Muneru, Kagina, Hundri, Mula, Mutha, Nira, Chandrabhaga, Venna, Koyna, Pawana, Indrayani, Ghod, Sina, Urmodi, Vel, And Upputeru -",BHIMA,24.0,32.0,,6.5  11.6  7.7  8.8,,,880,,1295  2.0,4.0,,0.51  67.00,140,23000,1100,350000
2023,1888,RIVER BHIMA AT CONFLUENCE OF JEWARGI TOWN SEWAGE DISPOSAL POINT,KARNATAKA,"Tributary Streams - Ghataprabha, Malprabha, Tungabhadra, Tunga, Bhadra, Musi, Palleru, Muneru, Kagina, Hundri, Mula, Mutha, Nira, Chandrabhaga, Venna, Koyna, Pawana, Indrayani, Ghod, Sina, Urmodi, Vel, And Upputeru -",BHIMA,24.0,32.0,,5.6  12.0  7.7  8.6,,,818,,1278  2.0,3.3,0.46,6.90,20,700,350,5400
2023,30057,RIVER BHIMA AT GANGAPUR (BANGALORE),KARNATAKA,"Tributary Streams - Ghataprabha, Malprabha, Tungabhadra, Tunga, Bhadra, Musi, Palleru, Muneru, Kagina, Hundri, Mula, Mutha, Nira, Chandrabhaga, Venna, Koyna, Pawana, Indrayani, Ghod, Sina, Urmodi, Vel, And Upputeru -",BHIMA,24.0,28.0,7.1,8.7,,8.1  8.6,1270,,2198  4.0,6.7,0.00,3.72,790,2200,4900,9200
2023,1167,RIVER BHIMA AT D/S OF BDG. NEAR YADGIR,KARNATAKA,"Tributary Streams - Ghataprabha, Malprabha, Tungabhadra, Tunga, Bhadra, Musi, Palleru, Muneru, Kagina, Hundri, Mula, Mutha, Nira, Chandrabhaga, Venna, Koyna, Pawana, Indrayani, Ghod, Sina, Urmodi, Vel, And Upputeru -",BHIMA,26.0,34.0,7.0,8.0,,8.1  8.5,390,,1473  2.0,3.0,,0.35  11.56,33,490,280,2800
2023,5158,"RIVER HUNDRI AT GAJULADINNE RESERVOIR GAJULADINNE (V),GONEGANDLA (M)",ANDHRA PRADESH,"Tributary Streams - Ghataprabha, Malprabha, Tungabhadra, Tunga, Bhadra, Musi, Palleru, Muneru, Kagina, Hundri, Mula, Mutha, Nira, Chandrabhaga, Venna, Koyna, Pawana, Indrayani, Ghod, Sina, Urmodi, Vel, And Upputeru -",HUNDRI,21.0,29.0,5.5,6.2,,6.9  8.1,547,896,1.3,2.5,0.34,1.29,173,378,501,980
2023,2350,"RIVER HUNDRI AT LAXMIPURAM (V), KALLUR (M)",ANDHRA PRADESH,"Tributary Streams - Ghataprabha, Malprabha, Tungabhadra, Tunga, Bhadra, Musi, Palleru, Muneru, Kagina, Hundri, Mula, Mutha, Nira, Chandrabhaga, Venna, Koyna, Pawana, Indrayani, Ghod, Sina, Urmodi, Vel, And Upputeru -",HUNDRI,22.0,28.0,5.4,6.3,,7.4  8.1,1152,,1479  1.0,2.8,0.93,2.12,146,320,575,816
2023,1091,RIVER BHADRA AT MALLESWARAM D/S OF KIOCL,KARNATAKA,"Tributary Streams - Ghataprabha, Malprabha, Tungabhadra, Tunga, Bhadra, Musi, Palleru, Muneru, Kagina, Hundri, Mula, Mutha, Nira, Chandrabhaga, Venna, Koyna, Pawana, Indrayani, Ghod, Sina, Urmodi, Vel, And Upputeru -",BHADRA,20.0,25.0,6.6,7.7,,7.0  8.2,70,164,1.6,2.0,0.30,0.60,12,40,110,350
2023,2771,RIVER BHADRA AT U/S OF KIOCL,KARNATAKA,"Tributary Streams - Ghataprabha, Malprabha, Tungabhadra, Tunga, Bhadra, Musi, Palleru, Muneru, Kagina, Hundri, Mula, Mutha, Nira, Chandrabhaga, Venna, Koyna, Pawana, Indrayani, Ghod, Sina, Urmodi, Vel, And Upputeru -",BHADRA,20.0,25.0,6.6,7.9,,6.9  8.2,61,150,1.2,2.0,0.30,0.52,11,40,110,350
2023,2765,RIVER BHADRA AT U/S OF MPM,KARNATAKA,"Tributary Streams - Ghataprabha, Malprabha, Tungabhadra, Tunga, Bhadra, Musi, Palleru, Muneru, Kagina, Hundri, Mula, Mutha, Nira, Chandrabhaga, Venna, Koyna, Pawana, Indrayani, Ghod, Sina, Urmodi, Vel, And Upputeru -",BHADRA,26.0,27.0,6.6,8.1,,7.0  8.1,103,250,1.0,2.4,0.30,0.83,13,93,110,1600
2023,1387,RIVER BHADRA AT D/S OF BHADRAVATHI,KARNATAKA,"Tributary Streams - Ghataprabha, Malprabha, Tungabhadra, Tunga, Bhadra, Musi, Palleru, Muneru, Kagina, Hundri, Mula, Mutha, Nira, Chandrabhaga, Venna, Koyna, Pawana, Indrayani, Ghod, Sina, Urmodi, Vel, And Upputeru -",BHADRA,26.0,28.0,4.9,8.0,,7.0  8.5,100,250,1.5,2.9,0.30,1.53,78,390,920,2400
2023,4105,"RIVER BHADRA D/S MYSORE PAPER MILL (MPM), BHADRAWATI, SHIVAMOGGA",KARNATAKA,"Tributary Streams - Ghataprabha, Malprabha, Tungabhadra, Tunga, Bhadra, Musi, Palleru, Muneru, Kagina, Hundri, Mula, Mutha, Nira, Chandrabhaga, Venna, Koyna, Pawana, Indrayani, Ghod, Sina, Urmodi, Vel, And Upputeru -",BHADRA,26.0,27.0,6.7,9.5,,7.1  8.4,111,190,1.3,3.3,0.30,0.96,11,310,110,2400
2023,1169,"RIVER BHADRA AT D/S OF KIOCL ROAD BRIDGE, NEAR HOLEHUNNUR",KARNATAKA,"Tributary Streams - Ghataprabha, Malprabha, Tungabhadra, Tunga, Bhadra, Musi, Palleru, Muneru, Kagina, Hundri, Mula, Mutha, Nira, Chandrabhaga, Venna, Koyna, Pawana, Indrayani, Ghod, Sina, Urmodi, Vel, And Upputeru -",BHADRA,26.0,28.0,6.0,7.8,,7.0  7.9,122,200,1.2,2.8,0.30,1.20,13,270,140,1300
2023,1911,"RIVER CHANDRABHAGA AT U/S OF PANDHARPUR TOWN, VILLAGE. GURSALE, TALUKA. PANDHARPUR, DISTRICT. SOLAPUR.",MAHARASHTRA 25.0,"Tributary Streams - Ghataprabha, Malprabha, Tungabhadra, Tunga, Bhadra, Musi, Palleru, Muneru, Kagina, Hundri, Mula, Mutha, Nira, Chandrabhaga, Venna, Koyna, Pawana, Indrayani, Ghod, Sina, Urmodi, Vel, And Upputeru -",CHANDRABHAGA,,36.0,4.7,6.2,,7.7  8.4,672,,9529  3.0,8.3,0.30,2.12,9,45,110,550
2023,1912,"RIVER CHANDRABHAGA AT D/S OF PANDHARPUR TOWN REAR VISHNUPANT MANDIR, VILLAGE. GOPALPUR, TALUKA. PANDHARPUR DISTRICT. SOLAPUR.",MAHARASHTRA 25.0,"Tributary Streams - Ghataprabha, Malprabha, Tungabhadra, Tunga, Bhadra, Musi, Palleru, Muneru, Kagina, Hundri, Mula, Mutha, Nira, Chandrabhaga, Venna, Koyna, Pawana, Indrayani, Ghod, Sina, Urmodi, Vel, And Upputeru -",CHANDRABHAGA,,36.0,4.5,5.8,,7.8  8.4,745,,1824  4.2,9.0,0.30,3.35,10,175,140,900
2023,1163,RIVER GHATAPRABHA AT W.A. POINT TO GOKAK TOWN,KARNATAKA,"Tributary Streams - Ghataprabha, Malprabha, Tungabhadra, Tunga, Bhadra, Musi, Palleru, Muneru, Kagina, Hundri, Mula, Mutha, Nira, Chandrabhaga, Venna, Koyna, Pawana, Indrayani, Ghod, Sina, Urmodi, Vel, And Upputeru -",GHATAPRABHA,24.0,29.0,6.1,8.7,,7.8  8.7,196,884,1.1,3.0,,3.23  28.19,350,540,920,1600
2023,4104,RIVER GHATAPRABHA DAVALSHWAR BARRAGE JACKWELL FOR DRINKING WATER SUPPLY,KARNATAKA,"Tributary Streams - Ghataprabha, Malprabha, Tungabhadra, Tunga, Bhadra, Musi, Palleru, Muneru, Kagina, Hundri, Mula, Mutha, Nira, Chandrabhaga, Venna, Koyna, Pawana, Indrayani, Ghod, Sina, Urmodi, Vel, And Upputeru -",,18.0,21.0,,5.6  13.7  6.4  9.2,,,208,,1258  1.8,5.2,,3.95  55.36,350,920,920,1600
2023,1185,RIVER GHATAPRABHA AT D/S OF MUDHOL ROAD CROSS BDG.,KARNATAKA,"Tributary Streams - Ghataprabha, Malprabha, Tungabhadra, Tunga, Bhadra, Musi, Palleru, Muneru, Kagina, Hundri, Mula, Mutha, Nira, Chandrabhaga, Venna, Koyna, Pawana, Indrayani, Ghod, Sina, Urmodi, Vel, And Upputeru -",GHATAPRABHA,17.0,20.0,,5.6  13.7  6.3  9.1,,,268,,1320  1.6,4.2,,4.37  47.51,430,920,920,1600
2023,2665,"RIVER GHOD AT SHIRUR, VILLAGE. SHIRUR, TALUKA. SHIRUR, DISTRICT. PUNE.",MAHARASHTRA 26.0,"Tributary Streams - Ghataprabha, Malprabha, Tungabhadra, Tunga, Bhadra, Musi, Palleru, Muneru, Kagina, Hundri, Mula, Mutha, Nira, Chandrabhaga, Venna, Koyna, Pawana, Indrayani, Ghod, Sina, Urmodi, Vel, And Upputeru -",GHOD,,27.0,4.6,6.1,,7.5  8.4,431,,1336  3.5,9.7,0.30,3.42,7,45,200,550
2023,2669,"RIVER INDRAYANI AT U/S OF MOSHIGAON,VILLAGE- MOSHI, TALUKA- HAWELI, DISTRICT- PUNE.",MAHARASHTRA 25.0,"Tributary Streams - Ghataprabha, Malprabha, Tungabhadra, Tunga, Bhadra, Musi, Palleru, Muneru, Kagina, Hundri, Mula, Mutha, Nira, Chandrabhaga, Venna, Koyna, Pawana, Indrayani, Ghod, Sina, Urmodi, Vel, And Upputeru -",INDRAYANI,,29.0,4.8,6.1,,7.0  7.8,216,777,2.2,8.3,0.30,7.25,8,70,85,900
2023,2668,"RIVER INDRAYANI AT D/S OF MOSHI VILLAGE. VILLAGE- MOSHI, TALUKA- HAWELI, DISTRICT- PUNE.",MAHARASHTRA 26.0,"Tributary Streams - Ghataprabha, Malprabha, Tungabhadra, Tunga, Bhadra, Musi, Palleru, Muneru, Kagina, Hundri, Mula, Mutha, Nira, Chandrabhaga, Venna, Koyna, Pawana, Indrayani, Ghod, Sina, Urmodi, Vel, And Upputeru -",INDRAYANI,,29.0,5.2,5.8,,7.0  7.9,210,784,3.2,8.4,0.30,3.41,10,115,170,550
2023,2197,"RIVER INDRAYANI AT D/S OF ALANDIGAON, VILLAGE. ALANDIGAON, TALUKA. HAWELI, DISTRICT. PUNE.",MAHARASHTRA 26.0,"Tributary Streams - Ghataprabha, Malprabha, Tungabhadra, Tunga, Bhadra, Musi, Palleru, Muneru, Kagina, Hundri, Mula, Mutha, Nira, Chandrabhaga, Venna, Koyna, Pawana, Indrayani, Ghod, Sina, Urmodi, Vel, And Upputeru -",INDRAYANI,,28.0,4.8,5.8,,7.0  8.0,190,711,3.5,8.9,0.30,7.70,8,70,140,550
2023,1895,RIVER KAGINA D/S OF SEWAGE DISPOSAL POINT,KARNATAKA,"Tributary Streams - Ghataprabha, Malprabha, Tungabhadra, Tunga, Bhadra, Musi, Palleru, Muneru, Kagina, Hundri, Mula, Mutha, Nira, Chandrabhaga, Venna, Koyna, Pawana, Indrayani, Ghod, Sina, Urmodi, Vel, And Upputeru -",KAGINA,24.0,32.0,6.7,8.8,,7.7  8.5,340,610,1.7,4.0,0.31,3.40,49,63000,240,120000
2023,2777,RIVER KAGINA AT SHAHABAD BRIDGE,KARNATAKA,"Tributary Streams - Ghataprabha, Malprabha, Tungabhadra, Tunga, Bhadra, Musi, Palleru, Muneru, Kagina, Hundri, Mula, Mutha, Nira, Chandrabhaga, Venna, Koyna, Pawana, Indrayani, Ghod, Sina, Urmodi, Vel, And Upputeru -",KAGINA,24.0,32.0,7.2,8.9,,7.7  8.6,339,612,1.0,3.6,0.34,3.00,63,7000,540,16000
2023,4500,"RIVER KAGINA AT D/S OF BRIDGE CUM BARRAGE, SADEM",KARNATAKA,"Tributary Streams - Ghataprabha, Malprabha, Tungabhadra, Tunga, Bhadra, Musi, Palleru, Muneru, Kagina, Hundri, Mula, Mutha, Nira, Chandrabhaga, Venna, Koyna, Pawana, Indrayani, Ghod, Sina, Urmodi, Vel, And Upputeru -",KAGINA,24.0,32.0,6.7,8.7,,7.9  8.5,316,580,2.0,6.0,0.48,4.00,14,7900,20,160000
2023,2189,"RIVER KOYNA AT KARAD, VILLAGE- KARAD,TALUKA- KARAD, DISTRICT- SATARA.",MAHARASHTRA 26.0,"Tributary Streams - Ghataprabha, Malprabha, Tungabhadra, Tunga, Bhadra, Musi, Palleru, Muneru, Kagina, Hundri, Mula, Mutha, Nira, Chandrabhaga, Venna, Koyna, Pawana, Indrayani, Ghod, Sina, Urmodi, Vel, And Upputeru -",KOYNA,,32.0,5.4,6.7,,7.5  8.1,65,239,2.0,5.0,0.30,2.84,7,35,110,350
2023,1187,RIVER MALPRABHA AT D/S OF KHANAPUR VILLAGE,KARNATAKA,"Tributary Streams - Ghataprabha, Malprabha, Tungabhadra, Tunga, Bhadra, Musi, Palleru, Muneru, Kagina, Hundri, Mula, Mutha, Nira, Chandrabhaga, Venna, Koyna, Pawana, Indrayani, Ghod, Sina, Urmodi, Vel, And Upputeru -",MALPRABHA,22.0,29.0,5.6,8.4,,6.5  8.8,190,268,1.3,2.9,,1.65  15.25,350,920,920,1600
2023,1164,"RIVER MALAPRABHA AT WATER ABSTRACTION POINT TO HUBLI, DHARWAD",KARNATAKA,"Tributary Streams - Ghataprabha, Malprabha, Tungabhadra, Tunga, Bhadra, Musi, Palleru, Muneru, Kagina, Hundri, Mula, Mutha, Nira, Chandrabhaga, Venna, Koyna, Pawana, Indrayani, Ghod, Sina, Urmodi, Vel, And Upputeru -",MALAPRABHA,24.0,32.0,5.6,8.8,,7.7  8.7,268,518,1.1,3.0,,1.23  23.04,280,920,920,1600
2023,2764,RIVER MALAPRABHA AT BADAMI BRIDGE,KARNATAKA,"Tributary Streams - Ghataprabha, Malprabha, Tungabhadra, Tunga, Bhadra, Musi, Palleru, Muneru, Kagina, Hundri, Mula, Mutha, Nira, Chandrabhaga, Venna, Koyna, Pawana, Indrayani, Ghod, Sina, Urmodi, Vel, And Upputeru -",MALAPRABHA,18.0,22.0,,5.0  11.5  7.6  8.8,,,708,,1868  1.0,3.8,,5.55  37.28,540,920,920,1600
2023,1186,RIVER MALAPRABHA AT D/S OF AIHOLE TOWN,KARNATAKA,"Tributary Streams - Ghataprabha, Malprabha, Tungabhadra, Tunga, Bhadra, Musi, Palleru, Muneru, Kagina, Hundri, Mula, Mutha, Nira, Chandrabhaga, Venna, Koyna, Pawana, Indrayani, Ghod, Sina, Urmodi, Vel, And Upputeru -",MALAPRABHA,18.0,21.0,,5.0  11.7  8.1  8.7,,,758,,1748  1.0,4.6,,3.48  38.24,350,920,1600,1600
2023,4098,RIVER MARKANDEYA AT RAKKASAKOPPA RESRVOIR,KARNATAKA,"Tributary Streams - Ghataprabha, Malprabha, Tungabhadra, Tunga, Bhadra, Musi, Palleru, Muneru, Kagina, Hundri, Mula, Mutha, Nira, Chandrabhaga, Venna, Koyna, Pawana, Indrayani, Ghod, Sina, Urmodi, Vel, And Upputeru -",MARKANDEYA,20.0,26.0,5.1,8.3,,6.9  9.0,190,270,1.0,2.8,,2.02  14.18,270,920,920,1600
2023,2193,"RIVER MULA AT AUNDH BRIDGE, VILLAGE- AUNDHGAON,TALUKA- HAWELI, DISTRICT- PUNE.",MAHARASHTRA 27.0,"Tributary Streams - Ghataprabha, Malprabha, Tungabhadra, Tunga, Bhadra, Musi, Palleru, Muneru, Kagina, Hundri, Mula, Mutha, Nira, Chandrabhaga, Venna, Koyna, Pawana, Indrayani, Ghod, Sina, Urmodi, Vel, And Upputeru -",MULA,,29.0,4.3,5.4,,7.0  7.9,249,805,,5.2  16.0  0.30,,4.95,10,195,200,1600
2023,2194,"RIVER MULA AT HARRISON BRIDGE NEAR MULA-PAWANA SANGAM, VILLAGE- BOPODI,TALUKA- HAWELI, DISTRICT- PUNE.",MAHARASHTRA 27.5,"Tributary Streams - Ghataprabha, Malprabha, Tungabhadra, Tunga, Bhadra, Musi, Palleru, Muneru, Kagina, Hundri, Mula, Mutha, Nira, Chandrabhaga, Venna, Koyna, Pawana, Indrayani, Ghod, Sina, Urmodi, Vel, And Upputeru -",MULA,,29.0,3.4,5.1,,7.0  8.1,246,728,,5.4  25.0  0.30,,3.62,14,225,275,1800
2023,2192,"RIVER MULA-MUTHA AT MUNDHAWA BRIDGE,VILLAGE- MUNDHAWA,TALUKA- HAWELI,DISTRICT- PUNE.",MAHARASHTRA 27.0,"Tributary Streams - Ghataprabha, Malprabha, Tungabhadra, Tunga, Bhadra, Musi, Palleru, Muneru, Kagina, Hundri, Mula, Mutha, Nira, Chandrabhaga, Venna, Koyna, Pawana, Indrayani, Ghod, Sina, Urmodi, Vel, And Upputeru -",MULA-MUTHA,,29.0,3.6,4.6,,7.1  7.9,337,,667  11.0  21.0  0.30,,,3.12,20,170,540,1800
2023,2677,"RIVER MULA-MUTHA AT D/S OF THEUR, VILLAGE. THEUR, TALUKA. HAWELI, DISTRICT. PUNE.",MAHARASHTRA 25.0,"Tributary Streams - Ghataprabha, Malprabha, Tungabhadra, Tunga, Bhadra, Musi, Palleru, Muneru, Kagina, Hundri, Mula, Mutha, Nira, Chandrabhaga, Venna, Koyna, Pawana, Indrayani, Ghod, Sina, Urmodi, Vel, And Upputeru -",MULA-MUTHA,,28.0,4.3,5.1,,7.0  7.8,326,693,,7.0  13.5  0.30,,2.43,13,110,280,1600
2023,1177,"RIVER MUNNERU B/C WITH KRISHNA, KEESARA (V & M)",ANDHRA PRADESH,"Tributary Streams - Ghataprabha, Malprabha, Tungabhadra, Tunga, Bhadra, Musi, Palleru, Muneru, Kagina, Hundri, Mula, Mutha, Nira, Chandrabhaga, Venna, Koyna, Pawana, Indrayani, Ghod, Sina, Urmodi, Vel, And Upputeru -",,26.0,26.0,6.9,7.7,,7.6  8.1,585,998,2.4,2.9,1.26,1.92,3,28,39,470
2023,4251,"RIVER KRISHNA - D/S OF MUNNERU RIVER, PRAKASH NAGAR, KHAMMAM",TELANGANA,"Tributary Streams - Ghataprabha, Malprabha, Tungabhadra, Tunga, Bhadra, Musi, Palleru, Muneru, Kagina, Hundri, Mula, Mutha, Nira, Chandrabhaga, Venna, Koyna, Pawana, Indrayani, Ghod, Sina, Urmodi, Vel, And Upputeru -",KRISHNA -,24.8,30.7,4.6,6.1,,7.2  8.3,343,802,1.0,3.2,0.92,3.40,2,2,23,49
2023,2680,"RIVER MUTHA AT KHADAKVASLA DAM, VILLAGE- KHADAKVASLA,TALUKA- HAWELI, DISTRICT- PUNE.",MAHARASHTRA 25.0,"Tributary Streams - Ghataprabha, Malprabha, Tungabhadra, Tunga, Bhadra, Musi, Palleru, Muneru, Kagina, Hundri, Mula, Mutha, Nira, Chandrabhaga, Venna, Koyna, Pawana, Indrayani, Ghod, Sina, Urmodi, Vel, And Upputeru -",MUTHA,,28.0,5.8,6.6,,7.3  8.0,59,155,2.2,3.2,0.30,1.22,4,40,80,350
2023,2679,"RIVER MUTHA AT DECCAN BRIDGE, VILLAGE- DECCAN,TALUKA- PUNE, DISTRICT- PUNE.",MAHARASHTRA 27.5,"Tributary Streams - Ghataprabha, Malprabha, Tungabhadra, Tunga, Bhadra, Musi, Palleru, Muneru, Kagina, Hundri, Mula, Mutha, Nira, Chandrabhaga, Venna, Koyna, Pawana, Indrayani, Ghod, Sina, Urmodi, Vel, And Upputeru -",MUTHA,,29.0,2.5,3.9,,6.8  7.8,394,,589  21.3  29.0  0.30,,,3.12,25,550,900,1800
2023,2678,"RIVER MUTHA NEAR VEER SAVARKAR BHAVAN, VILLAGE- PUNE M.C, TALUKA- PUNE, DISTRICT -PUNE.",MAHARASHTRA 27.5,"Tributary Streams - Ghataprabha, Malprabha, Tungabhadra, Tunga, Bhadra, Musi, Palleru, Muneru, Kagina, Hundri, Mula, Mutha, Nira, Chandrabhaga, Venna, Koyna, Pawana, Indrayani, Ghod, Sina, Urmodi, Vel, And Upputeru -",MUTHA,,29.0,2.7,4.1,,6.9  7.8,433,,568  21.0  29.0  0.30,,,3.05,20,350,900,1800
2023,2191,"RIVER MUTHA AT SANGAM BRIDGE NEAR GANAPATHYGHAT, VILLAGE. SHIVAJI NAGAR, TALUKA. PUNE, DISTRICT. PUNE.",MAHARASHTRA 27.0,"Tributary Streams - Ghataprabha, Malprabha, Tungabhadra, Tunga, Bhadra, Musi, Palleru, Muneru, Kagina, Hundri, Mula, Mutha, Nira, Chandrabhaga, Venna, Koyna, Pawana, Indrayani, Ghod, Sina, Urmodi, Vel, And Upputeru -",MUTHA,,29.0,2.8,4.1,,6.9  7.8,376,,609  19.8  30.0  0.30,,,2.55,30,350,550,1800
2023,1904,"RIVER PANCHAGANGA AT U/S OF KOLHAPUR TOWN NEAR BALINGA PUMPING STATION, VILLAGE-BALINGA, TALUKA- KARVIR, DISTRICT- KOLHAPUR.",MAHARASHTRA 24.0,"Tributary Streams - Ghataprabha, Malprabha, Tungabhadra, Tunga, Bhadra, Musi, Palleru, Muneru, Kagina, Hundri, Mula, Mutha, Nira, Chandrabhaga, Venna, Koyna, Pawana, Indrayani, Ghod, Sina, Urmodi, Vel, And Upputeru -",PANCHAGANGA,,27.0,5.3,7.8,,7.4  8.1,85,192,1.8,3.0,0.39,2.59,6,11,24,39
2023,1905,"RIVER PANCHAGANGA AT D/S OF KOLHAPUR TOWN AT GANDHI NAGAR NEAR NH.4 BRIDGE AND MIDC, VILLAGE. UCHEGAON, TALUKA. KOLHAPUR, DISTRICT. KOLHAPUR.",MAHARASHTRA 24.0,"Tributary Streams - Ghataprabha, Malprabha, Tungabhadra, Tunga, Bhadra, Musi, Palleru, Muneru, Kagina, Hundri, Mula, Mutha, Nira, Chandrabhaga, Venna, Koyna, Pawana, Indrayani, Ghod, Sina, Urmodi, Vel, And Upputeru -",PANCHAGANGA,,27.0,5.6,7.6,,7.4  8.5,83,223,1.8,3.0,0.36,2.53,6,12,22,47
2023,1311,"RIVER PANCHAGANGA AT ICHALKARANJI NEAR MIDC INTAKE WELL. VILLAGE. SHIRADHWAD (ICHALKARANJI GHAT), TALUKA.HATKANANGALE, DISTRICT. KOLHAPUR.",MAHARASHTRA 24.0,"Tributary Streams - Ghataprabha, Malprabha, Tungabhadra, Tunga, Bhadra, Musi, Palleru, Muneru, Kagina, Hundri, Mula, Mutha, Nira, Chandrabhaga, Venna, Koyna, Pawana, Indrayani, Ghod, Sina, Urmodi, Vel, And Upputeru -",PANCHAGANGA,,28.0,5.6,7.8,,7.3  8.6,84,734,1.8,3.8,0.82,3.43,6,10,25,47
2023,2163,"RIVER PANCHAGANGA AT SHIROL NEAR SHIROL INTAKE WELL, VILLAGE- SHIROL, TALUKA- SHIROL, DISTRICT- KOLHAPUR.",MAHARASHTRA 24.0,"Tributary Streams - Ghataprabha, Malprabha, Tungabhadra, Tunga, Bhadra, Musi, Palleru, Muneru, Kagina, Hundri, Mula, Mutha, Nira, Chandrabhaga, Venna, Koyna, Pawana, Indrayani, Ghod, Sina, Urmodi, Vel, And Upputeru -",PANCHAGANGA,,28.0,5.4,7.7,,7.6  8.5,155,,1029  1.8,3.0,0.66,3.26,4,9,21,47
2023,2196,"RIVER PAWANA AT SANGAVIGAON, VILLAGE- SANGAVIGAON, TALUKA- HAWELI, DISTRICT- PUNE.",MAHARASHTRA 26.0,"Tributary Streams - Ghataprabha, Malprabha, Tungabhadra, Tunga, Bhadra, Musi, Palleru, Muneru, Kagina, Hundri, Mula, Mutha, Nira, Chandrabhaga, Venna, Koyna, Pawana, Indrayani, Ghod, Sina, Urmodi, Vel, And Upputeru -",PAWANA,,28.0,3.1,4.4,,7.0  7.9,223,,705  12.0  27.0  0.30,,,4.98,12,275,350,1600
2023,2692,"RIVER PAWANA AT RAVET WEIR, VILLAGE. RAVET, TALUKA. HAWELI, DISTRICT. PUNE.",MAHARASHTRA 26.0,"Tributary Streams - Ghataprabha, Malprabha, Tungabhadra, Tunga, Bhadra, Musi, Palleru, Muneru, Kagina, Hundri, Mula, Mutha, Nira, Chandrabhaga, Venna, Koyna, Pawana, Indrayani, Ghod, Sina, Urmodi, Vel, And Upputeru -",PAWANA,,28.0,5.3,6.5,,7.0  8.0,114,276,2.4,4.8,0.30,1.42,4,30,85,275
2023,2693,"RIVER PAWANA AT CHINCHWADGAON, VILLAGE. CHINCHWADGAON, TALUKA. HAWELI, DISTRICT. PUNE.",MAHARASHTRA 26.0,"Tributary Streams - Ghataprabha, Malprabha, Tungabhadra, Tunga, Bhadra, Musi, Palleru, Muneru, Kagina, Hundri, Mula, Mutha, Nira, Chandrabhaga, Venna, Koyna, Pawana, Indrayani, Ghod, Sina, Urmodi, Vel, And Upputeru -",PAWANA,,28.0,4.2,5.8,,6.9  8.0,190,594,,4.8  13.0  0.30,,4.42,11,95,350,1800
2023,2694,"RIVER PAWANA AT PIMPRIGAON, VILLAGE- PIMPRIGAON, TALUKA- HAWELI, DISTRICT- PUNE.",MAHARASHTRA 26.0,"Tributary Streams - Ghataprabha, Malprabha, Tungabhadra, Tunga, Bhadra, Musi, Palleru, Muneru, Kagina, Hundri, Mula, Mutha, Nira, Chandrabhaga, Venna, Koyna, Pawana, Indrayani, Ghod, Sina, Urmodi, Vel, And Upputeru -",PAWANA,,28.0,3.2,4.9,,7.0  7.9,245,830,,9.0  31.0  0.30,,4.39,14,550,425,1800
2023,2690,"RIVER PAWANA AT KASARWADI, VILLAGE- KASARWADI, TALUKA- HAWELI, DISTRICT- PUNE.",MAHARASHTRA 26.0,"Tributary Streams - Ghataprabha, Malprabha, Tungabhadra, Tunga, Bhadra, Musi, Palleru, Muneru, Kagina, Hundri, Mula, Mutha, Nira, Chandrabhaga, Venna, Koyna, Pawana, Indrayani, Ghod, Sina, Urmodi, Vel, And Upputeru -",PAWANA,,28.0,3.7,4.4,,7.0  7.8,243,,679  13.0  24.0  0.30,,,3.72,12,195,425,1800
2023,2691,"RIVER PAWANA AT DAPODI BRIDGE, AT PAWANA- MULLA SANGAM, VILLAGE- DAPODI, TALUKA- HAWELI, DISTRICT- PUNE.",MAHARASHTRA 25.0,"Tributary Streams - Ghataprabha, Malprabha, Tungabhadra, Tunga, Bhadra, Musi, Palleru, Muneru, Kagina, Hundri, Mula, Mutha, Nira, Chandrabhaga, Venna, Koyna, Pawana, Indrayani, Ghod, Sina, Urmodi, Vel, And Upputeru -",PAWANA,,28.0,2.9,4.3,,7.0  7.9,229,,754  13.5  28.0  0.30,,,3.08,14,195,540,1800
2023,2705,"RIVER SINA NEAR LABOTI TOLL NAKA, VILLAGE. LABOTI, TALUKA. MOHAL, DISTRICT. SOLAPUR.",MAHARASHTRA 28.0,"Tributary Streams - Ghataprabha, Malprabha, Tungabhadra, Tunga, Bhadra, Musi, Palleru, Muneru, Kagina, Hundri, Mula, Mutha, Nira, Chandrabhaga, Venna, Koyna, Pawana, Indrayani, Ghod, Sina, Urmodi, Vel, And Upputeru -",SINA,,35.0,4.4,5.6,,7.7  8.6,755,,1826  4.4  10.9  1.08,,,1.89,9,25,115,275
2023,1168,RIVER TUNGA AT D/S OF SHIMOGA TOWN,KARNATAKA,"Tributary Streams - Ghataprabha, Malprabha, Tungabhadra, Tunga, Bhadra, Musi, Palleru, Muneru, Kagina, Hundri, Mula, Mutha, Nira, Chandrabhaga, Venna, Koyna, Pawana, Indrayani, Ghod, Sina, Urmodi, Vel, And Upputeru -",TUNGA,26.0,28.0,0.5,9.3,,6.5  7.7,88,360,1.2,8.0,0.30,2.82,110,940,1400,3500
2023,4106,RIVER TUNGA U/S SHIVAMOGGA CITY,KARNATAKA,"Tributary Streams - Ghataprabha, Malprabha, Tungabhadra, Tunga, Bhadra, Musi, Palleru, Muneru, Kagina, Hundri, Mula, Mutha, Nira, Chandrabhaga, Venna, Koyna, Pawana, Indrayani, Ghod, Sina, Urmodi, Vel, And Upputeru -",TUNGA,25.0,28.0,5.0,9.7,,6.5  8.1,66,220,1.0,2.5,0.30,0.92,17,46,210,540
2023,1896,RIVER TUNGABHADRA AT CONFLUENCE POINT OF TUNGA AND BHADRA AT KUDLI,KARNATAKA,"Tributary Streams - Ghataprabha, Malprabha, Tungabhadra, Tunga, Bhadra, Musi, Palleru, Muneru, Kagina, Hundri, Mula, Mutha, Nira, Chandrabhaga, Venna, Koyna, Pawana, Indrayani, Ghod, Sina, Urmodi, Vel, And Upputeru -",TUNGABHADRA,25.0,28.0,6.3,8.2,,6.8  8.1,100,193,1.0,3.0,0.30,1.10,4,43,220,540
2023,1029,RIVER TUNGABHADRA AT HARALAHALLI BRIDGE,KARNATAKA,"Tributary Streams - Ghataprabha, Malprabha, Tungabhadra, Tunga, Bhadra, Musi, Palleru, Muneru, Kagina, Hundri, Mula, Mutha, Nira, Chandrabhaga, Venna, Koyna, Pawana, Indrayani, Ghod, Sina, Urmodi, Vel, And Upputeru -",TUNGABHADRA,27.0,30.0,7.0,7.6,,7.4  8.5,123,750,1.4,3.0,0.30,1.20,17,210,170,1700
2023,2766,RIVER TUNGABHADRA AT NEW BRIDGE,KARNATAKA,"Tributary Streams - Ghataprabha, Malprabha, Tungabhadra, Tunga, Bhadra, Musi, Palleru, Muneru, Kagina, Hundri, Mula, Mutha, Nira, Chandrabhaga, Venna, Koyna, Pawana, Indrayani, Ghod, Sina, Urmodi, Vel, And Upputeru -",TUNGABHADRA,25.0,29.0,7.0,7.4,,7.1  8.5,102,370,1.1,3.0,0.30,1.57,4,200,140,1700
2023,2770,RIVER TUNGABHADRA AT HARIHAR WATER SUPPLY INTAKE,KARNATAKA,"Tributary Streams - Ghataprabha, Malprabha, Tungabhadra, Tunga, Bhadra, Musi, Palleru, Muneru, Kagina, Hundri, Mula, Mutha, Nira, Chandrabhaga, Venna, Koyna, Pawana, Indrayani, Ghod, Sina, Urmodi, Vel, And Upputeru -",TUNGABHADRA,26.0,30.0,6.7,7.0,,7.1  8.3,128,610,3.2,5.2,0.32,1.77,700,4700,4300,43000
2023,2769,RIVER TUNGABHADRA AT JACKWELL POINT,KARNATAKA,"Tributary Streams - Ghataprabha, Malprabha, Tungabhadra, Tunga, Bhadra, Musi, Palleru, Muneru, Kagina, Hundri, Mula, Mutha, Nira, Chandrabhaga, Venna, Koyna, Pawana, Indrayani, Ghod, Sina, Urmodi, Vel, And Upputeru -",TUNGABHADRA,27.0,30.0,6.1,6.9,,7.0  8.5,133,,1400  2.2,4.6,0.34,1.44,13,200,350,1300
2023,5591,RIVER TUNGABHADRA AT NADIHARALAHALLI,KARNATAKA,"Tributary Streams - Ghataprabha, Malprabha, Tungabhadra, Tunga, Bhadra, Musi, Palleru, Muneru, Kagina, Hundri, Mula, Mutha, Nira, Chandrabhaga, Venna, Koyna, Pawana, Indrayani, Ghod, Sina, Urmodi, Vel, And Upputeru -",TUNGABHADRA,27.0,28.0,6.7,7.8,,7.1  8.2,119,,1070  2.0,4.2,0.94,1.40,21,280,280,2800
2023,5592,RIVER TUNGABHADRA AT AIRANI,KARNATAKA,"Tributary Streams - Ghataprabha, Malprabha, Tungabhadra, Tunga, Bhadra, Musi, Palleru, Muneru, Kagina, Hundri, Mula, Mutha, Nira, Chandrabhaga, Venna, Koyna, Pawana, Indrayani, Ghod, Sina, Urmodi, Vel, And Upputeru -",TUNGABHADRA,27.0,30.0,6.8,7.4,,7.6  8.4,116,900,1.8,3.4,0.63,1.34,17,110,220,1600
2023,4495,RIVER TUNGABHADRA AT ARAVI,KARNATAKA,"Tributary Streams - Ghataprabha, Malprabha, Tungabhadra, Tunga, Bhadra, Musi, Palleru, Muneru, Kagina, Hundri, Mula, Mutha, Nira, Chandrabhaga, Venna, Koyna, Pawana, Indrayani, Ghod, Sina, Urmodi, Vel, And Upputeru -",TUNGABHADRA,27.0,31.0,6.9,7.3,,7.7  8.5,152,790,1.1,2.8,0.30,1.50,9,91,170,840
2023,5593,RIVER TUNGABHADRA AT HIREBIDARI,KARNATAKA,"Tributary Streams - Ghataprabha, Malprabha, Tungabhadra, Tunga, Bhadra, Musi, Palleru, Muneru, Kagina, Hundri, Mula, Mutha, Nira, Chandrabhaga, Venna, Koyna, Pawana, Indrayani, Ghod, Sina, Urmodi, Vel, And Upputeru -",TUNGABHADRA,27.0,30.0,7.0,8.3,,7.7  8.3,120,970,1.5,3.5,0.62,2.45,17,140,240,1200
2023,5594,RIVER TUNGABHADRA AT KONANATHAMBIGE,KARNATAKA,"Tributary Streams - Ghataprabha, Malprabha, Tungabhadra, Tunga, Bhadra, Musi, Palleru, Muneru, Kagina, Hundri, Mula, Mutha, Nira, Chandrabhaga, Venna, Koyna, Pawana, Indrayani, Ghod, Sina, Urmodi, Vel, And Upputeru -",TUNGABHADRA,27.0,32.0,,7.0  10.5  7.6  8.4,,,136,850,1.0,3.6,0.65,1.41,18,140,170,1400
2023,5595,RIVER TUNGABHADRA AT SOMALAPURA,KARNATAKA,"Tributary Streams - Ghataprabha, Malprabha, Tungabhadra, Tunga, Bhadra, Musi, Palleru, Muneru, Kagina, Hundri, Mula, Mutha, Nira, Chandrabhaga, Venna, Koyna, Pawana, Indrayani, Ghod, Sina, Urmodi, Vel, And Upputeru -",TUNGABHADRA,27.0,31.0,,7.0  10.2  7.1  8.5,,,137,820,1.0,6.6,0.66,1.43,21,120,350,1100
2023,5596,RIVER TUNGABHADRA AT KURUVATHI,KARNATAKA,"Tributary Streams - Ghataprabha, Malprabha, Tungabhadra, Tunga, Bhadra, Musi, Palleru, Muneru, Kagina, Hundri, Mula, Mutha, Nira, Chandrabhaga, Venna, Koyna, Pawana, Indrayani, Ghod, Sina, Urmodi, Vel, And Upputeru -",TUNGABHADRA,27.0,34.0,,7.1  11.8  7.3  8.5,,,145,660,1.0,3.0,0.72,1.22,33,940,130,5400
2023,4494,RIVER TUNGABHADRA AT MYLARA,KARNATAKA,"Tributary Streams - Ghataprabha, Malprabha, Tungabhadra, Tunga, Bhadra, Musi, Palleru, Muneru, Kagina, Hundri, Mula, Mutha, Nira, Chandrabhaga, Venna, Koyna, Pawana, Indrayani, Ghod, Sina, Urmodi, Vel, And Upputeru -",TUNGABHADRA,27.0,31.0,7.2,7.5,,7.4  8.5,164,770,1.6,3.0,0.40,1.50,13,630,110,4300
2023,2776,RIVER TUNGABHADRA AT D/S OF GANGAWATHI,KARNATAKA,"Tributary Streams - Ghataprabha, Malprabha, Tungabhadra, Tunga, Bhadra, Musi, Palleru, Muneru, Kagina, Hundri, Mula, Mutha, Nira, Chandrabhaga, Venna, Koyna, Pawana, Indrayani, Ghod, Sina, Urmodi, Vel, And Upputeru -",TUNGABHADRA,22.0,30.0,7.1,7.8,,7.3  8.5,328,900,2.0,3.0,0.30,3.34,280,490,1600,2800
2023,3558,RIVER TUNGABHADRA AT DADESUGUR BRIDGE GAUGING STATION,KARNATAKA,"Tributary Streams - Ghataprabha, Malprabha, Tungabhadra, Tunga, Bhadra, Musi, Palleru, Muneru, Kagina, Hundri, Mula, Mutha, Nira, Chandrabhaga, Venna, Koyna, Pawana, Indrayani, Ghod, Sina, Urmodi, Vel, And Upputeru -",TUNGABHADRA,27.0,32.0,6.8,8.7,,8.3  8.6,676,,2050  2.5,3.5,1.10,4.00,280,700,1600,2800
2023,1785,RIVER TUNGABHADRA AT MANTHRALAYAM (V & M),ANDHRA PRADESH,"Tributary Streams - Ghataprabha, Malprabha, Tungabhadra, Tunga, Bhadra, Musi, Palleru, Muneru, Kagina, Hundri, Mula, Mutha, Nira, Chandrabhaga, Venna, Koyna, Pawana, Indrayani, Ghod, Sina, Urmodi, Vel, And Upputeru -",TUNGABHADRA,21.0,29.0,5.3,6.4,,7.3  8.0,964,,1652  1.0,2.7,0.46,1.51,163,615,602,1553
2023,1174,"RIVER TUNGABHADRA AT KURNOOL U/S, BHAVAPURAM (V), KURNOOL (M)",ANDHRA PRADESH,"Tributary Streams - Ghataprabha, Malprabha, Tungabhadra, Tunga, Bhadra, Musi, Palleru, Muneru, Kagina, Hundri, Mula, Mutha, Nira, Chandrabhaga, Venna, Koyna, Pawana, Indrayani, Ghod, Sina, Urmodi, Vel, And Upputeru -",TUNGABHADRA,22.0,28.0,5.2,6.3,,7.3  8.1,1360,,1698  1.7,2.5,0.53,2.24,177,479,549,1203
2023,4388,"RIVER TUNGABHADRA, UPSTREAM OF KURNOOL TOWN BEFORE JOINING CITY DOMESTIC SEWAGE AND AFTER M/S RAYALASEEMA ALKALIES INDUSTRIES NEAR SIVALAYAM TEMPLE, GONDIPARLA (V), KURNOOL (M)",ANDHRA PRADESH,"Tributary Streams - Ghataprabha, Malprabha, Tungabhadra, Tunga, Bhadra, Musi, Palleru, Muneru, Kagina, Hundri, Mula, Mutha, Nira, Chandrabhaga, Venna, Koyna, Pawana, Indrayani, Ghod, Sina, Urmodi, Vel, And Upputeru -",INDUSTRIES,18.0,27.0,5.0,5.9,,6.8  7.9,1329,,2263  1.3,2.8,0.52,1.46,162,549,613,1553
2023,4389,"RIVER TUNGABHADRA, DOWNSTREAM OF KURNOOL TOWN AFTER JOINING CITY DOMESTIC SEWAGE, PADIDEMPADU (V),",ANDHRA PRADESH,"Tributary Streams - Ghataprabha, Malprabha, Tungabhadra, Tunga, Bhadra, Musi, Palleru, Muneru, Kagina, Hundri, Mula, Mutha, Nira, Chandrabhaga, Venna, Koyna, Pawana, Indrayani, Ghod, Sina, Urmodi, Vel, And Upputeru -",,21.0,28.0,5.1,5.7,,7.0  7.8,720,,1720  1.0,2.8,1.09,1.84,177,689,649,1986
2023,4379,"RIVER UPPUTERU BEFORE CONFLUENCE WITH SEA, AT CHINNA GOLLAPALEM (V), KRUTHIVENNU (M)",ANDHRA PRADESH,"Tributary Streams - Ghataprabha, Malprabha, Tungabhadra, Tunga, Bhadra, Musi, Palleru, Muneru, Kagina, Hundri, Mula, Mutha, Nira, Chandrabhaga, Venna, Koyna, Pawana, Indrayani, Ghod, Sina, Urmodi, Vel, And Upputeru -",,24.0,26.0,5.8,6.7,,7.6  8.0  34400 54200  2.3,,,,2.9,0.66,1.24,3,14,36,210
2023,2711,"RIVER URMODI AT NAGTHNE KT WARE, VILLAGE- NAGTHANE,TALUKA- SATARA, DISTRICT- SATARA.",MAHARASHTRA 25.0,Pennar,URMODI,,33.5,4.9,6.4,,7.3  8.3,174,887,3.0,5.2,0.30,1.83,8,40,95,425
2023,2715,"RIVER VEL AT SHIKRAPUR, VILLAGE. SHIKRAPUR, TALUKA. SHIRUR, DISTRICT. PUNE.",MAHARASHTRA 26.0,Pennar,VEL,,29.0,5.0,6.1,,7.9  8.0,177,582,4.0,8.4,0.30,0.30,14,110,350,425
2023,1255,"RIVER PENNAR B/C WITH CHITRAVATHI, TADIPATRI (M), VENGANUR (V)",ANDHRA PRADESH,Pennar,,23.0,34.0,5.3,5.9,,7.3  8.0,683,,1263  1.2,2.8,0.61,1.61,203,613,816,1553
2023,1256,"RIVER PENNAR A/C WITH PAPAGNI, PUSHPAGIRI (V),VALLUR (M)",ANDHRA PRADESH,Pennar,,22.0,28.0,5.5,6.2,,7.3  8.1,806,,1298  1.0,2.5,0.69,1.43,185,395,575,1300
2023,1257,"RIVER PENNAR A/C WITH CHEYYURU, SOMASILA (V), ANANTHASAGARAM (M)",ANDHRA PRADESH,Pennar,,17.0,20.0,6.8,8.3,,7.5  8.2,728,,1080  2.6,2.8,0.54,1.46,3,14,64,470
2023,2351,"RIVER KUNDU, NANDYAL, NEAR OVER BDG.,NANDYAL TOWN",ANDHRA PRADESH,Pennar,,15.0,29.0,3.4,5.9,,6.9  7.7,876,,1310  2.2,3.6,0.75,2.38,235,649,770,1986
2023,1689,"CHUNNAMBAR RIVER, KILINJIKUPPAM ROAD, NONANKUPPAM, PUDUCHERRY.",PUDUCHERRY,Pennar,,29.0,35.0,,6.3  13.7  8.1  9.4,,,856,,1605  2.0,9.0,0.00,0.32,2,1600,170,1600
2023,1198,RIVER CAUVERY AT NAPOKULU BDG (D/S),KARNATAKA,Pennar,CAUVERY,17.0,26.0,6.3,7.7,,7.0  8.7,48,170,1.0,2.5,0.30,1.00,17,43,210,350
2023,1195,RIVER CAUVERY AT KUSHAL NAGAR U/S (NEAR BAICHANAHALLI),KARNATAKA,Pennar,CAUVERY,18.0,27.0,6.2,7.7,,7.2  8.6,63,326,1.0,3.0,0.30,1.90,32,78,240,630
2023,1171,"RIVER CAUVERY AT SRI RANGAPATTANNA, D/S OF ROAD BDG.",KARNATAKA,Pennar,CAUVERY,20.0,29.0,5.7,6.7,,7.8  8.5,221,518,2.0,4.5,0.75,4.10,110,270,1300,2400
2023,1386,RIVER CAUVERY AT D/S OF KAREKUARA VILLAGE,KARNATAKA,Pennar,CAUVERY,19.0,29.0,5.5,6.9,,7.7  8.7,158,438,2.0,4.0,1.40,2.80,110,210,1200,1700
2023,2773,RIVER CAUVERY AT BANNUR BRIDGE,KARNATAKA,Pennar,CAUVERY,23.0,28.0,5.7,7.1,,8.0  8.5,195,495,1.0,3.5,0.97,2.80,110,170,1100,1700
2023,2774,RIVER CAUVERY AT RANGANATHITTU,KARNATAKA,Pennar,CAUVERY,19.0,28.0,6.2,6.9,,7.6  8.5,160,457,1.8,3.0,0.48,3.30,110,210,1100,1500
2023,3566,RIVER CAUVERY AT KRS DAM MANDYA,KARNATAKA,Pennar,CAUVERY,19.0,29.0,6.1,7.1,,7.5  8.7,140,564,1.0,3.0,0.96,2.90,83,170,700,2100
2023,3568,RIVER CAUVERY AT WATER SUPPLY INTAKE POINT TO SRIRANGAPATNA TOWN,KARNATAKA,Pennar,CAUVERY,20.0,29.0,5.7,6.4,,7.5  8.6,203,586,2.5,4.0,0.72,3.90,110,260,1200,2300
2023,3569,RIVER CAUVERY AT WATER SUPPLY INTAKE POINT TO MANDYA TOWN,KARNATAKA,Pennar,CAUVERY,20.0,29.0,5.8,6.7,,7.3  8.6,216,704,2.0,4.5,0.71,4.10,93,320,1100,2100
2023,3570,RIVER CAUVERY D/S OF KR NAGAR BRIDGE,KARNATAKA,Pennar,CAUVERY,21.0,30.0,5.9,7.0,,7.3  8.6,140,535,1.0,3.5,0.56,4.30,68,220,840,1300
2023,3571,RIVER CAUVERY U/S OF KR NAGAR,KARNATAKA,Pennar,CAUVERY,21.0,30.0,6.3,7.2,,7.4  8.6,120,493,1.0,3.0,0.48,2.90,68,93,700,1100
2023,3573,RIVER CAUVERY D/S OF KUSHALANAGAR TOWN,KARNATAKA,Pennar,CAUVERY,17.0,27.0,6.2,7.7,,7.3  8.6,66,326,1.0,3.0,0.32,1.80,32,68,240,700
2023,3576,RIVER CAUVERY AT WATER SUPPLY INTAKE POINT TO MYSORE,KARNATAKA,Pennar,CAUVERY,18.0,28.0,6.2,7.4,,7.6  8.6,152,462,1.0,3.0,1.10,2.90,68,120,230,1100
2023,3578,RIVER CAUVERY D/S OF MADDUR WATER SUPPLY TREATMENT PLANT AT BACHALLI,KARNATAKA,Pennar,CAUVERY,19.0,27.0,6.5,7.3,,8.0  8.7,218,481,1.0,3.0,0.75,2.40,68,110,700,1500
2023,3579,RIVER CAUVERY AT WATER SUPPLY INTAKE POINT AT KOLLEGALA DASANAPURA,KARNATAKA,Pennar,CAUVERY,23.0,33.0,5.2,6.8,,7.9  8.7,205,492,2.0,4.0,1.00,3.40,78,260,940,1700
2023,3581,RIVER CAUVERY AT WATER SUPPLY INTAKE POINT AT TORE KADANA HALLI,KARNATAKA,Pennar,CAUVERY,19.0,28.0,6.3,7.3,,7.9  8.7,218,480,1.0,3.0,0.84,2.70,61,110,630,1200
2023,4109,RIVER CAUVERY BEFORE CONFLUENCE AT SANGAM,KARNATAKA,Pennar,CAUVERY BEFORE CONFLUENCE,25.0,36.0,3.6,6.9,,7.2  8.1,269,,1144  4.0  12.0  1.00,,,5.00,22,9400,79,92000
2023,4099,"RIVER CAUVERY D/S BHARACHUKI FALLS, SATHEGALA, KOLLEGALA",KARNATAKA,Pennar,CAUVERY,22.0,31.0,6.2,7.0,,7.0  8.7,217,484,1.0,3.0,0.96,3.20,78,170,840,1400
2023,4102,RIVER CAUVERY D/S AT BHAGAMANDALA BRIDGE,KARNATAKA,Pennar,CAUVERY,16.0,27.0,6.5,7.8,,6.8  8.9,48,127,1.0,2.5,0.30,1.00,17,41,210,350
2023,4103,"RIVER CAUVERY D/S AT KANIVE RAMALINGESWARA TEMPLE BRIDGE, KUSHALANAGAR",KARNATAKA,Pennar,CAUVERY,17.0,27.0,6.6,7.6,,7.2  8.8,58,333,1.0,3.0,0.30,2.20,21,92,220,1200
2023,30052,RIVER CAUVERY AT AJJIBORE (BANGALORE),KARNATAKA,Pennar,CAUVERY,25.0,26.0,7.0,7.7,,8.0  8.8,329,586,1.0,1.0,0.00,1.72,11,79,350,350
2023,1320,"RIVER CAUVERY AT ERODE NEAR VIRAPALAYAM,",TAMIL NADU,Pennar,CAUVERY,28.0,37.0,5.2,6.5,,7.1  8.3,335,,1177  1.0,3.1,0.32,3.42,14,26,26,70
2023,3015,"RIVER CAUVERY AT PUGALUR, KARUR, TAMILNADU",TAMIL NADU,Pennar,CAUVERY,26.0,35.0,5.6,7.3,,7.6  8.3,531,,1085  1.0,2.8,0.32,0.75,2,21,8,47
2023,1324,"RIVER CAUVERY AT MOHANUR NEAR PATTAIPALAYAM, TAMILNADU",TAMIL NADU,Pennar,CAUVERY,3.0,33.0,5.5,6.7,,7.6  8.6,500,,1336  1.0,2.7,0.32,0.92,9,24,17,39
2023,1451,"RIVER CAUVERY AT THIRUMUKKUDAL-CONFL. PT.OF R. AMRAVATI, TAMILNADU",TAMIL NADU,Pennar,CAUVERY,26.0,34.0,5.6,6.8,,7.5  8.4,373,,1260  1.0,2.5,0.32,1.21,2,27,5,130
2023,3016,"RIVER CAUVERY AT PETTAIVAITHALAI, TRICHY,",TAMIL NADU,Pennar,CAUVERY,25.0,32.0,4.5,7.9,,7.2  8.5,392,932,1.0,4.0,0.32,2.08,7,170,17,940
2023,1202,"RIVER CAUVERY AT TIRUCHIRAPPALLI U/S, TAMILNADU",TAMIL NADU,Pennar,CAUVERY,25.0,32.0,4.2,7.9,,7.1  8.3,384,904,1.0,3.0,0.32,2.22,7,45,24,140
2023,1325,"RIVER CAUVERY AT TIRUCHIRAPPALLI D/S, TAMILNADU",TAMIL NADU,Pennar,CAUVERY,24.0,31.0,5.7,8.0,,7.3  8.5,472,,1016  1.0,3.0,,0.32  18.12,7,93,21,330
2023,1203,"RIVER CAUVERY AT TRICHY, GRAND ANAICUT,",TAMIL NADU,Pennar,CAUVERY,23.0,28.0,4.5,7.9,,7.3  8.1,472,946,1.0,2.9,0.32,6.48,2,68,8,680
2023,1206,"RIVER CAUVERY AT KARUTHATTANUDI THANJAVUR,",TAMIL NADU,Pennar,CAUVERY,24.0,32.0,5.6,7.9,,7.3  8.4,395,890,1.0,2.8,0.32,2.36,2,20,4,450
2023,3012,"RIVER CAUVERY AT KOMARAPALAYAM, NAMAKAL,",TAMIL NADU,Pennar,CAUVERY,25.0,30.0,5.8,6.5,,7.4  8.3,368,839,1.0,2.4,0.32,1.49,11,27,17,110
2023,3013,"RIVER CAUVERY AT URRACHIKOTTAI, ERODE,",TAMIL NADU,Pennar,CAUVERY,29.0,37.0,4.9,6.7,,7.7  8.7,322,707,1.0,3.0,0.32,0.64,8,27,17,47
2023,3014,"RIVER CAUVERY AT SEERAPALAYAM, NAMAKAL,",TAMIL NADU,Pennar,CAUVERY,25.0,30.0,5.9,6.5,,7.5  8.4,350,903,1.0,2.1,0.32,0.92,7,24,14,46
2023,4827,RIVER CAUVERY LOCATIONS AT KUMARAPALAYAM,TAMIL NADU,Pennar,CAUVERY LOCATIONS,24.0,31.0,6.1,6.5,,7.4  8.3,325,,1306  1.0,2.4,0.32,1.46,11,40,22,220
2023,3017,"RIVER CAUVERY AT KUMBAKONAM, THANJAVUR,",TAMIL NADU,Pennar,CAUVERY,27.0,31.0,5.6,6.7,,7.4  7.9,340,533,2.3,2.8,0.32,1.04,2,11,2,200
2023,1326,"RIVER CAUVERY AT COLEROON, TAMILNADU",TAMIL NADU,Pennar,CAUVERY,24.0,34.0,5.2,6.5,,7.7  8.6,819,,37450  2.1  16.0  0.00,,,1.79,9,26,17,140
2023,1327,"RIVER CAUVERY AT PITCHAVARAM, TAMILNADU",TAMIL NADU,Pennar,CAUVERY,22.0,34.0,5.2,6.5,,7.7  8.4,777,44100  2.1,,8.0,0.00,7.32,9,21,17,47
2023,1322,"RIVER CAUVERY AT 1KM. D/S OF BHAVANI CONFL.,R.N. PUNDUR, TAMILNADU",TAMIL NADU,Pennar,CAUVERY,26.0,37.0,5.2,6.5,,7.3  8.7,331,959,1.0,3.0,0.32,2.92,11,26,17,70
2023,10064,RIVER CAUVERY AT BHAWANI D/S,TAMIL NADU,Pennar,CAUVERY,28.0,37.0,5.6,6.7,,7.6  8.5,352,681,1.0,2.7,0.00,0.46,2,24,14,70
2023,10065,RIVER CAUVERY AT ERODE U/S,TAMIL NADU,Pennar,CAUVERY,28.9,37.0,5.7,6.7,,7.7  8.6,366,578,1.0,2.8,0.00,1.82,11,26,21,48
2023,10067,RIVER CAUVERY AT KUMARAPALAYAM U/S,TAMIL NADU,Pennar,CAUVERY,24.0,29.0,5.7,6.5,,7.3  8.5,335,665,1.0,2.1,0.32,0.53,11,21,17,47
2023,10070,RIVER CAUVERY AT PALLIPALAYAM D/S,TAMIL NADU,Pennar,CAUVERY,23.0,29.0,5.7,6.8,,7.3  8.4,317,912,1.0,2.7,0.32,1.71,9,47,21,280
2023,10073,RIVER CAUVERY AT KARUR U/S,TAMIL NADU,Pennar,CAUVERY,26.0,34.0,5.6,6.8,,7.5  8.8,462,,1134  1.0,2.6,0.32,1.13,6,24,14,48
2023,10078,RIVER CAUVERY AT MAYILADUTHURAI D/S,TAMIL NADU,Pennar,CAUVERY,20.0,20.0,5.6,6.2,,8.1  8.2,567,583,1.0,1.0,0.54,0.54,17,20,39,47
2023,3580,RIVER CAUVERY AT WATER SUPPLY INTAKE POINT AT SHIVANSAMUDRA,KARNATAKA,Pennar,CAUVERY,18.0,28.0,6.1,7.3,,7.6  8.6,219,482,1.0,3.0,0.88,2.60,68,120,630,1300
2023,5587,RIVER CAUVERY AT BALMAVATI BRIDGE TO THANDRA HOLE TRIBUTARY,KARNATAKA,Pennar,CAUVERY,17.0,20.0,6.7,7.3,,7.3  8.0,40,91,1.0,2.0,0.30,0.64,17,41,220,350
2023,5583,RIVER CAUVERY D/S AT KONDANAGIRI BRIDGE,KARNATAKA,"Tributary Streams - Yagachi, Hemavathi, Shimsha, Thirumanimuthar, Vasista, Amravati, Akravathi, Kabini, Lakshmantirtha, Sarabanga, Bhavani, Arasalar, Papanasini, Kalindi, Adyar, Cooum, Vennar, Vaigai -",CAUVERY,17.0,21.0,6.7,7.7,,7.2  8.1,50,86,1.0,2.0,0.30,0.56,17,47,210,350
2023,5584,"RIVER CAUVERY D/S OF AT BETHRI BRIDGE , MURNAD",KARNATAKA,"Tributary Streams - Yagachi, Hemavathi, Shimsha, Thirumanimuthar, Vasista, Amravati, Akravathi, Kabini, Lakshmantirtha, Sarabanga, Bhavani, Arasalar, Papanasini, Kalindi, Adyar, Cooum, Vennar, Vaigai -",CAUVERY,16.0,20.0,6.6,7.7,,7.5  8.0,50,85,1.0,2.5,0.30,0.68,24,33,220,430
2023,5585,"RIVER CAUVERY D/S OF AT NELLU DIKERI BRIDGE, SIDDAPURA",KARNATAKA,"Tributary Streams - Yagachi, Hemavathi, Shimsha, Thirumanimuthar, Vasista, Amravati, Akravathi, Kabini, Lakshmantirtha, Sarabanga, Bhavani, Arasalar, Papanasini, Kalindi, Adyar, Cooum, Vennar, Vaigai -",CAUVERY,18.0,21.0,6.8,7.6,,6.8  8.0,58,105,1.0,2.0,0.30,0.64,22,32,210,280
2023,5586,"RIVER CAUVERY D/S OF AT DUBARE, HANGING BRIDGE (THEPPA DA KINDI)",KARNATAKA,"Tributary Streams - Yagachi, Hemavathi, Shimsha, Thirumanimuthar, Vasista, Amravati, Akravathi, Kabini, Lakshmantirtha, Sarabanga, Bhavani, Arasalar, Papanasini, Kalindi, Adyar, Cooum, Vennar, Vaigai -",CAUVERY,17.0,22.0,6.8,7.5,,7.3  7.8,50,92,1.0,2.0,0.30,0.68,27,47,240,350
2023,5590,"RIVER CAUVERY AT GANJAM WATER SUPPLY INTAKE POINT NEAR GOSAI GHAT, SRIRANGAPATNA",KARNATAKA,"Tributary Streams - Yagachi, Hemavathi, Shimsha, Thirumanimuthar, Vasista, Amravati, Akravathi, Kabini, Lakshmantirtha, Sarabanga, Bhavani, Arasalar, Papanasini, Kalindi, Adyar, Cooum, Vennar, Vaigai -",CAUVERY,22.0,28.0,6.0,6.9,,7.5  8.3,146,445,2.0,3.0,0.96,2.50,92,170,1100,1500
2023,5580,"RIVER CAUVERY ATGANJAM WATER SUPPLY INTAKE POINT NEAR GOSAI GHAT, SRIRANGAPATNA,MAYDYA",KARNATAKA,"Tributary Streams - Yagachi, Hemavathi, Shimsha, Thirumanimuthar, Vasista, Amravati, Akravathi, Kabini, Lakshmantirtha, Sarabanga, Bhavani, Arasalar, Papanasini, Kalindi, Adyar, Cooum, Vennar, Vaigai -",CAUVERY ATGANJAM WATER SUPPLY INTAKE POINT,22.0,27.0,6.0,7.0,,7.8  8.4,147,447,1.0,3.5,1.10,2.80,92,210,940,1700
2023,5579,"RIVER CAUVERY AT KARIGHATTA NIMISHAMBA TEMPLE ROAD BRIDGE SRIRANGAPATNA,MAYDYA",KARNATAKA,"Tributary Streams - Yagachi, Hemavathi, Shimsha, Thirumanimuthar, Vasista, Amravati, Akravathi, Kabini, Lakshmantirtha, Sarabanga, Bhavani, Arasalar, Papanasini, Kalindi, Adyar, Cooum, Vennar, Vaigai -",CAUVERY,23.0,27.0,5.4,6.7,,7.7  8.4,253,541,2.0,4.2,1.90,4.10,140,330,1300,2400
2023,5581,"RIVER CAUVERY AT MAHADEVPURA ROAD BRIDGE,MAYDYA",KARNATAKA,"Tributary Streams - Yagachi, Hemavathi, Shimsha, Thirumanimuthar, Vasista, Amravati, Akravathi, Kabini, Lakshmantirtha, Sarabanga, Bhavani, Arasalar, Papanasini, Kalindi, Adyar, Cooum, Vennar, Vaigai -",CAUVERY,23.0,26.0,5.2,6.5,,7.8  8.4,272,516,3.0,4.5,1.30,3.80,120,390,1500,2800
2023,1323,RIVER CAUVERY ATPARAMATHY VELORE TAMILNADU,TAMIL NADU,"Tributary Streams - Yagachi, Hemavathi, Shimsha, Thirumanimuthar, Vasista, Amravati, Akravathi, Kabini, Lakshmantirtha, Sarabanga, Bhavani, Arasalar, Papanasini, Kalindi, Adyar, Cooum, Vennar, Vaigai -",,26.0,33.0,5.7,6.5,,6.9  8.5,434,966,1.0,2.7,0.32,1.03,7,22,17,47
2023,3015,"RIVER CAUVERY AT PUGALUR, KARUR, TAMILNADU",TAMIL NADU,"Tributary Streams - Yagachi, Hemavathi, Shimsha, Thirumanimuthar, Vasista, Amravati, Akravathi, Kabini, Lakshmantirtha, Sarabanga, Bhavani, Arasalar, Papanasini, Kalindi, Adyar, Cooum, Vennar, Vaigai -",CAUVERY,26.0,35.0,5.6,7.3,,7.6  8.3,531,,1085  1.0,2.8,0.32,0.75,2,21,8,47
2023,1205,"RIVER BHAVANI AT BHAVANI, TAMILNADU",TAMIL NADU,"Tributary Streams - Yagachi, Hemavathi, Shimsha, Thirumanimuthar, Vasista, Amravati, Akravathi, Kabini, Lakshmantirtha, Sarabanga, Bhavani, Arasalar, Papanasini, Kalindi, Adyar, Cooum, Vennar, Vaigai -",BHAVANI,28.7,37.0,5.3,6.7,,7.6  8.5,342,968,1.0,2.4,0.32,3.92,7,24,12,39
2023,1201,"RIVER BHAVANI AT BADTHARAKALIAMMAN KOIL, TAMILNADU",TAMIL NADU,"Tributary Streams - Yagachi, Hemavathi, Shimsha, Thirumanimuthar, Vasista, Amravati, Akravathi, Kabini, Lakshmantirtha, Sarabanga, Bhavani, Arasalar, Papanasini, Kalindi, Adyar, Cooum, Vennar, Vaigai -",BHAVANI,19.0,30.0,5.6,6.6,,6.9  8.0,93,409,1.0,2.7,0.32,0.74,7,140,14,320
2023,1204,"RIVER BHAVANI AT SIRUMUGAI, TAMILNADU",TAMIL NADU,"Tributary Streams - Yagachi, Hemavathi, Shimsha, Thirumanimuthar, Vasista, Amravati, Akravathi, Kabini, Lakshmantirtha, Sarabanga, Bhavani, Arasalar, Papanasini, Kalindi, Adyar, Cooum, Vennar, Vaigai -",BHAVANI,20.0,30.0,5.6,6.9,,7.0  8.4,128,391,1.0,2.4,0.32,1.25,8,68,14,200
2023,1321,"RIVER BHAVANI AT BHAVANI SAGAR, TAMILNADU",TAMIL NADU,"Tributary Streams - Yagachi, Hemavathi, Shimsha, Thirumanimuthar, Vasista, Amravati, Akravathi, Kabini, Lakshmantirtha, Sarabanga, Bhavani, Arasalar, Papanasini, Kalindi, Adyar, Cooum, Vennar, Vaigai -",BHAVANI,26.0,34.0,5.2,6.5,,7.2  8.6,184,579,1.0,2.9,0.32,1.47,11,17,20,40
2023,3019,"RIVER BHAVANI AT D/S OF BHAVANISAGAR, SATHYAMANGALAM, ERODE, TAMILNADU",TAMIL NADU,"Tributary Streams - Yagachi, Hemavathi, Shimsha, Thirumanimuthar, Vasista, Amravati, Akravathi, Kabini, Lakshmantirtha, Sarabanga, Bhavani, Arasalar, Papanasini, Kalindi, Adyar, Cooum, Vennar, Vaigai -",BHAVANI,27.0,34.0,5.8,6.9,,7.3  8.1,159,436,1.0,2.7,0.32,2.95,9,68,14,170
2023,3020,"RIVER BHAVANI AT U/S OF KALINGARAYAN CANAL (B5), ERODE, TAMILNADU",TAMIL NADU,"Tributary Streams - Yagachi, Hemavathi, Shimsha, Thirumanimuthar, Vasista, Amravati, Akravathi, Kabini, Lakshmantirtha, Sarabanga, Bhavani, Arasalar, Papanasini, Kalindi, Adyar, Cooum, Vennar, Vaigai -",BHAVANI,29.0,37.0,5.2,6.7,,7.7  8.6,336,955,1.0,3.0,0.32,2.63,8,21,20,48
2023,3021,"RIVER BHAVANI AT D/S OF KALINGARAYAN CANAL (B10), ERODE, TAMILNADU",TAMIL NADU,"Tributary Streams - Yagachi, Hemavathi, Shimsha, Thirumanimuthar, Vasista, Amravati, Akravathi, Kabini, Lakshmantirtha, Sarabanga, Bhavani, Arasalar, Papanasini, Kalindi, Adyar, Cooum, Vennar, Vaigai -",BHAVANI,28.0,37.0,5.7,6.7,,7.8  8.8,341,947,1.0,2.7,0.32,0.89,11,22,21,49
2023,1199,RIVER HEMAVATHI AT D/S OF HOLENARASIPURA TOWN AT RAMADEV WEIR,KARNATAKA,"Tributary Streams - Yagachi, Hemavathi, Shimsha, Thirumanimuthar, Vasista, Amravati, Akravathi, Kabini, Lakshmantirtha, Sarabanga, Bhavani, Arasalar, Papanasini, Kalindi, Adyar, Cooum, Vennar, Vaigai -",HEMAVATHI,22.0,27.0,6.4,7.7,,7.4  8.2,120,280,2.0,2.2,0.30,0.63,70,120,540,1100
2023,1166,"RIVER SHIMSHA AT D/S OF BRIDGE, HALAGUR",KARNATAKA,"Tributary Streams - Yagachi, Hemavathi, Shimsha, Thirumanimuthar, Vasista, Amravati, Akravathi, Kabini, Lakshmantirtha, Sarabanga, Bhavani, Arasalar, Papanasini, Kalindi, Adyar, Cooum, Vennar, Vaigai -",SHIMSHA,21.0,27.0,5.3,6.5,,7.8  8.6,568,737,2.5,4.5,1.20,4.80,140,390,1500,4300
2023,1200,"RIVER SHIMSHA AT D/S OF HIGHWAY BRIDGE, YEDIYUR",KARNATAKA,"Tributary Streams - Yagachi, Hemavathi, Shimsha, Thirumanimuthar, Vasista, Amravati, Akravathi, Kabini, Lakshmantirtha, Sarabanga, Bhavani, Arasalar, Papanasini, Kalindi, Adyar, Cooum, Vennar, Vaigai -",SHIMSHA,23.0,31.0,2.1,6.3,,6.7  7.4,194,578,,4.0  18.0  0.60,,7.00,40,17000,350,160000
2023,3567,RIVER SHIMSHA D/S NEAR MADDUAR TOWN,KARNATAKA,"Tributary Streams - Yagachi, Hemavathi, Shimsha, Thirumanimuthar, Vasista, Amravati, Akravathi, Kabini, Lakshmantirtha, Sarabanga, Bhavani, Arasalar, Papanasini, Kalindi, Adyar, Cooum, Vennar, Vaigai -",SHIMSHA,23.0,30.0,4.6,6.4,,7.8  8.6,622,740,2.5,5.0,2.30,3.50,150,400,1500,3500
2023,3022,"RIVER THIRUMANIMUTHAR AT SALEM, D/S OF SAGO & TEXTILE DYING INDUSTRIES, TAMILNADU",TAMIL NADU,"Tributary Streams - Yagachi, Hemavathi, Shimsha, Thirumanimuthar, Vasista, Amravati, Akravathi, Kabini, Lakshmantirtha, Sarabanga, Bhavani, Arasalar, Papanasini, Kalindi, Adyar, Cooum, Vennar, Vaigai -",THIRUMANIMUTHAR,25.0,32.0,0.3,5.2,,7.0  7.9,1075,,2250  2.1  27.0  0.32,,,1.36,7,21000,14,47000
2023,3023,"RIVER VASISTA AT THULUKANNUR AT SALEM, D/S OF SAGO INDUSRIES EFFLUENT, TAMILNADU",TAMIL NADU,"Tributary Streams - Yagachi, Hemavathi, Shimsha, Thirumanimuthar, Vasista, Amravati, Akravathi, Kabini, Lakshmantirtha, Sarabanga, Bhavani, Arasalar, Papanasini, Kalindi, Adyar, Cooum, Vennar, Vaigai -",VASISTA,26.0,31.0,0.3,6.0,,6.9  8.0,878,,2350  2.7  120.0 0.32,,,4.43,9,390000,20,470000
2023,1319,RIVER AMRAVATI AT 1KM D/S FROM EFF.DIS. PT. AT MADHUTHUKKULAM,TAMIL NADU,"Tributary Streams - Yagachi, Hemavathi, Shimsha, Thirumanimuthar, Vasista, Amravati, Akravathi, Kabini, Lakshmantirtha, Sarabanga, Bhavani, Arasalar, Papanasini, Kalindi, Adyar, Cooum, Vennar, Vaigai -",AMRAVATI,22.0,32.0,5.2,7.5,,7.0  8.1,84,395,1.0,2.4,0.32,0.82,2,17,11,39
2023,4812,RIVER LOCATED ON THE SOUTHERN BANK OF AMARAVATHI AND DOWNSTREAM SIDE OF KARUR DYEING CLUSTER,TAMIL NADU,"Tributary Streams - Yagachi, Hemavathi, Shimsha, Thirumanimuthar, Vasista, Amravati, Akravathi, Kabini, Lakshmantirtha, Sarabanga, Bhavani, Arasalar, Papanasini, Kalindi, Adyar, Cooum, Vennar, Vaigai -",,3.0,31.0,5.2,6.7,,7.3  8.2,2612,,3550  1.0,3.0,0.32,2.69,2,17,2,49
2023,4813,RIVER LOCATED ADJACENT TO KARU MSW DUMP SITE AND ON THE NORTHERN BANK OF AMARAVATHI AND DOWNSTREAM SIDE OF KARU DYEING CLUSTER,TAMIL NADU,"Tributary Streams - Yagachi, Hemavathi, Shimsha, Thirumanimuthar, Vasista, Amravati, Akravathi, Kabini, Lakshmantirtha, Sarabanga, Bhavani, Arasalar, Papanasini, Kalindi, Adyar, Cooum, Vennar, Vaigai -",ADJACENT,25.0,34.0,5.5,6.8,,7.1  7.9,1769,,2850  1.0,2.8,0.32,3.52,4,40,17,540
2023,1165,RIVER ARKAVATHI AT D/S OF KANAKAPURA TOWN,KARNATAKA,"Tributary Streams - Yagachi, Hemavathi, Shimsha, Thirumanimuthar, Vasista, Amravati, Akravathi, Kabini, Lakshmantirtha, Sarabanga, Bhavani, Arasalar, Papanasini, Kalindi, Adyar, Cooum, Vennar, Vaigai -",ARKAVATHI,25.0,35.0,3.2,7.0,,6.7  7.9,499,,1520  4.0  18.0  1.90,,,5.80,40,15000,540,160000
2023,2779,RIVER ARKAVATHI AT HESARAGHATTA RESERVOIR,KARNATAKA,"Tributary Streams - Yagachi, Hemavathi, Shimsha, Thirumanimuthar, Vasista, Amravati, Akravathi, Kabini, Lakshmantirtha, Sarabanga, Bhavani, Arasalar, Papanasini, Kalindi, Adyar, Cooum, Vennar, Vaigai -",ARKAVATHI,24.0,27.0,0.3,6.1,,6.0  7.1,280,976,,4.0  72.0  0.90,,3.74,14,4900,170,35000
2023,4108,RIVER AKRAVATHI BEFORE CONFLUENCE AT SANGAM,KARNATAKA,"Tributary Streams - Yagachi, Hemavathi, Shimsha, Thirumanimuthar, Vasista, Amravati, Akravathi, Kabini, Lakshmantirtha, Sarabanga, Bhavani, Arasalar, Papanasini, Kalindi, Adyar, Cooum, Vennar, Vaigai -",AKRAVATHI BEFORE CONFLUENCE,25.0,36.0,3.1,6.3,,6.7  8.2,396,,1418  4.0  20.0  1.70,,,5.00,21,11000,110,160000
2023,1197,RIVER KABINI AT SARAGUR VILLAGE D/S,KARNATAKA,"Tributary Streams - Yagachi, Hemavathi, Shimsha, Thirumanimuthar, Vasista, Amravati, Akravathi, Kabini, Lakshmantirtha, Sarabanga, Bhavani, Arasalar, Papanasini, Kalindi, Adyar, Cooum, Vennar, Vaigai -",KABINI,22.0,30.0,5.6,6.8,,7.4  8.4,152,360,2.0,4.0,0.30,2.10,93,320,1100,1700
2023,1207,"RIVER KABANI AT MUTHANKARA, WAYANAD",KERALA,"Tributary Streams - Yagachi, Hemavathi, Shimsha, Thirumanimuthar, Vasista, Amravati, Akravathi, Kabini, Lakshmantirtha, Sarabanga, Bhavani, Arasalar, Papanasini, Kalindi, Adyar, Cooum, Vennar, Vaigai -",KABANI,24.0,32.0,6.1,7.7,,6.5  7.3,65,169,1.0,1.2,0.30,0.30,8,130,22,150
2023,1445,RIVER KABINI AT WATER INTAKE OF KIADB AT NANJANGUD,KARNATAKA,"Tributary Streams - Yagachi, Hemavathi, Shimsha, Thirumanimuthar, Vasista, Amravati, Akravathi, Kabini, Lakshmantirtha, Sarabanga, Bhavani, Arasalar, Papanasini, Kalindi, Adyar, Cooum, Vennar, Vaigai -",KABINI,19.0,29.0,6.3,7.3,,7.8  8.4,159,358,1.0,3.0,0.32,2.30,65,120,700,1200
2023,2775,"RIVER KABINI AT BATHING GHAT, NANJANAGUD",KARNATAKA,"Tributary Streams - Yagachi, Hemavathi, Shimsha, Thirumanimuthar, Vasista, Amravati, Akravathi, Kabini, Lakshmantirtha, Sarabanga, Bhavani, Arasalar, Papanasini, Kalindi, Adyar, Cooum, Vennar, Vaigai -",KABINI,19.0,30.0,5.0,6.6,,7.6  8.6,259,555,3.0,4.5,0.30,4.20,150,390,1500,2400
2023,3575,RIVER KABINI U/S INTAKE POINT TO NANJANAGUD & GUNDLUPET AT DEBUR,KARNATAKA,"Tributary Streams - Yagachi, Hemavathi, Shimsha, Thirumanimuthar, Vasista, Amravati, Akravathi, Kabini, Lakshmantirtha, Sarabanga, Bhavani, Arasalar, Papanasini, Kalindi, Adyar, Cooum, Vennar, Vaigai -",KABINI,19.0,30.0,5.8,7.2,,7.7  8.4,174,460,1.0,3.5,0.30,2.90,93,320,1100,2300
2023,3577,RIVER KABINI AT WATER SUPPLY INTAKE POINT TO T. NARASIPURA,KARNATAKA,"Tributary Streams - Yagachi, Hemavathi, Shimsha, Thirumanimuthar, Vasista, Amravati, Akravathi, Kabini, Lakshmantirtha, Sarabanga, Bhavani, Arasalar, Papanasini, Kalindi, Adyar, Cooum, Vennar, Vaigai -",KABINI,21.0,29.0,4.4,6.5,,7.9  8.5,258,564,2.5,6.0,0.56,4.80,130,340,1500,2400
2023,1196,RIVER LAKSHMANTIRTHA AT D/S OF HUNSUR TOWN,KARNATAKA,"Tributary Streams - Yagachi, Hemavathi, Shimsha, Thirumanimuthar, Vasista, Amravati, Akravathi, Kabini, Lakshmantirtha, Sarabanga, Bhavani, Arasalar, Papanasini, Kalindi, Adyar, Cooum, Vennar, Vaigai -",LAKSHMANTIRTHA,22.0,31.0,2.5,6.2,,7.3  8.4,319,859,3.0,8.0,1.50,5.40,140,680,2100,4100
2023,2772,RIVER LAKSHMANTIRTHA AT D/S OF KATTEMALAVADI,KARNATAKA,"Tributary Streams - Yagachi, Hemavathi, Shimsha, Thirumanimuthar, Vasista, Amravati, Akravathi, Kabini, Lakshmantirtha, Sarabanga, Bhavani, Arasalar, Papanasini, Kalindi, Adyar, Cooum, Vennar, Vaigai -",LAKSHMANTIRTHA,22.0,31.0,3.0,6.4,,7.2  8.5,318,767,3.0,8.0,1.40,5.60,140,480,2100,4300
2023,3572,RIVER LAKSHMANTIRTHA AT WATER SUPPLY INTAKE POINT TO HUNSUR TOWN,KARNATAKA,"Tributary Streams - Yagachi, Hemavathi, Shimsha, Thirumanimuthar, Vasista, Amravati, Akravathi, Kabini, Lakshmantirtha, Sarabanga, Bhavani, Arasalar, Papanasini, Kalindi, Adyar, Cooum, Vennar, Vaigai -",LAKSHMANTIRTHA,22.0,31.0,4.4,6.4,,7.6  8.5,290,660,3.0,6.0,1.20,3.90,120,410,2100,3500
2023,3024,"RIVER SARABANGA AT EDAPADI AT SALEM, D/S OF TEXTILE DYEING INDUSTRIES EFFLUENT, TAMILNADU",TAMIL NADU,"Tributary Streams - Yagachi, Hemavathi, Shimsha, Thirumanimuthar, Vasista, Amravati, Akravathi, Kabini, Lakshmantirtha, Sarabanga, Bhavani, Arasalar, Papanasini, Kalindi, Adyar, Cooum, Vennar, Vaigai -",SARABANGA,23.0,30.0,0.3,5.9,,6.8  8.2,1413,,3710  1.8  36.0  0.32,,,1.53,14,26000,26,220000
2023,10034,RIVER ADYAR AT EKKATTUTHANGAL,TAMIL NADU,"Tributary Streams - Yagachi, Hemavathi, Shimsha, Thirumanimuthar, Vasista, Amravati, Akravathi, Kabini, Lakshmantirtha, Sarabanga, Bhavani, Arasalar, Papanasini, Kalindi, Adyar, Cooum, Vennar, Vaigai -",ADYAR,27.0,31.0,0.3,3.6,,6.8  7.8,490,,2120  4.2  25.0  1.22  32.00,,,,18,470,310,1400
2023,10035,RIVER ADYAR AT JAFERKHANPET,TAMIL NADU,"Tributary Streams - Yagachi, Hemavathi, Shimsha, Thirumanimuthar, Vasista, Amravati, Akravathi, Kabini, Lakshmantirtha, Sarabanga, Bhavani, Arasalar, Papanasini, Kalindi, Adyar, Cooum, Vennar, Vaigai -",ADYAR,27.0,31.0,0.3,2.9,,6.7  7.5,476,,2040  5.3  25.0  1.06  31.00,,,,18,330,360,1400
2023,10036,RIVER ADYAR AT MARAIMALAI BRIDGE,TAMIL NADU,"Tributary Streams - Yagachi, Hemavathi, Shimsha, Thirumanimuthar, Vasista, Amravati, Akravathi, Kabini, Lakshmantirtha, Sarabanga, Bhavani, Arasalar, Papanasini, Kalindi, Adyar, Cooum, Vennar, Vaigai -",ADYAR,27.0,32.0,0.3,3.9,,6.9  7.4,398,,1986  4.5  20.0  0.32  16.02,,,,40,270,200,1400
2023,10038,RIVER ADYAR AT KOTTURPURAM BRIDGE,TAMIL NADU,"Tributary Streams - Yagachi, Hemavathi, Shimsha, Thirumanimuthar, Vasista, Amravati, Akravathi, Kabini, Lakshmantirtha, Sarabanga, Bhavani, Arasalar, Papanasini, Kalindi, Adyar, Cooum, Vennar, Vaigai -",ADYAR,28.0,33.0,0.3,2.7,,6.6  7.4,378,,20600  6.0  40.0  0.32  18.02,,,,2,320,330,1700
2023,10039,RIVER ADYAR NEAR BOAT CLUB,TAMIL NADU,"Tributary Streams - Yagachi, Hemavathi, Shimsha, Thirumanimuthar, Vasista, Amravati, Akravathi, Kabini, Lakshmantirtha, Sarabanga, Bhavani, Arasalar, Papanasini, Kalindi, Adyar, Cooum, Vennar, Vaigai -",ADYAR,28.0,33.0,0.3,4.1,,6.5  7.3,426,,16410  4.6  38.0  1.25  18.50,,,,40,320,460,1500
2023,10040,RIVER COOUM AT ANNA NAGAR,TAMIL NADU,"Tributary Streams - Yagachi, Hemavathi, Shimsha, Thirumanimuthar, Vasista, Amravati, Akravathi, Kabini, Lakshmantirtha, Sarabanga, Bhavani, Arasalar, Papanasini, Kalindi, Adyar, Cooum, Vennar, Vaigai -",COOUM,28.0,32.0,0.3,1.9,,6.5  7.1,647,,2270  7.0  33.0  0.32  14.00,,,,68,520,680,2200
2023,10041,RIVER COOUM AT ARUMBAKKAM,TAMIL NADU,"Tributary Streams - Yagachi, Hemavathi, Shimsha, Thirumanimuthar, Vasista, Amravati, Akravathi, Kabini, Lakshmantirtha, Sarabanga, Bhavani, Arasalar, Papanasini, Kalindi, Adyar, Cooum, Vennar, Vaigai -",COOUM,28.0,33.0,0.3,2.4,,6.6  7.3,638,,2290  6.0  83.0  0.32  16.02,,,,61,390,630,2000
2023,10042,RIVER COOUM AT AMANJIKARAI,TAMIL NADU,"Tributary Streams - Yagachi, Hemavathi, Shimsha, Thirumanimuthar, Vasista, Amravati, Akravathi, Kabini, Lakshmantirtha, Sarabanga, Bhavani, Arasalar, Papanasini, Kalindi, Adyar, Cooum, Vennar, Vaigai -",COOUM,28.0,32.0,0.3,4.4,,6.6  7.1,610,,2310  5.5  131.0 0.32  15.00,,,,81,340,490,2100
2023,10043,RIVER COOUM AT POONAMALLE,TAMIL NADU,"Tributary Streams - Yagachi, Hemavathi, Shimsha, Thirumanimuthar, Vasista, Amravati, Akravathi, Kabini, Lakshmantirtha, Sarabanga, Bhavani, Arasalar, Papanasini, Kalindi, Adyar, Cooum, Vennar, Vaigai -",COOUM,27.0,33.0,0.3,3.4,,6.7  7.3,1053,,2510  4.0  27.0  0.82  61.52,,,,2,330,310,1700
2023,10044,RIVER COOUM AT COLLAGE ROAD,TAMIL NADU,"Tributary Streams - Yagachi, Hemavathi, Shimsha, Thirumanimuthar, Vasista, Amravati, Akravathi, Kabini, Lakshmantirtha, Sarabanga, Bhavani, Arasalar, Papanasini, Kalindi, Adyar, Cooum, Vennar, Vaigai -",COOUM,27.0,33.0,0.3,3.2,,6.8  7.2,495,,2460  5.6  46.0  0.32  23.00,,,,45,380,600,2000
2023,10045,RIVER COOUM NEAR CENTRAL JAIL,TAMIL NADU,"Tributary Streams - Yagachi, Hemavathi, Shimsha, Thirumanimuthar, Vasista, Amravati, Akravathi, Kabini, Lakshmantirtha, Sarabanga, Bhavani, Arasalar, Papanasini, Kalindi, Adyar, Cooum, Vennar, Vaigai -",COOUM,27.0,33.0,0.3,1.0,,6.6  7.0,1217,,3240  13.0  36.0  1.10  13.43,,,,45,780,460,3300
2023,10046,RIVER COOUM AT NAPIER BRIDGE,TAMIL NADU,"Tributary Streams - Yagachi, Hemavathi, Shimsha, Thirumanimuthar, Vasista, Amravati, Akravathi, Kabini, Lakshmantirtha, Sarabanga, Bhavani, Arasalar, Papanasini, Kalindi, Adyar, Cooum, Vennar, Vaigai -",COOUM,28.0,33.0,0.3,2.5,,6.7  7.1,797,,36200  8.1  52.0  0.32  14.49,,,,2,470,370,2500
2023,10059,RIVER VAIGAI AT MADURAI U/S,TAMIL NADU,"Tributary Streams - Yagachi, Hemavathi, Shimsha, Thirumanimuthar, Vasista, Amravati, Akravathi, Kabini, Lakshmantirtha, Sarabanga, Bhavani, Arasalar, Papanasini, Kalindi, Adyar, Cooum, Vennar, Vaigai -",VAIGAI,26.0,29.0,5.3,6.8,,7.3  7.7,305,655,1.0,3.0,0.32,0.71,2,17,11,49
2023,10060,RIVER VAIGAI AT MADURAI D/S,TAMIL NADU,"Tributary Streams - Yagachi, Hemavathi, Shimsha, Thirumanimuthar, Vasista, Amravati, Akravathi, Kabini, Lakshmantirtha, Sarabanga, Bhavani, Arasalar, Papanasini, Kalindi, Adyar, Cooum, Vennar, Vaigai -",VAIGAI,25.0,29.0,5.4,6.6,,7.2  7.8,438,,1721  1.0,6.0,0.32,1.41,17,24,26,49
2023,10057,RIVER VENNAR AT THANJAVUR U/S,TAMIL NADU,"Tributary Streams - Yagachi, Hemavathi, Shimsha, Thirumanimuthar, Vasista, Amravati, Akravathi, Kabini, Lakshmantirtha, Sarabanga, Bhavani, Arasalar, Papanasini, Kalindi, Adyar, Cooum, Vennar, Vaigai -",VENNAR,24.0,32.0,5.6,7.8,,7.5  8.7,395,,1042  1.0,2.8,0.39,2.36,2,18,4,39
2023,10058,RIVER VENNAR AT THANJAVUR D/S,TAMIL NADU,"Tributary Streams - Yagachi, Hemavathi, Shimsha, Thirumanimuthar, Vasista, Amravati, Akravathi, Kabini, Lakshmantirtha, Sarabanga, Bhavani, Arasalar, Papanasini, Kalindi, Adyar, Cooum, Vennar, Vaigai -",VENNAR,23.0,32.0,5.3,7.9,,7.3  9.0,404,,1036  1.0,3.0,0.32,1.15,2,18,2,230
2023,5578,"RIVER SHIMSHA DOWNSTREAM OF MADDUR NEAR VYDYANATHESWARA TEMPLE ROAD BRIDGE,MAYDYA",KARNATAKA,"Tributary Streams - Yagachi, Hemavathi, Shimsha, Thirumanimuthar, Vasista, Amravati, Akravathi, Kabini, Lakshmantirtha, Sarabanga, Bhavani, Arasalar, Papanasini, Kalindi, Adyar, Cooum, Vennar, Vaigai -",SHIMSHA DOWNSTREAM OF MADDUR,24.0,29.0,5.2,6.1,,7.8  8.2,637,734,3.5,6.0,2.90,5.10,340,780,2400,5800
2023,4501,"RIVER ARKAVATHI AT MANCHANBELE RESERVOIR, MANCHANABALE DAM",KARNATAKA,"Tributary Streams - Yagachi, Hemavathi, Shimsha, Thirumanimuthar, Vasista, Amravati, Akravathi, Kabini, Lakshmantirtha, Sarabanga, Bhavani, Arasalar, Papanasini, Kalindi, Adyar, Cooum, Vennar, Vaigai -",ARKAVATHI,25.0,35.0,2.5,6.1,,6.9  7.5,582,,1072  4.0,8.0,,2.00  19.00,23,7900,540,160000
2023,1208,"RIVER BHAVANI AT ELACHIVAZHY, PALAKKAD",KERALA,"Tributary Streams - Yagachi, Hemavathi, Shimsha, Thirumanimuthar, Vasista, Amravati, Akravathi, Kabini, Lakshmantirtha, Sarabanga, Bhavani, Arasalar, Papanasini, Kalindi, Adyar, Cooum, Vennar, Vaigai -",BHAVANI,23.0,30.0,7.1,8.3,,7.6  8.1,80,240,1.0,2.4,0.30,0.46,2,400,100,800
2023,5228,"RIVER KABANI AT MUTHANGA,WAYANAD",KERALA,"Tributary Streams - Yagachi, Hemavathi, Shimsha, Thirumanimuthar, Vasista, Amravati, Akravathi, Kabini, Lakshmantirtha, Sarabanga, Bhavani, Arasalar, Papanasini, Kalindi, Adyar, Cooum, Vennar, Vaigai -",KABANI,20.0,28.0,6.2,7.4,,6.5  7.2,98,151,1.0,2.0,0.30,0.30,8,63,26,170
2023,5229,"RIVER KABANI AT BANASURA SAGAR DAM AT KALPETTA,WAYANAD",KERALA,"Tributary Streams - Yagachi, Hemavathi, Shimsha, Thirumanimuthar, Vasista, Amravati, Akravathi, Kabini, Lakshmantirtha, Sarabanga, Bhavani, Arasalar, Papanasini, Kalindi, Adyar, Cooum, Vennar, Vaigai -",KABANI,23.0,33.0,5.6,8.1,,6.5  7.5,23,37,1.0,1.6,0.30,0.30,2,79,4,140
2023,5227,"RIVER KALINDI AT BAVALI, WAYANAD",KERALA,"Tributary Streams - Yagachi, Hemavathi, Shimsha, Thirumanimuthar, Vasista, Amravati, Akravathi, Kabini, Lakshmantirtha, Sarabanga, Bhavani, Arasalar, Papanasini, Kalindi, Adyar, Cooum, Vennar, Vaigai -",KALINDI,22.0,31.0,6.2,8.0,,6.5  7.3,68,201,1.0,1.8,0.30,0.30,8,70,31,120
2023,5226,"RIVER PAPANASINI AT THIRUNELLY, WAYANAD",KERALA,Subarnrekha,PAPANASINI,22.0,32.0,6.6,8.3,,6.5  7.2,41,111,1.0,1.5,0.30,0.30,4,130,12,210
2023,30053,RIVER THENPENNAIYAR AT CHOKKARASANAHALLI BRIDGE (BANGALORE),KARNATAKA,Subarnrekha,THENPENNAIYAR,24.0,26.0,0.3,0.3,,7.3  7.9,1192,,1474  8.0  89.0  0.00  66.10  130000  7000000  540000  92000000,,,,,,,
2023,1641,RIVER SUBARNAREKHA AT RAJGHAT (THENGUDIA),ODISHA,Subarnrekha,SUBARNAREKHA,22.0,30.0,6.0,9.6,,6.8  8.4,180,407,1.1,1.8,0.32,0.92,130,2300,700,4900
2023,2385,RIVER SUBARNAREKHA AT NAMKUM ROAD BRIDGE,JHARKHAND,Subarnrekha,SUBARNAREKHA,11.0,25.0,4.6,6.7,,6.5  6.8,,,2.0,3.4,0.00,0.00,,,,
2023,2386,RIVER SUBARNAREKHA AT MURI ROAD BRIDGE,JHARKHAND,Subarnrekha,SUBARNAREKHA,15.0,25.0,6.7,7.8,,6.5  7.6,,,1.4,3.0,0.00,0.00,,,,
2023,2387,RIVER SUBARNAREKHA AT GHATISLA ROAD BRIDGE,JHARKHAND,Subarnrekha,SUBARNAREKHA,15.0,37.0,6.5,8.8,,7.3  8.6,192,424,,1.0  294.0 0.00,,0.00,,,,
2023,2395,RIVER SUBARNAREKHA AT HATIA DAM,JHARKHAND,Subarnrekha,SUBARNAREKHA,10.0,22.4,6.9,7.9,,6.5  7.4,,,1.0,2.5,0.00,0.00,,,,
2023,2397,RIVER SUBARNAREKHA AT GATALSUD DAM,JHARKHAND,Subarnrekha,SUBARNAREKHA,9.0,24.0,6.6,7.9,,7.4  7.8,,,1.9,2.8,0.00,0.00,,,,
2023,2399,RIVER SUBARNAREKHA AT CHANDIL DAM,JHARKHAND,Subarnrekha,SUBARNAREKHA,18.4,32.0,7.1,9.4,,7.0  7.6,222,343,1.0,2.4,0.00,0.00,,,,
2023,4743,"RIVER SUBARNAREKHA U/S HCL GHATSHILA, E.S",JHARKHAND,Subarnrekha,SUBARNAREKHA,15.5,37.0,6.6,8.6,,7.0  8.1,198,309,1.2,2.8,0.00,0.00,,,,
2023,4744,RIVER SUBARNAREKHA BEFORE MEETING KHARKAI RIVER,JHARKHAND,Subarnrekha,,15.1,36.0,6.6,8.8,,7.0  7.8,228,349,1.3,3.3,0.00,0.00,,,,
2023,4746,RIVER SUBARNAREKHA AFTER CONFLUENCE OF KHARKAI RIVER,JHARKHAND,Subarnrekha,,16.5,36.0,6.5,8.4,,6.9  8.3,214,462,1.3,4.1,0.00,0.00,,,,
2023,4748,"RIVER SUBARNAREKHA AT BAHARAGORA ROAD BRIDGE, P.O- BAHARAGORA, E.S",JHARKHAND,Subarnrekha,SUBARNAREKHA,19.5,31.0,7.2,9.6,,7.3  8.3,216,466,1.0,2.4,0.00,0.00,,,,
2023,4749,"RIVER SUBARNAREKHA, NEAR RING ROAD BRIDGE SEMBO, NAGRI, RANCHI",JHARKHAND,Subarnrekha,,10.0,25.0,5.2,7.8,,6.5  7.5,,,2.0,2.9,0.00,0.00,,,,
2023,4084,"RIVER SURBARNREKHA AT HATIA ROAD BRIDGE, RANCHI",JHARKHAND,Subarnrekha,SURBARNREKHA,10.0,22.0,2.8,3.6,,6.5  6.6,,,2.0,3.6,0.00,0.00,,,,
2023,4750,RIVER SUBARNAREKHA NEAR INTAKE WELL HATIA RAILWAY,JHARKHAND,Subarnrekha,SUBARNAREKHA,11.0,26.0,3.3,4.3,,6.5  6.7,,,2.0,2.8,0.00,0.00,,,,
2023,4752,"RIVER SUBARNAREKHA NEAR OBERIA ROAD BRIDGE, HATIA RANCH",JHARKHAND,Subarnrekha,SUBARNAREKHA,11.0,24.6,3.2,6.5,,3.1  6.7,,,2.1,2.9,0.00,0.00,,,,
2023,30067,RIVER SUBARNAREKHA AT BEHRAGORA ODISHA-JHARKHAND,JHARKHAND,Subarnrekha,SUBARNAREKHA,28.0,36.0,,7.0  11.5  7.0  9.5,,,157,415,1.0,2.0,0.32,0.36,170,220000,1100,14000000
2023,30068,RIVER SUBARNAREKHA AT GOPIBALLAVPUR (WEST BENGAL),WEST BENGAL,Subarnrekha,SUBARNAREKHA,25.0,35.0,,6.8  12.5  7.0  8.2,,,153,393,1.0,1.0,0.32,0.37,110,2200000,1400,35000000
2023,30069,RIVER SUBARNAREKHA AT LAKHANNATH (ORISSA),ODISHA,Subarnrekha,SUBARNAREKHA,24.0,31.0,7.2,9.2,,7.0  8.5,152,334,1.0,1.0,0.32,0.32,170,1100000,1700,28000000
2023,4086,"RIVER SUBARNAREKHA U/S HINDALCO IND LTD, MURLI WORKS, CHHOTAMURI, RANCHI",JHARKHAND,Subarnrekha,SUBARNAREKHA,15.0,27.0,7.4,7.9,,6.7  7.4,,,2.0,2.8,0.00,0.00,,,,
2023,4756,"RIVER SUBARNAREKHA AT RUCCA DAM, RUCCA, RANCHI",JHARKHAND,Subarnrekha,SUBARNAREKHA,8.6,23.0,7.6,8.0,,7.2  7.3,,,1.7,3.1,0.00,0.00,,,,
2023,2423,RIVER BUDHABALANGA AT D/S OF BARIPADA TOWN,ODISHA,Subarnrekha,BUDHABALANGA,20.0,30.0,5.2,9.2,,7.2  8.4,146,326,1.3,2.2,0.00,0.87,780,4900,2800,17000
2023,3943,RIVER BUDHABALANGA AT BALASORE U/S,ODISHA,Subarnrekha,BUDHABALANGA,21.0,30.0,5.6,9.6,,6.9  8.5,125,383,1.1,2.4,0.32,0.86,230,2300,1300,4900
2023,3942,"RIVER SONO AT KANAKDURGA ROAD NEAR REMUNA, HATOGOND",ODISHA,Subarnrekha,SONO,20.0,30.0,3.2,9.6,,6.9  8.5,120,433,1.1,1.8,0.32,0.93,78,13000,490,35000
2023,2115,RIVER TAPTI AT NEPA NAGAR 100 METRE D/S AFTER MIXING PANDHAR NALLA,MADHYA PRADESH,Subarnrekha,TAPTI,20.0,22.0,6.6,7.7,,7.7  8.6,202,572,1.0,1.8,0.57,1.42,2,2,37,63
2023,4753,"RIVER HARMU NEAR HARMU BRIDGE, HARMU, RANCHI",JHARKHAND,Subarnrekha,HARMU,11.0,24.0,2.9,3.6,,6.5  6.6,,,,2.5  11.7  0.00,,0.00,,,,
2023,4754,RIVER HARMU BEFORE METTING TO SWARNREKHA RIVER,JHARKHAND,Subarnrekha,METTING,11.4,25.0,3.1,4.8,,6.5  6.7,,,,4.5  11.1  0.00,,0.00,,,,
